dataset	dataset_display	collector_dataset_identity	dataset_sub_sampling	model	model_display	stratification	stratification_hash	stratification_display	completed_case_count	expected_effective_case_count	coverage_fraction	coverage_status	metric	metric_display	value	aggregation
15723074	15723074	dataset_name-15723074_dataset-revision-67990f383ac8f169c9a00148febba1ed357e18e8_name-data_import.data_raw_potential-batches-1_seed-42	not_applicable	cyanno	CyAnno	unfiltered	.e924e671977a35b401c5c23aaf1308ed57ddaf256c55741b97fd498c2a244b62	Unfiltered	5	5	1	complete	completion_coverage	Completion coverage	1	accepted effective cases / requested effective cases, including not_run
BodenmillerXL	BodenmillerXL	dataset_name-BodenmillerXL_dataset-revision-67990f383ac8f169c9a00148febba1ed357e18e8_name-data_import.data_raw_potential-batches-1_seed-42_transformation-cofactor-5	not_applicable	cyanno	CyAnno	unfiltered	.e924e671977a35b401c5c23aaf1308ed57ddaf256c55741b97fd498c2a244b62	Unfiltered	5	5	1	complete	completion_coverage	Completion coverage	1	accepted effective cases / requested effective cases, including not_run
FR-FCM-Z238	FR-FCM-Z238	dataset_name-FR-FCM-Z238_dataset-revision-67990f383ac8f169c9a00148febba1ed357e18e8_name-data_import.data_raw_potential-batches-1_seed-42_transformation-cofactor-5	not_applicable	cyanno	CyAnno	unfiltered	.e924e671977a35b401c5c23aaf1308ed57ddaf256c55741b97fd498c2a244b62	Unfiltered	5	5	1	complete	completion_coverage	Completion coverage	1	accepted effective cases / requested effective cases, including not_run
FR-FCM-Z2KP-covid	FR-FCM-Z2KP-covid	dataset_name-FR-FCM-Z2KP-covid_dataset-revision-67990f383ac8f169c9a00148febba1ed357e18e8_name-data_import.data_raw_potential-batches-1_seed-42_transformation-cofactor-150	not_applicable	cyanno	CyAnno	unfiltered	.e924e671977a35b401c5c23aaf1308ed57ddaf256c55741b97fd498c2a244b62	Unfiltered	5	5	1	complete	completion_coverage	Completion coverage	1	accepted effective cases / requested effective cases, including not_run
FR-FCM-Z2KP-healthy	FR-FCM-Z2KP-healthy (n=1k)	dataset_name-FR-FCM-Z2KP-healthy_dataset-revision-67990f383ac8f169c9a00148febba1ed357e18e8_name-data_import.data_raw_potential-batches-1_seed-420_sub-sampling-1000_transformation-cofactor-150	1000	cyanno	CyAnno	unfiltered	.e924e671977a35b401c5c23aaf1308ed57ddaf256c55741b97fd498c2a244b62	Unfiltered	5	5	1	complete	completion_coverage	Completion coverage	1	accepted effective cases / requested effective cases, including not_run
FR-FCM-Z2KP-healthy	FR-FCM-Z2KP-healthy (n=5k)	dataset_name-FR-FCM-Z2KP-healthy_dataset-revision-67990f383ac8f169c9a00148febba1ed357e18e8_name-data_import.data_raw_potential-batches-1_seed-420_sub-sampling-5000_transformation-cofactor-150	5000	cyanno	CyAnno	unfiltered	.e924e671977a35b401c5c23aaf1308ed57ddaf256c55741b97fd498c2a244b62	Unfiltered	5	5	1	complete	completion_coverage	Completion coverage	1	accepted effective cases / requested effective cases, including not_run
FR-FCM-Z2KP-healthy	FR-FCM-Z2KP-healthy (n=10k)	dataset_name-FR-FCM-Z2KP-healthy_dataset-revision-67990f383ac8f169c9a00148febba1ed357e18e8_name-data_import.data_raw_potential-batches-1_seed-420_sub-sampling-10000_transformation-cofactor-150	10000	cyanno	CyAnno	unfiltered	.e924e671977a35b401c5c23aaf1308ed57ddaf256c55741b97fd498c2a244b62	Unfiltered	5	5	1	complete	completion_coverage	Completion coverage	1	accepted effective cases / requested effective cases, including not_run
FR-FCM-Z2KP-healthy	FR-FCM-Z2KP-healthy (n=50k)	dataset_name-FR-FCM-Z2KP-healthy_dataset-revision-67990f383ac8f169c9a00148febba1ed357e18e8_name-data_import.data_raw_potential-batches-1_seed-420_sub-sampling-50000_transformation-cofactor-150	50000	cyanno	CyAnno	unfiltered	.e924e671977a35b401c5c23aaf1308ed57ddaf256c55741b97fd498c2a244b62	Unfiltered	5	5	1	complete	completion_coverage	Completion coverage	1	accepted effective cases / requested effective cases, including not_run
FR-FCM-Z2KP-healthy	FR-FCM-Z2KP-healthy (n=100k)	dataset_name-FR-FCM-Z2KP-healthy_dataset-revision-67990f383ac8f169c9a00148febba1ed357e18e8_name-data_import.data_raw_potential-batches-1_seed-420_sub-sampling-100000_transformation-cofactor-150	1e+05	cyanno	CyAnno	unfiltered	.e924e671977a35b401c5c23aaf1308ed57ddaf256c55741b97fd498c2a244b62	Unfiltered	5	5	1	complete	completion_coverage	Completion coverage	1	accepted effective cases / requested effective cases, including not_run
FR-FCM-Z2KP-healthy	FR-FCM-Z2KP-healthy	dataset_name-FR-FCM-Z2KP-healthy_dataset-revision-67990f383ac8f169c9a00148febba1ed357e18e8_name-data_import.data_raw_potential-batches-1_seed-42_transformation-cofactor-150	not_applicable	cyanno	CyAnno	unfiltered	.e924e671977a35b401c5c23aaf1308ed57ddaf256c55741b97fd498c2a244b62	Unfiltered	5	5	1	complete	completion_coverage	Completion coverage	1	accepted effective cases / requested effective cases, including not_run
FR-FCM-Z3YR	FR-FCM-Z3YR	dataset_name-FR-FCM-Z3YR_dataset-revision-67990f383ac8f169c9a00148febba1ed357e18e8_name-data_import.data_raw_potential-batches-1_seed-42_transformation-cofactor-5	not_applicable	cyanno	CyAnno	unfiltered	.e924e671977a35b401c5c23aaf1308ed57ddaf256c55741b97fd498c2a244b62	Unfiltered	5	5	1	complete	completion_coverage	Completion coverage	1	accepted effective cases / requested effective cases, including not_run
FR-FCM-ZY34	FR-FCM-ZY34	dataset_name-FR-FCM-ZY34_dataset-revision-67990f383ac8f169c9a00148febba1ed357e18e8_name-data_import.data_raw_potential-batches-1_seed-42_transformation-cofactor-150	not_applicable	cyanno	CyAnno	unfiltered	.e924e671977a35b401c5c23aaf1308ed57ddaf256c55741b97fd498c2a244b62	Unfiltered	5	5	1	complete	completion_coverage	Completion coverage	1	accepted effective cases / requested effective cases, including not_run
FR-FCM-ZYVT	FR-FCM-ZYVT	dataset_name-FR-FCM-ZYVT_dataset-revision-67990f383ac8f169c9a00148febba1ed357e18e8_name-data_import.data_raw_potential-batches-1_seed-42_transformation-cofactor-150	not_applicable	cyanno	CyAnno	unfiltered	.e924e671977a35b401c5c23aaf1308ed57ddaf256c55741b97fd498c2a244b62	Unfiltered	5	5	1	complete	completion_coverage	Completion coverage	1	accepted effective cases / requested effective cases, including not_run
FlowCyt	FlowCyt	dataset_name-FlowCyt_dataset-revision-67990f383ac8f169c9a00148febba1ed357e18e8_name-data_import.data_raw_potential-batches-1_seed-42_transformation-cofactor-150	not_applicable	cyanno	CyAnno	unfiltered	.e924e671977a35b401c5c23aaf1308ed57ddaf256c55741b97fd498c2a244b62	Unfiltered	5	5	1	complete	completion_coverage	Completion coverage	1	accepted effective cases / requested effective cases, including not_run
Levine	Levine	dataset_name-Levine_dataset-revision-67990f383ac8f169c9a00148febba1ed357e18e8_name-data_import.data_raw_potential-batches-1_seed-42_transformation-cofactor-5	not_applicable	cyanno	CyAnno	unfiltered	.e924e671977a35b401c5c23aaf1308ed57ddaf256c55741b97fd498c2a244b62	Unfiltered	2	2	1	complete	completion_coverage	Completion coverage	1	accepted effective cases / requested effective cases, including not_run
Samusik	Samusik	dataset_name-Samusik_dataset-revision-67990f383ac8f169c9a00148febba1ed357e18e8_name-data_import.data_raw_potential-batches-1_seed-42_transformation-cofactor-5	not_applicable	cyanno	CyAnno	unfiltered	.e924e671977a35b401c5c23aaf1308ed57ddaf256c55741b97fd498c2a244b62	Unfiltered	5	5	1	complete	completion_coverage	Completion coverage	1	accepted effective cases / requested effective cases, including not_run
15723074	15723074	dataset_name-15723074_dataset-revision-67990f383ac8f169c9a00148febba1ed357e18e8_name-data_import.data_raw_potential-batches-1_seed-42	not_applicable	cygate	CyGATE	unfiltered	.e924e671977a35b401c5c23aaf1308ed57ddaf256c55741b97fd498c2a244b62	Unfiltered	5	5	1	complete	completion_coverage	Completion coverage	1	accepted effective cases / requested effective cases, including not_run
BodenmillerXL	BodenmillerXL	dataset_name-BodenmillerXL_dataset-revision-67990f383ac8f169c9a00148febba1ed357e18e8_name-data_import.data_raw_potential-batches-1_seed-42_transformation-cofactor-5	not_applicable	cygate	CyGATE	unfiltered	.e924e671977a35b401c5c23aaf1308ed57ddaf256c55741b97fd498c2a244b62	Unfiltered	5	5	1	complete	completion_coverage	Completion coverage	1	accepted effective cases / requested effective cases, including not_run
FR-FCM-Z238	FR-FCM-Z238	dataset_name-FR-FCM-Z238_dataset-revision-67990f383ac8f169c9a00148febba1ed357e18e8_name-data_import.data_raw_potential-batches-1_seed-42_transformation-cofactor-5	not_applicable	cygate	CyGATE	unfiltered	.e924e671977a35b401c5c23aaf1308ed57ddaf256c55741b97fd498c2a244b62	Unfiltered	5	5	1	complete	completion_coverage	Completion coverage	1	accepted effective cases / requested effective cases, including not_run
FR-FCM-Z2KP-covid	FR-FCM-Z2KP-covid	dataset_name-FR-FCM-Z2KP-covid_dataset-revision-67990f383ac8f169c9a00148febba1ed357e18e8_name-data_import.data_raw_potential-batches-1_seed-42_transformation-cofactor-150	not_applicable	cygate	CyGATE	unfiltered	.e924e671977a35b401c5c23aaf1308ed57ddaf256c55741b97fd498c2a244b62	Unfiltered	5	5	1	complete	completion_coverage	Completion coverage	1	accepted effective cases / requested effective cases, including not_run
FR-FCM-Z2KP-healthy	FR-FCM-Z2KP-healthy (n=1k)	dataset_name-FR-FCM-Z2KP-healthy_dataset-revision-67990f383ac8f169c9a00148febba1ed357e18e8_name-data_import.data_raw_potential-batches-1_seed-420_sub-sampling-1000_transformation-cofactor-150	1000	cygate	CyGATE	unfiltered	.e924e671977a35b401c5c23aaf1308ed57ddaf256c55741b97fd498c2a244b62	Unfiltered	5	5	1	complete	completion_coverage	Completion coverage	1	accepted effective cases / requested effective cases, including not_run
FR-FCM-Z2KP-healthy	FR-FCM-Z2KP-healthy (n=5k)	dataset_name-FR-FCM-Z2KP-healthy_dataset-revision-67990f383ac8f169c9a00148febba1ed357e18e8_name-data_import.data_raw_potential-batches-1_seed-420_sub-sampling-5000_transformation-cofactor-150	5000	cygate	CyGATE	unfiltered	.e924e671977a35b401c5c23aaf1308ed57ddaf256c55741b97fd498c2a244b62	Unfiltered	5	5	1	complete	completion_coverage	Completion coverage	1	accepted effective cases / requested effective cases, including not_run
FR-FCM-Z2KP-healthy	FR-FCM-Z2KP-healthy (n=10k)	dataset_name-FR-FCM-Z2KP-healthy_dataset-revision-67990f383ac8f169c9a00148febba1ed357e18e8_name-data_import.data_raw_potential-batches-1_seed-420_sub-sampling-10000_transformation-cofactor-150	10000	cygate	CyGATE	unfiltered	.e924e671977a35b401c5c23aaf1308ed57ddaf256c55741b97fd498c2a244b62	Unfiltered	5	5	1	complete	completion_coverage	Completion coverage	1	accepted effective cases / requested effective cases, including not_run
FR-FCM-Z2KP-healthy	FR-FCM-Z2KP-healthy (n=50k)	dataset_name-FR-FCM-Z2KP-healthy_dataset-revision-67990f383ac8f169c9a00148febba1ed357e18e8_name-data_import.data_raw_potential-batches-1_seed-420_sub-sampling-50000_transformation-cofactor-150	50000	cygate	CyGATE	unfiltered	.e924e671977a35b401c5c23aaf1308ed57ddaf256c55741b97fd498c2a244b62	Unfiltered	5	5	1	complete	completion_coverage	Completion coverage	1	accepted effective cases / requested effective cases, including not_run
FR-FCM-Z2KP-healthy	FR-FCM-Z2KP-healthy (n=100k)	dataset_name-FR-FCM-Z2KP-healthy_dataset-revision-67990f383ac8f169c9a00148febba1ed357e18e8_name-data_import.data_raw_potential-batches-1_seed-420_sub-sampling-100000_transformation-cofactor-150	1e+05	cygate	CyGATE	unfiltered	.e924e671977a35b401c5c23aaf1308ed57ddaf256c55741b97fd498c2a244b62	Unfiltered	5	5	1	complete	completion_coverage	Completion coverage	1	accepted effective cases / requested effective cases, including not_run
FR-FCM-Z2KP-healthy	FR-FCM-Z2KP-healthy	dataset_name-FR-FCM-Z2KP-healthy_dataset-revision-67990f383ac8f169c9a00148febba1ed357e18e8_name-data_import.data_raw_potential-batches-1_seed-42_transformation-cofactor-150	not_applicable	cygate	CyGATE	unfiltered	.e924e671977a35b401c5c23aaf1308ed57ddaf256c55741b97fd498c2a244b62	Unfiltered	5	5	1	complete	completion_coverage	Completion coverage	1	accepted effective cases / requested effective cases, including not_run
FR-FCM-Z3YR	FR-FCM-Z3YR	dataset_name-FR-FCM-Z3YR_dataset-revision-67990f383ac8f169c9a00148febba1ed357e18e8_name-data_import.data_raw_potential-batches-1_seed-42_transformation-cofactor-5	not_applicable	cygate	CyGATE	unfiltered	.e924e671977a35b401c5c23aaf1308ed57ddaf256c55741b97fd498c2a244b62	Unfiltered	5	5	1	complete	completion_coverage	Completion coverage	1	accepted effective cases / requested effective cases, including not_run
FR-FCM-ZY34	FR-FCM-ZY34	dataset_name-FR-FCM-ZY34_dataset-revision-67990f383ac8f169c9a00148febba1ed357e18e8_name-data_import.data_raw_potential-batches-1_seed-42_transformation-cofactor-150	not_applicable	cygate	CyGATE	unfiltered	.e924e671977a35b401c5c23aaf1308ed57ddaf256c55741b97fd498c2a244b62	Unfiltered	5	5	1	complete	completion_coverage	Completion coverage	1	accepted effective cases / requested effective cases, including not_run
FR-FCM-ZYVT	FR-FCM-ZYVT	dataset_name-FR-FCM-ZYVT_dataset-revision-67990f383ac8f169c9a00148febba1ed357e18e8_name-data_import.data_raw_potential-batches-1_seed-42_transformation-cofactor-150	not_applicable	cygate	CyGATE	unfiltered	.e924e671977a35b401c5c23aaf1308ed57ddaf256c55741b97fd498c2a244b62	Unfiltered	5	5	1	complete	completion_coverage	Completion coverage	1	accepted effective cases / requested effective cases, including not_run
FlowCyt	FlowCyt	dataset_name-FlowCyt_dataset-revision-67990f383ac8f169c9a00148febba1ed357e18e8_name-data_import.data_raw_potential-batches-1_seed-42_transformation-cofactor-150	not_applicable	cygate	CyGATE	unfiltered	.e924e671977a35b401c5c23aaf1308ed57ddaf256c55741b97fd498c2a244b62	Unfiltered	5	5	1	complete	completion_coverage	Completion coverage	1	accepted effective cases / requested effective cases, including not_run
Levine	Levine	dataset_name-Levine_dataset-revision-67990f383ac8f169c9a00148febba1ed357e18e8_name-data_import.data_raw_potential-batches-1_seed-42_transformation-cofactor-5	not_applicable	cygate	CyGATE	unfiltered	.e924e671977a35b401c5c23aaf1308ed57ddaf256c55741b97fd498c2a244b62	Unfiltered	2	2	1	complete	completion_coverage	Completion coverage	1	accepted effective cases / requested effective cases, including not_run
Samusik	Samusik	dataset_name-Samusik_dataset-revision-67990f383ac8f169c9a00148febba1ed357e18e8_name-data_import.data_raw_potential-batches-1_seed-42_transformation-cofactor-5	not_applicable	cygate	CyGATE	unfiltered	.e924e671977a35b401c5c23aaf1308ed57ddaf256c55741b97fd498c2a244b62	Unfiltered	5	5	1	complete	completion_coverage	Completion coverage	1	accepted effective cases / requested effective cases, including not_run
15723074	15723074	dataset_name-15723074_dataset-revision-67990f383ac8f169c9a00148febba1ed357e18e8_name-data_import.data_raw_potential-batches-1_seed-42	not_applicable	dgcytof	DGCyTOF	unfiltered	.e924e671977a35b401c5c23aaf1308ed57ddaf256c55741b97fd498c2a244b62	Unfiltered	5	5	1	complete	completion_coverage	Completion coverage	1	accepted effective cases / requested effective cases, including not_run
BodenmillerXL	BodenmillerXL	dataset_name-BodenmillerXL_dataset-revision-67990f383ac8f169c9a00148febba1ed357e18e8_name-data_import.data_raw_potential-batches-1_seed-42_transformation-cofactor-5	not_applicable	dgcytof	DGCyTOF	unfiltered	.e924e671977a35b401c5c23aaf1308ed57ddaf256c55741b97fd498c2a244b62	Unfiltered	5	5	1	complete	completion_coverage	Completion coverage	1	accepted effective cases / requested effective cases, including not_run
FR-FCM-Z238	FR-FCM-Z238	dataset_name-FR-FCM-Z238_dataset-revision-67990f383ac8f169c9a00148febba1ed357e18e8_name-data_import.data_raw_potential-batches-1_seed-42_transformation-cofactor-5	not_applicable	dgcytof	DGCyTOF	unfiltered	.e924e671977a35b401c5c23aaf1308ed57ddaf256c55741b97fd498c2a244b62	Unfiltered	5	5	1	complete	completion_coverage	Completion coverage	1	accepted effective cases / requested effective cases, including not_run
FR-FCM-Z2KP-covid	FR-FCM-Z2KP-covid	dataset_name-FR-FCM-Z2KP-covid_dataset-revision-67990f383ac8f169c9a00148febba1ed357e18e8_name-data_import.data_raw_potential-batches-1_seed-42_transformation-cofactor-150	not_applicable	dgcytof	DGCyTOF	unfiltered	.e924e671977a35b401c5c23aaf1308ed57ddaf256c55741b97fd498c2a244b62	Unfiltered	5	5	1	complete	completion_coverage	Completion coverage	1	accepted effective cases / requested effective cases, including not_run
FR-FCM-Z2KP-healthy	FR-FCM-Z2KP-healthy (n=1k)	dataset_name-FR-FCM-Z2KP-healthy_dataset-revision-67990f383ac8f169c9a00148febba1ed357e18e8_name-data_import.data_raw_potential-batches-1_seed-420_sub-sampling-1000_transformation-cofactor-150	1000	dgcytof	DGCyTOF	unfiltered	.e924e671977a35b401c5c23aaf1308ed57ddaf256c55741b97fd498c2a244b62	Unfiltered	5	5	1	complete	completion_coverage	Completion coverage	1	accepted effective cases / requested effective cases, including not_run
FR-FCM-Z2KP-healthy	FR-FCM-Z2KP-healthy (n=5k)	dataset_name-FR-FCM-Z2KP-healthy_dataset-revision-67990f383ac8f169c9a00148febba1ed357e18e8_name-data_import.data_raw_potential-batches-1_seed-420_sub-sampling-5000_transformation-cofactor-150	5000	dgcytof	DGCyTOF	unfiltered	.e924e671977a35b401c5c23aaf1308ed57ddaf256c55741b97fd498c2a244b62	Unfiltered	5	5	1	complete	completion_coverage	Completion coverage	1	accepted effective cases / requested effective cases, including not_run
FR-FCM-Z2KP-healthy	FR-FCM-Z2KP-healthy (n=10k)	dataset_name-FR-FCM-Z2KP-healthy_dataset-revision-67990f383ac8f169c9a00148febba1ed357e18e8_name-data_import.data_raw_potential-batches-1_seed-420_sub-sampling-10000_transformation-cofactor-150	10000	dgcytof	DGCyTOF	unfiltered	.e924e671977a35b401c5c23aaf1308ed57ddaf256c55741b97fd498c2a244b62	Unfiltered	5	5	1	complete	completion_coverage	Completion coverage	1	accepted effective cases / requested effective cases, including not_run
FR-FCM-Z2KP-healthy	FR-FCM-Z2KP-healthy (n=50k)	dataset_name-FR-FCM-Z2KP-healthy_dataset-revision-67990f383ac8f169c9a00148febba1ed357e18e8_name-data_import.data_raw_potential-batches-1_seed-420_sub-sampling-50000_transformation-cofactor-150	50000	dgcytof	DGCyTOF	unfiltered	.e924e671977a35b401c5c23aaf1308ed57ddaf256c55741b97fd498c2a244b62	Unfiltered	5	5	1	complete	completion_coverage	Completion coverage	1	accepted effective cases / requested effective cases, including not_run
FR-FCM-Z2KP-healthy	FR-FCM-Z2KP-healthy (n=100k)	dataset_name-FR-FCM-Z2KP-healthy_dataset-revision-67990f383ac8f169c9a00148febba1ed357e18e8_name-data_import.data_raw_potential-batches-1_seed-420_sub-sampling-100000_transformation-cofactor-150	1e+05	dgcytof	DGCyTOF	unfiltered	.e924e671977a35b401c5c23aaf1308ed57ddaf256c55741b97fd498c2a244b62	Unfiltered	5	5	1	complete	completion_coverage	Completion coverage	1	accepted effective cases / requested effective cases, including not_run
FR-FCM-Z2KP-healthy	FR-FCM-Z2KP-healthy	dataset_name-FR-FCM-Z2KP-healthy_dataset-revision-67990f383ac8f169c9a00148febba1ed357e18e8_name-data_import.data_raw_potential-batches-1_seed-42_transformation-cofactor-150	not_applicable	dgcytof	DGCyTOF	unfiltered	.e924e671977a35b401c5c23aaf1308ed57ddaf256c55741b97fd498c2a244b62	Unfiltered	5	5	1	complete	completion_coverage	Completion coverage	1	accepted effective cases / requested effective cases, including not_run
FR-FCM-Z3YR	FR-FCM-Z3YR	dataset_name-FR-FCM-Z3YR_dataset-revision-67990f383ac8f169c9a00148febba1ed357e18e8_name-data_import.data_raw_potential-batches-1_seed-42_transformation-cofactor-5	not_applicable	dgcytof	DGCyTOF	unfiltered	.e924e671977a35b401c5c23aaf1308ed57ddaf256c55741b97fd498c2a244b62	Unfiltered	5	5	1	complete	completion_coverage	Completion coverage	1	accepted effective cases / requested effective cases, including not_run
FR-FCM-ZY34	FR-FCM-ZY34	dataset_name-FR-FCM-ZY34_dataset-revision-67990f383ac8f169c9a00148febba1ed357e18e8_name-data_import.data_raw_potential-batches-1_seed-42_transformation-cofactor-150	not_applicable	dgcytof	DGCyTOF	unfiltered	.e924e671977a35b401c5c23aaf1308ed57ddaf256c55741b97fd498c2a244b62	Unfiltered	5	5	1	complete	completion_coverage	Completion coverage	1	accepted effective cases / requested effective cases, including not_run
FR-FCM-ZYVT	FR-FCM-ZYVT	dataset_name-FR-FCM-ZYVT_dataset-revision-67990f383ac8f169c9a00148febba1ed357e18e8_name-data_import.data_raw_potential-batches-1_seed-42_transformation-cofactor-150	not_applicable	dgcytof	DGCyTOF	unfiltered	.e924e671977a35b401c5c23aaf1308ed57ddaf256c55741b97fd498c2a244b62	Unfiltered	5	5	1	complete	completion_coverage	Completion coverage	1	accepted effective cases / requested effective cases, including not_run
FlowCyt	FlowCyt	dataset_name-FlowCyt_dataset-revision-67990f383ac8f169c9a00148febba1ed357e18e8_name-data_import.data_raw_potential-batches-1_seed-42_transformation-cofactor-150	not_applicable	dgcytof	DGCyTOF	unfiltered	.e924e671977a35b401c5c23aaf1308ed57ddaf256c55741b97fd498c2a244b62	Unfiltered	5	5	1	complete	completion_coverage	Completion coverage	1	accepted effective cases / requested effective cases, including not_run
Levine	Levine	dataset_name-Levine_dataset-revision-67990f383ac8f169c9a00148febba1ed357e18e8_name-data_import.data_raw_potential-batches-1_seed-42_transformation-cofactor-5	not_applicable	dgcytof	DGCyTOF	unfiltered	.e924e671977a35b401c5c23aaf1308ed57ddaf256c55741b97fd498c2a244b62	Unfiltered	2	2	1	complete	completion_coverage	Completion coverage	1	accepted effective cases / requested effective cases, including not_run
Samusik	Samusik	dataset_name-Samusik_dataset-revision-67990f383ac8f169c9a00148febba1ed357e18e8_name-data_import.data_raw_potential-batches-1_seed-42_transformation-cofactor-5	not_applicable	dgcytof	DGCyTOF	unfiltered	.e924e671977a35b401c5c23aaf1308ed57ddaf256c55741b97fd498c2a244b62	Unfiltered	5	5	1	complete	completion_coverage	Completion coverage	1	accepted effective cases / requested effective cases, including not_run
15723074	15723074	dataset_name-15723074_dataset-revision-67990f383ac8f169c9a00148febba1ed357e18e8_name-data_import.data_raw_potential-batches-1_seed-42	not_applicable	gatemeclass[E]	GateMeClass [E]	unfiltered	.e924e671977a35b401c5c23aaf1308ed57ddaf256c55741b97fd498c2a244b62	Unfiltered	5	5	1	complete	completion_coverage	Completion coverage	1	accepted effective cases / requested effective cases, including not_run
BodenmillerXL	BodenmillerXL	dataset_name-BodenmillerXL_dataset-revision-67990f383ac8f169c9a00148febba1ed357e18e8_name-data_import.data_raw_potential-batches-1_seed-42_transformation-cofactor-5	not_applicable	gatemeclass[E]	GateMeClass [E]	unfiltered	.e924e671977a35b401c5c23aaf1308ed57ddaf256c55741b97fd498c2a244b62	Unfiltered	5	5	1	complete	completion_coverage	Completion coverage	1	accepted effective cases / requested effective cases, including not_run
FR-FCM-Z238	FR-FCM-Z238	dataset_name-FR-FCM-Z238_dataset-revision-67990f383ac8f169c9a00148febba1ed357e18e8_name-data_import.data_raw_potential-batches-1_seed-42_transformation-cofactor-5	not_applicable	gatemeclass[E]	GateMeClass [E]	unfiltered	.e924e671977a35b401c5c23aaf1308ed57ddaf256c55741b97fd498c2a244b62	Unfiltered	0	5	0	incomplete	completion_coverage	Completion coverage	0	accepted effective cases / requested effective cases, including not_run
FR-FCM-Z2KP-covid	FR-FCM-Z2KP-covid	dataset_name-FR-FCM-Z2KP-covid_dataset-revision-67990f383ac8f169c9a00148febba1ed357e18e8_name-data_import.data_raw_potential-batches-1_seed-42_transformation-cofactor-150	not_applicable	gatemeclass[E]	GateMeClass [E]	unfiltered	.e924e671977a35b401c5c23aaf1308ed57ddaf256c55741b97fd498c2a244b62	Unfiltered	0	5	0	incomplete	completion_coverage	Completion coverage	0	accepted effective cases / requested effective cases, including not_run
FR-FCM-Z2KP-healthy	FR-FCM-Z2KP-healthy (n=1k)	dataset_name-FR-FCM-Z2KP-healthy_dataset-revision-67990f383ac8f169c9a00148febba1ed357e18e8_name-data_import.data_raw_potential-batches-1_seed-420_sub-sampling-1000_transformation-cofactor-150	1000	gatemeclass[E]	GateMeClass [E]	unfiltered	.e924e671977a35b401c5c23aaf1308ed57ddaf256c55741b97fd498c2a244b62	Unfiltered	5	5	1	complete	completion_coverage	Completion coverage	1	accepted effective cases / requested effective cases, including not_run
FR-FCM-Z2KP-healthy	FR-FCM-Z2KP-healthy (n=5k)	dataset_name-FR-FCM-Z2KP-healthy_dataset-revision-67990f383ac8f169c9a00148febba1ed357e18e8_name-data_import.data_raw_potential-batches-1_seed-420_sub-sampling-5000_transformation-cofactor-150	5000	gatemeclass[E]	GateMeClass [E]	unfiltered	.e924e671977a35b401c5c23aaf1308ed57ddaf256c55741b97fd498c2a244b62	Unfiltered	5	5	1	complete	completion_coverage	Completion coverage	1	accepted effective cases / requested effective cases, including not_run
FR-FCM-Z2KP-healthy	FR-FCM-Z2KP-healthy (n=10k)	dataset_name-FR-FCM-Z2KP-healthy_dataset-revision-67990f383ac8f169c9a00148febba1ed357e18e8_name-data_import.data_raw_potential-batches-1_seed-420_sub-sampling-10000_transformation-cofactor-150	10000	gatemeclass[E]	GateMeClass [E]	unfiltered	.e924e671977a35b401c5c23aaf1308ed57ddaf256c55741b97fd498c2a244b62	Unfiltered	5	5	1	complete	completion_coverage	Completion coverage	1	accepted effective cases / requested effective cases, including not_run
FR-FCM-Z2KP-healthy	FR-FCM-Z2KP-healthy (n=50k)	dataset_name-FR-FCM-Z2KP-healthy_dataset-revision-67990f383ac8f169c9a00148febba1ed357e18e8_name-data_import.data_raw_potential-batches-1_seed-420_sub-sampling-50000_transformation-cofactor-150	50000	gatemeclass[E]	GateMeClass [E]	unfiltered	.e924e671977a35b401c5c23aaf1308ed57ddaf256c55741b97fd498c2a244b62	Unfiltered	5	5	1	complete	completion_coverage	Completion coverage	1	accepted effective cases / requested effective cases, including not_run
FR-FCM-Z2KP-healthy	FR-FCM-Z2KP-healthy (n=100k)	dataset_name-FR-FCM-Z2KP-healthy_dataset-revision-67990f383ac8f169c9a00148febba1ed357e18e8_name-data_import.data_raw_potential-batches-1_seed-420_sub-sampling-100000_transformation-cofactor-150	1e+05	gatemeclass[E]	GateMeClass [E]	unfiltered	.e924e671977a35b401c5c23aaf1308ed57ddaf256c55741b97fd498c2a244b62	Unfiltered	5	5	1	complete	completion_coverage	Completion coverage	1	accepted effective cases / requested effective cases, including not_run
FR-FCM-Z2KP-healthy	FR-FCM-Z2KP-healthy	dataset_name-FR-FCM-Z2KP-healthy_dataset-revision-67990f383ac8f169c9a00148febba1ed357e18e8_name-data_import.data_raw_potential-batches-1_seed-42_transformation-cofactor-150	not_applicable	gatemeclass[E]	GateMeClass [E]	unfiltered	.e924e671977a35b401c5c23aaf1308ed57ddaf256c55741b97fd498c2a244b62	Unfiltered	5	5	1	complete	completion_coverage	Completion coverage	1	accepted effective cases / requested effective cases, including not_run
FR-FCM-Z3YR	FR-FCM-Z3YR	dataset_name-FR-FCM-Z3YR_dataset-revision-67990f383ac8f169c9a00148febba1ed357e18e8_name-data_import.data_raw_potential-batches-1_seed-42_transformation-cofactor-5	not_applicable	gatemeclass[E]	GateMeClass [E]	unfiltered	.e924e671977a35b401c5c23aaf1308ed57ddaf256c55741b97fd498c2a244b62	Unfiltered	0	5	0	incomplete	completion_coverage	Completion coverage	0	accepted effective cases / requested effective cases, including not_run
FR-FCM-ZY34	FR-FCM-ZY34	dataset_name-FR-FCM-ZY34_dataset-revision-67990f383ac8f169c9a00148febba1ed357e18e8_name-data_import.data_raw_potential-batches-1_seed-42_transformation-cofactor-150	not_applicable	gatemeclass[E]	GateMeClass [E]	unfiltered	.e924e671977a35b401c5c23aaf1308ed57ddaf256c55741b97fd498c2a244b62	Unfiltered	5	5	1	complete	completion_coverage	Completion coverage	1	accepted effective cases / requested effective cases, including not_run
FR-FCM-ZYVT	FR-FCM-ZYVT	dataset_name-FR-FCM-ZYVT_dataset-revision-67990f383ac8f169c9a00148febba1ed357e18e8_name-data_import.data_raw_potential-batches-1_seed-42_transformation-cofactor-150	not_applicable	gatemeclass[E]	GateMeClass [E]	unfiltered	.e924e671977a35b401c5c23aaf1308ed57ddaf256c55741b97fd498c2a244b62	Unfiltered	5	5	1	complete	completion_coverage	Completion coverage	1	accepted effective cases / requested effective cases, including not_run
FlowCyt	FlowCyt	dataset_name-FlowCyt_dataset-revision-67990f383ac8f169c9a00148febba1ed357e18e8_name-data_import.data_raw_potential-batches-1_seed-42_transformation-cofactor-150	not_applicable	gatemeclass[E]	GateMeClass [E]	unfiltered	.e924e671977a35b401c5c23aaf1308ed57ddaf256c55741b97fd498c2a244b62	Unfiltered	0	5	0	incomplete	completion_coverage	Completion coverage	0	accepted effective cases / requested effective cases, including not_run
Levine	Levine	dataset_name-Levine_dataset-revision-67990f383ac8f169c9a00148febba1ed357e18e8_name-data_import.data_raw_potential-batches-1_seed-42_transformation-cofactor-5	not_applicable	gatemeclass[E]	GateMeClass [E]	unfiltered	.e924e671977a35b401c5c23aaf1308ed57ddaf256c55741b97fd498c2a244b62	Unfiltered	2	2	1	complete	completion_coverage	Completion coverage	1	accepted effective cases / requested effective cases, including not_run
Samusik	Samusik	dataset_name-Samusik_dataset-revision-67990f383ac8f169c9a00148febba1ed357e18e8_name-data_import.data_raw_potential-batches-1_seed-42_transformation-cofactor-5	not_applicable	gatemeclass[E]	GateMeClass [E]	unfiltered	.e924e671977a35b401c5c23aaf1308ed57ddaf256c55741b97fd498c2a244b62	Unfiltered	5	5	1	complete	completion_coverage	Completion coverage	1	accepted effective cases / requested effective cases, including not_run
15723074	15723074	dataset_name-15723074_dataset-revision-67990f383ac8f169c9a00148febba1ed357e18e8_name-data_import.data_raw_potential-batches-1_seed-42	not_applicable	gatemeclass[V]	GateMeClass [V]	unfiltered	.e924e671977a35b401c5c23aaf1308ed57ddaf256c55741b97fd498c2a244b62	Unfiltered	5	5	1	complete	completion_coverage	Completion coverage	1	accepted effective cases / requested effective cases, including not_run
BodenmillerXL	BodenmillerXL	dataset_name-BodenmillerXL_dataset-revision-67990f383ac8f169c9a00148febba1ed357e18e8_name-data_import.data_raw_potential-batches-1_seed-42_transformation-cofactor-5	not_applicable	gatemeclass[V]	GateMeClass [V]	unfiltered	.e924e671977a35b401c5c23aaf1308ed57ddaf256c55741b97fd498c2a244b62	Unfiltered	5	5	1	complete	completion_coverage	Completion coverage	1	accepted effective cases / requested effective cases, including not_run
FR-FCM-Z238	FR-FCM-Z238	dataset_name-FR-FCM-Z238_dataset-revision-67990f383ac8f169c9a00148febba1ed357e18e8_name-data_import.data_raw_potential-batches-1_seed-42_transformation-cofactor-5	not_applicable	gatemeclass[V]	GateMeClass [V]	unfiltered	.e924e671977a35b401c5c23aaf1308ed57ddaf256c55741b97fd498c2a244b62	Unfiltered	0	5	0	incomplete	completion_coverage	Completion coverage	0	accepted effective cases / requested effective cases, including not_run
FR-FCM-Z2KP-covid	FR-FCM-Z2KP-covid	dataset_name-FR-FCM-Z2KP-covid_dataset-revision-67990f383ac8f169c9a00148febba1ed357e18e8_name-data_import.data_raw_potential-batches-1_seed-42_transformation-cofactor-150	not_applicable	gatemeclass[V]	GateMeClass [V]	unfiltered	.e924e671977a35b401c5c23aaf1308ed57ddaf256c55741b97fd498c2a244b62	Unfiltered	0	5	0	incomplete	completion_coverage	Completion coverage	0	accepted effective cases / requested effective cases, including not_run
FR-FCM-Z2KP-healthy	FR-FCM-Z2KP-healthy (n=1k)	dataset_name-FR-FCM-Z2KP-healthy_dataset-revision-67990f383ac8f169c9a00148febba1ed357e18e8_name-data_import.data_raw_potential-batches-1_seed-420_sub-sampling-1000_transformation-cofactor-150	1000	gatemeclass[V]	GateMeClass [V]	unfiltered	.e924e671977a35b401c5c23aaf1308ed57ddaf256c55741b97fd498c2a244b62	Unfiltered	5	5	1	complete	completion_coverage	Completion coverage	1	accepted effective cases / requested effective cases, including not_run
FR-FCM-Z2KP-healthy	FR-FCM-Z2KP-healthy (n=5k)	dataset_name-FR-FCM-Z2KP-healthy_dataset-revision-67990f383ac8f169c9a00148febba1ed357e18e8_name-data_import.data_raw_potential-batches-1_seed-420_sub-sampling-5000_transformation-cofactor-150	5000	gatemeclass[V]	GateMeClass [V]	unfiltered	.e924e671977a35b401c5c23aaf1308ed57ddaf256c55741b97fd498c2a244b62	Unfiltered	5	5	1	complete	completion_coverage	Completion coverage	1	accepted effective cases / requested effective cases, including not_run
FR-FCM-Z2KP-healthy	FR-FCM-Z2KP-healthy (n=10k)	dataset_name-FR-FCM-Z2KP-healthy_dataset-revision-67990f383ac8f169c9a00148febba1ed357e18e8_name-data_import.data_raw_potential-batches-1_seed-420_sub-sampling-10000_transformation-cofactor-150	10000	gatemeclass[V]	GateMeClass [V]	unfiltered	.e924e671977a35b401c5c23aaf1308ed57ddaf256c55741b97fd498c2a244b62	Unfiltered	5	5	1	complete	completion_coverage	Completion coverage	1	accepted effective cases / requested effective cases, including not_run
FR-FCM-Z2KP-healthy	FR-FCM-Z2KP-healthy (n=50k)	dataset_name-FR-FCM-Z2KP-healthy_dataset-revision-67990f383ac8f169c9a00148febba1ed357e18e8_name-data_import.data_raw_potential-batches-1_seed-420_sub-sampling-50000_transformation-cofactor-150	50000	gatemeclass[V]	GateMeClass [V]	unfiltered	.e924e671977a35b401c5c23aaf1308ed57ddaf256c55741b97fd498c2a244b62	Unfiltered	5	5	1	complete	completion_coverage	Completion coverage	1	accepted effective cases / requested effective cases, including not_run
FR-FCM-Z2KP-healthy	FR-FCM-Z2KP-healthy (n=100k)	dataset_name-FR-FCM-Z2KP-healthy_dataset-revision-67990f383ac8f169c9a00148febba1ed357e18e8_name-data_import.data_raw_potential-batches-1_seed-420_sub-sampling-100000_transformation-cofactor-150	1e+05	gatemeclass[V]	GateMeClass [V]	unfiltered	.e924e671977a35b401c5c23aaf1308ed57ddaf256c55741b97fd498c2a244b62	Unfiltered	5	5	1	complete	completion_coverage	Completion coverage	1	accepted effective cases / requested effective cases, including not_run
FR-FCM-Z2KP-healthy	FR-FCM-Z2KP-healthy	dataset_name-FR-FCM-Z2KP-healthy_dataset-revision-67990f383ac8f169c9a00148febba1ed357e18e8_name-data_import.data_raw_potential-batches-1_seed-42_transformation-cofactor-150	not_applicable	gatemeclass[V]	GateMeClass [V]	unfiltered	.e924e671977a35b401c5c23aaf1308ed57ddaf256c55741b97fd498c2a244b62	Unfiltered	5	5	1	complete	completion_coverage	Completion coverage	1	accepted effective cases / requested effective cases, including not_run
FR-FCM-Z3YR	FR-FCM-Z3YR	dataset_name-FR-FCM-Z3YR_dataset-revision-67990f383ac8f169c9a00148febba1ed357e18e8_name-data_import.data_raw_potential-batches-1_seed-42_transformation-cofactor-5	not_applicable	gatemeclass[V]	GateMeClass [V]	unfiltered	.e924e671977a35b401c5c23aaf1308ed57ddaf256c55741b97fd498c2a244b62	Unfiltered	0	5	0	incomplete	completion_coverage	Completion coverage	0	accepted effective cases / requested effective cases, including not_run
FR-FCM-ZY34	FR-FCM-ZY34	dataset_name-FR-FCM-ZY34_dataset-revision-67990f383ac8f169c9a00148febba1ed357e18e8_name-data_import.data_raw_potential-batches-1_seed-42_transformation-cofactor-150	not_applicable	gatemeclass[V]	GateMeClass [V]	unfiltered	.e924e671977a35b401c5c23aaf1308ed57ddaf256c55741b97fd498c2a244b62	Unfiltered	5	5	1	complete	completion_coverage	Completion coverage	1	accepted effective cases / requested effective cases, including not_run
FR-FCM-ZYVT	FR-FCM-ZYVT	dataset_name-FR-FCM-ZYVT_dataset-revision-67990f383ac8f169c9a00148febba1ed357e18e8_name-data_import.data_raw_potential-batches-1_seed-42_transformation-cofactor-150	not_applicable	gatemeclass[V]	GateMeClass [V]	unfiltered	.e924e671977a35b401c5c23aaf1308ed57ddaf256c55741b97fd498c2a244b62	Unfiltered	5	5	1	complete	completion_coverage	Completion coverage	1	accepted effective cases / requested effective cases, including not_run
FlowCyt	FlowCyt	dataset_name-FlowCyt_dataset-revision-67990f383ac8f169c9a00148febba1ed357e18e8_name-data_import.data_raw_potential-batches-1_seed-42_transformation-cofactor-150	not_applicable	gatemeclass[V]	GateMeClass [V]	unfiltered	.e924e671977a35b401c5c23aaf1308ed57ddaf256c55741b97fd498c2a244b62	Unfiltered	0	5	0	incomplete	completion_coverage	Completion coverage	0	accepted effective cases / requested effective cases, including not_run
Levine	Levine	dataset_name-Levine_dataset-revision-67990f383ac8f169c9a00148febba1ed357e18e8_name-data_import.data_raw_potential-batches-1_seed-42_transformation-cofactor-5	not_applicable	gatemeclass[V]	GateMeClass [V]	unfiltered	.e924e671977a35b401c5c23aaf1308ed57ddaf256c55741b97fd498c2a244b62	Unfiltered	2	2	1	complete	completion_coverage	Completion coverage	1	accepted effective cases / requested effective cases, including not_run
Samusik	Samusik	dataset_name-Samusik_dataset-revision-67990f383ac8f169c9a00148febba1ed357e18e8_name-data_import.data_raw_potential-batches-1_seed-42_transformation-cofactor-5	not_applicable	gatemeclass[V]	GateMeClass [V]	unfiltered	.e924e671977a35b401c5c23aaf1308ed57ddaf256c55741b97fd498c2a244b62	Unfiltered	5	5	1	complete	completion_coverage	Completion coverage	1	accepted effective cases / requested effective cases, including not_run
15723074	15723074	dataset_name-15723074_dataset-revision-67990f383ac8f169c9a00148febba1ed357e18e8_name-data_import.data_raw_potential-batches-1_seed-42	not_applicable	knn	KNN	unfiltered	.e924e671977a35b401c5c23aaf1308ed57ddaf256c55741b97fd498c2a244b62	Unfiltered	5	5	1	complete	completion_coverage	Completion coverage	1	accepted effective cases / requested effective cases, including not_run
BodenmillerXL	BodenmillerXL	dataset_name-BodenmillerXL_dataset-revision-67990f383ac8f169c9a00148febba1ed357e18e8_name-data_import.data_raw_potential-batches-1_seed-42_transformation-cofactor-5	not_applicable	knn	KNN	unfiltered	.e924e671977a35b401c5c23aaf1308ed57ddaf256c55741b97fd498c2a244b62	Unfiltered	5	5	1	complete	completion_coverage	Completion coverage	1	accepted effective cases / requested effective cases, including not_run
FR-FCM-Z238	FR-FCM-Z238	dataset_name-FR-FCM-Z238_dataset-revision-67990f383ac8f169c9a00148febba1ed357e18e8_name-data_import.data_raw_potential-batches-1_seed-42_transformation-cofactor-5	not_applicable	knn	KNN	unfiltered	.e924e671977a35b401c5c23aaf1308ed57ddaf256c55741b97fd498c2a244b62	Unfiltered	5	5	1	complete	completion_coverage	Completion coverage	1	accepted effective cases / requested effective cases, including not_run
FR-FCM-Z2KP-covid	FR-FCM-Z2KP-covid	dataset_name-FR-FCM-Z2KP-covid_dataset-revision-67990f383ac8f169c9a00148febba1ed357e18e8_name-data_import.data_raw_potential-batches-1_seed-42_transformation-cofactor-150	not_applicable	knn	KNN	unfiltered	.e924e671977a35b401c5c23aaf1308ed57ddaf256c55741b97fd498c2a244b62	Unfiltered	5	5	1	complete	completion_coverage	Completion coverage	1	accepted effective cases / requested effective cases, including not_run
FR-FCM-Z2KP-healthy	FR-FCM-Z2KP-healthy (n=1k)	dataset_name-FR-FCM-Z2KP-healthy_dataset-revision-67990f383ac8f169c9a00148febba1ed357e18e8_name-data_import.data_raw_potential-batches-1_seed-420_sub-sampling-1000_transformation-cofactor-150	1000	knn	KNN	unfiltered	.e924e671977a35b401c5c23aaf1308ed57ddaf256c55741b97fd498c2a244b62	Unfiltered	5	5	1	complete	completion_coverage	Completion coverage	1	accepted effective cases / requested effective cases, including not_run
FR-FCM-Z2KP-healthy	FR-FCM-Z2KP-healthy (n=5k)	dataset_name-FR-FCM-Z2KP-healthy_dataset-revision-67990f383ac8f169c9a00148febba1ed357e18e8_name-data_import.data_raw_potential-batches-1_seed-420_sub-sampling-5000_transformation-cofactor-150	5000	knn	KNN	unfiltered	.e924e671977a35b401c5c23aaf1308ed57ddaf256c55741b97fd498c2a244b62	Unfiltered	5	5	1	complete	completion_coverage	Completion coverage	1	accepted effective cases / requested effective cases, including not_run
FR-FCM-Z2KP-healthy	FR-FCM-Z2KP-healthy (n=10k)	dataset_name-FR-FCM-Z2KP-healthy_dataset-revision-67990f383ac8f169c9a00148febba1ed357e18e8_name-data_import.data_raw_potential-batches-1_seed-420_sub-sampling-10000_transformation-cofactor-150	10000	knn	KNN	unfiltered	.e924e671977a35b401c5c23aaf1308ed57ddaf256c55741b97fd498c2a244b62	Unfiltered	5	5	1	complete	completion_coverage	Completion coverage	1	accepted effective cases / requested effective cases, including not_run
FR-FCM-Z2KP-healthy	FR-FCM-Z2KP-healthy (n=50k)	dataset_name-FR-FCM-Z2KP-healthy_dataset-revision-67990f383ac8f169c9a00148febba1ed357e18e8_name-data_import.data_raw_potential-batches-1_seed-420_sub-sampling-50000_transformation-cofactor-150	50000	knn	KNN	unfiltered	.e924e671977a35b401c5c23aaf1308ed57ddaf256c55741b97fd498c2a244b62	Unfiltered	5	5	1	complete	completion_coverage	Completion coverage	1	accepted effective cases / requested effective cases, including not_run
FR-FCM-Z2KP-healthy	FR-FCM-Z2KP-healthy (n=100k)	dataset_name-FR-FCM-Z2KP-healthy_dataset-revision-67990f383ac8f169c9a00148febba1ed357e18e8_name-data_import.data_raw_potential-batches-1_seed-420_sub-sampling-100000_transformation-cofactor-150	1e+05	knn	KNN	unfiltered	.e924e671977a35b401c5c23aaf1308ed57ddaf256c55741b97fd498c2a244b62	Unfiltered	5	5	1	complete	completion_coverage	Completion coverage	1	accepted effective cases / requested effective cases, including not_run
FR-FCM-Z2KP-healthy	FR-FCM-Z2KP-healthy	dataset_name-FR-FCM-Z2KP-healthy_dataset-revision-67990f383ac8f169c9a00148febba1ed357e18e8_name-data_import.data_raw_potential-batches-1_seed-42_transformation-cofactor-150	not_applicable	knn	KNN	unfiltered	.e924e671977a35b401c5c23aaf1308ed57ddaf256c55741b97fd498c2a244b62	Unfiltered	5	5	1	complete	completion_coverage	Completion coverage	1	accepted effective cases / requested effective cases, including not_run
FR-FCM-Z3YR	FR-FCM-Z3YR	dataset_name-FR-FCM-Z3YR_dataset-revision-67990f383ac8f169c9a00148febba1ed357e18e8_name-data_import.data_raw_potential-batches-1_seed-42_transformation-cofactor-5	not_applicable	knn	KNN	unfiltered	.e924e671977a35b401c5c23aaf1308ed57ddaf256c55741b97fd498c2a244b62	Unfiltered	5	5	1	complete	completion_coverage	Completion coverage	1	accepted effective cases / requested effective cases, including not_run
FR-FCM-ZY34	FR-FCM-ZY34	dataset_name-FR-FCM-ZY34_dataset-revision-67990f383ac8f169c9a00148febba1ed357e18e8_name-data_import.data_raw_potential-batches-1_seed-42_transformation-cofactor-150	not_applicable	knn	KNN	unfiltered	.e924e671977a35b401c5c23aaf1308ed57ddaf256c55741b97fd498c2a244b62	Unfiltered	5	5	1	complete	completion_coverage	Completion coverage	1	accepted effective cases / requested effective cases, including not_run
FR-FCM-ZYVT	FR-FCM-ZYVT	dataset_name-FR-FCM-ZYVT_dataset-revision-67990f383ac8f169c9a00148febba1ed357e18e8_name-data_import.data_raw_potential-batches-1_seed-42_transformation-cofactor-150	not_applicable	knn	KNN	unfiltered	.e924e671977a35b401c5c23aaf1308ed57ddaf256c55741b97fd498c2a244b62	Unfiltered	5	5	1	complete	completion_coverage	Completion coverage	1	accepted effective cases / requested effective cases, including not_run
FlowCyt	FlowCyt	dataset_name-FlowCyt_dataset-revision-67990f383ac8f169c9a00148febba1ed357e18e8_name-data_import.data_raw_potential-batches-1_seed-42_transformation-cofactor-150	not_applicable	knn	KNN	unfiltered	.e924e671977a35b401c5c23aaf1308ed57ddaf256c55741b97fd498c2a244b62	Unfiltered	5	5	1	complete	completion_coverage	Completion coverage	1	accepted effective cases / requested effective cases, including not_run
Levine	Levine	dataset_name-Levine_dataset-revision-67990f383ac8f169c9a00148febba1ed357e18e8_name-data_import.data_raw_potential-batches-1_seed-42_transformation-cofactor-5	not_applicable	knn	KNN	unfiltered	.e924e671977a35b401c5c23aaf1308ed57ddaf256c55741b97fd498c2a244b62	Unfiltered	2	2	1	complete	completion_coverage	Completion coverage	1	accepted effective cases / requested effective cases, including not_run
Samusik	Samusik	dataset_name-Samusik_dataset-revision-67990f383ac8f169c9a00148febba1ed357e18e8_name-data_import.data_raw_potential-batches-1_seed-42_transformation-cofactor-5	not_applicable	knn	KNN	unfiltered	.e924e671977a35b401c5c23aaf1308ed57ddaf256c55741b97fd498c2a244b62	Unfiltered	5	5	1	complete	completion_coverage	Completion coverage	1	accepted effective cases / requested effective cases, including not_run
15723074	15723074	dataset_name-15723074_dataset-revision-67990f383ac8f169c9a00148febba1ed357e18e8_name-data_import.data_raw_potential-batches-1_seed-42	not_applicable	lda	LDA	unfiltered	.e924e671977a35b401c5c23aaf1308ed57ddaf256c55741b97fd498c2a244b62	Unfiltered	5	5	1	complete	completion_coverage	Completion coverage	1	accepted effective cases / requested effective cases, including not_run
BodenmillerXL	BodenmillerXL	dataset_name-BodenmillerXL_dataset-revision-67990f383ac8f169c9a00148febba1ed357e18e8_name-data_import.data_raw_potential-batches-1_seed-42_transformation-cofactor-5	not_applicable	lda	LDA	unfiltered	.e924e671977a35b401c5c23aaf1308ed57ddaf256c55741b97fd498c2a244b62	Unfiltered	5	5	1	complete	completion_coverage	Completion coverage	1	accepted effective cases / requested effective cases, including not_run
FR-FCM-Z238	FR-FCM-Z238	dataset_name-FR-FCM-Z238_dataset-revision-67990f383ac8f169c9a00148febba1ed357e18e8_name-data_import.data_raw_potential-batches-1_seed-42_transformation-cofactor-5	not_applicable	lda	LDA	unfiltered	.e924e671977a35b401c5c23aaf1308ed57ddaf256c55741b97fd498c2a244b62	Unfiltered	5	5	1	complete	completion_coverage	Completion coverage	1	accepted effective cases / requested effective cases, including not_run
FR-FCM-Z2KP-covid	FR-FCM-Z2KP-covid	dataset_name-FR-FCM-Z2KP-covid_dataset-revision-67990f383ac8f169c9a00148febba1ed357e18e8_name-data_import.data_raw_potential-batches-1_seed-42_transformation-cofactor-150	not_applicable	lda	LDA	unfiltered	.e924e671977a35b401c5c23aaf1308ed57ddaf256c55741b97fd498c2a244b62	Unfiltered	5	5	1	complete	completion_coverage	Completion coverage	1	accepted effective cases / requested effective cases, including not_run
FR-FCM-Z2KP-healthy	FR-FCM-Z2KP-healthy (n=1k)	dataset_name-FR-FCM-Z2KP-healthy_dataset-revision-67990f383ac8f169c9a00148febba1ed357e18e8_name-data_import.data_raw_potential-batches-1_seed-420_sub-sampling-1000_transformation-cofactor-150	1000	lda	LDA	unfiltered	.e924e671977a35b401c5c23aaf1308ed57ddaf256c55741b97fd498c2a244b62	Unfiltered	5	5	1	complete	completion_coverage	Completion coverage	1	accepted effective cases / requested effective cases, including not_run
FR-FCM-Z2KP-healthy	FR-FCM-Z2KP-healthy (n=5k)	dataset_name-FR-FCM-Z2KP-healthy_dataset-revision-67990f383ac8f169c9a00148febba1ed357e18e8_name-data_import.data_raw_potential-batches-1_seed-420_sub-sampling-5000_transformation-cofactor-150	5000	lda	LDA	unfiltered	.e924e671977a35b401c5c23aaf1308ed57ddaf256c55741b97fd498c2a244b62	Unfiltered	5	5	1	complete	completion_coverage	Completion coverage	1	accepted effective cases / requested effective cases, including not_run
FR-FCM-Z2KP-healthy	FR-FCM-Z2KP-healthy (n=10k)	dataset_name-FR-FCM-Z2KP-healthy_dataset-revision-67990f383ac8f169c9a00148febba1ed357e18e8_name-data_import.data_raw_potential-batches-1_seed-420_sub-sampling-10000_transformation-cofactor-150	10000	lda	LDA	unfiltered	.e924e671977a35b401c5c23aaf1308ed57ddaf256c55741b97fd498c2a244b62	Unfiltered	5	5	1	complete	completion_coverage	Completion coverage	1	accepted effective cases / requested effective cases, including not_run
FR-FCM-Z2KP-healthy	FR-FCM-Z2KP-healthy (n=50k)	dataset_name-FR-FCM-Z2KP-healthy_dataset-revision-67990f383ac8f169c9a00148febba1ed357e18e8_name-data_import.data_raw_potential-batches-1_seed-420_sub-sampling-50000_transformation-cofactor-150	50000	lda	LDA	unfiltered	.e924e671977a35b401c5c23aaf1308ed57ddaf256c55741b97fd498c2a244b62	Unfiltered	5	5	1	complete	completion_coverage	Completion coverage	1	accepted effective cases / requested effective cases, including not_run
FR-FCM-Z2KP-healthy	FR-FCM-Z2KP-healthy (n=100k)	dataset_name-FR-FCM-Z2KP-healthy_dataset-revision-67990f383ac8f169c9a00148febba1ed357e18e8_name-data_import.data_raw_potential-batches-1_seed-420_sub-sampling-100000_transformation-cofactor-150	1e+05	lda	LDA	unfiltered	.e924e671977a35b401c5c23aaf1308ed57ddaf256c55741b97fd498c2a244b62	Unfiltered	5	5	1	complete	completion_coverage	Completion coverage	1	accepted effective cases / requested effective cases, including not_run
FR-FCM-Z2KP-healthy	FR-FCM-Z2KP-healthy	dataset_name-FR-FCM-Z2KP-healthy_dataset-revision-67990f383ac8f169c9a00148febba1ed357e18e8_name-data_import.data_raw_potential-batches-1_seed-42_transformation-cofactor-150	not_applicable	lda	LDA	unfiltered	.e924e671977a35b401c5c23aaf1308ed57ddaf256c55741b97fd498c2a244b62	Unfiltered	5	5	1	complete	completion_coverage	Completion coverage	1	accepted effective cases / requested effective cases, including not_run
FR-FCM-Z3YR	FR-FCM-Z3YR	dataset_name-FR-FCM-Z3YR_dataset-revision-67990f383ac8f169c9a00148febba1ed357e18e8_name-data_import.data_raw_potential-batches-1_seed-42_transformation-cofactor-5	not_applicable	lda	LDA	unfiltered	.e924e671977a35b401c5c23aaf1308ed57ddaf256c55741b97fd498c2a244b62	Unfiltered	5	5	1	complete	completion_coverage	Completion coverage	1	accepted effective cases / requested effective cases, including not_run
FR-FCM-ZY34	FR-FCM-ZY34	dataset_name-FR-FCM-ZY34_dataset-revision-67990f383ac8f169c9a00148febba1ed357e18e8_name-data_import.data_raw_potential-batches-1_seed-42_transformation-cofactor-150	not_applicable	lda	LDA	unfiltered	.e924e671977a35b401c5c23aaf1308ed57ddaf256c55741b97fd498c2a244b62	Unfiltered	5	5	1	complete	completion_coverage	Completion coverage	1	accepted effective cases / requested effective cases, including not_run
FR-FCM-ZYVT	FR-FCM-ZYVT	dataset_name-FR-FCM-ZYVT_dataset-revision-67990f383ac8f169c9a00148febba1ed357e18e8_name-data_import.data_raw_potential-batches-1_seed-42_transformation-cofactor-150	not_applicable	lda	LDA	unfiltered	.e924e671977a35b401c5c23aaf1308ed57ddaf256c55741b97fd498c2a244b62	Unfiltered	5	5	1	complete	completion_coverage	Completion coverage	1	accepted effective cases / requested effective cases, including not_run
FlowCyt	FlowCyt	dataset_name-FlowCyt_dataset-revision-67990f383ac8f169c9a00148febba1ed357e18e8_name-data_import.data_raw_potential-batches-1_seed-42_transformation-cofactor-150	not_applicable	lda	LDA	unfiltered	.e924e671977a35b401c5c23aaf1308ed57ddaf256c55741b97fd498c2a244b62	Unfiltered	5	5	1	complete	completion_coverage	Completion coverage	1	accepted effective cases / requested effective cases, including not_run
Levine	Levine	dataset_name-Levine_dataset-revision-67990f383ac8f169c9a00148febba1ed357e18e8_name-data_import.data_raw_potential-batches-1_seed-42_transformation-cofactor-5	not_applicable	lda	LDA	unfiltered	.e924e671977a35b401c5c23aaf1308ed57ddaf256c55741b97fd498c2a244b62	Unfiltered	2	2	1	complete	completion_coverage	Completion coverage	1	accepted effective cases / requested effective cases, including not_run
Samusik	Samusik	dataset_name-Samusik_dataset-revision-67990f383ac8f169c9a00148febba1ed357e18e8_name-data_import.data_raw_potential-batches-1_seed-42_transformation-cofactor-5	not_applicable	lda	LDA	unfiltered	.e924e671977a35b401c5c23aaf1308ed57ddaf256c55741b97fd498c2a244b62	Unfiltered	5	5	1	complete	completion_coverage	Completion coverage	1	accepted effective cases / requested effective cases, including not_run
15723074	15723074	dataset_name-15723074_dataset-revision-67990f383ac8f169c9a00148febba1ed357e18e8_name-data_import.data_raw_potential-batches-1_seed-42	not_applicable	random	Random	unfiltered	.e924e671977a35b401c5c23aaf1308ed57ddaf256c55741b97fd498c2a244b62	Unfiltered	5	5	1	complete	completion_coverage	Completion coverage	1	accepted effective cases / requested effective cases, including not_run
BodenmillerXL	BodenmillerXL	dataset_name-BodenmillerXL_dataset-revision-67990f383ac8f169c9a00148febba1ed357e18e8_name-data_import.data_raw_potential-batches-1_seed-42_transformation-cofactor-5	not_applicable	random	Random	unfiltered	.e924e671977a35b401c5c23aaf1308ed57ddaf256c55741b97fd498c2a244b62	Unfiltered	5	5	1	complete	completion_coverage	Completion coverage	1	accepted effective cases / requested effective cases, including not_run
FR-FCM-Z238	FR-FCM-Z238	dataset_name-FR-FCM-Z238_dataset-revision-67990f383ac8f169c9a00148febba1ed357e18e8_name-data_import.data_raw_potential-batches-1_seed-42_transformation-cofactor-5	not_applicable	random	Random	unfiltered	.e924e671977a35b401c5c23aaf1308ed57ddaf256c55741b97fd498c2a244b62	Unfiltered	5	5	1	complete	completion_coverage	Completion coverage	1	accepted effective cases / requested effective cases, including not_run
FR-FCM-Z2KP-covid	FR-FCM-Z2KP-covid	dataset_name-FR-FCM-Z2KP-covid_dataset-revision-67990f383ac8f169c9a00148febba1ed357e18e8_name-data_import.data_raw_potential-batches-1_seed-42_transformation-cofactor-150	not_applicable	random	Random	unfiltered	.e924e671977a35b401c5c23aaf1308ed57ddaf256c55741b97fd498c2a244b62	Unfiltered	5	5	1	complete	completion_coverage	Completion coverage	1	accepted effective cases / requested effective cases, including not_run
FR-FCM-Z2KP-healthy	FR-FCM-Z2KP-healthy (n=1k)	dataset_name-FR-FCM-Z2KP-healthy_dataset-revision-67990f383ac8f169c9a00148febba1ed357e18e8_name-data_import.data_raw_potential-batches-1_seed-420_sub-sampling-1000_transformation-cofactor-150	1000	random	Random	unfiltered	.e924e671977a35b401c5c23aaf1308ed57ddaf256c55741b97fd498c2a244b62	Unfiltered	5	5	1	complete	completion_coverage	Completion coverage	1	accepted effective cases / requested effective cases, including not_run
FR-FCM-Z2KP-healthy	FR-FCM-Z2KP-healthy (n=5k)	dataset_name-FR-FCM-Z2KP-healthy_dataset-revision-67990f383ac8f169c9a00148febba1ed357e18e8_name-data_import.data_raw_potential-batches-1_seed-420_sub-sampling-5000_transformation-cofactor-150	5000	random	Random	unfiltered	.e924e671977a35b401c5c23aaf1308ed57ddaf256c55741b97fd498c2a244b62	Unfiltered	5	5	1	complete	completion_coverage	Completion coverage	1	accepted effective cases / requested effective cases, including not_run
FR-FCM-Z2KP-healthy	FR-FCM-Z2KP-healthy (n=10k)	dataset_name-FR-FCM-Z2KP-healthy_dataset-revision-67990f383ac8f169c9a00148febba1ed357e18e8_name-data_import.data_raw_potential-batches-1_seed-420_sub-sampling-10000_transformation-cofactor-150	10000	random	Random	unfiltered	.e924e671977a35b401c5c23aaf1308ed57ddaf256c55741b97fd498c2a244b62	Unfiltered	5	5	1	complete	completion_coverage	Completion coverage	1	accepted effective cases / requested effective cases, including not_run
FR-FCM-Z2KP-healthy	FR-FCM-Z2KP-healthy (n=50k)	dataset_name-FR-FCM-Z2KP-healthy_dataset-revision-67990f383ac8f169c9a00148febba1ed357e18e8_name-data_import.data_raw_potential-batches-1_seed-420_sub-sampling-50000_transformation-cofactor-150	50000	random	Random	unfiltered	.e924e671977a35b401c5c23aaf1308ed57ddaf256c55741b97fd498c2a244b62	Unfiltered	5	5	1	complete	completion_coverage	Completion coverage	1	accepted effective cases / requested effective cases, including not_run
FR-FCM-Z2KP-healthy	FR-FCM-Z2KP-healthy (n=100k)	dataset_name-FR-FCM-Z2KP-healthy_dataset-revision-67990f383ac8f169c9a00148febba1ed357e18e8_name-data_import.data_raw_potential-batches-1_seed-420_sub-sampling-100000_transformation-cofactor-150	1e+05	random	Random	unfiltered	.e924e671977a35b401c5c23aaf1308ed57ddaf256c55741b97fd498c2a244b62	Unfiltered	5	5	1	complete	completion_coverage	Completion coverage	1	accepted effective cases / requested effective cases, including not_run
FR-FCM-Z2KP-healthy	FR-FCM-Z2KP-healthy	dataset_name-FR-FCM-Z2KP-healthy_dataset-revision-67990f383ac8f169c9a00148febba1ed357e18e8_name-data_import.data_raw_potential-batches-1_seed-42_transformation-cofactor-150	not_applicable	random	Random	unfiltered	.e924e671977a35b401c5c23aaf1308ed57ddaf256c55741b97fd498c2a244b62	Unfiltered	5	5	1	complete	completion_coverage	Completion coverage	1	accepted effective cases / requested effective cases, including not_run
FR-FCM-Z3YR	FR-FCM-Z3YR	dataset_name-FR-FCM-Z3YR_dataset-revision-67990f383ac8f169c9a00148febba1ed357e18e8_name-data_import.data_raw_potential-batches-1_seed-42_transformation-cofactor-5	not_applicable	random	Random	unfiltered	.e924e671977a35b401c5c23aaf1308ed57ddaf256c55741b97fd498c2a244b62	Unfiltered	5	5	1	complete	completion_coverage	Completion coverage	1	accepted effective cases / requested effective cases, including not_run
FR-FCM-ZY34	FR-FCM-ZY34	dataset_name-FR-FCM-ZY34_dataset-revision-67990f383ac8f169c9a00148febba1ed357e18e8_name-data_import.data_raw_potential-batches-1_seed-42_transformation-cofactor-150	not_applicable	random	Random	unfiltered	.e924e671977a35b401c5c23aaf1308ed57ddaf256c55741b97fd498c2a244b62	Unfiltered	5	5	1	complete	completion_coverage	Completion coverage	1	accepted effective cases / requested effective cases, including not_run
FR-FCM-ZYVT	FR-FCM-ZYVT	dataset_name-FR-FCM-ZYVT_dataset-revision-67990f383ac8f169c9a00148febba1ed357e18e8_name-data_import.data_raw_potential-batches-1_seed-42_transformation-cofactor-150	not_applicable	random	Random	unfiltered	.e924e671977a35b401c5c23aaf1308ed57ddaf256c55741b97fd498c2a244b62	Unfiltered	5	5	1	complete	completion_coverage	Completion coverage	1	accepted effective cases / requested effective cases, including not_run
FlowCyt	FlowCyt	dataset_name-FlowCyt_dataset-revision-67990f383ac8f169c9a00148febba1ed357e18e8_name-data_import.data_raw_potential-batches-1_seed-42_transformation-cofactor-150	not_applicable	random	Random	unfiltered	.e924e671977a35b401c5c23aaf1308ed57ddaf256c55741b97fd498c2a244b62	Unfiltered	5	5	1	complete	completion_coverage	Completion coverage	1	accepted effective cases / requested effective cases, including not_run
Levine	Levine	dataset_name-Levine_dataset-revision-67990f383ac8f169c9a00148febba1ed357e18e8_name-data_import.data_raw_potential-batches-1_seed-42_transformation-cofactor-5	not_applicable	random	Random	unfiltered	.e924e671977a35b401c5c23aaf1308ed57ddaf256c55741b97fd498c2a244b62	Unfiltered	2	2	1	complete	completion_coverage	Completion coverage	1	accepted effective cases / requested effective cases, including not_run
Samusik	Samusik	dataset_name-Samusik_dataset-revision-67990f383ac8f169c9a00148febba1ed357e18e8_name-data_import.data_raw_potential-batches-1_seed-42_transformation-cofactor-5	not_applicable	random	Random	unfiltered	.e924e671977a35b401c5c23aaf1308ed57ddaf256c55741b97fd498c2a244b62	Unfiltered	5	5	1	complete	completion_coverage	Completion coverage	1	accepted effective cases / requested effective cases, including not_run
15723074	15723074	dataset_name-15723074_dataset-revision-67990f383ac8f169c9a00148febba1ed357e18e8_name-data_import.data_raw_potential-batches-1_seed-42	not_applicable	cyanno	CyAnno	drop-train	.3cfd963b74881b9b1c81b4e4a8fcce333a9461195e98d122e6c796123d7e9c79	Drop ungated training	5	5	1	complete	completion_coverage	Completion coverage	1	accepted effective cases / requested effective cases, including not_run
BodenmillerXL	BodenmillerXL	dataset_name-BodenmillerXL_dataset-revision-67990f383ac8f169c9a00148febba1ed357e18e8_name-data_import.data_raw_potential-batches-1_seed-42_transformation-cofactor-5	not_applicable	cyanno	CyAnno	drop-train	.3cfd963b74881b9b1c81b4e4a8fcce333a9461195e98d122e6c796123d7e9c79	Drop ungated training	5	5	1	complete	completion_coverage	Completion coverage	1	accepted effective cases / requested effective cases, including not_run
FR-FCM-Z238	FR-FCM-Z238	dataset_name-FR-FCM-Z238_dataset-revision-67990f383ac8f169c9a00148febba1ed357e18e8_name-data_import.data_raw_potential-batches-1_seed-42_transformation-cofactor-5	not_applicable	cyanno	CyAnno	drop-train	.3cfd963b74881b9b1c81b4e4a8fcce333a9461195e98d122e6c796123d7e9c79	Drop ungated training	5	5	1	complete	completion_coverage	Completion coverage	1	accepted effective cases / requested effective cases, including not_run
FR-FCM-Z2KP-covid	FR-FCM-Z2KP-covid	dataset_name-FR-FCM-Z2KP-covid_dataset-revision-67990f383ac8f169c9a00148febba1ed357e18e8_name-data_import.data_raw_potential-batches-1_seed-42_transformation-cofactor-150	not_applicable	cyanno	CyAnno	drop-train	.3cfd963b74881b9b1c81b4e4a8fcce333a9461195e98d122e6c796123d7e9c79	Drop ungated training	5	5	1	complete	completion_coverage	Completion coverage	1	accepted effective cases / requested effective cases, including not_run
FR-FCM-Z2KP-healthy	FR-FCM-Z2KP-healthy (n=1k)	dataset_name-FR-FCM-Z2KP-healthy_dataset-revision-67990f383ac8f169c9a00148febba1ed357e18e8_name-data_import.data_raw_potential-batches-1_seed-420_sub-sampling-1000_transformation-cofactor-150	1000	cyanno	CyAnno	drop-train	.3cfd963b74881b9b1c81b4e4a8fcce333a9461195e98d122e6c796123d7e9c79	Drop ungated training	5	5	1	complete	completion_coverage	Completion coverage	1	accepted effective cases / requested effective cases, including not_run
FR-FCM-Z2KP-healthy	FR-FCM-Z2KP-healthy (n=5k)	dataset_name-FR-FCM-Z2KP-healthy_dataset-revision-67990f383ac8f169c9a00148febba1ed357e18e8_name-data_import.data_raw_potential-batches-1_seed-420_sub-sampling-5000_transformation-cofactor-150	5000	cyanno	CyAnno	drop-train	.3cfd963b74881b9b1c81b4e4a8fcce333a9461195e98d122e6c796123d7e9c79	Drop ungated training	5	5	1	complete	completion_coverage	Completion coverage	1	accepted effective cases / requested effective cases, including not_run
FR-FCM-Z2KP-healthy	FR-FCM-Z2KP-healthy (n=10k)	dataset_name-FR-FCM-Z2KP-healthy_dataset-revision-67990f383ac8f169c9a00148febba1ed357e18e8_name-data_import.data_raw_potential-batches-1_seed-420_sub-sampling-10000_transformation-cofactor-150	10000	cyanno	CyAnno	drop-train	.3cfd963b74881b9b1c81b4e4a8fcce333a9461195e98d122e6c796123d7e9c79	Drop ungated training	5	5	1	complete	completion_coverage	Completion coverage	1	accepted effective cases / requested effective cases, including not_run
FR-FCM-Z2KP-healthy	FR-FCM-Z2KP-healthy (n=50k)	dataset_name-FR-FCM-Z2KP-healthy_dataset-revision-67990f383ac8f169c9a00148febba1ed357e18e8_name-data_import.data_raw_potential-batches-1_seed-420_sub-sampling-50000_transformation-cofactor-150	50000	cyanno	CyAnno	drop-train	.3cfd963b74881b9b1c81b4e4a8fcce333a9461195e98d122e6c796123d7e9c79	Drop ungated training	5	5	1	complete	completion_coverage	Completion coverage	1	accepted effective cases / requested effective cases, including not_run
FR-FCM-Z2KP-healthy	FR-FCM-Z2KP-healthy (n=100k)	dataset_name-FR-FCM-Z2KP-healthy_dataset-revision-67990f383ac8f169c9a00148febba1ed357e18e8_name-data_import.data_raw_potential-batches-1_seed-420_sub-sampling-100000_transformation-cofactor-150	1e+05	cyanno	CyAnno	drop-train	.3cfd963b74881b9b1c81b4e4a8fcce333a9461195e98d122e6c796123d7e9c79	Drop ungated training	5	5	1	complete	completion_coverage	Completion coverage	1	accepted effective cases / requested effective cases, including not_run
FR-FCM-Z2KP-healthy	FR-FCM-Z2KP-healthy	dataset_name-FR-FCM-Z2KP-healthy_dataset-revision-67990f383ac8f169c9a00148febba1ed357e18e8_name-data_import.data_raw_potential-batches-1_seed-42_transformation-cofactor-150	not_applicable	cyanno	CyAnno	drop-train	.3cfd963b74881b9b1c81b4e4a8fcce333a9461195e98d122e6c796123d7e9c79	Drop ungated training	5	5	1	complete	completion_coverage	Completion coverage	1	accepted effective cases / requested effective cases, including not_run
FR-FCM-Z3YR	FR-FCM-Z3YR	dataset_name-FR-FCM-Z3YR_dataset-revision-67990f383ac8f169c9a00148febba1ed357e18e8_name-data_import.data_raw_potential-batches-1_seed-42_transformation-cofactor-5	not_applicable	cyanno	CyAnno	drop-train	.3cfd963b74881b9b1c81b4e4a8fcce333a9461195e98d122e6c796123d7e9c79	Drop ungated training	5	5	1	complete	completion_coverage	Completion coverage	1	accepted effective cases / requested effective cases, including not_run
FR-FCM-ZY34	FR-FCM-ZY34	dataset_name-FR-FCM-ZY34_dataset-revision-67990f383ac8f169c9a00148febba1ed357e18e8_name-data_import.data_raw_potential-batches-1_seed-42_transformation-cofactor-150	not_applicable	cyanno	CyAnno	drop-train	.3cfd963b74881b9b1c81b4e4a8fcce333a9461195e98d122e6c796123d7e9c79	Drop ungated training	5	5	1	complete	completion_coverage	Completion coverage	1	accepted effective cases / requested effective cases, including not_run
FR-FCM-ZYVT	FR-FCM-ZYVT	dataset_name-FR-FCM-ZYVT_dataset-revision-67990f383ac8f169c9a00148febba1ed357e18e8_name-data_import.data_raw_potential-batches-1_seed-42_transformation-cofactor-150	not_applicable	cyanno	CyAnno	drop-train	.3cfd963b74881b9b1c81b4e4a8fcce333a9461195e98d122e6c796123d7e9c79	Drop ungated training	5	5	1	complete	completion_coverage	Completion coverage	1	accepted effective cases / requested effective cases, including not_run
FlowCyt	FlowCyt	dataset_name-FlowCyt_dataset-revision-67990f383ac8f169c9a00148febba1ed357e18e8_name-data_import.data_raw_potential-batches-1_seed-42_transformation-cofactor-150	not_applicable	cyanno	CyAnno	drop-train	.3cfd963b74881b9b1c81b4e4a8fcce333a9461195e98d122e6c796123d7e9c79	Drop ungated training	5	5	1	complete	completion_coverage	Completion coverage	1	accepted effective cases / requested effective cases, including not_run
Levine	Levine	dataset_name-Levine_dataset-revision-67990f383ac8f169c9a00148febba1ed357e18e8_name-data_import.data_raw_potential-batches-1_seed-42_transformation-cofactor-5	not_applicable	cyanno	CyAnno	drop-train	.3cfd963b74881b9b1c81b4e4a8fcce333a9461195e98d122e6c796123d7e9c79	Drop ungated training	2	2	1	complete	completion_coverage	Completion coverage	1	accepted effective cases / requested effective cases, including not_run
Samusik	Samusik	dataset_name-Samusik_dataset-revision-67990f383ac8f169c9a00148febba1ed357e18e8_name-data_import.data_raw_potential-batches-1_seed-42_transformation-cofactor-5	not_applicable	cyanno	CyAnno	drop-train	.3cfd963b74881b9b1c81b4e4a8fcce333a9461195e98d122e6c796123d7e9c79	Drop ungated training	5	5	1	complete	completion_coverage	Completion coverage	1	accepted effective cases / requested effective cases, including not_run
15723074	15723074	dataset_name-15723074_dataset-revision-67990f383ac8f169c9a00148febba1ed357e18e8_name-data_import.data_raw_potential-batches-1_seed-42	not_applicable	cygate	CyGATE	drop-train	.3cfd963b74881b9b1c81b4e4a8fcce333a9461195e98d122e6c796123d7e9c79	Drop ungated training	5	5	1	complete	completion_coverage	Completion coverage	1	accepted effective cases / requested effective cases, including not_run
BodenmillerXL	BodenmillerXL	dataset_name-BodenmillerXL_dataset-revision-67990f383ac8f169c9a00148febba1ed357e18e8_name-data_import.data_raw_potential-batches-1_seed-42_transformation-cofactor-5	not_applicable	cygate	CyGATE	drop-train	.3cfd963b74881b9b1c81b4e4a8fcce333a9461195e98d122e6c796123d7e9c79	Drop ungated training	5	5	1	complete	completion_coverage	Completion coverage	1	accepted effective cases / requested effective cases, including not_run
FR-FCM-Z238	FR-FCM-Z238	dataset_name-FR-FCM-Z238_dataset-revision-67990f383ac8f169c9a00148febba1ed357e18e8_name-data_import.data_raw_potential-batches-1_seed-42_transformation-cofactor-5	not_applicable	cygate	CyGATE	drop-train	.3cfd963b74881b9b1c81b4e4a8fcce333a9461195e98d122e6c796123d7e9c79	Drop ungated training	5	5	1	complete	completion_coverage	Completion coverage	1	accepted effective cases / requested effective cases, including not_run
FR-FCM-Z2KP-covid	FR-FCM-Z2KP-covid	dataset_name-FR-FCM-Z2KP-covid_dataset-revision-67990f383ac8f169c9a00148febba1ed357e18e8_name-data_import.data_raw_potential-batches-1_seed-42_transformation-cofactor-150	not_applicable	cygate	CyGATE	drop-train	.3cfd963b74881b9b1c81b4e4a8fcce333a9461195e98d122e6c796123d7e9c79	Drop ungated training	5	5	1	complete	completion_coverage	Completion coverage	1	accepted effective cases / requested effective cases, including not_run
FR-FCM-Z2KP-healthy	FR-FCM-Z2KP-healthy (n=1k)	dataset_name-FR-FCM-Z2KP-healthy_dataset-revision-67990f383ac8f169c9a00148febba1ed357e18e8_name-data_import.data_raw_potential-batches-1_seed-420_sub-sampling-1000_transformation-cofactor-150	1000	cygate	CyGATE	drop-train	.3cfd963b74881b9b1c81b4e4a8fcce333a9461195e98d122e6c796123d7e9c79	Drop ungated training	5	5	1	complete	completion_coverage	Completion coverage	1	accepted effective cases / requested effective cases, including not_run
FR-FCM-Z2KP-healthy	FR-FCM-Z2KP-healthy (n=5k)	dataset_name-FR-FCM-Z2KP-healthy_dataset-revision-67990f383ac8f169c9a00148febba1ed357e18e8_name-data_import.data_raw_potential-batches-1_seed-420_sub-sampling-5000_transformation-cofactor-150	5000	cygate	CyGATE	drop-train	.3cfd963b74881b9b1c81b4e4a8fcce333a9461195e98d122e6c796123d7e9c79	Drop ungated training	5	5	1	complete	completion_coverage	Completion coverage	1	accepted effective cases / requested effective cases, including not_run
FR-FCM-Z2KP-healthy	FR-FCM-Z2KP-healthy (n=10k)	dataset_name-FR-FCM-Z2KP-healthy_dataset-revision-67990f383ac8f169c9a00148febba1ed357e18e8_name-data_import.data_raw_potential-batches-1_seed-420_sub-sampling-10000_transformation-cofactor-150	10000	cygate	CyGATE	drop-train	.3cfd963b74881b9b1c81b4e4a8fcce333a9461195e98d122e6c796123d7e9c79	Drop ungated training	5	5	1	complete	completion_coverage	Completion coverage	1	accepted effective cases / requested effective cases, including not_run
FR-FCM-Z2KP-healthy	FR-FCM-Z2KP-healthy (n=50k)	dataset_name-FR-FCM-Z2KP-healthy_dataset-revision-67990f383ac8f169c9a00148febba1ed357e18e8_name-data_import.data_raw_potential-batches-1_seed-420_sub-sampling-50000_transformation-cofactor-150	50000	cygate	CyGATE	drop-train	.3cfd963b74881b9b1c81b4e4a8fcce333a9461195e98d122e6c796123d7e9c79	Drop ungated training	5	5	1	complete	completion_coverage	Completion coverage	1	accepted effective cases / requested effective cases, including not_run
FR-FCM-Z2KP-healthy	FR-FCM-Z2KP-healthy (n=100k)	dataset_name-FR-FCM-Z2KP-healthy_dataset-revision-67990f383ac8f169c9a00148febba1ed357e18e8_name-data_import.data_raw_potential-batches-1_seed-420_sub-sampling-100000_transformation-cofactor-150	1e+05	cygate	CyGATE	drop-train	.3cfd963b74881b9b1c81b4e4a8fcce333a9461195e98d122e6c796123d7e9c79	Drop ungated training	5	5	1	complete	completion_coverage	Completion coverage	1	accepted effective cases / requested effective cases, including not_run
FR-FCM-Z2KP-healthy	FR-FCM-Z2KP-healthy	dataset_name-FR-FCM-Z2KP-healthy_dataset-revision-67990f383ac8f169c9a00148febba1ed357e18e8_name-data_import.data_raw_potential-batches-1_seed-42_transformation-cofactor-150	not_applicable	cygate	CyGATE	drop-train	.3cfd963b74881b9b1c81b4e4a8fcce333a9461195e98d122e6c796123d7e9c79	Drop ungated training	5	5	1	complete	completion_coverage	Completion coverage	1	accepted effective cases / requested effective cases, including not_run
FR-FCM-Z3YR	FR-FCM-Z3YR	dataset_name-FR-FCM-Z3YR_dataset-revision-67990f383ac8f169c9a00148febba1ed357e18e8_name-data_import.data_raw_potential-batches-1_seed-42_transformation-cofactor-5	not_applicable	cygate	CyGATE	drop-train	.3cfd963b74881b9b1c81b4e4a8fcce333a9461195e98d122e6c796123d7e9c79	Drop ungated training	5	5	1	complete	completion_coverage	Completion coverage	1	accepted effective cases / requested effective cases, including not_run
FR-FCM-ZY34	FR-FCM-ZY34	dataset_name-FR-FCM-ZY34_dataset-revision-67990f383ac8f169c9a00148febba1ed357e18e8_name-data_import.data_raw_potential-batches-1_seed-42_transformation-cofactor-150	not_applicable	cygate	CyGATE	drop-train	.3cfd963b74881b9b1c81b4e4a8fcce333a9461195e98d122e6c796123d7e9c79	Drop ungated training	5	5	1	complete	completion_coverage	Completion coverage	1	accepted effective cases / requested effective cases, including not_run
FR-FCM-ZYVT	FR-FCM-ZYVT	dataset_name-FR-FCM-ZYVT_dataset-revision-67990f383ac8f169c9a00148febba1ed357e18e8_name-data_import.data_raw_potential-batches-1_seed-42_transformation-cofactor-150	not_applicable	cygate	CyGATE	drop-train	.3cfd963b74881b9b1c81b4e4a8fcce333a9461195e98d122e6c796123d7e9c79	Drop ungated training	5	5	1	complete	completion_coverage	Completion coverage	1	accepted effective cases / requested effective cases, including not_run
FlowCyt	FlowCyt	dataset_name-FlowCyt_dataset-revision-67990f383ac8f169c9a00148febba1ed357e18e8_name-data_import.data_raw_potential-batches-1_seed-42_transformation-cofactor-150	not_applicable	cygate	CyGATE	drop-train	.3cfd963b74881b9b1c81b4e4a8fcce333a9461195e98d122e6c796123d7e9c79	Drop ungated training	5	5	1	complete	completion_coverage	Completion coverage	1	accepted effective cases / requested effective cases, including not_run
Levine	Levine	dataset_name-Levine_dataset-revision-67990f383ac8f169c9a00148febba1ed357e18e8_name-data_import.data_raw_potential-batches-1_seed-42_transformation-cofactor-5	not_applicable	cygate	CyGATE	drop-train	.3cfd963b74881b9b1c81b4e4a8fcce333a9461195e98d122e6c796123d7e9c79	Drop ungated training	2	2	1	complete	completion_coverage	Completion coverage	1	accepted effective cases / requested effective cases, including not_run
Samusik	Samusik	dataset_name-Samusik_dataset-revision-67990f383ac8f169c9a00148febba1ed357e18e8_name-data_import.data_raw_potential-batches-1_seed-42_transformation-cofactor-5	not_applicable	cygate	CyGATE	drop-train	.3cfd963b74881b9b1c81b4e4a8fcce333a9461195e98d122e6c796123d7e9c79	Drop ungated training	5	5	1	complete	completion_coverage	Completion coverage	1	accepted effective cases / requested effective cases, including not_run
15723074	15723074	dataset_name-15723074_dataset-revision-67990f383ac8f169c9a00148febba1ed357e18e8_name-data_import.data_raw_potential-batches-1_seed-42	not_applicable	dgcytof	DGCyTOF	drop-train	.3cfd963b74881b9b1c81b4e4a8fcce333a9461195e98d122e6c796123d7e9c79	Drop ungated training	5	5	1	complete	completion_coverage	Completion coverage	1	accepted effective cases / requested effective cases, including not_run
BodenmillerXL	BodenmillerXL	dataset_name-BodenmillerXL_dataset-revision-67990f383ac8f169c9a00148febba1ed357e18e8_name-data_import.data_raw_potential-batches-1_seed-42_transformation-cofactor-5	not_applicable	dgcytof	DGCyTOF	drop-train	.3cfd963b74881b9b1c81b4e4a8fcce333a9461195e98d122e6c796123d7e9c79	Drop ungated training	5	5	1	complete	completion_coverage	Completion coverage	1	accepted effective cases / requested effective cases, including not_run
FR-FCM-Z238	FR-FCM-Z238	dataset_name-FR-FCM-Z238_dataset-revision-67990f383ac8f169c9a00148febba1ed357e18e8_name-data_import.data_raw_potential-batches-1_seed-42_transformation-cofactor-5	not_applicable	dgcytof	DGCyTOF	drop-train	.3cfd963b74881b9b1c81b4e4a8fcce333a9461195e98d122e6c796123d7e9c79	Drop ungated training	5	5	1	complete	completion_coverage	Completion coverage	1	accepted effective cases / requested effective cases, including not_run
FR-FCM-Z2KP-covid	FR-FCM-Z2KP-covid	dataset_name-FR-FCM-Z2KP-covid_dataset-revision-67990f383ac8f169c9a00148febba1ed357e18e8_name-data_import.data_raw_potential-batches-1_seed-42_transformation-cofactor-150	not_applicable	dgcytof	DGCyTOF	drop-train	.3cfd963b74881b9b1c81b4e4a8fcce333a9461195e98d122e6c796123d7e9c79	Drop ungated training	5	5	1	complete	completion_coverage	Completion coverage	1	accepted effective cases / requested effective cases, including not_run
FR-FCM-Z2KP-healthy	FR-FCM-Z2KP-healthy (n=1k)	dataset_name-FR-FCM-Z2KP-healthy_dataset-revision-67990f383ac8f169c9a00148febba1ed357e18e8_name-data_import.data_raw_potential-batches-1_seed-420_sub-sampling-1000_transformation-cofactor-150	1000	dgcytof	DGCyTOF	drop-train	.3cfd963b74881b9b1c81b4e4a8fcce333a9461195e98d122e6c796123d7e9c79	Drop ungated training	5	5	1	complete	completion_coverage	Completion coverage	1	accepted effective cases / requested effective cases, including not_run
FR-FCM-Z2KP-healthy	FR-FCM-Z2KP-healthy (n=5k)	dataset_name-FR-FCM-Z2KP-healthy_dataset-revision-67990f383ac8f169c9a00148febba1ed357e18e8_name-data_import.data_raw_potential-batches-1_seed-420_sub-sampling-5000_transformation-cofactor-150	5000	dgcytof	DGCyTOF	drop-train	.3cfd963b74881b9b1c81b4e4a8fcce333a9461195e98d122e6c796123d7e9c79	Drop ungated training	5	5	1	complete	completion_coverage	Completion coverage	1	accepted effective cases / requested effective cases, including not_run
FR-FCM-Z2KP-healthy	FR-FCM-Z2KP-healthy (n=10k)	dataset_name-FR-FCM-Z2KP-healthy_dataset-revision-67990f383ac8f169c9a00148febba1ed357e18e8_name-data_import.data_raw_potential-batches-1_seed-420_sub-sampling-10000_transformation-cofactor-150	10000	dgcytof	DGCyTOF	drop-train	.3cfd963b74881b9b1c81b4e4a8fcce333a9461195e98d122e6c796123d7e9c79	Drop ungated training	5	5	1	complete	completion_coverage	Completion coverage	1	accepted effective cases / requested effective cases, including not_run
FR-FCM-Z2KP-healthy	FR-FCM-Z2KP-healthy (n=50k)	dataset_name-FR-FCM-Z2KP-healthy_dataset-revision-67990f383ac8f169c9a00148febba1ed357e18e8_name-data_import.data_raw_potential-batches-1_seed-420_sub-sampling-50000_transformation-cofactor-150	50000	dgcytof	DGCyTOF	drop-train	.3cfd963b74881b9b1c81b4e4a8fcce333a9461195e98d122e6c796123d7e9c79	Drop ungated training	5	5	1	complete	completion_coverage	Completion coverage	1	accepted effective cases / requested effective cases, including not_run
FR-FCM-Z2KP-healthy	FR-FCM-Z2KP-healthy (n=100k)	dataset_name-FR-FCM-Z2KP-healthy_dataset-revision-67990f383ac8f169c9a00148febba1ed357e18e8_name-data_import.data_raw_potential-batches-1_seed-420_sub-sampling-100000_transformation-cofactor-150	1e+05	dgcytof	DGCyTOF	drop-train	.3cfd963b74881b9b1c81b4e4a8fcce333a9461195e98d122e6c796123d7e9c79	Drop ungated training	5	5	1	complete	completion_coverage	Completion coverage	1	accepted effective cases / requested effective cases, including not_run
FR-FCM-Z2KP-healthy	FR-FCM-Z2KP-healthy	dataset_name-FR-FCM-Z2KP-healthy_dataset-revision-67990f383ac8f169c9a00148febba1ed357e18e8_name-data_import.data_raw_potential-batches-1_seed-42_transformation-cofactor-150	not_applicable	dgcytof	DGCyTOF	drop-train	.3cfd963b74881b9b1c81b4e4a8fcce333a9461195e98d122e6c796123d7e9c79	Drop ungated training	5	5	1	complete	completion_coverage	Completion coverage	1	accepted effective cases / requested effective cases, including not_run
FR-FCM-Z3YR	FR-FCM-Z3YR	dataset_name-FR-FCM-Z3YR_dataset-revision-67990f383ac8f169c9a00148febba1ed357e18e8_name-data_import.data_raw_potential-batches-1_seed-42_transformation-cofactor-5	not_applicable	dgcytof	DGCyTOF	drop-train	.3cfd963b74881b9b1c81b4e4a8fcce333a9461195e98d122e6c796123d7e9c79	Drop ungated training	5	5	1	complete	completion_coverage	Completion coverage	1	accepted effective cases / requested effective cases, including not_run
FR-FCM-ZY34	FR-FCM-ZY34	dataset_name-FR-FCM-ZY34_dataset-revision-67990f383ac8f169c9a00148febba1ed357e18e8_name-data_import.data_raw_potential-batches-1_seed-42_transformation-cofactor-150	not_applicable	dgcytof	DGCyTOF	drop-train	.3cfd963b74881b9b1c81b4e4a8fcce333a9461195e98d122e6c796123d7e9c79	Drop ungated training	5	5	1	complete	completion_coverage	Completion coverage	1	accepted effective cases / requested effective cases, including not_run
FR-FCM-ZYVT	FR-FCM-ZYVT	dataset_name-FR-FCM-ZYVT_dataset-revision-67990f383ac8f169c9a00148febba1ed357e18e8_name-data_import.data_raw_potential-batches-1_seed-42_transformation-cofactor-150	not_applicable	dgcytof	DGCyTOF	drop-train	.3cfd963b74881b9b1c81b4e4a8fcce333a9461195e98d122e6c796123d7e9c79	Drop ungated training	5	5	1	complete	completion_coverage	Completion coverage	1	accepted effective cases / requested effective cases, including not_run
FlowCyt	FlowCyt	dataset_name-FlowCyt_dataset-revision-67990f383ac8f169c9a00148febba1ed357e18e8_name-data_import.data_raw_potential-batches-1_seed-42_transformation-cofactor-150	not_applicable	dgcytof	DGCyTOF	drop-train	.3cfd963b74881b9b1c81b4e4a8fcce333a9461195e98d122e6c796123d7e9c79	Drop ungated training	5	5	1	complete	completion_coverage	Completion coverage	1	accepted effective cases / requested effective cases, including not_run
Levine	Levine	dataset_name-Levine_dataset-revision-67990f383ac8f169c9a00148febba1ed357e18e8_name-data_import.data_raw_potential-batches-1_seed-42_transformation-cofactor-5	not_applicable	dgcytof	DGCyTOF	drop-train	.3cfd963b74881b9b1c81b4e4a8fcce333a9461195e98d122e6c796123d7e9c79	Drop ungated training	2	2	1	complete	completion_coverage	Completion coverage	1	accepted effective cases / requested effective cases, including not_run
Samusik	Samusik	dataset_name-Samusik_dataset-revision-67990f383ac8f169c9a00148febba1ed357e18e8_name-data_import.data_raw_potential-batches-1_seed-42_transformation-cofactor-5	not_applicable	dgcytof	DGCyTOF	drop-train	.3cfd963b74881b9b1c81b4e4a8fcce333a9461195e98d122e6c796123d7e9c79	Drop ungated training	5	5	1	complete	completion_coverage	Completion coverage	1	accepted effective cases / requested effective cases, including not_run
15723074	15723074	dataset_name-15723074_dataset-revision-67990f383ac8f169c9a00148febba1ed357e18e8_name-data_import.data_raw_potential-batches-1_seed-42	not_applicable	gatemeclass[E]	GateMeClass [E]	drop-train	.3cfd963b74881b9b1c81b4e4a8fcce333a9461195e98d122e6c796123d7e9c79	Drop ungated training	5	5	1	complete	completion_coverage	Completion coverage	1	accepted effective cases / requested effective cases, including not_run
BodenmillerXL	BodenmillerXL	dataset_name-BodenmillerXL_dataset-revision-67990f383ac8f169c9a00148febba1ed357e18e8_name-data_import.data_raw_potential-batches-1_seed-42_transformation-cofactor-5	not_applicable	gatemeclass[E]	GateMeClass [E]	drop-train	.3cfd963b74881b9b1c81b4e4a8fcce333a9461195e98d122e6c796123d7e9c79	Drop ungated training	5	5	1	complete	completion_coverage	Completion coverage	1	accepted effective cases / requested effective cases, including not_run
FR-FCM-Z238	FR-FCM-Z238	dataset_name-FR-FCM-Z238_dataset-revision-67990f383ac8f169c9a00148febba1ed357e18e8_name-data_import.data_raw_potential-batches-1_seed-42_transformation-cofactor-5	not_applicable	gatemeclass[E]	GateMeClass [E]	drop-train	.3cfd963b74881b9b1c81b4e4a8fcce333a9461195e98d122e6c796123d7e9c79	Drop ungated training	0	5	0	incomplete	completion_coverage	Completion coverage	0	accepted effective cases / requested effective cases, including not_run
FR-FCM-Z2KP-covid	FR-FCM-Z2KP-covid	dataset_name-FR-FCM-Z2KP-covid_dataset-revision-67990f383ac8f169c9a00148febba1ed357e18e8_name-data_import.data_raw_potential-batches-1_seed-42_transformation-cofactor-150	not_applicable	gatemeclass[E]	GateMeClass [E]	drop-train	.3cfd963b74881b9b1c81b4e4a8fcce333a9461195e98d122e6c796123d7e9c79	Drop ungated training	0	5	0	incomplete	completion_coverage	Completion coverage	0	accepted effective cases / requested effective cases, including not_run
FR-FCM-Z2KP-healthy	FR-FCM-Z2KP-healthy (n=1k)	dataset_name-FR-FCM-Z2KP-healthy_dataset-revision-67990f383ac8f169c9a00148febba1ed357e18e8_name-data_import.data_raw_potential-batches-1_seed-420_sub-sampling-1000_transformation-cofactor-150	1000	gatemeclass[E]	GateMeClass [E]	drop-train	.3cfd963b74881b9b1c81b4e4a8fcce333a9461195e98d122e6c796123d7e9c79	Drop ungated training	5	5	1	complete	completion_coverage	Completion coverage	1	accepted effective cases / requested effective cases, including not_run
FR-FCM-Z2KP-healthy	FR-FCM-Z2KP-healthy (n=5k)	dataset_name-FR-FCM-Z2KP-healthy_dataset-revision-67990f383ac8f169c9a00148febba1ed357e18e8_name-data_import.data_raw_potential-batches-1_seed-420_sub-sampling-5000_transformation-cofactor-150	5000	gatemeclass[E]	GateMeClass [E]	drop-train	.3cfd963b74881b9b1c81b4e4a8fcce333a9461195e98d122e6c796123d7e9c79	Drop ungated training	5	5	1	complete	completion_coverage	Completion coverage	1	accepted effective cases / requested effective cases, including not_run
FR-FCM-Z2KP-healthy	FR-FCM-Z2KP-healthy (n=10k)	dataset_name-FR-FCM-Z2KP-healthy_dataset-revision-67990f383ac8f169c9a00148febba1ed357e18e8_name-data_import.data_raw_potential-batches-1_seed-420_sub-sampling-10000_transformation-cofactor-150	10000	gatemeclass[E]	GateMeClass [E]	drop-train	.3cfd963b74881b9b1c81b4e4a8fcce333a9461195e98d122e6c796123d7e9c79	Drop ungated training	5	5	1	complete	completion_coverage	Completion coverage	1	accepted effective cases / requested effective cases, including not_run
FR-FCM-Z2KP-healthy	FR-FCM-Z2KP-healthy (n=50k)	dataset_name-FR-FCM-Z2KP-healthy_dataset-revision-67990f383ac8f169c9a00148febba1ed357e18e8_name-data_import.data_raw_potential-batches-1_seed-420_sub-sampling-50000_transformation-cofactor-150	50000	gatemeclass[E]	GateMeClass [E]	drop-train	.3cfd963b74881b9b1c81b4e4a8fcce333a9461195e98d122e6c796123d7e9c79	Drop ungated training	5	5	1	complete	completion_coverage	Completion coverage	1	accepted effective cases / requested effective cases, including not_run
FR-FCM-Z2KP-healthy	FR-FCM-Z2KP-healthy (n=100k)	dataset_name-FR-FCM-Z2KP-healthy_dataset-revision-67990f383ac8f169c9a00148febba1ed357e18e8_name-data_import.data_raw_potential-batches-1_seed-420_sub-sampling-100000_transformation-cofactor-150	1e+05	gatemeclass[E]	GateMeClass [E]	drop-train	.3cfd963b74881b9b1c81b4e4a8fcce333a9461195e98d122e6c796123d7e9c79	Drop ungated training	5	5	1	complete	completion_coverage	Completion coverage	1	accepted effective cases / requested effective cases, including not_run
FR-FCM-Z2KP-healthy	FR-FCM-Z2KP-healthy	dataset_name-FR-FCM-Z2KP-healthy_dataset-revision-67990f383ac8f169c9a00148febba1ed357e18e8_name-data_import.data_raw_potential-batches-1_seed-42_transformation-cofactor-150	not_applicable	gatemeclass[E]	GateMeClass [E]	drop-train	.3cfd963b74881b9b1c81b4e4a8fcce333a9461195e98d122e6c796123d7e9c79	Drop ungated training	5	5	1	complete	completion_coverage	Completion coverage	1	accepted effective cases / requested effective cases, including not_run
FR-FCM-Z3YR	FR-FCM-Z3YR	dataset_name-FR-FCM-Z3YR_dataset-revision-67990f383ac8f169c9a00148febba1ed357e18e8_name-data_import.data_raw_potential-batches-1_seed-42_transformation-cofactor-5	not_applicable	gatemeclass[E]	GateMeClass [E]	drop-train	.3cfd963b74881b9b1c81b4e4a8fcce333a9461195e98d122e6c796123d7e9c79	Drop ungated training	0	5	0	incomplete	completion_coverage	Completion coverage	0	accepted effective cases / requested effective cases, including not_run
FR-FCM-ZY34	FR-FCM-ZY34	dataset_name-FR-FCM-ZY34_dataset-revision-67990f383ac8f169c9a00148febba1ed357e18e8_name-data_import.data_raw_potential-batches-1_seed-42_transformation-cofactor-150	not_applicable	gatemeclass[E]	GateMeClass [E]	drop-train	.3cfd963b74881b9b1c81b4e4a8fcce333a9461195e98d122e6c796123d7e9c79	Drop ungated training	5	5	1	complete	completion_coverage	Completion coverage	1	accepted effective cases / requested effective cases, including not_run
FR-FCM-ZYVT	FR-FCM-ZYVT	dataset_name-FR-FCM-ZYVT_dataset-revision-67990f383ac8f169c9a00148febba1ed357e18e8_name-data_import.data_raw_potential-batches-1_seed-42_transformation-cofactor-150	not_applicable	gatemeclass[E]	GateMeClass [E]	drop-train	.3cfd963b74881b9b1c81b4e4a8fcce333a9461195e98d122e6c796123d7e9c79	Drop ungated training	5	5	1	complete	completion_coverage	Completion coverage	1	accepted effective cases / requested effective cases, including not_run
FlowCyt	FlowCyt	dataset_name-FlowCyt_dataset-revision-67990f383ac8f169c9a00148febba1ed357e18e8_name-data_import.data_raw_potential-batches-1_seed-42_transformation-cofactor-150	not_applicable	gatemeclass[E]	GateMeClass [E]	drop-train	.3cfd963b74881b9b1c81b4e4a8fcce333a9461195e98d122e6c796123d7e9c79	Drop ungated training	0	5	0	incomplete	completion_coverage	Completion coverage	0	accepted effective cases / requested effective cases, including not_run
Levine	Levine	dataset_name-Levine_dataset-revision-67990f383ac8f169c9a00148febba1ed357e18e8_name-data_import.data_raw_potential-batches-1_seed-42_transformation-cofactor-5	not_applicable	gatemeclass[E]	GateMeClass [E]	drop-train	.3cfd963b74881b9b1c81b4e4a8fcce333a9461195e98d122e6c796123d7e9c79	Drop ungated training	2	2	1	complete	completion_coverage	Completion coverage	1	accepted effective cases / requested effective cases, including not_run
Samusik	Samusik	dataset_name-Samusik_dataset-revision-67990f383ac8f169c9a00148febba1ed357e18e8_name-data_import.data_raw_potential-batches-1_seed-42_transformation-cofactor-5	not_applicable	gatemeclass[E]	GateMeClass [E]	drop-train	.3cfd963b74881b9b1c81b4e4a8fcce333a9461195e98d122e6c796123d7e9c79	Drop ungated training	5	5	1	complete	completion_coverage	Completion coverage	1	accepted effective cases / requested effective cases, including not_run
15723074	15723074	dataset_name-15723074_dataset-revision-67990f383ac8f169c9a00148febba1ed357e18e8_name-data_import.data_raw_potential-batches-1_seed-42	not_applicable	gatemeclass[V]	GateMeClass [V]	drop-train	.3cfd963b74881b9b1c81b4e4a8fcce333a9461195e98d122e6c796123d7e9c79	Drop ungated training	5	5	1	complete	completion_coverage	Completion coverage	1	accepted effective cases / requested effective cases, including not_run
BodenmillerXL	BodenmillerXL	dataset_name-BodenmillerXL_dataset-revision-67990f383ac8f169c9a00148febba1ed357e18e8_name-data_import.data_raw_potential-batches-1_seed-42_transformation-cofactor-5	not_applicable	gatemeclass[V]	GateMeClass [V]	drop-train	.3cfd963b74881b9b1c81b4e4a8fcce333a9461195e98d122e6c796123d7e9c79	Drop ungated training	5	5	1	complete	completion_coverage	Completion coverage	1	accepted effective cases / requested effective cases, including not_run
FR-FCM-Z238	FR-FCM-Z238	dataset_name-FR-FCM-Z238_dataset-revision-67990f383ac8f169c9a00148febba1ed357e18e8_name-data_import.data_raw_potential-batches-1_seed-42_transformation-cofactor-5	not_applicable	gatemeclass[V]	GateMeClass [V]	drop-train	.3cfd963b74881b9b1c81b4e4a8fcce333a9461195e98d122e6c796123d7e9c79	Drop ungated training	0	5	0	incomplete	completion_coverage	Completion coverage	0	accepted effective cases / requested effective cases, including not_run
FR-FCM-Z2KP-covid	FR-FCM-Z2KP-covid	dataset_name-FR-FCM-Z2KP-covid_dataset-revision-67990f383ac8f169c9a00148febba1ed357e18e8_name-data_import.data_raw_potential-batches-1_seed-42_transformation-cofactor-150	not_applicable	gatemeclass[V]	GateMeClass [V]	drop-train	.3cfd963b74881b9b1c81b4e4a8fcce333a9461195e98d122e6c796123d7e9c79	Drop ungated training	0	5	0	incomplete	completion_coverage	Completion coverage	0	accepted effective cases / requested effective cases, including not_run
FR-FCM-Z2KP-healthy	FR-FCM-Z2KP-healthy (n=1k)	dataset_name-FR-FCM-Z2KP-healthy_dataset-revision-67990f383ac8f169c9a00148febba1ed357e18e8_name-data_import.data_raw_potential-batches-1_seed-420_sub-sampling-1000_transformation-cofactor-150	1000	gatemeclass[V]	GateMeClass [V]	drop-train	.3cfd963b74881b9b1c81b4e4a8fcce333a9461195e98d122e6c796123d7e9c79	Drop ungated training	5	5	1	complete	completion_coverage	Completion coverage	1	accepted effective cases / requested effective cases, including not_run
FR-FCM-Z2KP-healthy	FR-FCM-Z2KP-healthy (n=5k)	dataset_name-FR-FCM-Z2KP-healthy_dataset-revision-67990f383ac8f169c9a00148febba1ed357e18e8_name-data_import.data_raw_potential-batches-1_seed-420_sub-sampling-5000_transformation-cofactor-150	5000	gatemeclass[V]	GateMeClass [V]	drop-train	.3cfd963b74881b9b1c81b4e4a8fcce333a9461195e98d122e6c796123d7e9c79	Drop ungated training	5	5	1	complete	completion_coverage	Completion coverage	1	accepted effective cases / requested effective cases, including not_run
FR-FCM-Z2KP-healthy	FR-FCM-Z2KP-healthy (n=10k)	dataset_name-FR-FCM-Z2KP-healthy_dataset-revision-67990f383ac8f169c9a00148febba1ed357e18e8_name-data_import.data_raw_potential-batches-1_seed-420_sub-sampling-10000_transformation-cofactor-150	10000	gatemeclass[V]	GateMeClass [V]	drop-train	.3cfd963b74881b9b1c81b4e4a8fcce333a9461195e98d122e6c796123d7e9c79	Drop ungated training	5	5	1	complete	completion_coverage	Completion coverage	1	accepted effective cases / requested effective cases, including not_run
FR-FCM-Z2KP-healthy	FR-FCM-Z2KP-healthy (n=50k)	dataset_name-FR-FCM-Z2KP-healthy_dataset-revision-67990f383ac8f169c9a00148febba1ed357e18e8_name-data_import.data_raw_potential-batches-1_seed-420_sub-sampling-50000_transformation-cofactor-150	50000	gatemeclass[V]	GateMeClass [V]	drop-train	.3cfd963b74881b9b1c81b4e4a8fcce333a9461195e98d122e6c796123d7e9c79	Drop ungated training	5	5	1	complete	completion_coverage	Completion coverage	1	accepted effective cases / requested effective cases, including not_run
FR-FCM-Z2KP-healthy	FR-FCM-Z2KP-healthy (n=100k)	dataset_name-FR-FCM-Z2KP-healthy_dataset-revision-67990f383ac8f169c9a00148febba1ed357e18e8_name-data_import.data_raw_potential-batches-1_seed-420_sub-sampling-100000_transformation-cofactor-150	1e+05	gatemeclass[V]	GateMeClass [V]	drop-train	.3cfd963b74881b9b1c81b4e4a8fcce333a9461195e98d122e6c796123d7e9c79	Drop ungated training	5	5	1	complete	completion_coverage	Completion coverage	1	accepted effective cases / requested effective cases, including not_run
FR-FCM-Z2KP-healthy	FR-FCM-Z2KP-healthy	dataset_name-FR-FCM-Z2KP-healthy_dataset-revision-67990f383ac8f169c9a00148febba1ed357e18e8_name-data_import.data_raw_potential-batches-1_seed-42_transformation-cofactor-150	not_applicable	gatemeclass[V]	GateMeClass [V]	drop-train	.3cfd963b74881b9b1c81b4e4a8fcce333a9461195e98d122e6c796123d7e9c79	Drop ungated training	5	5	1	complete	completion_coverage	Completion coverage	1	accepted effective cases / requested effective cases, including not_run
FR-FCM-Z3YR	FR-FCM-Z3YR	dataset_name-FR-FCM-Z3YR_dataset-revision-67990f383ac8f169c9a00148febba1ed357e18e8_name-data_import.data_raw_potential-batches-1_seed-42_transformation-cofactor-5	not_applicable	gatemeclass[V]	GateMeClass [V]	drop-train	.3cfd963b74881b9b1c81b4e4a8fcce333a9461195e98d122e6c796123d7e9c79	Drop ungated training	0	5	0	incomplete	completion_coverage	Completion coverage	0	accepted effective cases / requested effective cases, including not_run
FR-FCM-ZY34	FR-FCM-ZY34	dataset_name-FR-FCM-ZY34_dataset-revision-67990f383ac8f169c9a00148febba1ed357e18e8_name-data_import.data_raw_potential-batches-1_seed-42_transformation-cofactor-150	not_applicable	gatemeclass[V]	GateMeClass [V]	drop-train	.3cfd963b74881b9b1c81b4e4a8fcce333a9461195e98d122e6c796123d7e9c79	Drop ungated training	5	5	1	complete	completion_coverage	Completion coverage	1	accepted effective cases / requested effective cases, including not_run
FR-FCM-ZYVT	FR-FCM-ZYVT	dataset_name-FR-FCM-ZYVT_dataset-revision-67990f383ac8f169c9a00148febba1ed357e18e8_name-data_import.data_raw_potential-batches-1_seed-42_transformation-cofactor-150	not_applicable	gatemeclass[V]	GateMeClass [V]	drop-train	.3cfd963b74881b9b1c81b4e4a8fcce333a9461195e98d122e6c796123d7e9c79	Drop ungated training	5	5	1	complete	completion_coverage	Completion coverage	1	accepted effective cases / requested effective cases, including not_run
FlowCyt	FlowCyt	dataset_name-FlowCyt_dataset-revision-67990f383ac8f169c9a00148febba1ed357e18e8_name-data_import.data_raw_potential-batches-1_seed-42_transformation-cofactor-150	not_applicable	gatemeclass[V]	GateMeClass [V]	drop-train	.3cfd963b74881b9b1c81b4e4a8fcce333a9461195e98d122e6c796123d7e9c79	Drop ungated training	0	5	0	incomplete	completion_coverage	Completion coverage	0	accepted effective cases / requested effective cases, including not_run
Levine	Levine	dataset_name-Levine_dataset-revision-67990f383ac8f169c9a00148febba1ed357e18e8_name-data_import.data_raw_potential-batches-1_seed-42_transformation-cofactor-5	not_applicable	gatemeclass[V]	GateMeClass [V]	drop-train	.3cfd963b74881b9b1c81b4e4a8fcce333a9461195e98d122e6c796123d7e9c79	Drop ungated training	2	2	1	complete	completion_coverage	Completion coverage	1	accepted effective cases / requested effective cases, including not_run
Samusik	Samusik	dataset_name-Samusik_dataset-revision-67990f383ac8f169c9a00148febba1ed357e18e8_name-data_import.data_raw_potential-batches-1_seed-42_transformation-cofactor-5	not_applicable	gatemeclass[V]	GateMeClass [V]	drop-train	.3cfd963b74881b9b1c81b4e4a8fcce333a9461195e98d122e6c796123d7e9c79	Drop ungated training	5	5	1	complete	completion_coverage	Completion coverage	1	accepted effective cases / requested effective cases, including not_run
15723074	15723074	dataset_name-15723074_dataset-revision-67990f383ac8f169c9a00148febba1ed357e18e8_name-data_import.data_raw_potential-batches-1_seed-42	not_applicable	knn	KNN	drop-train	.3cfd963b74881b9b1c81b4e4a8fcce333a9461195e98d122e6c796123d7e9c79	Drop ungated training	5	5	1	complete	completion_coverage	Completion coverage	1	accepted effective cases / requested effective cases, including not_run
BodenmillerXL	BodenmillerXL	dataset_name-BodenmillerXL_dataset-revision-67990f383ac8f169c9a00148febba1ed357e18e8_name-data_import.data_raw_potential-batches-1_seed-42_transformation-cofactor-5	not_applicable	knn	KNN	drop-train	.3cfd963b74881b9b1c81b4e4a8fcce333a9461195e98d122e6c796123d7e9c79	Drop ungated training	5	5	1	complete	completion_coverage	Completion coverage	1	accepted effective cases / requested effective cases, including not_run
FR-FCM-Z238	FR-FCM-Z238	dataset_name-FR-FCM-Z238_dataset-revision-67990f383ac8f169c9a00148febba1ed357e18e8_name-data_import.data_raw_potential-batches-1_seed-42_transformation-cofactor-5	not_applicable	knn	KNN	drop-train	.3cfd963b74881b9b1c81b4e4a8fcce333a9461195e98d122e6c796123d7e9c79	Drop ungated training	5	5	1	complete	completion_coverage	Completion coverage	1	accepted effective cases / requested effective cases, including not_run
FR-FCM-Z2KP-covid	FR-FCM-Z2KP-covid	dataset_name-FR-FCM-Z2KP-covid_dataset-revision-67990f383ac8f169c9a00148febba1ed357e18e8_name-data_import.data_raw_potential-batches-1_seed-42_transformation-cofactor-150	not_applicable	knn	KNN	drop-train	.3cfd963b74881b9b1c81b4e4a8fcce333a9461195e98d122e6c796123d7e9c79	Drop ungated training	5	5	1	complete	completion_coverage	Completion coverage	1	accepted effective cases / requested effective cases, including not_run
FR-FCM-Z2KP-healthy	FR-FCM-Z2KP-healthy (n=1k)	dataset_name-FR-FCM-Z2KP-healthy_dataset-revision-67990f383ac8f169c9a00148febba1ed357e18e8_name-data_import.data_raw_potential-batches-1_seed-420_sub-sampling-1000_transformation-cofactor-150	1000	knn	KNN	drop-train	.3cfd963b74881b9b1c81b4e4a8fcce333a9461195e98d122e6c796123d7e9c79	Drop ungated training	5	5	1	complete	completion_coverage	Completion coverage	1	accepted effective cases / requested effective cases, including not_run
FR-FCM-Z2KP-healthy	FR-FCM-Z2KP-healthy (n=5k)	dataset_name-FR-FCM-Z2KP-healthy_dataset-revision-67990f383ac8f169c9a00148febba1ed357e18e8_name-data_import.data_raw_potential-batches-1_seed-420_sub-sampling-5000_transformation-cofactor-150	5000	knn	KNN	drop-train	.3cfd963b74881b9b1c81b4e4a8fcce333a9461195e98d122e6c796123d7e9c79	Drop ungated training	5	5	1	complete	completion_coverage	Completion coverage	1	accepted effective cases / requested effective cases, including not_run
FR-FCM-Z2KP-healthy	FR-FCM-Z2KP-healthy (n=10k)	dataset_name-FR-FCM-Z2KP-healthy_dataset-revision-67990f383ac8f169c9a00148febba1ed357e18e8_name-data_import.data_raw_potential-batches-1_seed-420_sub-sampling-10000_transformation-cofactor-150	10000	knn	KNN	drop-train	.3cfd963b74881b9b1c81b4e4a8fcce333a9461195e98d122e6c796123d7e9c79	Drop ungated training	5	5	1	complete	completion_coverage	Completion coverage	1	accepted effective cases / requested effective cases, including not_run
FR-FCM-Z2KP-healthy	FR-FCM-Z2KP-healthy (n=50k)	dataset_name-FR-FCM-Z2KP-healthy_dataset-revision-67990f383ac8f169c9a00148febba1ed357e18e8_name-data_import.data_raw_potential-batches-1_seed-420_sub-sampling-50000_transformation-cofactor-150	50000	knn	KNN	drop-train	.3cfd963b74881b9b1c81b4e4a8fcce333a9461195e98d122e6c796123d7e9c79	Drop ungated training	5	5	1	complete	completion_coverage	Completion coverage	1	accepted effective cases / requested effective cases, including not_run
FR-FCM-Z2KP-healthy	FR-FCM-Z2KP-healthy (n=100k)	dataset_name-FR-FCM-Z2KP-healthy_dataset-revision-67990f383ac8f169c9a00148febba1ed357e18e8_name-data_import.data_raw_potential-batches-1_seed-420_sub-sampling-100000_transformation-cofactor-150	1e+05	knn	KNN	drop-train	.3cfd963b74881b9b1c81b4e4a8fcce333a9461195e98d122e6c796123d7e9c79	Drop ungated training	5	5	1	complete	completion_coverage	Completion coverage	1	accepted effective cases / requested effective cases, including not_run
FR-FCM-Z2KP-healthy	FR-FCM-Z2KP-healthy	dataset_name-FR-FCM-Z2KP-healthy_dataset-revision-67990f383ac8f169c9a00148febba1ed357e18e8_name-data_import.data_raw_potential-batches-1_seed-42_transformation-cofactor-150	not_applicable	knn	KNN	drop-train	.3cfd963b74881b9b1c81b4e4a8fcce333a9461195e98d122e6c796123d7e9c79	Drop ungated training	5	5	1	complete	completion_coverage	Completion coverage	1	accepted effective cases / requested effective cases, including not_run
FR-FCM-Z3YR	FR-FCM-Z3YR	dataset_name-FR-FCM-Z3YR_dataset-revision-67990f383ac8f169c9a00148febba1ed357e18e8_name-data_import.data_raw_potential-batches-1_seed-42_transformation-cofactor-5	not_applicable	knn	KNN	drop-train	.3cfd963b74881b9b1c81b4e4a8fcce333a9461195e98d122e6c796123d7e9c79	Drop ungated training	5	5	1	complete	completion_coverage	Completion coverage	1	accepted effective cases / requested effective cases, including not_run
FR-FCM-ZY34	FR-FCM-ZY34	dataset_name-FR-FCM-ZY34_dataset-revision-67990f383ac8f169c9a00148febba1ed357e18e8_name-data_import.data_raw_potential-batches-1_seed-42_transformation-cofactor-150	not_applicable	knn	KNN	drop-train	.3cfd963b74881b9b1c81b4e4a8fcce333a9461195e98d122e6c796123d7e9c79	Drop ungated training	5	5	1	complete	completion_coverage	Completion coverage	1	accepted effective cases / requested effective cases, including not_run
FR-FCM-ZYVT	FR-FCM-ZYVT	dataset_name-FR-FCM-ZYVT_dataset-revision-67990f383ac8f169c9a00148febba1ed357e18e8_name-data_import.data_raw_potential-batches-1_seed-42_transformation-cofactor-150	not_applicable	knn	KNN	drop-train	.3cfd963b74881b9b1c81b4e4a8fcce333a9461195e98d122e6c796123d7e9c79	Drop ungated training	5	5	1	complete	completion_coverage	Completion coverage	1	accepted effective cases / requested effective cases, including not_run
FlowCyt	FlowCyt	dataset_name-FlowCyt_dataset-revision-67990f383ac8f169c9a00148febba1ed357e18e8_name-data_import.data_raw_potential-batches-1_seed-42_transformation-cofactor-150	not_applicable	knn	KNN	drop-train	.3cfd963b74881b9b1c81b4e4a8fcce333a9461195e98d122e6c796123d7e9c79	Drop ungated training	5	5	1	complete	completion_coverage	Completion coverage	1	accepted effective cases / requested effective cases, including not_run
Levine	Levine	dataset_name-Levine_dataset-revision-67990f383ac8f169c9a00148febba1ed357e18e8_name-data_import.data_raw_potential-batches-1_seed-42_transformation-cofactor-5	not_applicable	knn	KNN	drop-train	.3cfd963b74881b9b1c81b4e4a8fcce333a9461195e98d122e6c796123d7e9c79	Drop ungated training	2	2	1	complete	completion_coverage	Completion coverage	1	accepted effective cases / requested effective cases, including not_run
Samusik	Samusik	dataset_name-Samusik_dataset-revision-67990f383ac8f169c9a00148febba1ed357e18e8_name-data_import.data_raw_potential-batches-1_seed-42_transformation-cofactor-5	not_applicable	knn	KNN	drop-train	.3cfd963b74881b9b1c81b4e4a8fcce333a9461195e98d122e6c796123d7e9c79	Drop ungated training	5	5	1	complete	completion_coverage	Completion coverage	1	accepted effective cases / requested effective cases, including not_run
15723074	15723074	dataset_name-15723074_dataset-revision-67990f383ac8f169c9a00148febba1ed357e18e8_name-data_import.data_raw_potential-batches-1_seed-42	not_applicable	lda	LDA	drop-train	.3cfd963b74881b9b1c81b4e4a8fcce333a9461195e98d122e6c796123d7e9c79	Drop ungated training	5	5	1	complete	completion_coverage	Completion coverage	1	accepted effective cases / requested effective cases, including not_run
BodenmillerXL	BodenmillerXL	dataset_name-BodenmillerXL_dataset-revision-67990f383ac8f169c9a00148febba1ed357e18e8_name-data_import.data_raw_potential-batches-1_seed-42_transformation-cofactor-5	not_applicable	lda	LDA	drop-train	.3cfd963b74881b9b1c81b4e4a8fcce333a9461195e98d122e6c796123d7e9c79	Drop ungated training	5	5	1	complete	completion_coverage	Completion coverage	1	accepted effective cases / requested effective cases, including not_run
FR-FCM-Z238	FR-FCM-Z238	dataset_name-FR-FCM-Z238_dataset-revision-67990f383ac8f169c9a00148febba1ed357e18e8_name-data_import.data_raw_potential-batches-1_seed-42_transformation-cofactor-5	not_applicable	lda	LDA	drop-train	.3cfd963b74881b9b1c81b4e4a8fcce333a9461195e98d122e6c796123d7e9c79	Drop ungated training	5	5	1	complete	completion_coverage	Completion coverage	1	accepted effective cases / requested effective cases, including not_run
FR-FCM-Z2KP-covid	FR-FCM-Z2KP-covid	dataset_name-FR-FCM-Z2KP-covid_dataset-revision-67990f383ac8f169c9a00148febba1ed357e18e8_name-data_import.data_raw_potential-batches-1_seed-42_transformation-cofactor-150	not_applicable	lda	LDA	drop-train	.3cfd963b74881b9b1c81b4e4a8fcce333a9461195e98d122e6c796123d7e9c79	Drop ungated training	5	5	1	complete	completion_coverage	Completion coverage	1	accepted effective cases / requested effective cases, including not_run
FR-FCM-Z2KP-healthy	FR-FCM-Z2KP-healthy (n=1k)	dataset_name-FR-FCM-Z2KP-healthy_dataset-revision-67990f383ac8f169c9a00148febba1ed357e18e8_name-data_import.data_raw_potential-batches-1_seed-420_sub-sampling-1000_transformation-cofactor-150	1000	lda	LDA	drop-train	.3cfd963b74881b9b1c81b4e4a8fcce333a9461195e98d122e6c796123d7e9c79	Drop ungated training	5	5	1	complete	completion_coverage	Completion coverage	1	accepted effective cases / requested effective cases, including not_run
FR-FCM-Z2KP-healthy	FR-FCM-Z2KP-healthy (n=5k)	dataset_name-FR-FCM-Z2KP-healthy_dataset-revision-67990f383ac8f169c9a00148febba1ed357e18e8_name-data_import.data_raw_potential-batches-1_seed-420_sub-sampling-5000_transformation-cofactor-150	5000	lda	LDA	drop-train	.3cfd963b74881b9b1c81b4e4a8fcce333a9461195e98d122e6c796123d7e9c79	Drop ungated training	5	5	1	complete	completion_coverage	Completion coverage	1	accepted effective cases / requested effective cases, including not_run
FR-FCM-Z2KP-healthy	FR-FCM-Z2KP-healthy (n=10k)	dataset_name-FR-FCM-Z2KP-healthy_dataset-revision-67990f383ac8f169c9a00148febba1ed357e18e8_name-data_import.data_raw_potential-batches-1_seed-420_sub-sampling-10000_transformation-cofactor-150	10000	lda	LDA	drop-train	.3cfd963b74881b9b1c81b4e4a8fcce333a9461195e98d122e6c796123d7e9c79	Drop ungated training	5	5	1	complete	completion_coverage	Completion coverage	1	accepted effective cases / requested effective cases, including not_run
FR-FCM-Z2KP-healthy	FR-FCM-Z2KP-healthy (n=50k)	dataset_name-FR-FCM-Z2KP-healthy_dataset-revision-67990f383ac8f169c9a00148febba1ed357e18e8_name-data_import.data_raw_potential-batches-1_seed-420_sub-sampling-50000_transformation-cofactor-150	50000	lda	LDA	drop-train	.3cfd963b74881b9b1c81b4e4a8fcce333a9461195e98d122e6c796123d7e9c79	Drop ungated training	5	5	1	complete	completion_coverage	Completion coverage	1	accepted effective cases / requested effective cases, including not_run
FR-FCM-Z2KP-healthy	FR-FCM-Z2KP-healthy (n=100k)	dataset_name-FR-FCM-Z2KP-healthy_dataset-revision-67990f383ac8f169c9a00148febba1ed357e18e8_name-data_import.data_raw_potential-batches-1_seed-420_sub-sampling-100000_transformation-cofactor-150	1e+05	lda	LDA	drop-train	.3cfd963b74881b9b1c81b4e4a8fcce333a9461195e98d122e6c796123d7e9c79	Drop ungated training	5	5	1	complete	completion_coverage	Completion coverage	1	accepted effective cases / requested effective cases, including not_run
FR-FCM-Z2KP-healthy	FR-FCM-Z2KP-healthy	dataset_name-FR-FCM-Z2KP-healthy_dataset-revision-67990f383ac8f169c9a00148febba1ed357e18e8_name-data_import.data_raw_potential-batches-1_seed-42_transformation-cofactor-150	not_applicable	lda	LDA	drop-train	.3cfd963b74881b9b1c81b4e4a8fcce333a9461195e98d122e6c796123d7e9c79	Drop ungated training	5	5	1	complete	completion_coverage	Completion coverage	1	accepted effective cases / requested effective cases, including not_run
FR-FCM-Z3YR	FR-FCM-Z3YR	dataset_name-FR-FCM-Z3YR_dataset-revision-67990f383ac8f169c9a00148febba1ed357e18e8_name-data_import.data_raw_potential-batches-1_seed-42_transformation-cofactor-5	not_applicable	lda	LDA	drop-train	.3cfd963b74881b9b1c81b4e4a8fcce333a9461195e98d122e6c796123d7e9c79	Drop ungated training	5	5	1	complete	completion_coverage	Completion coverage	1	accepted effective cases / requested effective cases, including not_run
FR-FCM-ZY34	FR-FCM-ZY34	dataset_name-FR-FCM-ZY34_dataset-revision-67990f383ac8f169c9a00148febba1ed357e18e8_name-data_import.data_raw_potential-batches-1_seed-42_transformation-cofactor-150	not_applicable	lda	LDA	drop-train	.3cfd963b74881b9b1c81b4e4a8fcce333a9461195e98d122e6c796123d7e9c79	Drop ungated training	5	5	1	complete	completion_coverage	Completion coverage	1	accepted effective cases / requested effective cases, including not_run
FR-FCM-ZYVT	FR-FCM-ZYVT	dataset_name-FR-FCM-ZYVT_dataset-revision-67990f383ac8f169c9a00148febba1ed357e18e8_name-data_import.data_raw_potential-batches-1_seed-42_transformation-cofactor-150	not_applicable	lda	LDA	drop-train	.3cfd963b74881b9b1c81b4e4a8fcce333a9461195e98d122e6c796123d7e9c79	Drop ungated training	5	5	1	complete	completion_coverage	Completion coverage	1	accepted effective cases / requested effective cases, including not_run
FlowCyt	FlowCyt	dataset_name-FlowCyt_dataset-revision-67990f383ac8f169c9a00148febba1ed357e18e8_name-data_import.data_raw_potential-batches-1_seed-42_transformation-cofactor-150	not_applicable	lda	LDA	drop-train	.3cfd963b74881b9b1c81b4e4a8fcce333a9461195e98d122e6c796123d7e9c79	Drop ungated training	5	5	1	complete	completion_coverage	Completion coverage	1	accepted effective cases / requested effective cases, including not_run
Levine	Levine	dataset_name-Levine_dataset-revision-67990f383ac8f169c9a00148febba1ed357e18e8_name-data_import.data_raw_potential-batches-1_seed-42_transformation-cofactor-5	not_applicable	lda	LDA	drop-train	.3cfd963b74881b9b1c81b4e4a8fcce333a9461195e98d122e6c796123d7e9c79	Drop ungated training	2	2	1	complete	completion_coverage	Completion coverage	1	accepted effective cases / requested effective cases, including not_run
Samusik	Samusik	dataset_name-Samusik_dataset-revision-67990f383ac8f169c9a00148febba1ed357e18e8_name-data_import.data_raw_potential-batches-1_seed-42_transformation-cofactor-5	not_applicable	lda	LDA	drop-train	.3cfd963b74881b9b1c81b4e4a8fcce333a9461195e98d122e6c796123d7e9c79	Drop ungated training	5	5	1	complete	completion_coverage	Completion coverage	1	accepted effective cases / requested effective cases, including not_run
15723074	15723074	dataset_name-15723074_dataset-revision-67990f383ac8f169c9a00148febba1ed357e18e8_name-data_import.data_raw_potential-batches-1_seed-42	not_applicable	random	Random	drop-train	.3cfd963b74881b9b1c81b4e4a8fcce333a9461195e98d122e6c796123d7e9c79	Drop ungated training	5	5	1	complete	completion_coverage	Completion coverage	1	accepted effective cases / requested effective cases, including not_run
BodenmillerXL	BodenmillerXL	dataset_name-BodenmillerXL_dataset-revision-67990f383ac8f169c9a00148febba1ed357e18e8_name-data_import.data_raw_potential-batches-1_seed-42_transformation-cofactor-5	not_applicable	random	Random	drop-train	.3cfd963b74881b9b1c81b4e4a8fcce333a9461195e98d122e6c796123d7e9c79	Drop ungated training	5	5	1	complete	completion_coverage	Completion coverage	1	accepted effective cases / requested effective cases, including not_run
FR-FCM-Z238	FR-FCM-Z238	dataset_name-FR-FCM-Z238_dataset-revision-67990f383ac8f169c9a00148febba1ed357e18e8_name-data_import.data_raw_potential-batches-1_seed-42_transformation-cofactor-5	not_applicable	random	Random	drop-train	.3cfd963b74881b9b1c81b4e4a8fcce333a9461195e98d122e6c796123d7e9c79	Drop ungated training	5	5	1	complete	completion_coverage	Completion coverage	1	accepted effective cases / requested effective cases, including not_run
FR-FCM-Z2KP-covid	FR-FCM-Z2KP-covid	dataset_name-FR-FCM-Z2KP-covid_dataset-revision-67990f383ac8f169c9a00148febba1ed357e18e8_name-data_import.data_raw_potential-batches-1_seed-42_transformation-cofactor-150	not_applicable	random	Random	drop-train	.3cfd963b74881b9b1c81b4e4a8fcce333a9461195e98d122e6c796123d7e9c79	Drop ungated training	5	5	1	complete	completion_coverage	Completion coverage	1	accepted effective cases / requested effective cases, including not_run
FR-FCM-Z2KP-healthy	FR-FCM-Z2KP-healthy (n=1k)	dataset_name-FR-FCM-Z2KP-healthy_dataset-revision-67990f383ac8f169c9a00148febba1ed357e18e8_name-data_import.data_raw_potential-batches-1_seed-420_sub-sampling-1000_transformation-cofactor-150	1000	random	Random	drop-train	.3cfd963b74881b9b1c81b4e4a8fcce333a9461195e98d122e6c796123d7e9c79	Drop ungated training	5	5	1	complete	completion_coverage	Completion coverage	1	accepted effective cases / requested effective cases, including not_run
FR-FCM-Z2KP-healthy	FR-FCM-Z2KP-healthy (n=5k)	dataset_name-FR-FCM-Z2KP-healthy_dataset-revision-67990f383ac8f169c9a00148febba1ed357e18e8_name-data_import.data_raw_potential-batches-1_seed-420_sub-sampling-5000_transformation-cofactor-150	5000	random	Random	drop-train	.3cfd963b74881b9b1c81b4e4a8fcce333a9461195e98d122e6c796123d7e9c79	Drop ungated training	5	5	1	complete	completion_coverage	Completion coverage	1	accepted effective cases / requested effective cases, including not_run
FR-FCM-Z2KP-healthy	FR-FCM-Z2KP-healthy (n=10k)	dataset_name-FR-FCM-Z2KP-healthy_dataset-revision-67990f383ac8f169c9a00148febba1ed357e18e8_name-data_import.data_raw_potential-batches-1_seed-420_sub-sampling-10000_transformation-cofactor-150	10000	random	Random	drop-train	.3cfd963b74881b9b1c81b4e4a8fcce333a9461195e98d122e6c796123d7e9c79	Drop ungated training	5	5	1	complete	completion_coverage	Completion coverage	1	accepted effective cases / requested effective cases, including not_run
FR-FCM-Z2KP-healthy	FR-FCM-Z2KP-healthy (n=50k)	dataset_name-FR-FCM-Z2KP-healthy_dataset-revision-67990f383ac8f169c9a00148febba1ed357e18e8_name-data_import.data_raw_potential-batches-1_seed-420_sub-sampling-50000_transformation-cofactor-150	50000	random	Random	drop-train	.3cfd963b74881b9b1c81b4e4a8fcce333a9461195e98d122e6c796123d7e9c79	Drop ungated training	5	5	1	complete	completion_coverage	Completion coverage	1	accepted effective cases / requested effective cases, including not_run
FR-FCM-Z2KP-healthy	FR-FCM-Z2KP-healthy (n=100k)	dataset_name-FR-FCM-Z2KP-healthy_dataset-revision-67990f383ac8f169c9a00148febba1ed357e18e8_name-data_import.data_raw_potential-batches-1_seed-420_sub-sampling-100000_transformation-cofactor-150	1e+05	random	Random	drop-train	.3cfd963b74881b9b1c81b4e4a8fcce333a9461195e98d122e6c796123d7e9c79	Drop ungated training	5	5	1	complete	completion_coverage	Completion coverage	1	accepted effective cases / requested effective cases, including not_run
FR-FCM-Z2KP-healthy	FR-FCM-Z2KP-healthy	dataset_name-FR-FCM-Z2KP-healthy_dataset-revision-67990f383ac8f169c9a00148febba1ed357e18e8_name-data_import.data_raw_potential-batches-1_seed-42_transformation-cofactor-150	not_applicable	random	Random	drop-train	.3cfd963b74881b9b1c81b4e4a8fcce333a9461195e98d122e6c796123d7e9c79	Drop ungated training	5	5	1	complete	completion_coverage	Completion coverage	1	accepted effective cases / requested effective cases, including not_run
FR-FCM-Z3YR	FR-FCM-Z3YR	dataset_name-FR-FCM-Z3YR_dataset-revision-67990f383ac8f169c9a00148febba1ed357e18e8_name-data_import.data_raw_potential-batches-1_seed-42_transformation-cofactor-5	not_applicable	random	Random	drop-train	.3cfd963b74881b9b1c81b4e4a8fcce333a9461195e98d122e6c796123d7e9c79	Drop ungated training	5	5	1	complete	completion_coverage	Completion coverage	1	accepted effective cases / requested effective cases, including not_run
FR-FCM-ZY34	FR-FCM-ZY34	dataset_name-FR-FCM-ZY34_dataset-revision-67990f383ac8f169c9a00148febba1ed357e18e8_name-data_import.data_raw_potential-batches-1_seed-42_transformation-cofactor-150	not_applicable	random	Random	drop-train	.3cfd963b74881b9b1c81b4e4a8fcce333a9461195e98d122e6c796123d7e9c79	Drop ungated training	5	5	1	complete	completion_coverage	Completion coverage	1	accepted effective cases / requested effective cases, including not_run
FR-FCM-ZYVT	FR-FCM-ZYVT	dataset_name-FR-FCM-ZYVT_dataset-revision-67990f383ac8f169c9a00148febba1ed357e18e8_name-data_import.data_raw_potential-batches-1_seed-42_transformation-cofactor-150	not_applicable	random	Random	drop-train	.3cfd963b74881b9b1c81b4e4a8fcce333a9461195e98d122e6c796123d7e9c79	Drop ungated training	5	5	1	complete	completion_coverage	Completion coverage	1	accepted effective cases / requested effective cases, including not_run
FlowCyt	FlowCyt	dataset_name-FlowCyt_dataset-revision-67990f383ac8f169c9a00148febba1ed357e18e8_name-data_import.data_raw_potential-batches-1_seed-42_transformation-cofactor-150	not_applicable	random	Random	drop-train	.3cfd963b74881b9b1c81b4e4a8fcce333a9461195e98d122e6c796123d7e9c79	Drop ungated training	5	5	1	complete	completion_coverage	Completion coverage	1	accepted effective cases / requested effective cases, including not_run
Levine	Levine	dataset_name-Levine_dataset-revision-67990f383ac8f169c9a00148febba1ed357e18e8_name-data_import.data_raw_potential-batches-1_seed-42_transformation-cofactor-5	not_applicable	random	Random	drop-train	.3cfd963b74881b9b1c81b4e4a8fcce333a9461195e98d122e6c796123d7e9c79	Drop ungated training	2	2	1	complete	completion_coverage	Completion coverage	1	accepted effective cases / requested effective cases, including not_run
Samusik	Samusik	dataset_name-Samusik_dataset-revision-67990f383ac8f169c9a00148febba1ed357e18e8_name-data_import.data_raw_potential-batches-1_seed-42_transformation-cofactor-5	not_applicable	random	Random	drop-train	.3cfd963b74881b9b1c81b4e4a8fcce333a9461195e98d122e6c796123d7e9c79	Drop ungated training	5	5	1	complete	completion_coverage	Completion coverage	1	accepted effective cases / requested effective cases, including not_run
15723074	15723074	dataset_name-15723074_dataset-revision-67990f383ac8f169c9a00148febba1ed357e18e8_name-data_import.data_raw_potential-batches-1_seed-42	not_applicable	cyanno	CyAnno	drop-both	.cf99b5bbf108239b5579ea572773bd79f2991aa4794838d0cb51fe27dd533bc3	Drop ungated training + test	5	5	1	complete	completion_coverage	Completion coverage	1	accepted effective cases / requested effective cases, including not_run
BodenmillerXL	BodenmillerXL	dataset_name-BodenmillerXL_dataset-revision-67990f383ac8f169c9a00148febba1ed357e18e8_name-data_import.data_raw_potential-batches-1_seed-42_transformation-cofactor-5	not_applicable	cyanno	CyAnno	drop-both	.cf99b5bbf108239b5579ea572773bd79f2991aa4794838d0cb51fe27dd533bc3	Drop ungated training + test	5	5	1	complete	completion_coverage	Completion coverage	1	accepted effective cases / requested effective cases, including not_run
FR-FCM-Z238	FR-FCM-Z238	dataset_name-FR-FCM-Z238_dataset-revision-67990f383ac8f169c9a00148febba1ed357e18e8_name-data_import.data_raw_potential-batches-1_seed-42_transformation-cofactor-5	not_applicable	cyanno	CyAnno	drop-both	.cf99b5bbf108239b5579ea572773bd79f2991aa4794838d0cb51fe27dd533bc3	Drop ungated training + test	5	5	1	complete	completion_coverage	Completion coverage	1	accepted effective cases / requested effective cases, including not_run
FR-FCM-Z2KP-covid	FR-FCM-Z2KP-covid	dataset_name-FR-FCM-Z2KP-covid_dataset-revision-67990f383ac8f169c9a00148febba1ed357e18e8_name-data_import.data_raw_potential-batches-1_seed-42_transformation-cofactor-150	not_applicable	cyanno	CyAnno	drop-both	.cf99b5bbf108239b5579ea572773bd79f2991aa4794838d0cb51fe27dd533bc3	Drop ungated training + test	5	5	1	complete	completion_coverage	Completion coverage	1	accepted effective cases / requested effective cases, including not_run
FR-FCM-Z2KP-healthy	FR-FCM-Z2KP-healthy (n=1k)	dataset_name-FR-FCM-Z2KP-healthy_dataset-revision-67990f383ac8f169c9a00148febba1ed357e18e8_name-data_import.data_raw_potential-batches-1_seed-420_sub-sampling-1000_transformation-cofactor-150	1000	cyanno	CyAnno	drop-both	.cf99b5bbf108239b5579ea572773bd79f2991aa4794838d0cb51fe27dd533bc3	Drop ungated training + test	5	5	1	complete	completion_coverage	Completion coverage	1	accepted effective cases / requested effective cases, including not_run
FR-FCM-Z2KP-healthy	FR-FCM-Z2KP-healthy (n=5k)	dataset_name-FR-FCM-Z2KP-healthy_dataset-revision-67990f383ac8f169c9a00148febba1ed357e18e8_name-data_import.data_raw_potential-batches-1_seed-420_sub-sampling-5000_transformation-cofactor-150	5000	cyanno	CyAnno	drop-both	.cf99b5bbf108239b5579ea572773bd79f2991aa4794838d0cb51fe27dd533bc3	Drop ungated training + test	5	5	1	complete	completion_coverage	Completion coverage	1	accepted effective cases / requested effective cases, including not_run
FR-FCM-Z2KP-healthy	FR-FCM-Z2KP-healthy (n=10k)	dataset_name-FR-FCM-Z2KP-healthy_dataset-revision-67990f383ac8f169c9a00148febba1ed357e18e8_name-data_import.data_raw_potential-batches-1_seed-420_sub-sampling-10000_transformation-cofactor-150	10000	cyanno	CyAnno	drop-both	.cf99b5bbf108239b5579ea572773bd79f2991aa4794838d0cb51fe27dd533bc3	Drop ungated training + test	5	5	1	complete	completion_coverage	Completion coverage	1	accepted effective cases / requested effective cases, including not_run
FR-FCM-Z2KP-healthy	FR-FCM-Z2KP-healthy (n=50k)	dataset_name-FR-FCM-Z2KP-healthy_dataset-revision-67990f383ac8f169c9a00148febba1ed357e18e8_name-data_import.data_raw_potential-batches-1_seed-420_sub-sampling-50000_transformation-cofactor-150	50000	cyanno	CyAnno	drop-both	.cf99b5bbf108239b5579ea572773bd79f2991aa4794838d0cb51fe27dd533bc3	Drop ungated training + test	5	5	1	complete	completion_coverage	Completion coverage	1	accepted effective cases / requested effective cases, including not_run
FR-FCM-Z2KP-healthy	FR-FCM-Z2KP-healthy (n=100k)	dataset_name-FR-FCM-Z2KP-healthy_dataset-revision-67990f383ac8f169c9a00148febba1ed357e18e8_name-data_import.data_raw_potential-batches-1_seed-420_sub-sampling-100000_transformation-cofactor-150	1e+05	cyanno	CyAnno	drop-both	.cf99b5bbf108239b5579ea572773bd79f2991aa4794838d0cb51fe27dd533bc3	Drop ungated training + test	5	5	1	complete	completion_coverage	Completion coverage	1	accepted effective cases / requested effective cases, including not_run
FR-FCM-Z2KP-healthy	FR-FCM-Z2KP-healthy	dataset_name-FR-FCM-Z2KP-healthy_dataset-revision-67990f383ac8f169c9a00148febba1ed357e18e8_name-data_import.data_raw_potential-batches-1_seed-42_transformation-cofactor-150	not_applicable	cyanno	CyAnno	drop-both	.cf99b5bbf108239b5579ea572773bd79f2991aa4794838d0cb51fe27dd533bc3	Drop ungated training + test	5	5	1	complete	completion_coverage	Completion coverage	1	accepted effective cases / requested effective cases, including not_run
FR-FCM-Z3YR	FR-FCM-Z3YR	dataset_name-FR-FCM-Z3YR_dataset-revision-67990f383ac8f169c9a00148febba1ed357e18e8_name-data_import.data_raw_potential-batches-1_seed-42_transformation-cofactor-5	not_applicable	cyanno	CyAnno	drop-both	.cf99b5bbf108239b5579ea572773bd79f2991aa4794838d0cb51fe27dd533bc3	Drop ungated training + test	5	5	1	complete	completion_coverage	Completion coverage	1	accepted effective cases / requested effective cases, including not_run
FR-FCM-ZY34	FR-FCM-ZY34	dataset_name-FR-FCM-ZY34_dataset-revision-67990f383ac8f169c9a00148febba1ed357e18e8_name-data_import.data_raw_potential-batches-1_seed-42_transformation-cofactor-150	not_applicable	cyanno	CyAnno	drop-both	.cf99b5bbf108239b5579ea572773bd79f2991aa4794838d0cb51fe27dd533bc3	Drop ungated training + test	5	5	1	complete	completion_coverage	Completion coverage	1	accepted effective cases / requested effective cases, including not_run
FR-FCM-ZYVT	FR-FCM-ZYVT	dataset_name-FR-FCM-ZYVT_dataset-revision-67990f383ac8f169c9a00148febba1ed357e18e8_name-data_import.data_raw_potential-batches-1_seed-42_transformation-cofactor-150	not_applicable	cyanno	CyAnno	drop-both	.cf99b5bbf108239b5579ea572773bd79f2991aa4794838d0cb51fe27dd533bc3	Drop ungated training + test	5	5	1	complete	completion_coverage	Completion coverage	1	accepted effective cases / requested effective cases, including not_run
FlowCyt	FlowCyt	dataset_name-FlowCyt_dataset-revision-67990f383ac8f169c9a00148febba1ed357e18e8_name-data_import.data_raw_potential-batches-1_seed-42_transformation-cofactor-150	not_applicable	cyanno	CyAnno	drop-both	.cf99b5bbf108239b5579ea572773bd79f2991aa4794838d0cb51fe27dd533bc3	Drop ungated training + test	5	5	1	complete	completion_coverage	Completion coverage	1	accepted effective cases / requested effective cases, including not_run
Levine	Levine	dataset_name-Levine_dataset-revision-67990f383ac8f169c9a00148febba1ed357e18e8_name-data_import.data_raw_potential-batches-1_seed-42_transformation-cofactor-5	not_applicable	cyanno	CyAnno	drop-both	.cf99b5bbf108239b5579ea572773bd79f2991aa4794838d0cb51fe27dd533bc3	Drop ungated training + test	2	2	1	complete	completion_coverage	Completion coverage	1	accepted effective cases / requested effective cases, including not_run
Samusik	Samusik	dataset_name-Samusik_dataset-revision-67990f383ac8f169c9a00148febba1ed357e18e8_name-data_import.data_raw_potential-batches-1_seed-42_transformation-cofactor-5	not_applicable	cyanno	CyAnno	drop-both	.cf99b5bbf108239b5579ea572773bd79f2991aa4794838d0cb51fe27dd533bc3	Drop ungated training + test	5	5	1	complete	completion_coverage	Completion coverage	1	accepted effective cases / requested effective cases, including not_run
15723074	15723074	dataset_name-15723074_dataset-revision-67990f383ac8f169c9a00148febba1ed357e18e8_name-data_import.data_raw_potential-batches-1_seed-42	not_applicable	cygate	CyGATE	drop-both	.cf99b5bbf108239b5579ea572773bd79f2991aa4794838d0cb51fe27dd533bc3	Drop ungated training + test	5	5	1	complete	completion_coverage	Completion coverage	1	accepted effective cases / requested effective cases, including not_run
BodenmillerXL	BodenmillerXL	dataset_name-BodenmillerXL_dataset-revision-67990f383ac8f169c9a00148febba1ed357e18e8_name-data_import.data_raw_potential-batches-1_seed-42_transformation-cofactor-5	not_applicable	cygate	CyGATE	drop-both	.cf99b5bbf108239b5579ea572773bd79f2991aa4794838d0cb51fe27dd533bc3	Drop ungated training + test	5	5	1	complete	completion_coverage	Completion coverage	1	accepted effective cases / requested effective cases, including not_run
FR-FCM-Z238	FR-FCM-Z238	dataset_name-FR-FCM-Z238_dataset-revision-67990f383ac8f169c9a00148febba1ed357e18e8_name-data_import.data_raw_potential-batches-1_seed-42_transformation-cofactor-5	not_applicable	cygate	CyGATE	drop-both	.cf99b5bbf108239b5579ea572773bd79f2991aa4794838d0cb51fe27dd533bc3	Drop ungated training + test	5	5	1	complete	completion_coverage	Completion coverage	1	accepted effective cases / requested effective cases, including not_run
FR-FCM-Z2KP-covid	FR-FCM-Z2KP-covid	dataset_name-FR-FCM-Z2KP-covid_dataset-revision-67990f383ac8f169c9a00148febba1ed357e18e8_name-data_import.data_raw_potential-batches-1_seed-42_transformation-cofactor-150	not_applicable	cygate	CyGATE	drop-both	.cf99b5bbf108239b5579ea572773bd79f2991aa4794838d0cb51fe27dd533bc3	Drop ungated training + test	5	5	1	complete	completion_coverage	Completion coverage	1	accepted effective cases / requested effective cases, including not_run
FR-FCM-Z2KP-healthy	FR-FCM-Z2KP-healthy (n=1k)	dataset_name-FR-FCM-Z2KP-healthy_dataset-revision-67990f383ac8f169c9a00148febba1ed357e18e8_name-data_import.data_raw_potential-batches-1_seed-420_sub-sampling-1000_transformation-cofactor-150	1000	cygate	CyGATE	drop-both	.cf99b5bbf108239b5579ea572773bd79f2991aa4794838d0cb51fe27dd533bc3	Drop ungated training + test	5	5	1	complete	completion_coverage	Completion coverage	1	accepted effective cases / requested effective cases, including not_run
FR-FCM-Z2KP-healthy	FR-FCM-Z2KP-healthy (n=5k)	dataset_name-FR-FCM-Z2KP-healthy_dataset-revision-67990f383ac8f169c9a00148febba1ed357e18e8_name-data_import.data_raw_potential-batches-1_seed-420_sub-sampling-5000_transformation-cofactor-150	5000	cygate	CyGATE	drop-both	.cf99b5bbf108239b5579ea572773bd79f2991aa4794838d0cb51fe27dd533bc3	Drop ungated training + test	5	5	1	complete	completion_coverage	Completion coverage	1	accepted effective cases / requested effective cases, including not_run
FR-FCM-Z2KP-healthy	FR-FCM-Z2KP-healthy (n=10k)	dataset_name-FR-FCM-Z2KP-healthy_dataset-revision-67990f383ac8f169c9a00148febba1ed357e18e8_name-data_import.data_raw_potential-batches-1_seed-420_sub-sampling-10000_transformation-cofactor-150	10000	cygate	CyGATE	drop-both	.cf99b5bbf108239b5579ea572773bd79f2991aa4794838d0cb51fe27dd533bc3	Drop ungated training + test	5	5	1	complete	completion_coverage	Completion coverage	1	accepted effective cases / requested effective cases, including not_run
FR-FCM-Z2KP-healthy	FR-FCM-Z2KP-healthy (n=50k)	dataset_name-FR-FCM-Z2KP-healthy_dataset-revision-67990f383ac8f169c9a00148febba1ed357e18e8_name-data_import.data_raw_potential-batches-1_seed-420_sub-sampling-50000_transformation-cofactor-150	50000	cygate	CyGATE	drop-both	.cf99b5bbf108239b5579ea572773bd79f2991aa4794838d0cb51fe27dd533bc3	Drop ungated training + test	5	5	1	complete	completion_coverage	Completion coverage	1	accepted effective cases / requested effective cases, including not_run
FR-FCM-Z2KP-healthy	FR-FCM-Z2KP-healthy (n=100k)	dataset_name-FR-FCM-Z2KP-healthy_dataset-revision-67990f383ac8f169c9a00148febba1ed357e18e8_name-data_import.data_raw_potential-batches-1_seed-420_sub-sampling-100000_transformation-cofactor-150	1e+05	cygate	CyGATE	drop-both	.cf99b5bbf108239b5579ea572773bd79f2991aa4794838d0cb51fe27dd533bc3	Drop ungated training + test	5	5	1	complete	completion_coverage	Completion coverage	1	accepted effective cases / requested effective cases, including not_run
FR-FCM-Z2KP-healthy	FR-FCM-Z2KP-healthy	dataset_name-FR-FCM-Z2KP-healthy_dataset-revision-67990f383ac8f169c9a00148febba1ed357e18e8_name-data_import.data_raw_potential-batches-1_seed-42_transformation-cofactor-150	not_applicable	cygate	CyGATE	drop-both	.cf99b5bbf108239b5579ea572773bd79f2991aa4794838d0cb51fe27dd533bc3	Drop ungated training + test	5	5	1	complete	completion_coverage	Completion coverage	1	accepted effective cases / requested effective cases, including not_run
FR-FCM-Z3YR	FR-FCM-Z3YR	dataset_name-FR-FCM-Z3YR_dataset-revision-67990f383ac8f169c9a00148febba1ed357e18e8_name-data_import.data_raw_potential-batches-1_seed-42_transformation-cofactor-5	not_applicable	cygate	CyGATE	drop-both	.cf99b5bbf108239b5579ea572773bd79f2991aa4794838d0cb51fe27dd533bc3	Drop ungated training + test	5	5	1	complete	completion_coverage	Completion coverage	1	accepted effective cases / requested effective cases, including not_run
FR-FCM-ZY34	FR-FCM-ZY34	dataset_name-FR-FCM-ZY34_dataset-revision-67990f383ac8f169c9a00148febba1ed357e18e8_name-data_import.data_raw_potential-batches-1_seed-42_transformation-cofactor-150	not_applicable	cygate	CyGATE	drop-both	.cf99b5bbf108239b5579ea572773bd79f2991aa4794838d0cb51fe27dd533bc3	Drop ungated training + test	5	5	1	complete	completion_coverage	Completion coverage	1	accepted effective cases / requested effective cases, including not_run
FR-FCM-ZYVT	FR-FCM-ZYVT	dataset_name-FR-FCM-ZYVT_dataset-revision-67990f383ac8f169c9a00148febba1ed357e18e8_name-data_import.data_raw_potential-batches-1_seed-42_transformation-cofactor-150	not_applicable	cygate	CyGATE	drop-both	.cf99b5bbf108239b5579ea572773bd79f2991aa4794838d0cb51fe27dd533bc3	Drop ungated training + test	5	5	1	complete	completion_coverage	Completion coverage	1	accepted effective cases / requested effective cases, including not_run
FlowCyt	FlowCyt	dataset_name-FlowCyt_dataset-revision-67990f383ac8f169c9a00148febba1ed357e18e8_name-data_import.data_raw_potential-batches-1_seed-42_transformation-cofactor-150	not_applicable	cygate	CyGATE	drop-both	.cf99b5bbf108239b5579ea572773bd79f2991aa4794838d0cb51fe27dd533bc3	Drop ungated training + test	5	5	1	complete	completion_coverage	Completion coverage	1	accepted effective cases / requested effective cases, including not_run
Levine	Levine	dataset_name-Levine_dataset-revision-67990f383ac8f169c9a00148febba1ed357e18e8_name-data_import.data_raw_potential-batches-1_seed-42_transformation-cofactor-5	not_applicable	cygate	CyGATE	drop-both	.cf99b5bbf108239b5579ea572773bd79f2991aa4794838d0cb51fe27dd533bc3	Drop ungated training + test	2	2	1	complete	completion_coverage	Completion coverage	1	accepted effective cases / requested effective cases, including not_run
Samusik	Samusik	dataset_name-Samusik_dataset-revision-67990f383ac8f169c9a00148febba1ed357e18e8_name-data_import.data_raw_potential-batches-1_seed-42_transformation-cofactor-5	not_applicable	cygate	CyGATE	drop-both	.cf99b5bbf108239b5579ea572773bd79f2991aa4794838d0cb51fe27dd533bc3	Drop ungated training + test	5	5	1	complete	completion_coverage	Completion coverage	1	accepted effective cases / requested effective cases, including not_run
15723074	15723074	dataset_name-15723074_dataset-revision-67990f383ac8f169c9a00148febba1ed357e18e8_name-data_import.data_raw_potential-batches-1_seed-42	not_applicable	dgcytof	DGCyTOF	drop-both	.cf99b5bbf108239b5579ea572773bd79f2991aa4794838d0cb51fe27dd533bc3	Drop ungated training + test	5	5	1	complete	completion_coverage	Completion coverage	1	accepted effective cases / requested effective cases, including not_run
BodenmillerXL	BodenmillerXL	dataset_name-BodenmillerXL_dataset-revision-67990f383ac8f169c9a00148febba1ed357e18e8_name-data_import.data_raw_potential-batches-1_seed-42_transformation-cofactor-5	not_applicable	dgcytof	DGCyTOF	drop-both	.cf99b5bbf108239b5579ea572773bd79f2991aa4794838d0cb51fe27dd533bc3	Drop ungated training + test	5	5	1	complete	completion_coverage	Completion coverage	1	accepted effective cases / requested effective cases, including not_run
FR-FCM-Z238	FR-FCM-Z238	dataset_name-FR-FCM-Z238_dataset-revision-67990f383ac8f169c9a00148febba1ed357e18e8_name-data_import.data_raw_potential-batches-1_seed-42_transformation-cofactor-5	not_applicable	dgcytof	DGCyTOF	drop-both	.cf99b5bbf108239b5579ea572773bd79f2991aa4794838d0cb51fe27dd533bc3	Drop ungated training + test	5	5	1	complete	completion_coverage	Completion coverage	1	accepted effective cases / requested effective cases, including not_run
FR-FCM-Z2KP-covid	FR-FCM-Z2KP-covid	dataset_name-FR-FCM-Z2KP-covid_dataset-revision-67990f383ac8f169c9a00148febba1ed357e18e8_name-data_import.data_raw_potential-batches-1_seed-42_transformation-cofactor-150	not_applicable	dgcytof	DGCyTOF	drop-both	.cf99b5bbf108239b5579ea572773bd79f2991aa4794838d0cb51fe27dd533bc3	Drop ungated training + test	5	5	1	complete	completion_coverage	Completion coverage	1	accepted effective cases / requested effective cases, including not_run
FR-FCM-Z2KP-healthy	FR-FCM-Z2KP-healthy (n=1k)	dataset_name-FR-FCM-Z2KP-healthy_dataset-revision-67990f383ac8f169c9a00148febba1ed357e18e8_name-data_import.data_raw_potential-batches-1_seed-420_sub-sampling-1000_transformation-cofactor-150	1000	dgcytof	DGCyTOF	drop-both	.cf99b5bbf108239b5579ea572773bd79f2991aa4794838d0cb51fe27dd533bc3	Drop ungated training + test	5	5	1	complete	completion_coverage	Completion coverage	1	accepted effective cases / requested effective cases, including not_run
FR-FCM-Z2KP-healthy	FR-FCM-Z2KP-healthy (n=5k)	dataset_name-FR-FCM-Z2KP-healthy_dataset-revision-67990f383ac8f169c9a00148febba1ed357e18e8_name-data_import.data_raw_potential-batches-1_seed-420_sub-sampling-5000_transformation-cofactor-150	5000	dgcytof	DGCyTOF	drop-both	.cf99b5bbf108239b5579ea572773bd79f2991aa4794838d0cb51fe27dd533bc3	Drop ungated training + test	5	5	1	complete	completion_coverage	Completion coverage	1	accepted effective cases / requested effective cases, including not_run
FR-FCM-Z2KP-healthy	FR-FCM-Z2KP-healthy (n=10k)	dataset_name-FR-FCM-Z2KP-healthy_dataset-revision-67990f383ac8f169c9a00148febba1ed357e18e8_name-data_import.data_raw_potential-batches-1_seed-420_sub-sampling-10000_transformation-cofactor-150	10000	dgcytof	DGCyTOF	drop-both	.cf99b5bbf108239b5579ea572773bd79f2991aa4794838d0cb51fe27dd533bc3	Drop ungated training + test	5	5	1	complete	completion_coverage	Completion coverage	1	accepted effective cases / requested effective cases, including not_run
FR-FCM-Z2KP-healthy	FR-FCM-Z2KP-healthy (n=50k)	dataset_name-FR-FCM-Z2KP-healthy_dataset-revision-67990f383ac8f169c9a00148febba1ed357e18e8_name-data_import.data_raw_potential-batches-1_seed-420_sub-sampling-50000_transformation-cofactor-150	50000	dgcytof	DGCyTOF	drop-both	.cf99b5bbf108239b5579ea572773bd79f2991aa4794838d0cb51fe27dd533bc3	Drop ungated training + test	5	5	1	complete	completion_coverage	Completion coverage	1	accepted effective cases / requested effective cases, including not_run
FR-FCM-Z2KP-healthy	FR-FCM-Z2KP-healthy (n=100k)	dataset_name-FR-FCM-Z2KP-healthy_dataset-revision-67990f383ac8f169c9a00148febba1ed357e18e8_name-data_import.data_raw_potential-batches-1_seed-420_sub-sampling-100000_transformation-cofactor-150	1e+05	dgcytof	DGCyTOF	drop-both	.cf99b5bbf108239b5579ea572773bd79f2991aa4794838d0cb51fe27dd533bc3	Drop ungated training + test	5	5	1	complete	completion_coverage	Completion coverage	1	accepted effective cases / requested effective cases, including not_run
FR-FCM-Z2KP-healthy	FR-FCM-Z2KP-healthy	dataset_name-FR-FCM-Z2KP-healthy_dataset-revision-67990f383ac8f169c9a00148febba1ed357e18e8_name-data_import.data_raw_potential-batches-1_seed-42_transformation-cofactor-150	not_applicable	dgcytof	DGCyTOF	drop-both	.cf99b5bbf108239b5579ea572773bd79f2991aa4794838d0cb51fe27dd533bc3	Drop ungated training + test	5	5	1	complete	completion_coverage	Completion coverage	1	accepted effective cases / requested effective cases, including not_run
FR-FCM-Z3YR	FR-FCM-Z3YR	dataset_name-FR-FCM-Z3YR_dataset-revision-67990f383ac8f169c9a00148febba1ed357e18e8_name-data_import.data_raw_potential-batches-1_seed-42_transformation-cofactor-5	not_applicable	dgcytof	DGCyTOF	drop-both	.cf99b5bbf108239b5579ea572773bd79f2991aa4794838d0cb51fe27dd533bc3	Drop ungated training + test	5	5	1	complete	completion_coverage	Completion coverage	1	accepted effective cases / requested effective cases, including not_run
FR-FCM-ZY34	FR-FCM-ZY34	dataset_name-FR-FCM-ZY34_dataset-revision-67990f383ac8f169c9a00148febba1ed357e18e8_name-data_import.data_raw_potential-batches-1_seed-42_transformation-cofactor-150	not_applicable	dgcytof	DGCyTOF	drop-both	.cf99b5bbf108239b5579ea572773bd79f2991aa4794838d0cb51fe27dd533bc3	Drop ungated training + test	5	5	1	complete	completion_coverage	Completion coverage	1	accepted effective cases / requested effective cases, including not_run
FR-FCM-ZYVT	FR-FCM-ZYVT	dataset_name-FR-FCM-ZYVT_dataset-revision-67990f383ac8f169c9a00148febba1ed357e18e8_name-data_import.data_raw_potential-batches-1_seed-42_transformation-cofactor-150	not_applicable	dgcytof	DGCyTOF	drop-both	.cf99b5bbf108239b5579ea572773bd79f2991aa4794838d0cb51fe27dd533bc3	Drop ungated training + test	5	5	1	complete	completion_coverage	Completion coverage	1	accepted effective cases / requested effective cases, including not_run
FlowCyt	FlowCyt	dataset_name-FlowCyt_dataset-revision-67990f383ac8f169c9a00148febba1ed357e18e8_name-data_import.data_raw_potential-batches-1_seed-42_transformation-cofactor-150	not_applicable	dgcytof	DGCyTOF	drop-both	.cf99b5bbf108239b5579ea572773bd79f2991aa4794838d0cb51fe27dd533bc3	Drop ungated training + test	5	5	1	complete	completion_coverage	Completion coverage	1	accepted effective cases / requested effective cases, including not_run
Levine	Levine	dataset_name-Levine_dataset-revision-67990f383ac8f169c9a00148febba1ed357e18e8_name-data_import.data_raw_potential-batches-1_seed-42_transformation-cofactor-5	not_applicable	dgcytof	DGCyTOF	drop-both	.cf99b5bbf108239b5579ea572773bd79f2991aa4794838d0cb51fe27dd533bc3	Drop ungated training + test	2	2	1	complete	completion_coverage	Completion coverage	1	accepted effective cases / requested effective cases, including not_run
Samusik	Samusik	dataset_name-Samusik_dataset-revision-67990f383ac8f169c9a00148febba1ed357e18e8_name-data_import.data_raw_potential-batches-1_seed-42_transformation-cofactor-5	not_applicable	dgcytof	DGCyTOF	drop-both	.cf99b5bbf108239b5579ea572773bd79f2991aa4794838d0cb51fe27dd533bc3	Drop ungated training + test	5	5	1	complete	completion_coverage	Completion coverage	1	accepted effective cases / requested effective cases, including not_run
15723074	15723074	dataset_name-15723074_dataset-revision-67990f383ac8f169c9a00148febba1ed357e18e8_name-data_import.data_raw_potential-batches-1_seed-42	not_applicable	gatemeclass[E]	GateMeClass [E]	drop-both	.cf99b5bbf108239b5579ea572773bd79f2991aa4794838d0cb51fe27dd533bc3	Drop ungated training + test	5	5	1	complete	completion_coverage	Completion coverage	1	accepted effective cases / requested effective cases, including not_run
BodenmillerXL	BodenmillerXL	dataset_name-BodenmillerXL_dataset-revision-67990f383ac8f169c9a00148febba1ed357e18e8_name-data_import.data_raw_potential-batches-1_seed-42_transformation-cofactor-5	not_applicable	gatemeclass[E]	GateMeClass [E]	drop-both	.cf99b5bbf108239b5579ea572773bd79f2991aa4794838d0cb51fe27dd533bc3	Drop ungated training + test	5	5	1	complete	completion_coverage	Completion coverage	1	accepted effective cases / requested effective cases, including not_run
FR-FCM-Z238	FR-FCM-Z238	dataset_name-FR-FCM-Z238_dataset-revision-67990f383ac8f169c9a00148febba1ed357e18e8_name-data_import.data_raw_potential-batches-1_seed-42_transformation-cofactor-5	not_applicable	gatemeclass[E]	GateMeClass [E]	drop-both	.cf99b5bbf108239b5579ea572773bd79f2991aa4794838d0cb51fe27dd533bc3	Drop ungated training + test	0	5	0	incomplete	completion_coverage	Completion coverage	0	accepted effective cases / requested effective cases, including not_run
FR-FCM-Z2KP-covid	FR-FCM-Z2KP-covid	dataset_name-FR-FCM-Z2KP-covid_dataset-revision-67990f383ac8f169c9a00148febba1ed357e18e8_name-data_import.data_raw_potential-batches-1_seed-42_transformation-cofactor-150	not_applicable	gatemeclass[E]	GateMeClass [E]	drop-both	.cf99b5bbf108239b5579ea572773bd79f2991aa4794838d0cb51fe27dd533bc3	Drop ungated training + test	0	5	0	incomplete	completion_coverage	Completion coverage	0	accepted effective cases / requested effective cases, including not_run
FR-FCM-Z2KP-healthy	FR-FCM-Z2KP-healthy (n=1k)	dataset_name-FR-FCM-Z2KP-healthy_dataset-revision-67990f383ac8f169c9a00148febba1ed357e18e8_name-data_import.data_raw_potential-batches-1_seed-420_sub-sampling-1000_transformation-cofactor-150	1000	gatemeclass[E]	GateMeClass [E]	drop-both	.cf99b5bbf108239b5579ea572773bd79f2991aa4794838d0cb51fe27dd533bc3	Drop ungated training + test	5	5	1	complete	completion_coverage	Completion coverage	1	accepted effective cases / requested effective cases, including not_run
FR-FCM-Z2KP-healthy	FR-FCM-Z2KP-healthy (n=5k)	dataset_name-FR-FCM-Z2KP-healthy_dataset-revision-67990f383ac8f169c9a00148febba1ed357e18e8_name-data_import.data_raw_potential-batches-1_seed-420_sub-sampling-5000_transformation-cofactor-150	5000	gatemeclass[E]	GateMeClass [E]	drop-both	.cf99b5bbf108239b5579ea572773bd79f2991aa4794838d0cb51fe27dd533bc3	Drop ungated training + test	5	5	1	complete	completion_coverage	Completion coverage	1	accepted effective cases / requested effective cases, including not_run
FR-FCM-Z2KP-healthy	FR-FCM-Z2KP-healthy (n=10k)	dataset_name-FR-FCM-Z2KP-healthy_dataset-revision-67990f383ac8f169c9a00148febba1ed357e18e8_name-data_import.data_raw_potential-batches-1_seed-420_sub-sampling-10000_transformation-cofactor-150	10000	gatemeclass[E]	GateMeClass [E]	drop-both	.cf99b5bbf108239b5579ea572773bd79f2991aa4794838d0cb51fe27dd533bc3	Drop ungated training + test	5	5	1	complete	completion_coverage	Completion coverage	1	accepted effective cases / requested effective cases, including not_run
FR-FCM-Z2KP-healthy	FR-FCM-Z2KP-healthy (n=50k)	dataset_name-FR-FCM-Z2KP-healthy_dataset-revision-67990f383ac8f169c9a00148febba1ed357e18e8_name-data_import.data_raw_potential-batches-1_seed-420_sub-sampling-50000_transformation-cofactor-150	50000	gatemeclass[E]	GateMeClass [E]	drop-both	.cf99b5bbf108239b5579ea572773bd79f2991aa4794838d0cb51fe27dd533bc3	Drop ungated training + test	5	5	1	complete	completion_coverage	Completion coverage	1	accepted effective cases / requested effective cases, including not_run
FR-FCM-Z2KP-healthy	FR-FCM-Z2KP-healthy (n=100k)	dataset_name-FR-FCM-Z2KP-healthy_dataset-revision-67990f383ac8f169c9a00148febba1ed357e18e8_name-data_import.data_raw_potential-batches-1_seed-420_sub-sampling-100000_transformation-cofactor-150	1e+05	gatemeclass[E]	GateMeClass [E]	drop-both	.cf99b5bbf108239b5579ea572773bd79f2991aa4794838d0cb51fe27dd533bc3	Drop ungated training + test	5	5	1	complete	completion_coverage	Completion coverage	1	accepted effective cases / requested effective cases, including not_run
FR-FCM-Z2KP-healthy	FR-FCM-Z2KP-healthy	dataset_name-FR-FCM-Z2KP-healthy_dataset-revision-67990f383ac8f169c9a00148febba1ed357e18e8_name-data_import.data_raw_potential-batches-1_seed-42_transformation-cofactor-150	not_applicable	gatemeclass[E]	GateMeClass [E]	drop-both	.cf99b5bbf108239b5579ea572773bd79f2991aa4794838d0cb51fe27dd533bc3	Drop ungated training + test	5	5	1	complete	completion_coverage	Completion coverage	1	accepted effective cases / requested effective cases, including not_run
FR-FCM-Z3YR	FR-FCM-Z3YR	dataset_name-FR-FCM-Z3YR_dataset-revision-67990f383ac8f169c9a00148febba1ed357e18e8_name-data_import.data_raw_potential-batches-1_seed-42_transformation-cofactor-5	not_applicable	gatemeclass[E]	GateMeClass [E]	drop-both	.cf99b5bbf108239b5579ea572773bd79f2991aa4794838d0cb51fe27dd533bc3	Drop ungated training + test	0	5	0	incomplete	completion_coverage	Completion coverage	0	accepted effective cases / requested effective cases, including not_run
FR-FCM-ZY34	FR-FCM-ZY34	dataset_name-FR-FCM-ZY34_dataset-revision-67990f383ac8f169c9a00148febba1ed357e18e8_name-data_import.data_raw_potential-batches-1_seed-42_transformation-cofactor-150	not_applicable	gatemeclass[E]	GateMeClass [E]	drop-both	.cf99b5bbf108239b5579ea572773bd79f2991aa4794838d0cb51fe27dd533bc3	Drop ungated training + test	5	5	1	complete	completion_coverage	Completion coverage	1	accepted effective cases / requested effective cases, including not_run
FR-FCM-ZYVT	FR-FCM-ZYVT	dataset_name-FR-FCM-ZYVT_dataset-revision-67990f383ac8f169c9a00148febba1ed357e18e8_name-data_import.data_raw_potential-batches-1_seed-42_transformation-cofactor-150	not_applicable	gatemeclass[E]	GateMeClass [E]	drop-both	.cf99b5bbf108239b5579ea572773bd79f2991aa4794838d0cb51fe27dd533bc3	Drop ungated training + test	5	5	1	complete	completion_coverage	Completion coverage	1	accepted effective cases / requested effective cases, including not_run
FlowCyt	FlowCyt	dataset_name-FlowCyt_dataset-revision-67990f383ac8f169c9a00148febba1ed357e18e8_name-data_import.data_raw_potential-batches-1_seed-42_transformation-cofactor-150	not_applicable	gatemeclass[E]	GateMeClass [E]	drop-both	.cf99b5bbf108239b5579ea572773bd79f2991aa4794838d0cb51fe27dd533bc3	Drop ungated training + test	0	5	0	incomplete	completion_coverage	Completion coverage	0	accepted effective cases / requested effective cases, including not_run
Levine	Levine	dataset_name-Levine_dataset-revision-67990f383ac8f169c9a00148febba1ed357e18e8_name-data_import.data_raw_potential-batches-1_seed-42_transformation-cofactor-5	not_applicable	gatemeclass[E]	GateMeClass [E]	drop-both	.cf99b5bbf108239b5579ea572773bd79f2991aa4794838d0cb51fe27dd533bc3	Drop ungated training + test	2	2	1	complete	completion_coverage	Completion coverage	1	accepted effective cases / requested effective cases, including not_run
Samusik	Samusik	dataset_name-Samusik_dataset-revision-67990f383ac8f169c9a00148febba1ed357e18e8_name-data_import.data_raw_potential-batches-1_seed-42_transformation-cofactor-5	not_applicable	gatemeclass[E]	GateMeClass [E]	drop-both	.cf99b5bbf108239b5579ea572773bd79f2991aa4794838d0cb51fe27dd533bc3	Drop ungated training + test	5	5	1	complete	completion_coverage	Completion coverage	1	accepted effective cases / requested effective cases, including not_run
15723074	15723074	dataset_name-15723074_dataset-revision-67990f383ac8f169c9a00148febba1ed357e18e8_name-data_import.data_raw_potential-batches-1_seed-42	not_applicable	gatemeclass[V]	GateMeClass [V]	drop-both	.cf99b5bbf108239b5579ea572773bd79f2991aa4794838d0cb51fe27dd533bc3	Drop ungated training + test	5	5	1	complete	completion_coverage	Completion coverage	1	accepted effective cases / requested effective cases, including not_run
BodenmillerXL	BodenmillerXL	dataset_name-BodenmillerXL_dataset-revision-67990f383ac8f169c9a00148febba1ed357e18e8_name-data_import.data_raw_potential-batches-1_seed-42_transformation-cofactor-5	not_applicable	gatemeclass[V]	GateMeClass [V]	drop-both	.cf99b5bbf108239b5579ea572773bd79f2991aa4794838d0cb51fe27dd533bc3	Drop ungated training + test	5	5	1	complete	completion_coverage	Completion coverage	1	accepted effective cases / requested effective cases, including not_run
FR-FCM-Z238	FR-FCM-Z238	dataset_name-FR-FCM-Z238_dataset-revision-67990f383ac8f169c9a00148febba1ed357e18e8_name-data_import.data_raw_potential-batches-1_seed-42_transformation-cofactor-5	not_applicable	gatemeclass[V]	GateMeClass [V]	drop-both	.cf99b5bbf108239b5579ea572773bd79f2991aa4794838d0cb51fe27dd533bc3	Drop ungated training + test	0	5	0	incomplete	completion_coverage	Completion coverage	0	accepted effective cases / requested effective cases, including not_run
FR-FCM-Z2KP-covid	FR-FCM-Z2KP-covid	dataset_name-FR-FCM-Z2KP-covid_dataset-revision-67990f383ac8f169c9a00148febba1ed357e18e8_name-data_import.data_raw_potential-batches-1_seed-42_transformation-cofactor-150	not_applicable	gatemeclass[V]	GateMeClass [V]	drop-both	.cf99b5bbf108239b5579ea572773bd79f2991aa4794838d0cb51fe27dd533bc3	Drop ungated training + test	0	5	0	incomplete	completion_coverage	Completion coverage	0	accepted effective cases / requested effective cases, including not_run
FR-FCM-Z2KP-healthy	FR-FCM-Z2KP-healthy (n=1k)	dataset_name-FR-FCM-Z2KP-healthy_dataset-revision-67990f383ac8f169c9a00148febba1ed357e18e8_name-data_import.data_raw_potential-batches-1_seed-420_sub-sampling-1000_transformation-cofactor-150	1000	gatemeclass[V]	GateMeClass [V]	drop-both	.cf99b5bbf108239b5579ea572773bd79f2991aa4794838d0cb51fe27dd533bc3	Drop ungated training + test	5	5	1	complete	completion_coverage	Completion coverage	1	accepted effective cases / requested effective cases, including not_run
FR-FCM-Z2KP-healthy	FR-FCM-Z2KP-healthy (n=5k)	dataset_name-FR-FCM-Z2KP-healthy_dataset-revision-67990f383ac8f169c9a00148febba1ed357e18e8_name-data_import.data_raw_potential-batches-1_seed-420_sub-sampling-5000_transformation-cofactor-150	5000	gatemeclass[V]	GateMeClass [V]	drop-both	.cf99b5bbf108239b5579ea572773bd79f2991aa4794838d0cb51fe27dd533bc3	Drop ungated training + test	5	5	1	complete	completion_coverage	Completion coverage	1	accepted effective cases / requested effective cases, including not_run
FR-FCM-Z2KP-healthy	FR-FCM-Z2KP-healthy (n=10k)	dataset_name-FR-FCM-Z2KP-healthy_dataset-revision-67990f383ac8f169c9a00148febba1ed357e18e8_name-data_import.data_raw_potential-batches-1_seed-420_sub-sampling-10000_transformation-cofactor-150	10000	gatemeclass[V]	GateMeClass [V]	drop-both	.cf99b5bbf108239b5579ea572773bd79f2991aa4794838d0cb51fe27dd533bc3	Drop ungated training + test	5	5	1	complete	completion_coverage	Completion coverage	1	accepted effective cases / requested effective cases, including not_run
FR-FCM-Z2KP-healthy	FR-FCM-Z2KP-healthy (n=50k)	dataset_name-FR-FCM-Z2KP-healthy_dataset-revision-67990f383ac8f169c9a00148febba1ed357e18e8_name-data_import.data_raw_potential-batches-1_seed-420_sub-sampling-50000_transformation-cofactor-150	50000	gatemeclass[V]	GateMeClass [V]	drop-both	.cf99b5bbf108239b5579ea572773bd79f2991aa4794838d0cb51fe27dd533bc3	Drop ungated training + test	5	5	1	complete	completion_coverage	Completion coverage	1	accepted effective cases / requested effective cases, including not_run
FR-FCM-Z2KP-healthy	FR-FCM-Z2KP-healthy (n=100k)	dataset_name-FR-FCM-Z2KP-healthy_dataset-revision-67990f383ac8f169c9a00148febba1ed357e18e8_name-data_import.data_raw_potential-batches-1_seed-420_sub-sampling-100000_transformation-cofactor-150	1e+05	gatemeclass[V]	GateMeClass [V]	drop-both	.cf99b5bbf108239b5579ea572773bd79f2991aa4794838d0cb51fe27dd533bc3	Drop ungated training + test	5	5	1	complete	completion_coverage	Completion coverage	1	accepted effective cases / requested effective cases, including not_run
FR-FCM-Z2KP-healthy	FR-FCM-Z2KP-healthy	dataset_name-FR-FCM-Z2KP-healthy_dataset-revision-67990f383ac8f169c9a00148febba1ed357e18e8_name-data_import.data_raw_potential-batches-1_seed-42_transformation-cofactor-150	not_applicable	gatemeclass[V]	GateMeClass [V]	drop-both	.cf99b5bbf108239b5579ea572773bd79f2991aa4794838d0cb51fe27dd533bc3	Drop ungated training + test	5	5	1	complete	completion_coverage	Completion coverage	1	accepted effective cases / requested effective cases, including not_run
FR-FCM-Z3YR	FR-FCM-Z3YR	dataset_name-FR-FCM-Z3YR_dataset-revision-67990f383ac8f169c9a00148febba1ed357e18e8_name-data_import.data_raw_potential-batches-1_seed-42_transformation-cofactor-5	not_applicable	gatemeclass[V]	GateMeClass [V]	drop-both	.cf99b5bbf108239b5579ea572773bd79f2991aa4794838d0cb51fe27dd533bc3	Drop ungated training + test	0	5	0	incomplete	completion_coverage	Completion coverage	0	accepted effective cases / requested effective cases, including not_run
FR-FCM-ZY34	FR-FCM-ZY34	dataset_name-FR-FCM-ZY34_dataset-revision-67990f383ac8f169c9a00148febba1ed357e18e8_name-data_import.data_raw_potential-batches-1_seed-42_transformation-cofactor-150	not_applicable	gatemeclass[V]	GateMeClass [V]	drop-both	.cf99b5bbf108239b5579ea572773bd79f2991aa4794838d0cb51fe27dd533bc3	Drop ungated training + test	5	5	1	complete	completion_coverage	Completion coverage	1	accepted effective cases / requested effective cases, including not_run
FR-FCM-ZYVT	FR-FCM-ZYVT	dataset_name-FR-FCM-ZYVT_dataset-revision-67990f383ac8f169c9a00148febba1ed357e18e8_name-data_import.data_raw_potential-batches-1_seed-42_transformation-cofactor-150	not_applicable	gatemeclass[V]	GateMeClass [V]	drop-both	.cf99b5bbf108239b5579ea572773bd79f2991aa4794838d0cb51fe27dd533bc3	Drop ungated training + test	5	5	1	complete	completion_coverage	Completion coverage	1	accepted effective cases / requested effective cases, including not_run
FlowCyt	FlowCyt	dataset_name-FlowCyt_dataset-revision-67990f383ac8f169c9a00148febba1ed357e18e8_name-data_import.data_raw_potential-batches-1_seed-42_transformation-cofactor-150	not_applicable	gatemeclass[V]	GateMeClass [V]	drop-both	.cf99b5bbf108239b5579ea572773bd79f2991aa4794838d0cb51fe27dd533bc3	Drop ungated training + test	0	5	0	incomplete	completion_coverage	Completion coverage	0	accepted effective cases / requested effective cases, including not_run
Levine	Levine	dataset_name-Levine_dataset-revision-67990f383ac8f169c9a00148febba1ed357e18e8_name-data_import.data_raw_potential-batches-1_seed-42_transformation-cofactor-5	not_applicable	gatemeclass[V]	GateMeClass [V]	drop-both	.cf99b5bbf108239b5579ea572773bd79f2991aa4794838d0cb51fe27dd533bc3	Drop ungated training + test	2	2	1	complete	completion_coverage	Completion coverage	1	accepted effective cases / requested effective cases, including not_run
Samusik	Samusik	dataset_name-Samusik_dataset-revision-67990f383ac8f169c9a00148febba1ed357e18e8_name-data_import.data_raw_potential-batches-1_seed-42_transformation-cofactor-5	not_applicable	gatemeclass[V]	GateMeClass [V]	drop-both	.cf99b5bbf108239b5579ea572773bd79f2991aa4794838d0cb51fe27dd533bc3	Drop ungated training + test	5	5	1	complete	completion_coverage	Completion coverage	1	accepted effective cases / requested effective cases, including not_run
15723074	15723074	dataset_name-15723074_dataset-revision-67990f383ac8f169c9a00148febba1ed357e18e8_name-data_import.data_raw_potential-batches-1_seed-42	not_applicable	knn	KNN	drop-both	.cf99b5bbf108239b5579ea572773bd79f2991aa4794838d0cb51fe27dd533bc3	Drop ungated training + test	5	5	1	complete	completion_coverage	Completion coverage	1	accepted effective cases / requested effective cases, including not_run
BodenmillerXL	BodenmillerXL	dataset_name-BodenmillerXL_dataset-revision-67990f383ac8f169c9a00148febba1ed357e18e8_name-data_import.data_raw_potential-batches-1_seed-42_transformation-cofactor-5	not_applicable	knn	KNN	drop-both	.cf99b5bbf108239b5579ea572773bd79f2991aa4794838d0cb51fe27dd533bc3	Drop ungated training + test	5	5	1	complete	completion_coverage	Completion coverage	1	accepted effective cases / requested effective cases, including not_run
FR-FCM-Z238	FR-FCM-Z238	dataset_name-FR-FCM-Z238_dataset-revision-67990f383ac8f169c9a00148febba1ed357e18e8_name-data_import.data_raw_potential-batches-1_seed-42_transformation-cofactor-5	not_applicable	knn	KNN	drop-both	.cf99b5bbf108239b5579ea572773bd79f2991aa4794838d0cb51fe27dd533bc3	Drop ungated training + test	5	5	1	complete	completion_coverage	Completion coverage	1	accepted effective cases / requested effective cases, including not_run
FR-FCM-Z2KP-covid	FR-FCM-Z2KP-covid	dataset_name-FR-FCM-Z2KP-covid_dataset-revision-67990f383ac8f169c9a00148febba1ed357e18e8_name-data_import.data_raw_potential-batches-1_seed-42_transformation-cofactor-150	not_applicable	knn	KNN	drop-both	.cf99b5bbf108239b5579ea572773bd79f2991aa4794838d0cb51fe27dd533bc3	Drop ungated training + test	5	5	1	complete	completion_coverage	Completion coverage	1	accepted effective cases / requested effective cases, including not_run
FR-FCM-Z2KP-healthy	FR-FCM-Z2KP-healthy (n=1k)	dataset_name-FR-FCM-Z2KP-healthy_dataset-revision-67990f383ac8f169c9a00148febba1ed357e18e8_name-data_import.data_raw_potential-batches-1_seed-420_sub-sampling-1000_transformation-cofactor-150	1000	knn	KNN	drop-both	.cf99b5bbf108239b5579ea572773bd79f2991aa4794838d0cb51fe27dd533bc3	Drop ungated training + test	5	5	1	complete	completion_coverage	Completion coverage	1	accepted effective cases / requested effective cases, including not_run
FR-FCM-Z2KP-healthy	FR-FCM-Z2KP-healthy (n=5k)	dataset_name-FR-FCM-Z2KP-healthy_dataset-revision-67990f383ac8f169c9a00148febba1ed357e18e8_name-data_import.data_raw_potential-batches-1_seed-420_sub-sampling-5000_transformation-cofactor-150	5000	knn	KNN	drop-both	.cf99b5bbf108239b5579ea572773bd79f2991aa4794838d0cb51fe27dd533bc3	Drop ungated training + test	5	5	1	complete	completion_coverage	Completion coverage	1	accepted effective cases / requested effective cases, including not_run
FR-FCM-Z2KP-healthy	FR-FCM-Z2KP-healthy (n=10k)	dataset_name-FR-FCM-Z2KP-healthy_dataset-revision-67990f383ac8f169c9a00148febba1ed357e18e8_name-data_import.data_raw_potential-batches-1_seed-420_sub-sampling-10000_transformation-cofactor-150	10000	knn	KNN	drop-both	.cf99b5bbf108239b5579ea572773bd79f2991aa4794838d0cb51fe27dd533bc3	Drop ungated training + test	5	5	1	complete	completion_coverage	Completion coverage	1	accepted effective cases / requested effective cases, including not_run
FR-FCM-Z2KP-healthy	FR-FCM-Z2KP-healthy (n=50k)	dataset_name-FR-FCM-Z2KP-healthy_dataset-revision-67990f383ac8f169c9a00148febba1ed357e18e8_name-data_import.data_raw_potential-batches-1_seed-420_sub-sampling-50000_transformation-cofactor-150	50000	knn	KNN	drop-both	.cf99b5bbf108239b5579ea572773bd79f2991aa4794838d0cb51fe27dd533bc3	Drop ungated training + test	5	5	1	complete	completion_coverage	Completion coverage	1	accepted effective cases / requested effective cases, including not_run
FR-FCM-Z2KP-healthy	FR-FCM-Z2KP-healthy (n=100k)	dataset_name-FR-FCM-Z2KP-healthy_dataset-revision-67990f383ac8f169c9a00148febba1ed357e18e8_name-data_import.data_raw_potential-batches-1_seed-420_sub-sampling-100000_transformation-cofactor-150	1e+05	knn	KNN	drop-both	.cf99b5bbf108239b5579ea572773bd79f2991aa4794838d0cb51fe27dd533bc3	Drop ungated training + test	5	5	1	complete	completion_coverage	Completion coverage	1	accepted effective cases / requested effective cases, including not_run
FR-FCM-Z2KP-healthy	FR-FCM-Z2KP-healthy	dataset_name-FR-FCM-Z2KP-healthy_dataset-revision-67990f383ac8f169c9a00148febba1ed357e18e8_name-data_import.data_raw_potential-batches-1_seed-42_transformation-cofactor-150	not_applicable	knn	KNN	drop-both	.cf99b5bbf108239b5579ea572773bd79f2991aa4794838d0cb51fe27dd533bc3	Drop ungated training + test	5	5	1	complete	completion_coverage	Completion coverage	1	accepted effective cases / requested effective cases, including not_run
FR-FCM-Z3YR	FR-FCM-Z3YR	dataset_name-FR-FCM-Z3YR_dataset-revision-67990f383ac8f169c9a00148febba1ed357e18e8_name-data_import.data_raw_potential-batches-1_seed-42_transformation-cofactor-5	not_applicable	knn	KNN	drop-both	.cf99b5bbf108239b5579ea572773bd79f2991aa4794838d0cb51fe27dd533bc3	Drop ungated training + test	5	5	1	complete	completion_coverage	Completion coverage	1	accepted effective cases / requested effective cases, including not_run
FR-FCM-ZY34	FR-FCM-ZY34	dataset_name-FR-FCM-ZY34_dataset-revision-67990f383ac8f169c9a00148febba1ed357e18e8_name-data_import.data_raw_potential-batches-1_seed-42_transformation-cofactor-150	not_applicable	knn	KNN	drop-both	.cf99b5bbf108239b5579ea572773bd79f2991aa4794838d0cb51fe27dd533bc3	Drop ungated training + test	5	5	1	complete	completion_coverage	Completion coverage	1	accepted effective cases / requested effective cases, including not_run
FR-FCM-ZYVT	FR-FCM-ZYVT	dataset_name-FR-FCM-ZYVT_dataset-revision-67990f383ac8f169c9a00148febba1ed357e18e8_name-data_import.data_raw_potential-batches-1_seed-42_transformation-cofactor-150	not_applicable	knn	KNN	drop-both	.cf99b5bbf108239b5579ea572773bd79f2991aa4794838d0cb51fe27dd533bc3	Drop ungated training + test	5	5	1	complete	completion_coverage	Completion coverage	1	accepted effective cases / requested effective cases, including not_run
FlowCyt	FlowCyt	dataset_name-FlowCyt_dataset-revision-67990f383ac8f169c9a00148febba1ed357e18e8_name-data_import.data_raw_potential-batches-1_seed-42_transformation-cofactor-150	not_applicable	knn	KNN	drop-both	.cf99b5bbf108239b5579ea572773bd79f2991aa4794838d0cb51fe27dd533bc3	Drop ungated training + test	5	5	1	complete	completion_coverage	Completion coverage	1	accepted effective cases / requested effective cases, including not_run
Levine	Levine	dataset_name-Levine_dataset-revision-67990f383ac8f169c9a00148febba1ed357e18e8_name-data_import.data_raw_potential-batches-1_seed-42_transformation-cofactor-5	not_applicable	knn	KNN	drop-both	.cf99b5bbf108239b5579ea572773bd79f2991aa4794838d0cb51fe27dd533bc3	Drop ungated training + test	2	2	1	complete	completion_coverage	Completion coverage	1	accepted effective cases / requested effective cases, including not_run
Samusik	Samusik	dataset_name-Samusik_dataset-revision-67990f383ac8f169c9a00148febba1ed357e18e8_name-data_import.data_raw_potential-batches-1_seed-42_transformation-cofactor-5	not_applicable	knn	KNN	drop-both	.cf99b5bbf108239b5579ea572773bd79f2991aa4794838d0cb51fe27dd533bc3	Drop ungated training + test	5	5	1	complete	completion_coverage	Completion coverage	1	accepted effective cases / requested effective cases, including not_run
15723074	15723074	dataset_name-15723074_dataset-revision-67990f383ac8f169c9a00148febba1ed357e18e8_name-data_import.data_raw_potential-batches-1_seed-42	not_applicable	lda	LDA	drop-both	.cf99b5bbf108239b5579ea572773bd79f2991aa4794838d0cb51fe27dd533bc3	Drop ungated training + test	5	5	1	complete	completion_coverage	Completion coverage	1	accepted effective cases / requested effective cases, including not_run
BodenmillerXL	BodenmillerXL	dataset_name-BodenmillerXL_dataset-revision-67990f383ac8f169c9a00148febba1ed357e18e8_name-data_import.data_raw_potential-batches-1_seed-42_transformation-cofactor-5	not_applicable	lda	LDA	drop-both	.cf99b5bbf108239b5579ea572773bd79f2991aa4794838d0cb51fe27dd533bc3	Drop ungated training + test	5	5	1	complete	completion_coverage	Completion coverage	1	accepted effective cases / requested effective cases, including not_run
FR-FCM-Z238	FR-FCM-Z238	dataset_name-FR-FCM-Z238_dataset-revision-67990f383ac8f169c9a00148febba1ed357e18e8_name-data_import.data_raw_potential-batches-1_seed-42_transformation-cofactor-5	not_applicable	lda	LDA	drop-both	.cf99b5bbf108239b5579ea572773bd79f2991aa4794838d0cb51fe27dd533bc3	Drop ungated training + test	5	5	1	complete	completion_coverage	Completion coverage	1	accepted effective cases / requested effective cases, including not_run
FR-FCM-Z2KP-covid	FR-FCM-Z2KP-covid	dataset_name-FR-FCM-Z2KP-covid_dataset-revision-67990f383ac8f169c9a00148febba1ed357e18e8_name-data_import.data_raw_potential-batches-1_seed-42_transformation-cofactor-150	not_applicable	lda	LDA	drop-both	.cf99b5bbf108239b5579ea572773bd79f2991aa4794838d0cb51fe27dd533bc3	Drop ungated training + test	5	5	1	complete	completion_coverage	Completion coverage	1	accepted effective cases / requested effective cases, including not_run
FR-FCM-Z2KP-healthy	FR-FCM-Z2KP-healthy (n=1k)	dataset_name-FR-FCM-Z2KP-healthy_dataset-revision-67990f383ac8f169c9a00148febba1ed357e18e8_name-data_import.data_raw_potential-batches-1_seed-420_sub-sampling-1000_transformation-cofactor-150	1000	lda	LDA	drop-both	.cf99b5bbf108239b5579ea572773bd79f2991aa4794838d0cb51fe27dd533bc3	Drop ungated training + test	5	5	1	complete	completion_coverage	Completion coverage	1	accepted effective cases / requested effective cases, including not_run
FR-FCM-Z2KP-healthy	FR-FCM-Z2KP-healthy (n=5k)	dataset_name-FR-FCM-Z2KP-healthy_dataset-revision-67990f383ac8f169c9a00148febba1ed357e18e8_name-data_import.data_raw_potential-batches-1_seed-420_sub-sampling-5000_transformation-cofactor-150	5000	lda	LDA	drop-both	.cf99b5bbf108239b5579ea572773bd79f2991aa4794838d0cb51fe27dd533bc3	Drop ungated training + test	5	5	1	complete	completion_coverage	Completion coverage	1	accepted effective cases / requested effective cases, including not_run
FR-FCM-Z2KP-healthy	FR-FCM-Z2KP-healthy (n=10k)	dataset_name-FR-FCM-Z2KP-healthy_dataset-revision-67990f383ac8f169c9a00148febba1ed357e18e8_name-data_import.data_raw_potential-batches-1_seed-420_sub-sampling-10000_transformation-cofactor-150	10000	lda	LDA	drop-both	.cf99b5bbf108239b5579ea572773bd79f2991aa4794838d0cb51fe27dd533bc3	Drop ungated training + test	5	5	1	complete	completion_coverage	Completion coverage	1	accepted effective cases / requested effective cases, including not_run
FR-FCM-Z2KP-healthy	FR-FCM-Z2KP-healthy (n=50k)	dataset_name-FR-FCM-Z2KP-healthy_dataset-revision-67990f383ac8f169c9a00148febba1ed357e18e8_name-data_import.data_raw_potential-batches-1_seed-420_sub-sampling-50000_transformation-cofactor-150	50000	lda	LDA	drop-both	.cf99b5bbf108239b5579ea572773bd79f2991aa4794838d0cb51fe27dd533bc3	Drop ungated training + test	5	5	1	complete	completion_coverage	Completion coverage	1	accepted effective cases / requested effective cases, including not_run
FR-FCM-Z2KP-healthy	FR-FCM-Z2KP-healthy (n=100k)	dataset_name-FR-FCM-Z2KP-healthy_dataset-revision-67990f383ac8f169c9a00148febba1ed357e18e8_name-data_import.data_raw_potential-batches-1_seed-420_sub-sampling-100000_transformation-cofactor-150	1e+05	lda	LDA	drop-both	.cf99b5bbf108239b5579ea572773bd79f2991aa4794838d0cb51fe27dd533bc3	Drop ungated training + test	5	5	1	complete	completion_coverage	Completion coverage	1	accepted effective cases / requested effective cases, including not_run
FR-FCM-Z2KP-healthy	FR-FCM-Z2KP-healthy	dataset_name-FR-FCM-Z2KP-healthy_dataset-revision-67990f383ac8f169c9a00148febba1ed357e18e8_name-data_import.data_raw_potential-batches-1_seed-42_transformation-cofactor-150	not_applicable	lda	LDA	drop-both	.cf99b5bbf108239b5579ea572773bd79f2991aa4794838d0cb51fe27dd533bc3	Drop ungated training + test	5	5	1	complete	completion_coverage	Completion coverage	1	accepted effective cases / requested effective cases, including not_run
FR-FCM-Z3YR	FR-FCM-Z3YR	dataset_name-FR-FCM-Z3YR_dataset-revision-67990f383ac8f169c9a00148febba1ed357e18e8_name-data_import.data_raw_potential-batches-1_seed-42_transformation-cofactor-5	not_applicable	lda	LDA	drop-both	.cf99b5bbf108239b5579ea572773bd79f2991aa4794838d0cb51fe27dd533bc3	Drop ungated training + test	5	5	1	complete	completion_coverage	Completion coverage	1	accepted effective cases / requested effective cases, including not_run
FR-FCM-ZY34	FR-FCM-ZY34	dataset_name-FR-FCM-ZY34_dataset-revision-67990f383ac8f169c9a00148febba1ed357e18e8_name-data_import.data_raw_potential-batches-1_seed-42_transformation-cofactor-150	not_applicable	lda	LDA	drop-both	.cf99b5bbf108239b5579ea572773bd79f2991aa4794838d0cb51fe27dd533bc3	Drop ungated training + test	5	5	1	complete	completion_coverage	Completion coverage	1	accepted effective cases / requested effective cases, including not_run
FR-FCM-ZYVT	FR-FCM-ZYVT	dataset_name-FR-FCM-ZYVT_dataset-revision-67990f383ac8f169c9a00148febba1ed357e18e8_name-data_import.data_raw_potential-batches-1_seed-42_transformation-cofactor-150	not_applicable	lda	LDA	drop-both	.cf99b5bbf108239b5579ea572773bd79f2991aa4794838d0cb51fe27dd533bc3	Drop ungated training + test	5	5	1	complete	completion_coverage	Completion coverage	1	accepted effective cases / requested effective cases, including not_run
FlowCyt	FlowCyt	dataset_name-FlowCyt_dataset-revision-67990f383ac8f169c9a00148febba1ed357e18e8_name-data_import.data_raw_potential-batches-1_seed-42_transformation-cofactor-150	not_applicable	lda	LDA	drop-both	.cf99b5bbf108239b5579ea572773bd79f2991aa4794838d0cb51fe27dd533bc3	Drop ungated training + test	5	5	1	complete	completion_coverage	Completion coverage	1	accepted effective cases / requested effective cases, including not_run
Levine	Levine	dataset_name-Levine_dataset-revision-67990f383ac8f169c9a00148febba1ed357e18e8_name-data_import.data_raw_potential-batches-1_seed-42_transformation-cofactor-5	not_applicable	lda	LDA	drop-both	.cf99b5bbf108239b5579ea572773bd79f2991aa4794838d0cb51fe27dd533bc3	Drop ungated training + test	2	2	1	complete	completion_coverage	Completion coverage	1	accepted effective cases / requested effective cases, including not_run
Samusik	Samusik	dataset_name-Samusik_dataset-revision-67990f383ac8f169c9a00148febba1ed357e18e8_name-data_import.data_raw_potential-batches-1_seed-42_transformation-cofactor-5	not_applicable	lda	LDA	drop-both	.cf99b5bbf108239b5579ea572773bd79f2991aa4794838d0cb51fe27dd533bc3	Drop ungated training + test	5	5	1	complete	completion_coverage	Completion coverage	1	accepted effective cases / requested effective cases, including not_run
15723074	15723074	dataset_name-15723074_dataset-revision-67990f383ac8f169c9a00148febba1ed357e18e8_name-data_import.data_raw_potential-batches-1_seed-42	not_applicable	random	Random	drop-both	.cf99b5bbf108239b5579ea572773bd79f2991aa4794838d0cb51fe27dd533bc3	Drop ungated training + test	5	5	1	complete	completion_coverage	Completion coverage	1	accepted effective cases / requested effective cases, including not_run
BodenmillerXL	BodenmillerXL	dataset_name-BodenmillerXL_dataset-revision-67990f383ac8f169c9a00148febba1ed357e18e8_name-data_import.data_raw_potential-batches-1_seed-42_transformation-cofactor-5	not_applicable	random	Random	drop-both	.cf99b5bbf108239b5579ea572773bd79f2991aa4794838d0cb51fe27dd533bc3	Drop ungated training + test	5	5	1	complete	completion_coverage	Completion coverage	1	accepted effective cases / requested effective cases, including not_run
FR-FCM-Z238	FR-FCM-Z238	dataset_name-FR-FCM-Z238_dataset-revision-67990f383ac8f169c9a00148febba1ed357e18e8_name-data_import.data_raw_potential-batches-1_seed-42_transformation-cofactor-5	not_applicable	random	Random	drop-both	.cf99b5bbf108239b5579ea572773bd79f2991aa4794838d0cb51fe27dd533bc3	Drop ungated training + test	5	5	1	complete	completion_coverage	Completion coverage	1	accepted effective cases / requested effective cases, including not_run
FR-FCM-Z2KP-covid	FR-FCM-Z2KP-covid	dataset_name-FR-FCM-Z2KP-covid_dataset-revision-67990f383ac8f169c9a00148febba1ed357e18e8_name-data_import.data_raw_potential-batches-1_seed-42_transformation-cofactor-150	not_applicable	random	Random	drop-both	.cf99b5bbf108239b5579ea572773bd79f2991aa4794838d0cb51fe27dd533bc3	Drop ungated training + test	5	5	1	complete	completion_coverage	Completion coverage	1	accepted effective cases / requested effective cases, including not_run
FR-FCM-Z2KP-healthy	FR-FCM-Z2KP-healthy (n=1k)	dataset_name-FR-FCM-Z2KP-healthy_dataset-revision-67990f383ac8f169c9a00148febba1ed357e18e8_name-data_import.data_raw_potential-batches-1_seed-420_sub-sampling-1000_transformation-cofactor-150	1000	random	Random	drop-both	.cf99b5bbf108239b5579ea572773bd79f2991aa4794838d0cb51fe27dd533bc3	Drop ungated training + test	5	5	1	complete	completion_coverage	Completion coverage	1	accepted effective cases / requested effective cases, including not_run
FR-FCM-Z2KP-healthy	FR-FCM-Z2KP-healthy (n=5k)	dataset_name-FR-FCM-Z2KP-healthy_dataset-revision-67990f383ac8f169c9a00148febba1ed357e18e8_name-data_import.data_raw_potential-batches-1_seed-420_sub-sampling-5000_transformation-cofactor-150	5000	random	Random	drop-both	.cf99b5bbf108239b5579ea572773bd79f2991aa4794838d0cb51fe27dd533bc3	Drop ungated training + test	5	5	1	complete	completion_coverage	Completion coverage	1	accepted effective cases / requested effective cases, including not_run
FR-FCM-Z2KP-healthy	FR-FCM-Z2KP-healthy (n=10k)	dataset_name-FR-FCM-Z2KP-healthy_dataset-revision-67990f383ac8f169c9a00148febba1ed357e18e8_name-data_import.data_raw_potential-batches-1_seed-420_sub-sampling-10000_transformation-cofactor-150	10000	random	Random	drop-both	.cf99b5bbf108239b5579ea572773bd79f2991aa4794838d0cb51fe27dd533bc3	Drop ungated training + test	5	5	1	complete	completion_coverage	Completion coverage	1	accepted effective cases / requested effective cases, including not_run
FR-FCM-Z2KP-healthy	FR-FCM-Z2KP-healthy (n=50k)	dataset_name-FR-FCM-Z2KP-healthy_dataset-revision-67990f383ac8f169c9a00148febba1ed357e18e8_name-data_import.data_raw_potential-batches-1_seed-420_sub-sampling-50000_transformation-cofactor-150	50000	random	Random	drop-both	.cf99b5bbf108239b5579ea572773bd79f2991aa4794838d0cb51fe27dd533bc3	Drop ungated training + test	5	5	1	complete	completion_coverage	Completion coverage	1	accepted effective cases / requested effective cases, including not_run
FR-FCM-Z2KP-healthy	FR-FCM-Z2KP-healthy (n=100k)	dataset_name-FR-FCM-Z2KP-healthy_dataset-revision-67990f383ac8f169c9a00148febba1ed357e18e8_name-data_import.data_raw_potential-batches-1_seed-420_sub-sampling-100000_transformation-cofactor-150	1e+05	random	Random	drop-both	.cf99b5bbf108239b5579ea572773bd79f2991aa4794838d0cb51fe27dd533bc3	Drop ungated training + test	5	5	1	complete	completion_coverage	Completion coverage	1	accepted effective cases / requested effective cases, including not_run
FR-FCM-Z2KP-healthy	FR-FCM-Z2KP-healthy	dataset_name-FR-FCM-Z2KP-healthy_dataset-revision-67990f383ac8f169c9a00148febba1ed357e18e8_name-data_import.data_raw_potential-batches-1_seed-42_transformation-cofactor-150	not_applicable	random	Random	drop-both	.cf99b5bbf108239b5579ea572773bd79f2991aa4794838d0cb51fe27dd533bc3	Drop ungated training + test	5	5	1	complete	completion_coverage	Completion coverage	1	accepted effective cases / requested effective cases, including not_run
FR-FCM-Z3YR	FR-FCM-Z3YR	dataset_name-FR-FCM-Z3YR_dataset-revision-67990f383ac8f169c9a00148febba1ed357e18e8_name-data_import.data_raw_potential-batches-1_seed-42_transformation-cofactor-5	not_applicable	random	Random	drop-both	.cf99b5bbf108239b5579ea572773bd79f2991aa4794838d0cb51fe27dd533bc3	Drop ungated training + test	5	5	1	complete	completion_coverage	Completion coverage	1	accepted effective cases / requested effective cases, including not_run
FR-FCM-ZY34	FR-FCM-ZY34	dataset_name-FR-FCM-ZY34_dataset-revision-67990f383ac8f169c9a00148febba1ed357e18e8_name-data_import.data_raw_potential-batches-1_seed-42_transformation-cofactor-150	not_applicable	random	Random	drop-both	.cf99b5bbf108239b5579ea572773bd79f2991aa4794838d0cb51fe27dd533bc3	Drop ungated training + test	5	5	1	complete	completion_coverage	Completion coverage	1	accepted effective cases / requested effective cases, including not_run
FR-FCM-ZYVT	FR-FCM-ZYVT	dataset_name-FR-FCM-ZYVT_dataset-revision-67990f383ac8f169c9a00148febba1ed357e18e8_name-data_import.data_raw_potential-batches-1_seed-42_transformation-cofactor-150	not_applicable	random	Random	drop-both	.cf99b5bbf108239b5579ea572773bd79f2991aa4794838d0cb51fe27dd533bc3	Drop ungated training + test	5	5	1	complete	completion_coverage	Completion coverage	1	accepted effective cases / requested effective cases, including not_run
FlowCyt	FlowCyt	dataset_name-FlowCyt_dataset-revision-67990f383ac8f169c9a00148febba1ed357e18e8_name-data_import.data_raw_potential-batches-1_seed-42_transformation-cofactor-150	not_applicable	random	Random	drop-both	.cf99b5bbf108239b5579ea572773bd79f2991aa4794838d0cb51fe27dd533bc3	Drop ungated training + test	5	5	1	complete	completion_coverage	Completion coverage	1	accepted effective cases / requested effective cases, including not_run
Levine	Levine	dataset_name-Levine_dataset-revision-67990f383ac8f169c9a00148febba1ed357e18e8_name-data_import.data_raw_potential-batches-1_seed-42_transformation-cofactor-5	not_applicable	random	Random	drop-both	.cf99b5bbf108239b5579ea572773bd79f2991aa4794838d0cb51fe27dd533bc3	Drop ungated training + test	2	2	1	complete	completion_coverage	Completion coverage	1	accepted effective cases / requested effective cases, including not_run
Samusik	Samusik	dataset_name-Samusik_dataset-revision-67990f383ac8f169c9a00148febba1ed357e18e8_name-data_import.data_raw_potential-batches-1_seed-42_transformation-cofactor-5	not_applicable	random	Random	drop-both	.cf99b5bbf108239b5579ea572773bd79f2991aa4794838d0cb51fe27dd533bc3	Drop ungated training + test	5	5	1	complete	completion_coverage	Completion coverage	1	accepted effective cases / requested effective cases, including not_run
