dataset	dataset_display	collector_dataset_identity	dataset_sub_sampling	model	model_display	stratification	stratification_hash	stratification_display	completed_case_count	expected_effective_case_count	coverage_fraction	coverage_status	metric	value	defined_fold_count	metric_display	aggregation	metric_semantics_version
15723074	15723074	dataset_name-15723074_dataset-revision-4bf02d6adbe55785ca855b57274aa37b8dc843ae_name-data_import.data_raw_potential-batches-1_seed-42_transformation-cofactor-150	not_applicable	cyanno	CyAnno	unfiltered	.e924e671977a35b401c5c23aaf1308ed57ddaf256c55741b97fd498c2a244b62	Unfiltered	5	5	1	complete	precision_macro	0.838898811871416	5	Macro precision	arithmetic mean across accepted effective folds with a defined score for this metric	known-population-open-set-v1
BodenmillerXL	BodenmillerXL	dataset_name-BodenmillerXL_dataset-revision-67990f383ac8f169c9a00148febba1ed357e18e8_name-data_import.data_raw_potential-batches-1_seed-42_transformation-cofactor-5	not_applicable	cyanno	CyAnno	unfiltered	.e924e671977a35b401c5c23aaf1308ed57ddaf256c55741b97fd498c2a244b62	Unfiltered	5	5	1	complete	precision_macro	0.9537601407186681	5	Macro precision	arithmetic mean across accepted effective folds with a defined score for this metric	known-population-open-set-v1
FR-FCM-Z238	FR-FCM-Z238	dataset_name-FR-FCM-Z238_dataset-revision-67990f383ac8f169c9a00148febba1ed357e18e8_name-data_import.data_raw_potential-batches-1_seed-42_transformation-cofactor-5	not_applicable	cyanno	CyAnno	unfiltered	.e924e671977a35b401c5c23aaf1308ed57ddaf256c55741b97fd498c2a244b62	Unfiltered	5	5	1	complete	precision_macro	0.6534867204341827	5	Macro precision	arithmetic mean across accepted effective folds with a defined score for this metric	known-population-open-set-v1
FR-FCM-Z2KP-covid	FR-FCM-Z2KP-covid	dataset_name-FR-FCM-Z2KP-covid_dataset-revision-67990f383ac8f169c9a00148febba1ed357e18e8_name-data_import.data_raw_potential-batches-1_seed-42_transformation-cofactor-150	not_applicable	cyanno	CyAnno	unfiltered	.e924e671977a35b401c5c23aaf1308ed57ddaf256c55741b97fd498c2a244b62	Unfiltered	5	5	1	complete	precision_macro	0.9468654210014331	5	Macro precision	arithmetic mean across accepted effective folds with a defined score for this metric	known-population-open-set-v1
FR-FCM-Z2KP-healthy	FR-FCM-Z2KP-healthy (n=1k)	dataset_name-FR-FCM-Z2KP-healthy_dataset-revision-67990f383ac8f169c9a00148febba1ed357e18e8_name-data_import.data_raw_potential-batches-1_seed-420_sub-sampling-1000_transformation-cofactor-150	1000	cyanno	CyAnno	unfiltered	.e924e671977a35b401c5c23aaf1308ed57ddaf256c55741b97fd498c2a244b62	Unfiltered	5	5	1	complete	precision_macro	0.9395969433789528	5	Macro precision	arithmetic mean across accepted effective folds with a defined score for this metric	known-population-open-set-v1
FR-FCM-Z2KP-healthy	FR-FCM-Z2KP-healthy (n=5k)	dataset_name-FR-FCM-Z2KP-healthy_dataset-revision-67990f383ac8f169c9a00148febba1ed357e18e8_name-data_import.data_raw_potential-batches-1_seed-420_sub-sampling-5000_transformation-cofactor-150	5000	cyanno	CyAnno	unfiltered	.e924e671977a35b401c5c23aaf1308ed57ddaf256c55741b97fd498c2a244b62	Unfiltered	5	5	1	complete	precision_macro	0.9447626811764482	5	Macro precision	arithmetic mean across accepted effective folds with a defined score for this metric	known-population-open-set-v1
FR-FCM-Z2KP-healthy	FR-FCM-Z2KP-healthy (n=10k)	dataset_name-FR-FCM-Z2KP-healthy_dataset-revision-67990f383ac8f169c9a00148febba1ed357e18e8_name-data_import.data_raw_potential-batches-1_seed-420_sub-sampling-10000_transformation-cofactor-150	10000	cyanno	CyAnno	unfiltered	.e924e671977a35b401c5c23aaf1308ed57ddaf256c55741b97fd498c2a244b62	Unfiltered	5	5	1	complete	precision_macro	0.9490049754190081	5	Macro precision	arithmetic mean across accepted effective folds with a defined score for this metric	known-population-open-set-v1
FR-FCM-Z2KP-healthy	FR-FCM-Z2KP-healthy (n=50k)	dataset_name-FR-FCM-Z2KP-healthy_dataset-revision-67990f383ac8f169c9a00148febba1ed357e18e8_name-data_import.data_raw_potential-batches-1_seed-420_sub-sampling-50000_transformation-cofactor-150	50000	cyanno	CyAnno	unfiltered	.e924e671977a35b401c5c23aaf1308ed57ddaf256c55741b97fd498c2a244b62	Unfiltered	5	5	1	complete	precision_macro	0.9405225914743689	5	Macro precision	arithmetic mean across accepted effective folds with a defined score for this metric	known-population-open-set-v1
FR-FCM-Z2KP-healthy	FR-FCM-Z2KP-healthy (n=100k)	dataset_name-FR-FCM-Z2KP-healthy_dataset-revision-67990f383ac8f169c9a00148febba1ed357e18e8_name-data_import.data_raw_potential-batches-1_seed-420_sub-sampling-100000_transformation-cofactor-150	1e+05	cyanno	CyAnno	unfiltered	.e924e671977a35b401c5c23aaf1308ed57ddaf256c55741b97fd498c2a244b62	Unfiltered	5	5	1	complete	precision_macro	0.9463855838061447	5	Macro precision	arithmetic mean across accepted effective folds with a defined score for this metric	known-population-open-set-v1
FR-FCM-Z2KP-healthy	FR-FCM-Z2KP-healthy	dataset_name-FR-FCM-Z2KP-healthy_dataset-revision-67990f383ac8f169c9a00148febba1ed357e18e8_name-data_import.data_raw_potential-batches-1_seed-42_transformation-cofactor-150	not_applicable	cyanno	CyAnno	unfiltered	.e924e671977a35b401c5c23aaf1308ed57ddaf256c55741b97fd498c2a244b62	Unfiltered	5	5	1	complete	precision_macro	0.94174434091899	5	Macro precision	arithmetic mean across accepted effective folds with a defined score for this metric	known-population-open-set-v1
FR-FCM-Z3YR	FR-FCM-Z3YR	dataset_name-FR-FCM-Z3YR_dataset-revision-67990f383ac8f169c9a00148febba1ed357e18e8_name-data_import.data_raw_potential-batches-1_seed-42_transformation-cofactor-5	not_applicable	cyanno	CyAnno	unfiltered	.e924e671977a35b401c5c23aaf1308ed57ddaf256c55741b97fd498c2a244b62	Unfiltered	5	5	1	complete	precision_macro	0.9084315041298887	5	Macro precision	arithmetic mean across accepted effective folds with a defined score for this metric	known-population-open-set-v1
FR-FCM-Z7CH-BALBc	FR-FCM-Z7CH-BALBc	dataset_name-FR-FCM-Z7CH-BALBc_dataset-revision-4bf02d6adbe55785ca855b57274aa37b8dc843ae_name-data_import.data_raw_potential-batches-1_seed-42_transformation-cofactor-150	not_applicable	cyanno	CyAnno	unfiltered	.e924e671977a35b401c5c23aaf1308ed57ddaf256c55741b97fd498c2a244b62	Unfiltered	5	5	1	complete	precision_macro	0.44722922712698976	5	Macro precision	arithmetic mean across accepted effective folds with a defined score for this metric	known-population-open-set-v1
FR-FCM-Z7CH-C57BL6	FR-FCM-Z7CH-C57BL6	dataset_name-FR-FCM-Z7CH-C57BL6_dataset-revision-4bf02d6adbe55785ca855b57274aa37b8dc843ae_name-data_import.data_raw_potential-batches-1_seed-42_transformation-cofactor-150	not_applicable	cyanno	CyAnno	unfiltered	.e924e671977a35b401c5c23aaf1308ed57ddaf256c55741b97fd498c2a244b62	Unfiltered	5	5	1	complete	precision_macro	0.4780514035801164	5	Macro precision	arithmetic mean across accepted effective folds with a defined score for this metric	known-population-open-set-v1
FR-FCM-ZY34	FR-FCM-ZY34	dataset_name-FR-FCM-ZY34_dataset-revision-67990f383ac8f169c9a00148febba1ed357e18e8_name-data_import.data_raw_potential-batches-1_seed-42_transformation-cofactor-150	not_applicable	cyanno	CyAnno	unfiltered	.e924e671977a35b401c5c23aaf1308ed57ddaf256c55741b97fd498c2a244b62	Unfiltered	5	5	1	complete	precision_macro	0.6644545458300302	5	Macro precision	arithmetic mean across accepted effective folds with a defined score for this metric	known-population-open-set-v1
FR-FCM-ZYVT	FR-FCM-ZYVT	dataset_name-FR-FCM-ZYVT_dataset-revision-67990f383ac8f169c9a00148febba1ed357e18e8_name-data_import.data_raw_potential-batches-1_seed-42_transformation-cofactor-150	not_applicable	cyanno	CyAnno	unfiltered	.e924e671977a35b401c5c23aaf1308ed57ddaf256c55741b97fd498c2a244b62	Unfiltered	5	5	1	complete	precision_macro	0.14993102598549726	5	Macro precision	arithmetic mean across accepted effective folds with a defined score for this metric	known-population-open-set-v1
FlowCyt	FlowCyt	dataset_name-FlowCyt_dataset-revision-67990f383ac8f169c9a00148febba1ed357e18e8_name-data_import.data_raw_potential-batches-1_seed-42_transformation-cofactor-150	not_applicable	cyanno	CyAnno	unfiltered	.e924e671977a35b401c5c23aaf1308ed57ddaf256c55741b97fd498c2a244b62	Unfiltered	5	5	1	complete	precision_macro	0.2967810719957068	5	Macro precision	arithmetic mean across accepted effective folds with a defined score for this metric	known-population-open-set-v1
Levine	Levine	dataset_name-Levine_dataset-revision-67990f383ac8f169c9a00148febba1ed357e18e8_name-data_import.data_raw_potential-batches-1_seed-42_transformation-cofactor-5	not_applicable	cyanno	CyAnno	unfiltered	.e924e671977a35b401c5c23aaf1308ed57ddaf256c55741b97fd498c2a244b62	Unfiltered	2	2	1	complete	precision_macro	0.42967532653037716	2	Macro precision	arithmetic mean across accepted effective folds with a defined score for this metric	known-population-open-set-v1
Samusik	Samusik	dataset_name-Samusik_dataset-revision-67990f383ac8f169c9a00148febba1ed357e18e8_name-data_import.data_raw_potential-batches-1_seed-42_transformation-cofactor-5	not_applicable	cyanno	CyAnno	unfiltered	.e924e671977a35b401c5c23aaf1308ed57ddaf256c55741b97fd498c2a244b62	Unfiltered	5	5	1	complete	precision_macro	0.6185139866411177	5	Macro precision	arithmetic mean across accepted effective folds with a defined score for this metric	known-population-open-set-v1
15723074	15723074	dataset_name-15723074_dataset-revision-4bf02d6adbe55785ca855b57274aa37b8dc843ae_name-data_import.data_raw_potential-batches-1_seed-42_transformation-cofactor-150	not_applicable	cygate	CyGATE	unfiltered	.e924e671977a35b401c5c23aaf1308ed57ddaf256c55741b97fd498c2a244b62	Unfiltered	5	5	1	complete	precision_macro	0.873894749262146	5	Macro precision	arithmetic mean across accepted effective folds with a defined score for this metric	known-population-open-set-v1
BodenmillerXL	BodenmillerXL	dataset_name-BodenmillerXL_dataset-revision-67990f383ac8f169c9a00148febba1ed357e18e8_name-data_import.data_raw_potential-batches-1_seed-42_transformation-cofactor-5	not_applicable	cygate	CyGATE	unfiltered	.e924e671977a35b401c5c23aaf1308ed57ddaf256c55741b97fd498c2a244b62	Unfiltered	5	5	1	complete	precision_macro	0.8150117739374128	5	Macro precision	arithmetic mean across accepted effective folds with a defined score for this metric	known-population-open-set-v1
FR-FCM-Z238	FR-FCM-Z238	dataset_name-FR-FCM-Z238_dataset-revision-67990f383ac8f169c9a00148febba1ed357e18e8_name-data_import.data_raw_potential-batches-1_seed-42_transformation-cofactor-5	not_applicable	cygate	CyGATE	unfiltered	.e924e671977a35b401c5c23aaf1308ed57ddaf256c55741b97fd498c2a244b62	Unfiltered	5	5	1	complete	precision_macro	0.5449154052050998	5	Macro precision	arithmetic mean across accepted effective folds with a defined score for this metric	known-population-open-set-v1
FR-FCM-Z2KP-covid	FR-FCM-Z2KP-covid	dataset_name-FR-FCM-Z2KP-covid_dataset-revision-67990f383ac8f169c9a00148febba1ed357e18e8_name-data_import.data_raw_potential-batches-1_seed-42_transformation-cofactor-150	not_applicable	cygate	CyGATE	unfiltered	.e924e671977a35b401c5c23aaf1308ed57ddaf256c55741b97fd498c2a244b62	Unfiltered	5	5	1	complete	precision_macro	0.8162512865440837	5	Macro precision	arithmetic mean across accepted effective folds with a defined score for this metric	known-population-open-set-v1
FR-FCM-Z2KP-healthy	FR-FCM-Z2KP-healthy (n=1k)	dataset_name-FR-FCM-Z2KP-healthy_dataset-revision-67990f383ac8f169c9a00148febba1ed357e18e8_name-data_import.data_raw_potential-batches-1_seed-420_sub-sampling-1000_transformation-cofactor-150	1000	cygate	CyGATE	unfiltered	.e924e671977a35b401c5c23aaf1308ed57ddaf256c55741b97fd498c2a244b62	Unfiltered	5	5	1	complete	precision_macro	0.851069088101671	5	Macro precision	arithmetic mean across accepted effective folds with a defined score for this metric	known-population-open-set-v1
FR-FCM-Z2KP-healthy	FR-FCM-Z2KP-healthy (n=5k)	dataset_name-FR-FCM-Z2KP-healthy_dataset-revision-67990f383ac8f169c9a00148febba1ed357e18e8_name-data_import.data_raw_potential-batches-1_seed-420_sub-sampling-5000_transformation-cofactor-150	5000	cygate	CyGATE	unfiltered	.e924e671977a35b401c5c23aaf1308ed57ddaf256c55741b97fd498c2a244b62	Unfiltered	5	5	1	complete	precision_macro	0.8459200639297723	5	Macro precision	arithmetic mean across accepted effective folds with a defined score for this metric	known-population-open-set-v1
FR-FCM-Z2KP-healthy	FR-FCM-Z2KP-healthy (n=10k)	dataset_name-FR-FCM-Z2KP-healthy_dataset-revision-67990f383ac8f169c9a00148febba1ed357e18e8_name-data_import.data_raw_potential-batches-1_seed-420_sub-sampling-10000_transformation-cofactor-150	10000	cygate	CyGATE	unfiltered	.e924e671977a35b401c5c23aaf1308ed57ddaf256c55741b97fd498c2a244b62	Unfiltered	5	5	1	complete	precision_macro	0.8482288834659977	5	Macro precision	arithmetic mean across accepted effective folds with a defined score for this metric	known-population-open-set-v1
FR-FCM-Z2KP-healthy	FR-FCM-Z2KP-healthy (n=50k)	dataset_name-FR-FCM-Z2KP-healthy_dataset-revision-67990f383ac8f169c9a00148febba1ed357e18e8_name-data_import.data_raw_potential-batches-1_seed-420_sub-sampling-50000_transformation-cofactor-150	50000	cygate	CyGATE	unfiltered	.e924e671977a35b401c5c23aaf1308ed57ddaf256c55741b97fd498c2a244b62	Unfiltered	5	5	1	complete	precision_macro	0.839122390208444	5	Macro precision	arithmetic mean across accepted effective folds with a defined score for this metric	known-population-open-set-v1
FR-FCM-Z2KP-healthy	FR-FCM-Z2KP-healthy (n=100k)	dataset_name-FR-FCM-Z2KP-healthy_dataset-revision-67990f383ac8f169c9a00148febba1ed357e18e8_name-data_import.data_raw_potential-batches-1_seed-420_sub-sampling-100000_transformation-cofactor-150	1e+05	cygate	CyGATE	unfiltered	.e924e671977a35b401c5c23aaf1308ed57ddaf256c55741b97fd498c2a244b62	Unfiltered	5	5	1	complete	precision_macro	0.8392492152723949	5	Macro precision	arithmetic mean across accepted effective folds with a defined score for this metric	known-population-open-set-v1
FR-FCM-Z2KP-healthy	FR-FCM-Z2KP-healthy	dataset_name-FR-FCM-Z2KP-healthy_dataset-revision-67990f383ac8f169c9a00148febba1ed357e18e8_name-data_import.data_raw_potential-batches-1_seed-42_transformation-cofactor-150	not_applicable	cygate	CyGATE	unfiltered	.e924e671977a35b401c5c23aaf1308ed57ddaf256c55741b97fd498c2a244b62	Unfiltered	5	5	1	complete	precision_macro	0.8560622555742193	5	Macro precision	arithmetic mean across accepted effective folds with a defined score for this metric	known-population-open-set-v1
FR-FCM-Z3YR	FR-FCM-Z3YR	dataset_name-FR-FCM-Z3YR_dataset-revision-67990f383ac8f169c9a00148febba1ed357e18e8_name-data_import.data_raw_potential-batches-1_seed-42_transformation-cofactor-5	not_applicable	cygate	CyGATE	unfiltered	.e924e671977a35b401c5c23aaf1308ed57ddaf256c55741b97fd498c2a244b62	Unfiltered	5	5	1	complete	precision_macro	0.7444808416630574	5	Macro precision	arithmetic mean across accepted effective folds with a defined score for this metric	known-population-open-set-v1
FR-FCM-Z7CH-BALBc	FR-FCM-Z7CH-BALBc	dataset_name-FR-FCM-Z7CH-BALBc_dataset-revision-4bf02d6adbe55785ca855b57274aa37b8dc843ae_name-data_import.data_raw_potential-batches-1_seed-42_transformation-cofactor-150	not_applicable	cygate	CyGATE	unfiltered	.e924e671977a35b401c5c23aaf1308ed57ddaf256c55741b97fd498c2a244b62	Unfiltered	5	5	1	complete	precision_macro	0.4663033865116672	5	Macro precision	arithmetic mean across accepted effective folds with a defined score for this metric	known-population-open-set-v1
FR-FCM-Z7CH-C57BL6	FR-FCM-Z7CH-C57BL6	dataset_name-FR-FCM-Z7CH-C57BL6_dataset-revision-4bf02d6adbe55785ca855b57274aa37b8dc843ae_name-data_import.data_raw_potential-batches-1_seed-42_transformation-cofactor-150	not_applicable	cygate	CyGATE	unfiltered	.e924e671977a35b401c5c23aaf1308ed57ddaf256c55741b97fd498c2a244b62	Unfiltered	5	5	1	complete	precision_macro	0.5330988393947461	5	Macro precision	arithmetic mean across accepted effective folds with a defined score for this metric	known-population-open-set-v1
FR-FCM-ZY34	FR-FCM-ZY34	dataset_name-FR-FCM-ZY34_dataset-revision-67990f383ac8f169c9a00148febba1ed357e18e8_name-data_import.data_raw_potential-batches-1_seed-42_transformation-cofactor-150	not_applicable	cygate	CyGATE	unfiltered	.e924e671977a35b401c5c23aaf1308ed57ddaf256c55741b97fd498c2a244b62	Unfiltered	5	5	1	complete	precision_macro	0.2705821430381934	5	Macro precision	arithmetic mean across accepted effective folds with a defined score for this metric	known-population-open-set-v1
FR-FCM-ZYVT	FR-FCM-ZYVT	dataset_name-FR-FCM-ZYVT_dataset-revision-67990f383ac8f169c9a00148febba1ed357e18e8_name-data_import.data_raw_potential-batches-1_seed-42_transformation-cofactor-150	not_applicable	cygate	CyGATE	unfiltered	.e924e671977a35b401c5c23aaf1308ed57ddaf256c55741b97fd498c2a244b62	Unfiltered	5	5	1	complete	precision_macro	0.17229356009901076	5	Macro precision	arithmetic mean across accepted effective folds with a defined score for this metric	known-population-open-set-v1
FlowCyt	FlowCyt	dataset_name-FlowCyt_dataset-revision-67990f383ac8f169c9a00148febba1ed357e18e8_name-data_import.data_raw_potential-batches-1_seed-42_transformation-cofactor-150	not_applicable	cygate	CyGATE	unfiltered	.e924e671977a35b401c5c23aaf1308ed57ddaf256c55741b97fd498c2a244b62	Unfiltered	5	5	1	complete	precision_macro	0.18711738279764994	5	Macro precision	arithmetic mean across accepted effective folds with a defined score for this metric	known-population-open-set-v1
Levine	Levine	dataset_name-Levine_dataset-revision-67990f383ac8f169c9a00148febba1ed357e18e8_name-data_import.data_raw_potential-batches-1_seed-42_transformation-cofactor-5	not_applicable	cygate	CyGATE	unfiltered	.e924e671977a35b401c5c23aaf1308ed57ddaf256c55741b97fd498c2a244b62	Unfiltered	2	2	1	complete	precision_macro	0.3960443178311491	2	Macro precision	arithmetic mean across accepted effective folds with a defined score for this metric	known-population-open-set-v1
Samusik	Samusik	dataset_name-Samusik_dataset-revision-67990f383ac8f169c9a00148febba1ed357e18e8_name-data_import.data_raw_potential-batches-1_seed-42_transformation-cofactor-5	not_applicable	cygate	CyGATE	unfiltered	.e924e671977a35b401c5c23aaf1308ed57ddaf256c55741b97fd498c2a244b62	Unfiltered	5	5	1	complete	precision_macro	0.5940215643790954	5	Macro precision	arithmetic mean across accepted effective folds with a defined score for this metric	known-population-open-set-v1
15723074	15723074	dataset_name-15723074_dataset-revision-4bf02d6adbe55785ca855b57274aa37b8dc843ae_name-data_import.data_raw_potential-batches-1_seed-42_transformation-cofactor-150	not_applicable	dgcytof	DGCyTOF	unfiltered	.e924e671977a35b401c5c23aaf1308ed57ddaf256c55741b97fd498c2a244b62	Unfiltered	5	5	1	complete	precision_macro	0.8393662908431172	5	Macro precision	arithmetic mean across accepted effective folds with a defined score for this metric	known-population-open-set-v1
BodenmillerXL	BodenmillerXL	dataset_name-BodenmillerXL_dataset-revision-67990f383ac8f169c9a00148febba1ed357e18e8_name-data_import.data_raw_potential-batches-1_seed-42_transformation-cofactor-5	not_applicable	dgcytof	DGCyTOF	unfiltered	.e924e671977a35b401c5c23aaf1308ed57ddaf256c55741b97fd498c2a244b62	Unfiltered	5	5	1	complete	precision_macro	0.9398451474582631	5	Macro precision	arithmetic mean across accepted effective folds with a defined score for this metric	known-population-open-set-v1
FR-FCM-Z238	FR-FCM-Z238	dataset_name-FR-FCM-Z238_dataset-revision-67990f383ac8f169c9a00148febba1ed357e18e8_name-data_import.data_raw_potential-batches-1_seed-42_transformation-cofactor-5	not_applicable	dgcytof	DGCyTOF	unfiltered	.e924e671977a35b401c5c23aaf1308ed57ddaf256c55741b97fd498c2a244b62	Unfiltered	5	5	1	complete	precision_macro	0.6116288962479578	5	Macro precision	arithmetic mean across accepted effective folds with a defined score for this metric	known-population-open-set-v1
FR-FCM-Z2KP-covid	FR-FCM-Z2KP-covid	dataset_name-FR-FCM-Z2KP-covid_dataset-revision-67990f383ac8f169c9a00148febba1ed357e18e8_name-data_import.data_raw_potential-batches-1_seed-42_transformation-cofactor-150	not_applicable	dgcytof	DGCyTOF	unfiltered	.e924e671977a35b401c5c23aaf1308ed57ddaf256c55741b97fd498c2a244b62	Unfiltered	5	5	1	complete	precision_macro	0.8662608118649153	5	Macro precision	arithmetic mean across accepted effective folds with a defined score for this metric	known-population-open-set-v1
FR-FCM-Z2KP-healthy	FR-FCM-Z2KP-healthy (n=1k)	dataset_name-FR-FCM-Z2KP-healthy_dataset-revision-67990f383ac8f169c9a00148febba1ed357e18e8_name-data_import.data_raw_potential-batches-1_seed-420_sub-sampling-1000_transformation-cofactor-150	1000	dgcytof	DGCyTOF	unfiltered	.e924e671977a35b401c5c23aaf1308ed57ddaf256c55741b97fd498c2a244b62	Unfiltered	5	5	1	complete	precision_macro	0.7833654311650234	5	Macro precision	arithmetic mean across accepted effective folds with a defined score for this metric	known-population-open-set-v1
FR-FCM-Z2KP-healthy	FR-FCM-Z2KP-healthy (n=5k)	dataset_name-FR-FCM-Z2KP-healthy_dataset-revision-67990f383ac8f169c9a00148febba1ed357e18e8_name-data_import.data_raw_potential-batches-1_seed-420_sub-sampling-5000_transformation-cofactor-150	5000	dgcytof	DGCyTOF	unfiltered	.e924e671977a35b401c5c23aaf1308ed57ddaf256c55741b97fd498c2a244b62	Unfiltered	5	5	1	complete	precision_macro	0.8330229212086281	5	Macro precision	arithmetic mean across accepted effective folds with a defined score for this metric	known-population-open-set-v1
FR-FCM-Z2KP-healthy	FR-FCM-Z2KP-healthy (n=10k)	dataset_name-FR-FCM-Z2KP-healthy_dataset-revision-67990f383ac8f169c9a00148febba1ed357e18e8_name-data_import.data_raw_potential-batches-1_seed-420_sub-sampling-10000_transformation-cofactor-150	10000	dgcytof	DGCyTOF	unfiltered	.e924e671977a35b401c5c23aaf1308ed57ddaf256c55741b97fd498c2a244b62	Unfiltered	5	5	1	complete	precision_macro	0.8325735069022178	5	Macro precision	arithmetic mean across accepted effective folds with a defined score for this metric	known-population-open-set-v1
FR-FCM-Z2KP-healthy	FR-FCM-Z2KP-healthy (n=50k)	dataset_name-FR-FCM-Z2KP-healthy_dataset-revision-67990f383ac8f169c9a00148febba1ed357e18e8_name-data_import.data_raw_potential-batches-1_seed-420_sub-sampling-50000_transformation-cofactor-150	50000	dgcytof	DGCyTOF	unfiltered	.e924e671977a35b401c5c23aaf1308ed57ddaf256c55741b97fd498c2a244b62	Unfiltered	5	5	1	complete	precision_macro	0.8453289054602547	5	Macro precision	arithmetic mean across accepted effective folds with a defined score for this metric	known-population-open-set-v1
FR-FCM-Z2KP-healthy	FR-FCM-Z2KP-healthy (n=100k)	dataset_name-FR-FCM-Z2KP-healthy_dataset-revision-67990f383ac8f169c9a00148febba1ed357e18e8_name-data_import.data_raw_potential-batches-1_seed-420_sub-sampling-100000_transformation-cofactor-150	1e+05	dgcytof	DGCyTOF	unfiltered	.e924e671977a35b401c5c23aaf1308ed57ddaf256c55741b97fd498c2a244b62	Unfiltered	5	5	1	complete	precision_macro	0.8530574679677382	5	Macro precision	arithmetic mean across accepted effective folds with a defined score for this metric	known-population-open-set-v1
FR-FCM-Z2KP-healthy	FR-FCM-Z2KP-healthy	dataset_name-FR-FCM-Z2KP-healthy_dataset-revision-67990f383ac8f169c9a00148febba1ed357e18e8_name-data_import.data_raw_potential-batches-1_seed-42_transformation-cofactor-150	not_applicable	dgcytof	DGCyTOF	unfiltered	.e924e671977a35b401c5c23aaf1308ed57ddaf256c55741b97fd498c2a244b62	Unfiltered	5	5	1	complete	precision_macro	0.8697086323184601	5	Macro precision	arithmetic mean across accepted effective folds with a defined score for this metric	known-population-open-set-v1
FR-FCM-Z3YR	FR-FCM-Z3YR	dataset_name-FR-FCM-Z3YR_dataset-revision-67990f383ac8f169c9a00148febba1ed357e18e8_name-data_import.data_raw_potential-batches-1_seed-42_transformation-cofactor-5	not_applicable	dgcytof	DGCyTOF	unfiltered	.e924e671977a35b401c5c23aaf1308ed57ddaf256c55741b97fd498c2a244b62	Unfiltered	5	5	1	complete	precision_macro	0.8292834200113262	5	Macro precision	arithmetic mean across accepted effective folds with a defined score for this metric	known-population-open-set-v1
FR-FCM-Z7CH-BALBc	FR-FCM-Z7CH-BALBc	dataset_name-FR-FCM-Z7CH-BALBc_dataset-revision-4bf02d6adbe55785ca855b57274aa37b8dc843ae_name-data_import.data_raw_potential-batches-1_seed-42_transformation-cofactor-150	not_applicable	dgcytof	DGCyTOF	unfiltered	.e924e671977a35b401c5c23aaf1308ed57ddaf256c55741b97fd498c2a244b62	Unfiltered	5	5	1	complete	precision_macro	0.4088173112699893	5	Macro precision	arithmetic mean across accepted effective folds with a defined score for this metric	known-population-open-set-v1
FR-FCM-Z7CH-C57BL6	FR-FCM-Z7CH-C57BL6	dataset_name-FR-FCM-Z7CH-C57BL6_dataset-revision-4bf02d6adbe55785ca855b57274aa37b8dc843ae_name-data_import.data_raw_potential-batches-1_seed-42_transformation-cofactor-150	not_applicable	dgcytof	DGCyTOF	unfiltered	.e924e671977a35b401c5c23aaf1308ed57ddaf256c55741b97fd498c2a244b62	Unfiltered	5	5	1	complete	precision_macro	0.3945456564228716	5	Macro precision	arithmetic mean across accepted effective folds with a defined score for this metric	known-population-open-set-v1
FR-FCM-ZY34	FR-FCM-ZY34	dataset_name-FR-FCM-ZY34_dataset-revision-67990f383ac8f169c9a00148febba1ed357e18e8_name-data_import.data_raw_potential-batches-1_seed-42_transformation-cofactor-150	not_applicable	dgcytof	DGCyTOF	unfiltered	.e924e671977a35b401c5c23aaf1308ed57ddaf256c55741b97fd498c2a244b62	Unfiltered	5	5	1	complete	precision_macro	0.6003451365489283	5	Macro precision	arithmetic mean across accepted effective folds with a defined score for this metric	known-population-open-set-v1
FR-FCM-ZYVT	FR-FCM-ZYVT	dataset_name-FR-FCM-ZYVT_dataset-revision-67990f383ac8f169c9a00148febba1ed357e18e8_name-data_import.data_raw_potential-batches-1_seed-42_transformation-cofactor-150	not_applicable	dgcytof	DGCyTOF	unfiltered	.e924e671977a35b401c5c23aaf1308ed57ddaf256c55741b97fd498c2a244b62	Unfiltered	5	5	1	complete	precision_macro	0.16953610246473977	5	Macro precision	arithmetic mean across accepted effective folds with a defined score for this metric	known-population-open-set-v1
FlowCyt	FlowCyt	dataset_name-FlowCyt_dataset-revision-67990f383ac8f169c9a00148febba1ed357e18e8_name-data_import.data_raw_potential-batches-1_seed-42_transformation-cofactor-150	not_applicable	dgcytof	DGCyTOF	unfiltered	.e924e671977a35b401c5c23aaf1308ed57ddaf256c55741b97fd498c2a244b62	Unfiltered	5	5	1	complete	precision_macro	0.2815391382742517	5	Macro precision	arithmetic mean across accepted effective folds with a defined score for this metric	known-population-open-set-v1
Levine	Levine	dataset_name-Levine_dataset-revision-67990f383ac8f169c9a00148febba1ed357e18e8_name-data_import.data_raw_potential-batches-1_seed-42_transformation-cofactor-5	not_applicable	dgcytof	DGCyTOF	unfiltered	.e924e671977a35b401c5c23aaf1308ed57ddaf256c55741b97fd498c2a244b62	Unfiltered	2	2	1	complete	precision_macro	0.38687039409033636	2	Macro precision	arithmetic mean across accepted effective folds with a defined score for this metric	known-population-open-set-v1
Samusik	Samusik	dataset_name-Samusik_dataset-revision-67990f383ac8f169c9a00148febba1ed357e18e8_name-data_import.data_raw_potential-batches-1_seed-42_transformation-cofactor-5	not_applicable	dgcytof	DGCyTOF	unfiltered	.e924e671977a35b401c5c23aaf1308ed57ddaf256c55741b97fd498c2a244b62	Unfiltered	5	5	1	complete	precision_macro	0.4603476238939515	5	Macro precision	arithmetic mean across accepted effective folds with a defined score for this metric	known-population-open-set-v1
15723074	15723074	dataset_name-15723074_dataset-revision-4bf02d6adbe55785ca855b57274aa37b8dc843ae_name-data_import.data_raw_potential-batches-1_seed-42_transformation-cofactor-150	not_applicable	gatemeclass[E]	GateMeClass [E]	unfiltered	.e924e671977a35b401c5c23aaf1308ed57ddaf256c55741b97fd498c2a244b62	Unfiltered	5	5	1	complete	precision_macro	0.9609831135826286	5	Macro precision	arithmetic mean across accepted effective folds with a defined score for this metric	known-population-open-set-v1
BodenmillerXL	BodenmillerXL	dataset_name-BodenmillerXL_dataset-revision-67990f383ac8f169c9a00148febba1ed357e18e8_name-data_import.data_raw_potential-batches-1_seed-42_transformation-cofactor-5	not_applicable	gatemeclass[E]	GateMeClass [E]	unfiltered	.e924e671977a35b401c5c23aaf1308ed57ddaf256c55741b97fd498c2a244b62	Unfiltered	5	5	1	complete	precision_macro	0.6958904613581335	5	Macro precision	arithmetic mean across accepted effective folds with a defined score for this metric	known-population-open-set-v1
FR-FCM-Z238	FR-FCM-Z238	dataset_name-FR-FCM-Z238_dataset-revision-67990f383ac8f169c9a00148febba1ed357e18e8_name-data_import.data_raw_potential-batches-1_seed-42_transformation-cofactor-5	not_applicable	gatemeclass[E]	GateMeClass [E]	unfiltered	.e924e671977a35b401c5c23aaf1308ed57ddaf256c55741b97fd498c2a244b62	Unfiltered	0	5	0	incomplete	precision_macro	NA	0	Macro precision	arithmetic mean across accepted effective folds with a defined score for this metric	known-population-open-set-v1
FR-FCM-Z2KP-covid	FR-FCM-Z2KP-covid	dataset_name-FR-FCM-Z2KP-covid_dataset-revision-67990f383ac8f169c9a00148febba1ed357e18e8_name-data_import.data_raw_potential-batches-1_seed-42_transformation-cofactor-150	not_applicable	gatemeclass[E]	GateMeClass [E]	unfiltered	.e924e671977a35b401c5c23aaf1308ed57ddaf256c55741b97fd498c2a244b62	Unfiltered	0	5	0	incomplete	precision_macro	NA	0	Macro precision	arithmetic mean across accepted effective folds with a defined score for this metric	known-population-open-set-v1
FR-FCM-Z2KP-healthy	FR-FCM-Z2KP-healthy (n=1k)	dataset_name-FR-FCM-Z2KP-healthy_dataset-revision-67990f383ac8f169c9a00148febba1ed357e18e8_name-data_import.data_raw_potential-batches-1_seed-420_sub-sampling-1000_transformation-cofactor-150	1000	gatemeclass[E]	GateMeClass [E]	unfiltered	.e924e671977a35b401c5c23aaf1308ed57ddaf256c55741b97fd498c2a244b62	Unfiltered	5	5	1	complete	precision_macro	0.7447929342985076	5	Macro precision	arithmetic mean across accepted effective folds with a defined score for this metric	known-population-open-set-v1
FR-FCM-Z2KP-healthy	FR-FCM-Z2KP-healthy (n=5k)	dataset_name-FR-FCM-Z2KP-healthy_dataset-revision-67990f383ac8f169c9a00148febba1ed357e18e8_name-data_import.data_raw_potential-batches-1_seed-420_sub-sampling-5000_transformation-cofactor-150	5000	gatemeclass[E]	GateMeClass [E]	unfiltered	.e924e671977a35b401c5c23aaf1308ed57ddaf256c55741b97fd498c2a244b62	Unfiltered	5	5	1	complete	precision_macro	0.6352561587403387	5	Macro precision	arithmetic mean across accepted effective folds with a defined score for this metric	known-population-open-set-v1
FR-FCM-Z2KP-healthy	FR-FCM-Z2KP-healthy (n=10k)	dataset_name-FR-FCM-Z2KP-healthy_dataset-revision-67990f383ac8f169c9a00148febba1ed357e18e8_name-data_import.data_raw_potential-batches-1_seed-420_sub-sampling-10000_transformation-cofactor-150	10000	gatemeclass[E]	GateMeClass [E]	unfiltered	.e924e671977a35b401c5c23aaf1308ed57ddaf256c55741b97fd498c2a244b62	Unfiltered	5	5	1	complete	precision_macro	0.6390083062006786	5	Macro precision	arithmetic mean across accepted effective folds with a defined score for this metric	known-population-open-set-v1
FR-FCM-Z2KP-healthy	FR-FCM-Z2KP-healthy (n=50k)	dataset_name-FR-FCM-Z2KP-healthy_dataset-revision-67990f383ac8f169c9a00148febba1ed357e18e8_name-data_import.data_raw_potential-batches-1_seed-420_sub-sampling-50000_transformation-cofactor-150	50000	gatemeclass[E]	GateMeClass [E]	unfiltered	.e924e671977a35b401c5c23aaf1308ed57ddaf256c55741b97fd498c2a244b62	Unfiltered	5	5	1	complete	precision_macro	0.6165250698083481	5	Macro precision	arithmetic mean across accepted effective folds with a defined score for this metric	known-population-open-set-v1
FR-FCM-Z2KP-healthy	FR-FCM-Z2KP-healthy (n=100k)	dataset_name-FR-FCM-Z2KP-healthy_dataset-revision-67990f383ac8f169c9a00148febba1ed357e18e8_name-data_import.data_raw_potential-batches-1_seed-420_sub-sampling-100000_transformation-cofactor-150	1e+05	gatemeclass[E]	GateMeClass [E]	unfiltered	.e924e671977a35b401c5c23aaf1308ed57ddaf256c55741b97fd498c2a244b62	Unfiltered	5	5	1	complete	precision_macro	0.569263118124796	5	Macro precision	arithmetic mean across accepted effective folds with a defined score for this metric	known-population-open-set-v1
FR-FCM-Z2KP-healthy	FR-FCM-Z2KP-healthy	dataset_name-FR-FCM-Z2KP-healthy_dataset-revision-67990f383ac8f169c9a00148febba1ed357e18e8_name-data_import.data_raw_potential-batches-1_seed-42_transformation-cofactor-150	not_applicable	gatemeclass[E]	GateMeClass [E]	unfiltered	.e924e671977a35b401c5c23aaf1308ed57ddaf256c55741b97fd498c2a244b62	Unfiltered	5	5	1	complete	precision_macro	0.6337331124943961	5	Macro precision	arithmetic mean across accepted effective folds with a defined score for this metric	known-population-open-set-v1
FR-FCM-Z3YR	FR-FCM-Z3YR	dataset_name-FR-FCM-Z3YR_dataset-revision-67990f383ac8f169c9a00148febba1ed357e18e8_name-data_import.data_raw_potential-batches-1_seed-42_transformation-cofactor-5	not_applicable	gatemeclass[E]	GateMeClass [E]	unfiltered	.e924e671977a35b401c5c23aaf1308ed57ddaf256c55741b97fd498c2a244b62	Unfiltered	0	5	0	incomplete	precision_macro	NA	0	Macro precision	arithmetic mean across accepted effective folds with a defined score for this metric	known-population-open-set-v1
FR-FCM-Z7CH-BALBc	FR-FCM-Z7CH-BALBc	dataset_name-FR-FCM-Z7CH-BALBc_dataset-revision-4bf02d6adbe55785ca855b57274aa37b8dc843ae_name-data_import.data_raw_potential-batches-1_seed-42_transformation-cofactor-150	not_applicable	gatemeclass[E]	GateMeClass [E]	unfiltered	.e924e671977a35b401c5c23aaf1308ed57ddaf256c55741b97fd498c2a244b62	Unfiltered	5	5	1	complete	precision_macro	0.3545698009987144	5	Macro precision	arithmetic mean across accepted effective folds with a defined score for this metric	known-population-open-set-v1
FR-FCM-Z7CH-C57BL6	FR-FCM-Z7CH-C57BL6	dataset_name-FR-FCM-Z7CH-C57BL6_dataset-revision-4bf02d6adbe55785ca855b57274aa37b8dc843ae_name-data_import.data_raw_potential-batches-1_seed-42_transformation-cofactor-150	not_applicable	gatemeclass[E]	GateMeClass [E]	unfiltered	.e924e671977a35b401c5c23aaf1308ed57ddaf256c55741b97fd498c2a244b62	Unfiltered	5	5	1	complete	precision_macro	0.3605671421951184	5	Macro precision	arithmetic mean across accepted effective folds with a defined score for this metric	known-population-open-set-v1
FR-FCM-ZY34	FR-FCM-ZY34	dataset_name-FR-FCM-ZY34_dataset-revision-67990f383ac8f169c9a00148febba1ed357e18e8_name-data_import.data_raw_potential-batches-1_seed-42_transformation-cofactor-150	not_applicable	gatemeclass[E]	GateMeClass [E]	unfiltered	.e924e671977a35b401c5c23aaf1308ed57ddaf256c55741b97fd498c2a244b62	Unfiltered	5	5	1	complete	precision_macro	0.2110742035711095	5	Macro precision	arithmetic mean across accepted effective folds with a defined score for this metric	known-population-open-set-v1
FR-FCM-ZYVT	FR-FCM-ZYVT	dataset_name-FR-FCM-ZYVT_dataset-revision-67990f383ac8f169c9a00148febba1ed357e18e8_name-data_import.data_raw_potential-batches-1_seed-42_transformation-cofactor-150	not_applicable	gatemeclass[E]	GateMeClass [E]	unfiltered	.e924e671977a35b401c5c23aaf1308ed57ddaf256c55741b97fd498c2a244b62	Unfiltered	5	5	1	complete	precision_macro	0.19418737408039072	5	Macro precision	arithmetic mean across accepted effective folds with a defined score for this metric	known-population-open-set-v1
FlowCyt	FlowCyt	dataset_name-FlowCyt_dataset-revision-67990f383ac8f169c9a00148febba1ed357e18e8_name-data_import.data_raw_potential-batches-1_seed-42_transformation-cofactor-150	not_applicable	gatemeclass[E]	GateMeClass [E]	unfiltered	.e924e671977a35b401c5c23aaf1308ed57ddaf256c55741b97fd498c2a244b62	Unfiltered	0	5	0	incomplete	precision_macro	NA	0	Macro precision	arithmetic mean across accepted effective folds with a defined score for this metric	known-population-open-set-v1
Levine	Levine	dataset_name-Levine_dataset-revision-67990f383ac8f169c9a00148febba1ed357e18e8_name-data_import.data_raw_potential-batches-1_seed-42_transformation-cofactor-5	not_applicable	gatemeclass[E]	GateMeClass [E]	unfiltered	.e924e671977a35b401c5c23aaf1308ed57ddaf256c55741b97fd498c2a244b62	Unfiltered	2	2	1	complete	precision_macro	0.31532191798461684	2	Macro precision	arithmetic mean across accepted effective folds with a defined score for this metric	known-population-open-set-v1
Samusik	Samusik	dataset_name-Samusik_dataset-revision-67990f383ac8f169c9a00148febba1ed357e18e8_name-data_import.data_raw_potential-batches-1_seed-42_transformation-cofactor-5	not_applicable	gatemeclass[E]	GateMeClass [E]	unfiltered	.e924e671977a35b401c5c23aaf1308ed57ddaf256c55741b97fd498c2a244b62	Unfiltered	5	5	1	complete	precision_macro	0.41202277801711684	5	Macro precision	arithmetic mean across accepted effective folds with a defined score for this metric	known-population-open-set-v1
15723074	15723074	dataset_name-15723074_dataset-revision-4bf02d6adbe55785ca855b57274aa37b8dc843ae_name-data_import.data_raw_potential-batches-1_seed-42_transformation-cofactor-150	not_applicable	gatemeclass[V]	GateMeClass [V]	unfiltered	.e924e671977a35b401c5c23aaf1308ed57ddaf256c55741b97fd498c2a244b62	Unfiltered	5	5	1	complete	precision_macro	0.6987290541992836	5	Macro precision	arithmetic mean across accepted effective folds with a defined score for this metric	known-population-open-set-v1
BodenmillerXL	BodenmillerXL	dataset_name-BodenmillerXL_dataset-revision-67990f383ac8f169c9a00148febba1ed357e18e8_name-data_import.data_raw_potential-batches-1_seed-42_transformation-cofactor-5	not_applicable	gatemeclass[V]	GateMeClass [V]	unfiltered	.e924e671977a35b401c5c23aaf1308ed57ddaf256c55741b97fd498c2a244b62	Unfiltered	5	5	1	complete	precision_macro	0.5410941516885278	5	Macro precision	arithmetic mean across accepted effective folds with a defined score for this metric	known-population-open-set-v1
FR-FCM-Z238	FR-FCM-Z238	dataset_name-FR-FCM-Z238_dataset-revision-67990f383ac8f169c9a00148febba1ed357e18e8_name-data_import.data_raw_potential-batches-1_seed-42_transformation-cofactor-5	not_applicable	gatemeclass[V]	GateMeClass [V]	unfiltered	.e924e671977a35b401c5c23aaf1308ed57ddaf256c55741b97fd498c2a244b62	Unfiltered	0	5	0	incomplete	precision_macro	NA	0	Macro precision	arithmetic mean across accepted effective folds with a defined score for this metric	known-population-open-set-v1
FR-FCM-Z2KP-covid	FR-FCM-Z2KP-covid	dataset_name-FR-FCM-Z2KP-covid_dataset-revision-67990f383ac8f169c9a00148febba1ed357e18e8_name-data_import.data_raw_potential-batches-1_seed-42_transformation-cofactor-150	not_applicable	gatemeclass[V]	GateMeClass [V]	unfiltered	.e924e671977a35b401c5c23aaf1308ed57ddaf256c55741b97fd498c2a244b62	Unfiltered	0	5	0	incomplete	precision_macro	NA	0	Macro precision	arithmetic mean across accepted effective folds with a defined score for this metric	known-population-open-set-v1
FR-FCM-Z2KP-healthy	FR-FCM-Z2KP-healthy (n=1k)	dataset_name-FR-FCM-Z2KP-healthy_dataset-revision-67990f383ac8f169c9a00148febba1ed357e18e8_name-data_import.data_raw_potential-batches-1_seed-420_sub-sampling-1000_transformation-cofactor-150	1000	gatemeclass[V]	GateMeClass [V]	unfiltered	.e924e671977a35b401c5c23aaf1308ed57ddaf256c55741b97fd498c2a244b62	Unfiltered	5	5	1	complete	precision_macro	0.6423760451717354	5	Macro precision	arithmetic mean across accepted effective folds with a defined score for this metric	known-population-open-set-v1
FR-FCM-Z2KP-healthy	FR-FCM-Z2KP-healthy (n=5k)	dataset_name-FR-FCM-Z2KP-healthy_dataset-revision-67990f383ac8f169c9a00148febba1ed357e18e8_name-data_import.data_raw_potential-batches-1_seed-420_sub-sampling-5000_transformation-cofactor-150	5000	gatemeclass[V]	GateMeClass [V]	unfiltered	.e924e671977a35b401c5c23aaf1308ed57ddaf256c55741b97fd498c2a244b62	Unfiltered	5	5	1	complete	precision_macro	0.684649962474518	5	Macro precision	arithmetic mean across accepted effective folds with a defined score for this metric	known-population-open-set-v1
FR-FCM-Z2KP-healthy	FR-FCM-Z2KP-healthy (n=10k)	dataset_name-FR-FCM-Z2KP-healthy_dataset-revision-67990f383ac8f169c9a00148febba1ed357e18e8_name-data_import.data_raw_potential-batches-1_seed-420_sub-sampling-10000_transformation-cofactor-150	10000	gatemeclass[V]	GateMeClass [V]	unfiltered	.e924e671977a35b401c5c23aaf1308ed57ddaf256c55741b97fd498c2a244b62	Unfiltered	5	5	1	complete	precision_macro	0.726412948888163	5	Macro precision	arithmetic mean across accepted effective folds with a defined score for this metric	known-population-open-set-v1
FR-FCM-Z2KP-healthy	FR-FCM-Z2KP-healthy (n=50k)	dataset_name-FR-FCM-Z2KP-healthy_dataset-revision-67990f383ac8f169c9a00148febba1ed357e18e8_name-data_import.data_raw_potential-batches-1_seed-420_sub-sampling-50000_transformation-cofactor-150	50000	gatemeclass[V]	GateMeClass [V]	unfiltered	.e924e671977a35b401c5c23aaf1308ed57ddaf256c55741b97fd498c2a244b62	Unfiltered	5	5	1	complete	precision_macro	0.6445066874080945	5	Macro precision	arithmetic mean across accepted effective folds with a defined score for this metric	known-population-open-set-v1
FR-FCM-Z2KP-healthy	FR-FCM-Z2KP-healthy (n=100k)	dataset_name-FR-FCM-Z2KP-healthy_dataset-revision-67990f383ac8f169c9a00148febba1ed357e18e8_name-data_import.data_raw_potential-batches-1_seed-420_sub-sampling-100000_transformation-cofactor-150	1e+05	gatemeclass[V]	GateMeClass [V]	unfiltered	.e924e671977a35b401c5c23aaf1308ed57ddaf256c55741b97fd498c2a244b62	Unfiltered	5	5	1	complete	precision_macro	0.6392497956475881	5	Macro precision	arithmetic mean across accepted effective folds with a defined score for this metric	known-population-open-set-v1
FR-FCM-Z2KP-healthy	FR-FCM-Z2KP-healthy	dataset_name-FR-FCM-Z2KP-healthy_dataset-revision-67990f383ac8f169c9a00148febba1ed357e18e8_name-data_import.data_raw_potential-batches-1_seed-42_transformation-cofactor-150	not_applicable	gatemeclass[V]	GateMeClass [V]	unfiltered	.e924e671977a35b401c5c23aaf1308ed57ddaf256c55741b97fd498c2a244b62	Unfiltered	5	5	1	complete	precision_macro	0.6164869662977902	5	Macro precision	arithmetic mean across accepted effective folds with a defined score for this metric	known-population-open-set-v1
FR-FCM-Z3YR	FR-FCM-Z3YR	dataset_name-FR-FCM-Z3YR_dataset-revision-67990f383ac8f169c9a00148febba1ed357e18e8_name-data_import.data_raw_potential-batches-1_seed-42_transformation-cofactor-5	not_applicable	gatemeclass[V]	GateMeClass [V]	unfiltered	.e924e671977a35b401c5c23aaf1308ed57ddaf256c55741b97fd498c2a244b62	Unfiltered	0	5	0	incomplete	precision_macro	NA	0	Macro precision	arithmetic mean across accepted effective folds with a defined score for this metric	known-population-open-set-v1
FR-FCM-Z7CH-BALBc	FR-FCM-Z7CH-BALBc	dataset_name-FR-FCM-Z7CH-BALBc_dataset-revision-4bf02d6adbe55785ca855b57274aa37b8dc843ae_name-data_import.data_raw_potential-batches-1_seed-42_transformation-cofactor-150	not_applicable	gatemeclass[V]	GateMeClass [V]	unfiltered	.e924e671977a35b401c5c23aaf1308ed57ddaf256c55741b97fd498c2a244b62	Unfiltered	5	5	1	complete	precision_macro	0.38717761814399754	5	Macro precision	arithmetic mean across accepted effective folds with a defined score for this metric	known-population-open-set-v1
FR-FCM-Z7CH-C57BL6	FR-FCM-Z7CH-C57BL6	dataset_name-FR-FCM-Z7CH-C57BL6_dataset-revision-4bf02d6adbe55785ca855b57274aa37b8dc843ae_name-data_import.data_raw_potential-batches-1_seed-42_transformation-cofactor-150	not_applicable	gatemeclass[V]	GateMeClass [V]	unfiltered	.e924e671977a35b401c5c23aaf1308ed57ddaf256c55741b97fd498c2a244b62	Unfiltered	5	5	1	complete	precision_macro	0.45320051773080844	5	Macro precision	arithmetic mean across accepted effective folds with a defined score for this metric	known-population-open-set-v1
FR-FCM-ZY34	FR-FCM-ZY34	dataset_name-FR-FCM-ZY34_dataset-revision-67990f383ac8f169c9a00148febba1ed357e18e8_name-data_import.data_raw_potential-batches-1_seed-42_transformation-cofactor-150	not_applicable	gatemeclass[V]	GateMeClass [V]	unfiltered	.e924e671977a35b401c5c23aaf1308ed57ddaf256c55741b97fd498c2a244b62	Unfiltered	5	5	1	complete	precision_macro	0.1931768024969346	5	Macro precision	arithmetic mean across accepted effective folds with a defined score for this metric	known-population-open-set-v1
FR-FCM-ZYVT	FR-FCM-ZYVT	dataset_name-FR-FCM-ZYVT_dataset-revision-67990f383ac8f169c9a00148febba1ed357e18e8_name-data_import.data_raw_potential-batches-1_seed-42_transformation-cofactor-150	not_applicable	gatemeclass[V]	GateMeClass [V]	unfiltered	.e924e671977a35b401c5c23aaf1308ed57ddaf256c55741b97fd498c2a244b62	Unfiltered	5	5	1	complete	precision_macro	0.1910260245803278	5	Macro precision	arithmetic mean across accepted effective folds with a defined score for this metric	known-population-open-set-v1
FlowCyt	FlowCyt	dataset_name-FlowCyt_dataset-revision-67990f383ac8f169c9a00148febba1ed357e18e8_name-data_import.data_raw_potential-batches-1_seed-42_transformation-cofactor-150	not_applicable	gatemeclass[V]	GateMeClass [V]	unfiltered	.e924e671977a35b401c5c23aaf1308ed57ddaf256c55741b97fd498c2a244b62	Unfiltered	0	5	0	incomplete	precision_macro	NA	0	Macro precision	arithmetic mean across accepted effective folds with a defined score for this metric	known-population-open-set-v1
Levine	Levine	dataset_name-Levine_dataset-revision-67990f383ac8f169c9a00148febba1ed357e18e8_name-data_import.data_raw_potential-batches-1_seed-42_transformation-cofactor-5	not_applicable	gatemeclass[V]	GateMeClass [V]	unfiltered	.e924e671977a35b401c5c23aaf1308ed57ddaf256c55741b97fd498c2a244b62	Unfiltered	2	2	1	complete	precision_macro	0.3281061697870482	2	Macro precision	arithmetic mean across accepted effective folds with a defined score for this metric	known-population-open-set-v1
Samusik	Samusik	dataset_name-Samusik_dataset-revision-67990f383ac8f169c9a00148febba1ed357e18e8_name-data_import.data_raw_potential-batches-1_seed-42_transformation-cofactor-5	not_applicable	gatemeclass[V]	GateMeClass [V]	unfiltered	.e924e671977a35b401c5c23aaf1308ed57ddaf256c55741b97fd498c2a244b62	Unfiltered	5	5	1	complete	precision_macro	0.38955238417146343	5	Macro precision	arithmetic mean across accepted effective folds with a defined score for this metric	known-population-open-set-v1
15723074	15723074	dataset_name-15723074_dataset-revision-4bf02d6adbe55785ca855b57274aa37b8dc843ae_name-data_import.data_raw_potential-batches-1_seed-42_transformation-cofactor-150	not_applicable	knn	KNN	unfiltered	.e924e671977a35b401c5c23aaf1308ed57ddaf256c55741b97fd498c2a244b62	Unfiltered	5	5	1	complete	precision_macro	0.8206964717797248	5	Macro precision	arithmetic mean across accepted effective folds with a defined score for this metric	known-population-open-set-v1
BodenmillerXL	BodenmillerXL	dataset_name-BodenmillerXL_dataset-revision-67990f383ac8f169c9a00148febba1ed357e18e8_name-data_import.data_raw_potential-batches-1_seed-42_transformation-cofactor-5	not_applicable	knn	KNN	unfiltered	.e924e671977a35b401c5c23aaf1308ed57ddaf256c55741b97fd498c2a244b62	Unfiltered	5	5	1	complete	precision_macro	0.8024612310552665	5	Macro precision	arithmetic mean across accepted effective folds with a defined score for this metric	known-population-open-set-v1
FR-FCM-Z238	FR-FCM-Z238	dataset_name-FR-FCM-Z238_dataset-revision-67990f383ac8f169c9a00148febba1ed357e18e8_name-data_import.data_raw_potential-batches-1_seed-42_transformation-cofactor-5	not_applicable	knn	KNN	unfiltered	.e924e671977a35b401c5c23aaf1308ed57ddaf256c55741b97fd498c2a244b62	Unfiltered	5	5	1	complete	precision_macro	0.5314512078709835	5	Macro precision	arithmetic mean across accepted effective folds with a defined score for this metric	known-population-open-set-v1
FR-FCM-Z2KP-covid	FR-FCM-Z2KP-covid	dataset_name-FR-FCM-Z2KP-covid_dataset-revision-67990f383ac8f169c9a00148febba1ed357e18e8_name-data_import.data_raw_potential-batches-1_seed-42_transformation-cofactor-150	not_applicable	knn	KNN	unfiltered	.e924e671977a35b401c5c23aaf1308ed57ddaf256c55741b97fd498c2a244b62	Unfiltered	5	5	1	complete	precision_macro	0.685212755453994	5	Macro precision	arithmetic mean across accepted effective folds with a defined score for this metric	known-population-open-set-v1
FR-FCM-Z2KP-healthy	FR-FCM-Z2KP-healthy (n=1k)	dataset_name-FR-FCM-Z2KP-healthy_dataset-revision-67990f383ac8f169c9a00148febba1ed357e18e8_name-data_import.data_raw_potential-batches-1_seed-420_sub-sampling-1000_transformation-cofactor-150	1000	knn	KNN	unfiltered	.e924e671977a35b401c5c23aaf1308ed57ddaf256c55741b97fd498c2a244b62	Unfiltered	5	5	1	complete	precision_macro	0.6948634272362039	5	Macro precision	arithmetic mean across accepted effective folds with a defined score for this metric	known-population-open-set-v1
FR-FCM-Z2KP-healthy	FR-FCM-Z2KP-healthy (n=5k)	dataset_name-FR-FCM-Z2KP-healthy_dataset-revision-67990f383ac8f169c9a00148febba1ed357e18e8_name-data_import.data_raw_potential-batches-1_seed-420_sub-sampling-5000_transformation-cofactor-150	5000	knn	KNN	unfiltered	.e924e671977a35b401c5c23aaf1308ed57ddaf256c55741b97fd498c2a244b62	Unfiltered	5	5	1	complete	precision_macro	0.7021359676887149	5	Macro precision	arithmetic mean across accepted effective folds with a defined score for this metric	known-population-open-set-v1
FR-FCM-Z2KP-healthy	FR-FCM-Z2KP-healthy (n=10k)	dataset_name-FR-FCM-Z2KP-healthy_dataset-revision-67990f383ac8f169c9a00148febba1ed357e18e8_name-data_import.data_raw_potential-batches-1_seed-420_sub-sampling-10000_transformation-cofactor-150	10000	knn	KNN	unfiltered	.e924e671977a35b401c5c23aaf1308ed57ddaf256c55741b97fd498c2a244b62	Unfiltered	5	5	1	complete	precision_macro	0.6971220023779487	5	Macro precision	arithmetic mean across accepted effective folds with a defined score for this metric	known-population-open-set-v1
FR-FCM-Z2KP-healthy	FR-FCM-Z2KP-healthy (n=50k)	dataset_name-FR-FCM-Z2KP-healthy_dataset-revision-67990f383ac8f169c9a00148febba1ed357e18e8_name-data_import.data_raw_potential-batches-1_seed-420_sub-sampling-50000_transformation-cofactor-150	50000	knn	KNN	unfiltered	.e924e671977a35b401c5c23aaf1308ed57ddaf256c55741b97fd498c2a244b62	Unfiltered	5	5	1	complete	precision_macro	0.7041999613169918	5	Macro precision	arithmetic mean across accepted effective folds with a defined score for this metric	known-population-open-set-v1
FR-FCM-Z2KP-healthy	FR-FCM-Z2KP-healthy (n=100k)	dataset_name-FR-FCM-Z2KP-healthy_dataset-revision-67990f383ac8f169c9a00148febba1ed357e18e8_name-data_import.data_raw_potential-batches-1_seed-420_sub-sampling-100000_transformation-cofactor-150	1e+05	knn	KNN	unfiltered	.e924e671977a35b401c5c23aaf1308ed57ddaf256c55741b97fd498c2a244b62	Unfiltered	5	5	1	complete	precision_macro	0.7102059787174496	5	Macro precision	arithmetic mean across accepted effective folds with a defined score for this metric	known-population-open-set-v1
FR-FCM-Z2KP-healthy	FR-FCM-Z2KP-healthy	dataset_name-FR-FCM-Z2KP-healthy_dataset-revision-67990f383ac8f169c9a00148febba1ed357e18e8_name-data_import.data_raw_potential-batches-1_seed-42_transformation-cofactor-150	not_applicable	knn	KNN	unfiltered	.e924e671977a35b401c5c23aaf1308ed57ddaf256c55741b97fd498c2a244b62	Unfiltered	5	5	1	complete	precision_macro	0.7152447599520552	5	Macro precision	arithmetic mean across accepted effective folds with a defined score for this metric	known-population-open-set-v1
FR-FCM-Z3YR	FR-FCM-Z3YR	dataset_name-FR-FCM-Z3YR_dataset-revision-67990f383ac8f169c9a00148febba1ed357e18e8_name-data_import.data_raw_potential-batches-1_seed-42_transformation-cofactor-5	not_applicable	knn	KNN	unfiltered	.e924e671977a35b401c5c23aaf1308ed57ddaf256c55741b97fd498c2a244b62	Unfiltered	5	5	1	complete	precision_macro	0.6951242282452784	5	Macro precision	arithmetic mean across accepted effective folds with a defined score for this metric	known-population-open-set-v1
FR-FCM-Z7CH-BALBc	FR-FCM-Z7CH-BALBc	dataset_name-FR-FCM-Z7CH-BALBc_dataset-revision-4bf02d6adbe55785ca855b57274aa37b8dc843ae_name-data_import.data_raw_potential-batches-1_seed-42_transformation-cofactor-150	not_applicable	knn	KNN	unfiltered	.e924e671977a35b401c5c23aaf1308ed57ddaf256c55741b97fd498c2a244b62	Unfiltered	5	5	1	complete	precision_macro	0.40871101411498234	5	Macro precision	arithmetic mean across accepted effective folds with a defined score for this metric	known-population-open-set-v1
FR-FCM-Z7CH-C57BL6	FR-FCM-Z7CH-C57BL6	dataset_name-FR-FCM-Z7CH-C57BL6_dataset-revision-4bf02d6adbe55785ca855b57274aa37b8dc843ae_name-data_import.data_raw_potential-batches-1_seed-42_transformation-cofactor-150	not_applicable	knn	KNN	unfiltered	.e924e671977a35b401c5c23aaf1308ed57ddaf256c55741b97fd498c2a244b62	Unfiltered	5	5	1	complete	precision_macro	0.3727804281854113	5	Macro precision	arithmetic mean across accepted effective folds with a defined score for this metric	known-population-open-set-v1
FR-FCM-ZY34	FR-FCM-ZY34	dataset_name-FR-FCM-ZY34_dataset-revision-67990f383ac8f169c9a00148febba1ed357e18e8_name-data_import.data_raw_potential-batches-1_seed-42_transformation-cofactor-150	not_applicable	knn	KNN	unfiltered	.e924e671977a35b401c5c23aaf1308ed57ddaf256c55741b97fd498c2a244b62	Unfiltered	5	5	1	complete	precision_macro	0.2699505539567611	5	Macro precision	arithmetic mean across accepted effective folds with a defined score for this metric	known-population-open-set-v1
FR-FCM-ZYVT	FR-FCM-ZYVT	dataset_name-FR-FCM-ZYVT_dataset-revision-67990f383ac8f169c9a00148febba1ed357e18e8_name-data_import.data_raw_potential-batches-1_seed-42_transformation-cofactor-150	not_applicable	knn	KNN	unfiltered	.e924e671977a35b401c5c23aaf1308ed57ddaf256c55741b97fd498c2a244b62	Unfiltered	5	5	1	complete	precision_macro	0.16820230903023883	5	Macro precision	arithmetic mean across accepted effective folds with a defined score for this metric	known-population-open-set-v1
FlowCyt	FlowCyt	dataset_name-FlowCyt_dataset-revision-67990f383ac8f169c9a00148febba1ed357e18e8_name-data_import.data_raw_potential-batches-1_seed-42_transformation-cofactor-150	not_applicable	knn	KNN	unfiltered	.e924e671977a35b401c5c23aaf1308ed57ddaf256c55741b97fd498c2a244b62	Unfiltered	5	5	1	complete	precision_macro	0.14960255029986486	5	Macro precision	arithmetic mean across accepted effective folds with a defined score for this metric	known-population-open-set-v1
Levine	Levine	dataset_name-Levine_dataset-revision-67990f383ac8f169c9a00148febba1ed357e18e8_name-data_import.data_raw_potential-batches-1_seed-42_transformation-cofactor-5	not_applicable	knn	KNN	unfiltered	.e924e671977a35b401c5c23aaf1308ed57ddaf256c55741b97fd498c2a244b62	Unfiltered	2	2	1	complete	precision_macro	0.34229472035577285	2	Macro precision	arithmetic mean across accepted effective folds with a defined score for this metric	known-population-open-set-v1
Samusik	Samusik	dataset_name-Samusik_dataset-revision-67990f383ac8f169c9a00148febba1ed357e18e8_name-data_import.data_raw_potential-batches-1_seed-42_transformation-cofactor-5	not_applicable	knn	KNN	unfiltered	.e924e671977a35b401c5c23aaf1308ed57ddaf256c55741b97fd498c2a244b62	Unfiltered	5	5	1	complete	precision_macro	0.4334261775085134	5	Macro precision	arithmetic mean across accepted effective folds with a defined score for this metric	known-population-open-set-v1
15723074	15723074	dataset_name-15723074_dataset-revision-4bf02d6adbe55785ca855b57274aa37b8dc843ae_name-data_import.data_raw_potential-batches-1_seed-42_transformation-cofactor-150	not_applicable	lda	LDA	unfiltered	.e924e671977a35b401c5c23aaf1308ed57ddaf256c55741b97fd498c2a244b62	Unfiltered	5	5	1	complete	precision_macro	0.865545935029657	5	Macro precision	arithmetic mean across accepted effective folds with a defined score for this metric	known-population-open-set-v1
BodenmillerXL	BodenmillerXL	dataset_name-BodenmillerXL_dataset-revision-67990f383ac8f169c9a00148febba1ed357e18e8_name-data_import.data_raw_potential-batches-1_seed-42_transformation-cofactor-5	not_applicable	lda	LDA	unfiltered	.e924e671977a35b401c5c23aaf1308ed57ddaf256c55741b97fd498c2a244b62	Unfiltered	5	5	1	complete	precision_macro	0.8557875864647921	5	Macro precision	arithmetic mean across accepted effective folds with a defined score for this metric	known-population-open-set-v1
FR-FCM-Z238	FR-FCM-Z238	dataset_name-FR-FCM-Z238_dataset-revision-67990f383ac8f169c9a00148febba1ed357e18e8_name-data_import.data_raw_potential-batches-1_seed-42_transformation-cofactor-5	not_applicable	lda	LDA	unfiltered	.e924e671977a35b401c5c23aaf1308ed57ddaf256c55741b97fd498c2a244b62	Unfiltered	5	5	1	complete	precision_macro	0.546833133337349	5	Macro precision	arithmetic mean across accepted effective folds with a defined score for this metric	known-population-open-set-v1
FR-FCM-Z2KP-covid	FR-FCM-Z2KP-covid	dataset_name-FR-FCM-Z2KP-covid_dataset-revision-67990f383ac8f169c9a00148febba1ed357e18e8_name-data_import.data_raw_potential-batches-1_seed-42_transformation-cofactor-150	not_applicable	lda	LDA	unfiltered	.e924e671977a35b401c5c23aaf1308ed57ddaf256c55741b97fd498c2a244b62	Unfiltered	5	5	1	complete	precision_macro	0.7588097699993716	5	Macro precision	arithmetic mean across accepted effective folds with a defined score for this metric	known-population-open-set-v1
FR-FCM-Z2KP-healthy	FR-FCM-Z2KP-healthy (n=1k)	dataset_name-FR-FCM-Z2KP-healthy_dataset-revision-67990f383ac8f169c9a00148febba1ed357e18e8_name-data_import.data_raw_potential-batches-1_seed-420_sub-sampling-1000_transformation-cofactor-150	1000	lda	LDA	unfiltered	.e924e671977a35b401c5c23aaf1308ed57ddaf256c55741b97fd498c2a244b62	Unfiltered	5	5	1	complete	precision_macro	0.765496857598041	5	Macro precision	arithmetic mean across accepted effective folds with a defined score for this metric	known-population-open-set-v1
FR-FCM-Z2KP-healthy	FR-FCM-Z2KP-healthy (n=5k)	dataset_name-FR-FCM-Z2KP-healthy_dataset-revision-67990f383ac8f169c9a00148febba1ed357e18e8_name-data_import.data_raw_potential-batches-1_seed-420_sub-sampling-5000_transformation-cofactor-150	5000	lda	LDA	unfiltered	.e924e671977a35b401c5c23aaf1308ed57ddaf256c55741b97fd498c2a244b62	Unfiltered	5	5	1	complete	precision_macro	0.7732260751457968	5	Macro precision	arithmetic mean across accepted effective folds with a defined score for this metric	known-population-open-set-v1
FR-FCM-Z2KP-healthy	FR-FCM-Z2KP-healthy (n=10k)	dataset_name-FR-FCM-Z2KP-healthy_dataset-revision-67990f383ac8f169c9a00148febba1ed357e18e8_name-data_import.data_raw_potential-batches-1_seed-420_sub-sampling-10000_transformation-cofactor-150	10000	lda	LDA	unfiltered	.e924e671977a35b401c5c23aaf1308ed57ddaf256c55741b97fd498c2a244b62	Unfiltered	5	5	1	complete	precision_macro	0.7736593664770252	5	Macro precision	arithmetic mean across accepted effective folds with a defined score for this metric	known-population-open-set-v1
FR-FCM-Z2KP-healthy	FR-FCM-Z2KP-healthy (n=50k)	dataset_name-FR-FCM-Z2KP-healthy_dataset-revision-67990f383ac8f169c9a00148febba1ed357e18e8_name-data_import.data_raw_potential-batches-1_seed-420_sub-sampling-50000_transformation-cofactor-150	50000	lda	LDA	unfiltered	.e924e671977a35b401c5c23aaf1308ed57ddaf256c55741b97fd498c2a244b62	Unfiltered	5	5	1	complete	precision_macro	0.7740490876654091	5	Macro precision	arithmetic mean across accepted effective folds with a defined score for this metric	known-population-open-set-v1
FR-FCM-Z2KP-healthy	FR-FCM-Z2KP-healthy (n=100k)	dataset_name-FR-FCM-Z2KP-healthy_dataset-revision-67990f383ac8f169c9a00148febba1ed357e18e8_name-data_import.data_raw_potential-batches-1_seed-420_sub-sampling-100000_transformation-cofactor-150	1e+05	lda	LDA	unfiltered	.e924e671977a35b401c5c23aaf1308ed57ddaf256c55741b97fd498c2a244b62	Unfiltered	5	5	1	complete	precision_macro	0.7739602809841413	5	Macro precision	arithmetic mean across accepted effective folds with a defined score for this metric	known-population-open-set-v1
FR-FCM-Z2KP-healthy	FR-FCM-Z2KP-healthy	dataset_name-FR-FCM-Z2KP-healthy_dataset-revision-67990f383ac8f169c9a00148febba1ed357e18e8_name-data_import.data_raw_potential-batches-1_seed-42_transformation-cofactor-150	not_applicable	lda	LDA	unfiltered	.e924e671977a35b401c5c23aaf1308ed57ddaf256c55741b97fd498c2a244b62	Unfiltered	5	5	1	complete	precision_macro	0.7727276660948292	5	Macro precision	arithmetic mean across accepted effective folds with a defined score for this metric	known-population-open-set-v1
FR-FCM-Z3YR	FR-FCM-Z3YR	dataset_name-FR-FCM-Z3YR_dataset-revision-67990f383ac8f169c9a00148febba1ed357e18e8_name-data_import.data_raw_potential-batches-1_seed-42_transformation-cofactor-5	not_applicable	lda	LDA	unfiltered	.e924e671977a35b401c5c23aaf1308ed57ddaf256c55741b97fd498c2a244b62	Unfiltered	5	5	1	complete	precision_macro	0.7111285716198056	5	Macro precision	arithmetic mean across accepted effective folds with a defined score for this metric	known-population-open-set-v1
FR-FCM-Z7CH-BALBc	FR-FCM-Z7CH-BALBc	dataset_name-FR-FCM-Z7CH-BALBc_dataset-revision-4bf02d6adbe55785ca855b57274aa37b8dc843ae_name-data_import.data_raw_potential-batches-1_seed-42_transformation-cofactor-150	not_applicable	lda	LDA	unfiltered	.e924e671977a35b401c5c23aaf1308ed57ddaf256c55741b97fd498c2a244b62	Unfiltered	5	5	1	complete	precision_macro	0.4254588471953606	5	Macro precision	arithmetic mean across accepted effective folds with a defined score for this metric	known-population-open-set-v1
FR-FCM-Z7CH-C57BL6	FR-FCM-Z7CH-C57BL6	dataset_name-FR-FCM-Z7CH-C57BL6_dataset-revision-4bf02d6adbe55785ca855b57274aa37b8dc843ae_name-data_import.data_raw_potential-batches-1_seed-42_transformation-cofactor-150	not_applicable	lda	LDA	unfiltered	.e924e671977a35b401c5c23aaf1308ed57ddaf256c55741b97fd498c2a244b62	Unfiltered	5	5	1	complete	precision_macro	0.3971631978772081	5	Macro precision	arithmetic mean across accepted effective folds with a defined score for this metric	known-population-open-set-v1
FR-FCM-ZY34	FR-FCM-ZY34	dataset_name-FR-FCM-ZY34_dataset-revision-67990f383ac8f169c9a00148febba1ed357e18e8_name-data_import.data_raw_potential-batches-1_seed-42_transformation-cofactor-150	not_applicable	lda	LDA	unfiltered	.e924e671977a35b401c5c23aaf1308ed57ddaf256c55741b97fd498c2a244b62	Unfiltered	5	5	1	complete	precision_macro	0.2841455419325447	5	Macro precision	arithmetic mean across accepted effective folds with a defined score for this metric	known-population-open-set-v1
FR-FCM-ZYVT	FR-FCM-ZYVT	dataset_name-FR-FCM-ZYVT_dataset-revision-67990f383ac8f169c9a00148febba1ed357e18e8_name-data_import.data_raw_potential-batches-1_seed-42_transformation-cofactor-150	not_applicable	lda	LDA	unfiltered	.e924e671977a35b401c5c23aaf1308ed57ddaf256c55741b97fd498c2a244b62	Unfiltered	5	5	1	complete	precision_macro	0.1788540681056357	5	Macro precision	arithmetic mean across accepted effective folds with a defined score for this metric	known-population-open-set-v1
FlowCyt	FlowCyt	dataset_name-FlowCyt_dataset-revision-67990f383ac8f169c9a00148febba1ed357e18e8_name-data_import.data_raw_potential-batches-1_seed-42_transformation-cofactor-150	not_applicable	lda	LDA	unfiltered	.e924e671977a35b401c5c23aaf1308ed57ddaf256c55741b97fd498c2a244b62	Unfiltered	5	5	1	complete	precision_macro	0.22139642874692653	5	Macro precision	arithmetic mean across accepted effective folds with a defined score for this metric	known-population-open-set-v1
Levine	Levine	dataset_name-Levine_dataset-revision-67990f383ac8f169c9a00148febba1ed357e18e8_name-data_import.data_raw_potential-batches-1_seed-42_transformation-cofactor-5	not_applicable	lda	LDA	unfiltered	.e924e671977a35b401c5c23aaf1308ed57ddaf256c55741b97fd498c2a244b62	Unfiltered	2	2	1	complete	precision_macro	0.3460190352666561	2	Macro precision	arithmetic mean across accepted effective folds with a defined score for this metric	known-population-open-set-v1
Samusik	Samusik	dataset_name-Samusik_dataset-revision-67990f383ac8f169c9a00148febba1ed357e18e8_name-data_import.data_raw_potential-batches-1_seed-42_transformation-cofactor-5	not_applicable	lda	LDA	unfiltered	.e924e671977a35b401c5c23aaf1308ed57ddaf256c55741b97fd498c2a244b62	Unfiltered	5	5	1	complete	precision_macro	0.43397425625361447	5	Macro precision	arithmetic mean across accepted effective folds with a defined score for this metric	known-population-open-set-v1
15723074	15723074	dataset_name-15723074_dataset-revision-4bf02d6adbe55785ca855b57274aa37b8dc843ae_name-data_import.data_raw_potential-batches-1_seed-42_transformation-cofactor-150	not_applicable	random	Random	unfiltered	.e924e671977a35b401c5c23aaf1308ed57ddaf256c55741b97fd498c2a244b62	Unfiltered	5	5	1	complete	precision_macro	0.12485422163566506	5	Macro precision	arithmetic mean across accepted effective folds with a defined score for this metric	known-population-open-set-v1
BodenmillerXL	BodenmillerXL	dataset_name-BodenmillerXL_dataset-revision-67990f383ac8f169c9a00148febba1ed357e18e8_name-data_import.data_raw_potential-batches-1_seed-42_transformation-cofactor-5	not_applicable	random	Random	unfiltered	.e924e671977a35b401c5c23aaf1308ed57ddaf256c55741b97fd498c2a244b62	Unfiltered	5	5	1	complete	precision_macro	0.12539454414695403	5	Macro precision	arithmetic mean across accepted effective folds with a defined score for this metric	known-population-open-set-v1
FR-FCM-Z238	FR-FCM-Z238	dataset_name-FR-FCM-Z238_dataset-revision-67990f383ac8f169c9a00148febba1ed357e18e8_name-data_import.data_raw_potential-batches-1_seed-42_transformation-cofactor-5	not_applicable	random	Random	unfiltered	.e924e671977a35b401c5c23aaf1308ed57ddaf256c55741b97fd498c2a244b62	Unfiltered	5	5	1	complete	precision_macro	0.035696465867619695	5	Macro precision	arithmetic mean across accepted effective folds with a defined score for this metric	known-population-open-set-v1
FR-FCM-Z2KP-covid	FR-FCM-Z2KP-covid	dataset_name-FR-FCM-Z2KP-covid_dataset-revision-67990f383ac8f169c9a00148febba1ed357e18e8_name-data_import.data_raw_potential-batches-1_seed-42_transformation-cofactor-150	not_applicable	random	Random	unfiltered	.e924e671977a35b401c5c23aaf1308ed57ddaf256c55741b97fd498c2a244b62	Unfiltered	5	5	1	complete	precision_macro	0.1755012301667253	5	Macro precision	arithmetic mean across accepted effective folds with a defined score for this metric	known-population-open-set-v1
FR-FCM-Z2KP-healthy	FR-FCM-Z2KP-healthy (n=1k)	dataset_name-FR-FCM-Z2KP-healthy_dataset-revision-67990f383ac8f169c9a00148febba1ed357e18e8_name-data_import.data_raw_potential-batches-1_seed-420_sub-sampling-1000_transformation-cofactor-150	1000	random	Random	unfiltered	.e924e671977a35b401c5c23aaf1308ed57ddaf256c55741b97fd498c2a244b62	Unfiltered	5	5	1	complete	precision_macro	0.17490548862591243	5	Macro precision	arithmetic mean across accepted effective folds with a defined score for this metric	known-population-open-set-v1
FR-FCM-Z2KP-healthy	FR-FCM-Z2KP-healthy (n=5k)	dataset_name-FR-FCM-Z2KP-healthy_dataset-revision-67990f383ac8f169c9a00148febba1ed357e18e8_name-data_import.data_raw_potential-batches-1_seed-420_sub-sampling-5000_transformation-cofactor-150	5000	random	Random	unfiltered	.e924e671977a35b401c5c23aaf1308ed57ddaf256c55741b97fd498c2a244b62	Unfiltered	5	5	1	complete	precision_macro	0.17483598668519598	5	Macro precision	arithmetic mean across accepted effective folds with a defined score for this metric	known-population-open-set-v1
FR-FCM-Z2KP-healthy	FR-FCM-Z2KP-healthy (n=10k)	dataset_name-FR-FCM-Z2KP-healthy_dataset-revision-67990f383ac8f169c9a00148febba1ed357e18e8_name-data_import.data_raw_potential-batches-1_seed-420_sub-sampling-10000_transformation-cofactor-150	10000	random	Random	unfiltered	.e924e671977a35b401c5c23aaf1308ed57ddaf256c55741b97fd498c2a244b62	Unfiltered	5	5	1	complete	precision_macro	0.17504044667924828	5	Macro precision	arithmetic mean across accepted effective folds with a defined score for this metric	known-population-open-set-v1
FR-FCM-Z2KP-healthy	FR-FCM-Z2KP-healthy (n=50k)	dataset_name-FR-FCM-Z2KP-healthy_dataset-revision-67990f383ac8f169c9a00148febba1ed357e18e8_name-data_import.data_raw_potential-batches-1_seed-420_sub-sampling-50000_transformation-cofactor-150	50000	random	Random	unfiltered	.e924e671977a35b401c5c23aaf1308ed57ddaf256c55741b97fd498c2a244b62	Unfiltered	5	5	1	complete	precision_macro	0.17473715932950543	5	Macro precision	arithmetic mean across accepted effective folds with a defined score for this metric	known-population-open-set-v1
FR-FCM-Z2KP-healthy	FR-FCM-Z2KP-healthy (n=100k)	dataset_name-FR-FCM-Z2KP-healthy_dataset-revision-67990f383ac8f169c9a00148febba1ed357e18e8_name-data_import.data_raw_potential-batches-1_seed-420_sub-sampling-100000_transformation-cofactor-150	1e+05	random	Random	unfiltered	.e924e671977a35b401c5c23aaf1308ed57ddaf256c55741b97fd498c2a244b62	Unfiltered	5	5	1	complete	precision_macro	0.1748614482888858	5	Macro precision	arithmetic mean across accepted effective folds with a defined score for this metric	known-population-open-set-v1
FR-FCM-Z2KP-healthy	FR-FCM-Z2KP-healthy	dataset_name-FR-FCM-Z2KP-healthy_dataset-revision-67990f383ac8f169c9a00148febba1ed357e18e8_name-data_import.data_raw_potential-batches-1_seed-42_transformation-cofactor-150	not_applicable	random	Random	unfiltered	.e924e671977a35b401c5c23aaf1308ed57ddaf256c55741b97fd498c2a244b62	Unfiltered	5	5	1	complete	precision_macro	0.17478245612372792	5	Macro precision	arithmetic mean across accepted effective folds with a defined score for this metric	known-population-open-set-v1
FR-FCM-Z3YR	FR-FCM-Z3YR	dataset_name-FR-FCM-Z3YR_dataset-revision-67990f383ac8f169c9a00148febba1ed357e18e8_name-data_import.data_raw_potential-batches-1_seed-42_transformation-cofactor-5	not_applicable	random	Random	unfiltered	.e924e671977a35b401c5c23aaf1308ed57ddaf256c55741b97fd498c2a244b62	Unfiltered	5	5	1	complete	precision_macro	0.030958309404202904	5	Macro precision	arithmetic mean across accepted effective folds with a defined score for this metric	known-population-open-set-v1
FR-FCM-Z7CH-BALBc	FR-FCM-Z7CH-BALBc	dataset_name-FR-FCM-Z7CH-BALBc_dataset-revision-4bf02d6adbe55785ca855b57274aa37b8dc843ae_name-data_import.data_raw_potential-batches-1_seed-42_transformation-cofactor-150	not_applicable	random	Random	unfiltered	.e924e671977a35b401c5c23aaf1308ed57ddaf256c55741b97fd498c2a244b62	Unfiltered	5	5	1	complete	precision_macro	0.14294526500876475	5	Macro precision	arithmetic mean across accepted effective folds with a defined score for this metric	known-population-open-set-v1
FR-FCM-Z7CH-C57BL6	FR-FCM-Z7CH-C57BL6	dataset_name-FR-FCM-Z7CH-C57BL6_dataset-revision-4bf02d6adbe55785ca855b57274aa37b8dc843ae_name-data_import.data_raw_potential-batches-1_seed-42_transformation-cofactor-150	not_applicable	random	Random	unfiltered	.e924e671977a35b401c5c23aaf1308ed57ddaf256c55741b97fd498c2a244b62	Unfiltered	5	5	1	complete	precision_macro	0.131174708663458	5	Macro precision	arithmetic mean across accepted effective folds with a defined score for this metric	known-population-open-set-v1
FR-FCM-ZY34	FR-FCM-ZY34	dataset_name-FR-FCM-ZY34_dataset-revision-67990f383ac8f169c9a00148febba1ed357e18e8_name-data_import.data_raw_potential-batches-1_seed-42_transformation-cofactor-150	not_applicable	random	Random	unfiltered	.e924e671977a35b401c5c23aaf1308ed57ddaf256c55741b97fd498c2a244b62	Unfiltered	5	5	1	complete	precision_macro	0.055418595247071066	5	Macro precision	arithmetic mean across accepted effective folds with a defined score for this metric	known-population-open-set-v1
FR-FCM-ZYVT	FR-FCM-ZYVT	dataset_name-FR-FCM-ZYVT_dataset-revision-67990f383ac8f169c9a00148febba1ed357e18e8_name-data_import.data_raw_potential-batches-1_seed-42_transformation-cofactor-150	not_applicable	random	Random	unfiltered	.e924e671977a35b401c5c23aaf1308ed57ddaf256c55741b97fd498c2a244b62	Unfiltered	5	5	1	complete	precision_macro	0.03365242537239429	5	Macro precision	arithmetic mean across accepted effective folds with a defined score for this metric	known-population-open-set-v1
FlowCyt	FlowCyt	dataset_name-FlowCyt_dataset-revision-67990f383ac8f169c9a00148febba1ed357e18e8_name-data_import.data_raw_potential-batches-1_seed-42_transformation-cofactor-150	not_applicable	random	Random	unfiltered	.e924e671977a35b401c5c23aaf1308ed57ddaf256c55741b97fd498c2a244b62	Unfiltered	5	5	1	complete	precision_macro	0.019584561190760876	5	Macro precision	arithmetic mean across accepted effective folds with a defined score for this metric	known-population-open-set-v1
Levine	Levine	dataset_name-Levine_dataset-revision-67990f383ac8f169c9a00148febba1ed357e18e8_name-data_import.data_raw_potential-batches-1_seed-42_transformation-cofactor-5	not_applicable	random	Random	unfiltered	.e924e671977a35b401c5c23aaf1308ed57ddaf256c55741b97fd498c2a244b62	Unfiltered	2	2	1	complete	precision_macro	0.028790662145727022	2	Macro precision	arithmetic mean across accepted effective folds with a defined score for this metric	known-population-open-set-v1
Samusik	Samusik	dataset_name-Samusik_dataset-revision-67990f383ac8f169c9a00148febba1ed357e18e8_name-data_import.data_raw_potential-batches-1_seed-42_transformation-cofactor-5	not_applicable	random	Random	unfiltered	.e924e671977a35b401c5c23aaf1308ed57ddaf256c55741b97fd498c2a244b62	Unfiltered	5	5	1	complete	precision_macro	0.02538814066750692	5	Macro precision	arithmetic mean across accepted effective folds with a defined score for this metric	known-population-open-set-v1
15723074	15723074	dataset_name-15723074_dataset-revision-4bf02d6adbe55785ca855b57274aa37b8dc843ae_name-data_import.data_raw_potential-batches-1_seed-42_transformation-cofactor-150	not_applicable	cyanno	CyAnno	drop-train	.3cfd963b74881b9b1c81b4e4a8fcce333a9461195e98d122e6c796123d7e9c79	Drop ungated training	5	5	1	complete	precision_macro	0.838898811871416	5	Macro precision	arithmetic mean across accepted effective folds with a defined score for this metric	known-population-open-set-v1
BodenmillerXL	BodenmillerXL	dataset_name-BodenmillerXL_dataset-revision-67990f383ac8f169c9a00148febba1ed357e18e8_name-data_import.data_raw_potential-batches-1_seed-42_transformation-cofactor-5	not_applicable	cyanno	CyAnno	drop-train	.3cfd963b74881b9b1c81b4e4a8fcce333a9461195e98d122e6c796123d7e9c79	Drop ungated training	5	5	1	complete	precision_macro	0.9537601407186681	5	Macro precision	arithmetic mean across accepted effective folds with a defined score for this metric	known-population-open-set-v1
FR-FCM-Z238	FR-FCM-Z238	dataset_name-FR-FCM-Z238_dataset-revision-67990f383ac8f169c9a00148febba1ed357e18e8_name-data_import.data_raw_potential-batches-1_seed-42_transformation-cofactor-5	not_applicable	cyanno	CyAnno	drop-train	.3cfd963b74881b9b1c81b4e4a8fcce333a9461195e98d122e6c796123d7e9c79	Drop ungated training	5	5	1	complete	precision_macro	0.6534867204341827	5	Macro precision	arithmetic mean across accepted effective folds with a defined score for this metric	known-population-open-set-v1
FR-FCM-Z2KP-covid	FR-FCM-Z2KP-covid	dataset_name-FR-FCM-Z2KP-covid_dataset-revision-67990f383ac8f169c9a00148febba1ed357e18e8_name-data_import.data_raw_potential-batches-1_seed-42_transformation-cofactor-150	not_applicable	cyanno	CyAnno	drop-train	.3cfd963b74881b9b1c81b4e4a8fcce333a9461195e98d122e6c796123d7e9c79	Drop ungated training	5	5	1	complete	precision_macro	0.9468654210014331	5	Macro precision	arithmetic mean across accepted effective folds with a defined score for this metric	known-population-open-set-v1
FR-FCM-Z2KP-healthy	FR-FCM-Z2KP-healthy (n=1k)	dataset_name-FR-FCM-Z2KP-healthy_dataset-revision-67990f383ac8f169c9a00148febba1ed357e18e8_name-data_import.data_raw_potential-batches-1_seed-420_sub-sampling-1000_transformation-cofactor-150	1000	cyanno	CyAnno	drop-train	.3cfd963b74881b9b1c81b4e4a8fcce333a9461195e98d122e6c796123d7e9c79	Drop ungated training	5	5	1	complete	precision_macro	0.9395969433789528	5	Macro precision	arithmetic mean across accepted effective folds with a defined score for this metric	known-population-open-set-v1
FR-FCM-Z2KP-healthy	FR-FCM-Z2KP-healthy (n=5k)	dataset_name-FR-FCM-Z2KP-healthy_dataset-revision-67990f383ac8f169c9a00148febba1ed357e18e8_name-data_import.data_raw_potential-batches-1_seed-420_sub-sampling-5000_transformation-cofactor-150	5000	cyanno	CyAnno	drop-train	.3cfd963b74881b9b1c81b4e4a8fcce333a9461195e98d122e6c796123d7e9c79	Drop ungated training	5	5	1	complete	precision_macro	0.9447626811764482	5	Macro precision	arithmetic mean across accepted effective folds with a defined score for this metric	known-population-open-set-v1
FR-FCM-Z2KP-healthy	FR-FCM-Z2KP-healthy (n=10k)	dataset_name-FR-FCM-Z2KP-healthy_dataset-revision-67990f383ac8f169c9a00148febba1ed357e18e8_name-data_import.data_raw_potential-batches-1_seed-420_sub-sampling-10000_transformation-cofactor-150	10000	cyanno	CyAnno	drop-train	.3cfd963b74881b9b1c81b4e4a8fcce333a9461195e98d122e6c796123d7e9c79	Drop ungated training	5	5	1	complete	precision_macro	0.9490049754190081	5	Macro precision	arithmetic mean across accepted effective folds with a defined score for this metric	known-population-open-set-v1
FR-FCM-Z2KP-healthy	FR-FCM-Z2KP-healthy (n=50k)	dataset_name-FR-FCM-Z2KP-healthy_dataset-revision-67990f383ac8f169c9a00148febba1ed357e18e8_name-data_import.data_raw_potential-batches-1_seed-420_sub-sampling-50000_transformation-cofactor-150	50000	cyanno	CyAnno	drop-train	.3cfd963b74881b9b1c81b4e4a8fcce333a9461195e98d122e6c796123d7e9c79	Drop ungated training	5	5	1	complete	precision_macro	0.9405225914743689	5	Macro precision	arithmetic mean across accepted effective folds with a defined score for this metric	known-population-open-set-v1
FR-FCM-Z2KP-healthy	FR-FCM-Z2KP-healthy (n=100k)	dataset_name-FR-FCM-Z2KP-healthy_dataset-revision-67990f383ac8f169c9a00148febba1ed357e18e8_name-data_import.data_raw_potential-batches-1_seed-420_sub-sampling-100000_transformation-cofactor-150	1e+05	cyanno	CyAnno	drop-train	.3cfd963b74881b9b1c81b4e4a8fcce333a9461195e98d122e6c796123d7e9c79	Drop ungated training	5	5	1	complete	precision_macro	0.9463855838061447	5	Macro precision	arithmetic mean across accepted effective folds with a defined score for this metric	known-population-open-set-v1
FR-FCM-Z2KP-healthy	FR-FCM-Z2KP-healthy	dataset_name-FR-FCM-Z2KP-healthy_dataset-revision-67990f383ac8f169c9a00148febba1ed357e18e8_name-data_import.data_raw_potential-batches-1_seed-42_transformation-cofactor-150	not_applicable	cyanno	CyAnno	drop-train	.3cfd963b74881b9b1c81b4e4a8fcce333a9461195e98d122e6c796123d7e9c79	Drop ungated training	5	5	1	complete	precision_macro	0.94174434091899	5	Macro precision	arithmetic mean across accepted effective folds with a defined score for this metric	known-population-open-set-v1
FR-FCM-Z3YR	FR-FCM-Z3YR	dataset_name-FR-FCM-Z3YR_dataset-revision-67990f383ac8f169c9a00148febba1ed357e18e8_name-data_import.data_raw_potential-batches-1_seed-42_transformation-cofactor-5	not_applicable	cyanno	CyAnno	drop-train	.3cfd963b74881b9b1c81b4e4a8fcce333a9461195e98d122e6c796123d7e9c79	Drop ungated training	5	5	1	complete	precision_macro	0.9084315041298887	5	Macro precision	arithmetic mean across accepted effective folds with a defined score for this metric	known-population-open-set-v1
FR-FCM-Z7CH-BALBc	FR-FCM-Z7CH-BALBc	dataset_name-FR-FCM-Z7CH-BALBc_dataset-revision-4bf02d6adbe55785ca855b57274aa37b8dc843ae_name-data_import.data_raw_potential-batches-1_seed-42_transformation-cofactor-150	not_applicable	cyanno	CyAnno	drop-train	.3cfd963b74881b9b1c81b4e4a8fcce333a9461195e98d122e6c796123d7e9c79	Drop ungated training	5	5	1	complete	precision_macro	0.44722922712698976	5	Macro precision	arithmetic mean across accepted effective folds with a defined score for this metric	known-population-open-set-v1
FR-FCM-Z7CH-C57BL6	FR-FCM-Z7CH-C57BL6	dataset_name-FR-FCM-Z7CH-C57BL6_dataset-revision-4bf02d6adbe55785ca855b57274aa37b8dc843ae_name-data_import.data_raw_potential-batches-1_seed-42_transformation-cofactor-150	not_applicable	cyanno	CyAnno	drop-train	.3cfd963b74881b9b1c81b4e4a8fcce333a9461195e98d122e6c796123d7e9c79	Drop ungated training	5	5	1	complete	precision_macro	0.4780514035801164	5	Macro precision	arithmetic mean across accepted effective folds with a defined score for this metric	known-population-open-set-v1
FR-FCM-ZY34	FR-FCM-ZY34	dataset_name-FR-FCM-ZY34_dataset-revision-67990f383ac8f169c9a00148febba1ed357e18e8_name-data_import.data_raw_potential-batches-1_seed-42_transformation-cofactor-150	not_applicable	cyanno	CyAnno	drop-train	.3cfd963b74881b9b1c81b4e4a8fcce333a9461195e98d122e6c796123d7e9c79	Drop ungated training	5	5	1	complete	precision_macro	0.6644545458300302	5	Macro precision	arithmetic mean across accepted effective folds with a defined score for this metric	known-population-open-set-v1
FR-FCM-ZYVT	FR-FCM-ZYVT	dataset_name-FR-FCM-ZYVT_dataset-revision-67990f383ac8f169c9a00148febba1ed357e18e8_name-data_import.data_raw_potential-batches-1_seed-42_transformation-cofactor-150	not_applicable	cyanno	CyAnno	drop-train	.3cfd963b74881b9b1c81b4e4a8fcce333a9461195e98d122e6c796123d7e9c79	Drop ungated training	5	5	1	complete	precision_macro	0.14993102598549726	5	Macro precision	arithmetic mean across accepted effective folds with a defined score for this metric	known-population-open-set-v1
FlowCyt	FlowCyt	dataset_name-FlowCyt_dataset-revision-67990f383ac8f169c9a00148febba1ed357e18e8_name-data_import.data_raw_potential-batches-1_seed-42_transformation-cofactor-150	not_applicable	cyanno	CyAnno	drop-train	.3cfd963b74881b9b1c81b4e4a8fcce333a9461195e98d122e6c796123d7e9c79	Drop ungated training	5	5	1	complete	precision_macro	0.2967812144149546	5	Macro precision	arithmetic mean across accepted effective folds with a defined score for this metric	known-population-open-set-v1
Levine	Levine	dataset_name-Levine_dataset-revision-67990f383ac8f169c9a00148febba1ed357e18e8_name-data_import.data_raw_potential-batches-1_seed-42_transformation-cofactor-5	not_applicable	cyanno	CyAnno	drop-train	.3cfd963b74881b9b1c81b4e4a8fcce333a9461195e98d122e6c796123d7e9c79	Drop ungated training	2	2	1	complete	precision_macro	0.42967532653037716	2	Macro precision	arithmetic mean across accepted effective folds with a defined score for this metric	known-population-open-set-v1
Samusik	Samusik	dataset_name-Samusik_dataset-revision-67990f383ac8f169c9a00148febba1ed357e18e8_name-data_import.data_raw_potential-batches-1_seed-42_transformation-cofactor-5	not_applicable	cyanno	CyAnno	drop-train	.3cfd963b74881b9b1c81b4e4a8fcce333a9461195e98d122e6c796123d7e9c79	Drop ungated training	5	5	1	complete	precision_macro	0.6185139866411177	5	Macro precision	arithmetic mean across accepted effective folds with a defined score for this metric	known-population-open-set-v1
15723074	15723074	dataset_name-15723074_dataset-revision-4bf02d6adbe55785ca855b57274aa37b8dc843ae_name-data_import.data_raw_potential-batches-1_seed-42_transformation-cofactor-150	not_applicable	cygate	CyGATE	drop-train	.3cfd963b74881b9b1c81b4e4a8fcce333a9461195e98d122e6c796123d7e9c79	Drop ungated training	5	5	1	complete	precision_macro	0.873894749262146	5	Macro precision	arithmetic mean across accepted effective folds with a defined score for this metric	known-population-open-set-v1
BodenmillerXL	BodenmillerXL	dataset_name-BodenmillerXL_dataset-revision-67990f383ac8f169c9a00148febba1ed357e18e8_name-data_import.data_raw_potential-batches-1_seed-42_transformation-cofactor-5	not_applicable	cygate	CyGATE	drop-train	.3cfd963b74881b9b1c81b4e4a8fcce333a9461195e98d122e6c796123d7e9c79	Drop ungated training	5	5	1	complete	precision_macro	0.8150117739374128	5	Macro precision	arithmetic mean across accepted effective folds with a defined score for this metric	known-population-open-set-v1
FR-FCM-Z238	FR-FCM-Z238	dataset_name-FR-FCM-Z238_dataset-revision-67990f383ac8f169c9a00148febba1ed357e18e8_name-data_import.data_raw_potential-batches-1_seed-42_transformation-cofactor-5	not_applicable	cygate	CyGATE	drop-train	.3cfd963b74881b9b1c81b4e4a8fcce333a9461195e98d122e6c796123d7e9c79	Drop ungated training	5	5	1	complete	precision_macro	0.5443200912784457	5	Macro precision	arithmetic mean across accepted effective folds with a defined score for this metric	known-population-open-set-v1
FR-FCM-Z2KP-covid	FR-FCM-Z2KP-covid	dataset_name-FR-FCM-Z2KP-covid_dataset-revision-67990f383ac8f169c9a00148febba1ed357e18e8_name-data_import.data_raw_potential-batches-1_seed-42_transformation-cofactor-150	not_applicable	cygate	CyGATE	drop-train	.3cfd963b74881b9b1c81b4e4a8fcce333a9461195e98d122e6c796123d7e9c79	Drop ungated training	5	5	1	complete	precision_macro	0.7933086818873352	5	Macro precision	arithmetic mean across accepted effective folds with a defined score for this metric	known-population-open-set-v1
FR-FCM-Z2KP-healthy	FR-FCM-Z2KP-healthy (n=1k)	dataset_name-FR-FCM-Z2KP-healthy_dataset-revision-67990f383ac8f169c9a00148febba1ed357e18e8_name-data_import.data_raw_potential-batches-1_seed-420_sub-sampling-1000_transformation-cofactor-150	1000	cygate	CyGATE	drop-train	.3cfd963b74881b9b1c81b4e4a8fcce333a9461195e98d122e6c796123d7e9c79	Drop ungated training	5	5	1	complete	precision_macro	0.8338254909307117	5	Macro precision	arithmetic mean across accepted effective folds with a defined score for this metric	known-population-open-set-v1
FR-FCM-Z2KP-healthy	FR-FCM-Z2KP-healthy (n=5k)	dataset_name-FR-FCM-Z2KP-healthy_dataset-revision-67990f383ac8f169c9a00148febba1ed357e18e8_name-data_import.data_raw_potential-batches-1_seed-420_sub-sampling-5000_transformation-cofactor-150	5000	cygate	CyGATE	drop-train	.3cfd963b74881b9b1c81b4e4a8fcce333a9461195e98d122e6c796123d7e9c79	Drop ungated training	5	5	1	complete	precision_macro	0.8392251069434173	5	Macro precision	arithmetic mean across accepted effective folds with a defined score for this metric	known-population-open-set-v1
FR-FCM-Z2KP-healthy	FR-FCM-Z2KP-healthy (n=10k)	dataset_name-FR-FCM-Z2KP-healthy_dataset-revision-67990f383ac8f169c9a00148febba1ed357e18e8_name-data_import.data_raw_potential-batches-1_seed-420_sub-sampling-10000_transformation-cofactor-150	10000	cygate	CyGATE	drop-train	.3cfd963b74881b9b1c81b4e4a8fcce333a9461195e98d122e6c796123d7e9c79	Drop ungated training	5	5	1	complete	precision_macro	0.8381920250127078	5	Macro precision	arithmetic mean across accepted effective folds with a defined score for this metric	known-population-open-set-v1
FR-FCM-Z2KP-healthy	FR-FCM-Z2KP-healthy (n=50k)	dataset_name-FR-FCM-Z2KP-healthy_dataset-revision-67990f383ac8f169c9a00148febba1ed357e18e8_name-data_import.data_raw_potential-batches-1_seed-420_sub-sampling-50000_transformation-cofactor-150	50000	cygate	CyGATE	drop-train	.3cfd963b74881b9b1c81b4e4a8fcce333a9461195e98d122e6c796123d7e9c79	Drop ungated training	5	5	1	complete	precision_macro	0.828409021920281	5	Macro precision	arithmetic mean across accepted effective folds with a defined score for this metric	known-population-open-set-v1
FR-FCM-Z2KP-healthy	FR-FCM-Z2KP-healthy (n=100k)	dataset_name-FR-FCM-Z2KP-healthy_dataset-revision-67990f383ac8f169c9a00148febba1ed357e18e8_name-data_import.data_raw_potential-batches-1_seed-420_sub-sampling-100000_transformation-cofactor-150	1e+05	cygate	CyGATE	drop-train	.3cfd963b74881b9b1c81b4e4a8fcce333a9461195e98d122e6c796123d7e9c79	Drop ungated training	5	5	1	complete	precision_macro	0.8294837827586569	5	Macro precision	arithmetic mean across accepted effective folds with a defined score for this metric	known-population-open-set-v1
FR-FCM-Z2KP-healthy	FR-FCM-Z2KP-healthy	dataset_name-FR-FCM-Z2KP-healthy_dataset-revision-67990f383ac8f169c9a00148febba1ed357e18e8_name-data_import.data_raw_potential-batches-1_seed-42_transformation-cofactor-150	not_applicable	cygate	CyGATE	drop-train	.3cfd963b74881b9b1c81b4e4a8fcce333a9461195e98d122e6c796123d7e9c79	Drop ungated training	5	5	1	complete	precision_macro	0.8399611227522178	5	Macro precision	arithmetic mean across accepted effective folds with a defined score for this metric	known-population-open-set-v1
FR-FCM-Z3YR	FR-FCM-Z3YR	dataset_name-FR-FCM-Z3YR_dataset-revision-67990f383ac8f169c9a00148febba1ed357e18e8_name-data_import.data_raw_potential-batches-1_seed-42_transformation-cofactor-5	not_applicable	cygate	CyGATE	drop-train	.3cfd963b74881b9b1c81b4e4a8fcce333a9461195e98d122e6c796123d7e9c79	Drop ungated training	5	5	1	complete	precision_macro	0.7086958460184891	5	Macro precision	arithmetic mean across accepted effective folds with a defined score for this metric	known-population-open-set-v1
FR-FCM-Z7CH-BALBc	FR-FCM-Z7CH-BALBc	dataset_name-FR-FCM-Z7CH-BALBc_dataset-revision-4bf02d6adbe55785ca855b57274aa37b8dc843ae_name-data_import.data_raw_potential-batches-1_seed-42_transformation-cofactor-150	not_applicable	cygate	CyGATE	drop-train	.3cfd963b74881b9b1c81b4e4a8fcce333a9461195e98d122e6c796123d7e9c79	Drop ungated training	5	5	1	complete	precision_macro	0.4338652963572883	5	Macro precision	arithmetic mean across accepted effective folds with a defined score for this metric	known-population-open-set-v1
FR-FCM-Z7CH-C57BL6	FR-FCM-Z7CH-C57BL6	dataset_name-FR-FCM-Z7CH-C57BL6_dataset-revision-4bf02d6adbe55785ca855b57274aa37b8dc843ae_name-data_import.data_raw_potential-batches-1_seed-42_transformation-cofactor-150	not_applicable	cygate	CyGATE	drop-train	.3cfd963b74881b9b1c81b4e4a8fcce333a9461195e98d122e6c796123d7e9c79	Drop ungated training	5	5	1	complete	precision_macro	0.437705157728791	5	Macro precision	arithmetic mean across accepted effective folds with a defined score for this metric	known-population-open-set-v1
FR-FCM-ZY34	FR-FCM-ZY34	dataset_name-FR-FCM-ZY34_dataset-revision-67990f383ac8f169c9a00148febba1ed357e18e8_name-data_import.data_raw_potential-batches-1_seed-42_transformation-cofactor-150	not_applicable	cygate	CyGATE	drop-train	.3cfd963b74881b9b1c81b4e4a8fcce333a9461195e98d122e6c796123d7e9c79	Drop ungated training	5	5	1	complete	precision_macro	0.27067212435273896	5	Macro precision	arithmetic mean across accepted effective folds with a defined score for this metric	known-population-open-set-v1
FR-FCM-ZYVT	FR-FCM-ZYVT	dataset_name-FR-FCM-ZYVT_dataset-revision-67990f383ac8f169c9a00148febba1ed357e18e8_name-data_import.data_raw_potential-batches-1_seed-42_transformation-cofactor-150	not_applicable	cygate	CyGATE	drop-train	.3cfd963b74881b9b1c81b4e4a8fcce333a9461195e98d122e6c796123d7e9c79	Drop ungated training	5	5	1	complete	precision_macro	0.16300410590365064	5	Macro precision	arithmetic mean across accepted effective folds with a defined score for this metric	known-population-open-set-v1
FlowCyt	FlowCyt	dataset_name-FlowCyt_dataset-revision-67990f383ac8f169c9a00148febba1ed357e18e8_name-data_import.data_raw_potential-batches-1_seed-42_transformation-cofactor-150	not_applicable	cygate	CyGATE	drop-train	.3cfd963b74881b9b1c81b4e4a8fcce333a9461195e98d122e6c796123d7e9c79	Drop ungated training	5	5	1	complete	precision_macro	0.24093378417417888	5	Macro precision	arithmetic mean across accepted effective folds with a defined score for this metric	known-population-open-set-v1
Levine	Levine	dataset_name-Levine_dataset-revision-67990f383ac8f169c9a00148febba1ed357e18e8_name-data_import.data_raw_potential-batches-1_seed-42_transformation-cofactor-5	not_applicable	cygate	CyGATE	drop-train	.3cfd963b74881b9b1c81b4e4a8fcce333a9461195e98d122e6c796123d7e9c79	Drop ungated training	2	2	1	complete	precision_macro	0.3858400239587261	2	Macro precision	arithmetic mean across accepted effective folds with a defined score for this metric	known-population-open-set-v1
Samusik	Samusik	dataset_name-Samusik_dataset-revision-67990f383ac8f169c9a00148febba1ed357e18e8_name-data_import.data_raw_potential-batches-1_seed-42_transformation-cofactor-5	not_applicable	cygate	CyGATE	drop-train	.3cfd963b74881b9b1c81b4e4a8fcce333a9461195e98d122e6c796123d7e9c79	Drop ungated training	5	5	1	complete	precision_macro	0.5070703860531542	5	Macro precision	arithmetic mean across accepted effective folds with a defined score for this metric	known-population-open-set-v1
15723074	15723074	dataset_name-15723074_dataset-revision-4bf02d6adbe55785ca855b57274aa37b8dc843ae_name-data_import.data_raw_potential-batches-1_seed-42_transformation-cofactor-150	not_applicable	dgcytof	DGCyTOF	drop-train	.3cfd963b74881b9b1c81b4e4a8fcce333a9461195e98d122e6c796123d7e9c79	Drop ungated training	5	5	1	complete	precision_macro	0.8393662908431172	5	Macro precision	arithmetic mean across accepted effective folds with a defined score for this metric	known-population-open-set-v1
BodenmillerXL	BodenmillerXL	dataset_name-BodenmillerXL_dataset-revision-67990f383ac8f169c9a00148febba1ed357e18e8_name-data_import.data_raw_potential-batches-1_seed-42_transformation-cofactor-5	not_applicable	dgcytof	DGCyTOF	drop-train	.3cfd963b74881b9b1c81b4e4a8fcce333a9461195e98d122e6c796123d7e9c79	Drop ungated training	5	5	1	complete	precision_macro	0.9398451474582631	5	Macro precision	arithmetic mean across accepted effective folds with a defined score for this metric	known-population-open-set-v1
FR-FCM-Z238	FR-FCM-Z238	dataset_name-FR-FCM-Z238_dataset-revision-67990f383ac8f169c9a00148febba1ed357e18e8_name-data_import.data_raw_potential-batches-1_seed-42_transformation-cofactor-5	not_applicable	dgcytof	DGCyTOF	drop-train	.3cfd963b74881b9b1c81b4e4a8fcce333a9461195e98d122e6c796123d7e9c79	Drop ungated training	5	5	1	complete	precision_macro	0.6116288962479578	5	Macro precision	arithmetic mean across accepted effective folds with a defined score for this metric	known-population-open-set-v1
FR-FCM-Z2KP-covid	FR-FCM-Z2KP-covid	dataset_name-FR-FCM-Z2KP-covid_dataset-revision-67990f383ac8f169c9a00148febba1ed357e18e8_name-data_import.data_raw_potential-batches-1_seed-42_transformation-cofactor-150	not_applicable	dgcytof	DGCyTOF	drop-train	.3cfd963b74881b9b1c81b4e4a8fcce333a9461195e98d122e6c796123d7e9c79	Drop ungated training	5	5	1	complete	precision_macro	0.8662608118649153	5	Macro precision	arithmetic mean across accepted effective folds with a defined score for this metric	known-population-open-set-v1
FR-FCM-Z2KP-healthy	FR-FCM-Z2KP-healthy (n=1k)	dataset_name-FR-FCM-Z2KP-healthy_dataset-revision-67990f383ac8f169c9a00148febba1ed357e18e8_name-data_import.data_raw_potential-batches-1_seed-420_sub-sampling-1000_transformation-cofactor-150	1000	dgcytof	DGCyTOF	drop-train	.3cfd963b74881b9b1c81b4e4a8fcce333a9461195e98d122e6c796123d7e9c79	Drop ungated training	5	5	1	complete	precision_macro	0.7833654311650234	5	Macro precision	arithmetic mean across accepted effective folds with a defined score for this metric	known-population-open-set-v1
FR-FCM-Z2KP-healthy	FR-FCM-Z2KP-healthy (n=5k)	dataset_name-FR-FCM-Z2KP-healthy_dataset-revision-67990f383ac8f169c9a00148febba1ed357e18e8_name-data_import.data_raw_potential-batches-1_seed-420_sub-sampling-5000_transformation-cofactor-150	5000	dgcytof	DGCyTOF	drop-train	.3cfd963b74881b9b1c81b4e4a8fcce333a9461195e98d122e6c796123d7e9c79	Drop ungated training	5	5	1	complete	precision_macro	0.8330229212086281	5	Macro precision	arithmetic mean across accepted effective folds with a defined score for this metric	known-population-open-set-v1
FR-FCM-Z2KP-healthy	FR-FCM-Z2KP-healthy (n=10k)	dataset_name-FR-FCM-Z2KP-healthy_dataset-revision-67990f383ac8f169c9a00148febba1ed357e18e8_name-data_import.data_raw_potential-batches-1_seed-420_sub-sampling-10000_transformation-cofactor-150	10000	dgcytof	DGCyTOF	drop-train	.3cfd963b74881b9b1c81b4e4a8fcce333a9461195e98d122e6c796123d7e9c79	Drop ungated training	5	5	1	complete	precision_macro	0.8325735069022178	5	Macro precision	arithmetic mean across accepted effective folds with a defined score for this metric	known-population-open-set-v1
FR-FCM-Z2KP-healthy	FR-FCM-Z2KP-healthy (n=50k)	dataset_name-FR-FCM-Z2KP-healthy_dataset-revision-67990f383ac8f169c9a00148febba1ed357e18e8_name-data_import.data_raw_potential-batches-1_seed-420_sub-sampling-50000_transformation-cofactor-150	50000	dgcytof	DGCyTOF	drop-train	.3cfd963b74881b9b1c81b4e4a8fcce333a9461195e98d122e6c796123d7e9c79	Drop ungated training	5	5	1	complete	precision_macro	0.8453289054602547	5	Macro precision	arithmetic mean across accepted effective folds with a defined score for this metric	known-population-open-set-v1
FR-FCM-Z2KP-healthy	FR-FCM-Z2KP-healthy (n=100k)	dataset_name-FR-FCM-Z2KP-healthy_dataset-revision-67990f383ac8f169c9a00148febba1ed357e18e8_name-data_import.data_raw_potential-batches-1_seed-420_sub-sampling-100000_transformation-cofactor-150	1e+05	dgcytof	DGCyTOF	drop-train	.3cfd963b74881b9b1c81b4e4a8fcce333a9461195e98d122e6c796123d7e9c79	Drop ungated training	5	5	1	complete	precision_macro	0.8530574679677382	5	Macro precision	arithmetic mean across accepted effective folds with a defined score for this metric	known-population-open-set-v1
FR-FCM-Z2KP-healthy	FR-FCM-Z2KP-healthy	dataset_name-FR-FCM-Z2KP-healthy_dataset-revision-67990f383ac8f169c9a00148febba1ed357e18e8_name-data_import.data_raw_potential-batches-1_seed-42_transformation-cofactor-150	not_applicable	dgcytof	DGCyTOF	drop-train	.3cfd963b74881b9b1c81b4e4a8fcce333a9461195e98d122e6c796123d7e9c79	Drop ungated training	5	5	1	complete	precision_macro	0.8697086323184601	5	Macro precision	arithmetic mean across accepted effective folds with a defined score for this metric	known-population-open-set-v1
FR-FCM-Z3YR	FR-FCM-Z3YR	dataset_name-FR-FCM-Z3YR_dataset-revision-67990f383ac8f169c9a00148febba1ed357e18e8_name-data_import.data_raw_potential-batches-1_seed-42_transformation-cofactor-5	not_applicable	dgcytof	DGCyTOF	drop-train	.3cfd963b74881b9b1c81b4e4a8fcce333a9461195e98d122e6c796123d7e9c79	Drop ungated training	5	5	1	complete	precision_macro	0.8292834200113262	5	Macro precision	arithmetic mean across accepted effective folds with a defined score for this metric	known-population-open-set-v1
FR-FCM-Z7CH-BALBc	FR-FCM-Z7CH-BALBc	dataset_name-FR-FCM-Z7CH-BALBc_dataset-revision-4bf02d6adbe55785ca855b57274aa37b8dc843ae_name-data_import.data_raw_potential-batches-1_seed-42_transformation-cofactor-150	not_applicable	dgcytof	DGCyTOF	drop-train	.3cfd963b74881b9b1c81b4e4a8fcce333a9461195e98d122e6c796123d7e9c79	Drop ungated training	5	5	1	complete	precision_macro	0.4088173112699893	5	Macro precision	arithmetic mean across accepted effective folds with a defined score for this metric	known-population-open-set-v1
FR-FCM-Z7CH-C57BL6	FR-FCM-Z7CH-C57BL6	dataset_name-FR-FCM-Z7CH-C57BL6_dataset-revision-4bf02d6adbe55785ca855b57274aa37b8dc843ae_name-data_import.data_raw_potential-batches-1_seed-42_transformation-cofactor-150	not_applicable	dgcytof	DGCyTOF	drop-train	.3cfd963b74881b9b1c81b4e4a8fcce333a9461195e98d122e6c796123d7e9c79	Drop ungated training	5	5	1	complete	precision_macro	0.3945456564228716	5	Macro precision	arithmetic mean across accepted effective folds with a defined score for this metric	known-population-open-set-v1
FR-FCM-ZY34	FR-FCM-ZY34	dataset_name-FR-FCM-ZY34_dataset-revision-67990f383ac8f169c9a00148febba1ed357e18e8_name-data_import.data_raw_potential-batches-1_seed-42_transformation-cofactor-150	not_applicable	dgcytof	DGCyTOF	drop-train	.3cfd963b74881b9b1c81b4e4a8fcce333a9461195e98d122e6c796123d7e9c79	Drop ungated training	5	5	1	complete	precision_macro	0.6003451365489283	5	Macro precision	arithmetic mean across accepted effective folds with a defined score for this metric	known-population-open-set-v1
FR-FCM-ZYVT	FR-FCM-ZYVT	dataset_name-FR-FCM-ZYVT_dataset-revision-67990f383ac8f169c9a00148febba1ed357e18e8_name-data_import.data_raw_potential-batches-1_seed-42_transformation-cofactor-150	not_applicable	dgcytof	DGCyTOF	drop-train	.3cfd963b74881b9b1c81b4e4a8fcce333a9461195e98d122e6c796123d7e9c79	Drop ungated training	5	5	1	complete	precision_macro	0.16953610246473977	5	Macro precision	arithmetic mean across accepted effective folds with a defined score for this metric	known-population-open-set-v1
FlowCyt	FlowCyt	dataset_name-FlowCyt_dataset-revision-67990f383ac8f169c9a00148febba1ed357e18e8_name-data_import.data_raw_potential-batches-1_seed-42_transformation-cofactor-150	not_applicable	dgcytof	DGCyTOF	drop-train	.3cfd963b74881b9b1c81b4e4a8fcce333a9461195e98d122e6c796123d7e9c79	Drop ungated training	5	5	1	complete	precision_macro	0.2815391382742517	5	Macro precision	arithmetic mean across accepted effective folds with a defined score for this metric	known-population-open-set-v1
Levine	Levine	dataset_name-Levine_dataset-revision-67990f383ac8f169c9a00148febba1ed357e18e8_name-data_import.data_raw_potential-batches-1_seed-42_transformation-cofactor-5	not_applicable	dgcytof	DGCyTOF	drop-train	.3cfd963b74881b9b1c81b4e4a8fcce333a9461195e98d122e6c796123d7e9c79	Drop ungated training	2	2	1	complete	precision_macro	0.38687039409033636	2	Macro precision	arithmetic mean across accepted effective folds with a defined score for this metric	known-population-open-set-v1
Samusik	Samusik	dataset_name-Samusik_dataset-revision-67990f383ac8f169c9a00148febba1ed357e18e8_name-data_import.data_raw_potential-batches-1_seed-42_transformation-cofactor-5	not_applicable	dgcytof	DGCyTOF	drop-train	.3cfd963b74881b9b1c81b4e4a8fcce333a9461195e98d122e6c796123d7e9c79	Drop ungated training	5	5	1	complete	precision_macro	0.4603476238939515	5	Macro precision	arithmetic mean across accepted effective folds with a defined score for this metric	known-population-open-set-v1
15723074	15723074	dataset_name-15723074_dataset-revision-4bf02d6adbe55785ca855b57274aa37b8dc843ae_name-data_import.data_raw_potential-batches-1_seed-42_transformation-cofactor-150	not_applicable	gatemeclass[E]	GateMeClass [E]	drop-train	.3cfd963b74881b9b1c81b4e4a8fcce333a9461195e98d122e6c796123d7e9c79	Drop ungated training	5	5	1	complete	precision_macro	0.9609831135826286	5	Macro precision	arithmetic mean across accepted effective folds with a defined score for this metric	known-population-open-set-v1
BodenmillerXL	BodenmillerXL	dataset_name-BodenmillerXL_dataset-revision-67990f383ac8f169c9a00148febba1ed357e18e8_name-data_import.data_raw_potential-batches-1_seed-42_transformation-cofactor-5	not_applicable	gatemeclass[E]	GateMeClass [E]	drop-train	.3cfd963b74881b9b1c81b4e4a8fcce333a9461195e98d122e6c796123d7e9c79	Drop ungated training	5	5	1	complete	precision_macro	0.6958904613581335	5	Macro precision	arithmetic mean across accepted effective folds with a defined score for this metric	known-population-open-set-v1
FR-FCM-Z238	FR-FCM-Z238	dataset_name-FR-FCM-Z238_dataset-revision-67990f383ac8f169c9a00148febba1ed357e18e8_name-data_import.data_raw_potential-batches-1_seed-42_transformation-cofactor-5	not_applicable	gatemeclass[E]	GateMeClass [E]	drop-train	.3cfd963b74881b9b1c81b4e4a8fcce333a9461195e98d122e6c796123d7e9c79	Drop ungated training	0	5	0	incomplete	precision_macro	NA	0	Macro precision	arithmetic mean across accepted effective folds with a defined score for this metric	known-population-open-set-v1
FR-FCM-Z2KP-covid	FR-FCM-Z2KP-covid	dataset_name-FR-FCM-Z2KP-covid_dataset-revision-67990f383ac8f169c9a00148febba1ed357e18e8_name-data_import.data_raw_potential-batches-1_seed-42_transformation-cofactor-150	not_applicable	gatemeclass[E]	GateMeClass [E]	drop-train	.3cfd963b74881b9b1c81b4e4a8fcce333a9461195e98d122e6c796123d7e9c79	Drop ungated training	0	5	0	incomplete	precision_macro	NA	0	Macro precision	arithmetic mean across accepted effective folds with a defined score for this metric	known-population-open-set-v1
FR-FCM-Z2KP-healthy	FR-FCM-Z2KP-healthy (n=1k)	dataset_name-FR-FCM-Z2KP-healthy_dataset-revision-67990f383ac8f169c9a00148febba1ed357e18e8_name-data_import.data_raw_potential-batches-1_seed-420_sub-sampling-1000_transformation-cofactor-150	1000	gatemeclass[E]	GateMeClass [E]	drop-train	.3cfd963b74881b9b1c81b4e4a8fcce333a9461195e98d122e6c796123d7e9c79	Drop ungated training	5	5	1	complete	precision_macro	0.7447929342985076	5	Macro precision	arithmetic mean across accepted effective folds with a defined score for this metric	known-population-open-set-v1
FR-FCM-Z2KP-healthy	FR-FCM-Z2KP-healthy (n=5k)	dataset_name-FR-FCM-Z2KP-healthy_dataset-revision-67990f383ac8f169c9a00148febba1ed357e18e8_name-data_import.data_raw_potential-batches-1_seed-420_sub-sampling-5000_transformation-cofactor-150	5000	gatemeclass[E]	GateMeClass [E]	drop-train	.3cfd963b74881b9b1c81b4e4a8fcce333a9461195e98d122e6c796123d7e9c79	Drop ungated training	5	5	1	complete	precision_macro	0.6352561587403387	5	Macro precision	arithmetic mean across accepted effective folds with a defined score for this metric	known-population-open-set-v1
FR-FCM-Z2KP-healthy	FR-FCM-Z2KP-healthy (n=10k)	dataset_name-FR-FCM-Z2KP-healthy_dataset-revision-67990f383ac8f169c9a00148febba1ed357e18e8_name-data_import.data_raw_potential-batches-1_seed-420_sub-sampling-10000_transformation-cofactor-150	10000	gatemeclass[E]	GateMeClass [E]	drop-train	.3cfd963b74881b9b1c81b4e4a8fcce333a9461195e98d122e6c796123d7e9c79	Drop ungated training	5	5	1	complete	precision_macro	0.6390083062006786	5	Macro precision	arithmetic mean across accepted effective folds with a defined score for this metric	known-population-open-set-v1
FR-FCM-Z2KP-healthy	FR-FCM-Z2KP-healthy (n=50k)	dataset_name-FR-FCM-Z2KP-healthy_dataset-revision-67990f383ac8f169c9a00148febba1ed357e18e8_name-data_import.data_raw_potential-batches-1_seed-420_sub-sampling-50000_transformation-cofactor-150	50000	gatemeclass[E]	GateMeClass [E]	drop-train	.3cfd963b74881b9b1c81b4e4a8fcce333a9461195e98d122e6c796123d7e9c79	Drop ungated training	5	5	1	complete	precision_macro	0.6165250698083481	5	Macro precision	arithmetic mean across accepted effective folds with a defined score for this metric	known-population-open-set-v1
FR-FCM-Z2KP-healthy	FR-FCM-Z2KP-healthy (n=100k)	dataset_name-FR-FCM-Z2KP-healthy_dataset-revision-67990f383ac8f169c9a00148febba1ed357e18e8_name-data_import.data_raw_potential-batches-1_seed-420_sub-sampling-100000_transformation-cofactor-150	1e+05	gatemeclass[E]	GateMeClass [E]	drop-train	.3cfd963b74881b9b1c81b4e4a8fcce333a9461195e98d122e6c796123d7e9c79	Drop ungated training	5	5	1	complete	precision_macro	0.569263118124796	5	Macro precision	arithmetic mean across accepted effective folds with a defined score for this metric	known-population-open-set-v1
FR-FCM-Z2KP-healthy	FR-FCM-Z2KP-healthy	dataset_name-FR-FCM-Z2KP-healthy_dataset-revision-67990f383ac8f169c9a00148febba1ed357e18e8_name-data_import.data_raw_potential-batches-1_seed-42_transformation-cofactor-150	not_applicable	gatemeclass[E]	GateMeClass [E]	drop-train	.3cfd963b74881b9b1c81b4e4a8fcce333a9461195e98d122e6c796123d7e9c79	Drop ungated training	5	5	1	complete	precision_macro	0.6337331124943961	5	Macro precision	arithmetic mean across accepted effective folds with a defined score for this metric	known-population-open-set-v1
FR-FCM-Z3YR	FR-FCM-Z3YR	dataset_name-FR-FCM-Z3YR_dataset-revision-67990f383ac8f169c9a00148febba1ed357e18e8_name-data_import.data_raw_potential-batches-1_seed-42_transformation-cofactor-5	not_applicable	gatemeclass[E]	GateMeClass [E]	drop-train	.3cfd963b74881b9b1c81b4e4a8fcce333a9461195e98d122e6c796123d7e9c79	Drop ungated training	0	5	0	incomplete	precision_macro	NA	0	Macro precision	arithmetic mean across accepted effective folds with a defined score for this metric	known-population-open-set-v1
FR-FCM-Z7CH-BALBc	FR-FCM-Z7CH-BALBc	dataset_name-FR-FCM-Z7CH-BALBc_dataset-revision-4bf02d6adbe55785ca855b57274aa37b8dc843ae_name-data_import.data_raw_potential-batches-1_seed-42_transformation-cofactor-150	not_applicable	gatemeclass[E]	GateMeClass [E]	drop-train	.3cfd963b74881b9b1c81b4e4a8fcce333a9461195e98d122e6c796123d7e9c79	Drop ungated training	5	5	1	complete	precision_macro	0.3545698009987144	5	Macro precision	arithmetic mean across accepted effective folds with a defined score for this metric	known-population-open-set-v1
FR-FCM-Z7CH-C57BL6	FR-FCM-Z7CH-C57BL6	dataset_name-FR-FCM-Z7CH-C57BL6_dataset-revision-4bf02d6adbe55785ca855b57274aa37b8dc843ae_name-data_import.data_raw_potential-batches-1_seed-42_transformation-cofactor-150	not_applicable	gatemeclass[E]	GateMeClass [E]	drop-train	.3cfd963b74881b9b1c81b4e4a8fcce333a9461195e98d122e6c796123d7e9c79	Drop ungated training	5	5	1	complete	precision_macro	0.3605671421951184	5	Macro precision	arithmetic mean across accepted effective folds with a defined score for this metric	known-population-open-set-v1
FR-FCM-ZY34	FR-FCM-ZY34	dataset_name-FR-FCM-ZY34_dataset-revision-67990f383ac8f169c9a00148febba1ed357e18e8_name-data_import.data_raw_potential-batches-1_seed-42_transformation-cofactor-150	not_applicable	gatemeclass[E]	GateMeClass [E]	drop-train	.3cfd963b74881b9b1c81b4e4a8fcce333a9461195e98d122e6c796123d7e9c79	Drop ungated training	5	5	1	complete	precision_macro	0.2110742035711095	5	Macro precision	arithmetic mean across accepted effective folds with a defined score for this metric	known-population-open-set-v1
FR-FCM-ZYVT	FR-FCM-ZYVT	dataset_name-FR-FCM-ZYVT_dataset-revision-67990f383ac8f169c9a00148febba1ed357e18e8_name-data_import.data_raw_potential-batches-1_seed-42_transformation-cofactor-150	not_applicable	gatemeclass[E]	GateMeClass [E]	drop-train	.3cfd963b74881b9b1c81b4e4a8fcce333a9461195e98d122e6c796123d7e9c79	Drop ungated training	5	5	1	complete	precision_macro	0.19418737408039072	5	Macro precision	arithmetic mean across accepted effective folds with a defined score for this metric	known-population-open-set-v1
FlowCyt	FlowCyt	dataset_name-FlowCyt_dataset-revision-67990f383ac8f169c9a00148febba1ed357e18e8_name-data_import.data_raw_potential-batches-1_seed-42_transformation-cofactor-150	not_applicable	gatemeclass[E]	GateMeClass [E]	drop-train	.3cfd963b74881b9b1c81b4e4a8fcce333a9461195e98d122e6c796123d7e9c79	Drop ungated training	0	5	0	incomplete	precision_macro	NA	0	Macro precision	arithmetic mean across accepted effective folds with a defined score for this metric	known-population-open-set-v1
Levine	Levine	dataset_name-Levine_dataset-revision-67990f383ac8f169c9a00148febba1ed357e18e8_name-data_import.data_raw_potential-batches-1_seed-42_transformation-cofactor-5	not_applicable	gatemeclass[E]	GateMeClass [E]	drop-train	.3cfd963b74881b9b1c81b4e4a8fcce333a9461195e98d122e6c796123d7e9c79	Drop ungated training	2	2	1	complete	precision_macro	0.31532191798461684	2	Macro precision	arithmetic mean across accepted effective folds with a defined score for this metric	known-population-open-set-v1
Samusik	Samusik	dataset_name-Samusik_dataset-revision-67990f383ac8f169c9a00148febba1ed357e18e8_name-data_import.data_raw_potential-batches-1_seed-42_transformation-cofactor-5	not_applicable	gatemeclass[E]	GateMeClass [E]	drop-train	.3cfd963b74881b9b1c81b4e4a8fcce333a9461195e98d122e6c796123d7e9c79	Drop ungated training	5	5	1	complete	precision_macro	0.41202277801711684	5	Macro precision	arithmetic mean across accepted effective folds with a defined score for this metric	known-population-open-set-v1
15723074	15723074	dataset_name-15723074_dataset-revision-4bf02d6adbe55785ca855b57274aa37b8dc843ae_name-data_import.data_raw_potential-batches-1_seed-42_transformation-cofactor-150	not_applicable	gatemeclass[V]	GateMeClass [V]	drop-train	.3cfd963b74881b9b1c81b4e4a8fcce333a9461195e98d122e6c796123d7e9c79	Drop ungated training	5	5	1	complete	precision_macro	0.6987290541992836	5	Macro precision	arithmetic mean across accepted effective folds with a defined score for this metric	known-population-open-set-v1
BodenmillerXL	BodenmillerXL	dataset_name-BodenmillerXL_dataset-revision-67990f383ac8f169c9a00148febba1ed357e18e8_name-data_import.data_raw_potential-batches-1_seed-42_transformation-cofactor-5	not_applicable	gatemeclass[V]	GateMeClass [V]	drop-train	.3cfd963b74881b9b1c81b4e4a8fcce333a9461195e98d122e6c796123d7e9c79	Drop ungated training	5	5	1	complete	precision_macro	0.5410941516885278	5	Macro precision	arithmetic mean across accepted effective folds with a defined score for this metric	known-population-open-set-v1
FR-FCM-Z238	FR-FCM-Z238	dataset_name-FR-FCM-Z238_dataset-revision-67990f383ac8f169c9a00148febba1ed357e18e8_name-data_import.data_raw_potential-batches-1_seed-42_transformation-cofactor-5	not_applicable	gatemeclass[V]	GateMeClass [V]	drop-train	.3cfd963b74881b9b1c81b4e4a8fcce333a9461195e98d122e6c796123d7e9c79	Drop ungated training	0	5	0	incomplete	precision_macro	NA	0	Macro precision	arithmetic mean across accepted effective folds with a defined score for this metric	known-population-open-set-v1
FR-FCM-Z2KP-covid	FR-FCM-Z2KP-covid	dataset_name-FR-FCM-Z2KP-covid_dataset-revision-67990f383ac8f169c9a00148febba1ed357e18e8_name-data_import.data_raw_potential-batches-1_seed-42_transformation-cofactor-150	not_applicable	gatemeclass[V]	GateMeClass [V]	drop-train	.3cfd963b74881b9b1c81b4e4a8fcce333a9461195e98d122e6c796123d7e9c79	Drop ungated training	0	5	0	incomplete	precision_macro	NA	0	Macro precision	arithmetic mean across accepted effective folds with a defined score for this metric	known-population-open-set-v1
FR-FCM-Z2KP-healthy	FR-FCM-Z2KP-healthy (n=1k)	dataset_name-FR-FCM-Z2KP-healthy_dataset-revision-67990f383ac8f169c9a00148febba1ed357e18e8_name-data_import.data_raw_potential-batches-1_seed-420_sub-sampling-1000_transformation-cofactor-150	1000	gatemeclass[V]	GateMeClass [V]	drop-train	.3cfd963b74881b9b1c81b4e4a8fcce333a9461195e98d122e6c796123d7e9c79	Drop ungated training	5	5	1	complete	precision_macro	0.6423760451717354	5	Macro precision	arithmetic mean across accepted effective folds with a defined score for this metric	known-population-open-set-v1
FR-FCM-Z2KP-healthy	FR-FCM-Z2KP-healthy (n=5k)	dataset_name-FR-FCM-Z2KP-healthy_dataset-revision-67990f383ac8f169c9a00148febba1ed357e18e8_name-data_import.data_raw_potential-batches-1_seed-420_sub-sampling-5000_transformation-cofactor-150	5000	gatemeclass[V]	GateMeClass [V]	drop-train	.3cfd963b74881b9b1c81b4e4a8fcce333a9461195e98d122e6c796123d7e9c79	Drop ungated training	5	5	1	complete	precision_macro	0.684649962474518	5	Macro precision	arithmetic mean across accepted effective folds with a defined score for this metric	known-population-open-set-v1
FR-FCM-Z2KP-healthy	FR-FCM-Z2KP-healthy (n=10k)	dataset_name-FR-FCM-Z2KP-healthy_dataset-revision-67990f383ac8f169c9a00148febba1ed357e18e8_name-data_import.data_raw_potential-batches-1_seed-420_sub-sampling-10000_transformation-cofactor-150	10000	gatemeclass[V]	GateMeClass [V]	drop-train	.3cfd963b74881b9b1c81b4e4a8fcce333a9461195e98d122e6c796123d7e9c79	Drop ungated training	5	5	1	complete	precision_macro	0.726412948888163	5	Macro precision	arithmetic mean across accepted effective folds with a defined score for this metric	known-population-open-set-v1
FR-FCM-Z2KP-healthy	FR-FCM-Z2KP-healthy (n=50k)	dataset_name-FR-FCM-Z2KP-healthy_dataset-revision-67990f383ac8f169c9a00148febba1ed357e18e8_name-data_import.data_raw_potential-batches-1_seed-420_sub-sampling-50000_transformation-cofactor-150	50000	gatemeclass[V]	GateMeClass [V]	drop-train	.3cfd963b74881b9b1c81b4e4a8fcce333a9461195e98d122e6c796123d7e9c79	Drop ungated training	5	5	1	complete	precision_macro	0.6445066874080945	5	Macro precision	arithmetic mean across accepted effective folds with a defined score for this metric	known-population-open-set-v1
FR-FCM-Z2KP-healthy	FR-FCM-Z2KP-healthy (n=100k)	dataset_name-FR-FCM-Z2KP-healthy_dataset-revision-67990f383ac8f169c9a00148febba1ed357e18e8_name-data_import.data_raw_potential-batches-1_seed-420_sub-sampling-100000_transformation-cofactor-150	1e+05	gatemeclass[V]	GateMeClass [V]	drop-train	.3cfd963b74881b9b1c81b4e4a8fcce333a9461195e98d122e6c796123d7e9c79	Drop ungated training	5	5	1	complete	precision_macro	0.6392497956475881	5	Macro precision	arithmetic mean across accepted effective folds with a defined score for this metric	known-population-open-set-v1
FR-FCM-Z2KP-healthy	FR-FCM-Z2KP-healthy	dataset_name-FR-FCM-Z2KP-healthy_dataset-revision-67990f383ac8f169c9a00148febba1ed357e18e8_name-data_import.data_raw_potential-batches-1_seed-42_transformation-cofactor-150	not_applicable	gatemeclass[V]	GateMeClass [V]	drop-train	.3cfd963b74881b9b1c81b4e4a8fcce333a9461195e98d122e6c796123d7e9c79	Drop ungated training	5	5	1	complete	precision_macro	0.6164869662977902	5	Macro precision	arithmetic mean across accepted effective folds with a defined score for this metric	known-population-open-set-v1
FR-FCM-Z3YR	FR-FCM-Z3YR	dataset_name-FR-FCM-Z3YR_dataset-revision-67990f383ac8f169c9a00148febba1ed357e18e8_name-data_import.data_raw_potential-batches-1_seed-42_transformation-cofactor-5	not_applicable	gatemeclass[V]	GateMeClass [V]	drop-train	.3cfd963b74881b9b1c81b4e4a8fcce333a9461195e98d122e6c796123d7e9c79	Drop ungated training	0	5	0	incomplete	precision_macro	NA	0	Macro precision	arithmetic mean across accepted effective folds with a defined score for this metric	known-population-open-set-v1
FR-FCM-Z7CH-BALBc	FR-FCM-Z7CH-BALBc	dataset_name-FR-FCM-Z7CH-BALBc_dataset-revision-4bf02d6adbe55785ca855b57274aa37b8dc843ae_name-data_import.data_raw_potential-batches-1_seed-42_transformation-cofactor-150	not_applicable	gatemeclass[V]	GateMeClass [V]	drop-train	.3cfd963b74881b9b1c81b4e4a8fcce333a9461195e98d122e6c796123d7e9c79	Drop ungated training	5	5	1	complete	precision_macro	0.38717761814399754	5	Macro precision	arithmetic mean across accepted effective folds with a defined score for this metric	known-population-open-set-v1
FR-FCM-Z7CH-C57BL6	FR-FCM-Z7CH-C57BL6	dataset_name-FR-FCM-Z7CH-C57BL6_dataset-revision-4bf02d6adbe55785ca855b57274aa37b8dc843ae_name-data_import.data_raw_potential-batches-1_seed-42_transformation-cofactor-150	not_applicable	gatemeclass[V]	GateMeClass [V]	drop-train	.3cfd963b74881b9b1c81b4e4a8fcce333a9461195e98d122e6c796123d7e9c79	Drop ungated training	5	5	1	complete	precision_macro	0.45320051773080844	5	Macro precision	arithmetic mean across accepted effective folds with a defined score for this metric	known-population-open-set-v1
FR-FCM-ZY34	FR-FCM-ZY34	dataset_name-FR-FCM-ZY34_dataset-revision-67990f383ac8f169c9a00148febba1ed357e18e8_name-data_import.data_raw_potential-batches-1_seed-42_transformation-cofactor-150	not_applicable	gatemeclass[V]	GateMeClass [V]	drop-train	.3cfd963b74881b9b1c81b4e4a8fcce333a9461195e98d122e6c796123d7e9c79	Drop ungated training	5	5	1	complete	precision_macro	0.1931768024969346	5	Macro precision	arithmetic mean across accepted effective folds with a defined score for this metric	known-population-open-set-v1
FR-FCM-ZYVT	FR-FCM-ZYVT	dataset_name-FR-FCM-ZYVT_dataset-revision-67990f383ac8f169c9a00148febba1ed357e18e8_name-data_import.data_raw_potential-batches-1_seed-42_transformation-cofactor-150	not_applicable	gatemeclass[V]	GateMeClass [V]	drop-train	.3cfd963b74881b9b1c81b4e4a8fcce333a9461195e98d122e6c796123d7e9c79	Drop ungated training	5	5	1	complete	precision_macro	0.1910260245803278	5	Macro precision	arithmetic mean across accepted effective folds with a defined score for this metric	known-population-open-set-v1
FlowCyt	FlowCyt	dataset_name-FlowCyt_dataset-revision-67990f383ac8f169c9a00148febba1ed357e18e8_name-data_import.data_raw_potential-batches-1_seed-42_transformation-cofactor-150	not_applicable	gatemeclass[V]	GateMeClass [V]	drop-train	.3cfd963b74881b9b1c81b4e4a8fcce333a9461195e98d122e6c796123d7e9c79	Drop ungated training	0	5	0	incomplete	precision_macro	NA	0	Macro precision	arithmetic mean across accepted effective folds with a defined score for this metric	known-population-open-set-v1
Levine	Levine	dataset_name-Levine_dataset-revision-67990f383ac8f169c9a00148febba1ed357e18e8_name-data_import.data_raw_potential-batches-1_seed-42_transformation-cofactor-5	not_applicable	gatemeclass[V]	GateMeClass [V]	drop-train	.3cfd963b74881b9b1c81b4e4a8fcce333a9461195e98d122e6c796123d7e9c79	Drop ungated training	2	2	1	complete	precision_macro	0.3281061697870482	2	Macro precision	arithmetic mean across accepted effective folds with a defined score for this metric	known-population-open-set-v1
Samusik	Samusik	dataset_name-Samusik_dataset-revision-67990f383ac8f169c9a00148febba1ed357e18e8_name-data_import.data_raw_potential-batches-1_seed-42_transformation-cofactor-5	not_applicable	gatemeclass[V]	GateMeClass [V]	drop-train	.3cfd963b74881b9b1c81b4e4a8fcce333a9461195e98d122e6c796123d7e9c79	Drop ungated training	5	5	1	complete	precision_macro	0.38955238417146343	5	Macro precision	arithmetic mean across accepted effective folds with a defined score for this metric	known-population-open-set-v1
15723074	15723074	dataset_name-15723074_dataset-revision-4bf02d6adbe55785ca855b57274aa37b8dc843ae_name-data_import.data_raw_potential-batches-1_seed-42_transformation-cofactor-150	not_applicable	knn	KNN	drop-train	.3cfd963b74881b9b1c81b4e4a8fcce333a9461195e98d122e6c796123d7e9c79	Drop ungated training	5	5	1	complete	precision_macro	0.8206964717797248	5	Macro precision	arithmetic mean across accepted effective folds with a defined score for this metric	known-population-open-set-v1
BodenmillerXL	BodenmillerXL	dataset_name-BodenmillerXL_dataset-revision-67990f383ac8f169c9a00148febba1ed357e18e8_name-data_import.data_raw_potential-batches-1_seed-42_transformation-cofactor-5	not_applicable	knn	KNN	drop-train	.3cfd963b74881b9b1c81b4e4a8fcce333a9461195e98d122e6c796123d7e9c79	Drop ungated training	5	5	1	complete	precision_macro	0.8024612310552665	5	Macro precision	arithmetic mean across accepted effective folds with a defined score for this metric	known-population-open-set-v1
FR-FCM-Z238	FR-FCM-Z238	dataset_name-FR-FCM-Z238_dataset-revision-67990f383ac8f169c9a00148febba1ed357e18e8_name-data_import.data_raw_potential-batches-1_seed-42_transformation-cofactor-5	not_applicable	knn	KNN	drop-train	.3cfd963b74881b9b1c81b4e4a8fcce333a9461195e98d122e6c796123d7e9c79	Drop ungated training	5	5	1	complete	precision_macro	0.5314512078709835	5	Macro precision	arithmetic mean across accepted effective folds with a defined score for this metric	known-population-open-set-v1
FR-FCM-Z2KP-covid	FR-FCM-Z2KP-covid	dataset_name-FR-FCM-Z2KP-covid_dataset-revision-67990f383ac8f169c9a00148febba1ed357e18e8_name-data_import.data_raw_potential-batches-1_seed-42_transformation-cofactor-150	not_applicable	knn	KNN	drop-train	.3cfd963b74881b9b1c81b4e4a8fcce333a9461195e98d122e6c796123d7e9c79	Drop ungated training	5	5	1	complete	precision_macro	0.685212755453994	5	Macro precision	arithmetic mean across accepted effective folds with a defined score for this metric	known-population-open-set-v1
FR-FCM-Z2KP-healthy	FR-FCM-Z2KP-healthy (n=1k)	dataset_name-FR-FCM-Z2KP-healthy_dataset-revision-67990f383ac8f169c9a00148febba1ed357e18e8_name-data_import.data_raw_potential-batches-1_seed-420_sub-sampling-1000_transformation-cofactor-150	1000	knn	KNN	drop-train	.3cfd963b74881b9b1c81b4e4a8fcce333a9461195e98d122e6c796123d7e9c79	Drop ungated training	5	5	1	complete	precision_macro	0.6948634272362039	5	Macro precision	arithmetic mean across accepted effective folds with a defined score for this metric	known-population-open-set-v1
FR-FCM-Z2KP-healthy	FR-FCM-Z2KP-healthy (n=5k)	dataset_name-FR-FCM-Z2KP-healthy_dataset-revision-67990f383ac8f169c9a00148febba1ed357e18e8_name-data_import.data_raw_potential-batches-1_seed-420_sub-sampling-5000_transformation-cofactor-150	5000	knn	KNN	drop-train	.3cfd963b74881b9b1c81b4e4a8fcce333a9461195e98d122e6c796123d7e9c79	Drop ungated training	5	5	1	complete	precision_macro	0.7021359676887149	5	Macro precision	arithmetic mean across accepted effective folds with a defined score for this metric	known-population-open-set-v1
FR-FCM-Z2KP-healthy	FR-FCM-Z2KP-healthy (n=10k)	dataset_name-FR-FCM-Z2KP-healthy_dataset-revision-67990f383ac8f169c9a00148febba1ed357e18e8_name-data_import.data_raw_potential-batches-1_seed-420_sub-sampling-10000_transformation-cofactor-150	10000	knn	KNN	drop-train	.3cfd963b74881b9b1c81b4e4a8fcce333a9461195e98d122e6c796123d7e9c79	Drop ungated training	5	5	1	complete	precision_macro	0.6971220023779487	5	Macro precision	arithmetic mean across accepted effective folds with a defined score for this metric	known-population-open-set-v1
FR-FCM-Z2KP-healthy	FR-FCM-Z2KP-healthy (n=50k)	dataset_name-FR-FCM-Z2KP-healthy_dataset-revision-67990f383ac8f169c9a00148febba1ed357e18e8_name-data_import.data_raw_potential-batches-1_seed-420_sub-sampling-50000_transformation-cofactor-150	50000	knn	KNN	drop-train	.3cfd963b74881b9b1c81b4e4a8fcce333a9461195e98d122e6c796123d7e9c79	Drop ungated training	5	5	1	complete	precision_macro	0.7041999613169918	5	Macro precision	arithmetic mean across accepted effective folds with a defined score for this metric	known-population-open-set-v1
FR-FCM-Z2KP-healthy	FR-FCM-Z2KP-healthy (n=100k)	dataset_name-FR-FCM-Z2KP-healthy_dataset-revision-67990f383ac8f169c9a00148febba1ed357e18e8_name-data_import.data_raw_potential-batches-1_seed-420_sub-sampling-100000_transformation-cofactor-150	1e+05	knn	KNN	drop-train	.3cfd963b74881b9b1c81b4e4a8fcce333a9461195e98d122e6c796123d7e9c79	Drop ungated training	5	5	1	complete	precision_macro	0.7102059787174496	5	Macro precision	arithmetic mean across accepted effective folds with a defined score for this metric	known-population-open-set-v1
FR-FCM-Z2KP-healthy	FR-FCM-Z2KP-healthy	dataset_name-FR-FCM-Z2KP-healthy_dataset-revision-67990f383ac8f169c9a00148febba1ed357e18e8_name-data_import.data_raw_potential-batches-1_seed-42_transformation-cofactor-150	not_applicable	knn	KNN	drop-train	.3cfd963b74881b9b1c81b4e4a8fcce333a9461195e98d122e6c796123d7e9c79	Drop ungated training	5	5	1	complete	precision_macro	0.7152447599520552	5	Macro precision	arithmetic mean across accepted effective folds with a defined score for this metric	known-population-open-set-v1
FR-FCM-Z3YR	FR-FCM-Z3YR	dataset_name-FR-FCM-Z3YR_dataset-revision-67990f383ac8f169c9a00148febba1ed357e18e8_name-data_import.data_raw_potential-batches-1_seed-42_transformation-cofactor-5	not_applicable	knn	KNN	drop-train	.3cfd963b74881b9b1c81b4e4a8fcce333a9461195e98d122e6c796123d7e9c79	Drop ungated training	5	5	1	complete	precision_macro	0.6951242282452784	5	Macro precision	arithmetic mean across accepted effective folds with a defined score for this metric	known-population-open-set-v1
FR-FCM-Z7CH-BALBc	FR-FCM-Z7CH-BALBc	dataset_name-FR-FCM-Z7CH-BALBc_dataset-revision-4bf02d6adbe55785ca855b57274aa37b8dc843ae_name-data_import.data_raw_potential-batches-1_seed-42_transformation-cofactor-150	not_applicable	knn	KNN	drop-train	.3cfd963b74881b9b1c81b4e4a8fcce333a9461195e98d122e6c796123d7e9c79	Drop ungated training	5	5	1	complete	precision_macro	0.40871101411498234	5	Macro precision	arithmetic mean across accepted effective folds with a defined score for this metric	known-population-open-set-v1
FR-FCM-Z7CH-C57BL6	FR-FCM-Z7CH-C57BL6	dataset_name-FR-FCM-Z7CH-C57BL6_dataset-revision-4bf02d6adbe55785ca855b57274aa37b8dc843ae_name-data_import.data_raw_potential-batches-1_seed-42_transformation-cofactor-150	not_applicable	knn	KNN	drop-train	.3cfd963b74881b9b1c81b4e4a8fcce333a9461195e98d122e6c796123d7e9c79	Drop ungated training	5	5	1	complete	precision_macro	0.3727804281854113	5	Macro precision	arithmetic mean across accepted effective folds with a defined score for this metric	known-population-open-set-v1
FR-FCM-ZY34	FR-FCM-ZY34	dataset_name-FR-FCM-ZY34_dataset-revision-67990f383ac8f169c9a00148febba1ed357e18e8_name-data_import.data_raw_potential-batches-1_seed-42_transformation-cofactor-150	not_applicable	knn	KNN	drop-train	.3cfd963b74881b9b1c81b4e4a8fcce333a9461195e98d122e6c796123d7e9c79	Drop ungated training	5	5	1	complete	precision_macro	0.2699505539567611	5	Macro precision	arithmetic mean across accepted effective folds with a defined score for this metric	known-population-open-set-v1
FR-FCM-ZYVT	FR-FCM-ZYVT	dataset_name-FR-FCM-ZYVT_dataset-revision-67990f383ac8f169c9a00148febba1ed357e18e8_name-data_import.data_raw_potential-batches-1_seed-42_transformation-cofactor-150	not_applicable	knn	KNN	drop-train	.3cfd963b74881b9b1c81b4e4a8fcce333a9461195e98d122e6c796123d7e9c79	Drop ungated training	5	5	1	complete	precision_macro	0.16820230903023883	5	Macro precision	arithmetic mean across accepted effective folds with a defined score for this metric	known-population-open-set-v1
FlowCyt	FlowCyt	dataset_name-FlowCyt_dataset-revision-67990f383ac8f169c9a00148febba1ed357e18e8_name-data_import.data_raw_potential-batches-1_seed-42_transformation-cofactor-150	not_applicable	knn	KNN	drop-train	.3cfd963b74881b9b1c81b4e4a8fcce333a9461195e98d122e6c796123d7e9c79	Drop ungated training	5	5	1	complete	precision_macro	0.14960255029986486	5	Macro precision	arithmetic mean across accepted effective folds with a defined score for this metric	known-population-open-set-v1
Levine	Levine	dataset_name-Levine_dataset-revision-67990f383ac8f169c9a00148febba1ed357e18e8_name-data_import.data_raw_potential-batches-1_seed-42_transformation-cofactor-5	not_applicable	knn	KNN	drop-train	.3cfd963b74881b9b1c81b4e4a8fcce333a9461195e98d122e6c796123d7e9c79	Drop ungated training	2	2	1	complete	precision_macro	0.34229472035577285	2	Macro precision	arithmetic mean across accepted effective folds with a defined score for this metric	known-population-open-set-v1
Samusik	Samusik	dataset_name-Samusik_dataset-revision-67990f383ac8f169c9a00148febba1ed357e18e8_name-data_import.data_raw_potential-batches-1_seed-42_transformation-cofactor-5	not_applicable	knn	KNN	drop-train	.3cfd963b74881b9b1c81b4e4a8fcce333a9461195e98d122e6c796123d7e9c79	Drop ungated training	5	5	1	complete	precision_macro	0.4334261775085134	5	Macro precision	arithmetic mean across accepted effective folds with a defined score for this metric	known-population-open-set-v1
15723074	15723074	dataset_name-15723074_dataset-revision-4bf02d6adbe55785ca855b57274aa37b8dc843ae_name-data_import.data_raw_potential-batches-1_seed-42_transformation-cofactor-150	not_applicable	lda	LDA	drop-train	.3cfd963b74881b9b1c81b4e4a8fcce333a9461195e98d122e6c796123d7e9c79	Drop ungated training	5	5	1	complete	precision_macro	0.865545935029657	5	Macro precision	arithmetic mean across accepted effective folds with a defined score for this metric	known-population-open-set-v1
BodenmillerXL	BodenmillerXL	dataset_name-BodenmillerXL_dataset-revision-67990f383ac8f169c9a00148febba1ed357e18e8_name-data_import.data_raw_potential-batches-1_seed-42_transformation-cofactor-5	not_applicable	lda	LDA	drop-train	.3cfd963b74881b9b1c81b4e4a8fcce333a9461195e98d122e6c796123d7e9c79	Drop ungated training	5	5	1	complete	precision_macro	0.8557875864647921	5	Macro precision	arithmetic mean across accepted effective folds with a defined score for this metric	known-population-open-set-v1
FR-FCM-Z238	FR-FCM-Z238	dataset_name-FR-FCM-Z238_dataset-revision-67990f383ac8f169c9a00148febba1ed357e18e8_name-data_import.data_raw_potential-batches-1_seed-42_transformation-cofactor-5	not_applicable	lda	LDA	drop-train	.3cfd963b74881b9b1c81b4e4a8fcce333a9461195e98d122e6c796123d7e9c79	Drop ungated training	5	5	1	complete	precision_macro	0.546833133337349	5	Macro precision	arithmetic mean across accepted effective folds with a defined score for this metric	known-population-open-set-v1
FR-FCM-Z2KP-covid	FR-FCM-Z2KP-covid	dataset_name-FR-FCM-Z2KP-covid_dataset-revision-67990f383ac8f169c9a00148febba1ed357e18e8_name-data_import.data_raw_potential-batches-1_seed-42_transformation-cofactor-150	not_applicable	lda	LDA	drop-train	.3cfd963b74881b9b1c81b4e4a8fcce333a9461195e98d122e6c796123d7e9c79	Drop ungated training	5	5	1	complete	precision_macro	0.7588097699993716	5	Macro precision	arithmetic mean across accepted effective folds with a defined score for this metric	known-population-open-set-v1
FR-FCM-Z2KP-healthy	FR-FCM-Z2KP-healthy (n=1k)	dataset_name-FR-FCM-Z2KP-healthy_dataset-revision-67990f383ac8f169c9a00148febba1ed357e18e8_name-data_import.data_raw_potential-batches-1_seed-420_sub-sampling-1000_transformation-cofactor-150	1000	lda	LDA	drop-train	.3cfd963b74881b9b1c81b4e4a8fcce333a9461195e98d122e6c796123d7e9c79	Drop ungated training	5	5	1	complete	precision_macro	0.765496857598041	5	Macro precision	arithmetic mean across accepted effective folds with a defined score for this metric	known-population-open-set-v1
FR-FCM-Z2KP-healthy	FR-FCM-Z2KP-healthy (n=5k)	dataset_name-FR-FCM-Z2KP-healthy_dataset-revision-67990f383ac8f169c9a00148febba1ed357e18e8_name-data_import.data_raw_potential-batches-1_seed-420_sub-sampling-5000_transformation-cofactor-150	5000	lda	LDA	drop-train	.3cfd963b74881b9b1c81b4e4a8fcce333a9461195e98d122e6c796123d7e9c79	Drop ungated training	5	5	1	complete	precision_macro	0.7732260751457968	5	Macro precision	arithmetic mean across accepted effective folds with a defined score for this metric	known-population-open-set-v1
FR-FCM-Z2KP-healthy	FR-FCM-Z2KP-healthy (n=10k)	dataset_name-FR-FCM-Z2KP-healthy_dataset-revision-67990f383ac8f169c9a00148febba1ed357e18e8_name-data_import.data_raw_potential-batches-1_seed-420_sub-sampling-10000_transformation-cofactor-150	10000	lda	LDA	drop-train	.3cfd963b74881b9b1c81b4e4a8fcce333a9461195e98d122e6c796123d7e9c79	Drop ungated training	5	5	1	complete	precision_macro	0.7736593664770252	5	Macro precision	arithmetic mean across accepted effective folds with a defined score for this metric	known-population-open-set-v1
FR-FCM-Z2KP-healthy	FR-FCM-Z2KP-healthy (n=50k)	dataset_name-FR-FCM-Z2KP-healthy_dataset-revision-67990f383ac8f169c9a00148febba1ed357e18e8_name-data_import.data_raw_potential-batches-1_seed-420_sub-sampling-50000_transformation-cofactor-150	50000	lda	LDA	drop-train	.3cfd963b74881b9b1c81b4e4a8fcce333a9461195e98d122e6c796123d7e9c79	Drop ungated training	5	5	1	complete	precision_macro	0.7740490876654091	5	Macro precision	arithmetic mean across accepted effective folds with a defined score for this metric	known-population-open-set-v1
FR-FCM-Z2KP-healthy	FR-FCM-Z2KP-healthy (n=100k)	dataset_name-FR-FCM-Z2KP-healthy_dataset-revision-67990f383ac8f169c9a00148febba1ed357e18e8_name-data_import.data_raw_potential-batches-1_seed-420_sub-sampling-100000_transformation-cofactor-150	1e+05	lda	LDA	drop-train	.3cfd963b74881b9b1c81b4e4a8fcce333a9461195e98d122e6c796123d7e9c79	Drop ungated training	5	5	1	complete	precision_macro	0.7739602809841413	5	Macro precision	arithmetic mean across accepted effective folds with a defined score for this metric	known-population-open-set-v1
FR-FCM-Z2KP-healthy	FR-FCM-Z2KP-healthy	dataset_name-FR-FCM-Z2KP-healthy_dataset-revision-67990f383ac8f169c9a00148febba1ed357e18e8_name-data_import.data_raw_potential-batches-1_seed-42_transformation-cofactor-150	not_applicable	lda	LDA	drop-train	.3cfd963b74881b9b1c81b4e4a8fcce333a9461195e98d122e6c796123d7e9c79	Drop ungated training	5	5	1	complete	precision_macro	0.7727276660948292	5	Macro precision	arithmetic mean across accepted effective folds with a defined score for this metric	known-population-open-set-v1
FR-FCM-Z3YR	FR-FCM-Z3YR	dataset_name-FR-FCM-Z3YR_dataset-revision-67990f383ac8f169c9a00148febba1ed357e18e8_name-data_import.data_raw_potential-batches-1_seed-42_transformation-cofactor-5	not_applicable	lda	LDA	drop-train	.3cfd963b74881b9b1c81b4e4a8fcce333a9461195e98d122e6c796123d7e9c79	Drop ungated training	5	5	1	complete	precision_macro	0.7111285716198056	5	Macro precision	arithmetic mean across accepted effective folds with a defined score for this metric	known-population-open-set-v1
FR-FCM-Z7CH-BALBc	FR-FCM-Z7CH-BALBc	dataset_name-FR-FCM-Z7CH-BALBc_dataset-revision-4bf02d6adbe55785ca855b57274aa37b8dc843ae_name-data_import.data_raw_potential-batches-1_seed-42_transformation-cofactor-150	not_applicable	lda	LDA	drop-train	.3cfd963b74881b9b1c81b4e4a8fcce333a9461195e98d122e6c796123d7e9c79	Drop ungated training	5	5	1	complete	precision_macro	0.4254588471953606	5	Macro precision	arithmetic mean across accepted effective folds with a defined score for this metric	known-population-open-set-v1
FR-FCM-Z7CH-C57BL6	FR-FCM-Z7CH-C57BL6	dataset_name-FR-FCM-Z7CH-C57BL6_dataset-revision-4bf02d6adbe55785ca855b57274aa37b8dc843ae_name-data_import.data_raw_potential-batches-1_seed-42_transformation-cofactor-150	not_applicable	lda	LDA	drop-train	.3cfd963b74881b9b1c81b4e4a8fcce333a9461195e98d122e6c796123d7e9c79	Drop ungated training	5	5	1	complete	precision_macro	0.3971631978772081	5	Macro precision	arithmetic mean across accepted effective folds with a defined score for this metric	known-population-open-set-v1
FR-FCM-ZY34	FR-FCM-ZY34	dataset_name-FR-FCM-ZY34_dataset-revision-67990f383ac8f169c9a00148febba1ed357e18e8_name-data_import.data_raw_potential-batches-1_seed-42_transformation-cofactor-150	not_applicable	lda	LDA	drop-train	.3cfd963b74881b9b1c81b4e4a8fcce333a9461195e98d122e6c796123d7e9c79	Drop ungated training	5	5	1	complete	precision_macro	0.2841455419325447	5	Macro precision	arithmetic mean across accepted effective folds with a defined score for this metric	known-population-open-set-v1
FR-FCM-ZYVT	FR-FCM-ZYVT	dataset_name-FR-FCM-ZYVT_dataset-revision-67990f383ac8f169c9a00148febba1ed357e18e8_name-data_import.data_raw_potential-batches-1_seed-42_transformation-cofactor-150	not_applicable	lda	LDA	drop-train	.3cfd963b74881b9b1c81b4e4a8fcce333a9461195e98d122e6c796123d7e9c79	Drop ungated training	5	5	1	complete	precision_macro	0.1788540681056357	5	Macro precision	arithmetic mean across accepted effective folds with a defined score for this metric	known-population-open-set-v1
FlowCyt	FlowCyt	dataset_name-FlowCyt_dataset-revision-67990f383ac8f169c9a00148febba1ed357e18e8_name-data_import.data_raw_potential-batches-1_seed-42_transformation-cofactor-150	not_applicable	lda	LDA	drop-train	.3cfd963b74881b9b1c81b4e4a8fcce333a9461195e98d122e6c796123d7e9c79	Drop ungated training	5	5	1	complete	precision_macro	0.22139642874692653	5	Macro precision	arithmetic mean across accepted effective folds with a defined score for this metric	known-population-open-set-v1
Levine	Levine	dataset_name-Levine_dataset-revision-67990f383ac8f169c9a00148febba1ed357e18e8_name-data_import.data_raw_potential-batches-1_seed-42_transformation-cofactor-5	not_applicable	lda	LDA	drop-train	.3cfd963b74881b9b1c81b4e4a8fcce333a9461195e98d122e6c796123d7e9c79	Drop ungated training	2	2	1	complete	precision_macro	0.3460190352666561	2	Macro precision	arithmetic mean across accepted effective folds with a defined score for this metric	known-population-open-set-v1
Samusik	Samusik	dataset_name-Samusik_dataset-revision-67990f383ac8f169c9a00148febba1ed357e18e8_name-data_import.data_raw_potential-batches-1_seed-42_transformation-cofactor-5	not_applicable	lda	LDA	drop-train	.3cfd963b74881b9b1c81b4e4a8fcce333a9461195e98d122e6c796123d7e9c79	Drop ungated training	5	5	1	complete	precision_macro	0.43397425625361447	5	Macro precision	arithmetic mean across accepted effective folds with a defined score for this metric	known-population-open-set-v1
15723074	15723074	dataset_name-15723074_dataset-revision-4bf02d6adbe55785ca855b57274aa37b8dc843ae_name-data_import.data_raw_potential-batches-1_seed-42_transformation-cofactor-150	not_applicable	random	Random	drop-train	.3cfd963b74881b9b1c81b4e4a8fcce333a9461195e98d122e6c796123d7e9c79	Drop ungated training	5	5	1	complete	precision_macro	0.12485422163566506	5	Macro precision	arithmetic mean across accepted effective folds with a defined score for this metric	known-population-open-set-v1
BodenmillerXL	BodenmillerXL	dataset_name-BodenmillerXL_dataset-revision-67990f383ac8f169c9a00148febba1ed357e18e8_name-data_import.data_raw_potential-batches-1_seed-42_transformation-cofactor-5	not_applicable	random	Random	drop-train	.3cfd963b74881b9b1c81b4e4a8fcce333a9461195e98d122e6c796123d7e9c79	Drop ungated training	5	5	1	complete	precision_macro	0.12539454414695403	5	Macro precision	arithmetic mean across accepted effective folds with a defined score for this metric	known-population-open-set-v1
FR-FCM-Z238	FR-FCM-Z238	dataset_name-FR-FCM-Z238_dataset-revision-67990f383ac8f169c9a00148febba1ed357e18e8_name-data_import.data_raw_potential-batches-1_seed-42_transformation-cofactor-5	not_applicable	random	Random	drop-train	.3cfd963b74881b9b1c81b4e4a8fcce333a9461195e98d122e6c796123d7e9c79	Drop ungated training	5	5	1	complete	precision_macro	0.035696465867619695	5	Macro precision	arithmetic mean across accepted effective folds with a defined score for this metric	known-population-open-set-v1
FR-FCM-Z2KP-covid	FR-FCM-Z2KP-covid	dataset_name-FR-FCM-Z2KP-covid_dataset-revision-67990f383ac8f169c9a00148febba1ed357e18e8_name-data_import.data_raw_potential-batches-1_seed-42_transformation-cofactor-150	not_applicable	random	Random	drop-train	.3cfd963b74881b9b1c81b4e4a8fcce333a9461195e98d122e6c796123d7e9c79	Drop ungated training	5	5	1	complete	precision_macro	0.1755012301667253	5	Macro precision	arithmetic mean across accepted effective folds with a defined score for this metric	known-population-open-set-v1
FR-FCM-Z2KP-healthy	FR-FCM-Z2KP-healthy (n=1k)	dataset_name-FR-FCM-Z2KP-healthy_dataset-revision-67990f383ac8f169c9a00148febba1ed357e18e8_name-data_import.data_raw_potential-batches-1_seed-420_sub-sampling-1000_transformation-cofactor-150	1000	random	Random	drop-train	.3cfd963b74881b9b1c81b4e4a8fcce333a9461195e98d122e6c796123d7e9c79	Drop ungated training	5	5	1	complete	precision_macro	0.17490548862591243	5	Macro precision	arithmetic mean across accepted effective folds with a defined score for this metric	known-population-open-set-v1
FR-FCM-Z2KP-healthy	FR-FCM-Z2KP-healthy (n=5k)	dataset_name-FR-FCM-Z2KP-healthy_dataset-revision-67990f383ac8f169c9a00148febba1ed357e18e8_name-data_import.data_raw_potential-batches-1_seed-420_sub-sampling-5000_transformation-cofactor-150	5000	random	Random	drop-train	.3cfd963b74881b9b1c81b4e4a8fcce333a9461195e98d122e6c796123d7e9c79	Drop ungated training	5	5	1	complete	precision_macro	0.17483598668519598	5	Macro precision	arithmetic mean across accepted effective folds with a defined score for this metric	known-population-open-set-v1
FR-FCM-Z2KP-healthy	FR-FCM-Z2KP-healthy (n=10k)	dataset_name-FR-FCM-Z2KP-healthy_dataset-revision-67990f383ac8f169c9a00148febba1ed357e18e8_name-data_import.data_raw_potential-batches-1_seed-420_sub-sampling-10000_transformation-cofactor-150	10000	random	Random	drop-train	.3cfd963b74881b9b1c81b4e4a8fcce333a9461195e98d122e6c796123d7e9c79	Drop ungated training	5	5	1	complete	precision_macro	0.17504044667924828	5	Macro precision	arithmetic mean across accepted effective folds with a defined score for this metric	known-population-open-set-v1
FR-FCM-Z2KP-healthy	FR-FCM-Z2KP-healthy (n=50k)	dataset_name-FR-FCM-Z2KP-healthy_dataset-revision-67990f383ac8f169c9a00148febba1ed357e18e8_name-data_import.data_raw_potential-batches-1_seed-420_sub-sampling-50000_transformation-cofactor-150	50000	random	Random	drop-train	.3cfd963b74881b9b1c81b4e4a8fcce333a9461195e98d122e6c796123d7e9c79	Drop ungated training	5	5	1	complete	precision_macro	0.17473715932950543	5	Macro precision	arithmetic mean across accepted effective folds with a defined score for this metric	known-population-open-set-v1
FR-FCM-Z2KP-healthy	FR-FCM-Z2KP-healthy (n=100k)	dataset_name-FR-FCM-Z2KP-healthy_dataset-revision-67990f383ac8f169c9a00148febba1ed357e18e8_name-data_import.data_raw_potential-batches-1_seed-420_sub-sampling-100000_transformation-cofactor-150	1e+05	random	Random	drop-train	.3cfd963b74881b9b1c81b4e4a8fcce333a9461195e98d122e6c796123d7e9c79	Drop ungated training	5	5	1	complete	precision_macro	0.1748614482888858	5	Macro precision	arithmetic mean across accepted effective folds with a defined score for this metric	known-population-open-set-v1
FR-FCM-Z2KP-healthy	FR-FCM-Z2KP-healthy	dataset_name-FR-FCM-Z2KP-healthy_dataset-revision-67990f383ac8f169c9a00148febba1ed357e18e8_name-data_import.data_raw_potential-batches-1_seed-42_transformation-cofactor-150	not_applicable	random	Random	drop-train	.3cfd963b74881b9b1c81b4e4a8fcce333a9461195e98d122e6c796123d7e9c79	Drop ungated training	5	5	1	complete	precision_macro	0.17478245612372792	5	Macro precision	arithmetic mean across accepted effective folds with a defined score for this metric	known-population-open-set-v1
FR-FCM-Z3YR	FR-FCM-Z3YR	dataset_name-FR-FCM-Z3YR_dataset-revision-67990f383ac8f169c9a00148febba1ed357e18e8_name-data_import.data_raw_potential-batches-1_seed-42_transformation-cofactor-5	not_applicable	random	Random	drop-train	.3cfd963b74881b9b1c81b4e4a8fcce333a9461195e98d122e6c796123d7e9c79	Drop ungated training	5	5	1	complete	precision_macro	0.030958309404202904	5	Macro precision	arithmetic mean across accepted effective folds with a defined score for this metric	known-population-open-set-v1
FR-FCM-Z7CH-BALBc	FR-FCM-Z7CH-BALBc	dataset_name-FR-FCM-Z7CH-BALBc_dataset-revision-4bf02d6adbe55785ca855b57274aa37b8dc843ae_name-data_import.data_raw_potential-batches-1_seed-42_transformation-cofactor-150	not_applicable	random	Random	drop-train	.3cfd963b74881b9b1c81b4e4a8fcce333a9461195e98d122e6c796123d7e9c79	Drop ungated training	5	5	1	complete	precision_macro	0.14294526500876475	5	Macro precision	arithmetic mean across accepted effective folds with a defined score for this metric	known-population-open-set-v1
FR-FCM-Z7CH-C57BL6	FR-FCM-Z7CH-C57BL6	dataset_name-FR-FCM-Z7CH-C57BL6_dataset-revision-4bf02d6adbe55785ca855b57274aa37b8dc843ae_name-data_import.data_raw_potential-batches-1_seed-42_transformation-cofactor-150	not_applicable	random	Random	drop-train	.3cfd963b74881b9b1c81b4e4a8fcce333a9461195e98d122e6c796123d7e9c79	Drop ungated training	5	5	1	complete	precision_macro	0.131174708663458	5	Macro precision	arithmetic mean across accepted effective folds with a defined score for this metric	known-population-open-set-v1
FR-FCM-ZY34	FR-FCM-ZY34	dataset_name-FR-FCM-ZY34_dataset-revision-67990f383ac8f169c9a00148febba1ed357e18e8_name-data_import.data_raw_potential-batches-1_seed-42_transformation-cofactor-150	not_applicable	random	Random	drop-train	.3cfd963b74881b9b1c81b4e4a8fcce333a9461195e98d122e6c796123d7e9c79	Drop ungated training	5	5	1	complete	precision_macro	0.055418595247071066	5	Macro precision	arithmetic mean across accepted effective folds with a defined score for this metric	known-population-open-set-v1
FR-FCM-ZYVT	FR-FCM-ZYVT	dataset_name-FR-FCM-ZYVT_dataset-revision-67990f383ac8f169c9a00148febba1ed357e18e8_name-data_import.data_raw_potential-batches-1_seed-42_transformation-cofactor-150	not_applicable	random	Random	drop-train	.3cfd963b74881b9b1c81b4e4a8fcce333a9461195e98d122e6c796123d7e9c79	Drop ungated training	5	5	1	complete	precision_macro	0.03365242537239429	5	Macro precision	arithmetic mean across accepted effective folds with a defined score for this metric	known-population-open-set-v1
FlowCyt	FlowCyt	dataset_name-FlowCyt_dataset-revision-67990f383ac8f169c9a00148febba1ed357e18e8_name-data_import.data_raw_potential-batches-1_seed-42_transformation-cofactor-150	not_applicable	random	Random	drop-train	.3cfd963b74881b9b1c81b4e4a8fcce333a9461195e98d122e6c796123d7e9c79	Drop ungated training	5	5	1	complete	precision_macro	0.019584561190760876	5	Macro precision	arithmetic mean across accepted effective folds with a defined score for this metric	known-population-open-set-v1
Levine	Levine	dataset_name-Levine_dataset-revision-67990f383ac8f169c9a00148febba1ed357e18e8_name-data_import.data_raw_potential-batches-1_seed-42_transformation-cofactor-5	not_applicable	random	Random	drop-train	.3cfd963b74881b9b1c81b4e4a8fcce333a9461195e98d122e6c796123d7e9c79	Drop ungated training	2	2	1	complete	precision_macro	0.028790662145727022	2	Macro precision	arithmetic mean across accepted effective folds with a defined score for this metric	known-population-open-set-v1
Samusik	Samusik	dataset_name-Samusik_dataset-revision-67990f383ac8f169c9a00148febba1ed357e18e8_name-data_import.data_raw_potential-batches-1_seed-42_transformation-cofactor-5	not_applicable	random	Random	drop-train	.3cfd963b74881b9b1c81b4e4a8fcce333a9461195e98d122e6c796123d7e9c79	Drop ungated training	5	5	1	complete	precision_macro	0.02538814066750692	5	Macro precision	arithmetic mean across accepted effective folds with a defined score for this metric	known-population-open-set-v1
15723074	15723074	dataset_name-15723074_dataset-revision-4bf02d6adbe55785ca855b57274aa37b8dc843ae_name-data_import.data_raw_potential-batches-1_seed-42_transformation-cofactor-150	not_applicable	cyanno	CyAnno	drop-both	.cf99b5bbf108239b5579ea572773bd79f2991aa4794838d0cb51fe27dd533bc3	Drop ungated training + test	5	5	1	complete	precision_macro	0.838898811871416	5	Macro precision	arithmetic mean across accepted effective folds with a defined score for this metric	known-population-open-set-v1
BodenmillerXL	BodenmillerXL	dataset_name-BodenmillerXL_dataset-revision-67990f383ac8f169c9a00148febba1ed357e18e8_name-data_import.data_raw_potential-batches-1_seed-42_transformation-cofactor-5	not_applicable	cyanno	CyAnno	drop-both	.cf99b5bbf108239b5579ea572773bd79f2991aa4794838d0cb51fe27dd533bc3	Drop ungated training + test	5	5	1	complete	precision_macro	0.9537601407186681	5	Macro precision	arithmetic mean across accepted effective folds with a defined score for this metric	known-population-open-set-v1
FR-FCM-Z238	FR-FCM-Z238	dataset_name-FR-FCM-Z238_dataset-revision-67990f383ac8f169c9a00148febba1ed357e18e8_name-data_import.data_raw_potential-batches-1_seed-42_transformation-cofactor-5	not_applicable	cyanno	CyAnno	drop-both	.cf99b5bbf108239b5579ea572773bd79f2991aa4794838d0cb51fe27dd533bc3	Drop ungated training + test	5	5	1	complete	precision_macro	0.7611900144414795	5	Macro precision	arithmetic mean across accepted effective folds with a defined score for this metric	known-population-open-set-v1
FR-FCM-Z2KP-covid	FR-FCM-Z2KP-covid	dataset_name-FR-FCM-Z2KP-covid_dataset-revision-67990f383ac8f169c9a00148febba1ed357e18e8_name-data_import.data_raw_potential-batches-1_seed-42_transformation-cofactor-150	not_applicable	cyanno	CyAnno	drop-both	.cf99b5bbf108239b5579ea572773bd79f2991aa4794838d0cb51fe27dd533bc3	Drop ungated training + test	5	5	1	complete	precision_macro	0.9848440519703192	5	Macro precision	arithmetic mean across accepted effective folds with a defined score for this metric	known-population-open-set-v1
FR-FCM-Z2KP-healthy	FR-FCM-Z2KP-healthy (n=1k)	dataset_name-FR-FCM-Z2KP-healthy_dataset-revision-67990f383ac8f169c9a00148febba1ed357e18e8_name-data_import.data_raw_potential-batches-1_seed-420_sub-sampling-1000_transformation-cofactor-150	1000	cyanno	CyAnno	drop-both	.cf99b5bbf108239b5579ea572773bd79f2991aa4794838d0cb51fe27dd533bc3	Drop ungated training + test	5	5	1	complete	precision_macro	0.9759412542854546	5	Macro precision	arithmetic mean across accepted effective folds with a defined score for this metric	known-population-open-set-v1
FR-FCM-Z2KP-healthy	FR-FCM-Z2KP-healthy (n=5k)	dataset_name-FR-FCM-Z2KP-healthy_dataset-revision-67990f383ac8f169c9a00148febba1ed357e18e8_name-data_import.data_raw_potential-batches-1_seed-420_sub-sampling-5000_transformation-cofactor-150	5000	cyanno	CyAnno	drop-both	.cf99b5bbf108239b5579ea572773bd79f2991aa4794838d0cb51fe27dd533bc3	Drop ungated training + test	5	5	1	complete	precision_macro	0.9807212838939289	5	Macro precision	arithmetic mean across accepted effective folds with a defined score for this metric	known-population-open-set-v1
FR-FCM-Z2KP-healthy	FR-FCM-Z2KP-healthy (n=10k)	dataset_name-FR-FCM-Z2KP-healthy_dataset-revision-67990f383ac8f169c9a00148febba1ed357e18e8_name-data_import.data_raw_potential-batches-1_seed-420_sub-sampling-10000_transformation-cofactor-150	10000	cyanno	CyAnno	drop-both	.cf99b5bbf108239b5579ea572773bd79f2991aa4794838d0cb51fe27dd533bc3	Drop ungated training + test	5	5	1	complete	precision_macro	0.9823581821497998	5	Macro precision	arithmetic mean across accepted effective folds with a defined score for this metric	known-population-open-set-v1
FR-FCM-Z2KP-healthy	FR-FCM-Z2KP-healthy (n=50k)	dataset_name-FR-FCM-Z2KP-healthy_dataset-revision-67990f383ac8f169c9a00148febba1ed357e18e8_name-data_import.data_raw_potential-batches-1_seed-420_sub-sampling-50000_transformation-cofactor-150	50000	cyanno	CyAnno	drop-both	.cf99b5bbf108239b5579ea572773bd79f2991aa4794838d0cb51fe27dd533bc3	Drop ungated training + test	5	5	1	complete	precision_macro	0.983950342876516	5	Macro precision	arithmetic mean across accepted effective folds with a defined score for this metric	known-population-open-set-v1
FR-FCM-Z2KP-healthy	FR-FCM-Z2KP-healthy (n=100k)	dataset_name-FR-FCM-Z2KP-healthy_dataset-revision-67990f383ac8f169c9a00148febba1ed357e18e8_name-data_import.data_raw_potential-batches-1_seed-420_sub-sampling-100000_transformation-cofactor-150	1e+05	cyanno	CyAnno	drop-both	.cf99b5bbf108239b5579ea572773bd79f2991aa4794838d0cb51fe27dd533bc3	Drop ungated training + test	5	5	1	complete	precision_macro	0.9854464273536861	5	Macro precision	arithmetic mean across accepted effective folds with a defined score for this metric	known-population-open-set-v1
FR-FCM-Z2KP-healthy	FR-FCM-Z2KP-healthy	dataset_name-FR-FCM-Z2KP-healthy_dataset-revision-67990f383ac8f169c9a00148febba1ed357e18e8_name-data_import.data_raw_potential-batches-1_seed-42_transformation-cofactor-150	not_applicable	cyanno	CyAnno	drop-both	.cf99b5bbf108239b5579ea572773bd79f2991aa4794838d0cb51fe27dd533bc3	Drop ungated training + test	5	5	1	complete	precision_macro	0.9880868501967774	5	Macro precision	arithmetic mean across accepted effective folds with a defined score for this metric	known-population-open-set-v1
FR-FCM-Z3YR	FR-FCM-Z3YR	dataset_name-FR-FCM-Z3YR_dataset-revision-67990f383ac8f169c9a00148febba1ed357e18e8_name-data_import.data_raw_potential-batches-1_seed-42_transformation-cofactor-5	not_applicable	cyanno	CyAnno	drop-both	.cf99b5bbf108239b5579ea572773bd79f2991aa4794838d0cb51fe27dd533bc3	Drop ungated training + test	5	5	1	complete	precision_macro	0.9407445799015469	5	Macro precision	arithmetic mean across accepted effective folds with a defined score for this metric	known-population-open-set-v1
FR-FCM-Z7CH-BALBc	FR-FCM-Z7CH-BALBc	dataset_name-FR-FCM-Z7CH-BALBc_dataset-revision-4bf02d6adbe55785ca855b57274aa37b8dc843ae_name-data_import.data_raw_potential-batches-1_seed-42_transformation-cofactor-150	not_applicable	cyanno	CyAnno	drop-both	.cf99b5bbf108239b5579ea572773bd79f2991aa4794838d0cb51fe27dd533bc3	Drop ungated training + test	5	5	1	complete	precision_macro	0.999775092958354	5	Macro precision	arithmetic mean across accepted effective folds with a defined score for this metric	known-population-open-set-v1
FR-FCM-Z7CH-C57BL6	FR-FCM-Z7CH-C57BL6	dataset_name-FR-FCM-Z7CH-C57BL6_dataset-revision-4bf02d6adbe55785ca855b57274aa37b8dc843ae_name-data_import.data_raw_potential-batches-1_seed-42_transformation-cofactor-150	not_applicable	cyanno	CyAnno	drop-both	.cf99b5bbf108239b5579ea572773bd79f2991aa4794838d0cb51fe27dd533bc3	Drop ungated training + test	5	5	1	complete	precision_macro	0.9998605185746072	5	Macro precision	arithmetic mean across accepted effective folds with a defined score for this metric	known-population-open-set-v1
FR-FCM-ZY34	FR-FCM-ZY34	dataset_name-FR-FCM-ZY34_dataset-revision-67990f383ac8f169c9a00148febba1ed357e18e8_name-data_import.data_raw_potential-batches-1_seed-42_transformation-cofactor-150	not_applicable	cyanno	CyAnno	drop-both	.cf99b5bbf108239b5579ea572773bd79f2991aa4794838d0cb51fe27dd533bc3	Drop ungated training + test	5	5	1	complete	precision_macro	0.6957288300559569	5	Macro precision	arithmetic mean across accepted effective folds with a defined score for this metric	known-population-open-set-v1
FR-FCM-ZYVT	FR-FCM-ZYVT	dataset_name-FR-FCM-ZYVT_dataset-revision-67990f383ac8f169c9a00148febba1ed357e18e8_name-data_import.data_raw_potential-batches-1_seed-42_transformation-cofactor-150	not_applicable	cyanno	CyAnno	drop-both	.cf99b5bbf108239b5579ea572773bd79f2991aa4794838d0cb51fe27dd533bc3	Drop ungated training + test	5	5	1	complete	precision_macro	0.6377471199703745	5	Macro precision	arithmetic mean across accepted effective folds with a defined score for this metric	known-population-open-set-v1
FlowCyt	FlowCyt	dataset_name-FlowCyt_dataset-revision-67990f383ac8f169c9a00148febba1ed357e18e8_name-data_import.data_raw_potential-batches-1_seed-42_transformation-cofactor-150	not_applicable	cyanno	CyAnno	drop-both	.cf99b5bbf108239b5579ea572773bd79f2991aa4794838d0cb51fe27dd533bc3	Drop ungated training + test	5	5	1	complete	precision_macro	0.9801800916524895	5	Macro precision	arithmetic mean across accepted effective folds with a defined score for this metric	known-population-open-set-v1
Levine	Levine	dataset_name-Levine_dataset-revision-67990f383ac8f169c9a00148febba1ed357e18e8_name-data_import.data_raw_potential-batches-1_seed-42_transformation-cofactor-5	not_applicable	cyanno	CyAnno	drop-both	.cf99b5bbf108239b5579ea572773bd79f2991aa4794838d0cb51fe27dd533bc3	Drop ungated training + test	2	2	1	complete	precision_macro	0.9922640344718712	2	Macro precision	arithmetic mean across accepted effective folds with a defined score for this metric	known-population-open-set-v1
Samusik	Samusik	dataset_name-Samusik_dataset-revision-67990f383ac8f169c9a00148febba1ed357e18e8_name-data_import.data_raw_potential-batches-1_seed-42_transformation-cofactor-5	not_applicable	cyanno	CyAnno	drop-both	.cf99b5bbf108239b5579ea572773bd79f2991aa4794838d0cb51fe27dd533bc3	Drop ungated training + test	5	5	1	complete	precision_macro	0.9555753075388529	5	Macro precision	arithmetic mean across accepted effective folds with a defined score for this metric	known-population-open-set-v1
15723074	15723074	dataset_name-15723074_dataset-revision-4bf02d6adbe55785ca855b57274aa37b8dc843ae_name-data_import.data_raw_potential-batches-1_seed-42_transformation-cofactor-150	not_applicable	cygate	CyGATE	drop-both	.cf99b5bbf108239b5579ea572773bd79f2991aa4794838d0cb51fe27dd533bc3	Drop ungated training + test	5	5	1	complete	precision_macro	0.873894749262146	5	Macro precision	arithmetic mean across accepted effective folds with a defined score for this metric	known-population-open-set-v1
BodenmillerXL	BodenmillerXL	dataset_name-BodenmillerXL_dataset-revision-67990f383ac8f169c9a00148febba1ed357e18e8_name-data_import.data_raw_potential-batches-1_seed-42_transformation-cofactor-5	not_applicable	cygate	CyGATE	drop-both	.cf99b5bbf108239b5579ea572773bd79f2991aa4794838d0cb51fe27dd533bc3	Drop ungated training + test	5	5	1	complete	precision_macro	0.8150117739374128	5	Macro precision	arithmetic mean across accepted effective folds with a defined score for this metric	known-population-open-set-v1
FR-FCM-Z238	FR-FCM-Z238	dataset_name-FR-FCM-Z238_dataset-revision-67990f383ac8f169c9a00148febba1ed357e18e8_name-data_import.data_raw_potential-batches-1_seed-42_transformation-cofactor-5	not_applicable	cygate	CyGATE	drop-both	.cf99b5bbf108239b5579ea572773bd79f2991aa4794838d0cb51fe27dd533bc3	Drop ungated training + test	5	5	1	complete	precision_macro	0.6607290821899149	5	Macro precision	arithmetic mean across accepted effective folds with a defined score for this metric	known-population-open-set-v1
FR-FCM-Z2KP-covid	FR-FCM-Z2KP-covid	dataset_name-FR-FCM-Z2KP-covid_dataset-revision-67990f383ac8f169c9a00148febba1ed357e18e8_name-data_import.data_raw_potential-batches-1_seed-42_transformation-cofactor-150	not_applicable	cygate	CyGATE	drop-both	.cf99b5bbf108239b5579ea572773bd79f2991aa4794838d0cb51fe27dd533bc3	Drop ungated training + test	5	5	1	complete	precision_macro	0.8734574123751863	5	Macro precision	arithmetic mean across accepted effective folds with a defined score for this metric	known-population-open-set-v1
FR-FCM-Z2KP-healthy	FR-FCM-Z2KP-healthy (n=1k)	dataset_name-FR-FCM-Z2KP-healthy_dataset-revision-67990f383ac8f169c9a00148febba1ed357e18e8_name-data_import.data_raw_potential-batches-1_seed-420_sub-sampling-1000_transformation-cofactor-150	1000	cygate	CyGATE	drop-both	.cf99b5bbf108239b5579ea572773bd79f2991aa4794838d0cb51fe27dd533bc3	Drop ungated training + test	5	5	1	complete	precision_macro	0.8827381907995316	5	Macro precision	arithmetic mean across accepted effective folds with a defined score for this metric	known-population-open-set-v1
FR-FCM-Z2KP-healthy	FR-FCM-Z2KP-healthy (n=5k)	dataset_name-FR-FCM-Z2KP-healthy_dataset-revision-67990f383ac8f169c9a00148febba1ed357e18e8_name-data_import.data_raw_potential-batches-1_seed-420_sub-sampling-5000_transformation-cofactor-150	5000	cygate	CyGATE	drop-both	.cf99b5bbf108239b5579ea572773bd79f2991aa4794838d0cb51fe27dd533bc3	Drop ungated training + test	5	5	1	complete	precision_macro	0.8765284671396063	5	Macro precision	arithmetic mean across accepted effective folds with a defined score for this metric	known-population-open-set-v1
FR-FCM-Z2KP-healthy	FR-FCM-Z2KP-healthy (n=10k)	dataset_name-FR-FCM-Z2KP-healthy_dataset-revision-67990f383ac8f169c9a00148febba1ed357e18e8_name-data_import.data_raw_potential-batches-1_seed-420_sub-sampling-10000_transformation-cofactor-150	10000	cygate	CyGATE	drop-both	.cf99b5bbf108239b5579ea572773bd79f2991aa4794838d0cb51fe27dd533bc3	Drop ungated training + test	5	5	1	complete	precision_macro	0.8841772215368479	5	Macro precision	arithmetic mean across accepted effective folds with a defined score for this metric	known-population-open-set-v1
FR-FCM-Z2KP-healthy	FR-FCM-Z2KP-healthy (n=50k)	dataset_name-FR-FCM-Z2KP-healthy_dataset-revision-67990f383ac8f169c9a00148febba1ed357e18e8_name-data_import.data_raw_potential-batches-1_seed-420_sub-sampling-50000_transformation-cofactor-150	50000	cygate	CyGATE	drop-both	.cf99b5bbf108239b5579ea572773bd79f2991aa4794838d0cb51fe27dd533bc3	Drop ungated training + test	5	5	1	complete	precision_macro	0.8756285565525879	5	Macro precision	arithmetic mean across accepted effective folds with a defined score for this metric	known-population-open-set-v1
FR-FCM-Z2KP-healthy	FR-FCM-Z2KP-healthy (n=100k)	dataset_name-FR-FCM-Z2KP-healthy_dataset-revision-67990f383ac8f169c9a00148febba1ed357e18e8_name-data_import.data_raw_potential-batches-1_seed-420_sub-sampling-100000_transformation-cofactor-150	1e+05	cygate	CyGATE	drop-both	.cf99b5bbf108239b5579ea572773bd79f2991aa4794838d0cb51fe27dd533bc3	Drop ungated training + test	5	5	1	complete	precision_macro	0.8748045547294936	5	Macro precision	arithmetic mean across accepted effective folds with a defined score for this metric	known-population-open-set-v1
FR-FCM-Z2KP-healthy	FR-FCM-Z2KP-healthy	dataset_name-FR-FCM-Z2KP-healthy_dataset-revision-67990f383ac8f169c9a00148febba1ed357e18e8_name-data_import.data_raw_potential-batches-1_seed-42_transformation-cofactor-150	not_applicable	cygate	CyGATE	drop-both	.cf99b5bbf108239b5579ea572773bd79f2991aa4794838d0cb51fe27dd533bc3	Drop ungated training + test	5	5	1	complete	precision_macro	0.8976001296030114	5	Macro precision	arithmetic mean across accepted effective folds with a defined score for this metric	known-population-open-set-v1
FR-FCM-Z3YR	FR-FCM-Z3YR	dataset_name-FR-FCM-Z3YR_dataset-revision-67990f383ac8f169c9a00148febba1ed357e18e8_name-data_import.data_raw_potential-batches-1_seed-42_transformation-cofactor-5	not_applicable	cygate	CyGATE	drop-both	.cf99b5bbf108239b5579ea572773bd79f2991aa4794838d0cb51fe27dd533bc3	Drop ungated training + test	5	5	1	complete	precision_macro	0.8034506257082508	5	Macro precision	arithmetic mean across accepted effective folds with a defined score for this metric	known-population-open-set-v1
FR-FCM-Z7CH-BALBc	FR-FCM-Z7CH-BALBc	dataset_name-FR-FCM-Z7CH-BALBc_dataset-revision-4bf02d6adbe55785ca855b57274aa37b8dc843ae_name-data_import.data_raw_potential-batches-1_seed-42_transformation-cofactor-150	not_applicable	cygate	CyGATE	drop-both	.cf99b5bbf108239b5579ea572773bd79f2991aa4794838d0cb51fe27dd533bc3	Drop ungated training + test	5	5	1	complete	precision_macro	0.9537678446203854	5	Macro precision	arithmetic mean across accepted effective folds with a defined score for this metric	known-population-open-set-v1
FR-FCM-Z7CH-C57BL6	FR-FCM-Z7CH-C57BL6	dataset_name-FR-FCM-Z7CH-C57BL6_dataset-revision-4bf02d6adbe55785ca855b57274aa37b8dc843ae_name-data_import.data_raw_potential-batches-1_seed-42_transformation-cofactor-150	not_applicable	cygate	CyGATE	drop-both	.cf99b5bbf108239b5579ea572773bd79f2991aa4794838d0cb51fe27dd533bc3	Drop ungated training + test	5	5	1	complete	precision_macro	0.9851155307161997	5	Macro precision	arithmetic mean across accepted effective folds with a defined score for this metric	known-population-open-set-v1
FR-FCM-ZY34	FR-FCM-ZY34	dataset_name-FR-FCM-ZY34_dataset-revision-67990f383ac8f169c9a00148febba1ed357e18e8_name-data_import.data_raw_potential-batches-1_seed-42_transformation-cofactor-150	not_applicable	cygate	CyGATE	drop-both	.cf99b5bbf108239b5579ea572773bd79f2991aa4794838d0cb51fe27dd533bc3	Drop ungated training + test	5	5	1	complete	precision_macro	0.2731380313193971	5	Macro precision	arithmetic mean across accepted effective folds with a defined score for this metric	known-population-open-set-v1
FR-FCM-ZYVT	FR-FCM-ZYVT	dataset_name-FR-FCM-ZYVT_dataset-revision-67990f383ac8f169c9a00148febba1ed357e18e8_name-data_import.data_raw_potential-batches-1_seed-42_transformation-cofactor-150	not_applicable	cygate	CyGATE	drop-both	.cf99b5bbf108239b5579ea572773bd79f2991aa4794838d0cb51fe27dd533bc3	Drop ungated training + test	5	5	1	complete	precision_macro	0.6618409323435879	5	Macro precision	arithmetic mean across accepted effective folds with a defined score for this metric	known-population-open-set-v1
FlowCyt	FlowCyt	dataset_name-FlowCyt_dataset-revision-67990f383ac8f169c9a00148febba1ed357e18e8_name-data_import.data_raw_potential-batches-1_seed-42_transformation-cofactor-150	not_applicable	cygate	CyGATE	drop-both	.cf99b5bbf108239b5579ea572773bd79f2991aa4794838d0cb51fe27dd533bc3	Drop ungated training + test	5	5	1	complete	precision_macro	0.8853407084428443	5	Macro precision	arithmetic mean across accepted effective folds with a defined score for this metric	known-population-open-set-v1
Levine	Levine	dataset_name-Levine_dataset-revision-67990f383ac8f169c9a00148febba1ed357e18e8_name-data_import.data_raw_potential-batches-1_seed-42_transformation-cofactor-5	not_applicable	cygate	CyGATE	drop-both	.cf99b5bbf108239b5579ea572773bd79f2991aa4794838d0cb51fe27dd533bc3	Drop ungated training + test	2	2	1	complete	precision_macro	0.9727244476805516	2	Macro precision	arithmetic mean across accepted effective folds with a defined score for this metric	known-population-open-set-v1
Samusik	Samusik	dataset_name-Samusik_dataset-revision-67990f383ac8f169c9a00148febba1ed357e18e8_name-data_import.data_raw_potential-batches-1_seed-42_transformation-cofactor-5	not_applicable	cygate	CyGATE	drop-both	.cf99b5bbf108239b5579ea572773bd79f2991aa4794838d0cb51fe27dd533bc3	Drop ungated training + test	5	5	1	complete	precision_macro	0.9296917689584547	5	Macro precision	arithmetic mean across accepted effective folds with a defined score for this metric	known-population-open-set-v1
15723074	15723074	dataset_name-15723074_dataset-revision-4bf02d6adbe55785ca855b57274aa37b8dc843ae_name-data_import.data_raw_potential-batches-1_seed-42_transformation-cofactor-150	not_applicable	dgcytof	DGCyTOF	drop-both	.cf99b5bbf108239b5579ea572773bd79f2991aa4794838d0cb51fe27dd533bc3	Drop ungated training + test	5	5	1	complete	precision_macro	0.8393662908431172	5	Macro precision	arithmetic mean across accepted effective folds with a defined score for this metric	known-population-open-set-v1
BodenmillerXL	BodenmillerXL	dataset_name-BodenmillerXL_dataset-revision-67990f383ac8f169c9a00148febba1ed357e18e8_name-data_import.data_raw_potential-batches-1_seed-42_transformation-cofactor-5	not_applicable	dgcytof	DGCyTOF	drop-both	.cf99b5bbf108239b5579ea572773bd79f2991aa4794838d0cb51fe27dd533bc3	Drop ungated training + test	5	5	1	complete	precision_macro	0.9398451474582631	5	Macro precision	arithmetic mean across accepted effective folds with a defined score for this metric	known-population-open-set-v1
FR-FCM-Z238	FR-FCM-Z238	dataset_name-FR-FCM-Z238_dataset-revision-67990f383ac8f169c9a00148febba1ed357e18e8_name-data_import.data_raw_potential-batches-1_seed-42_transformation-cofactor-5	not_applicable	dgcytof	DGCyTOF	drop-both	.cf99b5bbf108239b5579ea572773bd79f2991aa4794838d0cb51fe27dd533bc3	Drop ungated training + test	5	5	1	complete	precision_macro	0.7596066482679785	5	Macro precision	arithmetic mean across accepted effective folds with a defined score for this metric	known-population-open-set-v1
FR-FCM-Z2KP-covid	FR-FCM-Z2KP-covid	dataset_name-FR-FCM-Z2KP-covid_dataset-revision-67990f383ac8f169c9a00148febba1ed357e18e8_name-data_import.data_raw_potential-batches-1_seed-42_transformation-cofactor-150	not_applicable	dgcytof	DGCyTOF	drop-both	.cf99b5bbf108239b5579ea572773bd79f2991aa4794838d0cb51fe27dd533bc3	Drop ungated training + test	5	5	1	complete	precision_macro	0.9885938809853871	5	Macro precision	arithmetic mean across accepted effective folds with a defined score for this metric	known-population-open-set-v1
FR-FCM-Z2KP-healthy	FR-FCM-Z2KP-healthy (n=1k)	dataset_name-FR-FCM-Z2KP-healthy_dataset-revision-67990f383ac8f169c9a00148febba1ed357e18e8_name-data_import.data_raw_potential-batches-1_seed-420_sub-sampling-1000_transformation-cofactor-150	1000	dgcytof	DGCyTOF	drop-both	.cf99b5bbf108239b5579ea572773bd79f2991aa4794838d0cb51fe27dd533bc3	Drop ungated training + test	5	5	1	complete	precision_macro	0.8494323166085375	5	Macro precision	arithmetic mean across accepted effective folds with a defined score for this metric	known-population-open-set-v1
FR-FCM-Z2KP-healthy	FR-FCM-Z2KP-healthy (n=5k)	dataset_name-FR-FCM-Z2KP-healthy_dataset-revision-67990f383ac8f169c9a00148febba1ed357e18e8_name-data_import.data_raw_potential-batches-1_seed-420_sub-sampling-5000_transformation-cofactor-150	5000	dgcytof	DGCyTOF	drop-both	.cf99b5bbf108239b5579ea572773bd79f2991aa4794838d0cb51fe27dd533bc3	Drop ungated training + test	5	5	1	complete	precision_macro	0.9494964505473753	5	Macro precision	arithmetic mean across accepted effective folds with a defined score for this metric	known-population-open-set-v1
FR-FCM-Z2KP-healthy	FR-FCM-Z2KP-healthy (n=10k)	dataset_name-FR-FCM-Z2KP-healthy_dataset-revision-67990f383ac8f169c9a00148febba1ed357e18e8_name-data_import.data_raw_potential-batches-1_seed-420_sub-sampling-10000_transformation-cofactor-150	10000	dgcytof	DGCyTOF	drop-both	.cf99b5bbf108239b5579ea572773bd79f2991aa4794838d0cb51fe27dd533bc3	Drop ungated training + test	5	5	1	complete	precision_macro	0.9632122110597459	5	Macro precision	arithmetic mean across accepted effective folds with a defined score for this metric	known-population-open-set-v1
FR-FCM-Z2KP-healthy	FR-FCM-Z2KP-healthy (n=50k)	dataset_name-FR-FCM-Z2KP-healthy_dataset-revision-67990f383ac8f169c9a00148febba1ed357e18e8_name-data_import.data_raw_potential-batches-1_seed-420_sub-sampling-50000_transformation-cofactor-150	50000	dgcytof	DGCyTOF	drop-both	.cf99b5bbf108239b5579ea572773bd79f2991aa4794838d0cb51fe27dd533bc3	Drop ungated training + test	5	5	1	complete	precision_macro	0.981843839303494	5	Macro precision	arithmetic mean across accepted effective folds with a defined score for this metric	known-population-open-set-v1
FR-FCM-Z2KP-healthy	FR-FCM-Z2KP-healthy (n=100k)	dataset_name-FR-FCM-Z2KP-healthy_dataset-revision-67990f383ac8f169c9a00148febba1ed357e18e8_name-data_import.data_raw_potential-batches-1_seed-420_sub-sampling-100000_transformation-cofactor-150	1e+05	dgcytof	DGCyTOF	drop-both	.cf99b5bbf108239b5579ea572773bd79f2991aa4794838d0cb51fe27dd533bc3	Drop ungated training + test	5	5	1	complete	precision_macro	0.9834138454850241	5	Macro precision	arithmetic mean across accepted effective folds with a defined score for this metric	known-population-open-set-v1
FR-FCM-Z2KP-healthy	FR-FCM-Z2KP-healthy	dataset_name-FR-FCM-Z2KP-healthy_dataset-revision-67990f383ac8f169c9a00148febba1ed357e18e8_name-data_import.data_raw_potential-batches-1_seed-42_transformation-cofactor-150	not_applicable	dgcytof	DGCyTOF	drop-both	.cf99b5bbf108239b5579ea572773bd79f2991aa4794838d0cb51fe27dd533bc3	Drop ungated training + test	5	5	1	complete	precision_macro	0.9945817488044808	5	Macro precision	arithmetic mean across accepted effective folds with a defined score for this metric	known-population-open-set-v1
FR-FCM-Z3YR	FR-FCM-Z3YR	dataset_name-FR-FCM-Z3YR_dataset-revision-67990f383ac8f169c9a00148febba1ed357e18e8_name-data_import.data_raw_potential-batches-1_seed-42_transformation-cofactor-5	not_applicable	dgcytof	DGCyTOF	drop-both	.cf99b5bbf108239b5579ea572773bd79f2991aa4794838d0cb51fe27dd533bc3	Drop ungated training + test	5	5	1	complete	precision_macro	0.8941244790195401	5	Macro precision	arithmetic mean across accepted effective folds with a defined score for this metric	known-population-open-set-v1
FR-FCM-Z7CH-BALBc	FR-FCM-Z7CH-BALBc	dataset_name-FR-FCM-Z7CH-BALBc_dataset-revision-4bf02d6adbe55785ca855b57274aa37b8dc843ae_name-data_import.data_raw_potential-batches-1_seed-42_transformation-cofactor-150	not_applicable	dgcytof	DGCyTOF	drop-both	.cf99b5bbf108239b5579ea572773bd79f2991aa4794838d0cb51fe27dd533bc3	Drop ungated training + test	5	5	1	complete	precision_macro	0.9884674809985394	5	Macro precision	arithmetic mean across accepted effective folds with a defined score for this metric	known-population-open-set-v1
FR-FCM-Z7CH-C57BL6	FR-FCM-Z7CH-C57BL6	dataset_name-FR-FCM-Z7CH-C57BL6_dataset-revision-4bf02d6adbe55785ca855b57274aa37b8dc843ae_name-data_import.data_raw_potential-batches-1_seed-42_transformation-cofactor-150	not_applicable	dgcytof	DGCyTOF	drop-both	.cf99b5bbf108239b5579ea572773bd79f2991aa4794838d0cb51fe27dd533bc3	Drop ungated training + test	5	5	1	complete	precision_macro	0.9855750065224123	5	Macro precision	arithmetic mean across accepted effective folds with a defined score for this metric	known-population-open-set-v1
FR-FCM-ZY34	FR-FCM-ZY34	dataset_name-FR-FCM-ZY34_dataset-revision-67990f383ac8f169c9a00148febba1ed357e18e8_name-data_import.data_raw_potential-batches-1_seed-42_transformation-cofactor-150	not_applicable	dgcytof	DGCyTOF	drop-both	.cf99b5bbf108239b5579ea572773bd79f2991aa4794838d0cb51fe27dd533bc3	Drop ungated training + test	5	5	1	complete	precision_macro	0.6387779043534023	5	Macro precision	arithmetic mean across accepted effective folds with a defined score for this metric	known-population-open-set-v1
FR-FCM-ZYVT	FR-FCM-ZYVT	dataset_name-FR-FCM-ZYVT_dataset-revision-67990f383ac8f169c9a00148febba1ed357e18e8_name-data_import.data_raw_potential-batches-1_seed-42_transformation-cofactor-150	not_applicable	dgcytof	DGCyTOF	drop-both	.cf99b5bbf108239b5579ea572773bd79f2991aa4794838d0cb51fe27dd533bc3	Drop ungated training + test	5	5	1	complete	precision_macro	0.6880922780934512	5	Macro precision	arithmetic mean across accepted effective folds with a defined score for this metric	known-population-open-set-v1
FlowCyt	FlowCyt	dataset_name-FlowCyt_dataset-revision-67990f383ac8f169c9a00148febba1ed357e18e8_name-data_import.data_raw_potential-batches-1_seed-42_transformation-cofactor-150	not_applicable	dgcytof	DGCyTOF	drop-both	.cf99b5bbf108239b5579ea572773bd79f2991aa4794838d0cb51fe27dd533bc3	Drop ungated training + test	5	5	1	complete	precision_macro	0.9882829532628471	5	Macro precision	arithmetic mean across accepted effective folds with a defined score for this metric	known-population-open-set-v1
Levine	Levine	dataset_name-Levine_dataset-revision-67990f383ac8f169c9a00148febba1ed357e18e8_name-data_import.data_raw_potential-batches-1_seed-42_transformation-cofactor-5	not_applicable	dgcytof	DGCyTOF	drop-both	.cf99b5bbf108239b5579ea572773bd79f2991aa4794838d0cb51fe27dd533bc3	Drop ungated training + test	2	2	1	complete	precision_macro	0.9717924270671217	2	Macro precision	arithmetic mean across accepted effective folds with a defined score for this metric	known-population-open-set-v1
Samusik	Samusik	dataset_name-Samusik_dataset-revision-67990f383ac8f169c9a00148febba1ed357e18e8_name-data_import.data_raw_potential-batches-1_seed-42_transformation-cofactor-5	not_applicable	dgcytof	DGCyTOF	drop-both	.cf99b5bbf108239b5579ea572773bd79f2991aa4794838d0cb51fe27dd533bc3	Drop ungated training + test	5	5	1	complete	precision_macro	0.9564933382039765	5	Macro precision	arithmetic mean across accepted effective folds with a defined score for this metric	known-population-open-set-v1
15723074	15723074	dataset_name-15723074_dataset-revision-4bf02d6adbe55785ca855b57274aa37b8dc843ae_name-data_import.data_raw_potential-batches-1_seed-42_transformation-cofactor-150	not_applicable	gatemeclass[E]	GateMeClass [E]	drop-both	.cf99b5bbf108239b5579ea572773bd79f2991aa4794838d0cb51fe27dd533bc3	Drop ungated training + test	5	5	1	complete	precision_macro	0.9609831135826286	5	Macro precision	arithmetic mean across accepted effective folds with a defined score for this metric	known-population-open-set-v1
BodenmillerXL	BodenmillerXL	dataset_name-BodenmillerXL_dataset-revision-67990f383ac8f169c9a00148febba1ed357e18e8_name-data_import.data_raw_potential-batches-1_seed-42_transformation-cofactor-5	not_applicable	gatemeclass[E]	GateMeClass [E]	drop-both	.cf99b5bbf108239b5579ea572773bd79f2991aa4794838d0cb51fe27dd533bc3	Drop ungated training + test	5	5	1	complete	precision_macro	0.6958904613581335	5	Macro precision	arithmetic mean across accepted effective folds with a defined score for this metric	known-population-open-set-v1
FR-FCM-Z238	FR-FCM-Z238	dataset_name-FR-FCM-Z238_dataset-revision-67990f383ac8f169c9a00148febba1ed357e18e8_name-data_import.data_raw_potential-batches-1_seed-42_transformation-cofactor-5	not_applicable	gatemeclass[E]	GateMeClass [E]	drop-both	.cf99b5bbf108239b5579ea572773bd79f2991aa4794838d0cb51fe27dd533bc3	Drop ungated training + test	0	5	0	incomplete	precision_macro	NA	0	Macro precision	arithmetic mean across accepted effective folds with a defined score for this metric	known-population-open-set-v1
FR-FCM-Z2KP-covid	FR-FCM-Z2KP-covid	dataset_name-FR-FCM-Z2KP-covid_dataset-revision-67990f383ac8f169c9a00148febba1ed357e18e8_name-data_import.data_raw_potential-batches-1_seed-42_transformation-cofactor-150	not_applicable	gatemeclass[E]	GateMeClass [E]	drop-both	.cf99b5bbf108239b5579ea572773bd79f2991aa4794838d0cb51fe27dd533bc3	Drop ungated training + test	0	5	0	incomplete	precision_macro	NA	0	Macro precision	arithmetic mean across accepted effective folds with a defined score for this metric	known-population-open-set-v1
FR-FCM-Z2KP-healthy	FR-FCM-Z2KP-healthy (n=1k)	dataset_name-FR-FCM-Z2KP-healthy_dataset-revision-67990f383ac8f169c9a00148febba1ed357e18e8_name-data_import.data_raw_potential-batches-1_seed-420_sub-sampling-1000_transformation-cofactor-150	1000	gatemeclass[E]	GateMeClass [E]	drop-both	.cf99b5bbf108239b5579ea572773bd79f2991aa4794838d0cb51fe27dd533bc3	Drop ungated training + test	5	5	1	complete	precision_macro	0.8136043192066824	5	Macro precision	arithmetic mean across accepted effective folds with a defined score for this metric	known-population-open-set-v1
FR-FCM-Z2KP-healthy	FR-FCM-Z2KP-healthy (n=5k)	dataset_name-FR-FCM-Z2KP-healthy_dataset-revision-67990f383ac8f169c9a00148febba1ed357e18e8_name-data_import.data_raw_potential-batches-1_seed-420_sub-sampling-5000_transformation-cofactor-150	5000	gatemeclass[E]	GateMeClass [E]	drop-both	.cf99b5bbf108239b5579ea572773bd79f2991aa4794838d0cb51fe27dd533bc3	Drop ungated training + test	5	5	1	complete	precision_macro	0.6831874212826643	5	Macro precision	arithmetic mean across accepted effective folds with a defined score for this metric	known-population-open-set-v1
FR-FCM-Z2KP-healthy	FR-FCM-Z2KP-healthy (n=10k)	dataset_name-FR-FCM-Z2KP-healthy_dataset-revision-67990f383ac8f169c9a00148febba1ed357e18e8_name-data_import.data_raw_potential-batches-1_seed-420_sub-sampling-10000_transformation-cofactor-150	10000	gatemeclass[E]	GateMeClass [E]	drop-both	.cf99b5bbf108239b5579ea572773bd79f2991aa4794838d0cb51fe27dd533bc3	Drop ungated training + test	5	5	1	complete	precision_macro	0.6991428319255417	5	Macro precision	arithmetic mean across accepted effective folds with a defined score for this metric	known-population-open-set-v1
FR-FCM-Z2KP-healthy	FR-FCM-Z2KP-healthy (n=50k)	dataset_name-FR-FCM-Z2KP-healthy_dataset-revision-67990f383ac8f169c9a00148febba1ed357e18e8_name-data_import.data_raw_potential-batches-1_seed-420_sub-sampling-50000_transformation-cofactor-150	50000	gatemeclass[E]	GateMeClass [E]	drop-both	.cf99b5bbf108239b5579ea572773bd79f2991aa4794838d0cb51fe27dd533bc3	Drop ungated training + test	5	5	1	complete	precision_macro	0.6766423551083381	5	Macro precision	arithmetic mean across accepted effective folds with a defined score for this metric	known-population-open-set-v1
FR-FCM-Z2KP-healthy	FR-FCM-Z2KP-healthy (n=100k)	dataset_name-FR-FCM-Z2KP-healthy_dataset-revision-67990f383ac8f169c9a00148febba1ed357e18e8_name-data_import.data_raw_potential-batches-1_seed-420_sub-sampling-100000_transformation-cofactor-150	1e+05	gatemeclass[E]	GateMeClass [E]	drop-both	.cf99b5bbf108239b5579ea572773bd79f2991aa4794838d0cb51fe27dd533bc3	Drop ungated training + test	5	5	1	complete	precision_macro	0.619370753823989	5	Macro precision	arithmetic mean across accepted effective folds with a defined score for this metric	known-population-open-set-v1
FR-FCM-Z2KP-healthy	FR-FCM-Z2KP-healthy	dataset_name-FR-FCM-Z2KP-healthy_dataset-revision-67990f383ac8f169c9a00148febba1ed357e18e8_name-data_import.data_raw_potential-batches-1_seed-42_transformation-cofactor-150	not_applicable	gatemeclass[E]	GateMeClass [E]	drop-both	.cf99b5bbf108239b5579ea572773bd79f2991aa4794838d0cb51fe27dd533bc3	Drop ungated training + test	5	5	1	complete	precision_macro	0.6918809044494241	5	Macro precision	arithmetic mean across accepted effective folds with a defined score for this metric	known-population-open-set-v1
FR-FCM-Z3YR	FR-FCM-Z3YR	dataset_name-FR-FCM-Z3YR_dataset-revision-67990f383ac8f169c9a00148febba1ed357e18e8_name-data_import.data_raw_potential-batches-1_seed-42_transformation-cofactor-5	not_applicable	gatemeclass[E]	GateMeClass [E]	drop-both	.cf99b5bbf108239b5579ea572773bd79f2991aa4794838d0cb51fe27dd533bc3	Drop ungated training + test	0	5	0	incomplete	precision_macro	NA	0	Macro precision	arithmetic mean across accepted effective folds with a defined score for this metric	known-population-open-set-v1
FR-FCM-Z7CH-BALBc	FR-FCM-Z7CH-BALBc	dataset_name-FR-FCM-Z7CH-BALBc_dataset-revision-4bf02d6adbe55785ca855b57274aa37b8dc843ae_name-data_import.data_raw_potential-batches-1_seed-42_transformation-cofactor-150	not_applicable	gatemeclass[E]	GateMeClass [E]	drop-both	.cf99b5bbf108239b5579ea572773bd79f2991aa4794838d0cb51fe27dd533bc3	Drop ungated training + test	5	5	1	complete	precision_macro	0.8255183699271849	5	Macro precision	arithmetic mean across accepted effective folds with a defined score for this metric	known-population-open-set-v1
FR-FCM-Z7CH-C57BL6	FR-FCM-Z7CH-C57BL6	dataset_name-FR-FCM-Z7CH-C57BL6_dataset-revision-4bf02d6adbe55785ca855b57274aa37b8dc843ae_name-data_import.data_raw_potential-batches-1_seed-42_transformation-cofactor-150	not_applicable	gatemeclass[E]	GateMeClass [E]	drop-both	.cf99b5bbf108239b5579ea572773bd79f2991aa4794838d0cb51fe27dd533bc3	Drop ungated training + test	5	5	1	complete	precision_macro	0.7534790647999375	5	Macro precision	arithmetic mean across accepted effective folds with a defined score for this metric	known-population-open-set-v1
FR-FCM-ZY34	FR-FCM-ZY34	dataset_name-FR-FCM-ZY34_dataset-revision-67990f383ac8f169c9a00148febba1ed357e18e8_name-data_import.data_raw_potential-batches-1_seed-42_transformation-cofactor-150	not_applicable	gatemeclass[E]	GateMeClass [E]	drop-both	.cf99b5bbf108239b5579ea572773bd79f2991aa4794838d0cb51fe27dd533bc3	Drop ungated training + test	5	5	1	complete	precision_macro	0.21690326174863278	5	Macro precision	arithmetic mean across accepted effective folds with a defined score for this metric	known-population-open-set-v1
FR-FCM-ZYVT	FR-FCM-ZYVT	dataset_name-FR-FCM-ZYVT_dataset-revision-67990f383ac8f169c9a00148febba1ed357e18e8_name-data_import.data_raw_potential-batches-1_seed-42_transformation-cofactor-150	not_applicable	gatemeclass[E]	GateMeClass [E]	drop-both	.cf99b5bbf108239b5579ea572773bd79f2991aa4794838d0cb51fe27dd533bc3	Drop ungated training + test	5	5	1	complete	precision_macro	0.5829494487660302	5	Macro precision	arithmetic mean across accepted effective folds with a defined score for this metric	known-population-open-set-v1
FlowCyt	FlowCyt	dataset_name-FlowCyt_dataset-revision-67990f383ac8f169c9a00148febba1ed357e18e8_name-data_import.data_raw_potential-batches-1_seed-42_transformation-cofactor-150	not_applicable	gatemeclass[E]	GateMeClass [E]	drop-both	.cf99b5bbf108239b5579ea572773bd79f2991aa4794838d0cb51fe27dd533bc3	Drop ungated training + test	0	5	0	incomplete	precision_macro	NA	0	Macro precision	arithmetic mean across accepted effective folds with a defined score for this metric	known-population-open-set-v1
Levine	Levine	dataset_name-Levine_dataset-revision-67990f383ac8f169c9a00148febba1ed357e18e8_name-data_import.data_raw_potential-batches-1_seed-42_transformation-cofactor-5	not_applicable	gatemeclass[E]	GateMeClass [E]	drop-both	.cf99b5bbf108239b5579ea572773bd79f2991aa4794838d0cb51fe27dd533bc3	Drop ungated training + test	2	2	1	complete	precision_macro	0.8124673417005117	2	Macro precision	arithmetic mean across accepted effective folds with a defined score for this metric	known-population-open-set-v1
Samusik	Samusik	dataset_name-Samusik_dataset-revision-67990f383ac8f169c9a00148febba1ed357e18e8_name-data_import.data_raw_potential-batches-1_seed-42_transformation-cofactor-5	not_applicable	gatemeclass[E]	GateMeClass [E]	drop-both	.cf99b5bbf108239b5579ea572773bd79f2991aa4794838d0cb51fe27dd533bc3	Drop ungated training + test	5	5	1	complete	precision_macro	0.8157244899954401	5	Macro precision	arithmetic mean across accepted effective folds with a defined score for this metric	known-population-open-set-v1
15723074	15723074	dataset_name-15723074_dataset-revision-4bf02d6adbe55785ca855b57274aa37b8dc843ae_name-data_import.data_raw_potential-batches-1_seed-42_transformation-cofactor-150	not_applicable	gatemeclass[V]	GateMeClass [V]	drop-both	.cf99b5bbf108239b5579ea572773bd79f2991aa4794838d0cb51fe27dd533bc3	Drop ungated training + test	5	5	1	complete	precision_macro	0.6987290541992836	5	Macro precision	arithmetic mean across accepted effective folds with a defined score for this metric	known-population-open-set-v1
BodenmillerXL	BodenmillerXL	dataset_name-BodenmillerXL_dataset-revision-67990f383ac8f169c9a00148febba1ed357e18e8_name-data_import.data_raw_potential-batches-1_seed-42_transformation-cofactor-5	not_applicable	gatemeclass[V]	GateMeClass [V]	drop-both	.cf99b5bbf108239b5579ea572773bd79f2991aa4794838d0cb51fe27dd533bc3	Drop ungated training + test	5	5	1	complete	precision_macro	0.5410941516885278	5	Macro precision	arithmetic mean across accepted effective folds with a defined score for this metric	known-population-open-set-v1
FR-FCM-Z238	FR-FCM-Z238	dataset_name-FR-FCM-Z238_dataset-revision-67990f383ac8f169c9a00148febba1ed357e18e8_name-data_import.data_raw_potential-batches-1_seed-42_transformation-cofactor-5	not_applicable	gatemeclass[V]	GateMeClass [V]	drop-both	.cf99b5bbf108239b5579ea572773bd79f2991aa4794838d0cb51fe27dd533bc3	Drop ungated training + test	0	5	0	incomplete	precision_macro	NA	0	Macro precision	arithmetic mean across accepted effective folds with a defined score for this metric	known-population-open-set-v1
FR-FCM-Z2KP-covid	FR-FCM-Z2KP-covid	dataset_name-FR-FCM-Z2KP-covid_dataset-revision-67990f383ac8f169c9a00148febba1ed357e18e8_name-data_import.data_raw_potential-batches-1_seed-42_transformation-cofactor-150	not_applicable	gatemeclass[V]	GateMeClass [V]	drop-both	.cf99b5bbf108239b5579ea572773bd79f2991aa4794838d0cb51fe27dd533bc3	Drop ungated training + test	0	5	0	incomplete	precision_macro	NA	0	Macro precision	arithmetic mean across accepted effective folds with a defined score for this metric	known-population-open-set-v1
FR-FCM-Z2KP-healthy	FR-FCM-Z2KP-healthy (n=1k)	dataset_name-FR-FCM-Z2KP-healthy_dataset-revision-67990f383ac8f169c9a00148febba1ed357e18e8_name-data_import.data_raw_potential-batches-1_seed-420_sub-sampling-1000_transformation-cofactor-150	1000	gatemeclass[V]	GateMeClass [V]	drop-both	.cf99b5bbf108239b5579ea572773bd79f2991aa4794838d0cb51fe27dd533bc3	Drop ungated training + test	5	5	1	complete	precision_macro	0.7358752213570107	5	Macro precision	arithmetic mean across accepted effective folds with a defined score for this metric	known-population-open-set-v1
FR-FCM-Z2KP-healthy	FR-FCM-Z2KP-healthy (n=5k)	dataset_name-FR-FCM-Z2KP-healthy_dataset-revision-67990f383ac8f169c9a00148febba1ed357e18e8_name-data_import.data_raw_potential-batches-1_seed-420_sub-sampling-5000_transformation-cofactor-150	5000	gatemeclass[V]	GateMeClass [V]	drop-both	.cf99b5bbf108239b5579ea572773bd79f2991aa4794838d0cb51fe27dd533bc3	Drop ungated training + test	5	5	1	complete	precision_macro	0.7558233825756849	5	Macro precision	arithmetic mean across accepted effective folds with a defined score for this metric	known-population-open-set-v1
FR-FCM-Z2KP-healthy	FR-FCM-Z2KP-healthy (n=10k)	dataset_name-FR-FCM-Z2KP-healthy_dataset-revision-67990f383ac8f169c9a00148febba1ed357e18e8_name-data_import.data_raw_potential-batches-1_seed-420_sub-sampling-10000_transformation-cofactor-150	10000	gatemeclass[V]	GateMeClass [V]	drop-both	.cf99b5bbf108239b5579ea572773bd79f2991aa4794838d0cb51fe27dd533bc3	Drop ungated training + test	5	5	1	complete	precision_macro	0.7811028934639203	5	Macro precision	arithmetic mean across accepted effective folds with a defined score for this metric	known-population-open-set-v1
FR-FCM-Z2KP-healthy	FR-FCM-Z2KP-healthy (n=50k)	dataset_name-FR-FCM-Z2KP-healthy_dataset-revision-67990f383ac8f169c9a00148febba1ed357e18e8_name-data_import.data_raw_potential-batches-1_seed-420_sub-sampling-50000_transformation-cofactor-150	50000	gatemeclass[V]	GateMeClass [V]	drop-both	.cf99b5bbf108239b5579ea572773bd79f2991aa4794838d0cb51fe27dd533bc3	Drop ungated training + test	5	5	1	complete	precision_macro	0.7561114530567533	5	Macro precision	arithmetic mean across accepted effective folds with a defined score for this metric	known-population-open-set-v1
FR-FCM-Z2KP-healthy	FR-FCM-Z2KP-healthy (n=100k)	dataset_name-FR-FCM-Z2KP-healthy_dataset-revision-67990f383ac8f169c9a00148febba1ed357e18e8_name-data_import.data_raw_potential-batches-1_seed-420_sub-sampling-100000_transformation-cofactor-150	1e+05	gatemeclass[V]	GateMeClass [V]	drop-both	.cf99b5bbf108239b5579ea572773bd79f2991aa4794838d0cb51fe27dd533bc3	Drop ungated training + test	5	5	1	complete	precision_macro	0.7207108225624466	5	Macro precision	arithmetic mean across accepted effective folds with a defined score for this metric	known-population-open-set-v1
FR-FCM-Z2KP-healthy	FR-FCM-Z2KP-healthy	dataset_name-FR-FCM-Z2KP-healthy_dataset-revision-67990f383ac8f169c9a00148febba1ed357e18e8_name-data_import.data_raw_potential-batches-1_seed-42_transformation-cofactor-150	not_applicable	gatemeclass[V]	GateMeClass [V]	drop-both	.cf99b5bbf108239b5579ea572773bd79f2991aa4794838d0cb51fe27dd533bc3	Drop ungated training + test	5	5	1	complete	precision_macro	0.7150559619922073	5	Macro precision	arithmetic mean across accepted effective folds with a defined score for this metric	known-population-open-set-v1
FR-FCM-Z3YR	FR-FCM-Z3YR	dataset_name-FR-FCM-Z3YR_dataset-revision-67990f383ac8f169c9a00148febba1ed357e18e8_name-data_import.data_raw_potential-batches-1_seed-42_transformation-cofactor-5	not_applicable	gatemeclass[V]	GateMeClass [V]	drop-both	.cf99b5bbf108239b5579ea572773bd79f2991aa4794838d0cb51fe27dd533bc3	Drop ungated training + test	0	5	0	incomplete	precision_macro	NA	0	Macro precision	arithmetic mean across accepted effective folds with a defined score for this metric	known-population-open-set-v1
FR-FCM-Z7CH-BALBc	FR-FCM-Z7CH-BALBc	dataset_name-FR-FCM-Z7CH-BALBc_dataset-revision-4bf02d6adbe55785ca855b57274aa37b8dc843ae_name-data_import.data_raw_potential-batches-1_seed-42_transformation-cofactor-150	not_applicable	gatemeclass[V]	GateMeClass [V]	drop-both	.cf99b5bbf108239b5579ea572773bd79f2991aa4794838d0cb51fe27dd533bc3	Drop ungated training + test	5	5	1	complete	precision_macro	0.9059376628918403	5	Macro precision	arithmetic mean across accepted effective folds with a defined score for this metric	known-population-open-set-v1
FR-FCM-Z7CH-C57BL6	FR-FCM-Z7CH-C57BL6	dataset_name-FR-FCM-Z7CH-C57BL6_dataset-revision-4bf02d6adbe55785ca855b57274aa37b8dc843ae_name-data_import.data_raw_potential-batches-1_seed-42_transformation-cofactor-150	not_applicable	gatemeclass[V]	GateMeClass [V]	drop-both	.cf99b5bbf108239b5579ea572773bd79f2991aa4794838d0cb51fe27dd533bc3	Drop ungated training + test	5	5	1	complete	precision_macro	0.9804099760021223	5	Macro precision	arithmetic mean across accepted effective folds with a defined score for this metric	known-population-open-set-v1
FR-FCM-ZY34	FR-FCM-ZY34	dataset_name-FR-FCM-ZY34_dataset-revision-67990f383ac8f169c9a00148febba1ed357e18e8_name-data_import.data_raw_potential-batches-1_seed-42_transformation-cofactor-150	not_applicable	gatemeclass[V]	GateMeClass [V]	drop-both	.cf99b5bbf108239b5579ea572773bd79f2991aa4794838d0cb51fe27dd533bc3	Drop ungated training + test	5	5	1	complete	precision_macro	0.1979062523185685	5	Macro precision	arithmetic mean across accepted effective folds with a defined score for this metric	known-population-open-set-v1
FR-FCM-ZYVT	FR-FCM-ZYVT	dataset_name-FR-FCM-ZYVT_dataset-revision-67990f383ac8f169c9a00148febba1ed357e18e8_name-data_import.data_raw_potential-batches-1_seed-42_transformation-cofactor-150	not_applicable	gatemeclass[V]	GateMeClass [V]	drop-both	.cf99b5bbf108239b5579ea572773bd79f2991aa4794838d0cb51fe27dd533bc3	Drop ungated training + test	5	5	1	complete	precision_macro	0.6134366103878603	5	Macro precision	arithmetic mean across accepted effective folds with a defined score for this metric	known-population-open-set-v1
FlowCyt	FlowCyt	dataset_name-FlowCyt_dataset-revision-67990f383ac8f169c9a00148febba1ed357e18e8_name-data_import.data_raw_potential-batches-1_seed-42_transformation-cofactor-150	not_applicable	gatemeclass[V]	GateMeClass [V]	drop-both	.cf99b5bbf108239b5579ea572773bd79f2991aa4794838d0cb51fe27dd533bc3	Drop ungated training + test	0	5	0	incomplete	precision_macro	NA	0	Macro precision	arithmetic mean across accepted effective folds with a defined score for this metric	known-population-open-set-v1
Levine	Levine	dataset_name-Levine_dataset-revision-67990f383ac8f169c9a00148febba1ed357e18e8_name-data_import.data_raw_potential-batches-1_seed-42_transformation-cofactor-5	not_applicable	gatemeclass[V]	GateMeClass [V]	drop-both	.cf99b5bbf108239b5579ea572773bd79f2991aa4794838d0cb51fe27dd533bc3	Drop ungated training + test	2	2	1	complete	precision_macro	0.8442284802248912	2	Macro precision	arithmetic mean across accepted effective folds with a defined score for this metric	known-population-open-set-v1
Samusik	Samusik	dataset_name-Samusik_dataset-revision-67990f383ac8f169c9a00148febba1ed357e18e8_name-data_import.data_raw_potential-batches-1_seed-42_transformation-cofactor-5	not_applicable	gatemeclass[V]	GateMeClass [V]	drop-both	.cf99b5bbf108239b5579ea572773bd79f2991aa4794838d0cb51fe27dd533bc3	Drop ungated training + test	5	5	1	complete	precision_macro	0.7737591364408222	5	Macro precision	arithmetic mean across accepted effective folds with a defined score for this metric	known-population-open-set-v1
15723074	15723074	dataset_name-15723074_dataset-revision-4bf02d6adbe55785ca855b57274aa37b8dc843ae_name-data_import.data_raw_potential-batches-1_seed-42_transformation-cofactor-150	not_applicable	knn	KNN	drop-both	.cf99b5bbf108239b5579ea572773bd79f2991aa4794838d0cb51fe27dd533bc3	Drop ungated training + test	5	5	1	complete	precision_macro	0.8206964717797248	5	Macro precision	arithmetic mean across accepted effective folds with a defined score for this metric	known-population-open-set-v1
BodenmillerXL	BodenmillerXL	dataset_name-BodenmillerXL_dataset-revision-67990f383ac8f169c9a00148febba1ed357e18e8_name-data_import.data_raw_potential-batches-1_seed-42_transformation-cofactor-5	not_applicable	knn	KNN	drop-both	.cf99b5bbf108239b5579ea572773bd79f2991aa4794838d0cb51fe27dd533bc3	Drop ungated training + test	5	5	1	complete	precision_macro	0.8024612310552665	5	Macro precision	arithmetic mean across accepted effective folds with a defined score for this metric	known-population-open-set-v1
FR-FCM-Z238	FR-FCM-Z238	dataset_name-FR-FCM-Z238_dataset-revision-67990f383ac8f169c9a00148febba1ed357e18e8_name-data_import.data_raw_potential-batches-1_seed-42_transformation-cofactor-5	not_applicable	knn	KNN	drop-both	.cf99b5bbf108239b5579ea572773bd79f2991aa4794838d0cb51fe27dd533bc3	Drop ungated training + test	5	5	1	complete	precision_macro	0.6505694006313725	5	Macro precision	arithmetic mean across accepted effective folds with a defined score for this metric	known-population-open-set-v1
FR-FCM-Z2KP-covid	FR-FCM-Z2KP-covid	dataset_name-FR-FCM-Z2KP-covid_dataset-revision-67990f383ac8f169c9a00148febba1ed357e18e8_name-data_import.data_raw_potential-batches-1_seed-42_transformation-cofactor-150	not_applicable	knn	KNN	drop-both	.cf99b5bbf108239b5579ea572773bd79f2991aa4794838d0cb51fe27dd533bc3	Drop ungated training + test	5	5	1	complete	precision_macro	0.7936494164637432	5	Macro precision	arithmetic mean across accepted effective folds with a defined score for this metric	known-population-open-set-v1
FR-FCM-Z2KP-healthy	FR-FCM-Z2KP-healthy (n=1k)	dataset_name-FR-FCM-Z2KP-healthy_dataset-revision-67990f383ac8f169c9a00148febba1ed357e18e8_name-data_import.data_raw_potential-batches-1_seed-420_sub-sampling-1000_transformation-cofactor-150	1000	knn	KNN	drop-both	.cf99b5bbf108239b5579ea572773bd79f2991aa4794838d0cb51fe27dd533bc3	Drop ungated training + test	5	5	1	complete	precision_macro	0.8031987282443521	5	Macro precision	arithmetic mean across accepted effective folds with a defined score for this metric	known-population-open-set-v1
FR-FCM-Z2KP-healthy	FR-FCM-Z2KP-healthy (n=5k)	dataset_name-FR-FCM-Z2KP-healthy_dataset-revision-67990f383ac8f169c9a00148febba1ed357e18e8_name-data_import.data_raw_potential-batches-1_seed-420_sub-sampling-5000_transformation-cofactor-150	5000	knn	KNN	drop-both	.cf99b5bbf108239b5579ea572773bd79f2991aa4794838d0cb51fe27dd533bc3	Drop ungated training + test	5	5	1	complete	precision_macro	0.8075013668593514	5	Macro precision	arithmetic mean across accepted effective folds with a defined score for this metric	known-population-open-set-v1
FR-FCM-Z2KP-healthy	FR-FCM-Z2KP-healthy (n=10k)	dataset_name-FR-FCM-Z2KP-healthy_dataset-revision-67990f383ac8f169c9a00148febba1ed357e18e8_name-data_import.data_raw_potential-batches-1_seed-420_sub-sampling-10000_transformation-cofactor-150	10000	knn	KNN	drop-both	.cf99b5bbf108239b5579ea572773bd79f2991aa4794838d0cb51fe27dd533bc3	Drop ungated training + test	5	5	1	complete	precision_macro	0.8028233913199386	5	Macro precision	arithmetic mean across accepted effective folds with a defined score for this metric	known-population-open-set-v1
FR-FCM-Z2KP-healthy	FR-FCM-Z2KP-healthy (n=50k)	dataset_name-FR-FCM-Z2KP-healthy_dataset-revision-67990f383ac8f169c9a00148febba1ed357e18e8_name-data_import.data_raw_potential-batches-1_seed-420_sub-sampling-50000_transformation-cofactor-150	50000	knn	KNN	drop-both	.cf99b5bbf108239b5579ea572773bd79f2991aa4794838d0cb51fe27dd533bc3	Drop ungated training + test	5	5	1	complete	precision_macro	0.810300909971838	5	Macro precision	arithmetic mean across accepted effective folds with a defined score for this metric	known-population-open-set-v1
FR-FCM-Z2KP-healthy	FR-FCM-Z2KP-healthy (n=100k)	dataset_name-FR-FCM-Z2KP-healthy_dataset-revision-67990f383ac8f169c9a00148febba1ed357e18e8_name-data_import.data_raw_potential-batches-1_seed-420_sub-sampling-100000_transformation-cofactor-150	1e+05	knn	KNN	drop-both	.cf99b5bbf108239b5579ea572773bd79f2991aa4794838d0cb51fe27dd533bc3	Drop ungated training + test	5	5	1	complete	precision_macro	0.8188681692614702	5	Macro precision	arithmetic mean across accepted effective folds with a defined score for this metric	known-population-open-set-v1
FR-FCM-Z2KP-healthy	FR-FCM-Z2KP-healthy	dataset_name-FR-FCM-Z2KP-healthy_dataset-revision-67990f383ac8f169c9a00148febba1ed357e18e8_name-data_import.data_raw_potential-batches-1_seed-42_transformation-cofactor-150	not_applicable	knn	KNN	drop-both	.cf99b5bbf108239b5579ea572773bd79f2991aa4794838d0cb51fe27dd533bc3	Drop ungated training + test	5	5	1	complete	precision_macro	0.8225943953524859	5	Macro precision	arithmetic mean across accepted effective folds with a defined score for this metric	known-population-open-set-v1
FR-FCM-Z3YR	FR-FCM-Z3YR	dataset_name-FR-FCM-Z3YR_dataset-revision-67990f383ac8f169c9a00148febba1ed357e18e8_name-data_import.data_raw_potential-batches-1_seed-42_transformation-cofactor-5	not_applicable	knn	KNN	drop-both	.cf99b5bbf108239b5579ea572773bd79f2991aa4794838d0cb51fe27dd533bc3	Drop ungated training + test	5	5	1	complete	precision_macro	0.747737371444185	5	Macro precision	arithmetic mean across accepted effective folds with a defined score for this metric	known-population-open-set-v1
FR-FCM-Z7CH-BALBc	FR-FCM-Z7CH-BALBc	dataset_name-FR-FCM-Z7CH-BALBc_dataset-revision-4bf02d6adbe55785ca855b57274aa37b8dc843ae_name-data_import.data_raw_potential-batches-1_seed-42_transformation-cofactor-150	not_applicable	knn	KNN	drop-both	.cf99b5bbf108239b5579ea572773bd79f2991aa4794838d0cb51fe27dd533bc3	Drop ungated training + test	5	5	1	complete	precision_macro	0.8448053627567994	5	Macro precision	arithmetic mean across accepted effective folds with a defined score for this metric	known-population-open-set-v1
FR-FCM-Z7CH-C57BL6	FR-FCM-Z7CH-C57BL6	dataset_name-FR-FCM-Z7CH-C57BL6_dataset-revision-4bf02d6adbe55785ca855b57274aa37b8dc843ae_name-data_import.data_raw_potential-batches-1_seed-42_transformation-cofactor-150	not_applicable	knn	KNN	drop-both	.cf99b5bbf108239b5579ea572773bd79f2991aa4794838d0cb51fe27dd533bc3	Drop ungated training + test	5	5	1	complete	precision_macro	0.9030877850302885	5	Macro precision	arithmetic mean across accepted effective folds with a defined score for this metric	known-population-open-set-v1
FR-FCM-ZY34	FR-FCM-ZY34	dataset_name-FR-FCM-ZY34_dataset-revision-67990f383ac8f169c9a00148febba1ed357e18e8_name-data_import.data_raw_potential-batches-1_seed-42_transformation-cofactor-150	not_applicable	knn	KNN	drop-both	.cf99b5bbf108239b5579ea572773bd79f2991aa4794838d0cb51fe27dd533bc3	Drop ungated training + test	5	5	1	complete	precision_macro	0.27545017321929083	5	Macro precision	arithmetic mean across accepted effective folds with a defined score for this metric	known-population-open-set-v1
FR-FCM-ZYVT	FR-FCM-ZYVT	dataset_name-FR-FCM-ZYVT_dataset-revision-67990f383ac8f169c9a00148febba1ed357e18e8_name-data_import.data_raw_potential-batches-1_seed-42_transformation-cofactor-150	not_applicable	knn	KNN	drop-both	.cf99b5bbf108239b5579ea572773bd79f2991aa4794838d0cb51fe27dd533bc3	Drop ungated training + test	5	5	1	complete	precision_macro	0.6400587755198063	5	Macro precision	arithmetic mean across accepted effective folds with a defined score for this metric	known-population-open-set-v1
FlowCyt	FlowCyt	dataset_name-FlowCyt_dataset-revision-67990f383ac8f169c9a00148febba1ed357e18e8_name-data_import.data_raw_potential-batches-1_seed-42_transformation-cofactor-150	not_applicable	knn	KNN	drop-both	.cf99b5bbf108239b5579ea572773bd79f2991aa4794838d0cb51fe27dd533bc3	Drop ungated training + test	5	5	1	complete	precision_macro	0.867745629405493	5	Macro precision	arithmetic mean across accepted effective folds with a defined score for this metric	known-population-open-set-v1
Levine	Levine	dataset_name-Levine_dataset-revision-67990f383ac8f169c9a00148febba1ed357e18e8_name-data_import.data_raw_potential-batches-1_seed-42_transformation-cofactor-5	not_applicable	knn	KNN	drop-both	.cf99b5bbf108239b5579ea572773bd79f2991aa4794838d0cb51fe27dd533bc3	Drop ungated training + test	2	2	1	complete	precision_macro	0.8787761149168835	2	Macro precision	arithmetic mean across accepted effective folds with a defined score for this metric	known-population-open-set-v1
Samusik	Samusik	dataset_name-Samusik_dataset-revision-67990f383ac8f169c9a00148febba1ed357e18e8_name-data_import.data_raw_potential-batches-1_seed-42_transformation-cofactor-5	not_applicable	knn	KNN	drop-both	.cf99b5bbf108239b5579ea572773bd79f2991aa4794838d0cb51fe27dd533bc3	Drop ungated training + test	5	5	1	complete	precision_macro	0.8509278170340034	5	Macro precision	arithmetic mean across accepted effective folds with a defined score for this metric	known-population-open-set-v1
15723074	15723074	dataset_name-15723074_dataset-revision-4bf02d6adbe55785ca855b57274aa37b8dc843ae_name-data_import.data_raw_potential-batches-1_seed-42_transformation-cofactor-150	not_applicable	lda	LDA	drop-both	.cf99b5bbf108239b5579ea572773bd79f2991aa4794838d0cb51fe27dd533bc3	Drop ungated training + test	5	5	1	complete	precision_macro	0.865545935029657	5	Macro precision	arithmetic mean across accepted effective folds with a defined score for this metric	known-population-open-set-v1
BodenmillerXL	BodenmillerXL	dataset_name-BodenmillerXL_dataset-revision-67990f383ac8f169c9a00148febba1ed357e18e8_name-data_import.data_raw_potential-batches-1_seed-42_transformation-cofactor-5	not_applicable	lda	LDA	drop-both	.cf99b5bbf108239b5579ea572773bd79f2991aa4794838d0cb51fe27dd533bc3	Drop ungated training + test	5	5	1	complete	precision_macro	0.8557875864647921	5	Macro precision	arithmetic mean across accepted effective folds with a defined score for this metric	known-population-open-set-v1
FR-FCM-Z238	FR-FCM-Z238	dataset_name-FR-FCM-Z238_dataset-revision-67990f383ac8f169c9a00148febba1ed357e18e8_name-data_import.data_raw_potential-batches-1_seed-42_transformation-cofactor-5	not_applicable	lda	LDA	drop-both	.cf99b5bbf108239b5579ea572773bd79f2991aa4794838d0cb51fe27dd533bc3	Drop ungated training + test	5	5	1	complete	precision_macro	0.6837967607253561	5	Macro precision	arithmetic mean across accepted effective folds with a defined score for this metric	known-population-open-set-v1
FR-FCM-Z2KP-covid	FR-FCM-Z2KP-covid	dataset_name-FR-FCM-Z2KP-covid_dataset-revision-67990f383ac8f169c9a00148febba1ed357e18e8_name-data_import.data_raw_potential-batches-1_seed-42_transformation-cofactor-150	not_applicable	lda	LDA	drop-both	.cf99b5bbf108239b5579ea572773bd79f2991aa4794838d0cb51fe27dd533bc3	Drop ungated training + test	5	5	1	complete	precision_macro	0.8859746384203183	5	Macro precision	arithmetic mean across accepted effective folds with a defined score for this metric	known-population-open-set-v1
FR-FCM-Z2KP-healthy	FR-FCM-Z2KP-healthy (n=1k)	dataset_name-FR-FCM-Z2KP-healthy_dataset-revision-67990f383ac8f169c9a00148febba1ed357e18e8_name-data_import.data_raw_potential-batches-1_seed-420_sub-sampling-1000_transformation-cofactor-150	1000	lda	LDA	drop-both	.cf99b5bbf108239b5579ea572773bd79f2991aa4794838d0cb51fe27dd533bc3	Drop ungated training + test	5	5	1	complete	precision_macro	0.9098054573188613	5	Macro precision	arithmetic mean across accepted effective folds with a defined score for this metric	known-population-open-set-v1
FR-FCM-Z2KP-healthy	FR-FCM-Z2KP-healthy (n=5k)	dataset_name-FR-FCM-Z2KP-healthy_dataset-revision-67990f383ac8f169c9a00148febba1ed357e18e8_name-data_import.data_raw_potential-batches-1_seed-420_sub-sampling-5000_transformation-cofactor-150	5000	lda	LDA	drop-both	.cf99b5bbf108239b5579ea572773bd79f2991aa4794838d0cb51fe27dd533bc3	Drop ungated training + test	5	5	1	complete	precision_macro	0.9100194689554182	5	Macro precision	arithmetic mean across accepted effective folds with a defined score for this metric	known-population-open-set-v1
FR-FCM-Z2KP-healthy	FR-FCM-Z2KP-healthy (n=10k)	dataset_name-FR-FCM-Z2KP-healthy_dataset-revision-67990f383ac8f169c9a00148febba1ed357e18e8_name-data_import.data_raw_potential-batches-1_seed-420_sub-sampling-10000_transformation-cofactor-150	10000	lda	LDA	drop-both	.cf99b5bbf108239b5579ea572773bd79f2991aa4794838d0cb51fe27dd533bc3	Drop ungated training + test	5	5	1	complete	precision_macro	0.9121761296769726	5	Macro precision	arithmetic mean across accepted effective folds with a defined score for this metric	known-population-open-set-v1
FR-FCM-Z2KP-healthy	FR-FCM-Z2KP-healthy (n=50k)	dataset_name-FR-FCM-Z2KP-healthy_dataset-revision-67990f383ac8f169c9a00148febba1ed357e18e8_name-data_import.data_raw_potential-batches-1_seed-420_sub-sampling-50000_transformation-cofactor-150	50000	lda	LDA	drop-both	.cf99b5bbf108239b5579ea572773bd79f2991aa4794838d0cb51fe27dd533bc3	Drop ungated training + test	5	5	1	complete	precision_macro	0.9123769962178649	5	Macro precision	arithmetic mean across accepted effective folds with a defined score for this metric	known-population-open-set-v1
FR-FCM-Z2KP-healthy	FR-FCM-Z2KP-healthy (n=100k)	dataset_name-FR-FCM-Z2KP-healthy_dataset-revision-67990f383ac8f169c9a00148febba1ed357e18e8_name-data_import.data_raw_potential-batches-1_seed-420_sub-sampling-100000_transformation-cofactor-150	1e+05	lda	LDA	drop-both	.cf99b5bbf108239b5579ea572773bd79f2991aa4794838d0cb51fe27dd533bc3	Drop ungated training + test	5	5	1	complete	precision_macro	0.9123352098966049	5	Macro precision	arithmetic mean across accepted effective folds with a defined score for this metric	known-population-open-set-v1
FR-FCM-Z2KP-healthy	FR-FCM-Z2KP-healthy	dataset_name-FR-FCM-Z2KP-healthy_dataset-revision-67990f383ac8f169c9a00148febba1ed357e18e8_name-data_import.data_raw_potential-batches-1_seed-42_transformation-cofactor-150	not_applicable	lda	LDA	drop-both	.cf99b5bbf108239b5579ea572773bd79f2991aa4794838d0cb51fe27dd533bc3	Drop ungated training + test	5	5	1	complete	precision_macro	0.9084624905790585	5	Macro precision	arithmetic mean across accepted effective folds with a defined score for this metric	known-population-open-set-v1
FR-FCM-Z3YR	FR-FCM-Z3YR	dataset_name-FR-FCM-Z3YR_dataset-revision-67990f383ac8f169c9a00148febba1ed357e18e8_name-data_import.data_raw_potential-batches-1_seed-42_transformation-cofactor-5	not_applicable	lda	LDA	drop-both	.cf99b5bbf108239b5579ea572773bd79f2991aa4794838d0cb51fe27dd533bc3	Drop ungated training + test	5	5	1	complete	precision_macro	0.8100250698628635	5	Macro precision	arithmetic mean across accepted effective folds with a defined score for this metric	known-population-open-set-v1
FR-FCM-Z7CH-BALBc	FR-FCM-Z7CH-BALBc	dataset_name-FR-FCM-Z7CH-BALBc_dataset-revision-4bf02d6adbe55785ca855b57274aa37b8dc843ae_name-data_import.data_raw_potential-batches-1_seed-42_transformation-cofactor-150	not_applicable	lda	LDA	drop-both	.cf99b5bbf108239b5579ea572773bd79f2991aa4794838d0cb51fe27dd533bc3	Drop ungated training + test	5	5	1	complete	precision_macro	0.9640541098414628	5	Macro precision	arithmetic mean across accepted effective folds with a defined score for this metric	known-population-open-set-v1
FR-FCM-Z7CH-C57BL6	FR-FCM-Z7CH-C57BL6	dataset_name-FR-FCM-Z7CH-C57BL6_dataset-revision-4bf02d6adbe55785ca855b57274aa37b8dc843ae_name-data_import.data_raw_potential-batches-1_seed-42_transformation-cofactor-150	not_applicable	lda	LDA	drop-both	.cf99b5bbf108239b5579ea572773bd79f2991aa4794838d0cb51fe27dd533bc3	Drop ungated training + test	5	5	1	complete	precision_macro	0.9730479771188567	5	Macro precision	arithmetic mean across accepted effective folds with a defined score for this metric	known-population-open-set-v1
FR-FCM-ZY34	FR-FCM-ZY34	dataset_name-FR-FCM-ZY34_dataset-revision-67990f383ac8f169c9a00148febba1ed357e18e8_name-data_import.data_raw_potential-batches-1_seed-42_transformation-cofactor-150	not_applicable	lda	LDA	drop-both	.cf99b5bbf108239b5579ea572773bd79f2991aa4794838d0cb51fe27dd533bc3	Drop ungated training + test	5	5	1	complete	precision_macro	0.2920956867520282	5	Macro precision	arithmetic mean across accepted effective folds with a defined score for this metric	known-population-open-set-v1
FR-FCM-ZYVT	FR-FCM-ZYVT	dataset_name-FR-FCM-ZYVT_dataset-revision-67990f383ac8f169c9a00148febba1ed357e18e8_name-data_import.data_raw_potential-batches-1_seed-42_transformation-cofactor-150	not_applicable	lda	LDA	drop-both	.cf99b5bbf108239b5579ea572773bd79f2991aa4794838d0cb51fe27dd533bc3	Drop ungated training + test	5	5	1	complete	precision_macro	0.6761249616584619	5	Macro precision	arithmetic mean across accepted effective folds with a defined score for this metric	known-population-open-set-v1
FlowCyt	FlowCyt	dataset_name-FlowCyt_dataset-revision-67990f383ac8f169c9a00148febba1ed357e18e8_name-data_import.data_raw_potential-batches-1_seed-42_transformation-cofactor-150	not_applicable	lda	LDA	drop-both	.cf99b5bbf108239b5579ea572773bd79f2991aa4794838d0cb51fe27dd533bc3	Drop ungated training + test	5	5	1	complete	precision_macro	0.9092084343973997	5	Macro precision	arithmetic mean across accepted effective folds with a defined score for this metric	known-population-open-set-v1
Levine	Levine	dataset_name-Levine_dataset-revision-67990f383ac8f169c9a00148febba1ed357e18e8_name-data_import.data_raw_potential-batches-1_seed-42_transformation-cofactor-5	not_applicable	lda	LDA	drop-both	.cf99b5bbf108239b5579ea572773bd79f2991aa4794838d0cb51fe27dd533bc3	Drop ungated training + test	2	2	1	complete	precision_macro	0.9031188046518477	2	Macro precision	arithmetic mean across accepted effective folds with a defined score for this metric	known-population-open-set-v1
Samusik	Samusik	dataset_name-Samusik_dataset-revision-67990f383ac8f169c9a00148febba1ed357e18e8_name-data_import.data_raw_potential-batches-1_seed-42_transformation-cofactor-5	not_applicable	lda	LDA	drop-both	.cf99b5bbf108239b5579ea572773bd79f2991aa4794838d0cb51fe27dd533bc3	Drop ungated training + test	5	5	1	complete	precision_macro	0.8709111360600962	5	Macro precision	arithmetic mean across accepted effective folds with a defined score for this metric	known-population-open-set-v1
15723074	15723074	dataset_name-15723074_dataset-revision-4bf02d6adbe55785ca855b57274aa37b8dc843ae_name-data_import.data_raw_potential-batches-1_seed-42_transformation-cofactor-150	not_applicable	random	Random	drop-both	.cf99b5bbf108239b5579ea572773bd79f2991aa4794838d0cb51fe27dd533bc3	Drop ungated training + test	5	5	1	complete	precision_macro	0.1241087779233943	5	Macro precision	arithmetic mean across accepted effective folds with a defined score for this metric	known-population-open-set-v1
BodenmillerXL	BodenmillerXL	dataset_name-BodenmillerXL_dataset-revision-67990f383ac8f169c9a00148febba1ed357e18e8_name-data_import.data_raw_potential-batches-1_seed-42_transformation-cofactor-5	not_applicable	random	Random	drop-both	.cf99b5bbf108239b5579ea572773bd79f2991aa4794838d0cb51fe27dd533bc3	Drop ungated training + test	5	5	1	complete	precision_macro	0.12503598047309444	5	Macro precision	arithmetic mean across accepted effective folds with a defined score for this metric	known-population-open-set-v1
FR-FCM-Z238	FR-FCM-Z238	dataset_name-FR-FCM-Z238_dataset-revision-67990f383ac8f169c9a00148febba1ed357e18e8_name-data_import.data_raw_potential-batches-1_seed-42_transformation-cofactor-5	not_applicable	random	Random	drop-both	.cf99b5bbf108239b5579ea572773bd79f2991aa4794838d0cb51fe27dd533bc3	Drop ungated training + test	5	5	1	complete	precision_macro	0.0419794655065902	5	Macro precision	arithmetic mean across accepted effective folds with a defined score for this metric	known-population-open-set-v1
FR-FCM-Z2KP-covid	FR-FCM-Z2KP-covid	dataset_name-FR-FCM-Z2KP-covid_dataset-revision-67990f383ac8f169c9a00148febba1ed357e18e8_name-data_import.data_raw_potential-batches-1_seed-42_transformation-cofactor-150	not_applicable	random	Random	drop-both	.cf99b5bbf108239b5579ea572773bd79f2991aa4794838d0cb51fe27dd533bc3	Drop ungated training + test	5	5	1	complete	precision_macro	0.2000718397908309	5	Macro precision	arithmetic mean across accepted effective folds with a defined score for this metric	known-population-open-set-v1
FR-FCM-Z2KP-healthy	FR-FCM-Z2KP-healthy (n=1k)	dataset_name-FR-FCM-Z2KP-healthy_dataset-revision-67990f383ac8f169c9a00148febba1ed357e18e8_name-data_import.data_raw_potential-batches-1_seed-420_sub-sampling-1000_transformation-cofactor-150	1000	random	Random	drop-both	.cf99b5bbf108239b5579ea572773bd79f2991aa4794838d0cb51fe27dd533bc3	Drop ungated training + test	5	5	1	complete	precision_macro	0.19958820897687124	5	Macro precision	arithmetic mean across accepted effective folds with a defined score for this metric	known-population-open-set-v1
FR-FCM-Z2KP-healthy	FR-FCM-Z2KP-healthy (n=5k)	dataset_name-FR-FCM-Z2KP-healthy_dataset-revision-67990f383ac8f169c9a00148febba1ed357e18e8_name-data_import.data_raw_potential-batches-1_seed-420_sub-sampling-5000_transformation-cofactor-150	5000	random	Random	drop-both	.cf99b5bbf108239b5579ea572773bd79f2991aa4794838d0cb51fe27dd533bc3	Drop ungated training + test	5	5	1	complete	precision_macro	0.19989611098202345	5	Macro precision	arithmetic mean across accepted effective folds with a defined score for this metric	known-population-open-set-v1
FR-FCM-Z2KP-healthy	FR-FCM-Z2KP-healthy (n=10k)	dataset_name-FR-FCM-Z2KP-healthy_dataset-revision-67990f383ac8f169c9a00148febba1ed357e18e8_name-data_import.data_raw_potential-batches-1_seed-420_sub-sampling-10000_transformation-cofactor-150	10000	random	Random	drop-both	.cf99b5bbf108239b5579ea572773bd79f2991aa4794838d0cb51fe27dd533bc3	Drop ungated training + test	5	5	1	complete	precision_macro	0.19988997760922078	5	Macro precision	arithmetic mean across accepted effective folds with a defined score for this metric	known-population-open-set-v1
FR-FCM-Z2KP-healthy	FR-FCM-Z2KP-healthy (n=50k)	dataset_name-FR-FCM-Z2KP-healthy_dataset-revision-67990f383ac8f169c9a00148febba1ed357e18e8_name-data_import.data_raw_potential-batches-1_seed-420_sub-sampling-50000_transformation-cofactor-150	50000	random	Random	drop-both	.cf99b5bbf108239b5579ea572773bd79f2991aa4794838d0cb51fe27dd533bc3	Drop ungated training + test	5	5	1	complete	precision_macro	0.2000634381963134	5	Macro precision	arithmetic mean across accepted effective folds with a defined score for this metric	known-population-open-set-v1
FR-FCM-Z2KP-healthy	FR-FCM-Z2KP-healthy (n=100k)	dataset_name-FR-FCM-Z2KP-healthy_dataset-revision-67990f383ac8f169c9a00148febba1ed357e18e8_name-data_import.data_raw_potential-batches-1_seed-420_sub-sampling-100000_transformation-cofactor-150	1e+05	random	Random	drop-both	.cf99b5bbf108239b5579ea572773bd79f2991aa4794838d0cb51fe27dd533bc3	Drop ungated training + test	5	5	1	complete	precision_macro	0.20012574091366359	5	Macro precision	arithmetic mean across accepted effective folds with a defined score for this metric	known-population-open-set-v1
FR-FCM-Z2KP-healthy	FR-FCM-Z2KP-healthy	dataset_name-FR-FCM-Z2KP-healthy_dataset-revision-67990f383ac8f169c9a00148febba1ed357e18e8_name-data_import.data_raw_potential-batches-1_seed-42_transformation-cofactor-150	not_applicable	random	Random	drop-both	.cf99b5bbf108239b5579ea572773bd79f2991aa4794838d0cb51fe27dd533bc3	Drop ungated training + test	5	5	1	complete	precision_macro	0.20030296779060222	5	Macro precision	arithmetic mean across accepted effective folds with a defined score for this metric	known-population-open-set-v1
FR-FCM-Z3YR	FR-FCM-Z3YR	dataset_name-FR-FCM-Z3YR_dataset-revision-67990f383ac8f169c9a00148febba1ed357e18e8_name-data_import.data_raw_potential-batches-1_seed-42_transformation-cofactor-5	not_applicable	random	Random	drop-both	.cf99b5bbf108239b5579ea572773bd79f2991aa4794838d0cb51fe27dd533bc3	Drop ungated training + test	5	5	1	complete	precision_macro	0.03574041229692381	5	Macro precision	arithmetic mean across accepted effective folds with a defined score for this metric	known-population-open-set-v1
FR-FCM-Z7CH-BALBc	FR-FCM-Z7CH-BALBc	dataset_name-FR-FCM-Z7CH-BALBc_dataset-revision-4bf02d6adbe55785ca855b57274aa37b8dc843ae_name-data_import.data_raw_potential-batches-1_seed-42_transformation-cofactor-150	not_applicable	random	Random	drop-both	.cf99b5bbf108239b5579ea572773bd79f2991aa4794838d0cb51fe27dd533bc3	Drop ungated training + test	5	5	1	complete	precision_macro	0.2500251566444194	5	Macro precision	arithmetic mean across accepted effective folds with a defined score for this metric	known-population-open-set-v1
FR-FCM-Z7CH-C57BL6	FR-FCM-Z7CH-C57BL6	dataset_name-FR-FCM-Z7CH-C57BL6_dataset-revision-4bf02d6adbe55785ca855b57274aa37b8dc843ae_name-data_import.data_raw_potential-batches-1_seed-42_transformation-cofactor-150	not_applicable	random	Random	drop-both	.cf99b5bbf108239b5579ea572773bd79f2991aa4794838d0cb51fe27dd533bc3	Drop ungated training + test	5	5	1	complete	precision_macro	0.25008807406658684	5	Macro precision	arithmetic mean across accepted effective folds with a defined score for this metric	known-population-open-set-v1
FR-FCM-ZY34	FR-FCM-ZY34	dataset_name-FR-FCM-ZY34_dataset-revision-67990f383ac8f169c9a00148febba1ed357e18e8_name-data_import.data_raw_potential-batches-1_seed-42_transformation-cofactor-150	not_applicable	random	Random	drop-both	.cf99b5bbf108239b5579ea572773bd79f2991aa4794838d0cb51fe27dd533bc3	Drop ungated training + test	5	5	1	complete	precision_macro	0.05558866909259916	5	Macro precision	arithmetic mean across accepted effective folds with a defined score for this metric	known-population-open-set-v1
FR-FCM-ZYVT	FR-FCM-ZYVT	dataset_name-FR-FCM-ZYVT_dataset-revision-67990f383ac8f169c9a00148febba1ed357e18e8_name-data_import.data_raw_potential-batches-1_seed-42_transformation-cofactor-150	not_applicable	random	Random	drop-both	.cf99b5bbf108239b5579ea572773bd79f2991aa4794838d0cb51fe27dd533bc3	Drop ungated training + test	5	5	1	complete	precision_macro	0.24755394547756027	5	Macro precision	arithmetic mean across accepted effective folds with a defined score for this metric	known-population-open-set-v1
FlowCyt	FlowCyt	dataset_name-FlowCyt_dataset-revision-67990f383ac8f169c9a00148febba1ed357e18e8_name-data_import.data_raw_potential-batches-1_seed-42_transformation-cofactor-150	not_applicable	random	Random	drop-both	.cf99b5bbf108239b5579ea572773bd79f2991aa4794838d0cb51fe27dd533bc3	Drop ungated training + test	5	5	1	complete	precision_macro	0.19967486531998632	5	Macro precision	arithmetic mean across accepted effective folds with a defined score for this metric	known-population-open-set-v1
Levine	Levine	dataset_name-Levine_dataset-revision-67990f383ac8f169c9a00148febba1ed357e18e8_name-data_import.data_raw_potential-batches-1_seed-42_transformation-cofactor-5	not_applicable	random	Random	drop-both	.cf99b5bbf108239b5579ea572773bd79f2991aa4794838d0cb51fe27dd533bc3	Drop ungated training + test	2	2	1	complete	precision_macro	0.07134141819629274	2	Macro precision	arithmetic mean across accepted effective folds with a defined score for this metric	known-population-open-set-v1
Samusik	Samusik	dataset_name-Samusik_dataset-revision-67990f383ac8f169c9a00148febba1ed357e18e8_name-data_import.data_raw_potential-batches-1_seed-42_transformation-cofactor-5	not_applicable	random	Random	drop-both	.cf99b5bbf108239b5579ea572773bd79f2991aa4794838d0cb51fe27dd533bc3	Drop ungated training + test	5	5	1	complete	precision_macro	0.04163919860441252	5	Macro precision	arithmetic mean across accepted effective folds with a defined score for this metric	known-population-open-set-v1
15723074	15723074	dataset_name-15723074_dataset-revision-4bf02d6adbe55785ca855b57274aa37b8dc843ae_name-data_import.data_raw_potential-batches-1_seed-42_transformation-cofactor-150	not_applicable	cyanno	CyAnno	unfiltered	.e924e671977a35b401c5c23aaf1308ed57ddaf256c55741b97fd498c2a244b62	Unfiltered	5	5	1	complete	f1_macro	0.7878990636908033	5	Macro F1	arithmetic mean across accepted effective folds with a defined score for this metric	known-population-open-set-v1
BodenmillerXL	BodenmillerXL	dataset_name-BodenmillerXL_dataset-revision-67990f383ac8f169c9a00148febba1ed357e18e8_name-data_import.data_raw_potential-batches-1_seed-42_transformation-cofactor-5	not_applicable	cyanno	CyAnno	unfiltered	.e924e671977a35b401c5c23aaf1308ed57ddaf256c55741b97fd498c2a244b62	Unfiltered	5	5	1	complete	f1_macro	0.7712686703737045	5	Macro F1	arithmetic mean across accepted effective folds with a defined score for this metric	known-population-open-set-v1
FR-FCM-Z238	FR-FCM-Z238	dataset_name-FR-FCM-Z238_dataset-revision-67990f383ac8f169c9a00148febba1ed357e18e8_name-data_import.data_raw_potential-batches-1_seed-42_transformation-cofactor-5	not_applicable	cyanno	CyAnno	unfiltered	.e924e671977a35b401c5c23aaf1308ed57ddaf256c55741b97fd498c2a244b62	Unfiltered	5	5	1	complete	f1_macro	0.5771711305158544	5	Macro F1	arithmetic mean across accepted effective folds with a defined score for this metric	known-population-open-set-v1
FR-FCM-Z2KP-covid	FR-FCM-Z2KP-covid	dataset_name-FR-FCM-Z2KP-covid_dataset-revision-67990f383ac8f169c9a00148febba1ed357e18e8_name-data_import.data_raw_potential-batches-1_seed-42_transformation-cofactor-150	not_applicable	cyanno	CyAnno	unfiltered	.e924e671977a35b401c5c23aaf1308ed57ddaf256c55741b97fd498c2a244b62	Unfiltered	5	5	1	complete	f1_macro	0.9581982147379874	5	Macro F1	arithmetic mean across accepted effective folds with a defined score for this metric	known-population-open-set-v1
FR-FCM-Z2KP-healthy	FR-FCM-Z2KP-healthy (n=1k)	dataset_name-FR-FCM-Z2KP-healthy_dataset-revision-67990f383ac8f169c9a00148febba1ed357e18e8_name-data_import.data_raw_potential-batches-1_seed-420_sub-sampling-1000_transformation-cofactor-150	1000	cyanno	CyAnno	unfiltered	.e924e671977a35b401c5c23aaf1308ed57ddaf256c55741b97fd498c2a244b62	Unfiltered	5	5	1	complete	f1_macro	0.8055578705316933	5	Macro F1	arithmetic mean across accepted effective folds with a defined score for this metric	known-population-open-set-v1
FR-FCM-Z2KP-healthy	FR-FCM-Z2KP-healthy (n=5k)	dataset_name-FR-FCM-Z2KP-healthy_dataset-revision-67990f383ac8f169c9a00148febba1ed357e18e8_name-data_import.data_raw_potential-batches-1_seed-420_sub-sampling-5000_transformation-cofactor-150	5000	cyanno	CyAnno	unfiltered	.e924e671977a35b401c5c23aaf1308ed57ddaf256c55741b97fd498c2a244b62	Unfiltered	5	5	1	complete	f1_macro	0.9206211114026885	5	Macro F1	arithmetic mean across accepted effective folds with a defined score for this metric	known-population-open-set-v1
FR-FCM-Z2KP-healthy	FR-FCM-Z2KP-healthy (n=10k)	dataset_name-FR-FCM-Z2KP-healthy_dataset-revision-67990f383ac8f169c9a00148febba1ed357e18e8_name-data_import.data_raw_potential-batches-1_seed-420_sub-sampling-10000_transformation-cofactor-150	10000	cyanno	CyAnno	unfiltered	.e924e671977a35b401c5c23aaf1308ed57ddaf256c55741b97fd498c2a244b62	Unfiltered	5	5	1	complete	f1_macro	0.9388898772191036	5	Macro F1	arithmetic mean across accepted effective folds with a defined score for this metric	known-population-open-set-v1
FR-FCM-Z2KP-healthy	FR-FCM-Z2KP-healthy (n=50k)	dataset_name-FR-FCM-Z2KP-healthy_dataset-revision-67990f383ac8f169c9a00148febba1ed357e18e8_name-data_import.data_raw_potential-batches-1_seed-420_sub-sampling-50000_transformation-cofactor-150	50000	cyanno	CyAnno	unfiltered	.e924e671977a35b401c5c23aaf1308ed57ddaf256c55741b97fd498c2a244b62	Unfiltered	5	5	1	complete	f1_macro	0.9519293636823226	5	Macro F1	arithmetic mean across accepted effective folds with a defined score for this metric	known-population-open-set-v1
FR-FCM-Z2KP-healthy	FR-FCM-Z2KP-healthy (n=100k)	dataset_name-FR-FCM-Z2KP-healthy_dataset-revision-67990f383ac8f169c9a00148febba1ed357e18e8_name-data_import.data_raw_potential-batches-1_seed-420_sub-sampling-100000_transformation-cofactor-150	1e+05	cyanno	CyAnno	unfiltered	.e924e671977a35b401c5c23aaf1308ed57ddaf256c55741b97fd498c2a244b62	Unfiltered	5	5	1	complete	f1_macro	0.9582316101911295	5	Macro F1	arithmetic mean across accepted effective folds with a defined score for this metric	known-population-open-set-v1
FR-FCM-Z2KP-healthy	FR-FCM-Z2KP-healthy	dataset_name-FR-FCM-Z2KP-healthy_dataset-revision-67990f383ac8f169c9a00148febba1ed357e18e8_name-data_import.data_raw_potential-batches-1_seed-42_transformation-cofactor-150	not_applicable	cyanno	CyAnno	unfiltered	.e924e671977a35b401c5c23aaf1308ed57ddaf256c55741b97fd498c2a244b62	Unfiltered	5	5	1	complete	f1_macro	0.9598378021716554	5	Macro F1	arithmetic mean across accepted effective folds with a defined score for this metric	known-population-open-set-v1
FR-FCM-Z3YR	FR-FCM-Z3YR	dataset_name-FR-FCM-Z3YR_dataset-revision-67990f383ac8f169c9a00148febba1ed357e18e8_name-data_import.data_raw_potential-batches-1_seed-42_transformation-cofactor-5	not_applicable	cyanno	CyAnno	unfiltered	.e924e671977a35b401c5c23aaf1308ed57ddaf256c55741b97fd498c2a244b62	Unfiltered	5	5	1	complete	f1_macro	0.8441438858898218	5	Macro F1	arithmetic mean across accepted effective folds with a defined score for this metric	known-population-open-set-v1
FR-FCM-Z7CH-BALBc	FR-FCM-Z7CH-BALBc	dataset_name-FR-FCM-Z7CH-BALBc_dataset-revision-4bf02d6adbe55785ca855b57274aa37b8dc843ae_name-data_import.data_raw_potential-batches-1_seed-42_transformation-cofactor-150	not_applicable	cyanno	CyAnno	unfiltered	.e924e671977a35b401c5c23aaf1308ed57ddaf256c55741b97fd498c2a244b62	Unfiltered	5	5	1	complete	f1_macro	0.5830615804226534	5	Macro F1	arithmetic mean across accepted effective folds with a defined score for this metric	known-population-open-set-v1
FR-FCM-Z7CH-C57BL6	FR-FCM-Z7CH-C57BL6	dataset_name-FR-FCM-Z7CH-C57BL6_dataset-revision-4bf02d6adbe55785ca855b57274aa37b8dc843ae_name-data_import.data_raw_potential-batches-1_seed-42_transformation-cofactor-150	not_applicable	cyanno	CyAnno	unfiltered	.e924e671977a35b401c5c23aaf1308ed57ddaf256c55741b97fd498c2a244b62	Unfiltered	5	5	1	complete	f1_macro	0.6302665912468738	5	Macro F1	arithmetic mean across accepted effective folds with a defined score for this metric	known-population-open-set-v1
FR-FCM-ZY34	FR-FCM-ZY34	dataset_name-FR-FCM-ZY34_dataset-revision-67990f383ac8f169c9a00148febba1ed357e18e8_name-data_import.data_raw_potential-batches-1_seed-42_transformation-cofactor-150	not_applicable	cyanno	CyAnno	unfiltered	.e924e671977a35b401c5c23aaf1308ed57ddaf256c55741b97fd498c2a244b62	Unfiltered	5	5	1	complete	f1_macro	0.4554097827479125	5	Macro F1	arithmetic mean across accepted effective folds with a defined score for this metric	known-population-open-set-v1
FR-FCM-ZYVT	FR-FCM-ZYVT	dataset_name-FR-FCM-ZYVT_dataset-revision-67990f383ac8f169c9a00148febba1ed357e18e8_name-data_import.data_raw_potential-batches-1_seed-42_transformation-cofactor-150	not_applicable	cyanno	CyAnno	unfiltered	.e924e671977a35b401c5c23aaf1308ed57ddaf256c55741b97fd498c2a244b62	Unfiltered	5	5	1	complete	f1_macro	0.20110547766855383	5	Macro F1	arithmetic mean across accepted effective folds with a defined score for this metric	known-population-open-set-v1
FlowCyt	FlowCyt	dataset_name-FlowCyt_dataset-revision-67990f383ac8f169c9a00148febba1ed357e18e8_name-data_import.data_raw_potential-batches-1_seed-42_transformation-cofactor-150	not_applicable	cyanno	CyAnno	unfiltered	.e924e671977a35b401c5c23aaf1308ed57ddaf256c55741b97fd498c2a244b62	Unfiltered	5	5	1	complete	f1_macro	0.3652814683295366	5	Macro F1	arithmetic mean across accepted effective folds with a defined score for this metric	known-population-open-set-v1
Levine	Levine	dataset_name-Levine_dataset-revision-67990f383ac8f169c9a00148febba1ed357e18e8_name-data_import.data_raw_potential-batches-1_seed-42_transformation-cofactor-5	not_applicable	cyanno	CyAnno	unfiltered	.e924e671977a35b401c5c23aaf1308ed57ddaf256c55741b97fd498c2a244b62	Unfiltered	2	2	1	complete	f1_macro	0.5869743396119195	2	Macro F1	arithmetic mean across accepted effective folds with a defined score for this metric	known-population-open-set-v1
Samusik	Samusik	dataset_name-Samusik_dataset-revision-67990f383ac8f169c9a00148febba1ed357e18e8_name-data_import.data_raw_potential-batches-1_seed-42_transformation-cofactor-5	not_applicable	cyanno	CyAnno	unfiltered	.e924e671977a35b401c5c23aaf1308ed57ddaf256c55741b97fd498c2a244b62	Unfiltered	5	5	1	complete	f1_macro	0.6923338823320757	5	Macro F1	arithmetic mean across accepted effective folds with a defined score for this metric	known-population-open-set-v1
15723074	15723074	dataset_name-15723074_dataset-revision-4bf02d6adbe55785ca855b57274aa37b8dc843ae_name-data_import.data_raw_potential-batches-1_seed-42_transformation-cofactor-150	not_applicable	cygate	CyGATE	unfiltered	.e924e671977a35b401c5c23aaf1308ed57ddaf256c55741b97fd498c2a244b62	Unfiltered	5	5	1	complete	f1_macro	0.7798068623002592	5	Macro F1	arithmetic mean across accepted effective folds with a defined score for this metric	known-population-open-set-v1
BodenmillerXL	BodenmillerXL	dataset_name-BodenmillerXL_dataset-revision-67990f383ac8f169c9a00148febba1ed357e18e8_name-data_import.data_raw_potential-batches-1_seed-42_transformation-cofactor-5	not_applicable	cygate	CyGATE	unfiltered	.e924e671977a35b401c5c23aaf1308ed57ddaf256c55741b97fd498c2a244b62	Unfiltered	5	5	1	complete	f1_macro	0.780616191357459	5	Macro F1	arithmetic mean across accepted effective folds with a defined score for this metric	known-population-open-set-v1
FR-FCM-Z238	FR-FCM-Z238	dataset_name-FR-FCM-Z238_dataset-revision-67990f383ac8f169c9a00148febba1ed357e18e8_name-data_import.data_raw_potential-batches-1_seed-42_transformation-cofactor-5	not_applicable	cygate	CyGATE	unfiltered	.e924e671977a35b401c5c23aaf1308ed57ddaf256c55741b97fd498c2a244b62	Unfiltered	5	5	1	complete	f1_macro	0.5735657100462486	5	Macro F1	arithmetic mean across accepted effective folds with a defined score for this metric	known-population-open-set-v1
FR-FCM-Z2KP-covid	FR-FCM-Z2KP-covid	dataset_name-FR-FCM-Z2KP-covid_dataset-revision-67990f383ac8f169c9a00148febba1ed357e18e8_name-data_import.data_raw_potential-batches-1_seed-42_transformation-cofactor-150	not_applicable	cygate	CyGATE	unfiltered	.e924e671977a35b401c5c23aaf1308ed57ddaf256c55741b97fd498c2a244b62	Unfiltered	5	5	1	complete	f1_macro	0.7926332442525189	5	Macro F1	arithmetic mean across accepted effective folds with a defined score for this metric	known-population-open-set-v1
FR-FCM-Z2KP-healthy	FR-FCM-Z2KP-healthy (n=1k)	dataset_name-FR-FCM-Z2KP-healthy_dataset-revision-67990f383ac8f169c9a00148febba1ed357e18e8_name-data_import.data_raw_potential-batches-1_seed-420_sub-sampling-1000_transformation-cofactor-150	1000	cygate	CyGATE	unfiltered	.e924e671977a35b401c5c23aaf1308ed57ddaf256c55741b97fd498c2a244b62	Unfiltered	5	5	1	complete	f1_macro	0.8164847630028993	5	Macro F1	arithmetic mean across accepted effective folds with a defined score for this metric	known-population-open-set-v1
FR-FCM-Z2KP-healthy	FR-FCM-Z2KP-healthy (n=5k)	dataset_name-FR-FCM-Z2KP-healthy_dataset-revision-67990f383ac8f169c9a00148febba1ed357e18e8_name-data_import.data_raw_potential-batches-1_seed-420_sub-sampling-5000_transformation-cofactor-150	5000	cygate	CyGATE	unfiltered	.e924e671977a35b401c5c23aaf1308ed57ddaf256c55741b97fd498c2a244b62	Unfiltered	5	5	1	complete	f1_macro	0.7881988612350636	5	Macro F1	arithmetic mean across accepted effective folds with a defined score for this metric	known-population-open-set-v1
FR-FCM-Z2KP-healthy	FR-FCM-Z2KP-healthy (n=10k)	dataset_name-FR-FCM-Z2KP-healthy_dataset-revision-67990f383ac8f169c9a00148febba1ed357e18e8_name-data_import.data_raw_potential-batches-1_seed-420_sub-sampling-10000_transformation-cofactor-150	10000	cygate	CyGATE	unfiltered	.e924e671977a35b401c5c23aaf1308ed57ddaf256c55741b97fd498c2a244b62	Unfiltered	5	5	1	complete	f1_macro	0.7981393973166541	5	Macro F1	arithmetic mean across accepted effective folds with a defined score for this metric	known-population-open-set-v1
FR-FCM-Z2KP-healthy	FR-FCM-Z2KP-healthy (n=50k)	dataset_name-FR-FCM-Z2KP-healthy_dataset-revision-67990f383ac8f169c9a00148febba1ed357e18e8_name-data_import.data_raw_potential-batches-1_seed-420_sub-sampling-50000_transformation-cofactor-150	50000	cygate	CyGATE	unfiltered	.e924e671977a35b401c5c23aaf1308ed57ddaf256c55741b97fd498c2a244b62	Unfiltered	5	5	1	complete	f1_macro	0.7998687266561024	5	Macro F1	arithmetic mean across accepted effective folds with a defined score for this metric	known-population-open-set-v1
FR-FCM-Z2KP-healthy	FR-FCM-Z2KP-healthy (n=100k)	dataset_name-FR-FCM-Z2KP-healthy_dataset-revision-67990f383ac8f169c9a00148febba1ed357e18e8_name-data_import.data_raw_potential-batches-1_seed-420_sub-sampling-100000_transformation-cofactor-150	1e+05	cygate	CyGATE	unfiltered	.e924e671977a35b401c5c23aaf1308ed57ddaf256c55741b97fd498c2a244b62	Unfiltered	5	5	1	complete	f1_macro	0.7974783282690121	5	Macro F1	arithmetic mean across accepted effective folds with a defined score for this metric	known-population-open-set-v1
FR-FCM-Z2KP-healthy	FR-FCM-Z2KP-healthy	dataset_name-FR-FCM-Z2KP-healthy_dataset-revision-67990f383ac8f169c9a00148febba1ed357e18e8_name-data_import.data_raw_potential-batches-1_seed-42_transformation-cofactor-150	not_applicable	cygate	CyGATE	unfiltered	.e924e671977a35b401c5c23aaf1308ed57ddaf256c55741b97fd498c2a244b62	Unfiltered	5	5	1	complete	f1_macro	0.8272787666846854	5	Macro F1	arithmetic mean across accepted effective folds with a defined score for this metric	known-population-open-set-v1
FR-FCM-Z3YR	FR-FCM-Z3YR	dataset_name-FR-FCM-Z3YR_dataset-revision-67990f383ac8f169c9a00148febba1ed357e18e8_name-data_import.data_raw_potential-batches-1_seed-42_transformation-cofactor-5	not_applicable	cygate	CyGATE	unfiltered	.e924e671977a35b401c5c23aaf1308ed57ddaf256c55741b97fd498c2a244b62	Unfiltered	5	5	1	complete	f1_macro	0.6994893348853678	5	Macro F1	arithmetic mean across accepted effective folds with a defined score for this metric	known-population-open-set-v1
FR-FCM-Z7CH-BALBc	FR-FCM-Z7CH-BALBc	dataset_name-FR-FCM-Z7CH-BALBc_dataset-revision-4bf02d6adbe55785ca855b57274aa37b8dc843ae_name-data_import.data_raw_potential-batches-1_seed-42_transformation-cofactor-150	not_applicable	cygate	CyGATE	unfiltered	.e924e671977a35b401c5c23aaf1308ed57ddaf256c55741b97fd498c2a244b62	Unfiltered	5	5	1	complete	f1_macro	0.585608388880984	5	Macro F1	arithmetic mean across accepted effective folds with a defined score for this metric	known-population-open-set-v1
FR-FCM-Z7CH-C57BL6	FR-FCM-Z7CH-C57BL6	dataset_name-FR-FCM-Z7CH-C57BL6_dataset-revision-4bf02d6adbe55785ca855b57274aa37b8dc843ae_name-data_import.data_raw_potential-batches-1_seed-42_transformation-cofactor-150	not_applicable	cygate	CyGATE	unfiltered	.e924e671977a35b401c5c23aaf1308ed57ddaf256c55741b97fd498c2a244b62	Unfiltered	5	5	1	complete	f1_macro	0.6708338339855349	5	Macro F1	arithmetic mean across accepted effective folds with a defined score for this metric	known-population-open-set-v1
FR-FCM-ZY34	FR-FCM-ZY34	dataset_name-FR-FCM-ZY34_dataset-revision-67990f383ac8f169c9a00148febba1ed357e18e8_name-data_import.data_raw_potential-batches-1_seed-42_transformation-cofactor-150	not_applicable	cygate	CyGATE	unfiltered	.e924e671977a35b401c5c23aaf1308ed57ddaf256c55741b97fd498c2a244b62	Unfiltered	5	5	1	complete	f1_macro	0.27510564383052866	5	Macro F1	arithmetic mean across accepted effective folds with a defined score for this metric	known-population-open-set-v1
FR-FCM-ZYVT	FR-FCM-ZYVT	dataset_name-FR-FCM-ZYVT_dataset-revision-67990f383ac8f169c9a00148febba1ed357e18e8_name-data_import.data_raw_potential-batches-1_seed-42_transformation-cofactor-150	not_applicable	cygate	CyGATE	unfiltered	.e924e671977a35b401c5c23aaf1308ed57ddaf256c55741b97fd498c2a244b62	Unfiltered	5	5	1	complete	f1_macro	0.22177478877898799	5	Macro F1	arithmetic mean across accepted effective folds with a defined score for this metric	known-population-open-set-v1
FlowCyt	FlowCyt	dataset_name-FlowCyt_dataset-revision-67990f383ac8f169c9a00148febba1ed357e18e8_name-data_import.data_raw_potential-batches-1_seed-42_transformation-cofactor-150	not_applicable	cygate	CyGATE	unfiltered	.e924e671977a35b401c5c23aaf1308ed57ddaf256c55741b97fd498c2a244b62	Unfiltered	5	5	1	complete	f1_macro	0.279753850914206	5	Macro F1	arithmetic mean across accepted effective folds with a defined score for this metric	known-population-open-set-v1
Levine	Levine	dataset_name-Levine_dataset-revision-67990f383ac8f169c9a00148febba1ed357e18e8_name-data_import.data_raw_potential-batches-1_seed-42_transformation-cofactor-5	not_applicable	cygate	CyGATE	unfiltered	.e924e671977a35b401c5c23aaf1308ed57ddaf256c55741b97fd498c2a244b62	Unfiltered	2	2	1	complete	f1_macro	0.557682604940815	2	Macro F1	arithmetic mean across accepted effective folds with a defined score for this metric	known-population-open-set-v1
Samusik	Samusik	dataset_name-Samusik_dataset-revision-67990f383ac8f169c9a00148febba1ed357e18e8_name-data_import.data_raw_potential-batches-1_seed-42_transformation-cofactor-5	not_applicable	cygate	CyGATE	unfiltered	.e924e671977a35b401c5c23aaf1308ed57ddaf256c55741b97fd498c2a244b62	Unfiltered	5	5	1	complete	f1_macro	0.696896575953673	5	Macro F1	arithmetic mean across accepted effective folds with a defined score for this metric	known-population-open-set-v1
15723074	15723074	dataset_name-15723074_dataset-revision-4bf02d6adbe55785ca855b57274aa37b8dc843ae_name-data_import.data_raw_potential-batches-1_seed-42_transformation-cofactor-150	not_applicable	dgcytof	DGCyTOF	unfiltered	.e924e671977a35b401c5c23aaf1308ed57ddaf256c55741b97fd498c2a244b62	Unfiltered	5	5	1	complete	f1_macro	0.790410853725495	5	Macro F1	arithmetic mean across accepted effective folds with a defined score for this metric	known-population-open-set-v1
BodenmillerXL	BodenmillerXL	dataset_name-BodenmillerXL_dataset-revision-67990f383ac8f169c9a00148febba1ed357e18e8_name-data_import.data_raw_potential-batches-1_seed-42_transformation-cofactor-5	not_applicable	dgcytof	DGCyTOF	unfiltered	.e924e671977a35b401c5c23aaf1308ed57ddaf256c55741b97fd498c2a244b62	Unfiltered	5	5	1	complete	f1_macro	0.8319834447524145	5	Macro F1	arithmetic mean across accepted effective folds with a defined score for this metric	known-population-open-set-v1
FR-FCM-Z238	FR-FCM-Z238	dataset_name-FR-FCM-Z238_dataset-revision-67990f383ac8f169c9a00148febba1ed357e18e8_name-data_import.data_raw_potential-batches-1_seed-42_transformation-cofactor-5	not_applicable	dgcytof	DGCyTOF	unfiltered	.e924e671977a35b401c5c23aaf1308ed57ddaf256c55741b97fd498c2a244b62	Unfiltered	5	5	1	complete	f1_macro	0.597405019491402	5	Macro F1	arithmetic mean across accepted effective folds with a defined score for this metric	known-population-open-set-v1
FR-FCM-Z2KP-covid	FR-FCM-Z2KP-covid	dataset_name-FR-FCM-Z2KP-covid_dataset-revision-67990f383ac8f169c9a00148febba1ed357e18e8_name-data_import.data_raw_potential-batches-1_seed-42_transformation-cofactor-150	not_applicable	dgcytof	DGCyTOF	unfiltered	.e924e671977a35b401c5c23aaf1308ed57ddaf256c55741b97fd498c2a244b62	Unfiltered	5	5	1	complete	f1_macro	0.9059598420146081	5	Macro F1	arithmetic mean across accepted effective folds with a defined score for this metric	known-population-open-set-v1
FR-FCM-Z2KP-healthy	FR-FCM-Z2KP-healthy (n=1k)	dataset_name-FR-FCM-Z2KP-healthy_dataset-revision-67990f383ac8f169c9a00148febba1ed357e18e8_name-data_import.data_raw_potential-batches-1_seed-420_sub-sampling-1000_transformation-cofactor-150	1000	dgcytof	DGCyTOF	unfiltered	.e924e671977a35b401c5c23aaf1308ed57ddaf256c55741b97fd498c2a244b62	Unfiltered	5	5	1	complete	f1_macro	0.7108528514233979	5	Macro F1	arithmetic mean across accepted effective folds with a defined score for this metric	known-population-open-set-v1
FR-FCM-Z2KP-healthy	FR-FCM-Z2KP-healthy (n=5k)	dataset_name-FR-FCM-Z2KP-healthy_dataset-revision-67990f383ac8f169c9a00148febba1ed357e18e8_name-data_import.data_raw_potential-batches-1_seed-420_sub-sampling-5000_transformation-cofactor-150	5000	dgcytof	DGCyTOF	unfiltered	.e924e671977a35b401c5c23aaf1308ed57ddaf256c55741b97fd498c2a244b62	Unfiltered	5	5	1	complete	f1_macro	0.8318580274638474	5	Macro F1	arithmetic mean across accepted effective folds with a defined score for this metric	known-population-open-set-v1
FR-FCM-Z2KP-healthy	FR-FCM-Z2KP-healthy (n=10k)	dataset_name-FR-FCM-Z2KP-healthy_dataset-revision-67990f383ac8f169c9a00148febba1ed357e18e8_name-data_import.data_raw_potential-batches-1_seed-420_sub-sampling-10000_transformation-cofactor-150	10000	dgcytof	DGCyTOF	unfiltered	.e924e671977a35b401c5c23aaf1308ed57ddaf256c55741b97fd498c2a244b62	Unfiltered	5	5	1	complete	f1_macro	0.8491231029188077	5	Macro F1	arithmetic mean across accepted effective folds with a defined score for this metric	known-population-open-set-v1
FR-FCM-Z2KP-healthy	FR-FCM-Z2KP-healthy (n=50k)	dataset_name-FR-FCM-Z2KP-healthy_dataset-revision-67990f383ac8f169c9a00148febba1ed357e18e8_name-data_import.data_raw_potential-batches-1_seed-420_sub-sampling-50000_transformation-cofactor-150	50000	dgcytof	DGCyTOF	unfiltered	.e924e671977a35b401c5c23aaf1308ed57ddaf256c55741b97fd498c2a244b62	Unfiltered	5	5	1	complete	f1_macro	0.8889879617213475	5	Macro F1	arithmetic mean across accepted effective folds with a defined score for this metric	known-population-open-set-v1
FR-FCM-Z2KP-healthy	FR-FCM-Z2KP-healthy (n=100k)	dataset_name-FR-FCM-Z2KP-healthy_dataset-revision-67990f383ac8f169c9a00148febba1ed357e18e8_name-data_import.data_raw_potential-batches-1_seed-420_sub-sampling-100000_transformation-cofactor-150	1e+05	dgcytof	DGCyTOF	unfiltered	.e924e671977a35b401c5c23aaf1308ed57ddaf256c55741b97fd498c2a244b62	Unfiltered	5	5	1	complete	f1_macro	0.8969425588615064	5	Macro F1	arithmetic mean across accepted effective folds with a defined score for this metric	known-population-open-set-v1
FR-FCM-Z2KP-healthy	FR-FCM-Z2KP-healthy	dataset_name-FR-FCM-Z2KP-healthy_dataset-revision-67990f383ac8f169c9a00148febba1ed357e18e8_name-data_import.data_raw_potential-batches-1_seed-42_transformation-cofactor-150	not_applicable	dgcytof	DGCyTOF	unfiltered	.e924e671977a35b401c5c23aaf1308ed57ddaf256c55741b97fd498c2a244b62	Unfiltered	5	5	1	complete	f1_macro	0.9094833940187247	5	Macro F1	arithmetic mean across accepted effective folds with a defined score for this metric	known-population-open-set-v1
FR-FCM-Z3YR	FR-FCM-Z3YR	dataset_name-FR-FCM-Z3YR_dataset-revision-67990f383ac8f169c9a00148febba1ed357e18e8_name-data_import.data_raw_potential-batches-1_seed-42_transformation-cofactor-5	not_applicable	dgcytof	DGCyTOF	unfiltered	.e924e671977a35b401c5c23aaf1308ed57ddaf256c55741b97fd498c2a244b62	Unfiltered	5	5	1	complete	f1_macro	0.7171048954439814	5	Macro F1	arithmetic mean across accepted effective folds with a defined score for this metric	known-population-open-set-v1
FR-FCM-Z7CH-BALBc	FR-FCM-Z7CH-BALBc	dataset_name-FR-FCM-Z7CH-BALBc_dataset-revision-4bf02d6adbe55785ca855b57274aa37b8dc843ae_name-data_import.data_raw_potential-batches-1_seed-42_transformation-cofactor-150	not_applicable	dgcytof	DGCyTOF	unfiltered	.e924e671977a35b401c5c23aaf1308ed57ddaf256c55741b97fd498c2a244b62	Unfiltered	5	5	1	complete	f1_macro	0.537979963332837	5	Macro F1	arithmetic mean across accepted effective folds with a defined score for this metric	known-population-open-set-v1
FR-FCM-Z7CH-C57BL6	FR-FCM-Z7CH-C57BL6	dataset_name-FR-FCM-Z7CH-C57BL6_dataset-revision-4bf02d6adbe55785ca855b57274aa37b8dc843ae_name-data_import.data_raw_potential-batches-1_seed-42_transformation-cofactor-150	not_applicable	dgcytof	DGCyTOF	unfiltered	.e924e671977a35b401c5c23aaf1308ed57ddaf256c55741b97fd498c2a244b62	Unfiltered	5	5	1	complete	f1_macro	0.5363675275229545	5	Macro F1	arithmetic mean across accepted effective folds with a defined score for this metric	known-population-open-set-v1
FR-FCM-ZY34	FR-FCM-ZY34	dataset_name-FR-FCM-ZY34_dataset-revision-67990f383ac8f169c9a00148febba1ed357e18e8_name-data_import.data_raw_potential-batches-1_seed-42_transformation-cofactor-150	not_applicable	dgcytof	DGCyTOF	unfiltered	.e924e671977a35b401c5c23aaf1308ed57ddaf256c55741b97fd498c2a244b62	Unfiltered	5	5	1	complete	f1_macro	0.41793172575228044	5	Macro F1	arithmetic mean across accepted effective folds with a defined score for this metric	known-population-open-set-v1
FR-FCM-ZYVT	FR-FCM-ZYVT	dataset_name-FR-FCM-ZYVT_dataset-revision-67990f383ac8f169c9a00148febba1ed357e18e8_name-data_import.data_raw_potential-batches-1_seed-42_transformation-cofactor-150	not_applicable	dgcytof	DGCyTOF	unfiltered	.e924e671977a35b401c5c23aaf1308ed57ddaf256c55741b97fd498c2a244b62	Unfiltered	5	5	1	complete	f1_macro	0.22802335432155427	5	Macro F1	arithmetic mean across accepted effective folds with a defined score for this metric	known-population-open-set-v1
FlowCyt	FlowCyt	dataset_name-FlowCyt_dataset-revision-67990f383ac8f169c9a00148febba1ed357e18e8_name-data_import.data_raw_potential-batches-1_seed-42_transformation-cofactor-150	not_applicable	dgcytof	DGCyTOF	unfiltered	.e924e671977a35b401c5c23aaf1308ed57ddaf256c55741b97fd498c2a244b62	Unfiltered	5	5	1	complete	f1_macro	0.3362448088379286	5	Macro F1	arithmetic mean across accepted effective folds with a defined score for this metric	known-population-open-set-v1
Levine	Levine	dataset_name-Levine_dataset-revision-67990f383ac8f169c9a00148febba1ed357e18e8_name-data_import.data_raw_potential-batches-1_seed-42_transformation-cofactor-5	not_applicable	dgcytof	DGCyTOF	unfiltered	.e924e671977a35b401c5c23aaf1308ed57ddaf256c55741b97fd498c2a244b62	Unfiltered	2	2	1	complete	f1_macro	0.547260996764795	2	Macro F1	arithmetic mean across accepted effective folds with a defined score for this metric	known-population-open-set-v1
Samusik	Samusik	dataset_name-Samusik_dataset-revision-67990f383ac8f169c9a00148febba1ed357e18e8_name-data_import.data_raw_potential-batches-1_seed-42_transformation-cofactor-5	not_applicable	dgcytof	DGCyTOF	unfiltered	.e924e671977a35b401c5c23aaf1308ed57ddaf256c55741b97fd498c2a244b62	Unfiltered	5	5	1	complete	f1_macro	0.58485762638332	5	Macro F1	arithmetic mean across accepted effective folds with a defined score for this metric	known-population-open-set-v1
15723074	15723074	dataset_name-15723074_dataset-revision-4bf02d6adbe55785ca855b57274aa37b8dc843ae_name-data_import.data_raw_potential-batches-1_seed-42_transformation-cofactor-150	not_applicable	gatemeclass[E]	GateMeClass [E]	unfiltered	.e924e671977a35b401c5c23aaf1308ed57ddaf256c55741b97fd498c2a244b62	Unfiltered	5	5	1	complete	f1_macro	0.9525570874479198	5	Macro F1	arithmetic mean across accepted effective folds with a defined score for this metric	known-population-open-set-v1
BodenmillerXL	BodenmillerXL	dataset_name-BodenmillerXL_dataset-revision-67990f383ac8f169c9a00148febba1ed357e18e8_name-data_import.data_raw_potential-batches-1_seed-42_transformation-cofactor-5	not_applicable	gatemeclass[E]	GateMeClass [E]	unfiltered	.e924e671977a35b401c5c23aaf1308ed57ddaf256c55741b97fd498c2a244b62	Unfiltered	5	5	1	complete	f1_macro	0.6545595471809781	5	Macro F1	arithmetic mean across accepted effective folds with a defined score for this metric	known-population-open-set-v1
FR-FCM-Z238	FR-FCM-Z238	dataset_name-FR-FCM-Z238_dataset-revision-67990f383ac8f169c9a00148febba1ed357e18e8_name-data_import.data_raw_potential-batches-1_seed-42_transformation-cofactor-5	not_applicable	gatemeclass[E]	GateMeClass [E]	unfiltered	.e924e671977a35b401c5c23aaf1308ed57ddaf256c55741b97fd498c2a244b62	Unfiltered	0	5	0	incomplete	f1_macro	NA	0	Macro F1	arithmetic mean across accepted effective folds with a defined score for this metric	known-population-open-set-v1
FR-FCM-Z2KP-covid	FR-FCM-Z2KP-covid	dataset_name-FR-FCM-Z2KP-covid_dataset-revision-67990f383ac8f169c9a00148febba1ed357e18e8_name-data_import.data_raw_potential-batches-1_seed-42_transformation-cofactor-150	not_applicable	gatemeclass[E]	GateMeClass [E]	unfiltered	.e924e671977a35b401c5c23aaf1308ed57ddaf256c55741b97fd498c2a244b62	Unfiltered	0	5	0	incomplete	f1_macro	NA	0	Macro F1	arithmetic mean across accepted effective folds with a defined score for this metric	known-population-open-set-v1
FR-FCM-Z2KP-healthy	FR-FCM-Z2KP-healthy (n=1k)	dataset_name-FR-FCM-Z2KP-healthy_dataset-revision-67990f383ac8f169c9a00148febba1ed357e18e8_name-data_import.data_raw_potential-batches-1_seed-420_sub-sampling-1000_transformation-cofactor-150	1000	gatemeclass[E]	GateMeClass [E]	unfiltered	.e924e671977a35b401c5c23aaf1308ed57ddaf256c55741b97fd498c2a244b62	Unfiltered	5	5	1	complete	f1_macro	0.7238615564458073	5	Macro F1	arithmetic mean across accepted effective folds with a defined score for this metric	known-population-open-set-v1
FR-FCM-Z2KP-healthy	FR-FCM-Z2KP-healthy (n=5k)	dataset_name-FR-FCM-Z2KP-healthy_dataset-revision-67990f383ac8f169c9a00148febba1ed357e18e8_name-data_import.data_raw_potential-batches-1_seed-420_sub-sampling-5000_transformation-cofactor-150	5000	gatemeclass[E]	GateMeClass [E]	unfiltered	.e924e671977a35b401c5c23aaf1308ed57ddaf256c55741b97fd498c2a244b62	Unfiltered	5	5	1	complete	f1_macro	0.6096171908650119	5	Macro F1	arithmetic mean across accepted effective folds with a defined score for this metric	known-population-open-set-v1
FR-FCM-Z2KP-healthy	FR-FCM-Z2KP-healthy (n=10k)	dataset_name-FR-FCM-Z2KP-healthy_dataset-revision-67990f383ac8f169c9a00148febba1ed357e18e8_name-data_import.data_raw_potential-batches-1_seed-420_sub-sampling-10000_transformation-cofactor-150	10000	gatemeclass[E]	GateMeClass [E]	unfiltered	.e924e671977a35b401c5c23aaf1308ed57ddaf256c55741b97fd498c2a244b62	Unfiltered	5	5	1	complete	f1_macro	0.6396549748028344	5	Macro F1	arithmetic mean across accepted effective folds with a defined score for this metric	known-population-open-set-v1
FR-FCM-Z2KP-healthy	FR-FCM-Z2KP-healthy (n=50k)	dataset_name-FR-FCM-Z2KP-healthy_dataset-revision-67990f383ac8f169c9a00148febba1ed357e18e8_name-data_import.data_raw_potential-batches-1_seed-420_sub-sampling-50000_transformation-cofactor-150	50000	gatemeclass[E]	GateMeClass [E]	unfiltered	.e924e671977a35b401c5c23aaf1308ed57ddaf256c55741b97fd498c2a244b62	Unfiltered	5	5	1	complete	f1_macro	0.6379569586334253	5	Macro F1	arithmetic mean across accepted effective folds with a defined score for this metric	known-population-open-set-v1
FR-FCM-Z2KP-healthy	FR-FCM-Z2KP-healthy (n=100k)	dataset_name-FR-FCM-Z2KP-healthy_dataset-revision-67990f383ac8f169c9a00148febba1ed357e18e8_name-data_import.data_raw_potential-batches-1_seed-420_sub-sampling-100000_transformation-cofactor-150	1e+05	gatemeclass[E]	GateMeClass [E]	unfiltered	.e924e671977a35b401c5c23aaf1308ed57ddaf256c55741b97fd498c2a244b62	Unfiltered	5	5	1	complete	f1_macro	0.595811905036215	5	Macro F1	arithmetic mean across accepted effective folds with a defined score for this metric	known-population-open-set-v1
FR-FCM-Z2KP-healthy	FR-FCM-Z2KP-healthy	dataset_name-FR-FCM-Z2KP-healthy_dataset-revision-67990f383ac8f169c9a00148febba1ed357e18e8_name-data_import.data_raw_potential-batches-1_seed-42_transformation-cofactor-150	not_applicable	gatemeclass[E]	GateMeClass [E]	unfiltered	.e924e671977a35b401c5c23aaf1308ed57ddaf256c55741b97fd498c2a244b62	Unfiltered	5	5	1	complete	f1_macro	0.6301100302639615	5	Macro F1	arithmetic mean across accepted effective folds with a defined score for this metric	known-population-open-set-v1
FR-FCM-Z3YR	FR-FCM-Z3YR	dataset_name-FR-FCM-Z3YR_dataset-revision-67990f383ac8f169c9a00148febba1ed357e18e8_name-data_import.data_raw_potential-batches-1_seed-42_transformation-cofactor-5	not_applicable	gatemeclass[E]	GateMeClass [E]	unfiltered	.e924e671977a35b401c5c23aaf1308ed57ddaf256c55741b97fd498c2a244b62	Unfiltered	0	5	0	incomplete	f1_macro	NA	0	Macro F1	arithmetic mean across accepted effective folds with a defined score for this metric	known-population-open-set-v1
FR-FCM-Z7CH-BALBc	FR-FCM-Z7CH-BALBc	dataset_name-FR-FCM-Z7CH-BALBc_dataset-revision-4bf02d6adbe55785ca855b57274aa37b8dc843ae_name-data_import.data_raw_potential-batches-1_seed-42_transformation-cofactor-150	not_applicable	gatemeclass[E]	GateMeClass [E]	unfiltered	.e924e671977a35b401c5c23aaf1308ed57ddaf256c55741b97fd498c2a244b62	Unfiltered	5	5	1	complete	f1_macro	0.46685985555353854	5	Macro F1	arithmetic mean across accepted effective folds with a defined score for this metric	known-population-open-set-v1
FR-FCM-Z7CH-C57BL6	FR-FCM-Z7CH-C57BL6	dataset_name-FR-FCM-Z7CH-C57BL6_dataset-revision-4bf02d6adbe55785ca855b57274aa37b8dc843ae_name-data_import.data_raw_potential-batches-1_seed-42_transformation-cofactor-150	not_applicable	gatemeclass[E]	GateMeClass [E]	unfiltered	.e924e671977a35b401c5c23aaf1308ed57ddaf256c55741b97fd498c2a244b62	Unfiltered	5	5	1	complete	f1_macro	0.4582647105383425	5	Macro F1	arithmetic mean across accepted effective folds with a defined score for this metric	known-population-open-set-v1
FR-FCM-ZY34	FR-FCM-ZY34	dataset_name-FR-FCM-ZY34_dataset-revision-67990f383ac8f169c9a00148febba1ed357e18e8_name-data_import.data_raw_potential-batches-1_seed-42_transformation-cofactor-150	not_applicable	gatemeclass[E]	GateMeClass [E]	unfiltered	.e924e671977a35b401c5c23aaf1308ed57ddaf256c55741b97fd498c2a244b62	Unfiltered	5	5	1	complete	f1_macro	0.1500398991788382	5	Macro F1	arithmetic mean across accepted effective folds with a defined score for this metric	known-population-open-set-v1
FR-FCM-ZYVT	FR-FCM-ZYVT	dataset_name-FR-FCM-ZYVT_dataset-revision-67990f383ac8f169c9a00148febba1ed357e18e8_name-data_import.data_raw_potential-batches-1_seed-42_transformation-cofactor-150	not_applicable	gatemeclass[E]	GateMeClass [E]	unfiltered	.e924e671977a35b401c5c23aaf1308ed57ddaf256c55741b97fd498c2a244b62	Unfiltered	5	5	1	complete	f1_macro	0.24681854777094603	5	Macro F1	arithmetic mean across accepted effective folds with a defined score for this metric	known-population-open-set-v1
FlowCyt	FlowCyt	dataset_name-FlowCyt_dataset-revision-67990f383ac8f169c9a00148febba1ed357e18e8_name-data_import.data_raw_potential-batches-1_seed-42_transformation-cofactor-150	not_applicable	gatemeclass[E]	GateMeClass [E]	unfiltered	.e924e671977a35b401c5c23aaf1308ed57ddaf256c55741b97fd498c2a244b62	Unfiltered	0	5	0	incomplete	f1_macro	NA	0	Macro F1	arithmetic mean across accepted effective folds with a defined score for this metric	known-population-open-set-v1
Levine	Levine	dataset_name-Levine_dataset-revision-67990f383ac8f169c9a00148febba1ed357e18e8_name-data_import.data_raw_potential-batches-1_seed-42_transformation-cofactor-5	not_applicable	gatemeclass[E]	GateMeClass [E]	unfiltered	.e924e671977a35b401c5c23aaf1308ed57ddaf256c55741b97fd498c2a244b62	Unfiltered	2	2	1	complete	f1_macro	0.44761655447110615	2	Macro F1	arithmetic mean across accepted effective folds with a defined score for this metric	known-population-open-set-v1
Samusik	Samusik	dataset_name-Samusik_dataset-revision-67990f383ac8f169c9a00148febba1ed357e18e8_name-data_import.data_raw_potential-batches-1_seed-42_transformation-cofactor-5	not_applicable	gatemeclass[E]	GateMeClass [E]	unfiltered	.e924e671977a35b401c5c23aaf1308ed57ddaf256c55741b97fd498c2a244b62	Unfiltered	5	5	1	complete	f1_macro	0.5017377264401084	5	Macro F1	arithmetic mean across accepted effective folds with a defined score for this metric	known-population-open-set-v1
15723074	15723074	dataset_name-15723074_dataset-revision-4bf02d6adbe55785ca855b57274aa37b8dc843ae_name-data_import.data_raw_potential-batches-1_seed-42_transformation-cofactor-150	not_applicable	gatemeclass[V]	GateMeClass [V]	unfiltered	.e924e671977a35b401c5c23aaf1308ed57ddaf256c55741b97fd498c2a244b62	Unfiltered	5	5	1	complete	f1_macro	0.682044093090989	5	Macro F1	arithmetic mean across accepted effective folds with a defined score for this metric	known-population-open-set-v1
BodenmillerXL	BodenmillerXL	dataset_name-BodenmillerXL_dataset-revision-67990f383ac8f169c9a00148febba1ed357e18e8_name-data_import.data_raw_potential-batches-1_seed-42_transformation-cofactor-5	not_applicable	gatemeclass[V]	GateMeClass [V]	unfiltered	.e924e671977a35b401c5c23aaf1308ed57ddaf256c55741b97fd498c2a244b62	Unfiltered	5	5	1	complete	f1_macro	0.46361031784386403	5	Macro F1	arithmetic mean across accepted effective folds with a defined score for this metric	known-population-open-set-v1
FR-FCM-Z238	FR-FCM-Z238	dataset_name-FR-FCM-Z238_dataset-revision-67990f383ac8f169c9a00148febba1ed357e18e8_name-data_import.data_raw_potential-batches-1_seed-42_transformation-cofactor-5	not_applicable	gatemeclass[V]	GateMeClass [V]	unfiltered	.e924e671977a35b401c5c23aaf1308ed57ddaf256c55741b97fd498c2a244b62	Unfiltered	0	5	0	incomplete	f1_macro	NA	0	Macro F1	arithmetic mean across accepted effective folds with a defined score for this metric	known-population-open-set-v1
FR-FCM-Z2KP-covid	FR-FCM-Z2KP-covid	dataset_name-FR-FCM-Z2KP-covid_dataset-revision-67990f383ac8f169c9a00148febba1ed357e18e8_name-data_import.data_raw_potential-batches-1_seed-42_transformation-cofactor-150	not_applicable	gatemeclass[V]	GateMeClass [V]	unfiltered	.e924e671977a35b401c5c23aaf1308ed57ddaf256c55741b97fd498c2a244b62	Unfiltered	0	5	0	incomplete	f1_macro	NA	0	Macro F1	arithmetic mean across accepted effective folds with a defined score for this metric	known-population-open-set-v1
FR-FCM-Z2KP-healthy	FR-FCM-Z2KP-healthy (n=1k)	dataset_name-FR-FCM-Z2KP-healthy_dataset-revision-67990f383ac8f169c9a00148febba1ed357e18e8_name-data_import.data_raw_potential-batches-1_seed-420_sub-sampling-1000_transformation-cofactor-150	1000	gatemeclass[V]	GateMeClass [V]	unfiltered	.e924e671977a35b401c5c23aaf1308ed57ddaf256c55741b97fd498c2a244b62	Unfiltered	5	5	1	complete	f1_macro	0.6345380055862472	5	Macro F1	arithmetic mean across accepted effective folds with a defined score for this metric	known-population-open-set-v1
FR-FCM-Z2KP-healthy	FR-FCM-Z2KP-healthy (n=5k)	dataset_name-FR-FCM-Z2KP-healthy_dataset-revision-67990f383ac8f169c9a00148febba1ed357e18e8_name-data_import.data_raw_potential-batches-1_seed-420_sub-sampling-5000_transformation-cofactor-150	5000	gatemeclass[V]	GateMeClass [V]	unfiltered	.e924e671977a35b401c5c23aaf1308ed57ddaf256c55741b97fd498c2a244b62	Unfiltered	5	5	1	complete	f1_macro	0.6925958925129434	5	Macro F1	arithmetic mean across accepted effective folds with a defined score for this metric	known-population-open-set-v1
FR-FCM-Z2KP-healthy	FR-FCM-Z2KP-healthy (n=10k)	dataset_name-FR-FCM-Z2KP-healthy_dataset-revision-67990f383ac8f169c9a00148febba1ed357e18e8_name-data_import.data_raw_potential-batches-1_seed-420_sub-sampling-10000_transformation-cofactor-150	10000	gatemeclass[V]	GateMeClass [V]	unfiltered	.e924e671977a35b401c5c23aaf1308ed57ddaf256c55741b97fd498c2a244b62	Unfiltered	5	5	1	complete	f1_macro	0.7024980826263612	5	Macro F1	arithmetic mean across accepted effective folds with a defined score for this metric	known-population-open-set-v1
FR-FCM-Z2KP-healthy	FR-FCM-Z2KP-healthy (n=50k)	dataset_name-FR-FCM-Z2KP-healthy_dataset-revision-67990f383ac8f169c9a00148febba1ed357e18e8_name-data_import.data_raw_potential-batches-1_seed-420_sub-sampling-50000_transformation-cofactor-150	50000	gatemeclass[V]	GateMeClass [V]	unfiltered	.e924e671977a35b401c5c23aaf1308ed57ddaf256c55741b97fd498c2a244b62	Unfiltered	5	5	1	complete	f1_macro	0.6114133763512208	5	Macro F1	arithmetic mean across accepted effective folds with a defined score for this metric	known-population-open-set-v1
FR-FCM-Z2KP-healthy	FR-FCM-Z2KP-healthy (n=100k)	dataset_name-FR-FCM-Z2KP-healthy_dataset-revision-67990f383ac8f169c9a00148febba1ed357e18e8_name-data_import.data_raw_potential-batches-1_seed-420_sub-sampling-100000_transformation-cofactor-150	1e+05	gatemeclass[V]	GateMeClass [V]	unfiltered	.e924e671977a35b401c5c23aaf1308ed57ddaf256c55741b97fd498c2a244b62	Unfiltered	5	5	1	complete	f1_macro	0.6392871759018617	5	Macro F1	arithmetic mean across accepted effective folds with a defined score for this metric	known-population-open-set-v1
FR-FCM-Z2KP-healthy	FR-FCM-Z2KP-healthy	dataset_name-FR-FCM-Z2KP-healthy_dataset-revision-67990f383ac8f169c9a00148febba1ed357e18e8_name-data_import.data_raw_potential-batches-1_seed-42_transformation-cofactor-150	not_applicable	gatemeclass[V]	GateMeClass [V]	unfiltered	.e924e671977a35b401c5c23aaf1308ed57ddaf256c55741b97fd498c2a244b62	Unfiltered	5	5	1	complete	f1_macro	0.6080328528989539	5	Macro F1	arithmetic mean across accepted effective folds with a defined score for this metric	known-population-open-set-v1
FR-FCM-Z3YR	FR-FCM-Z3YR	dataset_name-FR-FCM-Z3YR_dataset-revision-67990f383ac8f169c9a00148febba1ed357e18e8_name-data_import.data_raw_potential-batches-1_seed-42_transformation-cofactor-5	not_applicable	gatemeclass[V]	GateMeClass [V]	unfiltered	.e924e671977a35b401c5c23aaf1308ed57ddaf256c55741b97fd498c2a244b62	Unfiltered	0	5	0	incomplete	f1_macro	NA	0	Macro F1	arithmetic mean across accepted effective folds with a defined score for this metric	known-population-open-set-v1
FR-FCM-Z7CH-BALBc	FR-FCM-Z7CH-BALBc	dataset_name-FR-FCM-Z7CH-BALBc_dataset-revision-4bf02d6adbe55785ca855b57274aa37b8dc843ae_name-data_import.data_raw_potential-batches-1_seed-42_transformation-cofactor-150	not_applicable	gatemeclass[V]	GateMeClass [V]	unfiltered	.e924e671977a35b401c5c23aaf1308ed57ddaf256c55741b97fd498c2a244b62	Unfiltered	5	5	1	complete	f1_macro	0.4779459328870656	5	Macro F1	arithmetic mean across accepted effective folds with a defined score for this metric	known-population-open-set-v1
FR-FCM-Z7CH-C57BL6	FR-FCM-Z7CH-C57BL6	dataset_name-FR-FCM-Z7CH-C57BL6_dataset-revision-4bf02d6adbe55785ca855b57274aa37b8dc843ae_name-data_import.data_raw_potential-batches-1_seed-42_transformation-cofactor-150	not_applicable	gatemeclass[V]	GateMeClass [V]	unfiltered	.e924e671977a35b401c5c23aaf1308ed57ddaf256c55741b97fd498c2a244b62	Unfiltered	5	5	1	complete	f1_macro	0.587825043578481	5	Macro F1	arithmetic mean across accepted effective folds with a defined score for this metric	known-population-open-set-v1
FR-FCM-ZY34	FR-FCM-ZY34	dataset_name-FR-FCM-ZY34_dataset-revision-67990f383ac8f169c9a00148febba1ed357e18e8_name-data_import.data_raw_potential-batches-1_seed-42_transformation-cofactor-150	not_applicable	gatemeclass[V]	GateMeClass [V]	unfiltered	.e924e671977a35b401c5c23aaf1308ed57ddaf256c55741b97fd498c2a244b62	Unfiltered	5	5	1	complete	f1_macro	0.1441443638651146	5	Macro F1	arithmetic mean across accepted effective folds with a defined score for this metric	known-population-open-set-v1
FR-FCM-ZYVT	FR-FCM-ZYVT	dataset_name-FR-FCM-ZYVT_dataset-revision-67990f383ac8f169c9a00148febba1ed357e18e8_name-data_import.data_raw_potential-batches-1_seed-42_transformation-cofactor-150	not_applicable	gatemeclass[V]	GateMeClass [V]	unfiltered	.e924e671977a35b401c5c23aaf1308ed57ddaf256c55741b97fd498c2a244b62	Unfiltered	5	5	1	complete	f1_macro	0.23320732921521142	5	Macro F1	arithmetic mean across accepted effective folds with a defined score for this metric	known-population-open-set-v1
FlowCyt	FlowCyt	dataset_name-FlowCyt_dataset-revision-67990f383ac8f169c9a00148febba1ed357e18e8_name-data_import.data_raw_potential-batches-1_seed-42_transformation-cofactor-150	not_applicable	gatemeclass[V]	GateMeClass [V]	unfiltered	.e924e671977a35b401c5c23aaf1308ed57ddaf256c55741b97fd498c2a244b62	Unfiltered	0	5	0	incomplete	f1_macro	NA	0	Macro F1	arithmetic mean across accepted effective folds with a defined score for this metric	known-population-open-set-v1
Levine	Levine	dataset_name-Levine_dataset-revision-67990f383ac8f169c9a00148febba1ed357e18e8_name-data_import.data_raw_potential-batches-1_seed-42_transformation-cofactor-5	not_applicable	gatemeclass[V]	GateMeClass [V]	unfiltered	.e924e671977a35b401c5c23aaf1308ed57ddaf256c55741b97fd498c2a244b62	Unfiltered	2	2	1	complete	f1_macro	0.4632461781674977	2	Macro F1	arithmetic mean across accepted effective folds with a defined score for this metric	known-population-open-set-v1
Samusik	Samusik	dataset_name-Samusik_dataset-revision-67990f383ac8f169c9a00148febba1ed357e18e8_name-data_import.data_raw_potential-batches-1_seed-42_transformation-cofactor-5	not_applicable	gatemeclass[V]	GateMeClass [V]	unfiltered	.e924e671977a35b401c5c23aaf1308ed57ddaf256c55741b97fd498c2a244b62	Unfiltered	5	5	1	complete	f1_macro	0.46908278915760115	5	Macro F1	arithmetic mean across accepted effective folds with a defined score for this metric	known-population-open-set-v1
15723074	15723074	dataset_name-15723074_dataset-revision-4bf02d6adbe55785ca855b57274aa37b8dc843ae_name-data_import.data_raw_potential-batches-1_seed-42_transformation-cofactor-150	not_applicable	knn	KNN	unfiltered	.e924e671977a35b401c5c23aaf1308ed57ddaf256c55741b97fd498c2a244b62	Unfiltered	5	5	1	complete	f1_macro	0.7658186731639254	5	Macro F1	arithmetic mean across accepted effective folds with a defined score for this metric	known-population-open-set-v1
BodenmillerXL	BodenmillerXL	dataset_name-BodenmillerXL_dataset-revision-67990f383ac8f169c9a00148febba1ed357e18e8_name-data_import.data_raw_potential-batches-1_seed-42_transformation-cofactor-5	not_applicable	knn	KNN	unfiltered	.e924e671977a35b401c5c23aaf1308ed57ddaf256c55741b97fd498c2a244b62	Unfiltered	5	5	1	complete	f1_macro	0.7244033138369641	5	Macro F1	arithmetic mean across accepted effective folds with a defined score for this metric	known-population-open-set-v1
FR-FCM-Z238	FR-FCM-Z238	dataset_name-FR-FCM-Z238_dataset-revision-67990f383ac8f169c9a00148febba1ed357e18e8_name-data_import.data_raw_potential-batches-1_seed-42_transformation-cofactor-5	not_applicable	knn	KNN	unfiltered	.e924e671977a35b401c5c23aaf1308ed57ddaf256c55741b97fd498c2a244b62	Unfiltered	5	5	1	complete	f1_macro	0.4566967870596061	5	Macro F1	arithmetic mean across accepted effective folds with a defined score for this metric	known-population-open-set-v1
FR-FCM-Z2KP-covid	FR-FCM-Z2KP-covid	dataset_name-FR-FCM-Z2KP-covid_dataset-revision-67990f383ac8f169c9a00148febba1ed357e18e8_name-data_import.data_raw_potential-batches-1_seed-42_transformation-cofactor-150	not_applicable	knn	KNN	unfiltered	.e924e671977a35b401c5c23aaf1308ed57ddaf256c55741b97fd498c2a244b62	Unfiltered	5	5	1	complete	f1_macro	0.690839861373017	5	Macro F1	arithmetic mean across accepted effective folds with a defined score for this metric	known-population-open-set-v1
FR-FCM-Z2KP-healthy	FR-FCM-Z2KP-healthy (n=1k)	dataset_name-FR-FCM-Z2KP-healthy_dataset-revision-67990f383ac8f169c9a00148febba1ed357e18e8_name-data_import.data_raw_potential-batches-1_seed-420_sub-sampling-1000_transformation-cofactor-150	1000	knn	KNN	unfiltered	.e924e671977a35b401c5c23aaf1308ed57ddaf256c55741b97fd498c2a244b62	Unfiltered	5	5	1	complete	f1_macro	0.7080053367524332	5	Macro F1	arithmetic mean across accepted effective folds with a defined score for this metric	known-population-open-set-v1
FR-FCM-Z2KP-healthy	FR-FCM-Z2KP-healthy (n=5k)	dataset_name-FR-FCM-Z2KP-healthy_dataset-revision-67990f383ac8f169c9a00148febba1ed357e18e8_name-data_import.data_raw_potential-batches-1_seed-420_sub-sampling-5000_transformation-cofactor-150	5000	knn	KNN	unfiltered	.e924e671977a35b401c5c23aaf1308ed57ddaf256c55741b97fd498c2a244b62	Unfiltered	5	5	1	complete	f1_macro	0.7084753864719525	5	Macro F1	arithmetic mean across accepted effective folds with a defined score for this metric	known-population-open-set-v1
FR-FCM-Z2KP-healthy	FR-FCM-Z2KP-healthy (n=10k)	dataset_name-FR-FCM-Z2KP-healthy_dataset-revision-67990f383ac8f169c9a00148febba1ed357e18e8_name-data_import.data_raw_potential-batches-1_seed-420_sub-sampling-10000_transformation-cofactor-150	10000	knn	KNN	unfiltered	.e924e671977a35b401c5c23aaf1308ed57ddaf256c55741b97fd498c2a244b62	Unfiltered	5	5	1	complete	f1_macro	0.7042771809155303	5	Macro F1	arithmetic mean across accepted effective folds with a defined score for this metric	known-population-open-set-v1
FR-FCM-Z2KP-healthy	FR-FCM-Z2KP-healthy (n=50k)	dataset_name-FR-FCM-Z2KP-healthy_dataset-revision-67990f383ac8f169c9a00148febba1ed357e18e8_name-data_import.data_raw_potential-batches-1_seed-420_sub-sampling-50000_transformation-cofactor-150	50000	knn	KNN	unfiltered	.e924e671977a35b401c5c23aaf1308ed57ddaf256c55741b97fd498c2a244b62	Unfiltered	5	5	1	complete	f1_macro	0.7097890278661682	5	Macro F1	arithmetic mean across accepted effective folds with a defined score for this metric	known-population-open-set-v1
FR-FCM-Z2KP-healthy	FR-FCM-Z2KP-healthy (n=100k)	dataset_name-FR-FCM-Z2KP-healthy_dataset-revision-67990f383ac8f169c9a00148febba1ed357e18e8_name-data_import.data_raw_potential-batches-1_seed-420_sub-sampling-100000_transformation-cofactor-150	1e+05	knn	KNN	unfiltered	.e924e671977a35b401c5c23aaf1308ed57ddaf256c55741b97fd498c2a244b62	Unfiltered	5	5	1	complete	f1_macro	0.7153490511453875	5	Macro F1	arithmetic mean across accepted effective folds with a defined score for this metric	known-population-open-set-v1
FR-FCM-Z2KP-healthy	FR-FCM-Z2KP-healthy	dataset_name-FR-FCM-Z2KP-healthy_dataset-revision-67990f383ac8f169c9a00148febba1ed357e18e8_name-data_import.data_raw_potential-batches-1_seed-42_transformation-cofactor-150	not_applicable	knn	KNN	unfiltered	.e924e671977a35b401c5c23aaf1308ed57ddaf256c55741b97fd498c2a244b62	Unfiltered	5	5	1	complete	f1_macro	0.7177953794971939	5	Macro F1	arithmetic mean across accepted effective folds with a defined score for this metric	known-population-open-set-v1
FR-FCM-Z3YR	FR-FCM-Z3YR	dataset_name-FR-FCM-Z3YR_dataset-revision-67990f383ac8f169c9a00148febba1ed357e18e8_name-data_import.data_raw_potential-batches-1_seed-42_transformation-cofactor-5	not_applicable	knn	KNN	unfiltered	.e924e671977a35b401c5c23aaf1308ed57ddaf256c55741b97fd498c2a244b62	Unfiltered	5	5	1	complete	f1_macro	0.653484754456174	5	Macro F1	arithmetic mean across accepted effective folds with a defined score for this metric	known-population-open-set-v1
FR-FCM-Z7CH-BALBc	FR-FCM-Z7CH-BALBc	dataset_name-FR-FCM-Z7CH-BALBc_dataset-revision-4bf02d6adbe55785ca855b57274aa37b8dc843ae_name-data_import.data_raw_potential-batches-1_seed-42_transformation-cofactor-150	not_applicable	knn	KNN	unfiltered	.e924e671977a35b401c5c23aaf1308ed57ddaf256c55741b97fd498c2a244b62	Unfiltered	5	5	1	complete	f1_macro	0.4839968230297223	5	Macro F1	arithmetic mean across accepted effective folds with a defined score for this metric	known-population-open-set-v1
FR-FCM-Z7CH-C57BL6	FR-FCM-Z7CH-C57BL6	dataset_name-FR-FCM-Z7CH-C57BL6_dataset-revision-4bf02d6adbe55785ca855b57274aa37b8dc843ae_name-data_import.data_raw_potential-batches-1_seed-42_transformation-cofactor-150	not_applicable	knn	KNN	unfiltered	.e924e671977a35b401c5c23aaf1308ed57ddaf256c55741b97fd498c2a244b62	Unfiltered	5	5	1	complete	f1_macro	0.49130070322537134	5	Macro F1	arithmetic mean across accepted effective folds with a defined score for this metric	known-population-open-set-v1
FR-FCM-ZY34	FR-FCM-ZY34	dataset_name-FR-FCM-ZY34_dataset-revision-67990f383ac8f169c9a00148febba1ed357e18e8_name-data_import.data_raw_potential-batches-1_seed-42_transformation-cofactor-150	not_applicable	knn	KNN	unfiltered	.e924e671977a35b401c5c23aaf1308ed57ddaf256c55741b97fd498c2a244b62	Unfiltered	5	5	1	complete	f1_macro	0.11379118690369873	5	Macro F1	arithmetic mean across accepted effective folds with a defined score for this metric	known-population-open-set-v1
FR-FCM-ZYVT	FR-FCM-ZYVT	dataset_name-FR-FCM-ZYVT_dataset-revision-67990f383ac8f169c9a00148febba1ed357e18e8_name-data_import.data_raw_potential-batches-1_seed-42_transformation-cofactor-150	not_applicable	knn	KNN	unfiltered	.e924e671977a35b401c5c23aaf1308ed57ddaf256c55741b97fd498c2a244b62	Unfiltered	5	5	1	complete	f1_macro	0.22241582010687042	5	Macro F1	arithmetic mean across accepted effective folds with a defined score for this metric	known-population-open-set-v1
FlowCyt	FlowCyt	dataset_name-FlowCyt_dataset-revision-67990f383ac8f169c9a00148febba1ed357e18e8_name-data_import.data_raw_potential-batches-1_seed-42_transformation-cofactor-150	not_applicable	knn	KNN	unfiltered	.e924e671977a35b401c5c23aaf1308ed57ddaf256c55741b97fd498c2a244b62	Unfiltered	5	5	1	complete	f1_macro	0.23915048774918982	5	Macro F1	arithmetic mean across accepted effective folds with a defined score for this metric	known-population-open-set-v1
Levine	Levine	dataset_name-Levine_dataset-revision-67990f383ac8f169c9a00148febba1ed357e18e8_name-data_import.data_raw_potential-batches-1_seed-42_transformation-cofactor-5	not_applicable	knn	KNN	unfiltered	.e924e671977a35b401c5c23aaf1308ed57ddaf256c55741b97fd498c2a244b62	Unfiltered	2	2	1	complete	f1_macro	0.4837942274026167	2	Macro F1	arithmetic mean across accepted effective folds with a defined score for this metric	known-population-open-set-v1
Samusik	Samusik	dataset_name-Samusik_dataset-revision-67990f383ac8f169c9a00148febba1ed357e18e8_name-data_import.data_raw_potential-batches-1_seed-42_transformation-cofactor-5	not_applicable	knn	KNN	unfiltered	.e924e671977a35b401c5c23aaf1308ed57ddaf256c55741b97fd498c2a244b62	Unfiltered	5	5	1	complete	f1_macro	0.5266788894446262	5	Macro F1	arithmetic mean across accepted effective folds with a defined score for this metric	known-population-open-set-v1
15723074	15723074	dataset_name-15723074_dataset-revision-4bf02d6adbe55785ca855b57274aa37b8dc843ae_name-data_import.data_raw_potential-batches-1_seed-42_transformation-cofactor-150	not_applicable	lda	LDA	unfiltered	.e924e671977a35b401c5c23aaf1308ed57ddaf256c55741b97fd498c2a244b62	Unfiltered	5	5	1	complete	f1_macro	0.7682304940067273	5	Macro F1	arithmetic mean across accepted effective folds with a defined score for this metric	known-population-open-set-v1
BodenmillerXL	BodenmillerXL	dataset_name-BodenmillerXL_dataset-revision-67990f383ac8f169c9a00148febba1ed357e18e8_name-data_import.data_raw_potential-batches-1_seed-42_transformation-cofactor-5	not_applicable	lda	LDA	unfiltered	.e924e671977a35b401c5c23aaf1308ed57ddaf256c55741b97fd498c2a244b62	Unfiltered	5	5	1	complete	f1_macro	0.833015891371239	5	Macro F1	arithmetic mean across accepted effective folds with a defined score for this metric	known-population-open-set-v1
FR-FCM-Z238	FR-FCM-Z238	dataset_name-FR-FCM-Z238_dataset-revision-67990f383ac8f169c9a00148febba1ed357e18e8_name-data_import.data_raw_potential-batches-1_seed-42_transformation-cofactor-5	not_applicable	lda	LDA	unfiltered	.e924e671977a35b401c5c23aaf1308ed57ddaf256c55741b97fd498c2a244b62	Unfiltered	5	5	1	complete	f1_macro	0.5716029500593915	5	Macro F1	arithmetic mean across accepted effective folds with a defined score for this metric	known-population-open-set-v1
FR-FCM-Z2KP-covid	FR-FCM-Z2KP-covid	dataset_name-FR-FCM-Z2KP-covid_dataset-revision-67990f383ac8f169c9a00148febba1ed357e18e8_name-data_import.data_raw_potential-batches-1_seed-42_transformation-cofactor-150	not_applicable	lda	LDA	unfiltered	.e924e671977a35b401c5c23aaf1308ed57ddaf256c55741b97fd498c2a244b62	Unfiltered	5	5	1	complete	f1_macro	0.7962829030109582	5	Macro F1	arithmetic mean across accepted effective folds with a defined score for this metric	known-population-open-set-v1
FR-FCM-Z2KP-healthy	FR-FCM-Z2KP-healthy (n=1k)	dataset_name-FR-FCM-Z2KP-healthy_dataset-revision-67990f383ac8f169c9a00148febba1ed357e18e8_name-data_import.data_raw_potential-batches-1_seed-420_sub-sampling-1000_transformation-cofactor-150	1000	lda	LDA	unfiltered	.e924e671977a35b401c5c23aaf1308ed57ddaf256c55741b97fd498c2a244b62	Unfiltered	5	5	1	complete	f1_macro	0.8019427589552143	5	Macro F1	arithmetic mean across accepted effective folds with a defined score for this metric	known-population-open-set-v1
FR-FCM-Z2KP-healthy	FR-FCM-Z2KP-healthy (n=5k)	dataset_name-FR-FCM-Z2KP-healthy_dataset-revision-67990f383ac8f169c9a00148febba1ed357e18e8_name-data_import.data_raw_potential-batches-1_seed-420_sub-sampling-5000_transformation-cofactor-150	5000	lda	LDA	unfiltered	.e924e671977a35b401c5c23aaf1308ed57ddaf256c55741b97fd498c2a244b62	Unfiltered	5	5	1	complete	f1_macro	0.8103166887989839	5	Macro F1	arithmetic mean across accepted effective folds with a defined score for this metric	known-population-open-set-v1
FR-FCM-Z2KP-healthy	FR-FCM-Z2KP-healthy (n=10k)	dataset_name-FR-FCM-Z2KP-healthy_dataset-revision-67990f383ac8f169c9a00148febba1ed357e18e8_name-data_import.data_raw_potential-batches-1_seed-420_sub-sampling-10000_transformation-cofactor-150	10000	lda	LDA	unfiltered	.e924e671977a35b401c5c23aaf1308ed57ddaf256c55741b97fd498c2a244b62	Unfiltered	5	5	1	complete	f1_macro	0.811228533586481	5	Macro F1	arithmetic mean across accepted effective folds with a defined score for this metric	known-population-open-set-v1
FR-FCM-Z2KP-healthy	FR-FCM-Z2KP-healthy (n=50k)	dataset_name-FR-FCM-Z2KP-healthy_dataset-revision-67990f383ac8f169c9a00148febba1ed357e18e8_name-data_import.data_raw_potential-batches-1_seed-420_sub-sampling-50000_transformation-cofactor-150	50000	lda	LDA	unfiltered	.e924e671977a35b401c5c23aaf1308ed57ddaf256c55741b97fd498c2a244b62	Unfiltered	5	5	1	complete	f1_macro	0.8110044073659787	5	Macro F1	arithmetic mean across accepted effective folds with a defined score for this metric	known-population-open-set-v1
FR-FCM-Z2KP-healthy	FR-FCM-Z2KP-healthy (n=100k)	dataset_name-FR-FCM-Z2KP-healthy_dataset-revision-67990f383ac8f169c9a00148febba1ed357e18e8_name-data_import.data_raw_potential-batches-1_seed-420_sub-sampling-100000_transformation-cofactor-150	1e+05	lda	LDA	unfiltered	.e924e671977a35b401c5c23aaf1308ed57ddaf256c55741b97fd498c2a244b62	Unfiltered	5	5	1	complete	f1_macro	0.8107835726299218	5	Macro F1	arithmetic mean across accepted effective folds with a defined score for this metric	known-population-open-set-v1
FR-FCM-Z2KP-healthy	FR-FCM-Z2KP-healthy	dataset_name-FR-FCM-Z2KP-healthy_dataset-revision-67990f383ac8f169c9a00148febba1ed357e18e8_name-data_import.data_raw_potential-batches-1_seed-42_transformation-cofactor-150	not_applicable	lda	LDA	unfiltered	.e924e671977a35b401c5c23aaf1308ed57ddaf256c55741b97fd498c2a244b62	Unfiltered	5	5	1	complete	f1_macro	0.8092138163390273	5	Macro F1	arithmetic mean across accepted effective folds with a defined score for this metric	known-population-open-set-v1
FR-FCM-Z3YR	FR-FCM-Z3YR	dataset_name-FR-FCM-Z3YR_dataset-revision-67990f383ac8f169c9a00148febba1ed357e18e8_name-data_import.data_raw_potential-batches-1_seed-42_transformation-cofactor-5	not_applicable	lda	LDA	unfiltered	.e924e671977a35b401c5c23aaf1308ed57ddaf256c55741b97fd498c2a244b62	Unfiltered	5	5	1	complete	f1_macro	0.733573681483792	5	Macro F1	arithmetic mean across accepted effective folds with a defined score for this metric	known-population-open-set-v1
FR-FCM-Z7CH-BALBc	FR-FCM-Z7CH-BALBc	dataset_name-FR-FCM-Z7CH-BALBc_dataset-revision-4bf02d6adbe55785ca855b57274aa37b8dc843ae_name-data_import.data_raw_potential-batches-1_seed-42_transformation-cofactor-150	not_applicable	lda	LDA	unfiltered	.e924e671977a35b401c5c23aaf1308ed57ddaf256c55741b97fd498c2a244b62	Unfiltered	5	5	1	complete	f1_macro	0.5397583844266292	5	Macro F1	arithmetic mean across accepted effective folds with a defined score for this metric	known-population-open-set-v1
FR-FCM-Z7CH-C57BL6	FR-FCM-Z7CH-C57BL6	dataset_name-FR-FCM-Z7CH-C57BL6_dataset-revision-4bf02d6adbe55785ca855b57274aa37b8dc843ae_name-data_import.data_raw_potential-batches-1_seed-42_transformation-cofactor-150	not_applicable	lda	LDA	unfiltered	.e924e671977a35b401c5c23aaf1308ed57ddaf256c55741b97fd498c2a244b62	Unfiltered	5	5	1	complete	f1_macro	0.5256547151378196	5	Macro F1	arithmetic mean across accepted effective folds with a defined score for this metric	known-population-open-set-v1
FR-FCM-ZY34	FR-FCM-ZY34	dataset_name-FR-FCM-ZY34_dataset-revision-67990f383ac8f169c9a00148febba1ed357e18e8_name-data_import.data_raw_potential-batches-1_seed-42_transformation-cofactor-150	not_applicable	lda	LDA	unfiltered	.e924e671977a35b401c5c23aaf1308ed57ddaf256c55741b97fd498c2a244b62	Unfiltered	5	5	1	complete	f1_macro	0.25751204815989903	5	Macro F1	arithmetic mean across accepted effective folds with a defined score for this metric	known-population-open-set-v1
FR-FCM-ZYVT	FR-FCM-ZYVT	dataset_name-FR-FCM-ZYVT_dataset-revision-67990f383ac8f169c9a00148febba1ed357e18e8_name-data_import.data_raw_potential-batches-1_seed-42_transformation-cofactor-150	not_applicable	lda	LDA	unfiltered	.e924e671977a35b401c5c23aaf1308ed57ddaf256c55741b97fd498c2a244b62	Unfiltered	5	5	1	complete	f1_macro	0.2319461089305297	5	Macro F1	arithmetic mean across accepted effective folds with a defined score for this metric	known-population-open-set-v1
FlowCyt	FlowCyt	dataset_name-FlowCyt_dataset-revision-67990f383ac8f169c9a00148febba1ed357e18e8_name-data_import.data_raw_potential-batches-1_seed-42_transformation-cofactor-150	not_applicable	lda	LDA	unfiltered	.e924e671977a35b401c5c23aaf1308ed57ddaf256c55741b97fd498c2a244b62	Unfiltered	5	5	1	complete	f1_macro	0.3138478855739749	5	Macro F1	arithmetic mean across accepted effective folds with a defined score for this metric	known-population-open-set-v1
Levine	Levine	dataset_name-Levine_dataset-revision-67990f383ac8f169c9a00148febba1ed357e18e8_name-data_import.data_raw_potential-batches-1_seed-42_transformation-cofactor-5	not_applicable	lda	LDA	unfiltered	.e924e671977a35b401c5c23aaf1308ed57ddaf256c55741b97fd498c2a244b62	Unfiltered	2	2	1	complete	f1_macro	0.49777923855406847	2	Macro F1	arithmetic mean across accepted effective folds with a defined score for this metric	known-population-open-set-v1
Samusik	Samusik	dataset_name-Samusik_dataset-revision-67990f383ac8f169c9a00148febba1ed357e18e8_name-data_import.data_raw_potential-batches-1_seed-42_transformation-cofactor-5	not_applicable	lda	LDA	unfiltered	.e924e671977a35b401c5c23aaf1308ed57ddaf256c55741b97fd498c2a244b62	Unfiltered	5	5	1	complete	f1_macro	0.5496214598698007	5	Macro F1	arithmetic mean across accepted effective folds with a defined score for this metric	known-population-open-set-v1
15723074	15723074	dataset_name-15723074_dataset-revision-4bf02d6adbe55785ca855b57274aa37b8dc843ae_name-data_import.data_raw_potential-batches-1_seed-42_transformation-cofactor-150	not_applicable	random	Random	unfiltered	.e924e671977a35b401c5c23aaf1308ed57ddaf256c55741b97fd498c2a244b62	Unfiltered	5	5	1	complete	f1_macro	0.1032702353509846	5	Macro F1	arithmetic mean across accepted effective folds with a defined score for this metric	known-population-open-set-v1
BodenmillerXL	BodenmillerXL	dataset_name-BodenmillerXL_dataset-revision-67990f383ac8f169c9a00148febba1ed357e18e8_name-data_import.data_raw_potential-batches-1_seed-42_transformation-cofactor-5	not_applicable	random	Random	unfiltered	.e924e671977a35b401c5c23aaf1308ed57ddaf256c55741b97fd498c2a244b62	Unfiltered	5	5	1	complete	f1_macro	0.09520491239235439	5	Macro F1	arithmetic mean across accepted effective folds with a defined score for this metric	known-population-open-set-v1
FR-FCM-Z238	FR-FCM-Z238	dataset_name-FR-FCM-Z238_dataset-revision-67990f383ac8f169c9a00148febba1ed357e18e8_name-data_import.data_raw_potential-batches-1_seed-42_transformation-cofactor-5	not_applicable	random	Random	unfiltered	.e924e671977a35b401c5c23aaf1308ed57ddaf256c55741b97fd498c2a244b62	Unfiltered	5	5	1	complete	f1_macro	0.029236003075538756	5	Macro F1	arithmetic mean across accepted effective folds with a defined score for this metric	known-population-open-set-v1
FR-FCM-Z2KP-covid	FR-FCM-Z2KP-covid	dataset_name-FR-FCM-Z2KP-covid_dataset-revision-67990f383ac8f169c9a00148febba1ed357e18e8_name-data_import.data_raw_potential-batches-1_seed-42_transformation-cofactor-150	not_applicable	random	Random	unfiltered	.e924e671977a35b401c5c23aaf1308ed57ddaf256c55741b97fd498c2a244b62	Unfiltered	5	5	1	complete	f1_macro	0.16307028726183248	5	Macro F1	arithmetic mean across accepted effective folds with a defined score for this metric	known-population-open-set-v1
FR-FCM-Z2KP-healthy	FR-FCM-Z2KP-healthy (n=1k)	dataset_name-FR-FCM-Z2KP-healthy_dataset-revision-67990f383ac8f169c9a00148febba1ed357e18e8_name-data_import.data_raw_potential-batches-1_seed-420_sub-sampling-1000_transformation-cofactor-150	1000	random	Random	unfiltered	.e924e671977a35b401c5c23aaf1308ed57ddaf256c55741b97fd498c2a244b62	Unfiltered	5	5	1	complete	f1_macro	0.16372239575501177	5	Macro F1	arithmetic mean across accepted effective folds with a defined score for this metric	known-population-open-set-v1
FR-FCM-Z2KP-healthy	FR-FCM-Z2KP-healthy (n=5k)	dataset_name-FR-FCM-Z2KP-healthy_dataset-revision-67990f383ac8f169c9a00148febba1ed357e18e8_name-data_import.data_raw_potential-batches-1_seed-420_sub-sampling-5000_transformation-cofactor-150	5000	random	Random	unfiltered	.e924e671977a35b401c5c23aaf1308ed57ddaf256c55741b97fd498c2a244b62	Unfiltered	5	5	1	complete	f1_macro	0.16361887217864224	5	Macro F1	arithmetic mean across accepted effective folds with a defined score for this metric	known-population-open-set-v1
FR-FCM-Z2KP-healthy	FR-FCM-Z2KP-healthy (n=10k)	dataset_name-FR-FCM-Z2KP-healthy_dataset-revision-67990f383ac8f169c9a00148febba1ed357e18e8_name-data_import.data_raw_potential-batches-1_seed-420_sub-sampling-10000_transformation-cofactor-150	10000	random	Random	unfiltered	.e924e671977a35b401c5c23aaf1308ed57ddaf256c55741b97fd498c2a244b62	Unfiltered	5	5	1	complete	f1_macro	0.16383205160591277	5	Macro F1	arithmetic mean across accepted effective folds with a defined score for this metric	known-population-open-set-v1
FR-FCM-Z2KP-healthy	FR-FCM-Z2KP-healthy (n=50k)	dataset_name-FR-FCM-Z2KP-healthy_dataset-revision-67990f383ac8f169c9a00148febba1ed357e18e8_name-data_import.data_raw_potential-batches-1_seed-420_sub-sampling-50000_transformation-cofactor-150	50000	random	Random	unfiltered	.e924e671977a35b401c5c23aaf1308ed57ddaf256c55741b97fd498c2a244b62	Unfiltered	5	5	1	complete	f1_macro	0.16350698470592132	5	Macro F1	arithmetic mean across accepted effective folds with a defined score for this metric	known-population-open-set-v1
FR-FCM-Z2KP-healthy	FR-FCM-Z2KP-healthy (n=100k)	dataset_name-FR-FCM-Z2KP-healthy_dataset-revision-67990f383ac8f169c9a00148febba1ed357e18e8_name-data_import.data_raw_potential-batches-1_seed-420_sub-sampling-100000_transformation-cofactor-150	1e+05	random	Random	unfiltered	.e924e671977a35b401c5c23aaf1308ed57ddaf256c55741b97fd498c2a244b62	Unfiltered	5	5	1	complete	f1_macro	0.1636936201774954	5	Macro F1	arithmetic mean across accepted effective folds with a defined score for this metric	known-population-open-set-v1
FR-FCM-Z2KP-healthy	FR-FCM-Z2KP-healthy	dataset_name-FR-FCM-Z2KP-healthy_dataset-revision-67990f383ac8f169c9a00148febba1ed357e18e8_name-data_import.data_raw_potential-batches-1_seed-42_transformation-cofactor-150	not_applicable	random	Random	unfiltered	.e924e671977a35b401c5c23aaf1308ed57ddaf256c55741b97fd498c2a244b62	Unfiltered	5	5	1	complete	f1_macro	0.1632321014846154	5	Macro F1	arithmetic mean across accepted effective folds with a defined score for this metric	known-population-open-set-v1
FR-FCM-Z3YR	FR-FCM-Z3YR	dataset_name-FR-FCM-Z3YR_dataset-revision-67990f383ac8f169c9a00148febba1ed357e18e8_name-data_import.data_raw_potential-batches-1_seed-42_transformation-cofactor-5	not_applicable	random	Random	unfiltered	.e924e671977a35b401c5c23aaf1308ed57ddaf256c55741b97fd498c2a244b62	Unfiltered	5	5	1	complete	f1_macro	0.015146391929312957	5	Macro F1	arithmetic mean across accepted effective folds with a defined score for this metric	known-population-open-set-v1
FR-FCM-Z7CH-BALBc	FR-FCM-Z7CH-BALBc	dataset_name-FR-FCM-Z7CH-BALBc_dataset-revision-4bf02d6adbe55785ca855b57274aa37b8dc843ae_name-data_import.data_raw_potential-batches-1_seed-42_transformation-cofactor-150	not_applicable	random	Random	unfiltered	.e924e671977a35b401c5c23aaf1308ed57ddaf256c55741b97fd498c2a244b62	Unfiltered	5	5	1	complete	f1_macro	0.1414474294188828	5	Macro F1	arithmetic mean across accepted effective folds with a defined score for this metric	known-population-open-set-v1
FR-FCM-Z7CH-C57BL6	FR-FCM-Z7CH-C57BL6	dataset_name-FR-FCM-Z7CH-C57BL6_dataset-revision-4bf02d6adbe55785ca855b57274aa37b8dc843ae_name-data_import.data_raw_potential-batches-1_seed-42_transformation-cofactor-150	not_applicable	random	Random	unfiltered	.e924e671977a35b401c5c23aaf1308ed57ddaf256c55741b97fd498c2a244b62	Unfiltered	5	5	1	complete	f1_macro	0.1358611890914499	5	Macro F1	arithmetic mean across accepted effective folds with a defined score for this metric	known-population-open-set-v1
FR-FCM-ZY34	FR-FCM-ZY34	dataset_name-FR-FCM-ZY34_dataset-revision-67990f383ac8f169c9a00148febba1ed357e18e8_name-data_import.data_raw_potential-batches-1_seed-42_transformation-cofactor-150	not_applicable	random	Random	unfiltered	.e924e671977a35b401c5c23aaf1308ed57ddaf256c55741b97fd498c2a244b62	Unfiltered	5	5	1	complete	f1_macro	0.021629858547631553	5	Macro F1	arithmetic mean across accepted effective folds with a defined score for this metric	known-population-open-set-v1
FR-FCM-ZYVT	FR-FCM-ZYVT	dataset_name-FR-FCM-ZYVT_dataset-revision-67990f383ac8f169c9a00148febba1ed357e18e8_name-data_import.data_raw_potential-batches-1_seed-42_transformation-cofactor-150	not_applicable	random	Random	unfiltered	.e924e671977a35b401c5c23aaf1308ed57ddaf256c55741b97fd498c2a244b62	Unfiltered	5	5	1	complete	f1_macro	0.05447143599535786	5	Macro F1	arithmetic mean across accepted effective folds with a defined score for this metric	known-population-open-set-v1
FlowCyt	FlowCyt	dataset_name-FlowCyt_dataset-revision-67990f383ac8f169c9a00148febba1ed357e18e8_name-data_import.data_raw_potential-batches-1_seed-42_transformation-cofactor-150	not_applicable	random	Random	unfiltered	.e924e671977a35b401c5c23aaf1308ed57ddaf256c55741b97fd498c2a244b62	Unfiltered	5	5	1	complete	f1_macro	0.032570978063237645	5	Macro F1	arithmetic mean across accepted effective folds with a defined score for this metric	known-population-open-set-v1
Levine	Levine	dataset_name-Levine_dataset-revision-67990f383ac8f169c9a00148febba1ed357e18e8_name-data_import.data_raw_potential-batches-1_seed-42_transformation-cofactor-5	not_applicable	random	Random	unfiltered	.e924e671977a35b401c5c23aaf1308ed57ddaf256c55741b97fd498c2a244b62	Unfiltered	2	2	1	complete	f1_macro	0.031063622308469926	2	Macro F1	arithmetic mean across accepted effective folds with a defined score for this metric	known-population-open-set-v1
Samusik	Samusik	dataset_name-Samusik_dataset-revision-67990f383ac8f169c9a00148febba1ed357e18e8_name-data_import.data_raw_potential-batches-1_seed-42_transformation-cofactor-5	not_applicable	random	Random	unfiltered	.e924e671977a35b401c5c23aaf1308ed57ddaf256c55741b97fd498c2a244b62	Unfiltered	5	5	1	complete	f1_macro	0.0201272323833559	5	Macro F1	arithmetic mean across accepted effective folds with a defined score for this metric	known-population-open-set-v1
15723074	15723074	dataset_name-15723074_dataset-revision-4bf02d6adbe55785ca855b57274aa37b8dc843ae_name-data_import.data_raw_potential-batches-1_seed-42_transformation-cofactor-150	not_applicable	cyanno	CyAnno	drop-train	.3cfd963b74881b9b1c81b4e4a8fcce333a9461195e98d122e6c796123d7e9c79	Drop ungated training	5	5	1	complete	f1_macro	0.7878990636908033	5	Macro F1	arithmetic mean across accepted effective folds with a defined score for this metric	known-population-open-set-v1
BodenmillerXL	BodenmillerXL	dataset_name-BodenmillerXL_dataset-revision-67990f383ac8f169c9a00148febba1ed357e18e8_name-data_import.data_raw_potential-batches-1_seed-42_transformation-cofactor-5	not_applicable	cyanno	CyAnno	drop-train	.3cfd963b74881b9b1c81b4e4a8fcce333a9461195e98d122e6c796123d7e9c79	Drop ungated training	5	5	1	complete	f1_macro	0.7712686703737045	5	Macro F1	arithmetic mean across accepted effective folds with a defined score for this metric	known-population-open-set-v1
FR-FCM-Z238	FR-FCM-Z238	dataset_name-FR-FCM-Z238_dataset-revision-67990f383ac8f169c9a00148febba1ed357e18e8_name-data_import.data_raw_potential-batches-1_seed-42_transformation-cofactor-5	not_applicable	cyanno	CyAnno	drop-train	.3cfd963b74881b9b1c81b4e4a8fcce333a9461195e98d122e6c796123d7e9c79	Drop ungated training	5	5	1	complete	f1_macro	0.5771711305158544	5	Macro F1	arithmetic mean across accepted effective folds with a defined score for this metric	known-population-open-set-v1
FR-FCM-Z2KP-covid	FR-FCM-Z2KP-covid	dataset_name-FR-FCM-Z2KP-covid_dataset-revision-67990f383ac8f169c9a00148febba1ed357e18e8_name-data_import.data_raw_potential-batches-1_seed-42_transformation-cofactor-150	not_applicable	cyanno	CyAnno	drop-train	.3cfd963b74881b9b1c81b4e4a8fcce333a9461195e98d122e6c796123d7e9c79	Drop ungated training	5	5	1	complete	f1_macro	0.9581982147379874	5	Macro F1	arithmetic mean across accepted effective folds with a defined score for this metric	known-population-open-set-v1
FR-FCM-Z2KP-healthy	FR-FCM-Z2KP-healthy (n=1k)	dataset_name-FR-FCM-Z2KP-healthy_dataset-revision-67990f383ac8f169c9a00148febba1ed357e18e8_name-data_import.data_raw_potential-batches-1_seed-420_sub-sampling-1000_transformation-cofactor-150	1000	cyanno	CyAnno	drop-train	.3cfd963b74881b9b1c81b4e4a8fcce333a9461195e98d122e6c796123d7e9c79	Drop ungated training	5	5	1	complete	f1_macro	0.8055578705316933	5	Macro F1	arithmetic mean across accepted effective folds with a defined score for this metric	known-population-open-set-v1
FR-FCM-Z2KP-healthy	FR-FCM-Z2KP-healthy (n=5k)	dataset_name-FR-FCM-Z2KP-healthy_dataset-revision-67990f383ac8f169c9a00148febba1ed357e18e8_name-data_import.data_raw_potential-batches-1_seed-420_sub-sampling-5000_transformation-cofactor-150	5000	cyanno	CyAnno	drop-train	.3cfd963b74881b9b1c81b4e4a8fcce333a9461195e98d122e6c796123d7e9c79	Drop ungated training	5	5	1	complete	f1_macro	0.9206211114026885	5	Macro F1	arithmetic mean across accepted effective folds with a defined score for this metric	known-population-open-set-v1
FR-FCM-Z2KP-healthy	FR-FCM-Z2KP-healthy (n=10k)	dataset_name-FR-FCM-Z2KP-healthy_dataset-revision-67990f383ac8f169c9a00148febba1ed357e18e8_name-data_import.data_raw_potential-batches-1_seed-420_sub-sampling-10000_transformation-cofactor-150	10000	cyanno	CyAnno	drop-train	.3cfd963b74881b9b1c81b4e4a8fcce333a9461195e98d122e6c796123d7e9c79	Drop ungated training	5	5	1	complete	f1_macro	0.9388898772191036	5	Macro F1	arithmetic mean across accepted effective folds with a defined score for this metric	known-population-open-set-v1
FR-FCM-Z2KP-healthy	FR-FCM-Z2KP-healthy (n=50k)	dataset_name-FR-FCM-Z2KP-healthy_dataset-revision-67990f383ac8f169c9a00148febba1ed357e18e8_name-data_import.data_raw_potential-batches-1_seed-420_sub-sampling-50000_transformation-cofactor-150	50000	cyanno	CyAnno	drop-train	.3cfd963b74881b9b1c81b4e4a8fcce333a9461195e98d122e6c796123d7e9c79	Drop ungated training	5	5	1	complete	f1_macro	0.9519293636823226	5	Macro F1	arithmetic mean across accepted effective folds with a defined score for this metric	known-population-open-set-v1
FR-FCM-Z2KP-healthy	FR-FCM-Z2KP-healthy (n=100k)	dataset_name-FR-FCM-Z2KP-healthy_dataset-revision-67990f383ac8f169c9a00148febba1ed357e18e8_name-data_import.data_raw_potential-batches-1_seed-420_sub-sampling-100000_transformation-cofactor-150	1e+05	cyanno	CyAnno	drop-train	.3cfd963b74881b9b1c81b4e4a8fcce333a9461195e98d122e6c796123d7e9c79	Drop ungated training	5	5	1	complete	f1_macro	0.9582316101911295	5	Macro F1	arithmetic mean across accepted effective folds with a defined score for this metric	known-population-open-set-v1
FR-FCM-Z2KP-healthy	FR-FCM-Z2KP-healthy	dataset_name-FR-FCM-Z2KP-healthy_dataset-revision-67990f383ac8f169c9a00148febba1ed357e18e8_name-data_import.data_raw_potential-batches-1_seed-42_transformation-cofactor-150	not_applicable	cyanno	CyAnno	drop-train	.3cfd963b74881b9b1c81b4e4a8fcce333a9461195e98d122e6c796123d7e9c79	Drop ungated training	5	5	1	complete	f1_macro	0.9598378021716554	5	Macro F1	arithmetic mean across accepted effective folds with a defined score for this metric	known-population-open-set-v1
FR-FCM-Z3YR	FR-FCM-Z3YR	dataset_name-FR-FCM-Z3YR_dataset-revision-67990f383ac8f169c9a00148febba1ed357e18e8_name-data_import.data_raw_potential-batches-1_seed-42_transformation-cofactor-5	not_applicable	cyanno	CyAnno	drop-train	.3cfd963b74881b9b1c81b4e4a8fcce333a9461195e98d122e6c796123d7e9c79	Drop ungated training	5	5	1	complete	f1_macro	0.8441438858898218	5	Macro F1	arithmetic mean across accepted effective folds with a defined score for this metric	known-population-open-set-v1
FR-FCM-Z7CH-BALBc	FR-FCM-Z7CH-BALBc	dataset_name-FR-FCM-Z7CH-BALBc_dataset-revision-4bf02d6adbe55785ca855b57274aa37b8dc843ae_name-data_import.data_raw_potential-batches-1_seed-42_transformation-cofactor-150	not_applicable	cyanno	CyAnno	drop-train	.3cfd963b74881b9b1c81b4e4a8fcce333a9461195e98d122e6c796123d7e9c79	Drop ungated training	5	5	1	complete	f1_macro	0.5830615804226534	5	Macro F1	arithmetic mean across accepted effective folds with a defined score for this metric	known-population-open-set-v1
FR-FCM-Z7CH-C57BL6	FR-FCM-Z7CH-C57BL6	dataset_name-FR-FCM-Z7CH-C57BL6_dataset-revision-4bf02d6adbe55785ca855b57274aa37b8dc843ae_name-data_import.data_raw_potential-batches-1_seed-42_transformation-cofactor-150	not_applicable	cyanno	CyAnno	drop-train	.3cfd963b74881b9b1c81b4e4a8fcce333a9461195e98d122e6c796123d7e9c79	Drop ungated training	5	5	1	complete	f1_macro	0.6302665912468738	5	Macro F1	arithmetic mean across accepted effective folds with a defined score for this metric	known-population-open-set-v1
FR-FCM-ZY34	FR-FCM-ZY34	dataset_name-FR-FCM-ZY34_dataset-revision-67990f383ac8f169c9a00148febba1ed357e18e8_name-data_import.data_raw_potential-batches-1_seed-42_transformation-cofactor-150	not_applicable	cyanno	CyAnno	drop-train	.3cfd963b74881b9b1c81b4e4a8fcce333a9461195e98d122e6c796123d7e9c79	Drop ungated training	5	5	1	complete	f1_macro	0.4554097827479125	5	Macro F1	arithmetic mean across accepted effective folds with a defined score for this metric	known-population-open-set-v1
FR-FCM-ZYVT	FR-FCM-ZYVT	dataset_name-FR-FCM-ZYVT_dataset-revision-67990f383ac8f169c9a00148febba1ed357e18e8_name-data_import.data_raw_potential-batches-1_seed-42_transformation-cofactor-150	not_applicable	cyanno	CyAnno	drop-train	.3cfd963b74881b9b1c81b4e4a8fcce333a9461195e98d122e6c796123d7e9c79	Drop ungated training	5	5	1	complete	f1_macro	0.20110547766855383	5	Macro F1	arithmetic mean across accepted effective folds with a defined score for this metric	known-population-open-set-v1
FlowCyt	FlowCyt	dataset_name-FlowCyt_dataset-revision-67990f383ac8f169c9a00148febba1ed357e18e8_name-data_import.data_raw_potential-batches-1_seed-42_transformation-cofactor-150	not_applicable	cyanno	CyAnno	drop-train	.3cfd963b74881b9b1c81b4e4a8fcce333a9461195e98d122e6c796123d7e9c79	Drop ungated training	5	5	1	complete	f1_macro	0.3652817679216415	5	Macro F1	arithmetic mean across accepted effective folds with a defined score for this metric	known-population-open-set-v1
Levine	Levine	dataset_name-Levine_dataset-revision-67990f383ac8f169c9a00148febba1ed357e18e8_name-data_import.data_raw_potential-batches-1_seed-42_transformation-cofactor-5	not_applicable	cyanno	CyAnno	drop-train	.3cfd963b74881b9b1c81b4e4a8fcce333a9461195e98d122e6c796123d7e9c79	Drop ungated training	2	2	1	complete	f1_macro	0.5869743396119195	2	Macro F1	arithmetic mean across accepted effective folds with a defined score for this metric	known-population-open-set-v1
Samusik	Samusik	dataset_name-Samusik_dataset-revision-67990f383ac8f169c9a00148febba1ed357e18e8_name-data_import.data_raw_potential-batches-1_seed-42_transformation-cofactor-5	not_applicable	cyanno	CyAnno	drop-train	.3cfd963b74881b9b1c81b4e4a8fcce333a9461195e98d122e6c796123d7e9c79	Drop ungated training	5	5	1	complete	f1_macro	0.6923338823320757	5	Macro F1	arithmetic mean across accepted effective folds with a defined score for this metric	known-population-open-set-v1
15723074	15723074	dataset_name-15723074_dataset-revision-4bf02d6adbe55785ca855b57274aa37b8dc843ae_name-data_import.data_raw_potential-batches-1_seed-42_transformation-cofactor-150	not_applicable	cygate	CyGATE	drop-train	.3cfd963b74881b9b1c81b4e4a8fcce333a9461195e98d122e6c796123d7e9c79	Drop ungated training	5	5	1	complete	f1_macro	0.7798068623002592	5	Macro F1	arithmetic mean across accepted effective folds with a defined score for this metric	known-population-open-set-v1
BodenmillerXL	BodenmillerXL	dataset_name-BodenmillerXL_dataset-revision-67990f383ac8f169c9a00148febba1ed357e18e8_name-data_import.data_raw_potential-batches-1_seed-42_transformation-cofactor-5	not_applicable	cygate	CyGATE	drop-train	.3cfd963b74881b9b1c81b4e4a8fcce333a9461195e98d122e6c796123d7e9c79	Drop ungated training	5	5	1	complete	f1_macro	0.780616191357459	5	Macro F1	arithmetic mean across accepted effective folds with a defined score for this metric	known-population-open-set-v1
FR-FCM-Z238	FR-FCM-Z238	dataset_name-FR-FCM-Z238_dataset-revision-67990f383ac8f169c9a00148febba1ed357e18e8_name-data_import.data_raw_potential-batches-1_seed-42_transformation-cofactor-5	not_applicable	cygate	CyGATE	drop-train	.3cfd963b74881b9b1c81b4e4a8fcce333a9461195e98d122e6c796123d7e9c79	Drop ungated training	5	5	1	complete	f1_macro	0.5730953094703123	5	Macro F1	arithmetic mean across accepted effective folds with a defined score for this metric	known-population-open-set-v1
FR-FCM-Z2KP-covid	FR-FCM-Z2KP-covid	dataset_name-FR-FCM-Z2KP-covid_dataset-revision-67990f383ac8f169c9a00148febba1ed357e18e8_name-data_import.data_raw_potential-batches-1_seed-42_transformation-cofactor-150	not_applicable	cygate	CyGATE	drop-train	.3cfd963b74881b9b1c81b4e4a8fcce333a9461195e98d122e6c796123d7e9c79	Drop ungated training	5	5	1	complete	f1_macro	0.7828915733361633	5	Macro F1	arithmetic mean across accepted effective folds with a defined score for this metric	known-population-open-set-v1
FR-FCM-Z2KP-healthy	FR-FCM-Z2KP-healthy (n=1k)	dataset_name-FR-FCM-Z2KP-healthy_dataset-revision-67990f383ac8f169c9a00148febba1ed357e18e8_name-data_import.data_raw_potential-batches-1_seed-420_sub-sampling-1000_transformation-cofactor-150	1000	cygate	CyGATE	drop-train	.3cfd963b74881b9b1c81b4e4a8fcce333a9461195e98d122e6c796123d7e9c79	Drop ungated training	5	5	1	complete	f1_macro	0.7954718473842098	5	Macro F1	arithmetic mean across accepted effective folds with a defined score for this metric	known-population-open-set-v1
FR-FCM-Z2KP-healthy	FR-FCM-Z2KP-healthy (n=5k)	dataset_name-FR-FCM-Z2KP-healthy_dataset-revision-67990f383ac8f169c9a00148febba1ed357e18e8_name-data_import.data_raw_potential-batches-1_seed-420_sub-sampling-5000_transformation-cofactor-150	5000	cygate	CyGATE	drop-train	.3cfd963b74881b9b1c81b4e4a8fcce333a9461195e98d122e6c796123d7e9c79	Drop ungated training	5	5	1	complete	f1_macro	0.7850208158608241	5	Macro F1	arithmetic mean across accepted effective folds with a defined score for this metric	known-population-open-set-v1
FR-FCM-Z2KP-healthy	FR-FCM-Z2KP-healthy (n=10k)	dataset_name-FR-FCM-Z2KP-healthy_dataset-revision-67990f383ac8f169c9a00148febba1ed357e18e8_name-data_import.data_raw_potential-batches-1_seed-420_sub-sampling-10000_transformation-cofactor-150	10000	cygate	CyGATE	drop-train	.3cfd963b74881b9b1c81b4e4a8fcce333a9461195e98d122e6c796123d7e9c79	Drop ungated training	5	5	1	complete	f1_macro	0.793985709063757	5	Macro F1	arithmetic mean across accepted effective folds with a defined score for this metric	known-population-open-set-v1
FR-FCM-Z2KP-healthy	FR-FCM-Z2KP-healthy (n=50k)	dataset_name-FR-FCM-Z2KP-healthy_dataset-revision-67990f383ac8f169c9a00148febba1ed357e18e8_name-data_import.data_raw_potential-batches-1_seed-420_sub-sampling-50000_transformation-cofactor-150	50000	cygate	CyGATE	drop-train	.3cfd963b74881b9b1c81b4e4a8fcce333a9461195e98d122e6c796123d7e9c79	Drop ungated training	5	5	1	complete	f1_macro	0.7796848404221187	5	Macro F1	arithmetic mean across accepted effective folds with a defined score for this metric	known-population-open-set-v1
FR-FCM-Z2KP-healthy	FR-FCM-Z2KP-healthy (n=100k)	dataset_name-FR-FCM-Z2KP-healthy_dataset-revision-67990f383ac8f169c9a00148febba1ed357e18e8_name-data_import.data_raw_potential-batches-1_seed-420_sub-sampling-100000_transformation-cofactor-150	1e+05	cygate	CyGATE	drop-train	.3cfd963b74881b9b1c81b4e4a8fcce333a9461195e98d122e6c796123d7e9c79	Drop ungated training	5	5	1	complete	f1_macro	0.7766527729731608	5	Macro F1	arithmetic mean across accepted effective folds with a defined score for this metric	known-population-open-set-v1
FR-FCM-Z2KP-healthy	FR-FCM-Z2KP-healthy	dataset_name-FR-FCM-Z2KP-healthy_dataset-revision-67990f383ac8f169c9a00148febba1ed357e18e8_name-data_import.data_raw_potential-batches-1_seed-42_transformation-cofactor-150	not_applicable	cygate	CyGATE	drop-train	.3cfd963b74881b9b1c81b4e4a8fcce333a9461195e98d122e6c796123d7e9c79	Drop ungated training	5	5	1	complete	f1_macro	0.7927011807232421	5	Macro F1	arithmetic mean across accepted effective folds with a defined score for this metric	known-population-open-set-v1
FR-FCM-Z3YR	FR-FCM-Z3YR	dataset_name-FR-FCM-Z3YR_dataset-revision-67990f383ac8f169c9a00148febba1ed357e18e8_name-data_import.data_raw_potential-batches-1_seed-42_transformation-cofactor-5	not_applicable	cygate	CyGATE	drop-train	.3cfd963b74881b9b1c81b4e4a8fcce333a9461195e98d122e6c796123d7e9c79	Drop ungated training	5	5	1	complete	f1_macro	0.6486994930868056	5	Macro F1	arithmetic mean across accepted effective folds with a defined score for this metric	known-population-open-set-v1
FR-FCM-Z7CH-BALBc	FR-FCM-Z7CH-BALBc	dataset_name-FR-FCM-Z7CH-BALBc_dataset-revision-4bf02d6adbe55785ca855b57274aa37b8dc843ae_name-data_import.data_raw_potential-batches-1_seed-42_transformation-cofactor-150	not_applicable	cygate	CyGATE	drop-train	.3cfd963b74881b9b1c81b4e4a8fcce333a9461195e98d122e6c796123d7e9c79	Drop ungated training	5	5	1	complete	f1_macro	0.530541301433187	5	Macro F1	arithmetic mean across accepted effective folds with a defined score for this metric	known-population-open-set-v1
FR-FCM-Z7CH-C57BL6	FR-FCM-Z7CH-C57BL6	dataset_name-FR-FCM-Z7CH-C57BL6_dataset-revision-4bf02d6adbe55785ca855b57274aa37b8dc843ae_name-data_import.data_raw_potential-batches-1_seed-42_transformation-cofactor-150	not_applicable	cygate	CyGATE	drop-train	.3cfd963b74881b9b1c81b4e4a8fcce333a9461195e98d122e6c796123d7e9c79	Drop ungated training	5	5	1	complete	f1_macro	0.5615030744237912	5	Macro F1	arithmetic mean across accepted effective folds with a defined score for this metric	known-population-open-set-v1
FR-FCM-ZY34	FR-FCM-ZY34	dataset_name-FR-FCM-ZY34_dataset-revision-67990f383ac8f169c9a00148febba1ed357e18e8_name-data_import.data_raw_potential-batches-1_seed-42_transformation-cofactor-150	not_applicable	cygate	CyGATE	drop-train	.3cfd963b74881b9b1c81b4e4a8fcce333a9461195e98d122e6c796123d7e9c79	Drop ungated training	5	5	1	complete	f1_macro	0.27518966295288894	5	Macro F1	arithmetic mean across accepted effective folds with a defined score for this metric	known-population-open-set-v1
FR-FCM-ZYVT	FR-FCM-ZYVT	dataset_name-FR-FCM-ZYVT_dataset-revision-67990f383ac8f169c9a00148febba1ed357e18e8_name-data_import.data_raw_potential-batches-1_seed-42_transformation-cofactor-150	not_applicable	cygate	CyGATE	drop-train	.3cfd963b74881b9b1c81b4e4a8fcce333a9461195e98d122e6c796123d7e9c79	Drop ungated training	5	5	1	complete	f1_macro	0.20874332559556552	5	Macro F1	arithmetic mean across accepted effective folds with a defined score for this metric	known-population-open-set-v1
FlowCyt	FlowCyt	dataset_name-FlowCyt_dataset-revision-67990f383ac8f169c9a00148febba1ed357e18e8_name-data_import.data_raw_potential-batches-1_seed-42_transformation-cofactor-150	not_applicable	cygate	CyGATE	drop-train	.3cfd963b74881b9b1c81b4e4a8fcce333a9461195e98d122e6c796123d7e9c79	Drop ungated training	5	5	1	complete	f1_macro	0.302685675214164	5	Macro F1	arithmetic mean across accepted effective folds with a defined score for this metric	known-population-open-set-v1
Levine	Levine	dataset_name-Levine_dataset-revision-67990f383ac8f169c9a00148febba1ed357e18e8_name-data_import.data_raw_potential-batches-1_seed-42_transformation-cofactor-5	not_applicable	cygate	CyGATE	drop-train	.3cfd963b74881b9b1c81b4e4a8fcce333a9461195e98d122e6c796123d7e9c79	Drop ungated training	2	2	1	complete	f1_macro	0.5354644281479692	2	Macro F1	arithmetic mean across accepted effective folds with a defined score for this metric	known-population-open-set-v1
Samusik	Samusik	dataset_name-Samusik_dataset-revision-67990f383ac8f169c9a00148febba1ed357e18e8_name-data_import.data_raw_potential-batches-1_seed-42_transformation-cofactor-5	not_applicable	cygate	CyGATE	drop-train	.3cfd963b74881b9b1c81b4e4a8fcce333a9461195e98d122e6c796123d7e9c79	Drop ungated training	5	5	1	complete	f1_macro	0.5977179314300345	5	Macro F1	arithmetic mean across accepted effective folds with a defined score for this metric	known-population-open-set-v1
15723074	15723074	dataset_name-15723074_dataset-revision-4bf02d6adbe55785ca855b57274aa37b8dc843ae_name-data_import.data_raw_potential-batches-1_seed-42_transformation-cofactor-150	not_applicable	dgcytof	DGCyTOF	drop-train	.3cfd963b74881b9b1c81b4e4a8fcce333a9461195e98d122e6c796123d7e9c79	Drop ungated training	5	5	1	complete	f1_macro	0.790410853725495	5	Macro F1	arithmetic mean across accepted effective folds with a defined score for this metric	known-population-open-set-v1
BodenmillerXL	BodenmillerXL	dataset_name-BodenmillerXL_dataset-revision-67990f383ac8f169c9a00148febba1ed357e18e8_name-data_import.data_raw_potential-batches-1_seed-42_transformation-cofactor-5	not_applicable	dgcytof	DGCyTOF	drop-train	.3cfd963b74881b9b1c81b4e4a8fcce333a9461195e98d122e6c796123d7e9c79	Drop ungated training	5	5	1	complete	f1_macro	0.8319834447524145	5	Macro F1	arithmetic mean across accepted effective folds with a defined score for this metric	known-population-open-set-v1
FR-FCM-Z238	FR-FCM-Z238	dataset_name-FR-FCM-Z238_dataset-revision-67990f383ac8f169c9a00148febba1ed357e18e8_name-data_import.data_raw_potential-batches-1_seed-42_transformation-cofactor-5	not_applicable	dgcytof	DGCyTOF	drop-train	.3cfd963b74881b9b1c81b4e4a8fcce333a9461195e98d122e6c796123d7e9c79	Drop ungated training	5	5	1	complete	f1_macro	0.597405019491402	5	Macro F1	arithmetic mean across accepted effective folds with a defined score for this metric	known-population-open-set-v1
FR-FCM-Z2KP-covid	FR-FCM-Z2KP-covid	dataset_name-FR-FCM-Z2KP-covid_dataset-revision-67990f383ac8f169c9a00148febba1ed357e18e8_name-data_import.data_raw_potential-batches-1_seed-42_transformation-cofactor-150	not_applicable	dgcytof	DGCyTOF	drop-train	.3cfd963b74881b9b1c81b4e4a8fcce333a9461195e98d122e6c796123d7e9c79	Drop ungated training	5	5	1	complete	f1_macro	0.9059598420146081	5	Macro F1	arithmetic mean across accepted effective folds with a defined score for this metric	known-population-open-set-v1
FR-FCM-Z2KP-healthy	FR-FCM-Z2KP-healthy (n=1k)	dataset_name-FR-FCM-Z2KP-healthy_dataset-revision-67990f383ac8f169c9a00148febba1ed357e18e8_name-data_import.data_raw_potential-batches-1_seed-420_sub-sampling-1000_transformation-cofactor-150	1000	dgcytof	DGCyTOF	drop-train	.3cfd963b74881b9b1c81b4e4a8fcce333a9461195e98d122e6c796123d7e9c79	Drop ungated training	5	5	1	complete	f1_macro	0.7108528514233979	5	Macro F1	arithmetic mean across accepted effective folds with a defined score for this metric	known-population-open-set-v1
FR-FCM-Z2KP-healthy	FR-FCM-Z2KP-healthy (n=5k)	dataset_name-FR-FCM-Z2KP-healthy_dataset-revision-67990f383ac8f169c9a00148febba1ed357e18e8_name-data_import.data_raw_potential-batches-1_seed-420_sub-sampling-5000_transformation-cofactor-150	5000	dgcytof	DGCyTOF	drop-train	.3cfd963b74881b9b1c81b4e4a8fcce333a9461195e98d122e6c796123d7e9c79	Drop ungated training	5	5	1	complete	f1_macro	0.8318580274638474	5	Macro F1	arithmetic mean across accepted effective folds with a defined score for this metric	known-population-open-set-v1
FR-FCM-Z2KP-healthy	FR-FCM-Z2KP-healthy (n=10k)	dataset_name-FR-FCM-Z2KP-healthy_dataset-revision-67990f383ac8f169c9a00148febba1ed357e18e8_name-data_import.data_raw_potential-batches-1_seed-420_sub-sampling-10000_transformation-cofactor-150	10000	dgcytof	DGCyTOF	drop-train	.3cfd963b74881b9b1c81b4e4a8fcce333a9461195e98d122e6c796123d7e9c79	Drop ungated training	5	5	1	complete	f1_macro	0.8491231029188077	5	Macro F1	arithmetic mean across accepted effective folds with a defined score for this metric	known-population-open-set-v1
FR-FCM-Z2KP-healthy	FR-FCM-Z2KP-healthy (n=50k)	dataset_name-FR-FCM-Z2KP-healthy_dataset-revision-67990f383ac8f169c9a00148febba1ed357e18e8_name-data_import.data_raw_potential-batches-1_seed-420_sub-sampling-50000_transformation-cofactor-150	50000	dgcytof	DGCyTOF	drop-train	.3cfd963b74881b9b1c81b4e4a8fcce333a9461195e98d122e6c796123d7e9c79	Drop ungated training	5	5	1	complete	f1_macro	0.8889879617213475	5	Macro F1	arithmetic mean across accepted effective folds with a defined score for this metric	known-population-open-set-v1
FR-FCM-Z2KP-healthy	FR-FCM-Z2KP-healthy (n=100k)	dataset_name-FR-FCM-Z2KP-healthy_dataset-revision-67990f383ac8f169c9a00148febba1ed357e18e8_name-data_import.data_raw_potential-batches-1_seed-420_sub-sampling-100000_transformation-cofactor-150	1e+05	dgcytof	DGCyTOF	drop-train	.3cfd963b74881b9b1c81b4e4a8fcce333a9461195e98d122e6c796123d7e9c79	Drop ungated training	5	5	1	complete	f1_macro	0.8969425588615064	5	Macro F1	arithmetic mean across accepted effective folds with a defined score for this metric	known-population-open-set-v1
FR-FCM-Z2KP-healthy	FR-FCM-Z2KP-healthy	dataset_name-FR-FCM-Z2KP-healthy_dataset-revision-67990f383ac8f169c9a00148febba1ed357e18e8_name-data_import.data_raw_potential-batches-1_seed-42_transformation-cofactor-150	not_applicable	dgcytof	DGCyTOF	drop-train	.3cfd963b74881b9b1c81b4e4a8fcce333a9461195e98d122e6c796123d7e9c79	Drop ungated training	5	5	1	complete	f1_macro	0.9094833940187247	5	Macro F1	arithmetic mean across accepted effective folds with a defined score for this metric	known-population-open-set-v1
FR-FCM-Z3YR	FR-FCM-Z3YR	dataset_name-FR-FCM-Z3YR_dataset-revision-67990f383ac8f169c9a00148febba1ed357e18e8_name-data_import.data_raw_potential-batches-1_seed-42_transformation-cofactor-5	not_applicable	dgcytof	DGCyTOF	drop-train	.3cfd963b74881b9b1c81b4e4a8fcce333a9461195e98d122e6c796123d7e9c79	Drop ungated training	5	5	1	complete	f1_macro	0.7171048954439814	5	Macro F1	arithmetic mean across accepted effective folds with a defined score for this metric	known-population-open-set-v1
FR-FCM-Z7CH-BALBc	FR-FCM-Z7CH-BALBc	dataset_name-FR-FCM-Z7CH-BALBc_dataset-revision-4bf02d6adbe55785ca855b57274aa37b8dc843ae_name-data_import.data_raw_potential-batches-1_seed-42_transformation-cofactor-150	not_applicable	dgcytof	DGCyTOF	drop-train	.3cfd963b74881b9b1c81b4e4a8fcce333a9461195e98d122e6c796123d7e9c79	Drop ungated training	5	5	1	complete	f1_macro	0.537979963332837	5	Macro F1	arithmetic mean across accepted effective folds with a defined score for this metric	known-population-open-set-v1
FR-FCM-Z7CH-C57BL6	FR-FCM-Z7CH-C57BL6	dataset_name-FR-FCM-Z7CH-C57BL6_dataset-revision-4bf02d6adbe55785ca855b57274aa37b8dc843ae_name-data_import.data_raw_potential-batches-1_seed-42_transformation-cofactor-150	not_applicable	dgcytof	DGCyTOF	drop-train	.3cfd963b74881b9b1c81b4e4a8fcce333a9461195e98d122e6c796123d7e9c79	Drop ungated training	5	5	1	complete	f1_macro	0.5363675275229545	5	Macro F1	arithmetic mean across accepted effective folds with a defined score for this metric	known-population-open-set-v1
FR-FCM-ZY34	FR-FCM-ZY34	dataset_name-FR-FCM-ZY34_dataset-revision-67990f383ac8f169c9a00148febba1ed357e18e8_name-data_import.data_raw_potential-batches-1_seed-42_transformation-cofactor-150	not_applicable	dgcytof	DGCyTOF	drop-train	.3cfd963b74881b9b1c81b4e4a8fcce333a9461195e98d122e6c796123d7e9c79	Drop ungated training	5	5	1	complete	f1_macro	0.41793172575228044	5	Macro F1	arithmetic mean across accepted effective folds with a defined score for this metric	known-population-open-set-v1
FR-FCM-ZYVT	FR-FCM-ZYVT	dataset_name-FR-FCM-ZYVT_dataset-revision-67990f383ac8f169c9a00148febba1ed357e18e8_name-data_import.data_raw_potential-batches-1_seed-42_transformation-cofactor-150	not_applicable	dgcytof	DGCyTOF	drop-train	.3cfd963b74881b9b1c81b4e4a8fcce333a9461195e98d122e6c796123d7e9c79	Drop ungated training	5	5	1	complete	f1_macro	0.22802335432155427	5	Macro F1	arithmetic mean across accepted effective folds with a defined score for this metric	known-population-open-set-v1
FlowCyt	FlowCyt	dataset_name-FlowCyt_dataset-revision-67990f383ac8f169c9a00148febba1ed357e18e8_name-data_import.data_raw_potential-batches-1_seed-42_transformation-cofactor-150	not_applicable	dgcytof	DGCyTOF	drop-train	.3cfd963b74881b9b1c81b4e4a8fcce333a9461195e98d122e6c796123d7e9c79	Drop ungated training	5	5	1	complete	f1_macro	0.3362448088379286	5	Macro F1	arithmetic mean across accepted effective folds with a defined score for this metric	known-population-open-set-v1
Levine	Levine	dataset_name-Levine_dataset-revision-67990f383ac8f169c9a00148febba1ed357e18e8_name-data_import.data_raw_potential-batches-1_seed-42_transformation-cofactor-5	not_applicable	dgcytof	DGCyTOF	drop-train	.3cfd963b74881b9b1c81b4e4a8fcce333a9461195e98d122e6c796123d7e9c79	Drop ungated training	2	2	1	complete	f1_macro	0.547260996764795	2	Macro F1	arithmetic mean across accepted effective folds with a defined score for this metric	known-population-open-set-v1
Samusik	Samusik	dataset_name-Samusik_dataset-revision-67990f383ac8f169c9a00148febba1ed357e18e8_name-data_import.data_raw_potential-batches-1_seed-42_transformation-cofactor-5	not_applicable	dgcytof	DGCyTOF	drop-train	.3cfd963b74881b9b1c81b4e4a8fcce333a9461195e98d122e6c796123d7e9c79	Drop ungated training	5	5	1	complete	f1_macro	0.58485762638332	5	Macro F1	arithmetic mean across accepted effective folds with a defined score for this metric	known-population-open-set-v1
15723074	15723074	dataset_name-15723074_dataset-revision-4bf02d6adbe55785ca855b57274aa37b8dc843ae_name-data_import.data_raw_potential-batches-1_seed-42_transformation-cofactor-150	not_applicable	gatemeclass[E]	GateMeClass [E]	drop-train	.3cfd963b74881b9b1c81b4e4a8fcce333a9461195e98d122e6c796123d7e9c79	Drop ungated training	5	5	1	complete	f1_macro	0.9525570874479198	5	Macro F1	arithmetic mean across accepted effective folds with a defined score for this metric	known-population-open-set-v1
BodenmillerXL	BodenmillerXL	dataset_name-BodenmillerXL_dataset-revision-67990f383ac8f169c9a00148febba1ed357e18e8_name-data_import.data_raw_potential-batches-1_seed-42_transformation-cofactor-5	not_applicable	gatemeclass[E]	GateMeClass [E]	drop-train	.3cfd963b74881b9b1c81b4e4a8fcce333a9461195e98d122e6c796123d7e9c79	Drop ungated training	5	5	1	complete	f1_macro	0.6545595471809781	5	Macro F1	arithmetic mean across accepted effective folds with a defined score for this metric	known-population-open-set-v1
FR-FCM-Z238	FR-FCM-Z238	dataset_name-FR-FCM-Z238_dataset-revision-67990f383ac8f169c9a00148febba1ed357e18e8_name-data_import.data_raw_potential-batches-1_seed-42_transformation-cofactor-5	not_applicable	gatemeclass[E]	GateMeClass [E]	drop-train	.3cfd963b74881b9b1c81b4e4a8fcce333a9461195e98d122e6c796123d7e9c79	Drop ungated training	0	5	0	incomplete	f1_macro	NA	0	Macro F1	arithmetic mean across accepted effective folds with a defined score for this metric	known-population-open-set-v1
FR-FCM-Z2KP-covid	FR-FCM-Z2KP-covid	dataset_name-FR-FCM-Z2KP-covid_dataset-revision-67990f383ac8f169c9a00148febba1ed357e18e8_name-data_import.data_raw_potential-batches-1_seed-42_transformation-cofactor-150	not_applicable	gatemeclass[E]	GateMeClass [E]	drop-train	.3cfd963b74881b9b1c81b4e4a8fcce333a9461195e98d122e6c796123d7e9c79	Drop ungated training	0	5	0	incomplete	f1_macro	NA	0	Macro F1	arithmetic mean across accepted effective folds with a defined score for this metric	known-population-open-set-v1
FR-FCM-Z2KP-healthy	FR-FCM-Z2KP-healthy (n=1k)	dataset_name-FR-FCM-Z2KP-healthy_dataset-revision-67990f383ac8f169c9a00148febba1ed357e18e8_name-data_import.data_raw_potential-batches-1_seed-420_sub-sampling-1000_transformation-cofactor-150	1000	gatemeclass[E]	GateMeClass [E]	drop-train	.3cfd963b74881b9b1c81b4e4a8fcce333a9461195e98d122e6c796123d7e9c79	Drop ungated training	5	5	1	complete	f1_macro	0.7238615564458073	5	Macro F1	arithmetic mean across accepted effective folds with a defined score for this metric	known-population-open-set-v1
FR-FCM-Z2KP-healthy	FR-FCM-Z2KP-healthy (n=5k)	dataset_name-FR-FCM-Z2KP-healthy_dataset-revision-67990f383ac8f169c9a00148febba1ed357e18e8_name-data_import.data_raw_potential-batches-1_seed-420_sub-sampling-5000_transformation-cofactor-150	5000	gatemeclass[E]	GateMeClass [E]	drop-train	.3cfd963b74881b9b1c81b4e4a8fcce333a9461195e98d122e6c796123d7e9c79	Drop ungated training	5	5	1	complete	f1_macro	0.6096171908650119	5	Macro F1	arithmetic mean across accepted effective folds with a defined score for this metric	known-population-open-set-v1
FR-FCM-Z2KP-healthy	FR-FCM-Z2KP-healthy (n=10k)	dataset_name-FR-FCM-Z2KP-healthy_dataset-revision-67990f383ac8f169c9a00148febba1ed357e18e8_name-data_import.data_raw_potential-batches-1_seed-420_sub-sampling-10000_transformation-cofactor-150	10000	gatemeclass[E]	GateMeClass [E]	drop-train	.3cfd963b74881b9b1c81b4e4a8fcce333a9461195e98d122e6c796123d7e9c79	Drop ungated training	5	5	1	complete	f1_macro	0.6396549748028344	5	Macro F1	arithmetic mean across accepted effective folds with a defined score for this metric	known-population-open-set-v1
FR-FCM-Z2KP-healthy	FR-FCM-Z2KP-healthy (n=50k)	dataset_name-FR-FCM-Z2KP-healthy_dataset-revision-67990f383ac8f169c9a00148febba1ed357e18e8_name-data_import.data_raw_potential-batches-1_seed-420_sub-sampling-50000_transformation-cofactor-150	50000	gatemeclass[E]	GateMeClass [E]	drop-train	.3cfd963b74881b9b1c81b4e4a8fcce333a9461195e98d122e6c796123d7e9c79	Drop ungated training	5	5	1	complete	f1_macro	0.6379569586334253	5	Macro F1	arithmetic mean across accepted effective folds with a defined score for this metric	known-population-open-set-v1
FR-FCM-Z2KP-healthy	FR-FCM-Z2KP-healthy (n=100k)	dataset_name-FR-FCM-Z2KP-healthy_dataset-revision-67990f383ac8f169c9a00148febba1ed357e18e8_name-data_import.data_raw_potential-batches-1_seed-420_sub-sampling-100000_transformation-cofactor-150	1e+05	gatemeclass[E]	GateMeClass [E]	drop-train	.3cfd963b74881b9b1c81b4e4a8fcce333a9461195e98d122e6c796123d7e9c79	Drop ungated training	5	5	1	complete	f1_macro	0.595811905036215	5	Macro F1	arithmetic mean across accepted effective folds with a defined score for this metric	known-population-open-set-v1
FR-FCM-Z2KP-healthy	FR-FCM-Z2KP-healthy	dataset_name-FR-FCM-Z2KP-healthy_dataset-revision-67990f383ac8f169c9a00148febba1ed357e18e8_name-data_import.data_raw_potential-batches-1_seed-42_transformation-cofactor-150	not_applicable	gatemeclass[E]	GateMeClass [E]	drop-train	.3cfd963b74881b9b1c81b4e4a8fcce333a9461195e98d122e6c796123d7e9c79	Drop ungated training	5	5	1	complete	f1_macro	0.6301100302639615	5	Macro F1	arithmetic mean across accepted effective folds with a defined score for this metric	known-population-open-set-v1
FR-FCM-Z3YR	FR-FCM-Z3YR	dataset_name-FR-FCM-Z3YR_dataset-revision-67990f383ac8f169c9a00148febba1ed357e18e8_name-data_import.data_raw_potential-batches-1_seed-42_transformation-cofactor-5	not_applicable	gatemeclass[E]	GateMeClass [E]	drop-train	.3cfd963b74881b9b1c81b4e4a8fcce333a9461195e98d122e6c796123d7e9c79	Drop ungated training	0	5	0	incomplete	f1_macro	NA	0	Macro F1	arithmetic mean across accepted effective folds with a defined score for this metric	known-population-open-set-v1
FR-FCM-Z7CH-BALBc	FR-FCM-Z7CH-BALBc	dataset_name-FR-FCM-Z7CH-BALBc_dataset-revision-4bf02d6adbe55785ca855b57274aa37b8dc843ae_name-data_import.data_raw_potential-batches-1_seed-42_transformation-cofactor-150	not_applicable	gatemeclass[E]	GateMeClass [E]	drop-train	.3cfd963b74881b9b1c81b4e4a8fcce333a9461195e98d122e6c796123d7e9c79	Drop ungated training	5	5	1	complete	f1_macro	0.46685985555353854	5	Macro F1	arithmetic mean across accepted effective folds with a defined score for this metric	known-population-open-set-v1
FR-FCM-Z7CH-C57BL6	FR-FCM-Z7CH-C57BL6	dataset_name-FR-FCM-Z7CH-C57BL6_dataset-revision-4bf02d6adbe55785ca855b57274aa37b8dc843ae_name-data_import.data_raw_potential-batches-1_seed-42_transformation-cofactor-150	not_applicable	gatemeclass[E]	GateMeClass [E]	drop-train	.3cfd963b74881b9b1c81b4e4a8fcce333a9461195e98d122e6c796123d7e9c79	Drop ungated training	5	5	1	complete	f1_macro	0.4582647105383425	5	Macro F1	arithmetic mean across accepted effective folds with a defined score for this metric	known-population-open-set-v1
FR-FCM-ZY34	FR-FCM-ZY34	dataset_name-FR-FCM-ZY34_dataset-revision-67990f383ac8f169c9a00148febba1ed357e18e8_name-data_import.data_raw_potential-batches-1_seed-42_transformation-cofactor-150	not_applicable	gatemeclass[E]	GateMeClass [E]	drop-train	.3cfd963b74881b9b1c81b4e4a8fcce333a9461195e98d122e6c796123d7e9c79	Drop ungated training	5	5	1	complete	f1_macro	0.1500398991788382	5	Macro F1	arithmetic mean across accepted effective folds with a defined score for this metric	known-population-open-set-v1
FR-FCM-ZYVT	FR-FCM-ZYVT	dataset_name-FR-FCM-ZYVT_dataset-revision-67990f383ac8f169c9a00148febba1ed357e18e8_name-data_import.data_raw_potential-batches-1_seed-42_transformation-cofactor-150	not_applicable	gatemeclass[E]	GateMeClass [E]	drop-train	.3cfd963b74881b9b1c81b4e4a8fcce333a9461195e98d122e6c796123d7e9c79	Drop ungated training	5	5	1	complete	f1_macro	0.24681854777094603	5	Macro F1	arithmetic mean across accepted effective folds with a defined score for this metric	known-population-open-set-v1
FlowCyt	FlowCyt	dataset_name-FlowCyt_dataset-revision-67990f383ac8f169c9a00148febba1ed357e18e8_name-data_import.data_raw_potential-batches-1_seed-42_transformation-cofactor-150	not_applicable	gatemeclass[E]	GateMeClass [E]	drop-train	.3cfd963b74881b9b1c81b4e4a8fcce333a9461195e98d122e6c796123d7e9c79	Drop ungated training	0	5	0	incomplete	f1_macro	NA	0	Macro F1	arithmetic mean across accepted effective folds with a defined score for this metric	known-population-open-set-v1
Levine	Levine	dataset_name-Levine_dataset-revision-67990f383ac8f169c9a00148febba1ed357e18e8_name-data_import.data_raw_potential-batches-1_seed-42_transformation-cofactor-5	not_applicable	gatemeclass[E]	GateMeClass [E]	drop-train	.3cfd963b74881b9b1c81b4e4a8fcce333a9461195e98d122e6c796123d7e9c79	Drop ungated training	2	2	1	complete	f1_macro	0.44761655447110615	2	Macro F1	arithmetic mean across accepted effective folds with a defined score for this metric	known-population-open-set-v1
Samusik	Samusik	dataset_name-Samusik_dataset-revision-67990f383ac8f169c9a00148febba1ed357e18e8_name-data_import.data_raw_potential-batches-1_seed-42_transformation-cofactor-5	not_applicable	gatemeclass[E]	GateMeClass [E]	drop-train	.3cfd963b74881b9b1c81b4e4a8fcce333a9461195e98d122e6c796123d7e9c79	Drop ungated training	5	5	1	complete	f1_macro	0.5017377264401084	5	Macro F1	arithmetic mean across accepted effective folds with a defined score for this metric	known-population-open-set-v1
15723074	15723074	dataset_name-15723074_dataset-revision-4bf02d6adbe55785ca855b57274aa37b8dc843ae_name-data_import.data_raw_potential-batches-1_seed-42_transformation-cofactor-150	not_applicable	gatemeclass[V]	GateMeClass [V]	drop-train	.3cfd963b74881b9b1c81b4e4a8fcce333a9461195e98d122e6c796123d7e9c79	Drop ungated training	5	5	1	complete	f1_macro	0.682044093090989	5	Macro F1	arithmetic mean across accepted effective folds with a defined score for this metric	known-population-open-set-v1
BodenmillerXL	BodenmillerXL	dataset_name-BodenmillerXL_dataset-revision-67990f383ac8f169c9a00148febba1ed357e18e8_name-data_import.data_raw_potential-batches-1_seed-42_transformation-cofactor-5	not_applicable	gatemeclass[V]	GateMeClass [V]	drop-train	.3cfd963b74881b9b1c81b4e4a8fcce333a9461195e98d122e6c796123d7e9c79	Drop ungated training	5	5	1	complete	f1_macro	0.46361031784386403	5	Macro F1	arithmetic mean across accepted effective folds with a defined score for this metric	known-population-open-set-v1
FR-FCM-Z238	FR-FCM-Z238	dataset_name-FR-FCM-Z238_dataset-revision-67990f383ac8f169c9a00148febba1ed357e18e8_name-data_import.data_raw_potential-batches-1_seed-42_transformation-cofactor-5	not_applicable	gatemeclass[V]	GateMeClass [V]	drop-train	.3cfd963b74881b9b1c81b4e4a8fcce333a9461195e98d122e6c796123d7e9c79	Drop ungated training	0	5	0	incomplete	f1_macro	NA	0	Macro F1	arithmetic mean across accepted effective folds with a defined score for this metric	known-population-open-set-v1
FR-FCM-Z2KP-covid	FR-FCM-Z2KP-covid	dataset_name-FR-FCM-Z2KP-covid_dataset-revision-67990f383ac8f169c9a00148febba1ed357e18e8_name-data_import.data_raw_potential-batches-1_seed-42_transformation-cofactor-150	not_applicable	gatemeclass[V]	GateMeClass [V]	drop-train	.3cfd963b74881b9b1c81b4e4a8fcce333a9461195e98d122e6c796123d7e9c79	Drop ungated training	0	5	0	incomplete	f1_macro	NA	0	Macro F1	arithmetic mean across accepted effective folds with a defined score for this metric	known-population-open-set-v1
FR-FCM-Z2KP-healthy	FR-FCM-Z2KP-healthy (n=1k)	dataset_name-FR-FCM-Z2KP-healthy_dataset-revision-67990f383ac8f169c9a00148febba1ed357e18e8_name-data_import.data_raw_potential-batches-1_seed-420_sub-sampling-1000_transformation-cofactor-150	1000	gatemeclass[V]	GateMeClass [V]	drop-train	.3cfd963b74881b9b1c81b4e4a8fcce333a9461195e98d122e6c796123d7e9c79	Drop ungated training	5	5	1	complete	f1_macro	0.6345380055862472	5	Macro F1	arithmetic mean across accepted effective folds with a defined score for this metric	known-population-open-set-v1
FR-FCM-Z2KP-healthy	FR-FCM-Z2KP-healthy (n=5k)	dataset_name-FR-FCM-Z2KP-healthy_dataset-revision-67990f383ac8f169c9a00148febba1ed357e18e8_name-data_import.data_raw_potential-batches-1_seed-420_sub-sampling-5000_transformation-cofactor-150	5000	gatemeclass[V]	GateMeClass [V]	drop-train	.3cfd963b74881b9b1c81b4e4a8fcce333a9461195e98d122e6c796123d7e9c79	Drop ungated training	5	5	1	complete	f1_macro	0.6925958925129434	5	Macro F1	arithmetic mean across accepted effective folds with a defined score for this metric	known-population-open-set-v1
FR-FCM-Z2KP-healthy	FR-FCM-Z2KP-healthy (n=10k)	dataset_name-FR-FCM-Z2KP-healthy_dataset-revision-67990f383ac8f169c9a00148febba1ed357e18e8_name-data_import.data_raw_potential-batches-1_seed-420_sub-sampling-10000_transformation-cofactor-150	10000	gatemeclass[V]	GateMeClass [V]	drop-train	.3cfd963b74881b9b1c81b4e4a8fcce333a9461195e98d122e6c796123d7e9c79	Drop ungated training	5	5	1	complete	f1_macro	0.7024980826263612	5	Macro F1	arithmetic mean across accepted effective folds with a defined score for this metric	known-population-open-set-v1
FR-FCM-Z2KP-healthy	FR-FCM-Z2KP-healthy (n=50k)	dataset_name-FR-FCM-Z2KP-healthy_dataset-revision-67990f383ac8f169c9a00148febba1ed357e18e8_name-data_import.data_raw_potential-batches-1_seed-420_sub-sampling-50000_transformation-cofactor-150	50000	gatemeclass[V]	GateMeClass [V]	drop-train	.3cfd963b74881b9b1c81b4e4a8fcce333a9461195e98d122e6c796123d7e9c79	Drop ungated training	5	5	1	complete	f1_macro	0.6114133763512208	5	Macro F1	arithmetic mean across accepted effective folds with a defined score for this metric	known-population-open-set-v1
FR-FCM-Z2KP-healthy	FR-FCM-Z2KP-healthy (n=100k)	dataset_name-FR-FCM-Z2KP-healthy_dataset-revision-67990f383ac8f169c9a00148febba1ed357e18e8_name-data_import.data_raw_potential-batches-1_seed-420_sub-sampling-100000_transformation-cofactor-150	1e+05	gatemeclass[V]	GateMeClass [V]	drop-train	.3cfd963b74881b9b1c81b4e4a8fcce333a9461195e98d122e6c796123d7e9c79	Drop ungated training	5	5	1	complete	f1_macro	0.6392871759018617	5	Macro F1	arithmetic mean across accepted effective folds with a defined score for this metric	known-population-open-set-v1
FR-FCM-Z2KP-healthy	FR-FCM-Z2KP-healthy	dataset_name-FR-FCM-Z2KP-healthy_dataset-revision-67990f383ac8f169c9a00148febba1ed357e18e8_name-data_import.data_raw_potential-batches-1_seed-42_transformation-cofactor-150	not_applicable	gatemeclass[V]	GateMeClass [V]	drop-train	.3cfd963b74881b9b1c81b4e4a8fcce333a9461195e98d122e6c796123d7e9c79	Drop ungated training	5	5	1	complete	f1_macro	0.6080328528989539	5	Macro F1	arithmetic mean across accepted effective folds with a defined score for this metric	known-population-open-set-v1
FR-FCM-Z3YR	FR-FCM-Z3YR	dataset_name-FR-FCM-Z3YR_dataset-revision-67990f383ac8f169c9a00148febba1ed357e18e8_name-data_import.data_raw_potential-batches-1_seed-42_transformation-cofactor-5	not_applicable	gatemeclass[V]	GateMeClass [V]	drop-train	.3cfd963b74881b9b1c81b4e4a8fcce333a9461195e98d122e6c796123d7e9c79	Drop ungated training	0	5	0	incomplete	f1_macro	NA	0	Macro F1	arithmetic mean across accepted effective folds with a defined score for this metric	known-population-open-set-v1
FR-FCM-Z7CH-BALBc	FR-FCM-Z7CH-BALBc	dataset_name-FR-FCM-Z7CH-BALBc_dataset-revision-4bf02d6adbe55785ca855b57274aa37b8dc843ae_name-data_import.data_raw_potential-batches-1_seed-42_transformation-cofactor-150	not_applicable	gatemeclass[V]	GateMeClass [V]	drop-train	.3cfd963b74881b9b1c81b4e4a8fcce333a9461195e98d122e6c796123d7e9c79	Drop ungated training	5	5	1	complete	f1_macro	0.4779459328870656	5	Macro F1	arithmetic mean across accepted effective folds with a defined score for this metric	known-population-open-set-v1
FR-FCM-Z7CH-C57BL6	FR-FCM-Z7CH-C57BL6	dataset_name-FR-FCM-Z7CH-C57BL6_dataset-revision-4bf02d6adbe55785ca855b57274aa37b8dc843ae_name-data_import.data_raw_potential-batches-1_seed-42_transformation-cofactor-150	not_applicable	gatemeclass[V]	GateMeClass [V]	drop-train	.3cfd963b74881b9b1c81b4e4a8fcce333a9461195e98d122e6c796123d7e9c79	Drop ungated training	5	5	1	complete	f1_macro	0.587825043578481	5	Macro F1	arithmetic mean across accepted effective folds with a defined score for this metric	known-population-open-set-v1
FR-FCM-ZY34	FR-FCM-ZY34	dataset_name-FR-FCM-ZY34_dataset-revision-67990f383ac8f169c9a00148febba1ed357e18e8_name-data_import.data_raw_potential-batches-1_seed-42_transformation-cofactor-150	not_applicable	gatemeclass[V]	GateMeClass [V]	drop-train	.3cfd963b74881b9b1c81b4e4a8fcce333a9461195e98d122e6c796123d7e9c79	Drop ungated training	5	5	1	complete	f1_macro	0.1441443638651146	5	Macro F1	arithmetic mean across accepted effective folds with a defined score for this metric	known-population-open-set-v1
FR-FCM-ZYVT	FR-FCM-ZYVT	dataset_name-FR-FCM-ZYVT_dataset-revision-67990f383ac8f169c9a00148febba1ed357e18e8_name-data_import.data_raw_potential-batches-1_seed-42_transformation-cofactor-150	not_applicable	gatemeclass[V]	GateMeClass [V]	drop-train	.3cfd963b74881b9b1c81b4e4a8fcce333a9461195e98d122e6c796123d7e9c79	Drop ungated training	5	5	1	complete	f1_macro	0.23320732921521142	5	Macro F1	arithmetic mean across accepted effective folds with a defined score for this metric	known-population-open-set-v1
FlowCyt	FlowCyt	dataset_name-FlowCyt_dataset-revision-67990f383ac8f169c9a00148febba1ed357e18e8_name-data_import.data_raw_potential-batches-1_seed-42_transformation-cofactor-150	not_applicable	gatemeclass[V]	GateMeClass [V]	drop-train	.3cfd963b74881b9b1c81b4e4a8fcce333a9461195e98d122e6c796123d7e9c79	Drop ungated training	0	5	0	incomplete	f1_macro	NA	0	Macro F1	arithmetic mean across accepted effective folds with a defined score for this metric	known-population-open-set-v1
Levine	Levine	dataset_name-Levine_dataset-revision-67990f383ac8f169c9a00148febba1ed357e18e8_name-data_import.data_raw_potential-batches-1_seed-42_transformation-cofactor-5	not_applicable	gatemeclass[V]	GateMeClass [V]	drop-train	.3cfd963b74881b9b1c81b4e4a8fcce333a9461195e98d122e6c796123d7e9c79	Drop ungated training	2	2	1	complete	f1_macro	0.4632461781674977	2	Macro F1	arithmetic mean across accepted effective folds with a defined score for this metric	known-population-open-set-v1
Samusik	Samusik	dataset_name-Samusik_dataset-revision-67990f383ac8f169c9a00148febba1ed357e18e8_name-data_import.data_raw_potential-batches-1_seed-42_transformation-cofactor-5	not_applicable	gatemeclass[V]	GateMeClass [V]	drop-train	.3cfd963b74881b9b1c81b4e4a8fcce333a9461195e98d122e6c796123d7e9c79	Drop ungated training	5	5	1	complete	f1_macro	0.46908278915760115	5	Macro F1	arithmetic mean across accepted effective folds with a defined score for this metric	known-population-open-set-v1
15723074	15723074	dataset_name-15723074_dataset-revision-4bf02d6adbe55785ca855b57274aa37b8dc843ae_name-data_import.data_raw_potential-batches-1_seed-42_transformation-cofactor-150	not_applicable	knn	KNN	drop-train	.3cfd963b74881b9b1c81b4e4a8fcce333a9461195e98d122e6c796123d7e9c79	Drop ungated training	5	5	1	complete	f1_macro	0.7658186731639254	5	Macro F1	arithmetic mean across accepted effective folds with a defined score for this metric	known-population-open-set-v1
BodenmillerXL	BodenmillerXL	dataset_name-BodenmillerXL_dataset-revision-67990f383ac8f169c9a00148febba1ed357e18e8_name-data_import.data_raw_potential-batches-1_seed-42_transformation-cofactor-5	not_applicable	knn	KNN	drop-train	.3cfd963b74881b9b1c81b4e4a8fcce333a9461195e98d122e6c796123d7e9c79	Drop ungated training	5	5	1	complete	f1_macro	0.7244033138369641	5	Macro F1	arithmetic mean across accepted effective folds with a defined score for this metric	known-population-open-set-v1
FR-FCM-Z238	FR-FCM-Z238	dataset_name-FR-FCM-Z238_dataset-revision-67990f383ac8f169c9a00148febba1ed357e18e8_name-data_import.data_raw_potential-batches-1_seed-42_transformation-cofactor-5	not_applicable	knn	KNN	drop-train	.3cfd963b74881b9b1c81b4e4a8fcce333a9461195e98d122e6c796123d7e9c79	Drop ungated training	5	5	1	complete	f1_macro	0.4566967870596061	5	Macro F1	arithmetic mean across accepted effective folds with a defined score for this metric	known-population-open-set-v1
FR-FCM-Z2KP-covid	FR-FCM-Z2KP-covid	dataset_name-FR-FCM-Z2KP-covid_dataset-revision-67990f383ac8f169c9a00148febba1ed357e18e8_name-data_import.data_raw_potential-batches-1_seed-42_transformation-cofactor-150	not_applicable	knn	KNN	drop-train	.3cfd963b74881b9b1c81b4e4a8fcce333a9461195e98d122e6c796123d7e9c79	Drop ungated training	5	5	1	complete	f1_macro	0.690839861373017	5	Macro F1	arithmetic mean across accepted effective folds with a defined score for this metric	known-population-open-set-v1
FR-FCM-Z2KP-healthy	FR-FCM-Z2KP-healthy (n=1k)	dataset_name-FR-FCM-Z2KP-healthy_dataset-revision-67990f383ac8f169c9a00148febba1ed357e18e8_name-data_import.data_raw_potential-batches-1_seed-420_sub-sampling-1000_transformation-cofactor-150	1000	knn	KNN	drop-train	.3cfd963b74881b9b1c81b4e4a8fcce333a9461195e98d122e6c796123d7e9c79	Drop ungated training	5	5	1	complete	f1_macro	0.7080053367524332	5	Macro F1	arithmetic mean across accepted effective folds with a defined score for this metric	known-population-open-set-v1
FR-FCM-Z2KP-healthy	FR-FCM-Z2KP-healthy (n=5k)	dataset_name-FR-FCM-Z2KP-healthy_dataset-revision-67990f383ac8f169c9a00148febba1ed357e18e8_name-data_import.data_raw_potential-batches-1_seed-420_sub-sampling-5000_transformation-cofactor-150	5000	knn	KNN	drop-train	.3cfd963b74881b9b1c81b4e4a8fcce333a9461195e98d122e6c796123d7e9c79	Drop ungated training	5	5	1	complete	f1_macro	0.7084753864719525	5	Macro F1	arithmetic mean across accepted effective folds with a defined score for this metric	known-population-open-set-v1
FR-FCM-Z2KP-healthy	FR-FCM-Z2KP-healthy (n=10k)	dataset_name-FR-FCM-Z2KP-healthy_dataset-revision-67990f383ac8f169c9a00148febba1ed357e18e8_name-data_import.data_raw_potential-batches-1_seed-420_sub-sampling-10000_transformation-cofactor-150	10000	knn	KNN	drop-train	.3cfd963b74881b9b1c81b4e4a8fcce333a9461195e98d122e6c796123d7e9c79	Drop ungated training	5	5	1	complete	f1_macro	0.7042771809155303	5	Macro F1	arithmetic mean across accepted effective folds with a defined score for this metric	known-population-open-set-v1
FR-FCM-Z2KP-healthy	FR-FCM-Z2KP-healthy (n=50k)	dataset_name-FR-FCM-Z2KP-healthy_dataset-revision-67990f383ac8f169c9a00148febba1ed357e18e8_name-data_import.data_raw_potential-batches-1_seed-420_sub-sampling-50000_transformation-cofactor-150	50000	knn	KNN	drop-train	.3cfd963b74881b9b1c81b4e4a8fcce333a9461195e98d122e6c796123d7e9c79	Drop ungated training	5	5	1	complete	f1_macro	0.7097890278661682	5	Macro F1	arithmetic mean across accepted effective folds with a defined score for this metric	known-population-open-set-v1
FR-FCM-Z2KP-healthy	FR-FCM-Z2KP-healthy (n=100k)	dataset_name-FR-FCM-Z2KP-healthy_dataset-revision-67990f383ac8f169c9a00148febba1ed357e18e8_name-data_import.data_raw_potential-batches-1_seed-420_sub-sampling-100000_transformation-cofactor-150	1e+05	knn	KNN	drop-train	.3cfd963b74881b9b1c81b4e4a8fcce333a9461195e98d122e6c796123d7e9c79	Drop ungated training	5	5	1	complete	f1_macro	0.7153490511453875	5	Macro F1	arithmetic mean across accepted effective folds with a defined score for this metric	known-population-open-set-v1
FR-FCM-Z2KP-healthy	FR-FCM-Z2KP-healthy	dataset_name-FR-FCM-Z2KP-healthy_dataset-revision-67990f383ac8f169c9a00148febba1ed357e18e8_name-data_import.data_raw_potential-batches-1_seed-42_transformation-cofactor-150	not_applicable	knn	KNN	drop-train	.3cfd963b74881b9b1c81b4e4a8fcce333a9461195e98d122e6c796123d7e9c79	Drop ungated training	5	5	1	complete	f1_macro	0.7177953794971939	5	Macro F1	arithmetic mean across accepted effective folds with a defined score for this metric	known-population-open-set-v1
FR-FCM-Z3YR	FR-FCM-Z3YR	dataset_name-FR-FCM-Z3YR_dataset-revision-67990f383ac8f169c9a00148febba1ed357e18e8_name-data_import.data_raw_potential-batches-1_seed-42_transformation-cofactor-5	not_applicable	knn	KNN	drop-train	.3cfd963b74881b9b1c81b4e4a8fcce333a9461195e98d122e6c796123d7e9c79	Drop ungated training	5	5	1	complete	f1_macro	0.653484754456174	5	Macro F1	arithmetic mean across accepted effective folds with a defined score for this metric	known-population-open-set-v1
FR-FCM-Z7CH-BALBc	FR-FCM-Z7CH-BALBc	dataset_name-FR-FCM-Z7CH-BALBc_dataset-revision-4bf02d6adbe55785ca855b57274aa37b8dc843ae_name-data_import.data_raw_potential-batches-1_seed-42_transformation-cofactor-150	not_applicable	knn	KNN	drop-train	.3cfd963b74881b9b1c81b4e4a8fcce333a9461195e98d122e6c796123d7e9c79	Drop ungated training	5	5	1	complete	f1_macro	0.4839968230297223	5	Macro F1	arithmetic mean across accepted effective folds with a defined score for this metric	known-population-open-set-v1
FR-FCM-Z7CH-C57BL6	FR-FCM-Z7CH-C57BL6	dataset_name-FR-FCM-Z7CH-C57BL6_dataset-revision-4bf02d6adbe55785ca855b57274aa37b8dc843ae_name-data_import.data_raw_potential-batches-1_seed-42_transformation-cofactor-150	not_applicable	knn	KNN	drop-train	.3cfd963b74881b9b1c81b4e4a8fcce333a9461195e98d122e6c796123d7e9c79	Drop ungated training	5	5	1	complete	f1_macro	0.49130070322537134	5	Macro F1	arithmetic mean across accepted effective folds with a defined score for this metric	known-population-open-set-v1
FR-FCM-ZY34	FR-FCM-ZY34	dataset_name-FR-FCM-ZY34_dataset-revision-67990f383ac8f169c9a00148febba1ed357e18e8_name-data_import.data_raw_potential-batches-1_seed-42_transformation-cofactor-150	not_applicable	knn	KNN	drop-train	.3cfd963b74881b9b1c81b4e4a8fcce333a9461195e98d122e6c796123d7e9c79	Drop ungated training	5	5	1	complete	f1_macro	0.11379118690369873	5	Macro F1	arithmetic mean across accepted effective folds with a defined score for this metric	known-population-open-set-v1
FR-FCM-ZYVT	FR-FCM-ZYVT	dataset_name-FR-FCM-ZYVT_dataset-revision-67990f383ac8f169c9a00148febba1ed357e18e8_name-data_import.data_raw_potential-batches-1_seed-42_transformation-cofactor-150	not_applicable	knn	KNN	drop-train	.3cfd963b74881b9b1c81b4e4a8fcce333a9461195e98d122e6c796123d7e9c79	Drop ungated training	5	5	1	complete	f1_macro	0.22241582010687042	5	Macro F1	arithmetic mean across accepted effective folds with a defined score for this metric	known-population-open-set-v1
FlowCyt	FlowCyt	dataset_name-FlowCyt_dataset-revision-67990f383ac8f169c9a00148febba1ed357e18e8_name-data_import.data_raw_potential-batches-1_seed-42_transformation-cofactor-150	not_applicable	knn	KNN	drop-train	.3cfd963b74881b9b1c81b4e4a8fcce333a9461195e98d122e6c796123d7e9c79	Drop ungated training	5	5	1	complete	f1_macro	0.23915048774918982	5	Macro F1	arithmetic mean across accepted effective folds with a defined score for this metric	known-population-open-set-v1
Levine	Levine	dataset_name-Levine_dataset-revision-67990f383ac8f169c9a00148febba1ed357e18e8_name-data_import.data_raw_potential-batches-1_seed-42_transformation-cofactor-5	not_applicable	knn	KNN	drop-train	.3cfd963b74881b9b1c81b4e4a8fcce333a9461195e98d122e6c796123d7e9c79	Drop ungated training	2	2	1	complete	f1_macro	0.4837942274026167	2	Macro F1	arithmetic mean across accepted effective folds with a defined score for this metric	known-population-open-set-v1
Samusik	Samusik	dataset_name-Samusik_dataset-revision-67990f383ac8f169c9a00148febba1ed357e18e8_name-data_import.data_raw_potential-batches-1_seed-42_transformation-cofactor-5	not_applicable	knn	KNN	drop-train	.3cfd963b74881b9b1c81b4e4a8fcce333a9461195e98d122e6c796123d7e9c79	Drop ungated training	5	5	1	complete	f1_macro	0.5266788894446262	5	Macro F1	arithmetic mean across accepted effective folds with a defined score for this metric	known-population-open-set-v1
15723074	15723074	dataset_name-15723074_dataset-revision-4bf02d6adbe55785ca855b57274aa37b8dc843ae_name-data_import.data_raw_potential-batches-1_seed-42_transformation-cofactor-150	not_applicable	lda	LDA	drop-train	.3cfd963b74881b9b1c81b4e4a8fcce333a9461195e98d122e6c796123d7e9c79	Drop ungated training	5	5	1	complete	f1_macro	0.7682304940067273	5	Macro F1	arithmetic mean across accepted effective folds with a defined score for this metric	known-population-open-set-v1
BodenmillerXL	BodenmillerXL	dataset_name-BodenmillerXL_dataset-revision-67990f383ac8f169c9a00148febba1ed357e18e8_name-data_import.data_raw_potential-batches-1_seed-42_transformation-cofactor-5	not_applicable	lda	LDA	drop-train	.3cfd963b74881b9b1c81b4e4a8fcce333a9461195e98d122e6c796123d7e9c79	Drop ungated training	5	5	1	complete	f1_macro	0.833015891371239	5	Macro F1	arithmetic mean across accepted effective folds with a defined score for this metric	known-population-open-set-v1
FR-FCM-Z238	FR-FCM-Z238	dataset_name-FR-FCM-Z238_dataset-revision-67990f383ac8f169c9a00148febba1ed357e18e8_name-data_import.data_raw_potential-batches-1_seed-42_transformation-cofactor-5	not_applicable	lda	LDA	drop-train	.3cfd963b74881b9b1c81b4e4a8fcce333a9461195e98d122e6c796123d7e9c79	Drop ungated training	5	5	1	complete	f1_macro	0.5716029500593915	5	Macro F1	arithmetic mean across accepted effective folds with a defined score for this metric	known-population-open-set-v1
FR-FCM-Z2KP-covid	FR-FCM-Z2KP-covid	dataset_name-FR-FCM-Z2KP-covid_dataset-revision-67990f383ac8f169c9a00148febba1ed357e18e8_name-data_import.data_raw_potential-batches-1_seed-42_transformation-cofactor-150	not_applicable	lda	LDA	drop-train	.3cfd963b74881b9b1c81b4e4a8fcce333a9461195e98d122e6c796123d7e9c79	Drop ungated training	5	5	1	complete	f1_macro	0.7962829030109582	5	Macro F1	arithmetic mean across accepted effective folds with a defined score for this metric	known-population-open-set-v1
FR-FCM-Z2KP-healthy	FR-FCM-Z2KP-healthy (n=1k)	dataset_name-FR-FCM-Z2KP-healthy_dataset-revision-67990f383ac8f169c9a00148febba1ed357e18e8_name-data_import.data_raw_potential-batches-1_seed-420_sub-sampling-1000_transformation-cofactor-150	1000	lda	LDA	drop-train	.3cfd963b74881b9b1c81b4e4a8fcce333a9461195e98d122e6c796123d7e9c79	Drop ungated training	5	5	1	complete	f1_macro	0.8019427589552143	5	Macro F1	arithmetic mean across accepted effective folds with a defined score for this metric	known-population-open-set-v1
FR-FCM-Z2KP-healthy	FR-FCM-Z2KP-healthy (n=5k)	dataset_name-FR-FCM-Z2KP-healthy_dataset-revision-67990f383ac8f169c9a00148febba1ed357e18e8_name-data_import.data_raw_potential-batches-1_seed-420_sub-sampling-5000_transformation-cofactor-150	5000	lda	LDA	drop-train	.3cfd963b74881b9b1c81b4e4a8fcce333a9461195e98d122e6c796123d7e9c79	Drop ungated training	5	5	1	complete	f1_macro	0.8103166887989839	5	Macro F1	arithmetic mean across accepted effective folds with a defined score for this metric	known-population-open-set-v1
FR-FCM-Z2KP-healthy	FR-FCM-Z2KP-healthy (n=10k)	dataset_name-FR-FCM-Z2KP-healthy_dataset-revision-67990f383ac8f169c9a00148febba1ed357e18e8_name-data_import.data_raw_potential-batches-1_seed-420_sub-sampling-10000_transformation-cofactor-150	10000	lda	LDA	drop-train	.3cfd963b74881b9b1c81b4e4a8fcce333a9461195e98d122e6c796123d7e9c79	Drop ungated training	5	5	1	complete	f1_macro	0.811228533586481	5	Macro F1	arithmetic mean across accepted effective folds with a defined score for this metric	known-population-open-set-v1
FR-FCM-Z2KP-healthy	FR-FCM-Z2KP-healthy (n=50k)	dataset_name-FR-FCM-Z2KP-healthy_dataset-revision-67990f383ac8f169c9a00148febba1ed357e18e8_name-data_import.data_raw_potential-batches-1_seed-420_sub-sampling-50000_transformation-cofactor-150	50000	lda	LDA	drop-train	.3cfd963b74881b9b1c81b4e4a8fcce333a9461195e98d122e6c796123d7e9c79	Drop ungated training	5	5	1	complete	f1_macro	0.8110044073659787	5	Macro F1	arithmetic mean across accepted effective folds with a defined score for this metric	known-population-open-set-v1
FR-FCM-Z2KP-healthy	FR-FCM-Z2KP-healthy (n=100k)	dataset_name-FR-FCM-Z2KP-healthy_dataset-revision-67990f383ac8f169c9a00148febba1ed357e18e8_name-data_import.data_raw_potential-batches-1_seed-420_sub-sampling-100000_transformation-cofactor-150	1e+05	lda	LDA	drop-train	.3cfd963b74881b9b1c81b4e4a8fcce333a9461195e98d122e6c796123d7e9c79	Drop ungated training	5	5	1	complete	f1_macro	0.8107835726299218	5	Macro F1	arithmetic mean across accepted effective folds with a defined score for this metric	known-population-open-set-v1
FR-FCM-Z2KP-healthy	FR-FCM-Z2KP-healthy	dataset_name-FR-FCM-Z2KP-healthy_dataset-revision-67990f383ac8f169c9a00148febba1ed357e18e8_name-data_import.data_raw_potential-batches-1_seed-42_transformation-cofactor-150	not_applicable	lda	LDA	drop-train	.3cfd963b74881b9b1c81b4e4a8fcce333a9461195e98d122e6c796123d7e9c79	Drop ungated training	5	5	1	complete	f1_macro	0.8092138163390273	5	Macro F1	arithmetic mean across accepted effective folds with a defined score for this metric	known-population-open-set-v1
FR-FCM-Z3YR	FR-FCM-Z3YR	dataset_name-FR-FCM-Z3YR_dataset-revision-67990f383ac8f169c9a00148febba1ed357e18e8_name-data_import.data_raw_potential-batches-1_seed-42_transformation-cofactor-5	not_applicable	lda	LDA	drop-train	.3cfd963b74881b9b1c81b4e4a8fcce333a9461195e98d122e6c796123d7e9c79	Drop ungated training	5	5	1	complete	f1_macro	0.733573681483792	5	Macro F1	arithmetic mean across accepted effective folds with a defined score for this metric	known-population-open-set-v1
FR-FCM-Z7CH-BALBc	FR-FCM-Z7CH-BALBc	dataset_name-FR-FCM-Z7CH-BALBc_dataset-revision-4bf02d6adbe55785ca855b57274aa37b8dc843ae_name-data_import.data_raw_potential-batches-1_seed-42_transformation-cofactor-150	not_applicable	lda	LDA	drop-train	.3cfd963b74881b9b1c81b4e4a8fcce333a9461195e98d122e6c796123d7e9c79	Drop ungated training	5	5	1	complete	f1_macro	0.5397583844266292	5	Macro F1	arithmetic mean across accepted effective folds with a defined score for this metric	known-population-open-set-v1
FR-FCM-Z7CH-C57BL6	FR-FCM-Z7CH-C57BL6	dataset_name-FR-FCM-Z7CH-C57BL6_dataset-revision-4bf02d6adbe55785ca855b57274aa37b8dc843ae_name-data_import.data_raw_potential-batches-1_seed-42_transformation-cofactor-150	not_applicable	lda	LDA	drop-train	.3cfd963b74881b9b1c81b4e4a8fcce333a9461195e98d122e6c796123d7e9c79	Drop ungated training	5	5	1	complete	f1_macro	0.5256547151378196	5	Macro F1	arithmetic mean across accepted effective folds with a defined score for this metric	known-population-open-set-v1
FR-FCM-ZY34	FR-FCM-ZY34	dataset_name-FR-FCM-ZY34_dataset-revision-67990f383ac8f169c9a00148febba1ed357e18e8_name-data_import.data_raw_potential-batches-1_seed-42_transformation-cofactor-150	not_applicable	lda	LDA	drop-train	.3cfd963b74881b9b1c81b4e4a8fcce333a9461195e98d122e6c796123d7e9c79	Drop ungated training	5	5	1	complete	f1_macro	0.25751204815989903	5	Macro F1	arithmetic mean across accepted effective folds with a defined score for this metric	known-population-open-set-v1
FR-FCM-ZYVT	FR-FCM-ZYVT	dataset_name-FR-FCM-ZYVT_dataset-revision-67990f383ac8f169c9a00148febba1ed357e18e8_name-data_import.data_raw_potential-batches-1_seed-42_transformation-cofactor-150	not_applicable	lda	LDA	drop-train	.3cfd963b74881b9b1c81b4e4a8fcce333a9461195e98d122e6c796123d7e9c79	Drop ungated training	5	5	1	complete	f1_macro	0.2319461089305297	5	Macro F1	arithmetic mean across accepted effective folds with a defined score for this metric	known-population-open-set-v1
FlowCyt	FlowCyt	dataset_name-FlowCyt_dataset-revision-67990f383ac8f169c9a00148febba1ed357e18e8_name-data_import.data_raw_potential-batches-1_seed-42_transformation-cofactor-150	not_applicable	lda	LDA	drop-train	.3cfd963b74881b9b1c81b4e4a8fcce333a9461195e98d122e6c796123d7e9c79	Drop ungated training	5	5	1	complete	f1_macro	0.3138478855739749	5	Macro F1	arithmetic mean across accepted effective folds with a defined score for this metric	known-population-open-set-v1
Levine	Levine	dataset_name-Levine_dataset-revision-67990f383ac8f169c9a00148febba1ed357e18e8_name-data_import.data_raw_potential-batches-1_seed-42_transformation-cofactor-5	not_applicable	lda	LDA	drop-train	.3cfd963b74881b9b1c81b4e4a8fcce333a9461195e98d122e6c796123d7e9c79	Drop ungated training	2	2	1	complete	f1_macro	0.49777923855406847	2	Macro F1	arithmetic mean across accepted effective folds with a defined score for this metric	known-population-open-set-v1
Samusik	Samusik	dataset_name-Samusik_dataset-revision-67990f383ac8f169c9a00148febba1ed357e18e8_name-data_import.data_raw_potential-batches-1_seed-42_transformation-cofactor-5	not_applicable	lda	LDA	drop-train	.3cfd963b74881b9b1c81b4e4a8fcce333a9461195e98d122e6c796123d7e9c79	Drop ungated training	5	5	1	complete	f1_macro	0.5496214598698007	5	Macro F1	arithmetic mean across accepted effective folds with a defined score for this metric	known-population-open-set-v1
15723074	15723074	dataset_name-15723074_dataset-revision-4bf02d6adbe55785ca855b57274aa37b8dc843ae_name-data_import.data_raw_potential-batches-1_seed-42_transformation-cofactor-150	not_applicable	random	Random	drop-train	.3cfd963b74881b9b1c81b4e4a8fcce333a9461195e98d122e6c796123d7e9c79	Drop ungated training	5	5	1	complete	f1_macro	0.1032702353509846	5	Macro F1	arithmetic mean across accepted effective folds with a defined score for this metric	known-population-open-set-v1
BodenmillerXL	BodenmillerXL	dataset_name-BodenmillerXL_dataset-revision-67990f383ac8f169c9a00148febba1ed357e18e8_name-data_import.data_raw_potential-batches-1_seed-42_transformation-cofactor-5	not_applicable	random	Random	drop-train	.3cfd963b74881b9b1c81b4e4a8fcce333a9461195e98d122e6c796123d7e9c79	Drop ungated training	5	5	1	complete	f1_macro	0.09520491239235439	5	Macro F1	arithmetic mean across accepted effective folds with a defined score for this metric	known-population-open-set-v1
FR-FCM-Z238	FR-FCM-Z238	dataset_name-FR-FCM-Z238_dataset-revision-67990f383ac8f169c9a00148febba1ed357e18e8_name-data_import.data_raw_potential-batches-1_seed-42_transformation-cofactor-5	not_applicable	random	Random	drop-train	.3cfd963b74881b9b1c81b4e4a8fcce333a9461195e98d122e6c796123d7e9c79	Drop ungated training	5	5	1	complete	f1_macro	0.029236003075538756	5	Macro F1	arithmetic mean across accepted effective folds with a defined score for this metric	known-population-open-set-v1
FR-FCM-Z2KP-covid	FR-FCM-Z2KP-covid	dataset_name-FR-FCM-Z2KP-covid_dataset-revision-67990f383ac8f169c9a00148febba1ed357e18e8_name-data_import.data_raw_potential-batches-1_seed-42_transformation-cofactor-150	not_applicable	random	Random	drop-train	.3cfd963b74881b9b1c81b4e4a8fcce333a9461195e98d122e6c796123d7e9c79	Drop ungated training	5	5	1	complete	f1_macro	0.16307028726183248	5	Macro F1	arithmetic mean across accepted effective folds with a defined score for this metric	known-population-open-set-v1
FR-FCM-Z2KP-healthy	FR-FCM-Z2KP-healthy (n=1k)	dataset_name-FR-FCM-Z2KP-healthy_dataset-revision-67990f383ac8f169c9a00148febba1ed357e18e8_name-data_import.data_raw_potential-batches-1_seed-420_sub-sampling-1000_transformation-cofactor-150	1000	random	Random	drop-train	.3cfd963b74881b9b1c81b4e4a8fcce333a9461195e98d122e6c796123d7e9c79	Drop ungated training	5	5	1	complete	f1_macro	0.16372239575501177	5	Macro F1	arithmetic mean across accepted effective folds with a defined score for this metric	known-population-open-set-v1
FR-FCM-Z2KP-healthy	FR-FCM-Z2KP-healthy (n=5k)	dataset_name-FR-FCM-Z2KP-healthy_dataset-revision-67990f383ac8f169c9a00148febba1ed357e18e8_name-data_import.data_raw_potential-batches-1_seed-420_sub-sampling-5000_transformation-cofactor-150	5000	random	Random	drop-train	.3cfd963b74881b9b1c81b4e4a8fcce333a9461195e98d122e6c796123d7e9c79	Drop ungated training	5	5	1	complete	f1_macro	0.16361887217864224	5	Macro F1	arithmetic mean across accepted effective folds with a defined score for this metric	known-population-open-set-v1
FR-FCM-Z2KP-healthy	FR-FCM-Z2KP-healthy (n=10k)	dataset_name-FR-FCM-Z2KP-healthy_dataset-revision-67990f383ac8f169c9a00148febba1ed357e18e8_name-data_import.data_raw_potential-batches-1_seed-420_sub-sampling-10000_transformation-cofactor-150	10000	random	Random	drop-train	.3cfd963b74881b9b1c81b4e4a8fcce333a9461195e98d122e6c796123d7e9c79	Drop ungated training	5	5	1	complete	f1_macro	0.16383205160591277	5	Macro F1	arithmetic mean across accepted effective folds with a defined score for this metric	known-population-open-set-v1
FR-FCM-Z2KP-healthy	FR-FCM-Z2KP-healthy (n=50k)	dataset_name-FR-FCM-Z2KP-healthy_dataset-revision-67990f383ac8f169c9a00148febba1ed357e18e8_name-data_import.data_raw_potential-batches-1_seed-420_sub-sampling-50000_transformation-cofactor-150	50000	random	Random	drop-train	.3cfd963b74881b9b1c81b4e4a8fcce333a9461195e98d122e6c796123d7e9c79	Drop ungated training	5	5	1	complete	f1_macro	0.16350698470592132	5	Macro F1	arithmetic mean across accepted effective folds with a defined score for this metric	known-population-open-set-v1
FR-FCM-Z2KP-healthy	FR-FCM-Z2KP-healthy (n=100k)	dataset_name-FR-FCM-Z2KP-healthy_dataset-revision-67990f383ac8f169c9a00148febba1ed357e18e8_name-data_import.data_raw_potential-batches-1_seed-420_sub-sampling-100000_transformation-cofactor-150	1e+05	random	Random	drop-train	.3cfd963b74881b9b1c81b4e4a8fcce333a9461195e98d122e6c796123d7e9c79	Drop ungated training	5	5	1	complete	f1_macro	0.1636936201774954	5	Macro F1	arithmetic mean across accepted effective folds with a defined score for this metric	known-population-open-set-v1
FR-FCM-Z2KP-healthy	FR-FCM-Z2KP-healthy	dataset_name-FR-FCM-Z2KP-healthy_dataset-revision-67990f383ac8f169c9a00148febba1ed357e18e8_name-data_import.data_raw_potential-batches-1_seed-42_transformation-cofactor-150	not_applicable	random	Random	drop-train	.3cfd963b74881b9b1c81b4e4a8fcce333a9461195e98d122e6c796123d7e9c79	Drop ungated training	5	5	1	complete	f1_macro	0.1632321014846154	5	Macro F1	arithmetic mean across accepted effective folds with a defined score for this metric	known-population-open-set-v1
FR-FCM-Z3YR	FR-FCM-Z3YR	dataset_name-FR-FCM-Z3YR_dataset-revision-67990f383ac8f169c9a00148febba1ed357e18e8_name-data_import.data_raw_potential-batches-1_seed-42_transformation-cofactor-5	not_applicable	random	Random	drop-train	.3cfd963b74881b9b1c81b4e4a8fcce333a9461195e98d122e6c796123d7e9c79	Drop ungated training	5	5	1	complete	f1_macro	0.015146391929312957	5	Macro F1	arithmetic mean across accepted effective folds with a defined score for this metric	known-population-open-set-v1
FR-FCM-Z7CH-BALBc	FR-FCM-Z7CH-BALBc	dataset_name-FR-FCM-Z7CH-BALBc_dataset-revision-4bf02d6adbe55785ca855b57274aa37b8dc843ae_name-data_import.data_raw_potential-batches-1_seed-42_transformation-cofactor-150	not_applicable	random	Random	drop-train	.3cfd963b74881b9b1c81b4e4a8fcce333a9461195e98d122e6c796123d7e9c79	Drop ungated training	5	5	1	complete	f1_macro	0.1414474294188828	5	Macro F1	arithmetic mean across accepted effective folds with a defined score for this metric	known-population-open-set-v1
FR-FCM-Z7CH-C57BL6	FR-FCM-Z7CH-C57BL6	dataset_name-FR-FCM-Z7CH-C57BL6_dataset-revision-4bf02d6adbe55785ca855b57274aa37b8dc843ae_name-data_import.data_raw_potential-batches-1_seed-42_transformation-cofactor-150	not_applicable	random	Random	drop-train	.3cfd963b74881b9b1c81b4e4a8fcce333a9461195e98d122e6c796123d7e9c79	Drop ungated training	5	5	1	complete	f1_macro	0.1358611890914499	5	Macro F1	arithmetic mean across accepted effective folds with a defined score for this metric	known-population-open-set-v1
FR-FCM-ZY34	FR-FCM-ZY34	dataset_name-FR-FCM-ZY34_dataset-revision-67990f383ac8f169c9a00148febba1ed357e18e8_name-data_import.data_raw_potential-batches-1_seed-42_transformation-cofactor-150	not_applicable	random	Random	drop-train	.3cfd963b74881b9b1c81b4e4a8fcce333a9461195e98d122e6c796123d7e9c79	Drop ungated training	5	5	1	complete	f1_macro	0.021629858547631553	5	Macro F1	arithmetic mean across accepted effective folds with a defined score for this metric	known-population-open-set-v1
FR-FCM-ZYVT	FR-FCM-ZYVT	dataset_name-FR-FCM-ZYVT_dataset-revision-67990f383ac8f169c9a00148febba1ed357e18e8_name-data_import.data_raw_potential-batches-1_seed-42_transformation-cofactor-150	not_applicable	random	Random	drop-train	.3cfd963b74881b9b1c81b4e4a8fcce333a9461195e98d122e6c796123d7e9c79	Drop ungated training	5	5	1	complete	f1_macro	0.05447143599535786	5	Macro F1	arithmetic mean across accepted effective folds with a defined score for this metric	known-population-open-set-v1
FlowCyt	FlowCyt	dataset_name-FlowCyt_dataset-revision-67990f383ac8f169c9a00148febba1ed357e18e8_name-data_import.data_raw_potential-batches-1_seed-42_transformation-cofactor-150	not_applicable	random	Random	drop-train	.3cfd963b74881b9b1c81b4e4a8fcce333a9461195e98d122e6c796123d7e9c79	Drop ungated training	5	5	1	complete	f1_macro	0.032570978063237645	5	Macro F1	arithmetic mean across accepted effective folds with a defined score for this metric	known-population-open-set-v1
Levine	Levine	dataset_name-Levine_dataset-revision-67990f383ac8f169c9a00148febba1ed357e18e8_name-data_import.data_raw_potential-batches-1_seed-42_transformation-cofactor-5	not_applicable	random	Random	drop-train	.3cfd963b74881b9b1c81b4e4a8fcce333a9461195e98d122e6c796123d7e9c79	Drop ungated training	2	2	1	complete	f1_macro	0.031063622308469926	2	Macro F1	arithmetic mean across accepted effective folds with a defined score for this metric	known-population-open-set-v1
Samusik	Samusik	dataset_name-Samusik_dataset-revision-67990f383ac8f169c9a00148febba1ed357e18e8_name-data_import.data_raw_potential-batches-1_seed-42_transformation-cofactor-5	not_applicable	random	Random	drop-train	.3cfd963b74881b9b1c81b4e4a8fcce333a9461195e98d122e6c796123d7e9c79	Drop ungated training	5	5	1	complete	f1_macro	0.0201272323833559	5	Macro F1	arithmetic mean across accepted effective folds with a defined score for this metric	known-population-open-set-v1
15723074	15723074	dataset_name-15723074_dataset-revision-4bf02d6adbe55785ca855b57274aa37b8dc843ae_name-data_import.data_raw_potential-batches-1_seed-42_transformation-cofactor-150	not_applicable	cyanno	CyAnno	drop-both	.cf99b5bbf108239b5579ea572773bd79f2991aa4794838d0cb51fe27dd533bc3	Drop ungated training + test	5	5	1	complete	f1_macro	0.7878990636908033	5	Macro F1	arithmetic mean across accepted effective folds with a defined score for this metric	known-population-open-set-v1
BodenmillerXL	BodenmillerXL	dataset_name-BodenmillerXL_dataset-revision-67990f383ac8f169c9a00148febba1ed357e18e8_name-data_import.data_raw_potential-batches-1_seed-42_transformation-cofactor-5	not_applicable	cyanno	CyAnno	drop-both	.cf99b5bbf108239b5579ea572773bd79f2991aa4794838d0cb51fe27dd533bc3	Drop ungated training + test	5	5	1	complete	f1_macro	0.7712686703737045	5	Macro F1	arithmetic mean across accepted effective folds with a defined score for this metric	known-population-open-set-v1
FR-FCM-Z238	FR-FCM-Z238	dataset_name-FR-FCM-Z238_dataset-revision-67990f383ac8f169c9a00148febba1ed357e18e8_name-data_import.data_raw_potential-batches-1_seed-42_transformation-cofactor-5	not_applicable	cyanno	CyAnno	drop-both	.cf99b5bbf108239b5579ea572773bd79f2991aa4794838d0cb51fe27dd533bc3	Drop ungated training + test	5	5	1	complete	f1_macro	0.6296904193404447	5	Macro F1	arithmetic mean across accepted effective folds with a defined score for this metric	known-population-open-set-v1
FR-FCM-Z2KP-covid	FR-FCM-Z2KP-covid	dataset_name-FR-FCM-Z2KP-covid_dataset-revision-67990f383ac8f169c9a00148febba1ed357e18e8_name-data_import.data_raw_potential-batches-1_seed-42_transformation-cofactor-150	not_applicable	cyanno	CyAnno	drop-both	.cf99b5bbf108239b5579ea572773bd79f2991aa4794838d0cb51fe27dd533bc3	Drop ungated training + test	5	5	1	complete	f1_macro	0.9772319351723356	5	Macro F1	arithmetic mean across accepted effective folds with a defined score for this metric	known-population-open-set-v1
FR-FCM-Z2KP-healthy	FR-FCM-Z2KP-healthy (n=1k)	dataset_name-FR-FCM-Z2KP-healthy_dataset-revision-67990f383ac8f169c9a00148febba1ed357e18e8_name-data_import.data_raw_potential-batches-1_seed-420_sub-sampling-1000_transformation-cofactor-150	1000	cyanno	CyAnno	drop-both	.cf99b5bbf108239b5579ea572773bd79f2991aa4794838d0cb51fe27dd533bc3	Drop ungated training + test	5	5	1	complete	f1_macro	0.8239166967996465	5	Macro F1	arithmetic mean across accepted effective folds with a defined score for this metric	known-population-open-set-v1
FR-FCM-Z2KP-healthy	FR-FCM-Z2KP-healthy (n=5k)	dataset_name-FR-FCM-Z2KP-healthy_dataset-revision-67990f383ac8f169c9a00148febba1ed357e18e8_name-data_import.data_raw_potential-batches-1_seed-420_sub-sampling-5000_transformation-cofactor-150	5000	cyanno	CyAnno	drop-both	.cf99b5bbf108239b5579ea572773bd79f2991aa4794838d0cb51fe27dd533bc3	Drop ungated training + test	5	5	1	complete	f1_macro	0.9387035506492624	5	Macro F1	arithmetic mean across accepted effective folds with a defined score for this metric	known-population-open-set-v1
FR-FCM-Z2KP-healthy	FR-FCM-Z2KP-healthy (n=10k)	dataset_name-FR-FCM-Z2KP-healthy_dataset-revision-67990f383ac8f169c9a00148febba1ed357e18e8_name-data_import.data_raw_potential-batches-1_seed-420_sub-sampling-10000_transformation-cofactor-150	10000	cyanno	CyAnno	drop-both	.cf99b5bbf108239b5579ea572773bd79f2991aa4794838d0cb51fe27dd533bc3	Drop ungated training + test	5	5	1	complete	f1_macro	0.9553955636421647	5	Macro F1	arithmetic mean across accepted effective folds with a defined score for this metric	known-population-open-set-v1
FR-FCM-Z2KP-healthy	FR-FCM-Z2KP-healthy (n=50k)	dataset_name-FR-FCM-Z2KP-healthy_dataset-revision-67990f383ac8f169c9a00148febba1ed357e18e8_name-data_import.data_raw_potential-batches-1_seed-420_sub-sampling-50000_transformation-cofactor-150	50000	cyanno	CyAnno	drop-both	.cf99b5bbf108239b5579ea572773bd79f2991aa4794838d0cb51fe27dd533bc3	Drop ungated training + test	5	5	1	complete	f1_macro	0.9734863699907895	5	Macro F1	arithmetic mean across accepted effective folds with a defined score for this metric	known-population-open-set-v1
FR-FCM-Z2KP-healthy	FR-FCM-Z2KP-healthy (n=100k)	dataset_name-FR-FCM-Z2KP-healthy_dataset-revision-67990f383ac8f169c9a00148febba1ed357e18e8_name-data_import.data_raw_potential-batches-1_seed-420_sub-sampling-100000_transformation-cofactor-150	1e+05	cyanno	CyAnno	drop-both	.cf99b5bbf108239b5579ea572773bd79f2991aa4794838d0cb51fe27dd533bc3	Drop ungated training + test	5	5	1	complete	f1_macro	0.9778723407644097	5	Macro F1	arithmetic mean across accepted effective folds with a defined score for this metric	known-population-open-set-v1
FR-FCM-Z2KP-healthy	FR-FCM-Z2KP-healthy	dataset_name-FR-FCM-Z2KP-healthy_dataset-revision-67990f383ac8f169c9a00148febba1ed357e18e8_name-data_import.data_raw_potential-batches-1_seed-42_transformation-cofactor-150	not_applicable	cyanno	CyAnno	drop-both	.cf99b5bbf108239b5579ea572773bd79f2991aa4794838d0cb51fe27dd533bc3	Drop ungated training + test	5	5	1	complete	f1_macro	0.9833621159492258	5	Macro F1	arithmetic mean across accepted effective folds with a defined score for this metric	known-population-open-set-v1
FR-FCM-Z3YR	FR-FCM-Z3YR	dataset_name-FR-FCM-Z3YR_dataset-revision-67990f383ac8f169c9a00148febba1ed357e18e8_name-data_import.data_raw_potential-batches-1_seed-42_transformation-cofactor-5	not_applicable	cyanno	CyAnno	drop-both	.cf99b5bbf108239b5579ea572773bd79f2991aa4794838d0cb51fe27dd533bc3	Drop ungated training + test	5	5	1	complete	f1_macro	0.8688486281116665	5	Macro F1	arithmetic mean across accepted effective folds with a defined score for this metric	known-population-open-set-v1
FR-FCM-Z7CH-BALBc	FR-FCM-Z7CH-BALBc	dataset_name-FR-FCM-Z7CH-BALBc_dataset-revision-4bf02d6adbe55785ca855b57274aa37b8dc843ae_name-data_import.data_raw_potential-batches-1_seed-42_transformation-cofactor-150	not_applicable	cyanno	CyAnno	drop-both	.cf99b5bbf108239b5579ea572773bd79f2991aa4794838d0cb51fe27dd533bc3	Drop ungated training + test	5	5	1	complete	f1_macro	0.9996857308342296	5	Macro F1	arithmetic mean across accepted effective folds with a defined score for this metric	known-population-open-set-v1
FR-FCM-Z7CH-C57BL6	FR-FCM-Z7CH-C57BL6	dataset_name-FR-FCM-Z7CH-C57BL6_dataset-revision-4bf02d6adbe55785ca855b57274aa37b8dc843ae_name-data_import.data_raw_potential-batches-1_seed-42_transformation-cofactor-150	not_applicable	cyanno	CyAnno	drop-both	.cf99b5bbf108239b5579ea572773bd79f2991aa4794838d0cb51fe27dd533bc3	Drop ungated training + test	5	5	1	complete	f1_macro	0.9998321735739606	5	Macro F1	arithmetic mean across accepted effective folds with a defined score for this metric	known-population-open-set-v1
FR-FCM-ZY34	FR-FCM-ZY34	dataset_name-FR-FCM-ZY34_dataset-revision-67990f383ac8f169c9a00148febba1ed357e18e8_name-data_import.data_raw_potential-batches-1_seed-42_transformation-cofactor-150	not_applicable	cyanno	CyAnno	drop-both	.cf99b5bbf108239b5579ea572773bd79f2991aa4794838d0cb51fe27dd533bc3	Drop ungated training + test	5	5	1	complete	f1_macro	0.4593281801187649	5	Macro F1	arithmetic mean across accepted effective folds with a defined score for this metric	known-population-open-set-v1
FR-FCM-ZYVT	FR-FCM-ZYVT	dataset_name-FR-FCM-ZYVT_dataset-revision-67990f383ac8f169c9a00148febba1ed357e18e8_name-data_import.data_raw_potential-batches-1_seed-42_transformation-cofactor-150	not_applicable	cyanno	CyAnno	drop-both	.cf99b5bbf108239b5579ea572773bd79f2991aa4794838d0cb51fe27dd533bc3	Drop ungated training + test	5	5	1	complete	f1_macro	0.5492678256070906	5	Macro F1	arithmetic mean across accepted effective folds with a defined score for this metric	known-population-open-set-v1
FlowCyt	FlowCyt	dataset_name-FlowCyt_dataset-revision-67990f383ac8f169c9a00148febba1ed357e18e8_name-data_import.data_raw_potential-batches-1_seed-42_transformation-cofactor-150	not_applicable	cyanno	CyAnno	drop-both	.cf99b5bbf108239b5579ea572773bd79f2991aa4794838d0cb51fe27dd533bc3	Drop ungated training + test	5	5	1	complete	f1_macro	0.9207248199370783	5	Macro F1	arithmetic mean across accepted effective folds with a defined score for this metric	known-population-open-set-v1
Levine	Levine	dataset_name-Levine_dataset-revision-67990f383ac8f169c9a00148febba1ed357e18e8_name-data_import.data_raw_potential-batches-1_seed-42_transformation-cofactor-5	not_applicable	cyanno	CyAnno	drop-both	.cf99b5bbf108239b5579ea572773bd79f2991aa4794838d0cb51fe27dd533bc3	Drop ungated training + test	2	2	1	complete	f1_macro	0.9620060574109379	2	Macro F1	arithmetic mean across accepted effective folds with a defined score for this metric	known-population-open-set-v1
Samusik	Samusik	dataset_name-Samusik_dataset-revision-67990f383ac8f169c9a00148febba1ed357e18e8_name-data_import.data_raw_potential-batches-1_seed-42_transformation-cofactor-5	not_applicable	cyanno	CyAnno	drop-both	.cf99b5bbf108239b5579ea572773bd79f2991aa4794838d0cb51fe27dd533bc3	Drop ungated training + test	5	5	1	complete	f1_macro	0.874765731440257	5	Macro F1	arithmetic mean across accepted effective folds with a defined score for this metric	known-population-open-set-v1
15723074	15723074	dataset_name-15723074_dataset-revision-4bf02d6adbe55785ca855b57274aa37b8dc843ae_name-data_import.data_raw_potential-batches-1_seed-42_transformation-cofactor-150	not_applicable	cygate	CyGATE	drop-both	.cf99b5bbf108239b5579ea572773bd79f2991aa4794838d0cb51fe27dd533bc3	Drop ungated training + test	5	5	1	complete	f1_macro	0.7798068623002592	5	Macro F1	arithmetic mean across accepted effective folds with a defined score for this metric	known-population-open-set-v1
BodenmillerXL	BodenmillerXL	dataset_name-BodenmillerXL_dataset-revision-67990f383ac8f169c9a00148febba1ed357e18e8_name-data_import.data_raw_potential-batches-1_seed-42_transformation-cofactor-5	not_applicable	cygate	CyGATE	drop-both	.cf99b5bbf108239b5579ea572773bd79f2991aa4794838d0cb51fe27dd533bc3	Drop ungated training + test	5	5	1	complete	f1_macro	0.780616191357459	5	Macro F1	arithmetic mean across accepted effective folds with a defined score for this metric	known-population-open-set-v1
FR-FCM-Z238	FR-FCM-Z238	dataset_name-FR-FCM-Z238_dataset-revision-67990f383ac8f169c9a00148febba1ed357e18e8_name-data_import.data_raw_potential-batches-1_seed-42_transformation-cofactor-5	not_applicable	cygate	CyGATE	drop-both	.cf99b5bbf108239b5579ea572773bd79f2991aa4794838d0cb51fe27dd533bc3	Drop ungated training + test	5	5	1	complete	f1_macro	0.645922552472124	5	Macro F1	arithmetic mean across accepted effective folds with a defined score for this metric	known-population-open-set-v1
FR-FCM-Z2KP-covid	FR-FCM-Z2KP-covid	dataset_name-FR-FCM-Z2KP-covid_dataset-revision-67990f383ac8f169c9a00148febba1ed357e18e8_name-data_import.data_raw_potential-batches-1_seed-42_transformation-cofactor-150	not_applicable	cygate	CyGATE	drop-both	.cf99b5bbf108239b5579ea572773bd79f2991aa4794838d0cb51fe27dd533bc3	Drop ungated training + test	5	5	1	complete	f1_macro	0.8070190014889106	5	Macro F1	arithmetic mean across accepted effective folds with a defined score for this metric	known-population-open-set-v1
FR-FCM-Z2KP-healthy	FR-FCM-Z2KP-healthy (n=1k)	dataset_name-FR-FCM-Z2KP-healthy_dataset-revision-67990f383ac8f169c9a00148febba1ed357e18e8_name-data_import.data_raw_potential-batches-1_seed-420_sub-sampling-1000_transformation-cofactor-150	1000	cygate	CyGATE	drop-both	.cf99b5bbf108239b5579ea572773bd79f2991aa4794838d0cb51fe27dd533bc3	Drop ungated training + test	5	5	1	complete	f1_macro	0.8170442331462511	5	Macro F1	arithmetic mean across accepted effective folds with a defined score for this metric	known-population-open-set-v1
FR-FCM-Z2KP-healthy	FR-FCM-Z2KP-healthy (n=5k)	dataset_name-FR-FCM-Z2KP-healthy_dataset-revision-67990f383ac8f169c9a00148febba1ed357e18e8_name-data_import.data_raw_potential-batches-1_seed-420_sub-sampling-5000_transformation-cofactor-150	5000	cygate	CyGATE	drop-both	.cf99b5bbf108239b5579ea572773bd79f2991aa4794838d0cb51fe27dd533bc3	Drop ungated training + test	5	5	1	complete	f1_macro	0.8012159642461518	5	Macro F1	arithmetic mean across accepted effective folds with a defined score for this metric	known-population-open-set-v1
FR-FCM-Z2KP-healthy	FR-FCM-Z2KP-healthy (n=10k)	dataset_name-FR-FCM-Z2KP-healthy_dataset-revision-67990f383ac8f169c9a00148febba1ed357e18e8_name-data_import.data_raw_potential-batches-1_seed-420_sub-sampling-10000_transformation-cofactor-150	10000	cygate	CyGATE	drop-both	.cf99b5bbf108239b5579ea572773bd79f2991aa4794838d0cb51fe27dd533bc3	Drop ungated training + test	5	5	1	complete	f1_macro	0.8168694970118877	5	Macro F1	arithmetic mean across accepted effective folds with a defined score for this metric	known-population-open-set-v1
FR-FCM-Z2KP-healthy	FR-FCM-Z2KP-healthy (n=50k)	dataset_name-FR-FCM-Z2KP-healthy_dataset-revision-67990f383ac8f169c9a00148febba1ed357e18e8_name-data_import.data_raw_potential-batches-1_seed-420_sub-sampling-50000_transformation-cofactor-150	50000	cygate	CyGATE	drop-both	.cf99b5bbf108239b5579ea572773bd79f2991aa4794838d0cb51fe27dd533bc3	Drop ungated training + test	5	5	1	complete	f1_macro	0.8022585498250121	5	Macro F1	arithmetic mean across accepted effective folds with a defined score for this metric	known-population-open-set-v1
FR-FCM-Z2KP-healthy	FR-FCM-Z2KP-healthy (n=100k)	dataset_name-FR-FCM-Z2KP-healthy_dataset-revision-67990f383ac8f169c9a00148febba1ed357e18e8_name-data_import.data_raw_potential-batches-1_seed-420_sub-sampling-100000_transformation-cofactor-150	1e+05	cygate	CyGATE	drop-both	.cf99b5bbf108239b5579ea572773bd79f2991aa4794838d0cb51fe27dd533bc3	Drop ungated training + test	5	5	1	complete	f1_macro	0.8001689831150623	5	Macro F1	arithmetic mean across accepted effective folds with a defined score for this metric	known-population-open-set-v1
FR-FCM-Z2KP-healthy	FR-FCM-Z2KP-healthy	dataset_name-FR-FCM-Z2KP-healthy_dataset-revision-67990f383ac8f169c9a00148febba1ed357e18e8_name-data_import.data_raw_potential-batches-1_seed-42_transformation-cofactor-150	not_applicable	cygate	CyGATE	drop-both	.cf99b5bbf108239b5579ea572773bd79f2991aa4794838d0cb51fe27dd533bc3	Drop ungated training + test	5	5	1	complete	f1_macro	0.8197020075459224	5	Macro F1	arithmetic mean across accepted effective folds with a defined score for this metric	known-population-open-set-v1
FR-FCM-Z3YR	FR-FCM-Z3YR	dataset_name-FR-FCM-Z3YR_dataset-revision-67990f383ac8f169c9a00148febba1ed357e18e8_name-data_import.data_raw_potential-batches-1_seed-42_transformation-cofactor-5	not_applicable	cygate	CyGATE	drop-both	.cf99b5bbf108239b5579ea572773bd79f2991aa4794838d0cb51fe27dd533bc3	Drop ungated training + test	5	5	1	complete	f1_macro	0.7183644855500368	5	Macro F1	arithmetic mean across accepted effective folds with a defined score for this metric	known-population-open-set-v1
FR-FCM-Z7CH-BALBc	FR-FCM-Z7CH-BALBc	dataset_name-FR-FCM-Z7CH-BALBc_dataset-revision-4bf02d6adbe55785ca855b57274aa37b8dc843ae_name-data_import.data_raw_potential-batches-1_seed-42_transformation-cofactor-150	not_applicable	cygate	CyGATE	drop-both	.cf99b5bbf108239b5579ea572773bd79f2991aa4794838d0cb51fe27dd533bc3	Drop ungated training + test	5	5	1	complete	f1_macro	0.9086701059365616	5	Macro F1	arithmetic mean across accepted effective folds with a defined score for this metric	known-population-open-set-v1
FR-FCM-Z7CH-C57BL6	FR-FCM-Z7CH-C57BL6	dataset_name-FR-FCM-Z7CH-C57BL6_dataset-revision-4bf02d6adbe55785ca855b57274aa37b8dc843ae_name-data_import.data_raw_potential-batches-1_seed-42_transformation-cofactor-150	not_applicable	cygate	CyGATE	drop-both	.cf99b5bbf108239b5579ea572773bd79f2991aa4794838d0cb51fe27dd533bc3	Drop ungated training + test	5	5	1	complete	f1_macro	0.878655886926311	5	Macro F1	arithmetic mean across accepted effective folds with a defined score for this metric	known-population-open-set-v1
FR-FCM-ZY34	FR-FCM-ZY34	dataset_name-FR-FCM-ZY34_dataset-revision-67990f383ac8f169c9a00148febba1ed357e18e8_name-data_import.data_raw_potential-batches-1_seed-42_transformation-cofactor-150	not_applicable	cygate	CyGATE	drop-both	.cf99b5bbf108239b5579ea572773bd79f2991aa4794838d0cb51fe27dd533bc3	Drop ungated training + test	5	5	1	complete	f1_macro	0.2769717833756872	5	Macro F1	arithmetic mean across accepted effective folds with a defined score for this metric	known-population-open-set-v1
FR-FCM-ZYVT	FR-FCM-ZYVT	dataset_name-FR-FCM-ZYVT_dataset-revision-67990f383ac8f169c9a00148febba1ed357e18e8_name-data_import.data_raw_potential-batches-1_seed-42_transformation-cofactor-150	not_applicable	cygate	CyGATE	drop-both	.cf99b5bbf108239b5579ea572773bd79f2991aa4794838d0cb51fe27dd533bc3	Drop ungated training + test	5	5	1	complete	f1_macro	0.6356079657154976	5	Macro F1	arithmetic mean across accepted effective folds with a defined score for this metric	known-population-open-set-v1
FlowCyt	FlowCyt	dataset_name-FlowCyt_dataset-revision-67990f383ac8f169c9a00148febba1ed357e18e8_name-data_import.data_raw_potential-batches-1_seed-42_transformation-cofactor-150	not_applicable	cygate	CyGATE	drop-both	.cf99b5bbf108239b5579ea572773bd79f2991aa4794838d0cb51fe27dd533bc3	Drop ungated training + test	5	5	1	complete	f1_macro	0.874551479602445	5	Macro F1	arithmetic mean across accepted effective folds with a defined score for this metric	known-population-open-set-v1
Levine	Levine	dataset_name-Levine_dataset-revision-67990f383ac8f169c9a00148febba1ed357e18e8_name-data_import.data_raw_potential-batches-1_seed-42_transformation-cofactor-5	not_applicable	cygate	CyGATE	drop-both	.cf99b5bbf108239b5579ea572773bd79f2991aa4794838d0cb51fe27dd533bc3	Drop ungated training + test	2	2	1	complete	f1_macro	0.942151704145918	2	Macro F1	arithmetic mean across accepted effective folds with a defined score for this metric	known-population-open-set-v1
Samusik	Samusik	dataset_name-Samusik_dataset-revision-67990f383ac8f169c9a00148febba1ed357e18e8_name-data_import.data_raw_potential-batches-1_seed-42_transformation-cofactor-5	not_applicable	cygate	CyGATE	drop-both	.cf99b5bbf108239b5579ea572773bd79f2991aa4794838d0cb51fe27dd533bc3	Drop ungated training + test	5	5	1	complete	f1_macro	0.8575569682537967	5	Macro F1	arithmetic mean across accepted effective folds with a defined score for this metric	known-population-open-set-v1
15723074	15723074	dataset_name-15723074_dataset-revision-4bf02d6adbe55785ca855b57274aa37b8dc843ae_name-data_import.data_raw_potential-batches-1_seed-42_transformation-cofactor-150	not_applicable	dgcytof	DGCyTOF	drop-both	.cf99b5bbf108239b5579ea572773bd79f2991aa4794838d0cb51fe27dd533bc3	Drop ungated training + test	5	5	1	complete	f1_macro	0.790410853725495	5	Macro F1	arithmetic mean across accepted effective folds with a defined score for this metric	known-population-open-set-v1
BodenmillerXL	BodenmillerXL	dataset_name-BodenmillerXL_dataset-revision-67990f383ac8f169c9a00148febba1ed357e18e8_name-data_import.data_raw_potential-batches-1_seed-42_transformation-cofactor-5	not_applicable	dgcytof	DGCyTOF	drop-both	.cf99b5bbf108239b5579ea572773bd79f2991aa4794838d0cb51fe27dd533bc3	Drop ungated training + test	5	5	1	complete	f1_macro	0.8319834447524145	5	Macro F1	arithmetic mean across accepted effective folds with a defined score for this metric	known-population-open-set-v1
FR-FCM-Z238	FR-FCM-Z238	dataset_name-FR-FCM-Z238_dataset-revision-67990f383ac8f169c9a00148febba1ed357e18e8_name-data_import.data_raw_potential-batches-1_seed-42_transformation-cofactor-5	not_applicable	dgcytof	DGCyTOF	drop-both	.cf99b5bbf108239b5579ea572773bd79f2991aa4794838d0cb51fe27dd533bc3	Drop ungated training + test	5	5	1	complete	f1_macro	0.6739108994647047	5	Macro F1	arithmetic mean across accepted effective folds with a defined score for this metric	known-population-open-set-v1
FR-FCM-Z2KP-covid	FR-FCM-Z2KP-covid	dataset_name-FR-FCM-Z2KP-covid_dataset-revision-67990f383ac8f169c9a00148febba1ed357e18e8_name-data_import.data_raw_potential-batches-1_seed-42_transformation-cofactor-150	not_applicable	dgcytof	DGCyTOF	drop-both	.cf99b5bbf108239b5579ea572773bd79f2991aa4794838d0cb51fe27dd533bc3	Drop ungated training + test	5	5	1	complete	f1_macro	0.9804832760102444	5	Macro F1	arithmetic mean across accepted effective folds with a defined score for this metric	known-population-open-set-v1
FR-FCM-Z2KP-healthy	FR-FCM-Z2KP-healthy (n=1k)	dataset_name-FR-FCM-Z2KP-healthy_dataset-revision-67990f383ac8f169c9a00148febba1ed357e18e8_name-data_import.data_raw_potential-batches-1_seed-420_sub-sampling-1000_transformation-cofactor-150	1000	dgcytof	DGCyTOF	drop-both	.cf99b5bbf108239b5579ea572773bd79f2991aa4794838d0cb51fe27dd533bc3	Drop ungated training + test	5	5	1	complete	f1_macro	0.7439421982873248	5	Macro F1	arithmetic mean across accepted effective folds with a defined score for this metric	known-population-open-set-v1
FR-FCM-Z2KP-healthy	FR-FCM-Z2KP-healthy (n=5k)	dataset_name-FR-FCM-Z2KP-healthy_dataset-revision-67990f383ac8f169c9a00148febba1ed357e18e8_name-data_import.data_raw_potential-batches-1_seed-420_sub-sampling-5000_transformation-cofactor-150	5000	dgcytof	DGCyTOF	drop-both	.cf99b5bbf108239b5579ea572773bd79f2991aa4794838d0cb51fe27dd533bc3	Drop ungated training + test	5	5	1	complete	f1_macro	0.88869085422643	5	Macro F1	arithmetic mean across accepted effective folds with a defined score for this metric	known-population-open-set-v1
FR-FCM-Z2KP-healthy	FR-FCM-Z2KP-healthy (n=10k)	dataset_name-FR-FCM-Z2KP-healthy_dataset-revision-67990f383ac8f169c9a00148febba1ed357e18e8_name-data_import.data_raw_potential-batches-1_seed-420_sub-sampling-10000_transformation-cofactor-150	10000	dgcytof	DGCyTOF	drop-both	.cf99b5bbf108239b5579ea572773bd79f2991aa4794838d0cb51fe27dd533bc3	Drop ungated training + test	5	5	1	complete	f1_macro	0.9142325666563474	5	Macro F1	arithmetic mean across accepted effective folds with a defined score for this metric	known-population-open-set-v1
FR-FCM-Z2KP-healthy	FR-FCM-Z2KP-healthy (n=50k)	dataset_name-FR-FCM-Z2KP-healthy_dataset-revision-67990f383ac8f169c9a00148febba1ed357e18e8_name-data_import.data_raw_potential-batches-1_seed-420_sub-sampling-50000_transformation-cofactor-150	50000	dgcytof	DGCyTOF	drop-both	.cf99b5bbf108239b5579ea572773bd79f2991aa4794838d0cb51fe27dd533bc3	Drop ungated training + test	5	5	1	complete	f1_macro	0.9669250599798798	5	Macro F1	arithmetic mean across accepted effective folds with a defined score for this metric	known-population-open-set-v1
FR-FCM-Z2KP-healthy	FR-FCM-Z2KP-healthy (n=100k)	dataset_name-FR-FCM-Z2KP-healthy_dataset-revision-67990f383ac8f169c9a00148febba1ed357e18e8_name-data_import.data_raw_potential-batches-1_seed-420_sub-sampling-100000_transformation-cofactor-150	1e+05	dgcytof	DGCyTOF	drop-both	.cf99b5bbf108239b5579ea572773bd79f2991aa4794838d0cb51fe27dd533bc3	Drop ungated training + test	5	5	1	complete	f1_macro	0.973744251626341	5	Macro F1	arithmetic mean across accepted effective folds with a defined score for this metric	known-population-open-set-v1
FR-FCM-Z2KP-healthy	FR-FCM-Z2KP-healthy	dataset_name-FR-FCM-Z2KP-healthy_dataset-revision-67990f383ac8f169c9a00148febba1ed357e18e8_name-data_import.data_raw_potential-batches-1_seed-42_transformation-cofactor-150	not_applicable	dgcytof	DGCyTOF	drop-both	.cf99b5bbf108239b5579ea572773bd79f2991aa4794838d0cb51fe27dd533bc3	Drop ungated training + test	5	5	1	complete	f1_macro	0.9859773324580013	5	Macro F1	arithmetic mean across accepted effective folds with a defined score for this metric	known-population-open-set-v1
FR-FCM-Z3YR	FR-FCM-Z3YR	dataset_name-FR-FCM-Z3YR_dataset-revision-67990f383ac8f169c9a00148febba1ed357e18e8_name-data_import.data_raw_potential-batches-1_seed-42_transformation-cofactor-5	not_applicable	dgcytof	DGCyTOF	drop-both	.cf99b5bbf108239b5579ea572773bd79f2991aa4794838d0cb51fe27dd533bc3	Drop ungated training + test	5	5	1	complete	f1_macro	0.7570220885998615	5	Macro F1	arithmetic mean across accepted effective folds with a defined score for this metric	known-population-open-set-v1
FR-FCM-Z7CH-BALBc	FR-FCM-Z7CH-BALBc	dataset_name-FR-FCM-Z7CH-BALBc_dataset-revision-4bf02d6adbe55785ca855b57274aa37b8dc843ae_name-data_import.data_raw_potential-batches-1_seed-42_transformation-cofactor-150	not_applicable	dgcytof	DGCyTOF	drop-both	.cf99b5bbf108239b5579ea572773bd79f2991aa4794838d0cb51fe27dd533bc3	Drop ungated training + test	5	5	1	complete	f1_macro	0.9687799782810426	5	Macro F1	arithmetic mean across accepted effective folds with a defined score for this metric	known-population-open-set-v1
FR-FCM-Z7CH-C57BL6	FR-FCM-Z7CH-C57BL6	dataset_name-FR-FCM-Z7CH-C57BL6_dataset-revision-4bf02d6adbe55785ca855b57274aa37b8dc843ae_name-data_import.data_raw_potential-batches-1_seed-42_transformation-cofactor-150	not_applicable	dgcytof	DGCyTOF	drop-both	.cf99b5bbf108239b5579ea572773bd79f2991aa4794838d0cb51fe27dd533bc3	Drop ungated training + test	5	5	1	complete	f1_macro	0.973798037363173	5	Macro F1	arithmetic mean across accepted effective folds with a defined score for this metric	known-population-open-set-v1
FR-FCM-ZY34	FR-FCM-ZY34	dataset_name-FR-FCM-ZY34_dataset-revision-67990f383ac8f169c9a00148febba1ed357e18e8_name-data_import.data_raw_potential-batches-1_seed-42_transformation-cofactor-150	not_applicable	dgcytof	DGCyTOF	drop-both	.cf99b5bbf108239b5579ea572773bd79f2991aa4794838d0cb51fe27dd533bc3	Drop ungated training + test	5	5	1	complete	f1_macro	0.4252690425139288	5	Macro F1	arithmetic mean across accepted effective folds with a defined score for this metric	known-population-open-set-v1
FR-FCM-ZYVT	FR-FCM-ZYVT	dataset_name-FR-FCM-ZYVT_dataset-revision-67990f383ac8f169c9a00148febba1ed357e18e8_name-data_import.data_raw_potential-batches-1_seed-42_transformation-cofactor-150	not_applicable	dgcytof	DGCyTOF	drop-both	.cf99b5bbf108239b5579ea572773bd79f2991aa4794838d0cb51fe27dd533bc3	Drop ungated training + test	5	5	1	complete	f1_macro	0.6142564098462054	5	Macro F1	arithmetic mean across accepted effective folds with a defined score for this metric	known-population-open-set-v1
FlowCyt	FlowCyt	dataset_name-FlowCyt_dataset-revision-67990f383ac8f169c9a00148febba1ed357e18e8_name-data_import.data_raw_potential-batches-1_seed-42_transformation-cofactor-150	not_applicable	dgcytof	DGCyTOF	drop-both	.cf99b5bbf108239b5579ea572773bd79f2991aa4794838d0cb51fe27dd533bc3	Drop ungated training + test	5	5	1	complete	f1_macro	0.9275457777689521	5	Macro F1	arithmetic mean across accepted effective folds with a defined score for this metric	known-population-open-set-v1
Levine	Levine	dataset_name-Levine_dataset-revision-67990f383ac8f169c9a00148febba1ed357e18e8_name-data_import.data_raw_potential-batches-1_seed-42_transformation-cofactor-5	not_applicable	dgcytof	DGCyTOF	drop-both	.cf99b5bbf108239b5579ea572773bd79f2991aa4794838d0cb51fe27dd533bc3	Drop ungated training + test	2	2	1	complete	f1_macro	0.9604387706220149	2	Macro F1	arithmetic mean across accepted effective folds with a defined score for this metric	known-population-open-set-v1
Samusik	Samusik	dataset_name-Samusik_dataset-revision-67990f383ac8f169c9a00148febba1ed357e18e8_name-data_import.data_raw_potential-batches-1_seed-42_transformation-cofactor-5	not_applicable	dgcytof	DGCyTOF	drop-both	.cf99b5bbf108239b5579ea572773bd79f2991aa4794838d0cb51fe27dd533bc3	Drop ungated training + test	5	5	1	complete	f1_macro	0.9243714383912014	5	Macro F1	arithmetic mean across accepted effective folds with a defined score for this metric	known-population-open-set-v1
15723074	15723074	dataset_name-15723074_dataset-revision-4bf02d6adbe55785ca855b57274aa37b8dc843ae_name-data_import.data_raw_potential-batches-1_seed-42_transformation-cofactor-150	not_applicable	gatemeclass[E]	GateMeClass [E]	drop-both	.cf99b5bbf108239b5579ea572773bd79f2991aa4794838d0cb51fe27dd533bc3	Drop ungated training + test	5	5	1	complete	f1_macro	0.9525570874479198	5	Macro F1	arithmetic mean across accepted effective folds with a defined score for this metric	known-population-open-set-v1
BodenmillerXL	BodenmillerXL	dataset_name-BodenmillerXL_dataset-revision-67990f383ac8f169c9a00148febba1ed357e18e8_name-data_import.data_raw_potential-batches-1_seed-42_transformation-cofactor-5	not_applicable	gatemeclass[E]	GateMeClass [E]	drop-both	.cf99b5bbf108239b5579ea572773bd79f2991aa4794838d0cb51fe27dd533bc3	Drop ungated training + test	5	5	1	complete	f1_macro	0.6545595471809781	5	Macro F1	arithmetic mean across accepted effective folds with a defined score for this metric	known-population-open-set-v1
FR-FCM-Z238	FR-FCM-Z238	dataset_name-FR-FCM-Z238_dataset-revision-67990f383ac8f169c9a00148febba1ed357e18e8_name-data_import.data_raw_potential-batches-1_seed-42_transformation-cofactor-5	not_applicable	gatemeclass[E]	GateMeClass [E]	drop-both	.cf99b5bbf108239b5579ea572773bd79f2991aa4794838d0cb51fe27dd533bc3	Drop ungated training + test	0	5	0	incomplete	f1_macro	NA	0	Macro F1	arithmetic mean across accepted effective folds with a defined score for this metric	known-population-open-set-v1
FR-FCM-Z2KP-covid	FR-FCM-Z2KP-covid	dataset_name-FR-FCM-Z2KP-covid_dataset-revision-67990f383ac8f169c9a00148febba1ed357e18e8_name-data_import.data_raw_potential-batches-1_seed-42_transformation-cofactor-150	not_applicable	gatemeclass[E]	GateMeClass [E]	drop-both	.cf99b5bbf108239b5579ea572773bd79f2991aa4794838d0cb51fe27dd533bc3	Drop ungated training + test	0	5	0	incomplete	f1_macro	NA	0	Macro F1	arithmetic mean across accepted effective folds with a defined score for this metric	known-population-open-set-v1
FR-FCM-Z2KP-healthy	FR-FCM-Z2KP-healthy (n=1k)	dataset_name-FR-FCM-Z2KP-healthy_dataset-revision-67990f383ac8f169c9a00148febba1ed357e18e8_name-data_import.data_raw_potential-batches-1_seed-420_sub-sampling-1000_transformation-cofactor-150	1000	gatemeclass[E]	GateMeClass [E]	drop-both	.cf99b5bbf108239b5579ea572773bd79f2991aa4794838d0cb51fe27dd533bc3	Drop ungated training + test	5	5	1	complete	f1_macro	0.753255735860519	5	Macro F1	arithmetic mean across accepted effective folds with a defined score for this metric	known-population-open-set-v1
FR-FCM-Z2KP-healthy	FR-FCM-Z2KP-healthy (n=5k)	dataset_name-FR-FCM-Z2KP-healthy_dataset-revision-67990f383ac8f169c9a00148febba1ed357e18e8_name-data_import.data_raw_potential-batches-1_seed-420_sub-sampling-5000_transformation-cofactor-150	5000	gatemeclass[E]	GateMeClass [E]	drop-both	.cf99b5bbf108239b5579ea572773bd79f2991aa4794838d0cb51fe27dd533bc3	Drop ungated training + test	5	5	1	complete	f1_macro	0.6398228215932431	5	Macro F1	arithmetic mean across accepted effective folds with a defined score for this metric	known-population-open-set-v1
FR-FCM-Z2KP-healthy	FR-FCM-Z2KP-healthy (n=10k)	dataset_name-FR-FCM-Z2KP-healthy_dataset-revision-67990f383ac8f169c9a00148febba1ed357e18e8_name-data_import.data_raw_potential-batches-1_seed-420_sub-sampling-10000_transformation-cofactor-150	10000	gatemeclass[E]	GateMeClass [E]	drop-both	.cf99b5bbf108239b5579ea572773bd79f2991aa4794838d0cb51fe27dd533bc3	Drop ungated training + test	5	5	1	complete	f1_macro	0.6721149921878213	5	Macro F1	arithmetic mean across accepted effective folds with a defined score for this metric	known-population-open-set-v1
FR-FCM-Z2KP-healthy	FR-FCM-Z2KP-healthy (n=50k)	dataset_name-FR-FCM-Z2KP-healthy_dataset-revision-67990f383ac8f169c9a00148febba1ed357e18e8_name-data_import.data_raw_potential-batches-1_seed-420_sub-sampling-50000_transformation-cofactor-150	50000	gatemeclass[E]	GateMeClass [E]	drop-both	.cf99b5bbf108239b5579ea572773bd79f2991aa4794838d0cb51fe27dd533bc3	Drop ungated training + test	5	5	1	complete	f1_macro	0.6735432231716121	5	Macro F1	arithmetic mean across accepted effective folds with a defined score for this metric	known-population-open-set-v1
FR-FCM-Z2KP-healthy	FR-FCM-Z2KP-healthy (n=100k)	dataset_name-FR-FCM-Z2KP-healthy_dataset-revision-67990f383ac8f169c9a00148febba1ed357e18e8_name-data_import.data_raw_potential-batches-1_seed-420_sub-sampling-100000_transformation-cofactor-150	1e+05	gatemeclass[E]	GateMeClass [E]	drop-both	.cf99b5bbf108239b5579ea572773bd79f2991aa4794838d0cb51fe27dd533bc3	Drop ungated training + test	5	5	1	complete	f1_macro	0.6288740071986119	5	Macro F1	arithmetic mean across accepted effective folds with a defined score for this metric	known-population-open-set-v1
FR-FCM-Z2KP-healthy	FR-FCM-Z2KP-healthy	dataset_name-FR-FCM-Z2KP-healthy_dataset-revision-67990f383ac8f169c9a00148febba1ed357e18e8_name-data_import.data_raw_potential-batches-1_seed-42_transformation-cofactor-150	not_applicable	gatemeclass[E]	GateMeClass [E]	drop-both	.cf99b5bbf108239b5579ea572773bd79f2991aa4794838d0cb51fe27dd533bc3	Drop ungated training + test	5	5	1	complete	f1_macro	0.6638447540447906	5	Macro F1	arithmetic mean across accepted effective folds with a defined score for this metric	known-population-open-set-v1
FR-FCM-Z3YR	FR-FCM-Z3YR	dataset_name-FR-FCM-Z3YR_dataset-revision-67990f383ac8f169c9a00148febba1ed357e18e8_name-data_import.data_raw_potential-batches-1_seed-42_transformation-cofactor-5	not_applicable	gatemeclass[E]	GateMeClass [E]	drop-both	.cf99b5bbf108239b5579ea572773bd79f2991aa4794838d0cb51fe27dd533bc3	Drop ungated training + test	0	5	0	incomplete	f1_macro	NA	0	Macro F1	arithmetic mean across accepted effective folds with a defined score for this metric	known-population-open-set-v1
FR-FCM-Z7CH-BALBc	FR-FCM-Z7CH-BALBc	dataset_name-FR-FCM-Z7CH-BALBc_dataset-revision-4bf02d6adbe55785ca855b57274aa37b8dc843ae_name-data_import.data_raw_potential-batches-1_seed-42_transformation-cofactor-150	not_applicable	gatemeclass[E]	GateMeClass [E]	drop-both	.cf99b5bbf108239b5579ea572773bd79f2991aa4794838d0cb51fe27dd533bc3	Drop ungated training + test	5	5	1	complete	f1_macro	0.8268683416749391	5	Macro F1	arithmetic mean across accepted effective folds with a defined score for this metric	known-population-open-set-v1
FR-FCM-Z7CH-C57BL6	FR-FCM-Z7CH-C57BL6	dataset_name-FR-FCM-Z7CH-C57BL6_dataset-revision-4bf02d6adbe55785ca855b57274aa37b8dc843ae_name-data_import.data_raw_potential-batches-1_seed-42_transformation-cofactor-150	not_applicable	gatemeclass[E]	GateMeClass [E]	drop-both	.cf99b5bbf108239b5579ea572773bd79f2991aa4794838d0cb51fe27dd533bc3	Drop ungated training + test	5	5	1	complete	f1_macro	0.6901085002679311	5	Macro F1	arithmetic mean across accepted effective folds with a defined score for this metric	known-population-open-set-v1
FR-FCM-ZY34	FR-FCM-ZY34	dataset_name-FR-FCM-ZY34_dataset-revision-67990f383ac8f169c9a00148febba1ed357e18e8_name-data_import.data_raw_potential-batches-1_seed-42_transformation-cofactor-150	not_applicable	gatemeclass[E]	GateMeClass [E]	drop-both	.cf99b5bbf108239b5579ea572773bd79f2991aa4794838d0cb51fe27dd533bc3	Drop ungated training + test	5	5	1	complete	f1_macro	0.15219660393401996	5	Macro F1	arithmetic mean across accepted effective folds with a defined score for this metric	known-population-open-set-v1
FR-FCM-ZYVT	FR-FCM-ZYVT	dataset_name-FR-FCM-ZYVT_dataset-revision-67990f383ac8f169c9a00148febba1ed357e18e8_name-data_import.data_raw_potential-batches-1_seed-42_transformation-cofactor-150	not_applicable	gatemeclass[E]	GateMeClass [E]	drop-both	.cf99b5bbf108239b5579ea572773bd79f2991aa4794838d0cb51fe27dd533bc3	Drop ungated training + test	5	5	1	complete	f1_macro	0.5822631359788455	5	Macro F1	arithmetic mean across accepted effective folds with a defined score for this metric	known-population-open-set-v1
FlowCyt	FlowCyt	dataset_name-FlowCyt_dataset-revision-67990f383ac8f169c9a00148febba1ed357e18e8_name-data_import.data_raw_potential-batches-1_seed-42_transformation-cofactor-150	not_applicable	gatemeclass[E]	GateMeClass [E]	drop-both	.cf99b5bbf108239b5579ea572773bd79f2991aa4794838d0cb51fe27dd533bc3	Drop ungated training + test	0	5	0	incomplete	f1_macro	NA	0	Macro F1	arithmetic mean across accepted effective folds with a defined score for this metric	known-population-open-set-v1
Levine	Levine	dataset_name-Levine_dataset-revision-67990f383ac8f169c9a00148febba1ed357e18e8_name-data_import.data_raw_potential-batches-1_seed-42_transformation-cofactor-5	not_applicable	gatemeclass[E]	GateMeClass [E]	drop-both	.cf99b5bbf108239b5579ea572773bd79f2991aa4794838d0cb51fe27dd533bc3	Drop ungated training + test	2	2	1	complete	f1_macro	0.8170535935733709	2	Macro F1	arithmetic mean across accepted effective folds with a defined score for this metric	known-population-open-set-v1
Samusik	Samusik	dataset_name-Samusik_dataset-revision-67990f383ac8f169c9a00148febba1ed357e18e8_name-data_import.data_raw_potential-batches-1_seed-42_transformation-cofactor-5	not_applicable	gatemeclass[E]	GateMeClass [E]	drop-both	.cf99b5bbf108239b5579ea572773bd79f2991aa4794838d0cb51fe27dd533bc3	Drop ungated training + test	5	5	1	complete	f1_macro	0.7395638767676702	5	Macro F1	arithmetic mean across accepted effective folds with a defined score for this metric	known-population-open-set-v1
15723074	15723074	dataset_name-15723074_dataset-revision-4bf02d6adbe55785ca855b57274aa37b8dc843ae_name-data_import.data_raw_potential-batches-1_seed-42_transformation-cofactor-150	not_applicable	gatemeclass[V]	GateMeClass [V]	drop-both	.cf99b5bbf108239b5579ea572773bd79f2991aa4794838d0cb51fe27dd533bc3	Drop ungated training + test	5	5	1	complete	f1_macro	0.682044093090989	5	Macro F1	arithmetic mean across accepted effective folds with a defined score for this metric	known-population-open-set-v1
BodenmillerXL	BodenmillerXL	dataset_name-BodenmillerXL_dataset-revision-67990f383ac8f169c9a00148febba1ed357e18e8_name-data_import.data_raw_potential-batches-1_seed-42_transformation-cofactor-5	not_applicable	gatemeclass[V]	GateMeClass [V]	drop-both	.cf99b5bbf108239b5579ea572773bd79f2991aa4794838d0cb51fe27dd533bc3	Drop ungated training + test	5	5	1	complete	f1_macro	0.46361031784386403	5	Macro F1	arithmetic mean across accepted effective folds with a defined score for this metric	known-population-open-set-v1
FR-FCM-Z238	FR-FCM-Z238	dataset_name-FR-FCM-Z238_dataset-revision-67990f383ac8f169c9a00148febba1ed357e18e8_name-data_import.data_raw_potential-batches-1_seed-42_transformation-cofactor-5	not_applicable	gatemeclass[V]	GateMeClass [V]	drop-both	.cf99b5bbf108239b5579ea572773bd79f2991aa4794838d0cb51fe27dd533bc3	Drop ungated training + test	0	5	0	incomplete	f1_macro	NA	0	Macro F1	arithmetic mean across accepted effective folds with a defined score for this metric	known-population-open-set-v1
FR-FCM-Z2KP-covid	FR-FCM-Z2KP-covid	dataset_name-FR-FCM-Z2KP-covid_dataset-revision-67990f383ac8f169c9a00148febba1ed357e18e8_name-data_import.data_raw_potential-batches-1_seed-42_transformation-cofactor-150	not_applicable	gatemeclass[V]	GateMeClass [V]	drop-both	.cf99b5bbf108239b5579ea572773bd79f2991aa4794838d0cb51fe27dd533bc3	Drop ungated training + test	0	5	0	incomplete	f1_macro	NA	0	Macro F1	arithmetic mean across accepted effective folds with a defined score for this metric	known-population-open-set-v1
FR-FCM-Z2KP-healthy	FR-FCM-Z2KP-healthy (n=1k)	dataset_name-FR-FCM-Z2KP-healthy_dataset-revision-67990f383ac8f169c9a00148febba1ed357e18e8_name-data_import.data_raw_potential-batches-1_seed-420_sub-sampling-1000_transformation-cofactor-150	1000	gatemeclass[V]	GateMeClass [V]	drop-both	.cf99b5bbf108239b5579ea572773bd79f2991aa4794838d0cb51fe27dd533bc3	Drop ungated training + test	5	5	1	complete	f1_macro	0.6898443933252812	5	Macro F1	arithmetic mean across accepted effective folds with a defined score for this metric	known-population-open-set-v1
FR-FCM-Z2KP-healthy	FR-FCM-Z2KP-healthy (n=5k)	dataset_name-FR-FCM-Z2KP-healthy_dataset-revision-67990f383ac8f169c9a00148febba1ed357e18e8_name-data_import.data_raw_potential-batches-1_seed-420_sub-sampling-5000_transformation-cofactor-150	5000	gatemeclass[V]	GateMeClass [V]	drop-both	.cf99b5bbf108239b5579ea572773bd79f2991aa4794838d0cb51fe27dd533bc3	Drop ungated training + test	5	5	1	complete	f1_macro	0.726068529697779	5	Macro F1	arithmetic mean across accepted effective folds with a defined score for this metric	known-population-open-set-v1
FR-FCM-Z2KP-healthy	FR-FCM-Z2KP-healthy (n=10k)	dataset_name-FR-FCM-Z2KP-healthy_dataset-revision-67990f383ac8f169c9a00148febba1ed357e18e8_name-data_import.data_raw_potential-batches-1_seed-420_sub-sampling-10000_transformation-cofactor-150	10000	gatemeclass[V]	GateMeClass [V]	drop-both	.cf99b5bbf108239b5579ea572773bd79f2991aa4794838d0cb51fe27dd533bc3	Drop ungated training + test	5	5	1	complete	f1_macro	0.7264347562799734	5	Macro F1	arithmetic mean across accepted effective folds with a defined score for this metric	known-population-open-set-v1
FR-FCM-Z2KP-healthy	FR-FCM-Z2KP-healthy (n=50k)	dataset_name-FR-FCM-Z2KP-healthy_dataset-revision-67990f383ac8f169c9a00148febba1ed357e18e8_name-data_import.data_raw_potential-batches-1_seed-420_sub-sampling-50000_transformation-cofactor-150	50000	gatemeclass[V]	GateMeClass [V]	drop-both	.cf99b5bbf108239b5579ea572773bd79f2991aa4794838d0cb51fe27dd533bc3	Drop ungated training + test	5	5	1	complete	f1_macro	0.6377598211382108	5	Macro F1	arithmetic mean across accepted effective folds with a defined score for this metric	known-population-open-set-v1
FR-FCM-Z2KP-healthy	FR-FCM-Z2KP-healthy (n=100k)	dataset_name-FR-FCM-Z2KP-healthy_dataset-revision-67990f383ac8f169c9a00148febba1ed357e18e8_name-data_import.data_raw_potential-batches-1_seed-420_sub-sampling-100000_transformation-cofactor-150	1e+05	gatemeclass[V]	GateMeClass [V]	drop-both	.cf99b5bbf108239b5579ea572773bd79f2991aa4794838d0cb51fe27dd533bc3	Drop ungated training + test	5	5	1	complete	f1_macro	0.6725422864488432	5	Macro F1	arithmetic mean across accepted effective folds with a defined score for this metric	known-population-open-set-v1
FR-FCM-Z2KP-healthy	FR-FCM-Z2KP-healthy	dataset_name-FR-FCM-Z2KP-healthy_dataset-revision-67990f383ac8f169c9a00148febba1ed357e18e8_name-data_import.data_raw_potential-batches-1_seed-42_transformation-cofactor-150	not_applicable	gatemeclass[V]	GateMeClass [V]	drop-both	.cf99b5bbf108239b5579ea572773bd79f2991aa4794838d0cb51fe27dd533bc3	Drop ungated training + test	5	5	1	complete	f1_macro	0.6382356992881338	5	Macro F1	arithmetic mean across accepted effective folds with a defined score for this metric	known-population-open-set-v1
FR-FCM-Z3YR	FR-FCM-Z3YR	dataset_name-FR-FCM-Z3YR_dataset-revision-67990f383ac8f169c9a00148febba1ed357e18e8_name-data_import.data_raw_potential-batches-1_seed-42_transformation-cofactor-5	not_applicable	gatemeclass[V]	GateMeClass [V]	drop-both	.cf99b5bbf108239b5579ea572773bd79f2991aa4794838d0cb51fe27dd533bc3	Drop ungated training + test	0	5	0	incomplete	f1_macro	NA	0	Macro F1	arithmetic mean across accepted effective folds with a defined score for this metric	known-population-open-set-v1
FR-FCM-Z7CH-BALBc	FR-FCM-Z7CH-BALBc	dataset_name-FR-FCM-Z7CH-BALBc_dataset-revision-4bf02d6adbe55785ca855b57274aa37b8dc843ae_name-data_import.data_raw_potential-batches-1_seed-42_transformation-cofactor-150	not_applicable	gatemeclass[V]	GateMeClass [V]	drop-both	.cf99b5bbf108239b5579ea572773bd79f2991aa4794838d0cb51fe27dd533bc3	Drop ungated training + test	5	5	1	complete	f1_macro	0.8230270436222669	5	Macro F1	arithmetic mean across accepted effective folds with a defined score for this metric	known-population-open-set-v1
FR-FCM-Z7CH-C57BL6	FR-FCM-Z7CH-C57BL6	dataset_name-FR-FCM-Z7CH-C57BL6_dataset-revision-4bf02d6adbe55785ca855b57274aa37b8dc843ae_name-data_import.data_raw_potential-batches-1_seed-42_transformation-cofactor-150	not_applicable	gatemeclass[V]	GateMeClass [V]	drop-both	.cf99b5bbf108239b5579ea572773bd79f2991aa4794838d0cb51fe27dd533bc3	Drop ungated training + test	5	5	1	complete	f1_macro	0.8849940319324991	5	Macro F1	arithmetic mean across accepted effective folds with a defined score for this metric	known-population-open-set-v1
FR-FCM-ZY34	FR-FCM-ZY34	dataset_name-FR-FCM-ZY34_dataset-revision-67990f383ac8f169c9a00148febba1ed357e18e8_name-data_import.data_raw_potential-batches-1_seed-42_transformation-cofactor-150	not_applicable	gatemeclass[V]	GateMeClass [V]	drop-both	.cf99b5bbf108239b5579ea572773bd79f2991aa4794838d0cb51fe27dd533bc3	Drop ungated training + test	5	5	1	complete	f1_macro	0.14500147554130405	5	Macro F1	arithmetic mean across accepted effective folds with a defined score for this metric	known-population-open-set-v1
FR-FCM-ZYVT	FR-FCM-ZYVT	dataset_name-FR-FCM-ZYVT_dataset-revision-67990f383ac8f169c9a00148febba1ed357e18e8_name-data_import.data_raw_potential-batches-1_seed-42_transformation-cofactor-150	not_applicable	gatemeclass[V]	GateMeClass [V]	drop-both	.cf99b5bbf108239b5579ea572773bd79f2991aa4794838d0cb51fe27dd533bc3	Drop ungated training + test	5	5	1	complete	f1_macro	0.6025915676149308	5	Macro F1	arithmetic mean across accepted effective folds with a defined score for this metric	known-population-open-set-v1
FlowCyt	FlowCyt	dataset_name-FlowCyt_dataset-revision-67990f383ac8f169c9a00148febba1ed357e18e8_name-data_import.data_raw_potential-batches-1_seed-42_transformation-cofactor-150	not_applicable	gatemeclass[V]	GateMeClass [V]	drop-both	.cf99b5bbf108239b5579ea572773bd79f2991aa4794838d0cb51fe27dd533bc3	Drop ungated training + test	0	5	0	incomplete	f1_macro	NA	0	Macro F1	arithmetic mean across accepted effective folds with a defined score for this metric	known-population-open-set-v1
Levine	Levine	dataset_name-Levine_dataset-revision-67990f383ac8f169c9a00148febba1ed357e18e8_name-data_import.data_raw_potential-batches-1_seed-42_transformation-cofactor-5	not_applicable	gatemeclass[V]	GateMeClass [V]	drop-both	.cf99b5bbf108239b5579ea572773bd79f2991aa4794838d0cb51fe27dd533bc3	Drop ungated training + test	2	2	1	complete	f1_macro	0.8237540280556992	2	Macro F1	arithmetic mean across accepted effective folds with a defined score for this metric	known-population-open-set-v1
Samusik	Samusik	dataset_name-Samusik_dataset-revision-67990f383ac8f169c9a00148febba1ed357e18e8_name-data_import.data_raw_potential-batches-1_seed-42_transformation-cofactor-5	not_applicable	gatemeclass[V]	GateMeClass [V]	drop-both	.cf99b5bbf108239b5579ea572773bd79f2991aa4794838d0cb51fe27dd533bc3	Drop ungated training + test	5	5	1	complete	f1_macro	0.6993973225149837	5	Macro F1	arithmetic mean across accepted effective folds with a defined score for this metric	known-population-open-set-v1
15723074	15723074	dataset_name-15723074_dataset-revision-4bf02d6adbe55785ca855b57274aa37b8dc843ae_name-data_import.data_raw_potential-batches-1_seed-42_transformation-cofactor-150	not_applicable	knn	KNN	drop-both	.cf99b5bbf108239b5579ea572773bd79f2991aa4794838d0cb51fe27dd533bc3	Drop ungated training + test	5	5	1	complete	f1_macro	0.7658186731639254	5	Macro F1	arithmetic mean across accepted effective folds with a defined score for this metric	known-population-open-set-v1
BodenmillerXL	BodenmillerXL	dataset_name-BodenmillerXL_dataset-revision-67990f383ac8f169c9a00148febba1ed357e18e8_name-data_import.data_raw_potential-batches-1_seed-42_transformation-cofactor-5	not_applicable	knn	KNN	drop-both	.cf99b5bbf108239b5579ea572773bd79f2991aa4794838d0cb51fe27dd533bc3	Drop ungated training + test	5	5	1	complete	f1_macro	0.7244033138369641	5	Macro F1	arithmetic mean across accepted effective folds with a defined score for this metric	known-population-open-set-v1
FR-FCM-Z238	FR-FCM-Z238	dataset_name-FR-FCM-Z238_dataset-revision-67990f383ac8f169c9a00148febba1ed357e18e8_name-data_import.data_raw_potential-batches-1_seed-42_transformation-cofactor-5	not_applicable	knn	KNN	drop-both	.cf99b5bbf108239b5579ea572773bd79f2991aa4794838d0cb51fe27dd533bc3	Drop ungated training + test	5	5	1	complete	f1_macro	0.5222151999066444	5	Macro F1	arithmetic mean across accepted effective folds with a defined score for this metric	known-population-open-set-v1
FR-FCM-Z2KP-covid	FR-FCM-Z2KP-covid	dataset_name-FR-FCM-Z2KP-covid_dataset-revision-67990f383ac8f169c9a00148febba1ed357e18e8_name-data_import.data_raw_potential-batches-1_seed-42_transformation-cofactor-150	not_applicable	knn	KNN	drop-both	.cf99b5bbf108239b5579ea572773bd79f2991aa4794838d0cb51fe27dd533bc3	Drop ungated training + test	5	5	1	complete	f1_macro	0.75193934423833	5	Macro F1	arithmetic mean across accepted effective folds with a defined score for this metric	known-population-open-set-v1
FR-FCM-Z2KP-healthy	FR-FCM-Z2KP-healthy (n=1k)	dataset_name-FR-FCM-Z2KP-healthy_dataset-revision-67990f383ac8f169c9a00148febba1ed357e18e8_name-data_import.data_raw_potential-batches-1_seed-420_sub-sampling-1000_transformation-cofactor-150	1000	knn	KNN	drop-both	.cf99b5bbf108239b5579ea572773bd79f2991aa4794838d0cb51fe27dd533bc3	Drop ungated training + test	5	5	1	complete	f1_macro	0.7656666847038314	5	Macro F1	arithmetic mean across accepted effective folds with a defined score for this metric	known-population-open-set-v1
FR-FCM-Z2KP-healthy	FR-FCM-Z2KP-healthy (n=5k)	dataset_name-FR-FCM-Z2KP-healthy_dataset-revision-67990f383ac8f169c9a00148febba1ed357e18e8_name-data_import.data_raw_potential-batches-1_seed-420_sub-sampling-5000_transformation-cofactor-150	5000	knn	KNN	drop-both	.cf99b5bbf108239b5579ea572773bd79f2991aa4794838d0cb51fe27dd533bc3	Drop ungated training + test	5	5	1	complete	f1_macro	0.7662092543574816	5	Macro F1	arithmetic mean across accepted effective folds with a defined score for this metric	known-population-open-set-v1
FR-FCM-Z2KP-healthy	FR-FCM-Z2KP-healthy (n=10k)	dataset_name-FR-FCM-Z2KP-healthy_dataset-revision-67990f383ac8f169c9a00148febba1ed357e18e8_name-data_import.data_raw_potential-batches-1_seed-420_sub-sampling-10000_transformation-cofactor-150	10000	knn	KNN	drop-both	.cf99b5bbf108239b5579ea572773bd79f2991aa4794838d0cb51fe27dd533bc3	Drop ungated training + test	5	5	1	complete	f1_macro	0.7616818540707397	5	Macro F1	arithmetic mean across accepted effective folds with a defined score for this metric	known-population-open-set-v1
FR-FCM-Z2KP-healthy	FR-FCM-Z2KP-healthy (n=50k)	dataset_name-FR-FCM-Z2KP-healthy_dataset-revision-67990f383ac8f169c9a00148febba1ed357e18e8_name-data_import.data_raw_potential-batches-1_seed-420_sub-sampling-50000_transformation-cofactor-150	50000	knn	KNN	drop-both	.cf99b5bbf108239b5579ea572773bd79f2991aa4794838d0cb51fe27dd533bc3	Drop ungated training + test	5	5	1	complete	f1_macro	0.7672437076411175	5	Macro F1	arithmetic mean across accepted effective folds with a defined score for this metric	known-population-open-set-v1
FR-FCM-Z2KP-healthy	FR-FCM-Z2KP-healthy (n=100k)	dataset_name-FR-FCM-Z2KP-healthy_dataset-revision-67990f383ac8f169c9a00148febba1ed357e18e8_name-data_import.data_raw_potential-batches-1_seed-420_sub-sampling-100000_transformation-cofactor-150	1e+05	knn	KNN	drop-both	.cf99b5bbf108239b5579ea572773bd79f2991aa4794838d0cb51fe27dd533bc3	Drop ungated training + test	5	5	1	complete	f1_macro	0.7733579506927567	5	Macro F1	arithmetic mean across accepted effective folds with a defined score for this metric	known-population-open-set-v1
FR-FCM-Z2KP-healthy	FR-FCM-Z2KP-healthy	dataset_name-FR-FCM-Z2KP-healthy_dataset-revision-67990f383ac8f169c9a00148febba1ed357e18e8_name-data_import.data_raw_potential-batches-1_seed-42_transformation-cofactor-150	not_applicable	knn	KNN	drop-both	.cf99b5bbf108239b5579ea572773bd79f2991aa4794838d0cb51fe27dd533bc3	Drop ungated training + test	5	5	1	complete	f1_macro	0.7750206396109596	5	Macro F1	arithmetic mean across accepted effective folds with a defined score for this metric	known-population-open-set-v1
FR-FCM-Z3YR	FR-FCM-Z3YR	dataset_name-FR-FCM-Z3YR_dataset-revision-67990f383ac8f169c9a00148febba1ed357e18e8_name-data_import.data_raw_potential-batches-1_seed-42_transformation-cofactor-5	not_applicable	knn	KNN	drop-both	.cf99b5bbf108239b5579ea572773bd79f2991aa4794838d0cb51fe27dd533bc3	Drop ungated training + test	5	5	1	complete	f1_macro	0.6906249466240356	5	Macro F1	arithmetic mean across accepted effective folds with a defined score for this metric	known-population-open-set-v1
FR-FCM-Z7CH-BALBc	FR-FCM-Z7CH-BALBc	dataset_name-FR-FCM-Z7CH-BALBc_dataset-revision-4bf02d6adbe55785ca855b57274aa37b8dc843ae_name-data_import.data_raw_potential-batches-1_seed-42_transformation-cofactor-150	not_applicable	knn	KNN	drop-both	.cf99b5bbf108239b5579ea572773bd79f2991aa4794838d0cb51fe27dd533bc3	Drop ungated training + test	5	5	1	complete	f1_macro	0.810327911467561	5	Macro F1	arithmetic mean across accepted effective folds with a defined score for this metric	known-population-open-set-v1
FR-FCM-Z7CH-C57BL6	FR-FCM-Z7CH-C57BL6	dataset_name-FR-FCM-Z7CH-C57BL6_dataset-revision-4bf02d6adbe55785ca855b57274aa37b8dc843ae_name-data_import.data_raw_potential-batches-1_seed-42_transformation-cofactor-150	not_applicable	knn	KNN	drop-both	.cf99b5bbf108239b5579ea572773bd79f2991aa4794838d0cb51fe27dd533bc3	Drop ungated training + test	5	5	1	complete	f1_macro	0.8498692631948185	5	Macro F1	arithmetic mean across accepted effective folds with a defined score for this metric	known-population-open-set-v1
FR-FCM-ZY34	FR-FCM-ZY34	dataset_name-FR-FCM-ZY34_dataset-revision-67990f383ac8f169c9a00148febba1ed357e18e8_name-data_import.data_raw_potential-batches-1_seed-42_transformation-cofactor-150	not_applicable	knn	KNN	drop-both	.cf99b5bbf108239b5579ea572773bd79f2991aa4794838d0cb51fe27dd533bc3	Drop ungated training + test	5	5	1	complete	f1_macro	0.11480792118464843	5	Macro F1	arithmetic mean across accepted effective folds with a defined score for this metric	known-population-open-set-v1
FR-FCM-ZYVT	FR-FCM-ZYVT	dataset_name-FR-FCM-ZYVT_dataset-revision-67990f383ac8f169c9a00148febba1ed357e18e8_name-data_import.data_raw_potential-batches-1_seed-42_transformation-cofactor-150	not_applicable	knn	KNN	drop-both	.cf99b5bbf108239b5579ea572773bd79f2991aa4794838d0cb51fe27dd533bc3	Drop ungated training + test	5	5	1	complete	f1_macro	0.6105957195805791	5	Macro F1	arithmetic mean across accepted effective folds with a defined score for this metric	known-population-open-set-v1
FlowCyt	FlowCyt	dataset_name-FlowCyt_dataset-revision-67990f383ac8f169c9a00148febba1ed357e18e8_name-data_import.data_raw_potential-batches-1_seed-42_transformation-cofactor-150	not_applicable	knn	KNN	drop-both	.cf99b5bbf108239b5579ea572773bd79f2991aa4794838d0cb51fe27dd533bc3	Drop ungated training + test	5	5	1	complete	f1_macro	0.86589365042176	5	Macro F1	arithmetic mean across accepted effective folds with a defined score for this metric	known-population-open-set-v1
Levine	Levine	dataset_name-Levine_dataset-revision-67990f383ac8f169c9a00148febba1ed357e18e8_name-data_import.data_raw_potential-batches-1_seed-42_transformation-cofactor-5	not_applicable	knn	KNN	drop-both	.cf99b5bbf108239b5579ea572773bd79f2991aa4794838d0cb51fe27dd533bc3	Drop ungated training + test	2	2	1	complete	f1_macro	0.8652687806549908	2	Macro F1	arithmetic mean across accepted effective folds with a defined score for this metric	known-population-open-set-v1
Samusik	Samusik	dataset_name-Samusik_dataset-revision-67990f383ac8f169c9a00148febba1ed357e18e8_name-data_import.data_raw_potential-batches-1_seed-42_transformation-cofactor-5	not_applicable	knn	KNN	drop-both	.cf99b5bbf108239b5579ea572773bd79f2991aa4794838d0cb51fe27dd533bc3	Drop ungated training + test	5	5	1	complete	f1_macro	0.805368007974203	5	Macro F1	arithmetic mean across accepted effective folds with a defined score for this metric	known-population-open-set-v1
15723074	15723074	dataset_name-15723074_dataset-revision-4bf02d6adbe55785ca855b57274aa37b8dc843ae_name-data_import.data_raw_potential-batches-1_seed-42_transformation-cofactor-150	not_applicable	lda	LDA	drop-both	.cf99b5bbf108239b5579ea572773bd79f2991aa4794838d0cb51fe27dd533bc3	Drop ungated training + test	5	5	1	complete	f1_macro	0.7682304940067273	5	Macro F1	arithmetic mean across accepted effective folds with a defined score for this metric	known-population-open-set-v1
BodenmillerXL	BodenmillerXL	dataset_name-BodenmillerXL_dataset-revision-67990f383ac8f169c9a00148febba1ed357e18e8_name-data_import.data_raw_potential-batches-1_seed-42_transformation-cofactor-5	not_applicable	lda	LDA	drop-both	.cf99b5bbf108239b5579ea572773bd79f2991aa4794838d0cb51fe27dd533bc3	Drop ungated training + test	5	5	1	complete	f1_macro	0.833015891371239	5	Macro F1	arithmetic mean across accepted effective folds with a defined score for this metric	known-population-open-set-v1
FR-FCM-Z238	FR-FCM-Z238	dataset_name-FR-FCM-Z238_dataset-revision-67990f383ac8f169c9a00148febba1ed357e18e8_name-data_import.data_raw_potential-batches-1_seed-42_transformation-cofactor-5	not_applicable	lda	LDA	drop-both	.cf99b5bbf108239b5579ea572773bd79f2991aa4794838d0cb51fe27dd533bc3	Drop ungated training + test	5	5	1	complete	f1_macro	0.6576556332070448	5	Macro F1	arithmetic mean across accepted effective folds with a defined score for this metric	known-population-open-set-v1
FR-FCM-Z2KP-covid	FR-FCM-Z2KP-covid	dataset_name-FR-FCM-Z2KP-covid_dataset-revision-67990f383ac8f169c9a00148febba1ed357e18e8_name-data_import.data_raw_potential-batches-1_seed-42_transformation-cofactor-150	not_applicable	lda	LDA	drop-both	.cf99b5bbf108239b5579ea572773bd79f2991aa4794838d0cb51fe27dd533bc3	Drop ungated training + test	5	5	1	complete	f1_macro	0.858666050357546	5	Macro F1	arithmetic mean across accepted effective folds with a defined score for this metric	known-population-open-set-v1
FR-FCM-Z2KP-healthy	FR-FCM-Z2KP-healthy (n=1k)	dataset_name-FR-FCM-Z2KP-healthy_dataset-revision-67990f383ac8f169c9a00148febba1ed357e18e8_name-data_import.data_raw_potential-batches-1_seed-420_sub-sampling-1000_transformation-cofactor-150	1000	lda	LDA	drop-both	.cf99b5bbf108239b5579ea572773bd79f2991aa4794838d0cb51fe27dd533bc3	Drop ungated training + test	5	5	1	complete	f1_macro	0.870276929055894	5	Macro F1	arithmetic mean across accepted effective folds with a defined score for this metric	known-population-open-set-v1
FR-FCM-Z2KP-healthy	FR-FCM-Z2KP-healthy (n=5k)	dataset_name-FR-FCM-Z2KP-healthy_dataset-revision-67990f383ac8f169c9a00148febba1ed357e18e8_name-data_import.data_raw_potential-batches-1_seed-420_sub-sampling-5000_transformation-cofactor-150	5000	lda	LDA	drop-both	.cf99b5bbf108239b5579ea572773bd79f2991aa4794838d0cb51fe27dd533bc3	Drop ungated training + test	5	5	1	complete	f1_macro	0.8791238894362409	5	Macro F1	arithmetic mean across accepted effective folds with a defined score for this metric	known-population-open-set-v1
FR-FCM-Z2KP-healthy	FR-FCM-Z2KP-healthy (n=10k)	dataset_name-FR-FCM-Z2KP-healthy_dataset-revision-67990f383ac8f169c9a00148febba1ed357e18e8_name-data_import.data_raw_potential-batches-1_seed-420_sub-sampling-10000_transformation-cofactor-150	10000	lda	LDA	drop-both	.cf99b5bbf108239b5579ea572773bd79f2991aa4794838d0cb51fe27dd533bc3	Drop ungated training + test	5	5	1	complete	f1_macro	0.8815538945270907	5	Macro F1	arithmetic mean across accepted effective folds with a defined score for this metric	known-population-open-set-v1
FR-FCM-Z2KP-healthy	FR-FCM-Z2KP-healthy (n=50k)	dataset_name-FR-FCM-Z2KP-healthy_dataset-revision-67990f383ac8f169c9a00148febba1ed357e18e8_name-data_import.data_raw_potential-batches-1_seed-420_sub-sampling-50000_transformation-cofactor-150	50000	lda	LDA	drop-both	.cf99b5bbf108239b5579ea572773bd79f2991aa4794838d0cb51fe27dd533bc3	Drop ungated training + test	5	5	1	complete	f1_macro	0.8805716991389696	5	Macro F1	arithmetic mean across accepted effective folds with a defined score for this metric	known-population-open-set-v1
FR-FCM-Z2KP-healthy	FR-FCM-Z2KP-healthy (n=100k)	dataset_name-FR-FCM-Z2KP-healthy_dataset-revision-67990f383ac8f169c9a00148febba1ed357e18e8_name-data_import.data_raw_potential-batches-1_seed-420_sub-sampling-100000_transformation-cofactor-150	1e+05	lda	LDA	drop-both	.cf99b5bbf108239b5579ea572773bd79f2991aa4794838d0cb51fe27dd533bc3	Drop ungated training + test	5	5	1	complete	f1_macro	0.8804622606564018	5	Macro F1	arithmetic mean across accepted effective folds with a defined score for this metric	known-population-open-set-v1
FR-FCM-Z2KP-healthy	FR-FCM-Z2KP-healthy	dataset_name-FR-FCM-Z2KP-healthy_dataset-revision-67990f383ac8f169c9a00148febba1ed357e18e8_name-data_import.data_raw_potential-batches-1_seed-42_transformation-cofactor-150	not_applicable	lda	LDA	drop-both	.cf99b5bbf108239b5579ea572773bd79f2991aa4794838d0cb51fe27dd533bc3	Drop ungated training + test	5	5	1	complete	f1_macro	0.8784000752494368	5	Macro F1	arithmetic mean across accepted effective folds with a defined score for this metric	known-population-open-set-v1
FR-FCM-Z3YR	FR-FCM-Z3YR	dataset_name-FR-FCM-Z3YR_dataset-revision-67990f383ac8f169c9a00148febba1ed357e18e8_name-data_import.data_raw_potential-batches-1_seed-42_transformation-cofactor-5	not_applicable	lda	LDA	drop-both	.cf99b5bbf108239b5579ea572773bd79f2991aa4794838d0cb51fe27dd533bc3	Drop ungated training + test	5	5	1	complete	f1_macro	0.7975241679170999	5	Macro F1	arithmetic mean across accepted effective folds with a defined score for this metric	known-population-open-set-v1
FR-FCM-Z7CH-BALBc	FR-FCM-Z7CH-BALBc	dataset_name-FR-FCM-Z7CH-BALBc_dataset-revision-4bf02d6adbe55785ca855b57274aa37b8dc843ae_name-data_import.data_raw_potential-batches-1_seed-42_transformation-cofactor-150	not_applicable	lda	LDA	drop-both	.cf99b5bbf108239b5579ea572773bd79f2991aa4794838d0cb51fe27dd533bc3	Drop ungated training + test	5	5	1	complete	f1_macro	0.9423461487770048	5	Macro F1	arithmetic mean across accepted effective folds with a defined score for this metric	known-population-open-set-v1
FR-FCM-Z7CH-C57BL6	FR-FCM-Z7CH-C57BL6	dataset_name-FR-FCM-Z7CH-C57BL6_dataset-revision-4bf02d6adbe55785ca855b57274aa37b8dc843ae_name-data_import.data_raw_potential-batches-1_seed-42_transformation-cofactor-150	not_applicable	lda	LDA	drop-both	.cf99b5bbf108239b5579ea572773bd79f2991aa4794838d0cb51fe27dd533bc3	Drop ungated training + test	5	5	1	complete	f1_macro	0.9217115606429123	5	Macro F1	arithmetic mean across accepted effective folds with a defined score for this metric	known-population-open-set-v1
FR-FCM-ZY34	FR-FCM-ZY34	dataset_name-FR-FCM-ZY34_dataset-revision-67990f383ac8f169c9a00148febba1ed357e18e8_name-data_import.data_raw_potential-batches-1_seed-42_transformation-cofactor-150	not_applicable	lda	LDA	drop-both	.cf99b5bbf108239b5579ea572773bd79f2991aa4794838d0cb51fe27dd533bc3	Drop ungated training + test	5	5	1	complete	f1_macro	0.260970239372809	5	Macro F1	arithmetic mean across accepted effective folds with a defined score for this metric	known-population-open-set-v1
FR-FCM-ZYVT	FR-FCM-ZYVT	dataset_name-FR-FCM-ZYVT_dataset-revision-67990f383ac8f169c9a00148febba1ed357e18e8_name-data_import.data_raw_potential-batches-1_seed-42_transformation-cofactor-150	not_applicable	lda	LDA	drop-both	.cf99b5bbf108239b5579ea572773bd79f2991aa4794838d0cb51fe27dd533bc3	Drop ungated training + test	5	5	1	complete	f1_macro	0.653593526059078	5	Macro F1	arithmetic mean across accepted effective folds with a defined score for this metric	known-population-open-set-v1
FlowCyt	FlowCyt	dataset_name-FlowCyt_dataset-revision-67990f383ac8f169c9a00148febba1ed357e18e8_name-data_import.data_raw_potential-batches-1_seed-42_transformation-cofactor-150	not_applicable	lda	LDA	drop-both	.cf99b5bbf108239b5579ea572773bd79f2991aa4794838d0cb51fe27dd533bc3	Drop ungated training + test	5	5	1	complete	f1_macro	0.9269130238142462	5	Macro F1	arithmetic mean across accepted effective folds with a defined score for this metric	known-population-open-set-v1
Levine	Levine	dataset_name-Levine_dataset-revision-67990f383ac8f169c9a00148febba1ed357e18e8_name-data_import.data_raw_potential-batches-1_seed-42_transformation-cofactor-5	not_applicable	lda	LDA	drop-both	.cf99b5bbf108239b5579ea572773bd79f2991aa4794838d0cb51fe27dd533bc3	Drop ungated training + test	2	2	1	complete	f1_macro	0.9064743369083239	2	Macro F1	arithmetic mean across accepted effective folds with a defined score for this metric	known-population-open-set-v1
Samusik	Samusik	dataset_name-Samusik_dataset-revision-67990f383ac8f169c9a00148febba1ed357e18e8_name-data_import.data_raw_potential-batches-1_seed-42_transformation-cofactor-5	not_applicable	lda	LDA	drop-both	.cf99b5bbf108239b5579ea572773bd79f2991aa4794838d0cb51fe27dd533bc3	Drop ungated training + test	5	5	1	complete	f1_macro	0.8632247385246579	5	Macro F1	arithmetic mean across accepted effective folds with a defined score for this metric	known-population-open-set-v1
15723074	15723074	dataset_name-15723074_dataset-revision-4bf02d6adbe55785ca855b57274aa37b8dc843ae_name-data_import.data_raw_potential-batches-1_seed-42_transformation-cofactor-150	not_applicable	random	Random	drop-both	.cf99b5bbf108239b5579ea572773bd79f2991aa4794838d0cb51fe27dd533bc3	Drop ungated training + test	5	5	1	complete	f1_macro	0.10255163215996221	5	Macro F1	arithmetic mean across accepted effective folds with a defined score for this metric	known-population-open-set-v1
BodenmillerXL	BodenmillerXL	dataset_name-BodenmillerXL_dataset-revision-67990f383ac8f169c9a00148febba1ed357e18e8_name-data_import.data_raw_potential-batches-1_seed-42_transformation-cofactor-5	not_applicable	random	Random	drop-both	.cf99b5bbf108239b5579ea572773bd79f2991aa4794838d0cb51fe27dd533bc3	Drop ungated training + test	5	5	1	complete	f1_macro	0.09471203100237163	5	Macro F1	arithmetic mean across accepted effective folds with a defined score for this metric	known-population-open-set-v1
FR-FCM-Z238	FR-FCM-Z238	dataset_name-FR-FCM-Z238_dataset-revision-67990f383ac8f169c9a00148febba1ed357e18e8_name-data_import.data_raw_potential-batches-1_seed-42_transformation-cofactor-5	not_applicable	random	Random	drop-both	.cf99b5bbf108239b5579ea572773bd79f2991aa4794838d0cb51fe27dd533bc3	Drop ungated training + test	5	5	1	complete	f1_macro	0.03169553955238152	5	Macro F1	arithmetic mean across accepted effective folds with a defined score for this metric	known-population-open-set-v1
FR-FCM-Z2KP-covid	FR-FCM-Z2KP-covid	dataset_name-FR-FCM-Z2KP-covid_dataset-revision-67990f383ac8f169c9a00148febba1ed357e18e8_name-data_import.data_raw_potential-batches-1_seed-42_transformation-cofactor-150	not_applicable	random	Random	drop-both	.cf99b5bbf108239b5579ea572773bd79f2991aa4794838d0cb51fe27dd533bc3	Drop ungated training + test	5	5	1	complete	f1_macro	0.17425459843844474	5	Macro F1	arithmetic mean across accepted effective folds with a defined score for this metric	known-population-open-set-v1
FR-FCM-Z2KP-healthy	FR-FCM-Z2KP-healthy (n=1k)	dataset_name-FR-FCM-Z2KP-healthy_dataset-revision-67990f383ac8f169c9a00148febba1ed357e18e8_name-data_import.data_raw_potential-batches-1_seed-420_sub-sampling-1000_transformation-cofactor-150	1000	random	Random	drop-both	.cf99b5bbf108239b5579ea572773bd79f2991aa4794838d0cb51fe27dd533bc3	Drop ungated training + test	5	5	1	complete	f1_macro	0.17511293479589812	5	Macro F1	arithmetic mean across accepted effective folds with a defined score for this metric	known-population-open-set-v1
FR-FCM-Z2KP-healthy	FR-FCM-Z2KP-healthy (n=5k)	dataset_name-FR-FCM-Z2KP-healthy_dataset-revision-67990f383ac8f169c9a00148febba1ed357e18e8_name-data_import.data_raw_potential-batches-1_seed-420_sub-sampling-5000_transformation-cofactor-150	5000	random	Random	drop-both	.cf99b5bbf108239b5579ea572773bd79f2991aa4794838d0cb51fe27dd533bc3	Drop ungated training + test	5	5	1	complete	f1_macro	0.17526902560779975	5	Macro F1	arithmetic mean across accepted effective folds with a defined score for this metric	known-population-open-set-v1
FR-FCM-Z2KP-healthy	FR-FCM-Z2KP-healthy (n=10k)	dataset_name-FR-FCM-Z2KP-healthy_dataset-revision-67990f383ac8f169c9a00148febba1ed357e18e8_name-data_import.data_raw_potential-batches-1_seed-420_sub-sampling-10000_transformation-cofactor-150	10000	random	Random	drop-both	.cf99b5bbf108239b5579ea572773bd79f2991aa4794838d0cb51fe27dd533bc3	Drop ungated training + test	5	5	1	complete	f1_macro	0.17524896972003992	5	Macro F1	arithmetic mean across accepted effective folds with a defined score for this metric	known-population-open-set-v1
FR-FCM-Z2KP-healthy	FR-FCM-Z2KP-healthy (n=50k)	dataset_name-FR-FCM-Z2KP-healthy_dataset-revision-67990f383ac8f169c9a00148febba1ed357e18e8_name-data_import.data_raw_potential-batches-1_seed-420_sub-sampling-50000_transformation-cofactor-150	50000	random	Random	drop-both	.cf99b5bbf108239b5579ea572773bd79f2991aa4794838d0cb51fe27dd533bc3	Drop ungated training + test	5	5	1	complete	f1_macro	0.17548201315206882	5	Macro F1	arithmetic mean across accepted effective folds with a defined score for this metric	known-population-open-set-v1
FR-FCM-Z2KP-healthy	FR-FCM-Z2KP-healthy (n=100k)	dataset_name-FR-FCM-Z2KP-healthy_dataset-revision-67990f383ac8f169c9a00148febba1ed357e18e8_name-data_import.data_raw_potential-batches-1_seed-420_sub-sampling-100000_transformation-cofactor-150	1e+05	random	Random	drop-both	.cf99b5bbf108239b5579ea572773bd79f2991aa4794838d0cb51fe27dd533bc3	Drop ungated training + test	5	5	1	complete	f1_macro	0.17559565802100655	5	Macro F1	arithmetic mean across accepted effective folds with a defined score for this metric	known-population-open-set-v1
FR-FCM-Z2KP-healthy	FR-FCM-Z2KP-healthy	dataset_name-FR-FCM-Z2KP-healthy_dataset-revision-67990f383ac8f169c9a00148febba1ed357e18e8_name-data_import.data_raw_potential-batches-1_seed-42_transformation-cofactor-150	not_applicable	random	Random	drop-both	.cf99b5bbf108239b5579ea572773bd79f2991aa4794838d0cb51fe27dd533bc3	Drop ungated training + test	5	5	1	complete	f1_macro	0.17534387827871298	5	Macro F1	arithmetic mean across accepted effective folds with a defined score for this metric	known-population-open-set-v1
FR-FCM-Z3YR	FR-FCM-Z3YR	dataset_name-FR-FCM-Z3YR_dataset-revision-67990f383ac8f169c9a00148febba1ed357e18e8_name-data_import.data_raw_potential-batches-1_seed-42_transformation-cofactor-5	not_applicable	random	Random	drop-both	.cf99b5bbf108239b5579ea572773bd79f2991aa4794838d0cb51fe27dd533bc3	Drop ungated training + test	5	5	1	complete	f1_macro	0.01629534076156869	5	Macro F1	arithmetic mean across accepted effective folds with a defined score for this metric	known-population-open-set-v1
FR-FCM-Z7CH-BALBc	FR-FCM-Z7CH-BALBc	dataset_name-FR-FCM-Z7CH-BALBc_dataset-revision-4bf02d6adbe55785ca855b57274aa37b8dc843ae_name-data_import.data_raw_potential-batches-1_seed-42_transformation-cofactor-150	not_applicable	random	Random	drop-both	.cf99b5bbf108239b5579ea572773bd79f2991aa4794838d0cb51fe27dd533bc3	Drop ungated training + test	5	5	1	complete	f1_macro	0.18284063612985768	5	Macro F1	arithmetic mean across accepted effective folds with a defined score for this metric	known-population-open-set-v1
FR-FCM-Z7CH-C57BL6	FR-FCM-Z7CH-C57BL6	dataset_name-FR-FCM-Z7CH-C57BL6_dataset-revision-4bf02d6adbe55785ca855b57274aa37b8dc843ae_name-data_import.data_raw_potential-batches-1_seed-42_transformation-cofactor-150	not_applicable	random	Random	drop-both	.cf99b5bbf108239b5579ea572773bd79f2991aa4794838d0cb51fe27dd533bc3	Drop ungated training + test	5	5	1	complete	f1_macro	0.1836175619339115	5	Macro F1	arithmetic mean across accepted effective folds with a defined score for this metric	known-population-open-set-v1
FR-FCM-ZY34	FR-FCM-ZY34	dataset_name-FR-FCM-ZY34_dataset-revision-67990f383ac8f169c9a00148febba1ed357e18e8_name-data_import.data_raw_potential-batches-1_seed-42_transformation-cofactor-150	not_applicable	random	Random	drop-both	.cf99b5bbf108239b5579ea572773bd79f2991aa4794838d0cb51fe27dd533bc3	Drop ungated training + test	5	5	1	complete	f1_macro	0.021682248011410343	5	Macro F1	arithmetic mean across accepted effective folds with a defined score for this metric	known-population-open-set-v1
FR-FCM-ZYVT	FR-FCM-ZYVT	dataset_name-FR-FCM-ZYVT_dataset-revision-67990f383ac8f169c9a00148febba1ed357e18e8_name-data_import.data_raw_potential-batches-1_seed-42_transformation-cofactor-150	not_applicable	random	Random	drop-both	.cf99b5bbf108239b5579ea572773bd79f2991aa4794838d0cb51fe27dd533bc3	Drop ungated training + test	5	5	1	complete	f1_macro	0.1950700852972387	5	Macro F1	arithmetic mean across accepted effective folds with a defined score for this metric	known-population-open-set-v1
FlowCyt	FlowCyt	dataset_name-FlowCyt_dataset-revision-67990f383ac8f169c9a00148febba1ed357e18e8_name-data_import.data_raw_potential-batches-1_seed-42_transformation-cofactor-150	not_applicable	random	Random	drop-both	.cf99b5bbf108239b5579ea572773bd79f2991aa4794838d0cb51fe27dd533bc3	Drop ungated training + test	5	5	1	complete	f1_macro	0.15247112922333939	5	Macro F1	arithmetic mean across accepted effective folds with a defined score for this metric	known-population-open-set-v1
Levine	Levine	dataset_name-Levine_dataset-revision-67990f383ac8f169c9a00148febba1ed357e18e8_name-data_import.data_raw_potential-batches-1_seed-42_transformation-cofactor-5	not_applicable	random	Random	drop-both	.cf99b5bbf108239b5579ea572773bd79f2991aa4794838d0cb51fe27dd533bc3	Drop ungated training + test	2	2	1	complete	f1_macro	0.04935886752285822	2	Macro F1	arithmetic mean across accepted effective folds with a defined score for this metric	known-population-open-set-v1
Samusik	Samusik	dataset_name-Samusik_dataset-revision-67990f383ac8f169c9a00148febba1ed357e18e8_name-data_import.data_raw_potential-batches-1_seed-42_transformation-cofactor-5	not_applicable	random	Random	drop-both	.cf99b5bbf108239b5579ea572773bd79f2991aa4794838d0cb51fe27dd533bc3	Drop ungated training + test	5	5	1	complete	f1_macro	0.025434886570700015	5	Macro F1	arithmetic mean across accepted effective folds with a defined score for this metric	known-population-open-set-v1
15723074	15723074	dataset_name-15723074_dataset-revision-4bf02d6adbe55785ca855b57274aa37b8dc843ae_name-data_import.data_raw_potential-batches-1_seed-42_transformation-cofactor-150	not_applicable	cyanno	CyAnno	unfiltered	.e924e671977a35b401c5c23aaf1308ed57ddaf256c55741b97fd498c2a244b62	Unfiltered	5	5	1	complete	recall_macro	0.8423923840454087	5	Macro recall	arithmetic mean across accepted effective folds with a defined score for this metric	known-population-open-set-v1
BodenmillerXL	BodenmillerXL	dataset_name-BodenmillerXL_dataset-revision-67990f383ac8f169c9a00148febba1ed357e18e8_name-data_import.data_raw_potential-batches-1_seed-42_transformation-cofactor-5	not_applicable	cyanno	CyAnno	unfiltered	.e924e671977a35b401c5c23aaf1308ed57ddaf256c55741b97fd498c2a244b62	Unfiltered	5	5	1	complete	recall_macro	0.6902297402678271	5	Macro recall	arithmetic mean across accepted effective folds with a defined score for this metric	known-population-open-set-v1
FR-FCM-Z238	FR-FCM-Z238	dataset_name-FR-FCM-Z238_dataset-revision-67990f383ac8f169c9a00148febba1ed357e18e8_name-data_import.data_raw_potential-batches-1_seed-42_transformation-cofactor-5	not_applicable	cyanno	CyAnno	unfiltered	.e924e671977a35b401c5c23aaf1308ed57ddaf256c55741b97fd498c2a244b62	Unfiltered	5	5	1	complete	recall_macro	0.5972315028295678	5	Macro recall	arithmetic mean across accepted effective folds with a defined score for this metric	known-population-open-set-v1
FR-FCM-Z2KP-covid	FR-FCM-Z2KP-covid	dataset_name-FR-FCM-Z2KP-covid_dataset-revision-67990f383ac8f169c9a00148febba1ed357e18e8_name-data_import.data_raw_potential-batches-1_seed-42_transformation-cofactor-150	not_applicable	cyanno	CyAnno	unfiltered	.e924e671977a35b401c5c23aaf1308ed57ddaf256c55741b97fd498c2a244b62	Unfiltered	5	5	1	complete	recall_macro	0.9709550757417612	5	Macro recall	arithmetic mean across accepted effective folds with a defined score for this metric	known-population-open-set-v1
FR-FCM-Z2KP-healthy	FR-FCM-Z2KP-healthy (n=1k)	dataset_name-FR-FCM-Z2KP-healthy_dataset-revision-67990f383ac8f169c9a00148febba1ed357e18e8_name-data_import.data_raw_potential-batches-1_seed-420_sub-sampling-1000_transformation-cofactor-150	1000	cyanno	CyAnno	unfiltered	.e924e671977a35b401c5c23aaf1308ed57ddaf256c55741b97fd498c2a244b62	Unfiltered	5	5	1	complete	recall_macro	0.806762243295169	5	Macro recall	arithmetic mean across accepted effective folds with a defined score for this metric	known-population-open-set-v1
FR-FCM-Z2KP-healthy	FR-FCM-Z2KP-healthy (n=5k)	dataset_name-FR-FCM-Z2KP-healthy_dataset-revision-67990f383ac8f169c9a00148febba1ed357e18e8_name-data_import.data_raw_potential-batches-1_seed-420_sub-sampling-5000_transformation-cofactor-150	5000	cyanno	CyAnno	unfiltered	.e924e671977a35b401c5c23aaf1308ed57ddaf256c55741b97fd498c2a244b62	Unfiltered	5	5	1	complete	recall_macro	0.9125570719671547	5	Macro recall	arithmetic mean across accepted effective folds with a defined score for this metric	known-population-open-set-v1
FR-FCM-Z2KP-healthy	FR-FCM-Z2KP-healthy (n=10k)	dataset_name-FR-FCM-Z2KP-healthy_dataset-revision-67990f383ac8f169c9a00148febba1ed357e18e8_name-data_import.data_raw_potential-batches-1_seed-420_sub-sampling-10000_transformation-cofactor-150	10000	cyanno	CyAnno	unfiltered	.e924e671977a35b401c5c23aaf1308ed57ddaf256c55741b97fd498c2a244b62	Unfiltered	5	5	1	complete	recall_macro	0.9359709516546927	5	Macro recall	arithmetic mean across accepted effective folds with a defined score for this metric	known-population-open-set-v1
FR-FCM-Z2KP-healthy	FR-FCM-Z2KP-healthy (n=50k)	dataset_name-FR-FCM-Z2KP-healthy_dataset-revision-67990f383ac8f169c9a00148febba1ed357e18e8_name-data_import.data_raw_potential-batches-1_seed-420_sub-sampling-50000_transformation-cofactor-150	50000	cyanno	CyAnno	unfiltered	.e924e671977a35b401c5c23aaf1308ed57ddaf256c55741b97fd498c2a244b62	Unfiltered	5	5	1	complete	recall_macro	0.9643637065834348	5	Macro recall	arithmetic mean across accepted effective folds with a defined score for this metric	known-population-open-set-v1
FR-FCM-Z2KP-healthy	FR-FCM-Z2KP-healthy (n=100k)	dataset_name-FR-FCM-Z2KP-healthy_dataset-revision-67990f383ac8f169c9a00148febba1ed357e18e8_name-data_import.data_raw_potential-batches-1_seed-420_sub-sampling-100000_transformation-cofactor-150	1e+05	cyanno	CyAnno	unfiltered	.e924e671977a35b401c5c23aaf1308ed57ddaf256c55741b97fd498c2a244b62	Unfiltered	5	5	1	complete	recall_macro	0.9710570001915686	5	Macro recall	arithmetic mean across accepted effective folds with a defined score for this metric	known-population-open-set-v1
FR-FCM-Z2KP-healthy	FR-FCM-Z2KP-healthy	dataset_name-FR-FCM-Z2KP-healthy_dataset-revision-67990f383ac8f169c9a00148febba1ed357e18e8_name-data_import.data_raw_potential-batches-1_seed-42_transformation-cofactor-150	not_applicable	cyanno	CyAnno	unfiltered	.e924e671977a35b401c5c23aaf1308ed57ddaf256c55741b97fd498c2a244b62	Unfiltered	5	5	1	complete	recall_macro	0.9789885864559361	5	Macro recall	arithmetic mean across accepted effective folds with a defined score for this metric	known-population-open-set-v1
FR-FCM-Z3YR	FR-FCM-Z3YR	dataset_name-FR-FCM-Z3YR_dataset-revision-67990f383ac8f169c9a00148febba1ed357e18e8_name-data_import.data_raw_potential-batches-1_seed-42_transformation-cofactor-5	not_applicable	cyanno	CyAnno	unfiltered	.e924e671977a35b401c5c23aaf1308ed57ddaf256c55741b97fd498c2a244b62	Unfiltered	5	5	1	complete	recall_macro	0.8371646735209604	5	Macro recall	arithmetic mean across accepted effective folds with a defined score for this metric	known-population-open-set-v1
FR-FCM-Z7CH-BALBc	FR-FCM-Z7CH-BALBc	dataset_name-FR-FCM-Z7CH-BALBc_dataset-revision-4bf02d6adbe55785ca855b57274aa37b8dc843ae_name-data_import.data_raw_potential-batches-1_seed-42_transformation-cofactor-150	not_applicable	cyanno	CyAnno	unfiltered	.e924e671977a35b401c5c23aaf1308ed57ddaf256c55741b97fd498c2a244b62	Unfiltered	5	5	1	complete	recall_macro	0.9995964894442284	5	Macro recall	arithmetic mean across accepted effective folds with a defined score for this metric	known-population-open-set-v1
FR-FCM-Z7CH-C57BL6	FR-FCM-Z7CH-C57BL6	dataset_name-FR-FCM-Z7CH-C57BL6_dataset-revision-4bf02d6adbe55785ca855b57274aa37b8dc843ae_name-data_import.data_raw_potential-batches-1_seed-42_transformation-cofactor-150	not_applicable	cyanno	CyAnno	unfiltered	.e924e671977a35b401c5c23aaf1308ed57ddaf256c55741b97fd498c2a244b62	Unfiltered	5	5	1	complete	recall_macro	0.9998039420824932	5	Macro recall	arithmetic mean across accepted effective folds with a defined score for this metric	known-population-open-set-v1
FR-FCM-ZY34	FR-FCM-ZY34	dataset_name-FR-FCM-ZY34_dataset-revision-67990f383ac8f169c9a00148febba1ed357e18e8_name-data_import.data_raw_potential-batches-1_seed-42_transformation-cofactor-150	not_applicable	cyanno	CyAnno	unfiltered	.e924e671977a35b401c5c23aaf1308ed57ddaf256c55741b97fd498c2a244b62	Unfiltered	5	5	1	complete	recall_macro	0.4109267437460891	5	Macro recall	arithmetic mean across accepted effective folds with a defined score for this metric	known-population-open-set-v1
FR-FCM-ZYVT	FR-FCM-ZYVT	dataset_name-FR-FCM-ZYVT_dataset-revision-67990f383ac8f169c9a00148febba1ed357e18e8_name-data_import.data_raw_potential-batches-1_seed-42_transformation-cofactor-150	not_applicable	cyanno	CyAnno	unfiltered	.e924e671977a35b401c5c23aaf1308ed57ddaf256c55741b97fd498c2a244b62	Unfiltered	5	5	1	complete	recall_macro	0.5359754405795472	5	Macro recall	arithmetic mean across accepted effective folds with a defined score for this metric	known-population-open-set-v1
FlowCyt	FlowCyt	dataset_name-FlowCyt_dataset-revision-67990f383ac8f169c9a00148febba1ed357e18e8_name-data_import.data_raw_potential-batches-1_seed-42_transformation-cofactor-150	not_applicable	cyanno	CyAnno	unfiltered	.e924e671977a35b401c5c23aaf1308ed57ddaf256c55741b97fd498c2a244b62	Unfiltered	5	5	1	complete	recall_macro	0.9001207155685111	5	Macro recall	arithmetic mean across accepted effective folds with a defined score for this metric	known-population-open-set-v1
Levine	Levine	dataset_name-Levine_dataset-revision-67990f383ac8f169c9a00148febba1ed357e18e8_name-data_import.data_raw_potential-batches-1_seed-42_transformation-cofactor-5	not_applicable	cyanno	CyAnno	unfiltered	.e924e671977a35b401c5c23aaf1308ed57ddaf256c55741b97fd498c2a244b62	Unfiltered	2	2	1	complete	recall_macro	0.9411777770824294	2	Macro recall	arithmetic mean across accepted effective folds with a defined score for this metric	known-population-open-set-v1
Samusik	Samusik	dataset_name-Samusik_dataset-revision-67990f383ac8f169c9a00148febba1ed357e18e8_name-data_import.data_raw_potential-batches-1_seed-42_transformation-cofactor-5	not_applicable	cyanno	CyAnno	unfiltered	.e924e671977a35b401c5c23aaf1308ed57ddaf256c55741b97fd498c2a244b62	Unfiltered	5	5	1	complete	recall_macro	0.8371771297179017	5	Macro recall	arithmetic mean across accepted effective folds with a defined score for this metric	known-population-open-set-v1
15723074	15723074	dataset_name-15723074_dataset-revision-4bf02d6adbe55785ca855b57274aa37b8dc843ae_name-data_import.data_raw_potential-batches-1_seed-42_transformation-cofactor-150	not_applicable	cygate	CyGATE	unfiltered	.e924e671977a35b401c5c23aaf1308ed57ddaf256c55741b97fd498c2a244b62	Unfiltered	5	5	1	complete	recall_macro	0.8148722952284637	5	Macro recall	arithmetic mean across accepted effective folds with a defined score for this metric	known-population-open-set-v1
BodenmillerXL	BodenmillerXL	dataset_name-BodenmillerXL_dataset-revision-67990f383ac8f169c9a00148febba1ed357e18e8_name-data_import.data_raw_potential-batches-1_seed-42_transformation-cofactor-5	not_applicable	cygate	CyGATE	unfiltered	.e924e671977a35b401c5c23aaf1308ed57ddaf256c55741b97fd498c2a244b62	Unfiltered	5	5	1	complete	recall_macro	0.7624052496033135	5	Macro recall	arithmetic mean across accepted effective folds with a defined score for this metric	known-population-open-set-v1
FR-FCM-Z238	FR-FCM-Z238	dataset_name-FR-FCM-Z238_dataset-revision-67990f383ac8f169c9a00148febba1ed357e18e8_name-data_import.data_raw_potential-batches-1_seed-42_transformation-cofactor-5	not_applicable	cygate	CyGATE	unfiltered	.e924e671977a35b401c5c23aaf1308ed57ddaf256c55741b97fd498c2a244b62	Unfiltered	5	5	1	complete	recall_macro	0.6663701731585698	5	Macro recall	arithmetic mean across accepted effective folds with a defined score for this metric	known-population-open-set-v1
FR-FCM-Z2KP-covid	FR-FCM-Z2KP-covid	dataset_name-FR-FCM-Z2KP-covid_dataset-revision-67990f383ac8f169c9a00148febba1ed357e18e8_name-data_import.data_raw_potential-batches-1_seed-42_transformation-cofactor-150	not_applicable	cygate	CyGATE	unfiltered	.e924e671977a35b401c5c23aaf1308ed57ddaf256c55741b97fd498c2a244b62	Unfiltered	5	5	1	complete	recall_macro	0.8056038371694655	5	Macro recall	arithmetic mean across accepted effective folds with a defined score for this metric	known-population-open-set-v1
FR-FCM-Z2KP-healthy	FR-FCM-Z2KP-healthy (n=1k)	dataset_name-FR-FCM-Z2KP-healthy_dataset-revision-67990f383ac8f169c9a00148febba1ed357e18e8_name-data_import.data_raw_potential-batches-1_seed-420_sub-sampling-1000_transformation-cofactor-150	1000	cygate	CyGATE	unfiltered	.e924e671977a35b401c5c23aaf1308ed57ddaf256c55741b97fd498c2a244b62	Unfiltered	5	5	1	complete	recall_macro	0.8239913795186526	5	Macro recall	arithmetic mean across accepted effective folds with a defined score for this metric	known-population-open-set-v1
FR-FCM-Z2KP-healthy	FR-FCM-Z2KP-healthy (n=5k)	dataset_name-FR-FCM-Z2KP-healthy_dataset-revision-67990f383ac8f169c9a00148febba1ed357e18e8_name-data_import.data_raw_potential-batches-1_seed-420_sub-sampling-5000_transformation-cofactor-150	5000	cygate	CyGATE	unfiltered	.e924e671977a35b401c5c23aaf1308ed57ddaf256c55741b97fd498c2a244b62	Unfiltered	5	5	1	complete	recall_macro	0.7893054661298311	5	Macro recall	arithmetic mean across accepted effective folds with a defined score for this metric	known-population-open-set-v1
FR-FCM-Z2KP-healthy	FR-FCM-Z2KP-healthy (n=10k)	dataset_name-FR-FCM-Z2KP-healthy_dataset-revision-67990f383ac8f169c9a00148febba1ed357e18e8_name-data_import.data_raw_potential-batches-1_seed-420_sub-sampling-10000_transformation-cofactor-150	10000	cygate	CyGATE	unfiltered	.e924e671977a35b401c5c23aaf1308ed57ddaf256c55741b97fd498c2a244b62	Unfiltered	5	5	1	complete	recall_macro	0.7981846915106464	5	Macro recall	arithmetic mean across accepted effective folds with a defined score for this metric	known-population-open-set-v1
FR-FCM-Z2KP-healthy	FR-FCM-Z2KP-healthy (n=50k)	dataset_name-FR-FCM-Z2KP-healthy_dataset-revision-67990f383ac8f169c9a00148febba1ed357e18e8_name-data_import.data_raw_potential-batches-1_seed-420_sub-sampling-50000_transformation-cofactor-150	50000	cygate	CyGATE	unfiltered	.e924e671977a35b401c5c23aaf1308ed57ddaf256c55741b97fd498c2a244b62	Unfiltered	5	5	1	complete	recall_macro	0.8064607863145701	5	Macro recall	arithmetic mean across accepted effective folds with a defined score for this metric	known-population-open-set-v1
FR-FCM-Z2KP-healthy	FR-FCM-Z2KP-healthy (n=100k)	dataset_name-FR-FCM-Z2KP-healthy_dataset-revision-67990f383ac8f169c9a00148febba1ed357e18e8_name-data_import.data_raw_potential-batches-1_seed-420_sub-sampling-100000_transformation-cofactor-150	1e+05	cygate	CyGATE	unfiltered	.e924e671977a35b401c5c23aaf1308ed57ddaf256c55741b97fd498c2a244b62	Unfiltered	5	5	1	complete	recall_macro	0.8043033160269935	5	Macro recall	arithmetic mean across accepted effective folds with a defined score for this metric	known-population-open-set-v1
FR-FCM-Z2KP-healthy	FR-FCM-Z2KP-healthy	dataset_name-FR-FCM-Z2KP-healthy_dataset-revision-67990f383ac8f169c9a00148febba1ed357e18e8_name-data_import.data_raw_potential-batches-1_seed-42_transformation-cofactor-150	not_applicable	cygate	CyGATE	unfiltered	.e924e671977a35b401c5c23aaf1308ed57ddaf256c55741b97fd498c2a244b62	Unfiltered	5	5	1	complete	recall_macro	0.8403041486295307	5	Macro recall	arithmetic mean across accepted effective folds with a defined score for this metric	known-population-open-set-v1
FR-FCM-Z3YR	FR-FCM-Z3YR	dataset_name-FR-FCM-Z3YR_dataset-revision-67990f383ac8f169c9a00148febba1ed357e18e8_name-data_import.data_raw_potential-batches-1_seed-42_transformation-cofactor-5	not_applicable	cygate	CyGATE	unfiltered	.e924e671977a35b401c5c23aaf1308ed57ddaf256c55741b97fd498c2a244b62	Unfiltered	5	5	1	complete	recall_macro	0.7111758686598284	5	Macro recall	arithmetic mean across accepted effective folds with a defined score for this metric	known-population-open-set-v1
FR-FCM-Z7CH-BALBc	FR-FCM-Z7CH-BALBc	dataset_name-FR-FCM-Z7CH-BALBc_dataset-revision-4bf02d6adbe55785ca855b57274aa37b8dc843ae_name-data_import.data_raw_potential-batches-1_seed-42_transformation-cofactor-150	not_applicable	cygate	CyGATE	unfiltered	.e924e671977a35b401c5c23aaf1308ed57ddaf256c55741b97fd498c2a244b62	Unfiltered	5	5	1	complete	recall_macro	0.8972285403676247	5	Macro recall	arithmetic mean across accepted effective folds with a defined score for this metric	known-population-open-set-v1
FR-FCM-Z7CH-C57BL6	FR-FCM-Z7CH-C57BL6	dataset_name-FR-FCM-Z7CH-C57BL6_dataset-revision-4bf02d6adbe55785ca855b57274aa37b8dc843ae_name-data_import.data_raw_potential-batches-1_seed-42_transformation-cofactor-150	not_applicable	cygate	CyGATE	unfiltered	.e924e671977a35b401c5c23aaf1308ed57ddaf256c55741b97fd498c2a244b62	Unfiltered	5	5	1	complete	recall_macro	0.9374472414334983	5	Macro recall	arithmetic mean across accepted effective folds with a defined score for this metric	known-population-open-set-v1
FR-FCM-ZY34	FR-FCM-ZY34	dataset_name-FR-FCM-ZY34_dataset-revision-67990f383ac8f169c9a00148febba1ed357e18e8_name-data_import.data_raw_potential-batches-1_seed-42_transformation-cofactor-150	not_applicable	cygate	CyGATE	unfiltered	.e924e671977a35b401c5c23aaf1308ed57ddaf256c55741b97fd498c2a244b62	Unfiltered	5	5	1	complete	recall_macro	0.5017037600163801	5	Macro recall	arithmetic mean across accepted effective folds with a defined score for this metric	known-population-open-set-v1
FR-FCM-ZYVT	FR-FCM-ZYVT	dataset_name-FR-FCM-ZYVT_dataset-revision-67990f383ac8f169c9a00148febba1ed357e18e8_name-data_import.data_raw_potential-batches-1_seed-42_transformation-cofactor-150	not_applicable	cygate	CyGATE	unfiltered	.e924e671977a35b401c5c23aaf1308ed57ddaf256c55741b97fd498c2a244b62	Unfiltered	5	5	1	complete	recall_macro	0.6778413166587425	5	Macro recall	arithmetic mean across accepted effective folds with a defined score for this metric	known-population-open-set-v1
FlowCyt	FlowCyt	dataset_name-FlowCyt_dataset-revision-67990f383ac8f169c9a00148febba1ed357e18e8_name-data_import.data_raw_potential-batches-1_seed-42_transformation-cofactor-150	not_applicable	cygate	CyGATE	unfiltered	.e924e671977a35b401c5c23aaf1308ed57ddaf256c55741b97fd498c2a244b62	Unfiltered	5	5	1	complete	recall_macro	0.9073295134660114	5	Macro recall	arithmetic mean across accepted effective folds with a defined score for this metric	known-population-open-set-v1
Levine	Levine	dataset_name-Levine_dataset-revision-67990f383ac8f169c9a00148febba1ed357e18e8_name-data_import.data_raw_potential-batches-1_seed-42_transformation-cofactor-5	not_applicable	cygate	CyGATE	unfiltered	.e924e671977a35b401c5c23aaf1308ed57ddaf256c55741b97fd498c2a244b62	Unfiltered	2	2	1	complete	recall_macro	0.9583950131011665	2	Macro recall	arithmetic mean across accepted effective folds with a defined score for this metric	known-population-open-set-v1
Samusik	Samusik	dataset_name-Samusik_dataset-revision-67990f383ac8f169c9a00148febba1ed357e18e8_name-data_import.data_raw_potential-batches-1_seed-42_transformation-cofactor-5	not_applicable	cygate	CyGATE	unfiltered	.e924e671977a35b401c5c23aaf1308ed57ddaf256c55741b97fd498c2a244b62	Unfiltered	5	5	1	complete	recall_macro	0.9087800807860761	5	Macro recall	arithmetic mean across accepted effective folds with a defined score for this metric	known-population-open-set-v1
15723074	15723074	dataset_name-15723074_dataset-revision-4bf02d6adbe55785ca855b57274aa37b8dc843ae_name-data_import.data_raw_potential-batches-1_seed-42_transformation-cofactor-150	not_applicable	dgcytof	DGCyTOF	unfiltered	.e924e671977a35b401c5c23aaf1308ed57ddaf256c55741b97fd498c2a244b62	Unfiltered	5	5	1	complete	recall_macro	0.8399984313242916	5	Macro recall	arithmetic mean across accepted effective folds with a defined score for this metric	known-population-open-set-v1
BodenmillerXL	BodenmillerXL	dataset_name-BodenmillerXL_dataset-revision-67990f383ac8f169c9a00148febba1ed357e18e8_name-data_import.data_raw_potential-batches-1_seed-42_transformation-cofactor-5	not_applicable	dgcytof	DGCyTOF	unfiltered	.e924e671977a35b401c5c23aaf1308ed57ddaf256c55741b97fd498c2a244b62	Unfiltered	5	5	1	complete	recall_macro	0.7637501583989763	5	Macro recall	arithmetic mean across accepted effective folds with a defined score for this metric	known-population-open-set-v1
FR-FCM-Z238	FR-FCM-Z238	dataset_name-FR-FCM-Z238_dataset-revision-67990f383ac8f169c9a00148febba1ed357e18e8_name-data_import.data_raw_potential-batches-1_seed-42_transformation-cofactor-5	not_applicable	dgcytof	DGCyTOF	unfiltered	.e924e671977a35b401c5c23aaf1308ed57ddaf256c55741b97fd498c2a244b62	Unfiltered	5	5	1	complete	recall_macro	0.6509646001035645	5	Macro recall	arithmetic mean across accepted effective folds with a defined score for this metric	known-population-open-set-v1
FR-FCM-Z2KP-covid	FR-FCM-Z2KP-covid	dataset_name-FR-FCM-Z2KP-covid_dataset-revision-67990f383ac8f169c9a00148febba1ed357e18e8_name-data_import.data_raw_potential-batches-1_seed-42_transformation-cofactor-150	not_applicable	dgcytof	DGCyTOF	unfiltered	.e924e671977a35b401c5c23aaf1308ed57ddaf256c55741b97fd498c2a244b62	Unfiltered	5	5	1	complete	recall_macro	0.9728952944442538	5	Macro recall	arithmetic mean across accepted effective folds with a defined score for this metric	known-population-open-set-v1
FR-FCM-Z2KP-healthy	FR-FCM-Z2KP-healthy (n=1k)	dataset_name-FR-FCM-Z2KP-healthy_dataset-revision-67990f383ac8f169c9a00148febba1ed357e18e8_name-data_import.data_raw_potential-batches-1_seed-420_sub-sampling-1000_transformation-cofactor-150	1000	dgcytof	DGCyTOF	unfiltered	.e924e671977a35b401c5c23aaf1308ed57ddaf256c55741b97fd498c2a244b62	Unfiltered	5	5	1	complete	recall_macro	0.7376873943528116	5	Macro recall	arithmetic mean across accepted effective folds with a defined score for this metric	known-population-open-set-v1
FR-FCM-Z2KP-healthy	FR-FCM-Z2KP-healthy (n=5k)	dataset_name-FR-FCM-Z2KP-healthy_dataset-revision-67990f383ac8f169c9a00148febba1ed357e18e8_name-data_import.data_raw_potential-batches-1_seed-420_sub-sampling-5000_transformation-cofactor-150	5000	dgcytof	DGCyTOF	unfiltered	.e924e671977a35b401c5c23aaf1308ed57ddaf256c55741b97fd498c2a244b62	Unfiltered	5	5	1	complete	recall_macro	0.8593656954265847	5	Macro recall	arithmetic mean across accepted effective folds with a defined score for this metric	known-population-open-set-v1
FR-FCM-Z2KP-healthy	FR-FCM-Z2KP-healthy (n=10k)	dataset_name-FR-FCM-Z2KP-healthy_dataset-revision-67990f383ac8f169c9a00148febba1ed357e18e8_name-data_import.data_raw_potential-batches-1_seed-420_sub-sampling-10000_transformation-cofactor-150	10000	dgcytof	DGCyTOF	unfiltered	.e924e671977a35b401c5c23aaf1308ed57ddaf256c55741b97fd498c2a244b62	Unfiltered	5	5	1	complete	recall_macro	0.8871262441865905	5	Macro recall	arithmetic mean across accepted effective folds with a defined score for this metric	known-population-open-set-v1
FR-FCM-Z2KP-healthy	FR-FCM-Z2KP-healthy (n=50k)	dataset_name-FR-FCM-Z2KP-healthy_dataset-revision-67990f383ac8f169c9a00148febba1ed357e18e8_name-data_import.data_raw_potential-batches-1_seed-420_sub-sampling-50000_transformation-cofactor-150	50000	dgcytof	DGCyTOF	unfiltered	.e924e671977a35b401c5c23aaf1308ed57ddaf256c55741b97fd498c2a244b62	Unfiltered	5	5	1	complete	recall_macro	0.9541072689415696	5	Macro recall	arithmetic mean across accepted effective folds with a defined score for this metric	known-population-open-set-v1
FR-FCM-Z2KP-healthy	FR-FCM-Z2KP-healthy (n=100k)	dataset_name-FR-FCM-Z2KP-healthy_dataset-revision-67990f383ac8f169c9a00148febba1ed357e18e8_name-data_import.data_raw_potential-batches-1_seed-420_sub-sampling-100000_transformation-cofactor-150	1e+05	dgcytof	DGCyTOF	unfiltered	.e924e671977a35b401c5c23aaf1308ed57ddaf256c55741b97fd498c2a244b62	Unfiltered	5	5	1	complete	recall_macro	0.9652464859522097	5	Macro recall	arithmetic mean across accepted effective folds with a defined score for this metric	known-population-open-set-v1
FR-FCM-Z2KP-healthy	FR-FCM-Z2KP-healthy	dataset_name-FR-FCM-Z2KP-healthy_dataset-revision-67990f383ac8f169c9a00148febba1ed357e18e8_name-data_import.data_raw_potential-batches-1_seed-42_transformation-cofactor-150	not_applicable	dgcytof	DGCyTOF	unfiltered	.e924e671977a35b401c5c23aaf1308ed57ddaf256c55741b97fd498c2a244b62	Unfiltered	5	5	1	complete	recall_macro	0.978204728803486	5	Macro recall	arithmetic mean across accepted effective folds with a defined score for this metric	known-population-open-set-v1
FR-FCM-Z3YR	FR-FCM-Z3YR	dataset_name-FR-FCM-Z3YR_dataset-revision-67990f383ac8f169c9a00148febba1ed357e18e8_name-data_import.data_raw_potential-batches-1_seed-42_transformation-cofactor-5	not_applicable	dgcytof	DGCyTOF	unfiltered	.e924e671977a35b401c5c23aaf1308ed57ddaf256c55741b97fd498c2a244b62	Unfiltered	5	5	1	complete	recall_macro	0.7141517257401999	5	Macro recall	arithmetic mean across accepted effective folds with a defined score for this metric	known-population-open-set-v1
FR-FCM-Z7CH-BALBc	FR-FCM-Z7CH-BALBc	dataset_name-FR-FCM-Z7CH-BALBc_dataset-revision-4bf02d6adbe55785ca855b57274aa37b8dc843ae_name-data_import.data_raw_potential-batches-1_seed-42_transformation-cofactor-150	not_applicable	dgcytof	DGCyTOF	unfiltered	.e924e671977a35b401c5c23aaf1308ed57ddaf256c55741b97fd498c2a244b62	Unfiltered	5	5	1	complete	recall_macro	0.9522906755875625	5	Macro recall	arithmetic mean across accepted effective folds with a defined score for this metric	known-population-open-set-v1
FR-FCM-Z7CH-C57BL6	FR-FCM-Z7CH-C57BL6	dataset_name-FR-FCM-Z7CH-C57BL6_dataset-revision-4bf02d6adbe55785ca855b57274aa37b8dc843ae_name-data_import.data_raw_potential-batches-1_seed-42_transformation-cofactor-150	not_applicable	dgcytof	DGCyTOF	unfiltered	.e924e671977a35b401c5c23aaf1308ed57ddaf256c55741b97fd498c2a244b62	Unfiltered	5	5	1	complete	recall_macro	0.9631936858340464	5	Macro recall	arithmetic mean across accepted effective folds with a defined score for this metric	known-population-open-set-v1
FR-FCM-ZY34	FR-FCM-ZY34	dataset_name-FR-FCM-ZY34_dataset-revision-67990f383ac8f169c9a00148febba1ed357e18e8_name-data_import.data_raw_potential-batches-1_seed-42_transformation-cofactor-150	not_applicable	dgcytof	DGCyTOF	unfiltered	.e924e671977a35b401c5c23aaf1308ed57ddaf256c55741b97fd498c2a244b62	Unfiltered	5	5	1	complete	recall_macro	0.3827953777917553	5	Macro recall	arithmetic mean across accepted effective folds with a defined score for this metric	known-population-open-set-v1
FR-FCM-ZYVT	FR-FCM-ZYVT	dataset_name-FR-FCM-ZYVT_dataset-revision-67990f383ac8f169c9a00148febba1ed357e18e8_name-data_import.data_raw_potential-batches-1_seed-42_transformation-cofactor-150	not_applicable	dgcytof	DGCyTOF	unfiltered	.e924e671977a35b401c5c23aaf1308ed57ddaf256c55741b97fd498c2a244b62	Unfiltered	5	5	1	complete	recall_macro	0.5885794641079627	5	Macro recall	arithmetic mean across accepted effective folds with a defined score for this metric	known-population-open-set-v1
FlowCyt	FlowCyt	dataset_name-FlowCyt_dataset-revision-67990f383ac8f169c9a00148febba1ed357e18e8_name-data_import.data_raw_potential-batches-1_seed-42_transformation-cofactor-150	not_applicable	dgcytof	DGCyTOF	unfiltered	.e924e671977a35b401c5c23aaf1308ed57ddaf256c55741b97fd498c2a244b62	Unfiltered	5	5	1	complete	recall_macro	0.909316189216432	5	Macro recall	arithmetic mean across accepted effective folds with a defined score for this metric	known-population-open-set-v1
Levine	Levine	dataset_name-Levine_dataset-revision-67990f383ac8f169c9a00148febba1ed357e18e8_name-data_import.data_raw_potential-batches-1_seed-42_transformation-cofactor-5	not_applicable	dgcytof	DGCyTOF	unfiltered	.e924e671977a35b401c5c23aaf1308ed57ddaf256c55741b97fd498c2a244b62	Unfiltered	2	2	1	complete	recall_macro	0.9515306929355798	2	Macro recall	arithmetic mean across accepted effective folds with a defined score for this metric	known-population-open-set-v1
Samusik	Samusik	dataset_name-Samusik_dataset-revision-67990f383ac8f169c9a00148febba1ed357e18e8_name-data_import.data_raw_potential-batches-1_seed-42_transformation-cofactor-5	not_applicable	dgcytof	DGCyTOF	unfiltered	.e924e671977a35b401c5c23aaf1308ed57ddaf256c55741b97fd498c2a244b62	Unfiltered	5	5	1	complete	recall_macro	0.9064815379941824	5	Macro recall	arithmetic mean across accepted effective folds with a defined score for this metric	known-population-open-set-v1
15723074	15723074	dataset_name-15723074_dataset-revision-4bf02d6adbe55785ca855b57274aa37b8dc843ae_name-data_import.data_raw_potential-batches-1_seed-42_transformation-cofactor-150	not_applicable	gatemeclass[E]	GateMeClass [E]	unfiltered	.e924e671977a35b401c5c23aaf1308ed57ddaf256c55741b97fd498c2a244b62	Unfiltered	5	5	1	complete	recall_macro	0.9491510742780823	5	Macro recall	arithmetic mean across accepted effective folds with a defined score for this metric	known-population-open-set-v1
BodenmillerXL	BodenmillerXL	dataset_name-BodenmillerXL_dataset-revision-67990f383ac8f169c9a00148febba1ed357e18e8_name-data_import.data_raw_potential-batches-1_seed-42_transformation-cofactor-5	not_applicable	gatemeclass[E]	GateMeClass [E]	unfiltered	.e924e671977a35b401c5c23aaf1308ed57ddaf256c55741b97fd498c2a244b62	Unfiltered	5	5	1	complete	recall_macro	0.7082638570090481	5	Macro recall	arithmetic mean across accepted effective folds with a defined score for this metric	known-population-open-set-v1
FR-FCM-Z238	FR-FCM-Z238	dataset_name-FR-FCM-Z238_dataset-revision-67990f383ac8f169c9a00148febba1ed357e18e8_name-data_import.data_raw_potential-batches-1_seed-42_transformation-cofactor-5	not_applicable	gatemeclass[E]	GateMeClass [E]	unfiltered	.e924e671977a35b401c5c23aaf1308ed57ddaf256c55741b97fd498c2a244b62	Unfiltered	0	5	0	incomplete	recall_macro	NA	0	Macro recall	arithmetic mean across accepted effective folds with a defined score for this metric	known-population-open-set-v1
FR-FCM-Z2KP-covid	FR-FCM-Z2KP-covid	dataset_name-FR-FCM-Z2KP-covid_dataset-revision-67990f383ac8f169c9a00148febba1ed357e18e8_name-data_import.data_raw_potential-batches-1_seed-42_transformation-cofactor-150	not_applicable	gatemeclass[E]	GateMeClass [E]	unfiltered	.e924e671977a35b401c5c23aaf1308ed57ddaf256c55741b97fd498c2a244b62	Unfiltered	0	5	0	incomplete	recall_macro	NA	0	Macro recall	arithmetic mean across accepted effective folds with a defined score for this metric	known-population-open-set-v1
FR-FCM-Z2KP-healthy	FR-FCM-Z2KP-healthy (n=1k)	dataset_name-FR-FCM-Z2KP-healthy_dataset-revision-67990f383ac8f169c9a00148febba1ed357e18e8_name-data_import.data_raw_potential-batches-1_seed-420_sub-sampling-1000_transformation-cofactor-150	1000	gatemeclass[E]	GateMeClass [E]	unfiltered	.e924e671977a35b401c5c23aaf1308ed57ddaf256c55741b97fd498c2a244b62	Unfiltered	5	5	1	complete	recall_macro	0.7683155894098275	5	Macro recall	arithmetic mean across accepted effective folds with a defined score for this metric	known-population-open-set-v1
FR-FCM-Z2KP-healthy	FR-FCM-Z2KP-healthy (n=5k)	dataset_name-FR-FCM-Z2KP-healthy_dataset-revision-67990f383ac8f169c9a00148febba1ed357e18e8_name-data_import.data_raw_potential-batches-1_seed-420_sub-sampling-5000_transformation-cofactor-150	5000	gatemeclass[E]	GateMeClass [E]	unfiltered	.e924e671977a35b401c5c23aaf1308ed57ddaf256c55741b97fd498c2a244b62	Unfiltered	5	5	1	complete	recall_macro	0.6789698133130168	5	Macro recall	arithmetic mean across accepted effective folds with a defined score for this metric	known-population-open-set-v1
FR-FCM-Z2KP-healthy	FR-FCM-Z2KP-healthy (n=10k)	dataset_name-FR-FCM-Z2KP-healthy_dataset-revision-67990f383ac8f169c9a00148febba1ed357e18e8_name-data_import.data_raw_potential-batches-1_seed-420_sub-sampling-10000_transformation-cofactor-150	10000	gatemeclass[E]	GateMeClass [E]	unfiltered	.e924e671977a35b401c5c23aaf1308ed57ddaf256c55741b97fd498c2a244b62	Unfiltered	5	5	1	complete	recall_macro	0.6974305480395421	5	Macro recall	arithmetic mean across accepted effective folds with a defined score for this metric	known-population-open-set-v1
FR-FCM-Z2KP-healthy	FR-FCM-Z2KP-healthy (n=50k)	dataset_name-FR-FCM-Z2KP-healthy_dataset-revision-67990f383ac8f169c9a00148febba1ed357e18e8_name-data_import.data_raw_potential-batches-1_seed-420_sub-sampling-50000_transformation-cofactor-150	50000	gatemeclass[E]	GateMeClass [E]	unfiltered	.e924e671977a35b401c5c23aaf1308ed57ddaf256c55741b97fd498c2a244b62	Unfiltered	5	5	1	complete	recall_macro	0.7106740899397432	5	Macro recall	arithmetic mean across accepted effective folds with a defined score for this metric	known-population-open-set-v1
FR-FCM-Z2KP-healthy	FR-FCM-Z2KP-healthy (n=100k)	dataset_name-FR-FCM-Z2KP-healthy_dataset-revision-67990f383ac8f169c9a00148febba1ed357e18e8_name-data_import.data_raw_potential-batches-1_seed-420_sub-sampling-100000_transformation-cofactor-150	1e+05	gatemeclass[E]	GateMeClass [E]	unfiltered	.e924e671977a35b401c5c23aaf1308ed57ddaf256c55741b97fd498c2a244b62	Unfiltered	5	5	1	complete	recall_macro	0.6664728589706983	5	Macro recall	arithmetic mean across accepted effective folds with a defined score for this metric	known-population-open-set-v1
FR-FCM-Z2KP-healthy	FR-FCM-Z2KP-healthy	dataset_name-FR-FCM-Z2KP-healthy_dataset-revision-67990f383ac8f169c9a00148febba1ed357e18e8_name-data_import.data_raw_potential-batches-1_seed-42_transformation-cofactor-150	not_applicable	gatemeclass[E]	GateMeClass [E]	unfiltered	.e924e671977a35b401c5c23aaf1308ed57ddaf256c55741b97fd498c2a244b62	Unfiltered	5	5	1	complete	recall_macro	0.6894102940863119	5	Macro recall	arithmetic mean across accepted effective folds with a defined score for this metric	known-population-open-set-v1
FR-FCM-Z3YR	FR-FCM-Z3YR	dataset_name-FR-FCM-Z3YR_dataset-revision-67990f383ac8f169c9a00148febba1ed357e18e8_name-data_import.data_raw_potential-batches-1_seed-42_transformation-cofactor-5	not_applicable	gatemeclass[E]	GateMeClass [E]	unfiltered	.e924e671977a35b401c5c23aaf1308ed57ddaf256c55741b97fd498c2a244b62	Unfiltered	0	5	0	incomplete	recall_macro	NA	0	Macro recall	arithmetic mean across accepted effective folds with a defined score for this metric	known-population-open-set-v1
FR-FCM-Z7CH-BALBc	FR-FCM-Z7CH-BALBc	dataset_name-FR-FCM-Z7CH-BALBc_dataset-revision-4bf02d6adbe55785ca855b57274aa37b8dc843ae_name-data_import.data_raw_potential-batches-1_seed-42_transformation-cofactor-150	not_applicable	gatemeclass[E]	GateMeClass [E]	unfiltered	.e924e671977a35b401c5c23aaf1308ed57ddaf256c55741b97fd498c2a244b62	Unfiltered	5	5	1	complete	recall_macro	0.7486756194579846	5	Macro recall	arithmetic mean across accepted effective folds with a defined score for this metric	known-population-open-set-v1
FR-FCM-Z7CH-C57BL6	FR-FCM-Z7CH-C57BL6	dataset_name-FR-FCM-Z7CH-C57BL6_dataset-revision-4bf02d6adbe55785ca855b57274aa37b8dc843ae_name-data_import.data_raw_potential-batches-1_seed-42_transformation-cofactor-150	not_applicable	gatemeclass[E]	GateMeClass [E]	unfiltered	.e924e671977a35b401c5c23aaf1308ed57ddaf256c55741b97fd498c2a244b62	Unfiltered	5	5	1	complete	recall_macro	0.6398239979471224	5	Macro recall	arithmetic mean across accepted effective folds with a defined score for this metric	known-population-open-set-v1
FR-FCM-ZY34	FR-FCM-ZY34	dataset_name-FR-FCM-ZY34_dataset-revision-67990f383ac8f169c9a00148febba1ed357e18e8_name-data_import.data_raw_potential-batches-1_seed-42_transformation-cofactor-150	not_applicable	gatemeclass[E]	GateMeClass [E]	unfiltered	.e924e671977a35b401c5c23aaf1308ed57ddaf256c55741b97fd498c2a244b62	Unfiltered	5	5	1	complete	recall_macro	0.2768099871228355	5	Macro recall	arithmetic mean across accepted effective folds with a defined score for this metric	known-population-open-set-v1
FR-FCM-ZYVT	FR-FCM-ZYVT	dataset_name-FR-FCM-ZYVT_dataset-revision-67990f383ac8f169c9a00148febba1ed357e18e8_name-data_import.data_raw_potential-batches-1_seed-42_transformation-cofactor-150	not_applicable	gatemeclass[E]	GateMeClass [E]	unfiltered	.e924e671977a35b401c5c23aaf1308ed57ddaf256c55741b97fd498c2a244b62	Unfiltered	5	5	1	complete	recall_macro	0.6803339741216987	5	Macro recall	arithmetic mean across accepted effective folds with a defined score for this metric	known-population-open-set-v1
FlowCyt	FlowCyt	dataset_name-FlowCyt_dataset-revision-67990f383ac8f169c9a00148febba1ed357e18e8_name-data_import.data_raw_potential-batches-1_seed-42_transformation-cofactor-150	not_applicable	gatemeclass[E]	GateMeClass [E]	unfiltered	.e924e671977a35b401c5c23aaf1308ed57ddaf256c55741b97fd498c2a244b62	Unfiltered	0	5	0	incomplete	recall_macro	NA	0	Macro recall	arithmetic mean across accepted effective folds with a defined score for this metric	known-population-open-set-v1
Levine	Levine	dataset_name-Levine_dataset-revision-67990f383ac8f169c9a00148febba1ed357e18e8_name-data_import.data_raw_potential-batches-1_seed-42_transformation-cofactor-5	not_applicable	gatemeclass[E]	GateMeClass [E]	unfiltered	.e924e671977a35b401c5c23aaf1308ed57ddaf256c55741b97fd498c2a244b62	Unfiltered	2	2	1	complete	recall_macro	0.8866174856855661	2	Macro recall	arithmetic mean across accepted effective folds with a defined score for this metric	known-population-open-set-v1
Samusik	Samusik	dataset_name-Samusik_dataset-revision-67990f383ac8f169c9a00148febba1ed357e18e8_name-data_import.data_raw_potential-batches-1_seed-42_transformation-cofactor-5	not_applicable	gatemeclass[E]	GateMeClass [E]	unfiltered	.e924e671977a35b401c5c23aaf1308ed57ddaf256c55741b97fd498c2a244b62	Unfiltered	5	5	1	complete	recall_macro	0.7475514724448794	5	Macro recall	arithmetic mean across accepted effective folds with a defined score for this metric	known-population-open-set-v1
15723074	15723074	dataset_name-15723074_dataset-revision-4bf02d6adbe55785ca855b57274aa37b8dc843ae_name-data_import.data_raw_potential-batches-1_seed-42_transformation-cofactor-150	not_applicable	gatemeclass[V]	GateMeClass [V]	unfiltered	.e924e671977a35b401c5c23aaf1308ed57ddaf256c55741b97fd498c2a244b62	Unfiltered	5	5	1	complete	recall_macro	0.7368175953763928	5	Macro recall	arithmetic mean across accepted effective folds with a defined score for this metric	known-population-open-set-v1
BodenmillerXL	BodenmillerXL	dataset_name-BodenmillerXL_dataset-revision-67990f383ac8f169c9a00148febba1ed357e18e8_name-data_import.data_raw_potential-batches-1_seed-42_transformation-cofactor-5	not_applicable	gatemeclass[V]	GateMeClass [V]	unfiltered	.e924e671977a35b401c5c23aaf1308ed57ddaf256c55741b97fd498c2a244b62	Unfiltered	5	5	1	complete	recall_macro	0.5189498950583669	5	Macro recall	arithmetic mean across accepted effective folds with a defined score for this metric	known-population-open-set-v1
FR-FCM-Z238	FR-FCM-Z238	dataset_name-FR-FCM-Z238_dataset-revision-67990f383ac8f169c9a00148febba1ed357e18e8_name-data_import.data_raw_potential-batches-1_seed-42_transformation-cofactor-5	not_applicable	gatemeclass[V]	GateMeClass [V]	unfiltered	.e924e671977a35b401c5c23aaf1308ed57ddaf256c55741b97fd498c2a244b62	Unfiltered	0	5	0	incomplete	recall_macro	NA	0	Macro recall	arithmetic mean across accepted effective folds with a defined score for this metric	known-population-open-set-v1
FR-FCM-Z2KP-covid	FR-FCM-Z2KP-covid	dataset_name-FR-FCM-Z2KP-covid_dataset-revision-67990f383ac8f169c9a00148febba1ed357e18e8_name-data_import.data_raw_potential-batches-1_seed-42_transformation-cofactor-150	not_applicable	gatemeclass[V]	GateMeClass [V]	unfiltered	.e924e671977a35b401c5c23aaf1308ed57ddaf256c55741b97fd498c2a244b62	Unfiltered	0	5	0	incomplete	recall_macro	NA	0	Macro recall	arithmetic mean across accepted effective folds with a defined score for this metric	known-population-open-set-v1
FR-FCM-Z2KP-healthy	FR-FCM-Z2KP-healthy (n=1k)	dataset_name-FR-FCM-Z2KP-healthy_dataset-revision-67990f383ac8f169c9a00148febba1ed357e18e8_name-data_import.data_raw_potential-batches-1_seed-420_sub-sampling-1000_transformation-cofactor-150	1000	gatemeclass[V]	GateMeClass [V]	unfiltered	.e924e671977a35b401c5c23aaf1308ed57ddaf256c55741b97fd498c2a244b62	Unfiltered	5	5	1	complete	recall_macro	0.6958590800169577	5	Macro recall	arithmetic mean across accepted effective folds with a defined score for this metric	known-population-open-set-v1
FR-FCM-Z2KP-healthy	FR-FCM-Z2KP-healthy (n=5k)	dataset_name-FR-FCM-Z2KP-healthy_dataset-revision-67990f383ac8f169c9a00148febba1ed357e18e8_name-data_import.data_raw_potential-batches-1_seed-420_sub-sampling-5000_transformation-cofactor-150	5000	gatemeclass[V]	GateMeClass [V]	unfiltered	.e924e671977a35b401c5c23aaf1308ed57ddaf256c55741b97fd498c2a244b62	Unfiltered	5	5	1	complete	recall_macro	0.7326309672317332	5	Macro recall	arithmetic mean across accepted effective folds with a defined score for this metric	known-population-open-set-v1
FR-FCM-Z2KP-healthy	FR-FCM-Z2KP-healthy (n=10k)	dataset_name-FR-FCM-Z2KP-healthy_dataset-revision-67990f383ac8f169c9a00148febba1ed357e18e8_name-data_import.data_raw_potential-batches-1_seed-420_sub-sampling-10000_transformation-cofactor-150	10000	gatemeclass[V]	GateMeClass [V]	unfiltered	.e924e671977a35b401c5c23aaf1308ed57ddaf256c55741b97fd498c2a244b62	Unfiltered	5	5	1	complete	recall_macro	0.7442251519048254	5	Macro recall	arithmetic mean across accepted effective folds with a defined score for this metric	known-population-open-set-v1
FR-FCM-Z2KP-healthy	FR-FCM-Z2KP-healthy (n=50k)	dataset_name-FR-FCM-Z2KP-healthy_dataset-revision-67990f383ac8f169c9a00148febba1ed357e18e8_name-data_import.data_raw_potential-batches-1_seed-420_sub-sampling-50000_transformation-cofactor-150	50000	gatemeclass[V]	GateMeClass [V]	unfiltered	.e924e671977a35b401c5c23aaf1308ed57ddaf256c55741b97fd498c2a244b62	Unfiltered	5	5	1	complete	recall_macro	0.6642161323461095	5	Macro recall	arithmetic mean across accepted effective folds with a defined score for this metric	known-population-open-set-v1
FR-FCM-Z2KP-healthy	FR-FCM-Z2KP-healthy (n=100k)	dataset_name-FR-FCM-Z2KP-healthy_dataset-revision-67990f383ac8f169c9a00148febba1ed357e18e8_name-data_import.data_raw_potential-batches-1_seed-420_sub-sampling-100000_transformation-cofactor-150	1e+05	gatemeclass[V]	GateMeClass [V]	unfiltered	.e924e671977a35b401c5c23aaf1308ed57ddaf256c55741b97fd498c2a244b62	Unfiltered	5	5	1	complete	recall_macro	0.7004840714259609	5	Macro recall	arithmetic mean across accepted effective folds with a defined score for this metric	known-population-open-set-v1
FR-FCM-Z2KP-healthy	FR-FCM-Z2KP-healthy	dataset_name-FR-FCM-Z2KP-healthy_dataset-revision-67990f383ac8f169c9a00148febba1ed357e18e8_name-data_import.data_raw_potential-batches-1_seed-42_transformation-cofactor-150	not_applicable	gatemeclass[V]	GateMeClass [V]	unfiltered	.e924e671977a35b401c5c23aaf1308ed57ddaf256c55741b97fd498c2a244b62	Unfiltered	5	5	1	complete	recall_macro	0.6859840377108853	5	Macro recall	arithmetic mean across accepted effective folds with a defined score for this metric	known-population-open-set-v1
FR-FCM-Z3YR	FR-FCM-Z3YR	dataset_name-FR-FCM-Z3YR_dataset-revision-67990f383ac8f169c9a00148febba1ed357e18e8_name-data_import.data_raw_potential-batches-1_seed-42_transformation-cofactor-5	not_applicable	gatemeclass[V]	GateMeClass [V]	unfiltered	.e924e671977a35b401c5c23aaf1308ed57ddaf256c55741b97fd498c2a244b62	Unfiltered	0	5	0	incomplete	recall_macro	NA	0	Macro recall	arithmetic mean across accepted effective folds with a defined score for this metric	known-population-open-set-v1
FR-FCM-Z7CH-BALBc	FR-FCM-Z7CH-BALBc	dataset_name-FR-FCM-Z7CH-BALBc_dataset-revision-4bf02d6adbe55785ca855b57274aa37b8dc843ae_name-data_import.data_raw_potential-batches-1_seed-42_transformation-cofactor-150	not_applicable	gatemeclass[V]	GateMeClass [V]	unfiltered	.e924e671977a35b401c5c23aaf1308ed57ddaf256c55741b97fd498c2a244b62	Unfiltered	5	5	1	complete	recall_macro	0.7718113381171375	5	Macro recall	arithmetic mean across accepted effective folds with a defined score for this metric	known-population-open-set-v1
FR-FCM-Z7CH-C57BL6	FR-FCM-Z7CH-C57BL6	dataset_name-FR-FCM-Z7CH-C57BL6_dataset-revision-4bf02d6adbe55785ca855b57274aa37b8dc843ae_name-data_import.data_raw_potential-batches-1_seed-42_transformation-cofactor-150	not_applicable	gatemeclass[V]	GateMeClass [V]	unfiltered	.e924e671977a35b401c5c23aaf1308ed57ddaf256c55741b97fd498c2a244b62	Unfiltered	5	5	1	complete	recall_macro	0.8426806049854609	5	Macro recall	arithmetic mean across accepted effective folds with a defined score for this metric	known-population-open-set-v1
FR-FCM-ZY34	FR-FCM-ZY34	dataset_name-FR-FCM-ZY34_dataset-revision-67990f383ac8f169c9a00148febba1ed357e18e8_name-data_import.data_raw_potential-batches-1_seed-42_transformation-cofactor-150	not_applicable	gatemeclass[V]	GateMeClass [V]	unfiltered	.e924e671977a35b401c5c23aaf1308ed57ddaf256c55741b97fd498c2a244b62	Unfiltered	5	5	1	complete	recall_macro	0.18907188807917905	5	Macro recall	arithmetic mean across accepted effective folds with a defined score for this metric	known-population-open-set-v1
FR-FCM-ZYVT	FR-FCM-ZYVT	dataset_name-FR-FCM-ZYVT_dataset-revision-67990f383ac8f169c9a00148febba1ed357e18e8_name-data_import.data_raw_potential-batches-1_seed-42_transformation-cofactor-150	not_applicable	gatemeclass[V]	GateMeClass [V]	unfiltered	.e924e671977a35b401c5c23aaf1308ed57ddaf256c55741b97fd498c2a244b62	Unfiltered	5	5	1	complete	recall_macro	0.5845260423683658	5	Macro recall	arithmetic mean across accepted effective folds with a defined score for this metric	known-population-open-set-v1
FlowCyt	FlowCyt	dataset_name-FlowCyt_dataset-revision-67990f383ac8f169c9a00148febba1ed357e18e8_name-data_import.data_raw_potential-batches-1_seed-42_transformation-cofactor-150	not_applicable	gatemeclass[V]	GateMeClass [V]	unfiltered	.e924e671977a35b401c5c23aaf1308ed57ddaf256c55741b97fd498c2a244b62	Unfiltered	0	5	0	incomplete	recall_macro	NA	0	Macro recall	arithmetic mean across accepted effective folds with a defined score for this metric	known-population-open-set-v1
Levine	Levine	dataset_name-Levine_dataset-revision-67990f383ac8f169c9a00148febba1ed357e18e8_name-data_import.data_raw_potential-batches-1_seed-42_transformation-cofactor-5	not_applicable	gatemeclass[V]	GateMeClass [V]	unfiltered	.e924e671977a35b401c5c23aaf1308ed57ddaf256c55741b97fd498c2a244b62	Unfiltered	2	2	1	complete	recall_macro	0.8891066727725778	2	Macro recall	arithmetic mean across accepted effective folds with a defined score for this metric	known-population-open-set-v1
Samusik	Samusik	dataset_name-Samusik_dataset-revision-67990f383ac8f169c9a00148febba1ed357e18e8_name-data_import.data_raw_potential-batches-1_seed-42_transformation-cofactor-5	not_applicable	gatemeclass[V]	GateMeClass [V]	unfiltered	.e924e671977a35b401c5c23aaf1308ed57ddaf256c55741b97fd498c2a244b62	Unfiltered	5	5	1	complete	recall_macro	0.7157515532707861	5	Macro recall	arithmetic mean across accepted effective folds with a defined score for this metric	known-population-open-set-v1
15723074	15723074	dataset_name-15723074_dataset-revision-4bf02d6adbe55785ca855b57274aa37b8dc843ae_name-data_import.data_raw_potential-batches-1_seed-42_transformation-cofactor-150	not_applicable	knn	KNN	unfiltered	.e924e671977a35b401c5c23aaf1308ed57ddaf256c55741b97fd498c2a244b62	Unfiltered	5	5	1	complete	recall_macro	0.8111369214836294	5	Macro recall	arithmetic mean across accepted effective folds with a defined score for this metric	known-population-open-set-v1
BodenmillerXL	BodenmillerXL	dataset_name-BodenmillerXL_dataset-revision-67990f383ac8f169c9a00148febba1ed357e18e8_name-data_import.data_raw_potential-batches-1_seed-42_transformation-cofactor-5	not_applicable	knn	KNN	unfiltered	.e924e671977a35b401c5c23aaf1308ed57ddaf256c55741b97fd498c2a244b62	Unfiltered	5	5	1	complete	recall_macro	0.6995192697143108	5	Macro recall	arithmetic mean across accepted effective folds with a defined score for this metric	known-population-open-set-v1
FR-FCM-Z238	FR-FCM-Z238	dataset_name-FR-FCM-Z238_dataset-revision-67990f383ac8f169c9a00148febba1ed357e18e8_name-data_import.data_raw_potential-batches-1_seed-42_transformation-cofactor-5	not_applicable	knn	KNN	unfiltered	.e924e671977a35b401c5c23aaf1308ed57ddaf256c55741b97fd498c2a244b62	Unfiltered	5	5	1	complete	recall_macro	0.5065022321591134	5	Macro recall	arithmetic mean across accepted effective folds with a defined score for this metric	known-population-open-set-v1
FR-FCM-Z2KP-covid	FR-FCM-Z2KP-covid	dataset_name-FR-FCM-Z2KP-covid_dataset-revision-67990f383ac8f169c9a00148febba1ed357e18e8_name-data_import.data_raw_potential-batches-1_seed-42_transformation-cofactor-150	not_applicable	knn	KNN	unfiltered	.e924e671977a35b401c5c23aaf1308ed57ddaf256c55741b97fd498c2a244b62	Unfiltered	5	5	1	complete	recall_macro	0.736604671910327	5	Macro recall	arithmetic mean across accepted effective folds with a defined score for this metric	known-population-open-set-v1
FR-FCM-Z2KP-healthy	FR-FCM-Z2KP-healthy (n=1k)	dataset_name-FR-FCM-Z2KP-healthy_dataset-revision-67990f383ac8f169c9a00148febba1ed357e18e8_name-data_import.data_raw_potential-batches-1_seed-420_sub-sampling-1000_transformation-cofactor-150	1000	knn	KNN	unfiltered	.e924e671977a35b401c5c23aaf1308ed57ddaf256c55741b97fd498c2a244b62	Unfiltered	5	5	1	complete	recall_macro	0.7470308700785097	5	Macro recall	arithmetic mean across accepted effective folds with a defined score for this metric	known-population-open-set-v1
FR-FCM-Z2KP-healthy	FR-FCM-Z2KP-healthy (n=5k)	dataset_name-FR-FCM-Z2KP-healthy_dataset-revision-67990f383ac8f169c9a00148febba1ed357e18e8_name-data_import.data_raw_potential-batches-1_seed-420_sub-sampling-5000_transformation-cofactor-150	5000	knn	KNN	unfiltered	.e924e671977a35b401c5c23aaf1308ed57ddaf256c55741b97fd498c2a244b62	Unfiltered	5	5	1	complete	recall_macro	0.7422156798302645	5	Macro recall	arithmetic mean across accepted effective folds with a defined score for this metric	known-population-open-set-v1
FR-FCM-Z2KP-healthy	FR-FCM-Z2KP-healthy (n=10k)	dataset_name-FR-FCM-Z2KP-healthy_dataset-revision-67990f383ac8f169c9a00148febba1ed357e18e8_name-data_import.data_raw_potential-batches-1_seed-420_sub-sampling-10000_transformation-cofactor-150	10000	knn	KNN	unfiltered	.e924e671977a35b401c5c23aaf1308ed57ddaf256c55741b97fd498c2a244b62	Unfiltered	5	5	1	complete	recall_macro	0.7382694998371455	5	Macro recall	arithmetic mean across accepted effective folds with a defined score for this metric	known-population-open-set-v1
FR-FCM-Z2KP-healthy	FR-FCM-Z2KP-healthy (n=50k)	dataset_name-FR-FCM-Z2KP-healthy_dataset-revision-67990f383ac8f169c9a00148febba1ed357e18e8_name-data_import.data_raw_potential-batches-1_seed-420_sub-sampling-50000_transformation-cofactor-150	50000	knn	KNN	unfiltered	.e924e671977a35b401c5c23aaf1308ed57ddaf256c55741b97fd498c2a244b62	Unfiltered	5	5	1	complete	recall_macro	0.7425165022528544	5	Macro recall	arithmetic mean across accepted effective folds with a defined score for this metric	known-population-open-set-v1
FR-FCM-Z2KP-healthy	FR-FCM-Z2KP-healthy (n=100k)	dataset_name-FR-FCM-Z2KP-healthy_dataset-revision-67990f383ac8f169c9a00148febba1ed357e18e8_name-data_import.data_raw_potential-batches-1_seed-420_sub-sampling-100000_transformation-cofactor-150	1e+05	knn	KNN	unfiltered	.e924e671977a35b401c5c23aaf1308ed57ddaf256c55741b97fd498c2a244b62	Unfiltered	5	5	1	complete	recall_macro	0.7429320220267686	5	Macro recall	arithmetic mean across accepted effective folds with a defined score for this metric	known-population-open-set-v1
FR-FCM-Z2KP-healthy	FR-FCM-Z2KP-healthy	dataset_name-FR-FCM-Z2KP-healthy_dataset-revision-67990f383ac8f169c9a00148febba1ed357e18e8_name-data_import.data_raw_potential-batches-1_seed-42_transformation-cofactor-150	not_applicable	knn	KNN	unfiltered	.e924e671977a35b401c5c23aaf1308ed57ddaf256c55741b97fd498c2a244b62	Unfiltered	5	5	1	complete	recall_macro	0.7464548161686563	5	Macro recall	arithmetic mean across accepted effective folds with a defined score for this metric	known-population-open-set-v1
FR-FCM-Z3YR	FR-FCM-Z3YR	dataset_name-FR-FCM-Z3YR_dataset-revision-67990f383ac8f169c9a00148febba1ed357e18e8_name-data_import.data_raw_potential-batches-1_seed-42_transformation-cofactor-5	not_applicable	knn	KNN	unfiltered	.e924e671977a35b401c5c23aaf1308ed57ddaf256c55741b97fd498c2a244b62	Unfiltered	5	5	1	complete	recall_macro	0.7010247838139598	5	Macro recall	arithmetic mean across accepted effective folds with a defined score for this metric	known-population-open-set-v1
FR-FCM-Z7CH-BALBc	FR-FCM-Z7CH-BALBc	dataset_name-FR-FCM-Z7CH-BALBc_dataset-revision-4bf02d6adbe55785ca855b57274aa37b8dc843ae_name-data_import.data_raw_potential-batches-1_seed-42_transformation-cofactor-150	not_applicable	knn	KNN	unfiltered	.e924e671977a35b401c5c23aaf1308ed57ddaf256c55741b97fd498c2a244b62	Unfiltered	5	5	1	complete	recall_macro	0.8166596334616466	5	Macro recall	arithmetic mean across accepted effective folds with a defined score for this metric	known-population-open-set-v1
FR-FCM-Z7CH-C57BL6	FR-FCM-Z7CH-C57BL6	dataset_name-FR-FCM-Z7CH-C57BL6_dataset-revision-4bf02d6adbe55785ca855b57274aa37b8dc843ae_name-data_import.data_raw_potential-batches-1_seed-42_transformation-cofactor-150	not_applicable	knn	KNN	unfiltered	.e924e671977a35b401c5c23aaf1308ed57ddaf256c55741b97fd498c2a244b62	Unfiltered	5	5	1	complete	recall_macro	0.8353356672226444	5	Macro recall	arithmetic mean across accepted effective folds with a defined score for this metric	known-population-open-set-v1
FR-FCM-ZY34	FR-FCM-ZY34	dataset_name-FR-FCM-ZY34_dataset-revision-67990f383ac8f169c9a00148febba1ed357e18e8_name-data_import.data_raw_potential-batches-1_seed-42_transformation-cofactor-150	not_applicable	knn	KNN	unfiltered	.e924e671977a35b401c5c23aaf1308ed57ddaf256c55741b97fd498c2a244b62	Unfiltered	5	5	1	complete	recall_macro	0.24428442738328687	5	Macro recall	arithmetic mean across accepted effective folds with a defined score for this metric	known-population-open-set-v1
FR-FCM-ZYVT	FR-FCM-ZYVT	dataset_name-FR-FCM-ZYVT_dataset-revision-67990f383ac8f169c9a00148febba1ed357e18e8_name-data_import.data_raw_potential-batches-1_seed-42_transformation-cofactor-150	not_applicable	knn	KNN	unfiltered	.e924e671977a35b401c5c23aaf1308ed57ddaf256c55741b97fd498c2a244b62	Unfiltered	5	5	1	complete	recall_macro	0.6481412324733561	5	Macro recall	arithmetic mean across accepted effective folds with a defined score for this metric	known-population-open-set-v1
FlowCyt	FlowCyt	dataset_name-FlowCyt_dataset-revision-67990f383ac8f169c9a00148febba1ed357e18e8_name-data_import.data_raw_potential-batches-1_seed-42_transformation-cofactor-150	not_applicable	knn	KNN	unfiltered	.e924e671977a35b401c5c23aaf1308ed57ddaf256c55741b97fd498c2a244b62	Unfiltered	5	5	1	complete	recall_macro	0.9119769366798465	5	Macro recall	arithmetic mean across accepted effective folds with a defined score for this metric	known-population-open-set-v1
Levine	Levine	dataset_name-Levine_dataset-revision-67990f383ac8f169c9a00148febba1ed357e18e8_name-data_import.data_raw_potential-batches-1_seed-42_transformation-cofactor-5	not_applicable	knn	KNN	unfiltered	.e924e671977a35b401c5c23aaf1308ed57ddaf256c55741b97fd498c2a244b62	Unfiltered	2	2	1	complete	recall_macro	0.8835550647709791	2	Macro recall	arithmetic mean across accepted effective folds with a defined score for this metric	known-population-open-set-v1
Samusik	Samusik	dataset_name-Samusik_dataset-revision-67990f383ac8f169c9a00148febba1ed357e18e8_name-data_import.data_raw_potential-batches-1_seed-42_transformation-cofactor-5	not_applicable	knn	KNN	unfiltered	.e924e671977a35b401c5c23aaf1308ed57ddaf256c55741b97fd498c2a244b62	Unfiltered	5	5	1	complete	recall_macro	0.8070975627633276	5	Macro recall	arithmetic mean across accepted effective folds with a defined score for this metric	known-population-open-set-v1
15723074	15723074	dataset_name-15723074_dataset-revision-4bf02d6adbe55785ca855b57274aa37b8dc843ae_name-data_import.data_raw_potential-batches-1_seed-42_transformation-cofactor-150	not_applicable	lda	LDA	unfiltered	.e924e671977a35b401c5c23aaf1308ed57ddaf256c55741b97fd498c2a244b62	Unfiltered	5	5	1	complete	recall_macro	0.7989835374770234	5	Macro recall	arithmetic mean across accepted effective folds with a defined score for this metric	known-population-open-set-v1
BodenmillerXL	BodenmillerXL	dataset_name-BodenmillerXL_dataset-revision-67990f383ac8f169c9a00148febba1ed357e18e8_name-data_import.data_raw_potential-batches-1_seed-42_transformation-cofactor-5	not_applicable	lda	LDA	unfiltered	.e924e671977a35b401c5c23aaf1308ed57ddaf256c55741b97fd498c2a244b62	Unfiltered	5	5	1	complete	recall_macro	0.8188523536418619	5	Macro recall	arithmetic mean across accepted effective folds with a defined score for this metric	known-population-open-set-v1
FR-FCM-Z238	FR-FCM-Z238	dataset_name-FR-FCM-Z238_dataset-revision-67990f383ac8f169c9a00148febba1ed357e18e8_name-data_import.data_raw_potential-batches-1_seed-42_transformation-cofactor-5	not_applicable	lda	LDA	unfiltered	.e924e671977a35b401c5c23aaf1308ed57ddaf256c55741b97fd498c2a244b62	Unfiltered	5	5	1	complete	recall_macro	0.6635384144905424	5	Macro recall	arithmetic mean across accepted effective folds with a defined score for this metric	known-population-open-set-v1
FR-FCM-Z2KP-covid	FR-FCM-Z2KP-covid	dataset_name-FR-FCM-Z2KP-covid_dataset-revision-67990f383ac8f169c9a00148febba1ed357e18e8_name-data_import.data_raw_potential-batches-1_seed-42_transformation-cofactor-150	not_applicable	lda	LDA	unfiltered	.e924e671977a35b401c5c23aaf1308ed57ddaf256c55741b97fd498c2a244b62	Unfiltered	5	5	1	complete	recall_macro	0.8487034073517034	5	Macro recall	arithmetic mean across accepted effective folds with a defined score for this metric	known-population-open-set-v1
FR-FCM-Z2KP-healthy	FR-FCM-Z2KP-healthy (n=1k)	dataset_name-FR-FCM-Z2KP-healthy_dataset-revision-67990f383ac8f169c9a00148febba1ed357e18e8_name-data_import.data_raw_potential-batches-1_seed-420_sub-sampling-1000_transformation-cofactor-150	1000	lda	LDA	unfiltered	.e924e671977a35b401c5c23aaf1308ed57ddaf256c55741b97fd498c2a244b62	Unfiltered	5	5	1	complete	recall_macro	0.8544171757256237	5	Macro recall	arithmetic mean across accepted effective folds with a defined score for this metric	known-population-open-set-v1
FR-FCM-Z2KP-healthy	FR-FCM-Z2KP-healthy (n=5k)	dataset_name-FR-FCM-Z2KP-healthy_dataset-revision-67990f383ac8f169c9a00148febba1ed357e18e8_name-data_import.data_raw_potential-batches-1_seed-420_sub-sampling-5000_transformation-cofactor-150	5000	lda	LDA	unfiltered	.e924e671977a35b401c5c23aaf1308ed57ddaf256c55741b97fd498c2a244b62	Unfiltered	5	5	1	complete	recall_macro	0.8620875774349906	5	Macro recall	arithmetic mean across accepted effective folds with a defined score for this metric	known-population-open-set-v1
FR-FCM-Z2KP-healthy	FR-FCM-Z2KP-healthy (n=10k)	dataset_name-FR-FCM-Z2KP-healthy_dataset-revision-67990f383ac8f169c9a00148febba1ed357e18e8_name-data_import.data_raw_potential-batches-1_seed-420_sub-sampling-10000_transformation-cofactor-150	10000	lda	LDA	unfiltered	.e924e671977a35b401c5c23aaf1308ed57ddaf256c55741b97fd498c2a244b62	Unfiltered	5	5	1	complete	recall_macro	0.8660709073857034	5	Macro recall	arithmetic mean across accepted effective folds with a defined score for this metric	known-population-open-set-v1
FR-FCM-Z2KP-healthy	FR-FCM-Z2KP-healthy (n=50k)	dataset_name-FR-FCM-Z2KP-healthy_dataset-revision-67990f383ac8f169c9a00148febba1ed357e18e8_name-data_import.data_raw_potential-batches-1_seed-420_sub-sampling-50000_transformation-cofactor-150	50000	lda	LDA	unfiltered	.e924e671977a35b401c5c23aaf1308ed57ddaf256c55741b97fd498c2a244b62	Unfiltered	5	5	1	complete	recall_macro	0.8641985016558719	5	Macro recall	arithmetic mean across accepted effective folds with a defined score for this metric	known-population-open-set-v1
FR-FCM-Z2KP-healthy	FR-FCM-Z2KP-healthy (n=100k)	dataset_name-FR-FCM-Z2KP-healthy_dataset-revision-67990f383ac8f169c9a00148febba1ed357e18e8_name-data_import.data_raw_potential-batches-1_seed-420_sub-sampling-100000_transformation-cofactor-150	1e+05	lda	LDA	unfiltered	.e924e671977a35b401c5c23aaf1308ed57ddaf256c55741b97fd498c2a244b62	Unfiltered	5	5	1	complete	recall_macro	0.8640871798179671	5	Macro recall	arithmetic mean across accepted effective folds with a defined score for this metric	known-population-open-set-v1
FR-FCM-Z2KP-healthy	FR-FCM-Z2KP-healthy	dataset_name-FR-FCM-Z2KP-healthy_dataset-revision-67990f383ac8f169c9a00148febba1ed357e18e8_name-data_import.data_raw_potential-batches-1_seed-42_transformation-cofactor-150	not_applicable	lda	LDA	unfiltered	.e924e671977a35b401c5c23aaf1308ed57ddaf256c55741b97fd498c2a244b62	Unfiltered	5	5	1	complete	recall_macro	0.8632585707903911	5	Macro recall	arithmetic mean across accepted effective folds with a defined score for this metric	known-population-open-set-v1
FR-FCM-Z3YR	FR-FCM-Z3YR	dataset_name-FR-FCM-Z3YR_dataset-revision-67990f383ac8f169c9a00148febba1ed357e18e8_name-data_import.data_raw_potential-batches-1_seed-42_transformation-cofactor-5	not_applicable	lda	LDA	unfiltered	.e924e671977a35b401c5c23aaf1308ed57ddaf256c55741b97fd498c2a244b62	Unfiltered	5	5	1	complete	recall_macro	0.8023584828330121	5	Macro recall	arithmetic mean across accepted effective folds with a defined score for this metric	known-population-open-set-v1
FR-FCM-Z7CH-BALBc	FR-FCM-Z7CH-BALBc	dataset_name-FR-FCM-Z7CH-BALBc_dataset-revision-4bf02d6adbe55785ca855b57274aa37b8dc843ae_name-data_import.data_raw_potential-batches-1_seed-42_transformation-cofactor-150	not_applicable	lda	LDA	unfiltered	.e924e671977a35b401c5c23aaf1308ed57ddaf256c55741b97fd498c2a244b62	Unfiltered	5	5	1	complete	recall_macro	0.9265186807289097	5	Macro recall	arithmetic mean across accepted effective folds with a defined score for this metric	known-population-open-set-v1
FR-FCM-Z7CH-C57BL6	FR-FCM-Z7CH-C57BL6	dataset_name-FR-FCM-Z7CH-C57BL6_dataset-revision-4bf02d6adbe55785ca855b57274aa37b8dc843ae_name-data_import.data_raw_potential-batches-1_seed-42_transformation-cofactor-150	not_applicable	lda	LDA	unfiltered	.e924e671977a35b401c5c23aaf1308ed57ddaf256c55741b97fd498c2a244b62	Unfiltered	5	5	1	complete	recall_macro	0.8959770466956175	5	Macro recall	arithmetic mean across accepted effective folds with a defined score for this metric	known-population-open-set-v1
FR-FCM-ZY34	FR-FCM-ZY34	dataset_name-FR-FCM-ZY34_dataset-revision-67990f383ac8f169c9a00148febba1ed357e18e8_name-data_import.data_raw_potential-batches-1_seed-42_transformation-cofactor-150	not_applicable	lda	LDA	unfiltered	.e924e671977a35b401c5c23aaf1308ed57ddaf256c55741b97fd498c2a244b62	Unfiltered	5	5	1	complete	recall_macro	0.2972125882967984	5	Macro recall	arithmetic mean across accepted effective folds with a defined score for this metric	known-population-open-set-v1
FR-FCM-ZYVT	FR-FCM-ZYVT	dataset_name-FR-FCM-ZYVT_dataset-revision-67990f383ac8f169c9a00148febba1ed357e18e8_name-data_import.data_raw_potential-batches-1_seed-42_transformation-cofactor-150	not_applicable	lda	LDA	unfiltered	.e924e671977a35b401c5c23aaf1308ed57ddaf256c55741b97fd498c2a244b62	Unfiltered	5	5	1	complete	recall_macro	0.7038391132063212	5	Macro recall	arithmetic mean across accepted effective folds with a defined score for this metric	known-population-open-set-v1
FlowCyt	FlowCyt	dataset_name-FlowCyt_dataset-revision-67990f383ac8f169c9a00148febba1ed357e18e8_name-data_import.data_raw_potential-batches-1_seed-42_transformation-cofactor-150	not_applicable	lda	LDA	unfiltered	.e924e671977a35b401c5c23aaf1308ed57ddaf256c55741b97fd498c2a244b62	Unfiltered	5	5	1	complete	recall_macro	0.9750165083158957	5	Macro recall	arithmetic mean across accepted effective folds with a defined score for this metric	known-population-open-set-v1
Levine	Levine	dataset_name-Levine_dataset-revision-67990f383ac8f169c9a00148febba1ed357e18e8_name-data_import.data_raw_potential-batches-1_seed-42_transformation-cofactor-5	not_applicable	lda	LDA	unfiltered	.e924e671977a35b401c5c23aaf1308ed57ddaf256c55741b97fd498c2a244b62	Unfiltered	2	2	1	complete	recall_macro	0.9230880037378104	2	Macro recall	arithmetic mean across accepted effective folds with a defined score for this metric	known-population-open-set-v1
Samusik	Samusik	dataset_name-Samusik_dataset-revision-67990f383ac8f169c9a00148febba1ed357e18e8_name-data_import.data_raw_potential-batches-1_seed-42_transformation-cofactor-5	not_applicable	lda	LDA	unfiltered	.e924e671977a35b401c5c23aaf1308ed57ddaf256c55741b97fd498c2a244b62	Unfiltered	5	5	1	complete	recall_macro	0.8787724367354506	5	Macro recall	arithmetic mean across accepted effective folds with a defined score for this metric	known-population-open-set-v1
15723074	15723074	dataset_name-15723074_dataset-revision-4bf02d6adbe55785ca855b57274aa37b8dc843ae_name-data_import.data_raw_potential-batches-1_seed-42_transformation-cofactor-150	not_applicable	random	Random	unfiltered	.e924e671977a35b401c5c23aaf1308ed57ddaf256c55741b97fd498c2a244b62	Unfiltered	5	5	1	complete	recall_macro	0.12436731806749768	5	Macro recall	arithmetic mean across accepted effective folds with a defined score for this metric	known-population-open-set-v1
BodenmillerXL	BodenmillerXL	dataset_name-BodenmillerXL_dataset-revision-67990f383ac8f169c9a00148febba1ed357e18e8_name-data_import.data_raw_potential-batches-1_seed-42_transformation-cofactor-5	not_applicable	random	Random	unfiltered	.e924e671977a35b401c5c23aaf1308ed57ddaf256c55741b97fd498c2a244b62	Unfiltered	5	5	1	complete	recall_macro	0.12539841870871554	5	Macro recall	arithmetic mean across accepted effective folds with a defined score for this metric	known-population-open-set-v1
FR-FCM-Z238	FR-FCM-Z238	dataset_name-FR-FCM-Z238_dataset-revision-67990f383ac8f169c9a00148febba1ed357e18e8_name-data_import.data_raw_potential-batches-1_seed-42_transformation-cofactor-5	not_applicable	random	Random	unfiltered	.e924e671977a35b401c5c23aaf1308ed57ddaf256c55741b97fd498c2a244b62	Unfiltered	5	5	1	complete	recall_macro	0.0433544018863064	5	Macro recall	arithmetic mean across accepted effective folds with a defined score for this metric	known-population-open-set-v1
FR-FCM-Z2KP-covid	FR-FCM-Z2KP-covid	dataset_name-FR-FCM-Z2KP-covid_dataset-revision-67990f383ac8f169c9a00148febba1ed357e18e8_name-data_import.data_raw_potential-batches-1_seed-42_transformation-cofactor-150	not_applicable	random	Random	unfiltered	.e924e671977a35b401c5c23aaf1308ed57ddaf256c55741b97fd498c2a244b62	Unfiltered	5	5	1	complete	recall_macro	0.20005699643913716	5	Macro recall	arithmetic mean across accepted effective folds with a defined score for this metric	known-population-open-set-v1
FR-FCM-Z2KP-healthy	FR-FCM-Z2KP-healthy (n=1k)	dataset_name-FR-FCM-Z2KP-healthy_dataset-revision-67990f383ac8f169c9a00148febba1ed357e18e8_name-data_import.data_raw_potential-batches-1_seed-420_sub-sampling-1000_transformation-cofactor-150	1000	random	Random	unfiltered	.e924e671977a35b401c5c23aaf1308ed57ddaf256c55741b97fd498c2a244b62	Unfiltered	5	5	1	complete	recall_macro	0.1998514943340385	5	Macro recall	arithmetic mean across accepted effective folds with a defined score for this metric	known-population-open-set-v1
FR-FCM-Z2KP-healthy	FR-FCM-Z2KP-healthy (n=5k)	dataset_name-FR-FCM-Z2KP-healthy_dataset-revision-67990f383ac8f169c9a00148febba1ed357e18e8_name-data_import.data_raw_potential-batches-1_seed-420_sub-sampling-5000_transformation-cofactor-150	5000	random	Random	unfiltered	.e924e671977a35b401c5c23aaf1308ed57ddaf256c55741b97fd498c2a244b62	Unfiltered	5	5	1	complete	recall_macro	0.19989359968147458	5	Macro recall	arithmetic mean across accepted effective folds with a defined score for this metric	known-population-open-set-v1
FR-FCM-Z2KP-healthy	FR-FCM-Z2KP-healthy (n=10k)	dataset_name-FR-FCM-Z2KP-healthy_dataset-revision-67990f383ac8f169c9a00148febba1ed357e18e8_name-data_import.data_raw_potential-batches-1_seed-420_sub-sampling-10000_transformation-cofactor-150	10000	random	Random	unfiltered	.e924e671977a35b401c5c23aaf1308ed57ddaf256c55741b97fd498c2a244b62	Unfiltered	5	5	1	complete	recall_macro	0.20028291210868335	5	Macro recall	arithmetic mean across accepted effective folds with a defined score for this metric	known-population-open-set-v1
FR-FCM-Z2KP-healthy	FR-FCM-Z2KP-healthy (n=50k)	dataset_name-FR-FCM-Z2KP-healthy_dataset-revision-67990f383ac8f169c9a00148febba1ed357e18e8_name-data_import.data_raw_potential-batches-1_seed-420_sub-sampling-50000_transformation-cofactor-150	50000	random	Random	unfiltered	.e924e671977a35b401c5c23aaf1308ed57ddaf256c55741b97fd498c2a244b62	Unfiltered	5	5	1	complete	recall_macro	0.19958593632958976	5	Macro recall	arithmetic mean across accepted effective folds with a defined score for this metric	known-population-open-set-v1
FR-FCM-Z2KP-healthy	FR-FCM-Z2KP-healthy (n=100k)	dataset_name-FR-FCM-Z2KP-healthy_dataset-revision-67990f383ac8f169c9a00148febba1ed357e18e8_name-data_import.data_raw_potential-batches-1_seed-420_sub-sampling-100000_transformation-cofactor-150	1e+05	random	Random	unfiltered	.e924e671977a35b401c5c23aaf1308ed57ddaf256c55741b97fd498c2a244b62	Unfiltered	5	5	1	complete	recall_macro	0.19992575683681146	5	Macro recall	arithmetic mean across accepted effective folds with a defined score for this metric	known-population-open-set-v1
FR-FCM-Z2KP-healthy	FR-FCM-Z2KP-healthy	dataset_name-FR-FCM-Z2KP-healthy_dataset-revision-67990f383ac8f169c9a00148febba1ed357e18e8_name-data_import.data_raw_potential-batches-1_seed-42_transformation-cofactor-150	not_applicable	random	Random	unfiltered	.e924e671977a35b401c5c23aaf1308ed57ddaf256c55741b97fd498c2a244b62	Unfiltered	5	5	1	complete	recall_macro	0.2000775367024147	5	Macro recall	arithmetic mean across accepted effective folds with a defined score for this metric	known-population-open-set-v1
FR-FCM-Z3YR	FR-FCM-Z3YR	dataset_name-FR-FCM-Z3YR_dataset-revision-67990f383ac8f169c9a00148febba1ed357e18e8_name-data_import.data_raw_potential-batches-1_seed-42_transformation-cofactor-5	not_applicable	random	Random	unfiltered	.e924e671977a35b401c5c23aaf1308ed57ddaf256c55741b97fd498c2a244b62	Unfiltered	5	5	1	complete	recall_macro	0.035576269436230996	5	Macro recall	arithmetic mean across accepted effective folds with a defined score for this metric	known-population-open-set-v1
FR-FCM-Z7CH-BALBc	FR-FCM-Z7CH-BALBc	dataset_name-FR-FCM-Z7CH-BALBc_dataset-revision-4bf02d6adbe55785ca855b57274aa37b8dc843ae_name-data_import.data_raw_potential-batches-1_seed-42_transformation-cofactor-150	not_applicable	random	Random	unfiltered	.e924e671977a35b401c5c23aaf1308ed57ddaf256c55741b97fd498c2a244b62	Unfiltered	5	5	1	complete	recall_macro	0.24947178108861473	5	Macro recall	arithmetic mean across accepted effective folds with a defined score for this metric	known-population-open-set-v1
FR-FCM-Z7CH-C57BL6	FR-FCM-Z7CH-C57BL6	dataset_name-FR-FCM-Z7CH-C57BL6_dataset-revision-4bf02d6adbe55785ca855b57274aa37b8dc843ae_name-data_import.data_raw_potential-batches-1_seed-42_transformation-cofactor-150	not_applicable	random	Random	unfiltered	.e924e671977a35b401c5c23aaf1308ed57ddaf256c55741b97fd498c2a244b62	Unfiltered	5	5	1	complete	recall_macro	0.25000093301970067	5	Macro recall	arithmetic mean across accepted effective folds with a defined score for this metric	known-population-open-set-v1
FR-FCM-ZY34	FR-FCM-ZY34	dataset_name-FR-FCM-ZY34_dataset-revision-67990f383ac8f169c9a00148febba1ed357e18e8_name-data_import.data_raw_potential-batches-1_seed-42_transformation-cofactor-150	not_applicable	random	Random	unfiltered	.e924e671977a35b401c5c23aaf1308ed57ddaf256c55741b97fd498c2a244b62	Unfiltered	5	5	1	complete	recall_macro	0.05591345772998651	5	Macro recall	arithmetic mean across accepted effective folds with a defined score for this metric	known-population-open-set-v1
FR-FCM-ZYVT	FR-FCM-ZYVT	dataset_name-FR-FCM-ZYVT_dataset-revision-67990f383ac8f169c9a00148febba1ed357e18e8_name-data_import.data_raw_potential-batches-1_seed-42_transformation-cofactor-150	not_applicable	random	Random	unfiltered	.e924e671977a35b401c5c23aaf1308ed57ddaf256c55741b97fd498c2a244b62	Unfiltered	5	5	1	complete	recall_macro	0.24135670158264919	5	Macro recall	arithmetic mean across accepted effective folds with a defined score for this metric	known-population-open-set-v1
FlowCyt	FlowCyt	dataset_name-FlowCyt_dataset-revision-67990f383ac8f169c9a00148febba1ed357e18e8_name-data_import.data_raw_potential-batches-1_seed-42_transformation-cofactor-150	not_applicable	random	Random	unfiltered	.e924e671977a35b401c5c23aaf1308ed57ddaf256c55741b97fd498c2a244b62	Unfiltered	5	5	1	complete	recall_macro	0.19938092637374266	5	Macro recall	arithmetic mean across accepted effective folds with a defined score for this metric	known-population-open-set-v1
Levine	Levine	dataset_name-Levine_dataset-revision-67990f383ac8f169c9a00148febba1ed357e18e8_name-data_import.data_raw_potential-batches-1_seed-42_transformation-cofactor-5	not_applicable	random	Random	unfiltered	.e924e671977a35b401c5c23aaf1308ed57ddaf256c55741b97fd498c2a244b62	Unfiltered	2	2	1	complete	recall_macro	0.07125861258681754	2	Macro recall	arithmetic mean across accepted effective folds with a defined score for this metric	known-population-open-set-v1
Samusik	Samusik	dataset_name-Samusik_dataset-revision-67990f383ac8f169c9a00148febba1ed357e18e8_name-data_import.data_raw_potential-batches-1_seed-42_transformation-cofactor-5	not_applicable	random	Random	unfiltered	.e924e671977a35b401c5c23aaf1308ed57ddaf256c55741b97fd498c2a244b62	Unfiltered	5	5	1	complete	recall_macro	0.042653354697697765	5	Macro recall	arithmetic mean across accepted effective folds with a defined score for this metric	known-population-open-set-v1
15723074	15723074	dataset_name-15723074_dataset-revision-4bf02d6adbe55785ca855b57274aa37b8dc843ae_name-data_import.data_raw_potential-batches-1_seed-42_transformation-cofactor-150	not_applicable	cyanno	CyAnno	drop-train	.3cfd963b74881b9b1c81b4e4a8fcce333a9461195e98d122e6c796123d7e9c79	Drop ungated training	5	5	1	complete	recall_macro	0.8423923840454087	5	Macro recall	arithmetic mean across accepted effective folds with a defined score for this metric	known-population-open-set-v1
BodenmillerXL	BodenmillerXL	dataset_name-BodenmillerXL_dataset-revision-67990f383ac8f169c9a00148febba1ed357e18e8_name-data_import.data_raw_potential-batches-1_seed-42_transformation-cofactor-5	not_applicable	cyanno	CyAnno	drop-train	.3cfd963b74881b9b1c81b4e4a8fcce333a9461195e98d122e6c796123d7e9c79	Drop ungated training	5	5	1	complete	recall_macro	0.6902297402678271	5	Macro recall	arithmetic mean across accepted effective folds with a defined score for this metric	known-population-open-set-v1
FR-FCM-Z238	FR-FCM-Z238	dataset_name-FR-FCM-Z238_dataset-revision-67990f383ac8f169c9a00148febba1ed357e18e8_name-data_import.data_raw_potential-batches-1_seed-42_transformation-cofactor-5	not_applicable	cyanno	CyAnno	drop-train	.3cfd963b74881b9b1c81b4e4a8fcce333a9461195e98d122e6c796123d7e9c79	Drop ungated training	5	5	1	complete	recall_macro	0.5972315028295678	5	Macro recall	arithmetic mean across accepted effective folds with a defined score for this metric	known-population-open-set-v1
FR-FCM-Z2KP-covid	FR-FCM-Z2KP-covid	dataset_name-FR-FCM-Z2KP-covid_dataset-revision-67990f383ac8f169c9a00148febba1ed357e18e8_name-data_import.data_raw_potential-batches-1_seed-42_transformation-cofactor-150	not_applicable	cyanno	CyAnno	drop-train	.3cfd963b74881b9b1c81b4e4a8fcce333a9461195e98d122e6c796123d7e9c79	Drop ungated training	5	5	1	complete	recall_macro	0.9709550757417612	5	Macro recall	arithmetic mean across accepted effective folds with a defined score for this metric	known-population-open-set-v1
FR-FCM-Z2KP-healthy	FR-FCM-Z2KP-healthy (n=1k)	dataset_name-FR-FCM-Z2KP-healthy_dataset-revision-67990f383ac8f169c9a00148febba1ed357e18e8_name-data_import.data_raw_potential-batches-1_seed-420_sub-sampling-1000_transformation-cofactor-150	1000	cyanno	CyAnno	drop-train	.3cfd963b74881b9b1c81b4e4a8fcce333a9461195e98d122e6c796123d7e9c79	Drop ungated training	5	5	1	complete	recall_macro	0.806762243295169	5	Macro recall	arithmetic mean across accepted effective folds with a defined score for this metric	known-population-open-set-v1
FR-FCM-Z2KP-healthy	FR-FCM-Z2KP-healthy (n=5k)	dataset_name-FR-FCM-Z2KP-healthy_dataset-revision-67990f383ac8f169c9a00148febba1ed357e18e8_name-data_import.data_raw_potential-batches-1_seed-420_sub-sampling-5000_transformation-cofactor-150	5000	cyanno	CyAnno	drop-train	.3cfd963b74881b9b1c81b4e4a8fcce333a9461195e98d122e6c796123d7e9c79	Drop ungated training	5	5	1	complete	recall_macro	0.9125570719671547	5	Macro recall	arithmetic mean across accepted effective folds with a defined score for this metric	known-population-open-set-v1
FR-FCM-Z2KP-healthy	FR-FCM-Z2KP-healthy (n=10k)	dataset_name-FR-FCM-Z2KP-healthy_dataset-revision-67990f383ac8f169c9a00148febba1ed357e18e8_name-data_import.data_raw_potential-batches-1_seed-420_sub-sampling-10000_transformation-cofactor-150	10000	cyanno	CyAnno	drop-train	.3cfd963b74881b9b1c81b4e4a8fcce333a9461195e98d122e6c796123d7e9c79	Drop ungated training	5	5	1	complete	recall_macro	0.9359709516546927	5	Macro recall	arithmetic mean across accepted effective folds with a defined score for this metric	known-population-open-set-v1
FR-FCM-Z2KP-healthy	FR-FCM-Z2KP-healthy (n=50k)	dataset_name-FR-FCM-Z2KP-healthy_dataset-revision-67990f383ac8f169c9a00148febba1ed357e18e8_name-data_import.data_raw_potential-batches-1_seed-420_sub-sampling-50000_transformation-cofactor-150	50000	cyanno	CyAnno	drop-train	.3cfd963b74881b9b1c81b4e4a8fcce333a9461195e98d122e6c796123d7e9c79	Drop ungated training	5	5	1	complete	recall_macro	0.9643637065834348	5	Macro recall	arithmetic mean across accepted effective folds with a defined score for this metric	known-population-open-set-v1
FR-FCM-Z2KP-healthy	FR-FCM-Z2KP-healthy (n=100k)	dataset_name-FR-FCM-Z2KP-healthy_dataset-revision-67990f383ac8f169c9a00148febba1ed357e18e8_name-data_import.data_raw_potential-batches-1_seed-420_sub-sampling-100000_transformation-cofactor-150	1e+05	cyanno	CyAnno	drop-train	.3cfd963b74881b9b1c81b4e4a8fcce333a9461195e98d122e6c796123d7e9c79	Drop ungated training	5	5	1	complete	recall_macro	0.9710570001915686	5	Macro recall	arithmetic mean across accepted effective folds with a defined score for this metric	known-population-open-set-v1
FR-FCM-Z2KP-healthy	FR-FCM-Z2KP-healthy	dataset_name-FR-FCM-Z2KP-healthy_dataset-revision-67990f383ac8f169c9a00148febba1ed357e18e8_name-data_import.data_raw_potential-batches-1_seed-42_transformation-cofactor-150	not_applicable	cyanno	CyAnno	drop-train	.3cfd963b74881b9b1c81b4e4a8fcce333a9461195e98d122e6c796123d7e9c79	Drop ungated training	5	5	1	complete	recall_macro	0.9789885864559361	5	Macro recall	arithmetic mean across accepted effective folds with a defined score for this metric	known-population-open-set-v1
FR-FCM-Z3YR	FR-FCM-Z3YR	dataset_name-FR-FCM-Z3YR_dataset-revision-67990f383ac8f169c9a00148febba1ed357e18e8_name-data_import.data_raw_potential-batches-1_seed-42_transformation-cofactor-5	not_applicable	cyanno	CyAnno	drop-train	.3cfd963b74881b9b1c81b4e4a8fcce333a9461195e98d122e6c796123d7e9c79	Drop ungated training	5	5	1	complete	recall_macro	0.8371646735209604	5	Macro recall	arithmetic mean across accepted effective folds with a defined score for this metric	known-population-open-set-v1
FR-FCM-Z7CH-BALBc	FR-FCM-Z7CH-BALBc	dataset_name-FR-FCM-Z7CH-BALBc_dataset-revision-4bf02d6adbe55785ca855b57274aa37b8dc843ae_name-data_import.data_raw_potential-batches-1_seed-42_transformation-cofactor-150	not_applicable	cyanno	CyAnno	drop-train	.3cfd963b74881b9b1c81b4e4a8fcce333a9461195e98d122e6c796123d7e9c79	Drop ungated training	5	5	1	complete	recall_macro	0.9995964894442284	5	Macro recall	arithmetic mean across accepted effective folds with a defined score for this metric	known-population-open-set-v1
FR-FCM-Z7CH-C57BL6	FR-FCM-Z7CH-C57BL6	dataset_name-FR-FCM-Z7CH-C57BL6_dataset-revision-4bf02d6adbe55785ca855b57274aa37b8dc843ae_name-data_import.data_raw_potential-batches-1_seed-42_transformation-cofactor-150	not_applicable	cyanno	CyAnno	drop-train	.3cfd963b74881b9b1c81b4e4a8fcce333a9461195e98d122e6c796123d7e9c79	Drop ungated training	5	5	1	complete	recall_macro	0.9998039420824932	5	Macro recall	arithmetic mean across accepted effective folds with a defined score for this metric	known-population-open-set-v1
FR-FCM-ZY34	FR-FCM-ZY34	dataset_name-FR-FCM-ZY34_dataset-revision-67990f383ac8f169c9a00148febba1ed357e18e8_name-data_import.data_raw_potential-batches-1_seed-42_transformation-cofactor-150	not_applicable	cyanno	CyAnno	drop-train	.3cfd963b74881b9b1c81b4e4a8fcce333a9461195e98d122e6c796123d7e9c79	Drop ungated training	5	5	1	complete	recall_macro	0.4109267437460891	5	Macro recall	arithmetic mean across accepted effective folds with a defined score for this metric	known-population-open-set-v1
FR-FCM-ZYVT	FR-FCM-ZYVT	dataset_name-FR-FCM-ZYVT_dataset-revision-67990f383ac8f169c9a00148febba1ed357e18e8_name-data_import.data_raw_potential-batches-1_seed-42_transformation-cofactor-150	not_applicable	cyanno	CyAnno	drop-train	.3cfd963b74881b9b1c81b4e4a8fcce333a9461195e98d122e6c796123d7e9c79	Drop ungated training	5	5	1	complete	recall_macro	0.5359754405795472	5	Macro recall	arithmetic mean across accepted effective folds with a defined score for this metric	known-population-open-set-v1
FlowCyt	FlowCyt	dataset_name-FlowCyt_dataset-revision-67990f383ac8f169c9a00148febba1ed357e18e8_name-data_import.data_raw_potential-batches-1_seed-42_transformation-cofactor-150	not_applicable	cyanno	CyAnno	drop-train	.3cfd963b74881b9b1c81b4e4a8fcce333a9461195e98d122e6c796123d7e9c79	Drop ungated training	5	5	1	complete	recall_macro	0.9001207155685111	5	Macro recall	arithmetic mean across accepted effective folds with a defined score for this metric	known-population-open-set-v1
Levine	Levine	dataset_name-Levine_dataset-revision-67990f383ac8f169c9a00148febba1ed357e18e8_name-data_import.data_raw_potential-batches-1_seed-42_transformation-cofactor-5	not_applicable	cyanno	CyAnno	drop-train	.3cfd963b74881b9b1c81b4e4a8fcce333a9461195e98d122e6c796123d7e9c79	Drop ungated training	2	2	1	complete	recall_macro	0.9411777770824294	2	Macro recall	arithmetic mean across accepted effective folds with a defined score for this metric	known-population-open-set-v1
Samusik	Samusik	dataset_name-Samusik_dataset-revision-67990f383ac8f169c9a00148febba1ed357e18e8_name-data_import.data_raw_potential-batches-1_seed-42_transformation-cofactor-5	not_applicable	cyanno	CyAnno	drop-train	.3cfd963b74881b9b1c81b4e4a8fcce333a9461195e98d122e6c796123d7e9c79	Drop ungated training	5	5	1	complete	recall_macro	0.8371771297179017	5	Macro recall	arithmetic mean across accepted effective folds with a defined score for this metric	known-population-open-set-v1
15723074	15723074	dataset_name-15723074_dataset-revision-4bf02d6adbe55785ca855b57274aa37b8dc843ae_name-data_import.data_raw_potential-batches-1_seed-42_transformation-cofactor-150	not_applicable	cygate	CyGATE	drop-train	.3cfd963b74881b9b1c81b4e4a8fcce333a9461195e98d122e6c796123d7e9c79	Drop ungated training	5	5	1	complete	recall_macro	0.8148722952284637	5	Macro recall	arithmetic mean across accepted effective folds with a defined score for this metric	known-population-open-set-v1
BodenmillerXL	BodenmillerXL	dataset_name-BodenmillerXL_dataset-revision-67990f383ac8f169c9a00148febba1ed357e18e8_name-data_import.data_raw_potential-batches-1_seed-42_transformation-cofactor-5	not_applicable	cygate	CyGATE	drop-train	.3cfd963b74881b9b1c81b4e4a8fcce333a9461195e98d122e6c796123d7e9c79	Drop ungated training	5	5	1	complete	recall_macro	0.7624052496033135	5	Macro recall	arithmetic mean across accepted effective folds with a defined score for this metric	known-population-open-set-v1
FR-FCM-Z238	FR-FCM-Z238	dataset_name-FR-FCM-Z238_dataset-revision-67990f383ac8f169c9a00148febba1ed357e18e8_name-data_import.data_raw_potential-batches-1_seed-42_transformation-cofactor-5	not_applicable	cygate	CyGATE	drop-train	.3cfd963b74881b9b1c81b4e4a8fcce333a9461195e98d122e6c796123d7e9c79	Drop ungated training	5	5	1	complete	recall_macro	0.6662920434513901	5	Macro recall	arithmetic mean across accepted effective folds with a defined score for this metric	known-population-open-set-v1
FR-FCM-Z2KP-covid	FR-FCM-Z2KP-covid	dataset_name-FR-FCM-Z2KP-covid_dataset-revision-67990f383ac8f169c9a00148febba1ed357e18e8_name-data_import.data_raw_potential-batches-1_seed-42_transformation-cofactor-150	not_applicable	cygate	CyGATE	drop-train	.3cfd963b74881b9b1c81b4e4a8fcce333a9461195e98d122e6c796123d7e9c79	Drop ungated training	5	5	1	complete	recall_macro	0.8070117561128404	5	Macro recall	arithmetic mean across accepted effective folds with a defined score for this metric	known-population-open-set-v1
FR-FCM-Z2KP-healthy	FR-FCM-Z2KP-healthy (n=1k)	dataset_name-FR-FCM-Z2KP-healthy_dataset-revision-67990f383ac8f169c9a00148febba1ed357e18e8_name-data_import.data_raw_potential-batches-1_seed-420_sub-sampling-1000_transformation-cofactor-150	1000	cygate	CyGATE	drop-train	.3cfd963b74881b9b1c81b4e4a8fcce333a9461195e98d122e6c796123d7e9c79	Drop ungated training	5	5	1	complete	recall_macro	0.8057361327365334	5	Macro recall	arithmetic mean across accepted effective folds with a defined score for this metric	known-population-open-set-v1
FR-FCM-Z2KP-healthy	FR-FCM-Z2KP-healthy (n=5k)	dataset_name-FR-FCM-Z2KP-healthy_dataset-revision-67990f383ac8f169c9a00148febba1ed357e18e8_name-data_import.data_raw_potential-batches-1_seed-420_sub-sampling-5000_transformation-cofactor-150	5000	cygate	CyGATE	drop-train	.3cfd963b74881b9b1c81b4e4a8fcce333a9461195e98d122e6c796123d7e9c79	Drop ungated training	5	5	1	complete	recall_macro	0.7921751188545029	5	Macro recall	arithmetic mean across accepted effective folds with a defined score for this metric	known-population-open-set-v1
FR-FCM-Z2KP-healthy	FR-FCM-Z2KP-healthy (n=10k)	dataset_name-FR-FCM-Z2KP-healthy_dataset-revision-67990f383ac8f169c9a00148febba1ed357e18e8_name-data_import.data_raw_potential-batches-1_seed-420_sub-sampling-10000_transformation-cofactor-150	10000	cygate	CyGATE	drop-train	.3cfd963b74881b9b1c81b4e4a8fcce333a9461195e98d122e6c796123d7e9c79	Drop ungated training	5	5	1	complete	recall_macro	0.8029419851625348	5	Macro recall	arithmetic mean across accepted effective folds with a defined score for this metric	known-population-open-set-v1
FR-FCM-Z2KP-healthy	FR-FCM-Z2KP-healthy (n=50k)	dataset_name-FR-FCM-Z2KP-healthy_dataset-revision-67990f383ac8f169c9a00148febba1ed357e18e8_name-data_import.data_raw_potential-batches-1_seed-420_sub-sampling-50000_transformation-cofactor-150	50000	cygate	CyGATE	drop-train	.3cfd963b74881b9b1c81b4e4a8fcce333a9461195e98d122e6c796123d7e9c79	Drop ungated training	5	5	1	complete	recall_macro	0.7848133646429966	5	Macro recall	arithmetic mean across accepted effective folds with a defined score for this metric	known-population-open-set-v1
FR-FCM-Z2KP-healthy	FR-FCM-Z2KP-healthy (n=100k)	dataset_name-FR-FCM-Z2KP-healthy_dataset-revision-67990f383ac8f169c9a00148febba1ed357e18e8_name-data_import.data_raw_potential-batches-1_seed-420_sub-sampling-100000_transformation-cofactor-150	1e+05	cygate	CyGATE	drop-train	.3cfd963b74881b9b1c81b4e4a8fcce333a9461195e98d122e6c796123d7e9c79	Drop ungated training	5	5	1	complete	recall_macro	0.7832936603250182	5	Macro recall	arithmetic mean across accepted effective folds with a defined score for this metric	known-population-open-set-v1
FR-FCM-Z2KP-healthy	FR-FCM-Z2KP-healthy	dataset_name-FR-FCM-Z2KP-healthy_dataset-revision-67990f383ac8f169c9a00148febba1ed357e18e8_name-data_import.data_raw_potential-batches-1_seed-42_transformation-cofactor-150	not_applicable	cygate	CyGATE	drop-train	.3cfd963b74881b9b1c81b4e4a8fcce333a9461195e98d122e6c796123d7e9c79	Drop ungated training	5	5	1	complete	recall_macro	0.7976360097127273	5	Macro recall	arithmetic mean across accepted effective folds with a defined score for this metric	known-population-open-set-v1
FR-FCM-Z3YR	FR-FCM-Z3YR	dataset_name-FR-FCM-Z3YR_dataset-revision-67990f383ac8f169c9a00148febba1ed357e18e8_name-data_import.data_raw_potential-batches-1_seed-42_transformation-cofactor-5	not_applicable	cygate	CyGATE	drop-train	.3cfd963b74881b9b1c81b4e4a8fcce333a9461195e98d122e6c796123d7e9c79	Drop ungated training	5	5	1	complete	recall_macro	0.6763333013574621	5	Macro recall	arithmetic mean across accepted effective folds with a defined score for this metric	known-population-open-set-v1
FR-FCM-Z7CH-BALBc	FR-FCM-Z7CH-BALBc	dataset_name-FR-FCM-Z7CH-BALBc_dataset-revision-4bf02d6adbe55785ca855b57274aa37b8dc843ae_name-data_import.data_raw_potential-batches-1_seed-42_transformation-cofactor-150	not_applicable	cygate	CyGATE	drop-train	.3cfd963b74881b9b1c81b4e4a8fcce333a9461195e98d122e6c796123d7e9c79	Drop ungated training	5	5	1	complete	recall_macro	0.7421534857621767	5	Macro recall	arithmetic mean across accepted effective folds with a defined score for this metric	known-population-open-set-v1
FR-FCM-Z7CH-C57BL6	FR-FCM-Z7CH-C57BL6	dataset_name-FR-FCM-Z7CH-C57BL6_dataset-revision-4bf02d6adbe55785ca855b57274aa37b8dc843ae_name-data_import.data_raw_potential-batches-1_seed-42_transformation-cofactor-150	not_applicable	cygate	CyGATE	drop-train	.3cfd963b74881b9b1c81b4e4a8fcce333a9461195e98d122e6c796123d7e9c79	Drop ungated training	5	5	1	complete	recall_macro	0.8047845024242722	5	Macro recall	arithmetic mean across accepted effective folds with a defined score for this metric	known-population-open-set-v1
FR-FCM-ZY34	FR-FCM-ZY34	dataset_name-FR-FCM-ZY34_dataset-revision-67990f383ac8f169c9a00148febba1ed357e18e8_name-data_import.data_raw_potential-batches-1_seed-42_transformation-cofactor-150	not_applicable	cygate	CyGATE	drop-train	.3cfd963b74881b9b1c81b4e4a8fcce333a9461195e98d122e6c796123d7e9c79	Drop ungated training	5	5	1	complete	recall_macro	0.5019882319641075	5	Macro recall	arithmetic mean across accepted effective folds with a defined score for this metric	known-population-open-set-v1
FR-FCM-ZYVT	FR-FCM-ZYVT	dataset_name-FR-FCM-ZYVT_dataset-revision-67990f383ac8f169c9a00148febba1ed357e18e8_name-data_import.data_raw_potential-batches-1_seed-42_transformation-cofactor-150	not_applicable	cygate	CyGATE	drop-train	.3cfd963b74881b9b1c81b4e4a8fcce333a9461195e98d122e6c796123d7e9c79	Drop ungated training	5	5	1	complete	recall_macro	0.6062397395847551	5	Macro recall	arithmetic mean across accepted effective folds with a defined score for this metric	known-population-open-set-v1
FlowCyt	FlowCyt	dataset_name-FlowCyt_dataset-revision-67990f383ac8f169c9a00148febba1ed357e18e8_name-data_import.data_raw_potential-batches-1_seed-42_transformation-cofactor-150	not_applicable	cygate	CyGATE	drop-train	.3cfd963b74881b9b1c81b4e4a8fcce333a9461195e98d122e6c796123d7e9c79	Drop ungated training	5	5	1	complete	recall_macro	0.7579430732313084	5	Macro recall	arithmetic mean across accepted effective folds with a defined score for this metric	known-population-open-set-v1
Levine	Levine	dataset_name-Levine_dataset-revision-67990f383ac8f169c9a00148febba1ed357e18e8_name-data_import.data_raw_potential-batches-1_seed-42_transformation-cofactor-5	not_applicable	cygate	CyGATE	drop-train	.3cfd963b74881b9b1c81b4e4a8fcce333a9461195e98d122e6c796123d7e9c79	Drop ungated training	2	2	1	complete	recall_macro	0.9042838058012842	2	Macro recall	arithmetic mean across accepted effective folds with a defined score for this metric	known-population-open-set-v1
Samusik	Samusik	dataset_name-Samusik_dataset-revision-67990f383ac8f169c9a00148febba1ed357e18e8_name-data_import.data_raw_potential-batches-1_seed-42_transformation-cofactor-5	not_applicable	cygate	CyGATE	drop-train	.3cfd963b74881b9b1c81b4e4a8fcce333a9461195e98d122e6c796123d7e9c79	Drop ungated training	5	5	1	complete	recall_macro	0.8124348001600787	5	Macro recall	arithmetic mean across accepted effective folds with a defined score for this metric	known-population-open-set-v1
15723074	15723074	dataset_name-15723074_dataset-revision-4bf02d6adbe55785ca855b57274aa37b8dc843ae_name-data_import.data_raw_potential-batches-1_seed-42_transformation-cofactor-150	not_applicable	dgcytof	DGCyTOF	drop-train	.3cfd963b74881b9b1c81b4e4a8fcce333a9461195e98d122e6c796123d7e9c79	Drop ungated training	5	5	1	complete	recall_macro	0.8399984313242916	5	Macro recall	arithmetic mean across accepted effective folds with a defined score for this metric	known-population-open-set-v1
BodenmillerXL	BodenmillerXL	dataset_name-BodenmillerXL_dataset-revision-67990f383ac8f169c9a00148febba1ed357e18e8_name-data_import.data_raw_potential-batches-1_seed-42_transformation-cofactor-5	not_applicable	dgcytof	DGCyTOF	drop-train	.3cfd963b74881b9b1c81b4e4a8fcce333a9461195e98d122e6c796123d7e9c79	Drop ungated training	5	5	1	complete	recall_macro	0.7637501583989763	5	Macro recall	arithmetic mean across accepted effective folds with a defined score for this metric	known-population-open-set-v1
FR-FCM-Z238	FR-FCM-Z238	dataset_name-FR-FCM-Z238_dataset-revision-67990f383ac8f169c9a00148febba1ed357e18e8_name-data_import.data_raw_potential-batches-1_seed-42_transformation-cofactor-5	not_applicable	dgcytof	DGCyTOF	drop-train	.3cfd963b74881b9b1c81b4e4a8fcce333a9461195e98d122e6c796123d7e9c79	Drop ungated training	5	5	1	complete	recall_macro	0.6509646001035645	5	Macro recall	arithmetic mean across accepted effective folds with a defined score for this metric	known-population-open-set-v1
FR-FCM-Z2KP-covid	FR-FCM-Z2KP-covid	dataset_name-FR-FCM-Z2KP-covid_dataset-revision-67990f383ac8f169c9a00148febba1ed357e18e8_name-data_import.data_raw_potential-batches-1_seed-42_transformation-cofactor-150	not_applicable	dgcytof	DGCyTOF	drop-train	.3cfd963b74881b9b1c81b4e4a8fcce333a9461195e98d122e6c796123d7e9c79	Drop ungated training	5	5	1	complete	recall_macro	0.9728952944442538	5	Macro recall	arithmetic mean across accepted effective folds with a defined score for this metric	known-population-open-set-v1
FR-FCM-Z2KP-healthy	FR-FCM-Z2KP-healthy (n=1k)	dataset_name-FR-FCM-Z2KP-healthy_dataset-revision-67990f383ac8f169c9a00148febba1ed357e18e8_name-data_import.data_raw_potential-batches-1_seed-420_sub-sampling-1000_transformation-cofactor-150	1000	dgcytof	DGCyTOF	drop-train	.3cfd963b74881b9b1c81b4e4a8fcce333a9461195e98d122e6c796123d7e9c79	Drop ungated training	5	5	1	complete	recall_macro	0.7376873943528116	5	Macro recall	arithmetic mean across accepted effective folds with a defined score for this metric	known-population-open-set-v1
FR-FCM-Z2KP-healthy	FR-FCM-Z2KP-healthy (n=5k)	dataset_name-FR-FCM-Z2KP-healthy_dataset-revision-67990f383ac8f169c9a00148febba1ed357e18e8_name-data_import.data_raw_potential-batches-1_seed-420_sub-sampling-5000_transformation-cofactor-150	5000	dgcytof	DGCyTOF	drop-train	.3cfd963b74881b9b1c81b4e4a8fcce333a9461195e98d122e6c796123d7e9c79	Drop ungated training	5	5	1	complete	recall_macro	0.8593656954265847	5	Macro recall	arithmetic mean across accepted effective folds with a defined score for this metric	known-population-open-set-v1
FR-FCM-Z2KP-healthy	FR-FCM-Z2KP-healthy (n=10k)	dataset_name-FR-FCM-Z2KP-healthy_dataset-revision-67990f383ac8f169c9a00148febba1ed357e18e8_name-data_import.data_raw_potential-batches-1_seed-420_sub-sampling-10000_transformation-cofactor-150	10000	dgcytof	DGCyTOF	drop-train	.3cfd963b74881b9b1c81b4e4a8fcce333a9461195e98d122e6c796123d7e9c79	Drop ungated training	5	5	1	complete	recall_macro	0.8871262441865905	5	Macro recall	arithmetic mean across accepted effective folds with a defined score for this metric	known-population-open-set-v1
FR-FCM-Z2KP-healthy	FR-FCM-Z2KP-healthy (n=50k)	dataset_name-FR-FCM-Z2KP-healthy_dataset-revision-67990f383ac8f169c9a00148febba1ed357e18e8_name-data_import.data_raw_potential-batches-1_seed-420_sub-sampling-50000_transformation-cofactor-150	50000	dgcytof	DGCyTOF	drop-train	.3cfd963b74881b9b1c81b4e4a8fcce333a9461195e98d122e6c796123d7e9c79	Drop ungated training	5	5	1	complete	recall_macro	0.9541072689415696	5	Macro recall	arithmetic mean across accepted effective folds with a defined score for this metric	known-population-open-set-v1
FR-FCM-Z2KP-healthy	FR-FCM-Z2KP-healthy (n=100k)	dataset_name-FR-FCM-Z2KP-healthy_dataset-revision-67990f383ac8f169c9a00148febba1ed357e18e8_name-data_import.data_raw_potential-batches-1_seed-420_sub-sampling-100000_transformation-cofactor-150	1e+05	dgcytof	DGCyTOF	drop-train	.3cfd963b74881b9b1c81b4e4a8fcce333a9461195e98d122e6c796123d7e9c79	Drop ungated training	5	5	1	complete	recall_macro	0.9652464859522097	5	Macro recall	arithmetic mean across accepted effective folds with a defined score for this metric	known-population-open-set-v1
FR-FCM-Z2KP-healthy	FR-FCM-Z2KP-healthy	dataset_name-FR-FCM-Z2KP-healthy_dataset-revision-67990f383ac8f169c9a00148febba1ed357e18e8_name-data_import.data_raw_potential-batches-1_seed-42_transformation-cofactor-150	not_applicable	dgcytof	DGCyTOF	drop-train	.3cfd963b74881b9b1c81b4e4a8fcce333a9461195e98d122e6c796123d7e9c79	Drop ungated training	5	5	1	complete	recall_macro	0.978204728803486	5	Macro recall	arithmetic mean across accepted effective folds with a defined score for this metric	known-population-open-set-v1
FR-FCM-Z3YR	FR-FCM-Z3YR	dataset_name-FR-FCM-Z3YR_dataset-revision-67990f383ac8f169c9a00148febba1ed357e18e8_name-data_import.data_raw_potential-batches-1_seed-42_transformation-cofactor-5	not_applicable	dgcytof	DGCyTOF	drop-train	.3cfd963b74881b9b1c81b4e4a8fcce333a9461195e98d122e6c796123d7e9c79	Drop ungated training	5	5	1	complete	recall_macro	0.7141517257401999	5	Macro recall	arithmetic mean across accepted effective folds with a defined score for this metric	known-population-open-set-v1
FR-FCM-Z7CH-BALBc	FR-FCM-Z7CH-BALBc	dataset_name-FR-FCM-Z7CH-BALBc_dataset-revision-4bf02d6adbe55785ca855b57274aa37b8dc843ae_name-data_import.data_raw_potential-batches-1_seed-42_transformation-cofactor-150	not_applicable	dgcytof	DGCyTOF	drop-train	.3cfd963b74881b9b1c81b4e4a8fcce333a9461195e98d122e6c796123d7e9c79	Drop ungated training	5	5	1	complete	recall_macro	0.9522906755875625	5	Macro recall	arithmetic mean across accepted effective folds with a defined score for this metric	known-population-open-set-v1
FR-FCM-Z7CH-C57BL6	FR-FCM-Z7CH-C57BL6	dataset_name-FR-FCM-Z7CH-C57BL6_dataset-revision-4bf02d6adbe55785ca855b57274aa37b8dc843ae_name-data_import.data_raw_potential-batches-1_seed-42_transformation-cofactor-150	not_applicable	dgcytof	DGCyTOF	drop-train	.3cfd963b74881b9b1c81b4e4a8fcce333a9461195e98d122e6c796123d7e9c79	Drop ungated training	5	5	1	complete	recall_macro	0.9631936858340464	5	Macro recall	arithmetic mean across accepted effective folds with a defined score for this metric	known-population-open-set-v1
FR-FCM-ZY34	FR-FCM-ZY34	dataset_name-FR-FCM-ZY34_dataset-revision-67990f383ac8f169c9a00148febba1ed357e18e8_name-data_import.data_raw_potential-batches-1_seed-42_transformation-cofactor-150	not_applicable	dgcytof	DGCyTOF	drop-train	.3cfd963b74881b9b1c81b4e4a8fcce333a9461195e98d122e6c796123d7e9c79	Drop ungated training	5	5	1	complete	recall_macro	0.3827953777917553	5	Macro recall	arithmetic mean across accepted effective folds with a defined score for this metric	known-population-open-set-v1
FR-FCM-ZYVT	FR-FCM-ZYVT	dataset_name-FR-FCM-ZYVT_dataset-revision-67990f383ac8f169c9a00148febba1ed357e18e8_name-data_import.data_raw_potential-batches-1_seed-42_transformation-cofactor-150	not_applicable	dgcytof	DGCyTOF	drop-train	.3cfd963b74881b9b1c81b4e4a8fcce333a9461195e98d122e6c796123d7e9c79	Drop ungated training	5	5	1	complete	recall_macro	0.5885794641079627	5	Macro recall	arithmetic mean across accepted effective folds with a defined score for this metric	known-population-open-set-v1
FlowCyt	FlowCyt	dataset_name-FlowCyt_dataset-revision-67990f383ac8f169c9a00148febba1ed357e18e8_name-data_import.data_raw_potential-batches-1_seed-42_transformation-cofactor-150	not_applicable	dgcytof	DGCyTOF	drop-train	.3cfd963b74881b9b1c81b4e4a8fcce333a9461195e98d122e6c796123d7e9c79	Drop ungated training	5	5	1	complete	recall_macro	0.909316189216432	5	Macro recall	arithmetic mean across accepted effective folds with a defined score for this metric	known-population-open-set-v1
Levine	Levine	dataset_name-Levine_dataset-revision-67990f383ac8f169c9a00148febba1ed357e18e8_name-data_import.data_raw_potential-batches-1_seed-42_transformation-cofactor-5	not_applicable	dgcytof	DGCyTOF	drop-train	.3cfd963b74881b9b1c81b4e4a8fcce333a9461195e98d122e6c796123d7e9c79	Drop ungated training	2	2	1	complete	recall_macro	0.9515306929355798	2	Macro recall	arithmetic mean across accepted effective folds with a defined score for this metric	known-population-open-set-v1
Samusik	Samusik	dataset_name-Samusik_dataset-revision-67990f383ac8f169c9a00148febba1ed357e18e8_name-data_import.data_raw_potential-batches-1_seed-42_transformation-cofactor-5	not_applicable	dgcytof	DGCyTOF	drop-train	.3cfd963b74881b9b1c81b4e4a8fcce333a9461195e98d122e6c796123d7e9c79	Drop ungated training	5	5	1	complete	recall_macro	0.9064815379941824	5	Macro recall	arithmetic mean across accepted effective folds with a defined score for this metric	known-population-open-set-v1
15723074	15723074	dataset_name-15723074_dataset-revision-4bf02d6adbe55785ca855b57274aa37b8dc843ae_name-data_import.data_raw_potential-batches-1_seed-42_transformation-cofactor-150	not_applicable	gatemeclass[E]	GateMeClass [E]	drop-train	.3cfd963b74881b9b1c81b4e4a8fcce333a9461195e98d122e6c796123d7e9c79	Drop ungated training	5	5	1	complete	recall_macro	0.9491510742780823	5	Macro recall	arithmetic mean across accepted effective folds with a defined score for this metric	known-population-open-set-v1
BodenmillerXL	BodenmillerXL	dataset_name-BodenmillerXL_dataset-revision-67990f383ac8f169c9a00148febba1ed357e18e8_name-data_import.data_raw_potential-batches-1_seed-42_transformation-cofactor-5	not_applicable	gatemeclass[E]	GateMeClass [E]	drop-train	.3cfd963b74881b9b1c81b4e4a8fcce333a9461195e98d122e6c796123d7e9c79	Drop ungated training	5	5	1	complete	recall_macro	0.7082638570090481	5	Macro recall	arithmetic mean across accepted effective folds with a defined score for this metric	known-population-open-set-v1
FR-FCM-Z238	FR-FCM-Z238	dataset_name-FR-FCM-Z238_dataset-revision-67990f383ac8f169c9a00148febba1ed357e18e8_name-data_import.data_raw_potential-batches-1_seed-42_transformation-cofactor-5	not_applicable	gatemeclass[E]	GateMeClass [E]	drop-train	.3cfd963b74881b9b1c81b4e4a8fcce333a9461195e98d122e6c796123d7e9c79	Drop ungated training	0	5	0	incomplete	recall_macro	NA	0	Macro recall	arithmetic mean across accepted effective folds with a defined score for this metric	known-population-open-set-v1
FR-FCM-Z2KP-covid	FR-FCM-Z2KP-covid	dataset_name-FR-FCM-Z2KP-covid_dataset-revision-67990f383ac8f169c9a00148febba1ed357e18e8_name-data_import.data_raw_potential-batches-1_seed-42_transformation-cofactor-150	not_applicable	gatemeclass[E]	GateMeClass [E]	drop-train	.3cfd963b74881b9b1c81b4e4a8fcce333a9461195e98d122e6c796123d7e9c79	Drop ungated training	0	5	0	incomplete	recall_macro	NA	0	Macro recall	arithmetic mean across accepted effective folds with a defined score for this metric	known-population-open-set-v1
FR-FCM-Z2KP-healthy	FR-FCM-Z2KP-healthy (n=1k)	dataset_name-FR-FCM-Z2KP-healthy_dataset-revision-67990f383ac8f169c9a00148febba1ed357e18e8_name-data_import.data_raw_potential-batches-1_seed-420_sub-sampling-1000_transformation-cofactor-150	1000	gatemeclass[E]	GateMeClass [E]	drop-train	.3cfd963b74881b9b1c81b4e4a8fcce333a9461195e98d122e6c796123d7e9c79	Drop ungated training	5	5	1	complete	recall_macro	0.7683155894098275	5	Macro recall	arithmetic mean across accepted effective folds with a defined score for this metric	known-population-open-set-v1
FR-FCM-Z2KP-healthy	FR-FCM-Z2KP-healthy (n=5k)	dataset_name-FR-FCM-Z2KP-healthy_dataset-revision-67990f383ac8f169c9a00148febba1ed357e18e8_name-data_import.data_raw_potential-batches-1_seed-420_sub-sampling-5000_transformation-cofactor-150	5000	gatemeclass[E]	GateMeClass [E]	drop-train	.3cfd963b74881b9b1c81b4e4a8fcce333a9461195e98d122e6c796123d7e9c79	Drop ungated training	5	5	1	complete	recall_macro	0.6789698133130168	5	Macro recall	arithmetic mean across accepted effective folds with a defined score for this metric	known-population-open-set-v1
FR-FCM-Z2KP-healthy	FR-FCM-Z2KP-healthy (n=10k)	dataset_name-FR-FCM-Z2KP-healthy_dataset-revision-67990f383ac8f169c9a00148febba1ed357e18e8_name-data_import.data_raw_potential-batches-1_seed-420_sub-sampling-10000_transformation-cofactor-150	10000	gatemeclass[E]	GateMeClass [E]	drop-train	.3cfd963b74881b9b1c81b4e4a8fcce333a9461195e98d122e6c796123d7e9c79	Drop ungated training	5	5	1	complete	recall_macro	0.6974305480395421	5	Macro recall	arithmetic mean across accepted effective folds with a defined score for this metric	known-population-open-set-v1
FR-FCM-Z2KP-healthy	FR-FCM-Z2KP-healthy (n=50k)	dataset_name-FR-FCM-Z2KP-healthy_dataset-revision-67990f383ac8f169c9a00148febba1ed357e18e8_name-data_import.data_raw_potential-batches-1_seed-420_sub-sampling-50000_transformation-cofactor-150	50000	gatemeclass[E]	GateMeClass [E]	drop-train	.3cfd963b74881b9b1c81b4e4a8fcce333a9461195e98d122e6c796123d7e9c79	Drop ungated training	5	5	1	complete	recall_macro	0.7106740899397432	5	Macro recall	arithmetic mean across accepted effective folds with a defined score for this metric	known-population-open-set-v1
FR-FCM-Z2KP-healthy	FR-FCM-Z2KP-healthy (n=100k)	dataset_name-FR-FCM-Z2KP-healthy_dataset-revision-67990f383ac8f169c9a00148febba1ed357e18e8_name-data_import.data_raw_potential-batches-1_seed-420_sub-sampling-100000_transformation-cofactor-150	1e+05	gatemeclass[E]	GateMeClass [E]	drop-train	.3cfd963b74881b9b1c81b4e4a8fcce333a9461195e98d122e6c796123d7e9c79	Drop ungated training	5	5	1	complete	recall_macro	0.6664728589706983	5	Macro recall	arithmetic mean across accepted effective folds with a defined score for this metric	known-population-open-set-v1
FR-FCM-Z2KP-healthy	FR-FCM-Z2KP-healthy	dataset_name-FR-FCM-Z2KP-healthy_dataset-revision-67990f383ac8f169c9a00148febba1ed357e18e8_name-data_import.data_raw_potential-batches-1_seed-42_transformation-cofactor-150	not_applicable	gatemeclass[E]	GateMeClass [E]	drop-train	.3cfd963b74881b9b1c81b4e4a8fcce333a9461195e98d122e6c796123d7e9c79	Drop ungated training	5	5	1	complete	recall_macro	0.6894102940863119	5	Macro recall	arithmetic mean across accepted effective folds with a defined score for this metric	known-population-open-set-v1
FR-FCM-Z3YR	FR-FCM-Z3YR	dataset_name-FR-FCM-Z3YR_dataset-revision-67990f383ac8f169c9a00148febba1ed357e18e8_name-data_import.data_raw_potential-batches-1_seed-42_transformation-cofactor-5	not_applicable	gatemeclass[E]	GateMeClass [E]	drop-train	.3cfd963b74881b9b1c81b4e4a8fcce333a9461195e98d122e6c796123d7e9c79	Drop ungated training	0	5	0	incomplete	recall_macro	NA	0	Macro recall	arithmetic mean across accepted effective folds with a defined score for this metric	known-population-open-set-v1
FR-FCM-Z7CH-BALBc	FR-FCM-Z7CH-BALBc	dataset_name-FR-FCM-Z7CH-BALBc_dataset-revision-4bf02d6adbe55785ca855b57274aa37b8dc843ae_name-data_import.data_raw_potential-batches-1_seed-42_transformation-cofactor-150	not_applicable	gatemeclass[E]	GateMeClass [E]	drop-train	.3cfd963b74881b9b1c81b4e4a8fcce333a9461195e98d122e6c796123d7e9c79	Drop ungated training	5	5	1	complete	recall_macro	0.7486756194579846	5	Macro recall	arithmetic mean across accepted effective folds with a defined score for this metric	known-population-open-set-v1
FR-FCM-Z7CH-C57BL6	FR-FCM-Z7CH-C57BL6	dataset_name-FR-FCM-Z7CH-C57BL6_dataset-revision-4bf02d6adbe55785ca855b57274aa37b8dc843ae_name-data_import.data_raw_potential-batches-1_seed-42_transformation-cofactor-150	not_applicable	gatemeclass[E]	GateMeClass [E]	drop-train	.3cfd963b74881b9b1c81b4e4a8fcce333a9461195e98d122e6c796123d7e9c79	Drop ungated training	5	5	1	complete	recall_macro	0.6398239979471224	5	Macro recall	arithmetic mean across accepted effective folds with a defined score for this metric	known-population-open-set-v1
FR-FCM-ZY34	FR-FCM-ZY34	dataset_name-FR-FCM-ZY34_dataset-revision-67990f383ac8f169c9a00148febba1ed357e18e8_name-data_import.data_raw_potential-batches-1_seed-42_transformation-cofactor-150	not_applicable	gatemeclass[E]	GateMeClass [E]	drop-train	.3cfd963b74881b9b1c81b4e4a8fcce333a9461195e98d122e6c796123d7e9c79	Drop ungated training	5	5	1	complete	recall_macro	0.2768099871228355	5	Macro recall	arithmetic mean across accepted effective folds with a defined score for this metric	known-population-open-set-v1
FR-FCM-ZYVT	FR-FCM-ZYVT	dataset_name-FR-FCM-ZYVT_dataset-revision-67990f383ac8f169c9a00148febba1ed357e18e8_name-data_import.data_raw_potential-batches-1_seed-42_transformation-cofactor-150	not_applicable	gatemeclass[E]	GateMeClass [E]	drop-train	.3cfd963b74881b9b1c81b4e4a8fcce333a9461195e98d122e6c796123d7e9c79	Drop ungated training	5	5	1	complete	recall_macro	0.6803339741216987	5	Macro recall	arithmetic mean across accepted effective folds with a defined score for this metric	known-population-open-set-v1
FlowCyt	FlowCyt	dataset_name-FlowCyt_dataset-revision-67990f383ac8f169c9a00148febba1ed357e18e8_name-data_import.data_raw_potential-batches-1_seed-42_transformation-cofactor-150	not_applicable	gatemeclass[E]	GateMeClass [E]	drop-train	.3cfd963b74881b9b1c81b4e4a8fcce333a9461195e98d122e6c796123d7e9c79	Drop ungated training	0	5	0	incomplete	recall_macro	NA	0	Macro recall	arithmetic mean across accepted effective folds with a defined score for this metric	known-population-open-set-v1
Levine	Levine	dataset_name-Levine_dataset-revision-67990f383ac8f169c9a00148febba1ed357e18e8_name-data_import.data_raw_potential-batches-1_seed-42_transformation-cofactor-5	not_applicable	gatemeclass[E]	GateMeClass [E]	drop-train	.3cfd963b74881b9b1c81b4e4a8fcce333a9461195e98d122e6c796123d7e9c79	Drop ungated training	2	2	1	complete	recall_macro	0.8866174856855661	2	Macro recall	arithmetic mean across accepted effective folds with a defined score for this metric	known-population-open-set-v1
Samusik	Samusik	dataset_name-Samusik_dataset-revision-67990f383ac8f169c9a00148febba1ed357e18e8_name-data_import.data_raw_potential-batches-1_seed-42_transformation-cofactor-5	not_applicable	gatemeclass[E]	GateMeClass [E]	drop-train	.3cfd963b74881b9b1c81b4e4a8fcce333a9461195e98d122e6c796123d7e9c79	Drop ungated training	5	5	1	complete	recall_macro	0.7475514724448794	5	Macro recall	arithmetic mean across accepted effective folds with a defined score for this metric	known-population-open-set-v1
15723074	15723074	dataset_name-15723074_dataset-revision-4bf02d6adbe55785ca855b57274aa37b8dc843ae_name-data_import.data_raw_potential-batches-1_seed-42_transformation-cofactor-150	not_applicable	gatemeclass[V]	GateMeClass [V]	drop-train	.3cfd963b74881b9b1c81b4e4a8fcce333a9461195e98d122e6c796123d7e9c79	Drop ungated training	5	5	1	complete	recall_macro	0.7368175953763928	5	Macro recall	arithmetic mean across accepted effective folds with a defined score for this metric	known-population-open-set-v1
BodenmillerXL	BodenmillerXL	dataset_name-BodenmillerXL_dataset-revision-67990f383ac8f169c9a00148febba1ed357e18e8_name-data_import.data_raw_potential-batches-1_seed-42_transformation-cofactor-5	not_applicable	gatemeclass[V]	GateMeClass [V]	drop-train	.3cfd963b74881b9b1c81b4e4a8fcce333a9461195e98d122e6c796123d7e9c79	Drop ungated training	5	5	1	complete	recall_macro	0.5189498950583669	5	Macro recall	arithmetic mean across accepted effective folds with a defined score for this metric	known-population-open-set-v1
FR-FCM-Z238	FR-FCM-Z238	dataset_name-FR-FCM-Z238_dataset-revision-67990f383ac8f169c9a00148febba1ed357e18e8_name-data_import.data_raw_potential-batches-1_seed-42_transformation-cofactor-5	not_applicable	gatemeclass[V]	GateMeClass [V]	drop-train	.3cfd963b74881b9b1c81b4e4a8fcce333a9461195e98d122e6c796123d7e9c79	Drop ungated training	0	5	0	incomplete	recall_macro	NA	0	Macro recall	arithmetic mean across accepted effective folds with a defined score for this metric	known-population-open-set-v1
FR-FCM-Z2KP-covid	FR-FCM-Z2KP-covid	dataset_name-FR-FCM-Z2KP-covid_dataset-revision-67990f383ac8f169c9a00148febba1ed357e18e8_name-data_import.data_raw_potential-batches-1_seed-42_transformation-cofactor-150	not_applicable	gatemeclass[V]	GateMeClass [V]	drop-train	.3cfd963b74881b9b1c81b4e4a8fcce333a9461195e98d122e6c796123d7e9c79	Drop ungated training	0	5	0	incomplete	recall_macro	NA	0	Macro recall	arithmetic mean across accepted effective folds with a defined score for this metric	known-population-open-set-v1
FR-FCM-Z2KP-healthy	FR-FCM-Z2KP-healthy (n=1k)	dataset_name-FR-FCM-Z2KP-healthy_dataset-revision-67990f383ac8f169c9a00148febba1ed357e18e8_name-data_import.data_raw_potential-batches-1_seed-420_sub-sampling-1000_transformation-cofactor-150	1000	gatemeclass[V]	GateMeClass [V]	drop-train	.3cfd963b74881b9b1c81b4e4a8fcce333a9461195e98d122e6c796123d7e9c79	Drop ungated training	5	5	1	complete	recall_macro	0.6958590800169577	5	Macro recall	arithmetic mean across accepted effective folds with a defined score for this metric	known-population-open-set-v1
FR-FCM-Z2KP-healthy	FR-FCM-Z2KP-healthy (n=5k)	dataset_name-FR-FCM-Z2KP-healthy_dataset-revision-67990f383ac8f169c9a00148febba1ed357e18e8_name-data_import.data_raw_potential-batches-1_seed-420_sub-sampling-5000_transformation-cofactor-150	5000	gatemeclass[V]	GateMeClass [V]	drop-train	.3cfd963b74881b9b1c81b4e4a8fcce333a9461195e98d122e6c796123d7e9c79	Drop ungated training	5	5	1	complete	recall_macro	0.7326309672317332	5	Macro recall	arithmetic mean across accepted effective folds with a defined score for this metric	known-population-open-set-v1
FR-FCM-Z2KP-healthy	FR-FCM-Z2KP-healthy (n=10k)	dataset_name-FR-FCM-Z2KP-healthy_dataset-revision-67990f383ac8f169c9a00148febba1ed357e18e8_name-data_import.data_raw_potential-batches-1_seed-420_sub-sampling-10000_transformation-cofactor-150	10000	gatemeclass[V]	GateMeClass [V]	drop-train	.3cfd963b74881b9b1c81b4e4a8fcce333a9461195e98d122e6c796123d7e9c79	Drop ungated training	5	5	1	complete	recall_macro	0.7442251519048254	5	Macro recall	arithmetic mean across accepted effective folds with a defined score for this metric	known-population-open-set-v1
FR-FCM-Z2KP-healthy	FR-FCM-Z2KP-healthy (n=50k)	dataset_name-FR-FCM-Z2KP-healthy_dataset-revision-67990f383ac8f169c9a00148febba1ed357e18e8_name-data_import.data_raw_potential-batches-1_seed-420_sub-sampling-50000_transformation-cofactor-150	50000	gatemeclass[V]	GateMeClass [V]	drop-train	.3cfd963b74881b9b1c81b4e4a8fcce333a9461195e98d122e6c796123d7e9c79	Drop ungated training	5	5	1	complete	recall_macro	0.6642161323461095	5	Macro recall	arithmetic mean across accepted effective folds with a defined score for this metric	known-population-open-set-v1
FR-FCM-Z2KP-healthy	FR-FCM-Z2KP-healthy (n=100k)	dataset_name-FR-FCM-Z2KP-healthy_dataset-revision-67990f383ac8f169c9a00148febba1ed357e18e8_name-data_import.data_raw_potential-batches-1_seed-420_sub-sampling-100000_transformation-cofactor-150	1e+05	gatemeclass[V]	GateMeClass [V]	drop-train	.3cfd963b74881b9b1c81b4e4a8fcce333a9461195e98d122e6c796123d7e9c79	Drop ungated training	5	5	1	complete	recall_macro	0.7004840714259609	5	Macro recall	arithmetic mean across accepted effective folds with a defined score for this metric	known-population-open-set-v1
FR-FCM-Z2KP-healthy	FR-FCM-Z2KP-healthy	dataset_name-FR-FCM-Z2KP-healthy_dataset-revision-67990f383ac8f169c9a00148febba1ed357e18e8_name-data_import.data_raw_potential-batches-1_seed-42_transformation-cofactor-150	not_applicable	gatemeclass[V]	GateMeClass [V]	drop-train	.3cfd963b74881b9b1c81b4e4a8fcce333a9461195e98d122e6c796123d7e9c79	Drop ungated training	5	5	1	complete	recall_macro	0.6859840377108853	5	Macro recall	arithmetic mean across accepted effective folds with a defined score for this metric	known-population-open-set-v1
FR-FCM-Z3YR	FR-FCM-Z3YR	dataset_name-FR-FCM-Z3YR_dataset-revision-67990f383ac8f169c9a00148febba1ed357e18e8_name-data_import.data_raw_potential-batches-1_seed-42_transformation-cofactor-5	not_applicable	gatemeclass[V]	GateMeClass [V]	drop-train	.3cfd963b74881b9b1c81b4e4a8fcce333a9461195e98d122e6c796123d7e9c79	Drop ungated training	0	5	0	incomplete	recall_macro	NA	0	Macro recall	arithmetic mean across accepted effective folds with a defined score for this metric	known-population-open-set-v1
FR-FCM-Z7CH-BALBc	FR-FCM-Z7CH-BALBc	dataset_name-FR-FCM-Z7CH-BALBc_dataset-revision-4bf02d6adbe55785ca855b57274aa37b8dc843ae_name-data_import.data_raw_potential-batches-1_seed-42_transformation-cofactor-150	not_applicable	gatemeclass[V]	GateMeClass [V]	drop-train	.3cfd963b74881b9b1c81b4e4a8fcce333a9461195e98d122e6c796123d7e9c79	Drop ungated training	5	5	1	complete	recall_macro	0.7718113381171375	5	Macro recall	arithmetic mean across accepted effective folds with a defined score for this metric	known-population-open-set-v1
FR-FCM-Z7CH-C57BL6	FR-FCM-Z7CH-C57BL6	dataset_name-FR-FCM-Z7CH-C57BL6_dataset-revision-4bf02d6adbe55785ca855b57274aa37b8dc843ae_name-data_import.data_raw_potential-batches-1_seed-42_transformation-cofactor-150	not_applicable	gatemeclass[V]	GateMeClass [V]	drop-train	.3cfd963b74881b9b1c81b4e4a8fcce333a9461195e98d122e6c796123d7e9c79	Drop ungated training	5	5	1	complete	recall_macro	0.8426806049854609	5	Macro recall	arithmetic mean across accepted effective folds with a defined score for this metric	known-population-open-set-v1
FR-FCM-ZY34	FR-FCM-ZY34	dataset_name-FR-FCM-ZY34_dataset-revision-67990f383ac8f169c9a00148febba1ed357e18e8_name-data_import.data_raw_potential-batches-1_seed-42_transformation-cofactor-150	not_applicable	gatemeclass[V]	GateMeClass [V]	drop-train	.3cfd963b74881b9b1c81b4e4a8fcce333a9461195e98d122e6c796123d7e9c79	Drop ungated training	5	5	1	complete	recall_macro	0.18907188807917905	5	Macro recall	arithmetic mean across accepted effective folds with a defined score for this metric	known-population-open-set-v1
FR-FCM-ZYVT	FR-FCM-ZYVT	dataset_name-FR-FCM-ZYVT_dataset-revision-67990f383ac8f169c9a00148febba1ed357e18e8_name-data_import.data_raw_potential-batches-1_seed-42_transformation-cofactor-150	not_applicable	gatemeclass[V]	GateMeClass [V]	drop-train	.3cfd963b74881b9b1c81b4e4a8fcce333a9461195e98d122e6c796123d7e9c79	Drop ungated training	5	5	1	complete	recall_macro	0.5845260423683658	5	Macro recall	arithmetic mean across accepted effective folds with a defined score for this metric	known-population-open-set-v1
FlowCyt	FlowCyt	dataset_name-FlowCyt_dataset-revision-67990f383ac8f169c9a00148febba1ed357e18e8_name-data_import.data_raw_potential-batches-1_seed-42_transformation-cofactor-150	not_applicable	gatemeclass[V]	GateMeClass [V]	drop-train	.3cfd963b74881b9b1c81b4e4a8fcce333a9461195e98d122e6c796123d7e9c79	Drop ungated training	0	5	0	incomplete	recall_macro	NA	0	Macro recall	arithmetic mean across accepted effective folds with a defined score for this metric	known-population-open-set-v1
Levine	Levine	dataset_name-Levine_dataset-revision-67990f383ac8f169c9a00148febba1ed357e18e8_name-data_import.data_raw_potential-batches-1_seed-42_transformation-cofactor-5	not_applicable	gatemeclass[V]	GateMeClass [V]	drop-train	.3cfd963b74881b9b1c81b4e4a8fcce333a9461195e98d122e6c796123d7e9c79	Drop ungated training	2	2	1	complete	recall_macro	0.8891066727725778	2	Macro recall	arithmetic mean across accepted effective folds with a defined score for this metric	known-population-open-set-v1
Samusik	Samusik	dataset_name-Samusik_dataset-revision-67990f383ac8f169c9a00148febba1ed357e18e8_name-data_import.data_raw_potential-batches-1_seed-42_transformation-cofactor-5	not_applicable	gatemeclass[V]	GateMeClass [V]	drop-train	.3cfd963b74881b9b1c81b4e4a8fcce333a9461195e98d122e6c796123d7e9c79	Drop ungated training	5	5	1	complete	recall_macro	0.7157515532707861	5	Macro recall	arithmetic mean across accepted effective folds with a defined score for this metric	known-population-open-set-v1
15723074	15723074	dataset_name-15723074_dataset-revision-4bf02d6adbe55785ca855b57274aa37b8dc843ae_name-data_import.data_raw_potential-batches-1_seed-42_transformation-cofactor-150	not_applicable	knn	KNN	drop-train	.3cfd963b74881b9b1c81b4e4a8fcce333a9461195e98d122e6c796123d7e9c79	Drop ungated training	5	5	1	complete	recall_macro	0.8111369214836294	5	Macro recall	arithmetic mean across accepted effective folds with a defined score for this metric	known-population-open-set-v1
BodenmillerXL	BodenmillerXL	dataset_name-BodenmillerXL_dataset-revision-67990f383ac8f169c9a00148febba1ed357e18e8_name-data_import.data_raw_potential-batches-1_seed-42_transformation-cofactor-5	not_applicable	knn	KNN	drop-train	.3cfd963b74881b9b1c81b4e4a8fcce333a9461195e98d122e6c796123d7e9c79	Drop ungated training	5	5	1	complete	recall_macro	0.6995192697143108	5	Macro recall	arithmetic mean across accepted effective folds with a defined score for this metric	known-population-open-set-v1
FR-FCM-Z238	FR-FCM-Z238	dataset_name-FR-FCM-Z238_dataset-revision-67990f383ac8f169c9a00148febba1ed357e18e8_name-data_import.data_raw_potential-batches-1_seed-42_transformation-cofactor-5	not_applicable	knn	KNN	drop-train	.3cfd963b74881b9b1c81b4e4a8fcce333a9461195e98d122e6c796123d7e9c79	Drop ungated training	5	5	1	complete	recall_macro	0.5065022321591134	5	Macro recall	arithmetic mean across accepted effective folds with a defined score for this metric	known-population-open-set-v1
FR-FCM-Z2KP-covid	FR-FCM-Z2KP-covid	dataset_name-FR-FCM-Z2KP-covid_dataset-revision-67990f383ac8f169c9a00148febba1ed357e18e8_name-data_import.data_raw_potential-batches-1_seed-42_transformation-cofactor-150	not_applicable	knn	KNN	drop-train	.3cfd963b74881b9b1c81b4e4a8fcce333a9461195e98d122e6c796123d7e9c79	Drop ungated training	5	5	1	complete	recall_macro	0.736604671910327	5	Macro recall	arithmetic mean across accepted effective folds with a defined score for this metric	known-population-open-set-v1
FR-FCM-Z2KP-healthy	FR-FCM-Z2KP-healthy (n=1k)	dataset_name-FR-FCM-Z2KP-healthy_dataset-revision-67990f383ac8f169c9a00148febba1ed357e18e8_name-data_import.data_raw_potential-batches-1_seed-420_sub-sampling-1000_transformation-cofactor-150	1000	knn	KNN	drop-train	.3cfd963b74881b9b1c81b4e4a8fcce333a9461195e98d122e6c796123d7e9c79	Drop ungated training	5	5	1	complete	recall_macro	0.7470308700785097	5	Macro recall	arithmetic mean across accepted effective folds with a defined score for this metric	known-population-open-set-v1
FR-FCM-Z2KP-healthy	FR-FCM-Z2KP-healthy (n=5k)	dataset_name-FR-FCM-Z2KP-healthy_dataset-revision-67990f383ac8f169c9a00148febba1ed357e18e8_name-data_import.data_raw_potential-batches-1_seed-420_sub-sampling-5000_transformation-cofactor-150	5000	knn	KNN	drop-train	.3cfd963b74881b9b1c81b4e4a8fcce333a9461195e98d122e6c796123d7e9c79	Drop ungated training	5	5	1	complete	recall_macro	0.7422156798302645	5	Macro recall	arithmetic mean across accepted effective folds with a defined score for this metric	known-population-open-set-v1
FR-FCM-Z2KP-healthy	FR-FCM-Z2KP-healthy (n=10k)	dataset_name-FR-FCM-Z2KP-healthy_dataset-revision-67990f383ac8f169c9a00148febba1ed357e18e8_name-data_import.data_raw_potential-batches-1_seed-420_sub-sampling-10000_transformation-cofactor-150	10000	knn	KNN	drop-train	.3cfd963b74881b9b1c81b4e4a8fcce333a9461195e98d122e6c796123d7e9c79	Drop ungated training	5	5	1	complete	recall_macro	0.7382694998371455	5	Macro recall	arithmetic mean across accepted effective folds with a defined score for this metric	known-population-open-set-v1
FR-FCM-Z2KP-healthy	FR-FCM-Z2KP-healthy (n=50k)	dataset_name-FR-FCM-Z2KP-healthy_dataset-revision-67990f383ac8f169c9a00148febba1ed357e18e8_name-data_import.data_raw_potential-batches-1_seed-420_sub-sampling-50000_transformation-cofactor-150	50000	knn	KNN	drop-train	.3cfd963b74881b9b1c81b4e4a8fcce333a9461195e98d122e6c796123d7e9c79	Drop ungated training	5	5	1	complete	recall_macro	0.7425165022528544	5	Macro recall	arithmetic mean across accepted effective folds with a defined score for this metric	known-population-open-set-v1
FR-FCM-Z2KP-healthy	FR-FCM-Z2KP-healthy (n=100k)	dataset_name-FR-FCM-Z2KP-healthy_dataset-revision-67990f383ac8f169c9a00148febba1ed357e18e8_name-data_import.data_raw_potential-batches-1_seed-420_sub-sampling-100000_transformation-cofactor-150	1e+05	knn	KNN	drop-train	.3cfd963b74881b9b1c81b4e4a8fcce333a9461195e98d122e6c796123d7e9c79	Drop ungated training	5	5	1	complete	recall_macro	0.7429320220267686	5	Macro recall	arithmetic mean across accepted effective folds with a defined score for this metric	known-population-open-set-v1
FR-FCM-Z2KP-healthy	FR-FCM-Z2KP-healthy	dataset_name-FR-FCM-Z2KP-healthy_dataset-revision-67990f383ac8f169c9a00148febba1ed357e18e8_name-data_import.data_raw_potential-batches-1_seed-42_transformation-cofactor-150	not_applicable	knn	KNN	drop-train	.3cfd963b74881b9b1c81b4e4a8fcce333a9461195e98d122e6c796123d7e9c79	Drop ungated training	5	5	1	complete	recall_macro	0.7464548161686563	5	Macro recall	arithmetic mean across accepted effective folds with a defined score for this metric	known-population-open-set-v1
FR-FCM-Z3YR	FR-FCM-Z3YR	dataset_name-FR-FCM-Z3YR_dataset-revision-67990f383ac8f169c9a00148febba1ed357e18e8_name-data_import.data_raw_potential-batches-1_seed-42_transformation-cofactor-5	not_applicable	knn	KNN	drop-train	.3cfd963b74881b9b1c81b4e4a8fcce333a9461195e98d122e6c796123d7e9c79	Drop ungated training	5	5	1	complete	recall_macro	0.7010247838139598	5	Macro recall	arithmetic mean across accepted effective folds with a defined score for this metric	known-population-open-set-v1
FR-FCM-Z7CH-BALBc	FR-FCM-Z7CH-BALBc	dataset_name-FR-FCM-Z7CH-BALBc_dataset-revision-4bf02d6adbe55785ca855b57274aa37b8dc843ae_name-data_import.data_raw_potential-batches-1_seed-42_transformation-cofactor-150	not_applicable	knn	KNN	drop-train	.3cfd963b74881b9b1c81b4e4a8fcce333a9461195e98d122e6c796123d7e9c79	Drop ungated training	5	5	1	complete	recall_macro	0.8166596334616466	5	Macro recall	arithmetic mean across accepted effective folds with a defined score for this metric	known-population-open-set-v1
FR-FCM-Z7CH-C57BL6	FR-FCM-Z7CH-C57BL6	dataset_name-FR-FCM-Z7CH-C57BL6_dataset-revision-4bf02d6adbe55785ca855b57274aa37b8dc843ae_name-data_import.data_raw_potential-batches-1_seed-42_transformation-cofactor-150	not_applicable	knn	KNN	drop-train	.3cfd963b74881b9b1c81b4e4a8fcce333a9461195e98d122e6c796123d7e9c79	Drop ungated training	5	5	1	complete	recall_macro	0.8353356672226444	5	Macro recall	arithmetic mean across accepted effective folds with a defined score for this metric	known-population-open-set-v1
FR-FCM-ZY34	FR-FCM-ZY34	dataset_name-FR-FCM-ZY34_dataset-revision-67990f383ac8f169c9a00148febba1ed357e18e8_name-data_import.data_raw_potential-batches-1_seed-42_transformation-cofactor-150	not_applicable	knn	KNN	drop-train	.3cfd963b74881b9b1c81b4e4a8fcce333a9461195e98d122e6c796123d7e9c79	Drop ungated training	5	5	1	complete	recall_macro	0.24428442738328687	5	Macro recall	arithmetic mean across accepted effective folds with a defined score for this metric	known-population-open-set-v1
FR-FCM-ZYVT	FR-FCM-ZYVT	dataset_name-FR-FCM-ZYVT_dataset-revision-67990f383ac8f169c9a00148febba1ed357e18e8_name-data_import.data_raw_potential-batches-1_seed-42_transformation-cofactor-150	not_applicable	knn	KNN	drop-train	.3cfd963b74881b9b1c81b4e4a8fcce333a9461195e98d122e6c796123d7e9c79	Drop ungated training	5	5	1	complete	recall_macro	0.6481412324733561	5	Macro recall	arithmetic mean across accepted effective folds with a defined score for this metric	known-population-open-set-v1
FlowCyt	FlowCyt	dataset_name-FlowCyt_dataset-revision-67990f383ac8f169c9a00148febba1ed357e18e8_name-data_import.data_raw_potential-batches-1_seed-42_transformation-cofactor-150	not_applicable	knn	KNN	drop-train	.3cfd963b74881b9b1c81b4e4a8fcce333a9461195e98d122e6c796123d7e9c79	Drop ungated training	5	5	1	complete	recall_macro	0.9119769366798465	5	Macro recall	arithmetic mean across accepted effective folds with a defined score for this metric	known-population-open-set-v1
Levine	Levine	dataset_name-Levine_dataset-revision-67990f383ac8f169c9a00148febba1ed357e18e8_name-data_import.data_raw_potential-batches-1_seed-42_transformation-cofactor-5	not_applicable	knn	KNN	drop-train	.3cfd963b74881b9b1c81b4e4a8fcce333a9461195e98d122e6c796123d7e9c79	Drop ungated training	2	2	1	complete	recall_macro	0.8835550647709791	2	Macro recall	arithmetic mean across accepted effective folds with a defined score for this metric	known-population-open-set-v1
Samusik	Samusik	dataset_name-Samusik_dataset-revision-67990f383ac8f169c9a00148febba1ed357e18e8_name-data_import.data_raw_potential-batches-1_seed-42_transformation-cofactor-5	not_applicable	knn	KNN	drop-train	.3cfd963b74881b9b1c81b4e4a8fcce333a9461195e98d122e6c796123d7e9c79	Drop ungated training	5	5	1	complete	recall_macro	0.8070975627633276	5	Macro recall	arithmetic mean across accepted effective folds with a defined score for this metric	known-population-open-set-v1
15723074	15723074	dataset_name-15723074_dataset-revision-4bf02d6adbe55785ca855b57274aa37b8dc843ae_name-data_import.data_raw_potential-batches-1_seed-42_transformation-cofactor-150	not_applicable	lda	LDA	drop-train	.3cfd963b74881b9b1c81b4e4a8fcce333a9461195e98d122e6c796123d7e9c79	Drop ungated training	5	5	1	complete	recall_macro	0.7989835374770234	5	Macro recall	arithmetic mean across accepted effective folds with a defined score for this metric	known-population-open-set-v1
BodenmillerXL	BodenmillerXL	dataset_name-BodenmillerXL_dataset-revision-67990f383ac8f169c9a00148febba1ed357e18e8_name-data_import.data_raw_potential-batches-1_seed-42_transformation-cofactor-5	not_applicable	lda	LDA	drop-train	.3cfd963b74881b9b1c81b4e4a8fcce333a9461195e98d122e6c796123d7e9c79	Drop ungated training	5	5	1	complete	recall_macro	0.8188523536418619	5	Macro recall	arithmetic mean across accepted effective folds with a defined score for this metric	known-population-open-set-v1
FR-FCM-Z238	FR-FCM-Z238	dataset_name-FR-FCM-Z238_dataset-revision-67990f383ac8f169c9a00148febba1ed357e18e8_name-data_import.data_raw_potential-batches-1_seed-42_transformation-cofactor-5	not_applicable	lda	LDA	drop-train	.3cfd963b74881b9b1c81b4e4a8fcce333a9461195e98d122e6c796123d7e9c79	Drop ungated training	5	5	1	complete	recall_macro	0.6635384144905424	5	Macro recall	arithmetic mean across accepted effective folds with a defined score for this metric	known-population-open-set-v1
FR-FCM-Z2KP-covid	FR-FCM-Z2KP-covid	dataset_name-FR-FCM-Z2KP-covid_dataset-revision-67990f383ac8f169c9a00148febba1ed357e18e8_name-data_import.data_raw_potential-batches-1_seed-42_transformation-cofactor-150	not_applicable	lda	LDA	drop-train	.3cfd963b74881b9b1c81b4e4a8fcce333a9461195e98d122e6c796123d7e9c79	Drop ungated training	5	5	1	complete	recall_macro	0.8487034073517034	5	Macro recall	arithmetic mean across accepted effective folds with a defined score for this metric	known-population-open-set-v1
FR-FCM-Z2KP-healthy	FR-FCM-Z2KP-healthy (n=1k)	dataset_name-FR-FCM-Z2KP-healthy_dataset-revision-67990f383ac8f169c9a00148febba1ed357e18e8_name-data_import.data_raw_potential-batches-1_seed-420_sub-sampling-1000_transformation-cofactor-150	1000	lda	LDA	drop-train	.3cfd963b74881b9b1c81b4e4a8fcce333a9461195e98d122e6c796123d7e9c79	Drop ungated training	5	5	1	complete	recall_macro	0.8544171757256237	5	Macro recall	arithmetic mean across accepted effective folds with a defined score for this metric	known-population-open-set-v1
FR-FCM-Z2KP-healthy	FR-FCM-Z2KP-healthy (n=5k)	dataset_name-FR-FCM-Z2KP-healthy_dataset-revision-67990f383ac8f169c9a00148febba1ed357e18e8_name-data_import.data_raw_potential-batches-1_seed-420_sub-sampling-5000_transformation-cofactor-150	5000	lda	LDA	drop-train	.3cfd963b74881b9b1c81b4e4a8fcce333a9461195e98d122e6c796123d7e9c79	Drop ungated training	5	5	1	complete	recall_macro	0.8620875774349906	5	Macro recall	arithmetic mean across accepted effective folds with a defined score for this metric	known-population-open-set-v1
FR-FCM-Z2KP-healthy	FR-FCM-Z2KP-healthy (n=10k)	dataset_name-FR-FCM-Z2KP-healthy_dataset-revision-67990f383ac8f169c9a00148febba1ed357e18e8_name-data_import.data_raw_potential-batches-1_seed-420_sub-sampling-10000_transformation-cofactor-150	10000	lda	LDA	drop-train	.3cfd963b74881b9b1c81b4e4a8fcce333a9461195e98d122e6c796123d7e9c79	Drop ungated training	5	5	1	complete	recall_macro	0.8660709073857034	5	Macro recall	arithmetic mean across accepted effective folds with a defined score for this metric	known-population-open-set-v1
FR-FCM-Z2KP-healthy	FR-FCM-Z2KP-healthy (n=50k)	dataset_name-FR-FCM-Z2KP-healthy_dataset-revision-67990f383ac8f169c9a00148febba1ed357e18e8_name-data_import.data_raw_potential-batches-1_seed-420_sub-sampling-50000_transformation-cofactor-150	50000	lda	LDA	drop-train	.3cfd963b74881b9b1c81b4e4a8fcce333a9461195e98d122e6c796123d7e9c79	Drop ungated training	5	5	1	complete	recall_macro	0.8641985016558719	5	Macro recall	arithmetic mean across accepted effective folds with a defined score for this metric	known-population-open-set-v1
FR-FCM-Z2KP-healthy	FR-FCM-Z2KP-healthy (n=100k)	dataset_name-FR-FCM-Z2KP-healthy_dataset-revision-67990f383ac8f169c9a00148febba1ed357e18e8_name-data_import.data_raw_potential-batches-1_seed-420_sub-sampling-100000_transformation-cofactor-150	1e+05	lda	LDA	drop-train	.3cfd963b74881b9b1c81b4e4a8fcce333a9461195e98d122e6c796123d7e9c79	Drop ungated training	5	5	1	complete	recall_macro	0.8640871798179671	5	Macro recall	arithmetic mean across accepted effective folds with a defined score for this metric	known-population-open-set-v1
FR-FCM-Z2KP-healthy	FR-FCM-Z2KP-healthy	dataset_name-FR-FCM-Z2KP-healthy_dataset-revision-67990f383ac8f169c9a00148febba1ed357e18e8_name-data_import.data_raw_potential-batches-1_seed-42_transformation-cofactor-150	not_applicable	lda	LDA	drop-train	.3cfd963b74881b9b1c81b4e4a8fcce333a9461195e98d122e6c796123d7e9c79	Drop ungated training	5	5	1	complete	recall_macro	0.8632585707903911	5	Macro recall	arithmetic mean across accepted effective folds with a defined score for this metric	known-population-open-set-v1
FR-FCM-Z3YR	FR-FCM-Z3YR	dataset_name-FR-FCM-Z3YR_dataset-revision-67990f383ac8f169c9a00148febba1ed357e18e8_name-data_import.data_raw_potential-batches-1_seed-42_transformation-cofactor-5	not_applicable	lda	LDA	drop-train	.3cfd963b74881b9b1c81b4e4a8fcce333a9461195e98d122e6c796123d7e9c79	Drop ungated training	5	5	1	complete	recall_macro	0.8023584828330121	5	Macro recall	arithmetic mean across accepted effective folds with a defined score for this metric	known-population-open-set-v1
FR-FCM-Z7CH-BALBc	FR-FCM-Z7CH-BALBc	dataset_name-FR-FCM-Z7CH-BALBc_dataset-revision-4bf02d6adbe55785ca855b57274aa37b8dc843ae_name-data_import.data_raw_potential-batches-1_seed-42_transformation-cofactor-150	not_applicable	lda	LDA	drop-train	.3cfd963b74881b9b1c81b4e4a8fcce333a9461195e98d122e6c796123d7e9c79	Drop ungated training	5	5	1	complete	recall_macro	0.9265186807289097	5	Macro recall	arithmetic mean across accepted effective folds with a defined score for this metric	known-population-open-set-v1
FR-FCM-Z7CH-C57BL6	FR-FCM-Z7CH-C57BL6	dataset_name-FR-FCM-Z7CH-C57BL6_dataset-revision-4bf02d6adbe55785ca855b57274aa37b8dc843ae_name-data_import.data_raw_potential-batches-1_seed-42_transformation-cofactor-150	not_applicable	lda	LDA	drop-train	.3cfd963b74881b9b1c81b4e4a8fcce333a9461195e98d122e6c796123d7e9c79	Drop ungated training	5	5	1	complete	recall_macro	0.8959770466956175	5	Macro recall	arithmetic mean across accepted effective folds with a defined score for this metric	known-population-open-set-v1
FR-FCM-ZY34	FR-FCM-ZY34	dataset_name-FR-FCM-ZY34_dataset-revision-67990f383ac8f169c9a00148febba1ed357e18e8_name-data_import.data_raw_potential-batches-1_seed-42_transformation-cofactor-150	not_applicable	lda	LDA	drop-train	.3cfd963b74881b9b1c81b4e4a8fcce333a9461195e98d122e6c796123d7e9c79	Drop ungated training	5	5	1	complete	recall_macro	0.2972125882967984	5	Macro recall	arithmetic mean across accepted effective folds with a defined score for this metric	known-population-open-set-v1
FR-FCM-ZYVT	FR-FCM-ZYVT	dataset_name-FR-FCM-ZYVT_dataset-revision-67990f383ac8f169c9a00148febba1ed357e18e8_name-data_import.data_raw_potential-batches-1_seed-42_transformation-cofactor-150	not_applicable	lda	LDA	drop-train	.3cfd963b74881b9b1c81b4e4a8fcce333a9461195e98d122e6c796123d7e9c79	Drop ungated training	5	5	1	complete	recall_macro	0.7038391132063212	5	Macro recall	arithmetic mean across accepted effective folds with a defined score for this metric	known-population-open-set-v1
FlowCyt	FlowCyt	dataset_name-FlowCyt_dataset-revision-67990f383ac8f169c9a00148febba1ed357e18e8_name-data_import.data_raw_potential-batches-1_seed-42_transformation-cofactor-150	not_applicable	lda	LDA	drop-train	.3cfd963b74881b9b1c81b4e4a8fcce333a9461195e98d122e6c796123d7e9c79	Drop ungated training	5	5	1	complete	recall_macro	0.9750165083158957	5	Macro recall	arithmetic mean across accepted effective folds with a defined score for this metric	known-population-open-set-v1
Levine	Levine	dataset_name-Levine_dataset-revision-67990f383ac8f169c9a00148febba1ed357e18e8_name-data_import.data_raw_potential-batches-1_seed-42_transformation-cofactor-5	not_applicable	lda	LDA	drop-train	.3cfd963b74881b9b1c81b4e4a8fcce333a9461195e98d122e6c796123d7e9c79	Drop ungated training	2	2	1	complete	recall_macro	0.9230880037378104	2	Macro recall	arithmetic mean across accepted effective folds with a defined score for this metric	known-population-open-set-v1
Samusik	Samusik	dataset_name-Samusik_dataset-revision-67990f383ac8f169c9a00148febba1ed357e18e8_name-data_import.data_raw_potential-batches-1_seed-42_transformation-cofactor-5	not_applicable	lda	LDA	drop-train	.3cfd963b74881b9b1c81b4e4a8fcce333a9461195e98d122e6c796123d7e9c79	Drop ungated training	5	5	1	complete	recall_macro	0.8787724367354506	5	Macro recall	arithmetic mean across accepted effective folds with a defined score for this metric	known-population-open-set-v1
15723074	15723074	dataset_name-15723074_dataset-revision-4bf02d6adbe55785ca855b57274aa37b8dc843ae_name-data_import.data_raw_potential-batches-1_seed-42_transformation-cofactor-150	not_applicable	random	Random	drop-train	.3cfd963b74881b9b1c81b4e4a8fcce333a9461195e98d122e6c796123d7e9c79	Drop ungated training	5	5	1	complete	recall_macro	0.12436731806749768	5	Macro recall	arithmetic mean across accepted effective folds with a defined score for this metric	known-population-open-set-v1
BodenmillerXL	BodenmillerXL	dataset_name-BodenmillerXL_dataset-revision-67990f383ac8f169c9a00148febba1ed357e18e8_name-data_import.data_raw_potential-batches-1_seed-42_transformation-cofactor-5	not_applicable	random	Random	drop-train	.3cfd963b74881b9b1c81b4e4a8fcce333a9461195e98d122e6c796123d7e9c79	Drop ungated training	5	5	1	complete	recall_macro	0.12539841870871554	5	Macro recall	arithmetic mean across accepted effective folds with a defined score for this metric	known-population-open-set-v1
FR-FCM-Z238	FR-FCM-Z238	dataset_name-FR-FCM-Z238_dataset-revision-67990f383ac8f169c9a00148febba1ed357e18e8_name-data_import.data_raw_potential-batches-1_seed-42_transformation-cofactor-5	not_applicable	random	Random	drop-train	.3cfd963b74881b9b1c81b4e4a8fcce333a9461195e98d122e6c796123d7e9c79	Drop ungated training	5	5	1	complete	recall_macro	0.0433544018863064	5	Macro recall	arithmetic mean across accepted effective folds with a defined score for this metric	known-population-open-set-v1
FR-FCM-Z2KP-covid	FR-FCM-Z2KP-covid	dataset_name-FR-FCM-Z2KP-covid_dataset-revision-67990f383ac8f169c9a00148febba1ed357e18e8_name-data_import.data_raw_potential-batches-1_seed-42_transformation-cofactor-150	not_applicable	random	Random	drop-train	.3cfd963b74881b9b1c81b4e4a8fcce333a9461195e98d122e6c796123d7e9c79	Drop ungated training	5	5	1	complete	recall_macro	0.20005699643913716	5	Macro recall	arithmetic mean across accepted effective folds with a defined score for this metric	known-population-open-set-v1
FR-FCM-Z2KP-healthy	FR-FCM-Z2KP-healthy (n=1k)	dataset_name-FR-FCM-Z2KP-healthy_dataset-revision-67990f383ac8f169c9a00148febba1ed357e18e8_name-data_import.data_raw_potential-batches-1_seed-420_sub-sampling-1000_transformation-cofactor-150	1000	random	Random	drop-train	.3cfd963b74881b9b1c81b4e4a8fcce333a9461195e98d122e6c796123d7e9c79	Drop ungated training	5	5	1	complete	recall_macro	0.1998514943340385	5	Macro recall	arithmetic mean across accepted effective folds with a defined score for this metric	known-population-open-set-v1
FR-FCM-Z2KP-healthy	FR-FCM-Z2KP-healthy (n=5k)	dataset_name-FR-FCM-Z2KP-healthy_dataset-revision-67990f383ac8f169c9a00148febba1ed357e18e8_name-data_import.data_raw_potential-batches-1_seed-420_sub-sampling-5000_transformation-cofactor-150	5000	random	Random	drop-train	.3cfd963b74881b9b1c81b4e4a8fcce333a9461195e98d122e6c796123d7e9c79	Drop ungated training	5	5	1	complete	recall_macro	0.19989359968147458	5	Macro recall	arithmetic mean across accepted effective folds with a defined score for this metric	known-population-open-set-v1
FR-FCM-Z2KP-healthy	FR-FCM-Z2KP-healthy (n=10k)	dataset_name-FR-FCM-Z2KP-healthy_dataset-revision-67990f383ac8f169c9a00148febba1ed357e18e8_name-data_import.data_raw_potential-batches-1_seed-420_sub-sampling-10000_transformation-cofactor-150	10000	random	Random	drop-train	.3cfd963b74881b9b1c81b4e4a8fcce333a9461195e98d122e6c796123d7e9c79	Drop ungated training	5	5	1	complete	recall_macro	0.20028291210868335	5	Macro recall	arithmetic mean across accepted effective folds with a defined score for this metric	known-population-open-set-v1
FR-FCM-Z2KP-healthy	FR-FCM-Z2KP-healthy (n=50k)	dataset_name-FR-FCM-Z2KP-healthy_dataset-revision-67990f383ac8f169c9a00148febba1ed357e18e8_name-data_import.data_raw_potential-batches-1_seed-420_sub-sampling-50000_transformation-cofactor-150	50000	random	Random	drop-train	.3cfd963b74881b9b1c81b4e4a8fcce333a9461195e98d122e6c796123d7e9c79	Drop ungated training	5	5	1	complete	recall_macro	0.19958593632958976	5	Macro recall	arithmetic mean across accepted effective folds with a defined score for this metric	known-population-open-set-v1
FR-FCM-Z2KP-healthy	FR-FCM-Z2KP-healthy (n=100k)	dataset_name-FR-FCM-Z2KP-healthy_dataset-revision-67990f383ac8f169c9a00148febba1ed357e18e8_name-data_import.data_raw_potential-batches-1_seed-420_sub-sampling-100000_transformation-cofactor-150	1e+05	random	Random	drop-train	.3cfd963b74881b9b1c81b4e4a8fcce333a9461195e98d122e6c796123d7e9c79	Drop ungated training	5	5	1	complete	recall_macro	0.19992575683681146	5	Macro recall	arithmetic mean across accepted effective folds with a defined score for this metric	known-population-open-set-v1
FR-FCM-Z2KP-healthy	FR-FCM-Z2KP-healthy	dataset_name-FR-FCM-Z2KP-healthy_dataset-revision-67990f383ac8f169c9a00148febba1ed357e18e8_name-data_import.data_raw_potential-batches-1_seed-42_transformation-cofactor-150	not_applicable	random	Random	drop-train	.3cfd963b74881b9b1c81b4e4a8fcce333a9461195e98d122e6c796123d7e9c79	Drop ungated training	5	5	1	complete	recall_macro	0.2000775367024147	5	Macro recall	arithmetic mean across accepted effective folds with a defined score for this metric	known-population-open-set-v1
FR-FCM-Z3YR	FR-FCM-Z3YR	dataset_name-FR-FCM-Z3YR_dataset-revision-67990f383ac8f169c9a00148febba1ed357e18e8_name-data_import.data_raw_potential-batches-1_seed-42_transformation-cofactor-5	not_applicable	random	Random	drop-train	.3cfd963b74881b9b1c81b4e4a8fcce333a9461195e98d122e6c796123d7e9c79	Drop ungated training	5	5	1	complete	recall_macro	0.035576269436230996	5	Macro recall	arithmetic mean across accepted effective folds with a defined score for this metric	known-population-open-set-v1
FR-FCM-Z7CH-BALBc	FR-FCM-Z7CH-BALBc	dataset_name-FR-FCM-Z7CH-BALBc_dataset-revision-4bf02d6adbe55785ca855b57274aa37b8dc843ae_name-data_import.data_raw_potential-batches-1_seed-42_transformation-cofactor-150	not_applicable	random	Random	drop-train	.3cfd963b74881b9b1c81b4e4a8fcce333a9461195e98d122e6c796123d7e9c79	Drop ungated training	5	5	1	complete	recall_macro	0.24947178108861473	5	Macro recall	arithmetic mean across accepted effective folds with a defined score for this metric	known-population-open-set-v1
FR-FCM-Z7CH-C57BL6	FR-FCM-Z7CH-C57BL6	dataset_name-FR-FCM-Z7CH-C57BL6_dataset-revision-4bf02d6adbe55785ca855b57274aa37b8dc843ae_name-data_import.data_raw_potential-batches-1_seed-42_transformation-cofactor-150	not_applicable	random	Random	drop-train	.3cfd963b74881b9b1c81b4e4a8fcce333a9461195e98d122e6c796123d7e9c79	Drop ungated training	5	5	1	complete	recall_macro	0.25000093301970067	5	Macro recall	arithmetic mean across accepted effective folds with a defined score for this metric	known-population-open-set-v1
FR-FCM-ZY34	FR-FCM-ZY34	dataset_name-FR-FCM-ZY34_dataset-revision-67990f383ac8f169c9a00148febba1ed357e18e8_name-data_import.data_raw_potential-batches-1_seed-42_transformation-cofactor-150	not_applicable	random	Random	drop-train	.3cfd963b74881b9b1c81b4e4a8fcce333a9461195e98d122e6c796123d7e9c79	Drop ungated training	5	5	1	complete	recall_macro	0.05591345772998651	5	Macro recall	arithmetic mean across accepted effective folds with a defined score for this metric	known-population-open-set-v1
FR-FCM-ZYVT	FR-FCM-ZYVT	dataset_name-FR-FCM-ZYVT_dataset-revision-67990f383ac8f169c9a00148febba1ed357e18e8_name-data_import.data_raw_potential-batches-1_seed-42_transformation-cofactor-150	not_applicable	random	Random	drop-train	.3cfd963b74881b9b1c81b4e4a8fcce333a9461195e98d122e6c796123d7e9c79	Drop ungated training	5	5	1	complete	recall_macro	0.24135670158264919	5	Macro recall	arithmetic mean across accepted effective folds with a defined score for this metric	known-population-open-set-v1
FlowCyt	FlowCyt	dataset_name-FlowCyt_dataset-revision-67990f383ac8f169c9a00148febba1ed357e18e8_name-data_import.data_raw_potential-batches-1_seed-42_transformation-cofactor-150	not_applicable	random	Random	drop-train	.3cfd963b74881b9b1c81b4e4a8fcce333a9461195e98d122e6c796123d7e9c79	Drop ungated training	5	5	1	complete	recall_macro	0.19938092637374266	5	Macro recall	arithmetic mean across accepted effective folds with a defined score for this metric	known-population-open-set-v1
Levine	Levine	dataset_name-Levine_dataset-revision-67990f383ac8f169c9a00148febba1ed357e18e8_name-data_import.data_raw_potential-batches-1_seed-42_transformation-cofactor-5	not_applicable	random	Random	drop-train	.3cfd963b74881b9b1c81b4e4a8fcce333a9461195e98d122e6c796123d7e9c79	Drop ungated training	2	2	1	complete	recall_macro	0.07125861258681754	2	Macro recall	arithmetic mean across accepted effective folds with a defined score for this metric	known-population-open-set-v1
Samusik	Samusik	dataset_name-Samusik_dataset-revision-67990f383ac8f169c9a00148febba1ed357e18e8_name-data_import.data_raw_potential-batches-1_seed-42_transformation-cofactor-5	not_applicable	random	Random	drop-train	.3cfd963b74881b9b1c81b4e4a8fcce333a9461195e98d122e6c796123d7e9c79	Drop ungated training	5	5	1	complete	recall_macro	0.042653354697697765	5	Macro recall	arithmetic mean across accepted effective folds with a defined score for this metric	known-population-open-set-v1
15723074	15723074	dataset_name-15723074_dataset-revision-4bf02d6adbe55785ca855b57274aa37b8dc843ae_name-data_import.data_raw_potential-batches-1_seed-42_transformation-cofactor-150	not_applicable	cyanno	CyAnno	drop-both	.cf99b5bbf108239b5579ea572773bd79f2991aa4794838d0cb51fe27dd533bc3	Drop ungated training + test	5	5	1	complete	recall_macro	0.8423923840454087	5	Macro recall	arithmetic mean across accepted effective folds with a defined score for this metric	known-population-open-set-v1
BodenmillerXL	BodenmillerXL	dataset_name-BodenmillerXL_dataset-revision-67990f383ac8f169c9a00148febba1ed357e18e8_name-data_import.data_raw_potential-batches-1_seed-42_transformation-cofactor-5	not_applicable	cyanno	CyAnno	drop-both	.cf99b5bbf108239b5579ea572773bd79f2991aa4794838d0cb51fe27dd533bc3	Drop ungated training + test	5	5	1	complete	recall_macro	0.6902297402678271	5	Macro recall	arithmetic mean across accepted effective folds with a defined score for this metric	known-population-open-set-v1
FR-FCM-Z238	FR-FCM-Z238	dataset_name-FR-FCM-Z238_dataset-revision-67990f383ac8f169c9a00148febba1ed357e18e8_name-data_import.data_raw_potential-batches-1_seed-42_transformation-cofactor-5	not_applicable	cyanno	CyAnno	drop-both	.cf99b5bbf108239b5579ea572773bd79f2991aa4794838d0cb51fe27dd533bc3	Drop ungated training + test	5	5	1	complete	recall_macro	0.5972315028295678	5	Macro recall	arithmetic mean across accepted effective folds with a defined score for this metric	known-population-open-set-v1
FR-FCM-Z2KP-covid	FR-FCM-Z2KP-covid	dataset_name-FR-FCM-Z2KP-covid_dataset-revision-67990f383ac8f169c9a00148febba1ed357e18e8_name-data_import.data_raw_potential-batches-1_seed-42_transformation-cofactor-150	not_applicable	cyanno	CyAnno	drop-both	.cf99b5bbf108239b5579ea572773bd79f2991aa4794838d0cb51fe27dd533bc3	Drop ungated training + test	5	5	1	complete	recall_macro	0.9709550757417612	5	Macro recall	arithmetic mean across accepted effective folds with a defined score for this metric	known-population-open-set-v1
FR-FCM-Z2KP-healthy	FR-FCM-Z2KP-healthy (n=1k)	dataset_name-FR-FCM-Z2KP-healthy_dataset-revision-67990f383ac8f169c9a00148febba1ed357e18e8_name-data_import.data_raw_potential-batches-1_seed-420_sub-sampling-1000_transformation-cofactor-150	1000	cyanno	CyAnno	drop-both	.cf99b5bbf108239b5579ea572773bd79f2991aa4794838d0cb51fe27dd533bc3	Drop ungated training + test	5	5	1	complete	recall_macro	0.806762243295169	5	Macro recall	arithmetic mean across accepted effective folds with a defined score for this metric	known-population-open-set-v1
FR-FCM-Z2KP-healthy	FR-FCM-Z2KP-healthy (n=5k)	dataset_name-FR-FCM-Z2KP-healthy_dataset-revision-67990f383ac8f169c9a00148febba1ed357e18e8_name-data_import.data_raw_potential-batches-1_seed-420_sub-sampling-5000_transformation-cofactor-150	5000	cyanno	CyAnno	drop-both	.cf99b5bbf108239b5579ea572773bd79f2991aa4794838d0cb51fe27dd533bc3	Drop ungated training + test	5	5	1	complete	recall_macro	0.9125570719671547	5	Macro recall	arithmetic mean across accepted effective folds with a defined score for this metric	known-population-open-set-v1
FR-FCM-Z2KP-healthy	FR-FCM-Z2KP-healthy (n=10k)	dataset_name-FR-FCM-Z2KP-healthy_dataset-revision-67990f383ac8f169c9a00148febba1ed357e18e8_name-data_import.data_raw_potential-batches-1_seed-420_sub-sampling-10000_transformation-cofactor-150	10000	cyanno	CyAnno	drop-both	.cf99b5bbf108239b5579ea572773bd79f2991aa4794838d0cb51fe27dd533bc3	Drop ungated training + test	5	5	1	complete	recall_macro	0.9359709516546927	5	Macro recall	arithmetic mean across accepted effective folds with a defined score for this metric	known-population-open-set-v1
FR-FCM-Z2KP-healthy	FR-FCM-Z2KP-healthy (n=50k)	dataset_name-FR-FCM-Z2KP-healthy_dataset-revision-67990f383ac8f169c9a00148febba1ed357e18e8_name-data_import.data_raw_potential-batches-1_seed-420_sub-sampling-50000_transformation-cofactor-150	50000	cyanno	CyAnno	drop-both	.cf99b5bbf108239b5579ea572773bd79f2991aa4794838d0cb51fe27dd533bc3	Drop ungated training + test	5	5	1	complete	recall_macro	0.9643637065834348	5	Macro recall	arithmetic mean across accepted effective folds with a defined score for this metric	known-population-open-set-v1
FR-FCM-Z2KP-healthy	FR-FCM-Z2KP-healthy (n=100k)	dataset_name-FR-FCM-Z2KP-healthy_dataset-revision-67990f383ac8f169c9a00148febba1ed357e18e8_name-data_import.data_raw_potential-batches-1_seed-420_sub-sampling-100000_transformation-cofactor-150	1e+05	cyanno	CyAnno	drop-both	.cf99b5bbf108239b5579ea572773bd79f2991aa4794838d0cb51fe27dd533bc3	Drop ungated training + test	5	5	1	complete	recall_macro	0.9710570001915686	5	Macro recall	arithmetic mean across accepted effective folds with a defined score for this metric	known-population-open-set-v1
FR-FCM-Z2KP-healthy	FR-FCM-Z2KP-healthy	dataset_name-FR-FCM-Z2KP-healthy_dataset-revision-67990f383ac8f169c9a00148febba1ed357e18e8_name-data_import.data_raw_potential-batches-1_seed-42_transformation-cofactor-150	not_applicable	cyanno	CyAnno	drop-both	.cf99b5bbf108239b5579ea572773bd79f2991aa4794838d0cb51fe27dd533bc3	Drop ungated training + test	5	5	1	complete	recall_macro	0.9789885864559361	5	Macro recall	arithmetic mean across accepted effective folds with a defined score for this metric	known-population-open-set-v1
FR-FCM-Z3YR	FR-FCM-Z3YR	dataset_name-FR-FCM-Z3YR_dataset-revision-67990f383ac8f169c9a00148febba1ed357e18e8_name-data_import.data_raw_potential-batches-1_seed-42_transformation-cofactor-5	not_applicable	cyanno	CyAnno	drop-both	.cf99b5bbf108239b5579ea572773bd79f2991aa4794838d0cb51fe27dd533bc3	Drop ungated training + test	5	5	1	complete	recall_macro	0.8371646735209604	5	Macro recall	arithmetic mean across accepted effective folds with a defined score for this metric	known-population-open-set-v1
FR-FCM-Z7CH-BALBc	FR-FCM-Z7CH-BALBc	dataset_name-FR-FCM-Z7CH-BALBc_dataset-revision-4bf02d6adbe55785ca855b57274aa37b8dc843ae_name-data_import.data_raw_potential-batches-1_seed-42_transformation-cofactor-150	not_applicable	cyanno	CyAnno	drop-both	.cf99b5bbf108239b5579ea572773bd79f2991aa4794838d0cb51fe27dd533bc3	Drop ungated training + test	5	5	1	complete	recall_macro	0.9995964894442284	5	Macro recall	arithmetic mean across accepted effective folds with a defined score for this metric	known-population-open-set-v1
FR-FCM-Z7CH-C57BL6	FR-FCM-Z7CH-C57BL6	dataset_name-FR-FCM-Z7CH-C57BL6_dataset-revision-4bf02d6adbe55785ca855b57274aa37b8dc843ae_name-data_import.data_raw_potential-batches-1_seed-42_transformation-cofactor-150	not_applicable	cyanno	CyAnno	drop-both	.cf99b5bbf108239b5579ea572773bd79f2991aa4794838d0cb51fe27dd533bc3	Drop ungated training + test	5	5	1	complete	recall_macro	0.9998039420824932	5	Macro recall	arithmetic mean across accepted effective folds with a defined score for this metric	known-population-open-set-v1
FR-FCM-ZY34	FR-FCM-ZY34	dataset_name-FR-FCM-ZY34_dataset-revision-67990f383ac8f169c9a00148febba1ed357e18e8_name-data_import.data_raw_potential-batches-1_seed-42_transformation-cofactor-150	not_applicable	cyanno	CyAnno	drop-both	.cf99b5bbf108239b5579ea572773bd79f2991aa4794838d0cb51fe27dd533bc3	Drop ungated training + test	5	5	1	complete	recall_macro	0.4109267437460891	5	Macro recall	arithmetic mean across accepted effective folds with a defined score for this metric	known-population-open-set-v1
FR-FCM-ZYVT	FR-FCM-ZYVT	dataset_name-FR-FCM-ZYVT_dataset-revision-67990f383ac8f169c9a00148febba1ed357e18e8_name-data_import.data_raw_potential-batches-1_seed-42_transformation-cofactor-150	not_applicable	cyanno	CyAnno	drop-both	.cf99b5bbf108239b5579ea572773bd79f2991aa4794838d0cb51fe27dd533bc3	Drop ungated training + test	5	5	1	complete	recall_macro	0.5359754405795472	5	Macro recall	arithmetic mean across accepted effective folds with a defined score for this metric	known-population-open-set-v1
FlowCyt	FlowCyt	dataset_name-FlowCyt_dataset-revision-67990f383ac8f169c9a00148febba1ed357e18e8_name-data_import.data_raw_potential-batches-1_seed-42_transformation-cofactor-150	not_applicable	cyanno	CyAnno	drop-both	.cf99b5bbf108239b5579ea572773bd79f2991aa4794838d0cb51fe27dd533bc3	Drop ungated training + test	5	5	1	complete	recall_macro	0.9001209256702004	5	Macro recall	arithmetic mean across accepted effective folds with a defined score for this metric	known-population-open-set-v1
Levine	Levine	dataset_name-Levine_dataset-revision-67990f383ac8f169c9a00148febba1ed357e18e8_name-data_import.data_raw_potential-batches-1_seed-42_transformation-cofactor-5	not_applicable	cyanno	CyAnno	drop-both	.cf99b5bbf108239b5579ea572773bd79f2991aa4794838d0cb51fe27dd533bc3	Drop ungated training + test	2	2	1	complete	recall_macro	0.9411777770824294	2	Macro recall	arithmetic mean across accepted effective folds with a defined score for this metric	known-population-open-set-v1
Samusik	Samusik	dataset_name-Samusik_dataset-revision-67990f383ac8f169c9a00148febba1ed357e18e8_name-data_import.data_raw_potential-batches-1_seed-42_transformation-cofactor-5	not_applicable	cyanno	CyAnno	drop-both	.cf99b5bbf108239b5579ea572773bd79f2991aa4794838d0cb51fe27dd533bc3	Drop ungated training + test	5	5	1	complete	recall_macro	0.8371771297179017	5	Macro recall	arithmetic mean across accepted effective folds with a defined score for this metric	known-population-open-set-v1
15723074	15723074	dataset_name-15723074_dataset-revision-4bf02d6adbe55785ca855b57274aa37b8dc843ae_name-data_import.data_raw_potential-batches-1_seed-42_transformation-cofactor-150	not_applicable	cygate	CyGATE	drop-both	.cf99b5bbf108239b5579ea572773bd79f2991aa4794838d0cb51fe27dd533bc3	Drop ungated training + test	5	5	1	complete	recall_macro	0.8148722952284637	5	Macro recall	arithmetic mean across accepted effective folds with a defined score for this metric	known-population-open-set-v1
BodenmillerXL	BodenmillerXL	dataset_name-BodenmillerXL_dataset-revision-67990f383ac8f169c9a00148febba1ed357e18e8_name-data_import.data_raw_potential-batches-1_seed-42_transformation-cofactor-5	not_applicable	cygate	CyGATE	drop-both	.cf99b5bbf108239b5579ea572773bd79f2991aa4794838d0cb51fe27dd533bc3	Drop ungated training + test	5	5	1	complete	recall_macro	0.7624052496033135	5	Macro recall	arithmetic mean across accepted effective folds with a defined score for this metric	known-population-open-set-v1
FR-FCM-Z238	FR-FCM-Z238	dataset_name-FR-FCM-Z238_dataset-revision-67990f383ac8f169c9a00148febba1ed357e18e8_name-data_import.data_raw_potential-batches-1_seed-42_transformation-cofactor-5	not_applicable	cygate	CyGATE	drop-both	.cf99b5bbf108239b5579ea572773bd79f2991aa4794838d0cb51fe27dd533bc3	Drop ungated training + test	5	5	1	complete	recall_macro	0.6667467946207797	5	Macro recall	arithmetic mean across accepted effective folds with a defined score for this metric	known-population-open-set-v1
FR-FCM-Z2KP-covid	FR-FCM-Z2KP-covid	dataset_name-FR-FCM-Z2KP-covid_dataset-revision-67990f383ac8f169c9a00148febba1ed357e18e8_name-data_import.data_raw_potential-batches-1_seed-42_transformation-cofactor-150	not_applicable	cygate	CyGATE	drop-both	.cf99b5bbf108239b5579ea572773bd79f2991aa4794838d0cb51fe27dd533bc3	Drop ungated training + test	5	5	1	complete	recall_macro	0.8060678936829208	5	Macro recall	arithmetic mean across accepted effective folds with a defined score for this metric	known-population-open-set-v1
FR-FCM-Z2KP-healthy	FR-FCM-Z2KP-healthy (n=1k)	dataset_name-FR-FCM-Z2KP-healthy_dataset-revision-67990f383ac8f169c9a00148febba1ed357e18e8_name-data_import.data_raw_potential-batches-1_seed-420_sub-sampling-1000_transformation-cofactor-150	1000	cygate	CyGATE	drop-both	.cf99b5bbf108239b5579ea572773bd79f2991aa4794838d0cb51fe27dd533bc3	Drop ungated training + test	5	5	1	complete	recall_macro	0.8033890189775003	5	Macro recall	arithmetic mean across accepted effective folds with a defined score for this metric	known-population-open-set-v1
FR-FCM-Z2KP-healthy	FR-FCM-Z2KP-healthy (n=5k)	dataset_name-FR-FCM-Z2KP-healthy_dataset-revision-67990f383ac8f169c9a00148febba1ed357e18e8_name-data_import.data_raw_potential-batches-1_seed-420_sub-sampling-5000_transformation-cofactor-150	5000	cygate	CyGATE	drop-both	.cf99b5bbf108239b5579ea572773bd79f2991aa4794838d0cb51fe27dd533bc3	Drop ungated training + test	5	5	1	complete	recall_macro	0.7900477391074793	5	Macro recall	arithmetic mean across accepted effective folds with a defined score for this metric	known-population-open-set-v1
FR-FCM-Z2KP-healthy	FR-FCM-Z2KP-healthy (n=10k)	dataset_name-FR-FCM-Z2KP-healthy_dataset-revision-67990f383ac8f169c9a00148febba1ed357e18e8_name-data_import.data_raw_potential-batches-1_seed-420_sub-sampling-10000_transformation-cofactor-150	10000	cygate	CyGATE	drop-both	.cf99b5bbf108239b5579ea572773bd79f2991aa4794838d0cb51fe27dd533bc3	Drop ungated training + test	5	5	1	complete	recall_macro	0.8038732122678848	5	Macro recall	arithmetic mean across accepted effective folds with a defined score for this metric	known-population-open-set-v1
FR-FCM-Z2KP-healthy	FR-FCM-Z2KP-healthy (n=50k)	dataset_name-FR-FCM-Z2KP-healthy_dataset-revision-67990f383ac8f169c9a00148febba1ed357e18e8_name-data_import.data_raw_potential-batches-1_seed-420_sub-sampling-50000_transformation-cofactor-150	50000	cygate	CyGATE	drop-both	.cf99b5bbf108239b5579ea572773bd79f2991aa4794838d0cb51fe27dd533bc3	Drop ungated training + test	5	5	1	complete	recall_macro	0.7880008384868294	5	Macro recall	arithmetic mean across accepted effective folds with a defined score for this metric	known-population-open-set-v1
FR-FCM-Z2KP-healthy	FR-FCM-Z2KP-healthy (n=100k)	dataset_name-FR-FCM-Z2KP-healthy_dataset-revision-67990f383ac8f169c9a00148febba1ed357e18e8_name-data_import.data_raw_potential-batches-1_seed-420_sub-sampling-100000_transformation-cofactor-150	1e+05	cygate	CyGATE	drop-both	.cf99b5bbf108239b5579ea572773bd79f2991aa4794838d0cb51fe27dd533bc3	Drop ungated training + test	5	5	1	complete	recall_macro	0.7867770839682703	5	Macro recall	arithmetic mean across accepted effective folds with a defined score for this metric	known-population-open-set-v1
FR-FCM-Z2KP-healthy	FR-FCM-Z2KP-healthy	dataset_name-FR-FCM-Z2KP-healthy_dataset-revision-67990f383ac8f169c9a00148febba1ed357e18e8_name-data_import.data_raw_potential-batches-1_seed-42_transformation-cofactor-150	not_applicable	cygate	CyGATE	drop-both	.cf99b5bbf108239b5579ea572773bd79f2991aa4794838d0cb51fe27dd533bc3	Drop ungated training + test	5	5	1	complete	recall_macro	0.8025494930300221	5	Macro recall	arithmetic mean across accepted effective folds with a defined score for this metric	known-population-open-set-v1
FR-FCM-Z3YR	FR-FCM-Z3YR	dataset_name-FR-FCM-Z3YR_dataset-revision-67990f383ac8f169c9a00148febba1ed357e18e8_name-data_import.data_raw_potential-batches-1_seed-42_transformation-cofactor-5	not_applicable	cygate	CyGATE	drop-both	.cf99b5bbf108239b5579ea572773bd79f2991aa4794838d0cb51fe27dd533bc3	Drop ungated training + test	5	5	1	complete	recall_macro	0.70604928745605	5	Macro recall	arithmetic mean across accepted effective folds with a defined score for this metric	known-population-open-set-v1
FR-FCM-Z7CH-BALBc	FR-FCM-Z7CH-BALBc	dataset_name-FR-FCM-Z7CH-BALBc_dataset-revision-4bf02d6adbe55785ca855b57274aa37b8dc843ae_name-data_import.data_raw_potential-batches-1_seed-42_transformation-cofactor-150	not_applicable	cygate	CyGATE	drop-both	.cf99b5bbf108239b5579ea572773bd79f2991aa4794838d0cb51fe27dd533bc3	Drop ungated training + test	5	5	1	complete	recall_macro	0.8805917729081834	5	Macro recall	arithmetic mean across accepted effective folds with a defined score for this metric	known-population-open-set-v1
FR-FCM-Z7CH-C57BL6	FR-FCM-Z7CH-C57BL6	dataset_name-FR-FCM-Z7CH-C57BL6_dataset-revision-4bf02d6adbe55785ca855b57274aa37b8dc843ae_name-data_import.data_raw_potential-batches-1_seed-42_transformation-cofactor-150	not_applicable	cygate	CyGATE	drop-both	.cf99b5bbf108239b5579ea572773bd79f2991aa4794838d0cb51fe27dd533bc3	Drop ungated training + test	5	5	1	complete	recall_macro	0.8504877249382724	5	Macro recall	arithmetic mean across accepted effective folds with a defined score for this metric	known-population-open-set-v1
FR-FCM-ZY34	FR-FCM-ZY34	dataset_name-FR-FCM-ZY34_dataset-revision-67990f383ac8f169c9a00148febba1ed357e18e8_name-data_import.data_raw_potential-batches-1_seed-42_transformation-cofactor-150	not_applicable	cygate	CyGATE	drop-both	.cf99b5bbf108239b5579ea572773bd79f2991aa4794838d0cb51fe27dd533bc3	Drop ungated training + test	5	5	1	complete	recall_macro	0.503509431555027	5	Macro recall	arithmetic mean across accepted effective folds with a defined score for this metric	known-population-open-set-v1
FR-FCM-ZYVT	FR-FCM-ZYVT	dataset_name-FR-FCM-ZYVT_dataset-revision-67990f383ac8f169c9a00148febba1ed357e18e8_name-data_import.data_raw_potential-batches-1_seed-42_transformation-cofactor-150	not_applicable	cygate	CyGATE	drop-both	.cf99b5bbf108239b5579ea572773bd79f2991aa4794838d0cb51fe27dd533bc3	Drop ungated training + test	5	5	1	complete	recall_macro	0.6770080026110831	5	Macro recall	arithmetic mean across accepted effective folds with a defined score for this metric	known-population-open-set-v1
FlowCyt	FlowCyt	dataset_name-FlowCyt_dataset-revision-67990f383ac8f169c9a00148febba1ed357e18e8_name-data_import.data_raw_potential-batches-1_seed-42_transformation-cofactor-150	not_applicable	cygate	CyGATE	drop-both	.cf99b5bbf108239b5579ea572773bd79f2991aa4794838d0cb51fe27dd533bc3	Drop ungated training + test	5	5	1	complete	recall_macro	0.8892968665049747	5	Macro recall	arithmetic mean across accepted effective folds with a defined score for this metric	known-population-open-set-v1
Levine	Levine	dataset_name-Levine_dataset-revision-67990f383ac8f169c9a00148febba1ed357e18e8_name-data_import.data_raw_potential-batches-1_seed-42_transformation-cofactor-5	not_applicable	cygate	CyGATE	drop-both	.cf99b5bbf108239b5579ea572773bd79f2991aa4794838d0cb51fe27dd533bc3	Drop ungated training + test	2	2	1	complete	recall_macro	0.9197168186562716	2	Macro recall	arithmetic mean across accepted effective folds with a defined score for this metric	known-population-open-set-v1
Samusik	Samusik	dataset_name-Samusik_dataset-revision-67990f383ac8f169c9a00148febba1ed357e18e8_name-data_import.data_raw_potential-batches-1_seed-42_transformation-cofactor-5	not_applicable	cygate	CyGATE	drop-both	.cf99b5bbf108239b5579ea572773bd79f2991aa4794838d0cb51fe27dd533bc3	Drop ungated training + test	5	5	1	complete	recall_macro	0.8319578968111956	5	Macro recall	arithmetic mean across accepted effective folds with a defined score for this metric	known-population-open-set-v1
15723074	15723074	dataset_name-15723074_dataset-revision-4bf02d6adbe55785ca855b57274aa37b8dc843ae_name-data_import.data_raw_potential-batches-1_seed-42_transformation-cofactor-150	not_applicable	dgcytof	DGCyTOF	drop-both	.cf99b5bbf108239b5579ea572773bd79f2991aa4794838d0cb51fe27dd533bc3	Drop ungated training + test	5	5	1	complete	recall_macro	0.8399984313242916	5	Macro recall	arithmetic mean across accepted effective folds with a defined score for this metric	known-population-open-set-v1
BodenmillerXL	BodenmillerXL	dataset_name-BodenmillerXL_dataset-revision-67990f383ac8f169c9a00148febba1ed357e18e8_name-data_import.data_raw_potential-batches-1_seed-42_transformation-cofactor-5	not_applicable	dgcytof	DGCyTOF	drop-both	.cf99b5bbf108239b5579ea572773bd79f2991aa4794838d0cb51fe27dd533bc3	Drop ungated training + test	5	5	1	complete	recall_macro	0.7637501583989763	5	Macro recall	arithmetic mean across accepted effective folds with a defined score for this metric	known-population-open-set-v1
FR-FCM-Z238	FR-FCM-Z238	dataset_name-FR-FCM-Z238_dataset-revision-67990f383ac8f169c9a00148febba1ed357e18e8_name-data_import.data_raw_potential-batches-1_seed-42_transformation-cofactor-5	not_applicable	dgcytof	DGCyTOF	drop-both	.cf99b5bbf108239b5579ea572773bd79f2991aa4794838d0cb51fe27dd533bc3	Drop ungated training + test	5	5	1	complete	recall_macro	0.6509646001035645	5	Macro recall	arithmetic mean across accepted effective folds with a defined score for this metric	known-population-open-set-v1
FR-FCM-Z2KP-covid	FR-FCM-Z2KP-covid	dataset_name-FR-FCM-Z2KP-covid_dataset-revision-67990f383ac8f169c9a00148febba1ed357e18e8_name-data_import.data_raw_potential-batches-1_seed-42_transformation-cofactor-150	not_applicable	dgcytof	DGCyTOF	drop-both	.cf99b5bbf108239b5579ea572773bd79f2991aa4794838d0cb51fe27dd533bc3	Drop ungated training + test	5	5	1	complete	recall_macro	0.9728952944442538	5	Macro recall	arithmetic mean across accepted effective folds with a defined score for this metric	known-population-open-set-v1
FR-FCM-Z2KP-healthy	FR-FCM-Z2KP-healthy (n=1k)	dataset_name-FR-FCM-Z2KP-healthy_dataset-revision-67990f383ac8f169c9a00148febba1ed357e18e8_name-data_import.data_raw_potential-batches-1_seed-420_sub-sampling-1000_transformation-cofactor-150	1000	dgcytof	DGCyTOF	drop-both	.cf99b5bbf108239b5579ea572773bd79f2991aa4794838d0cb51fe27dd533bc3	Drop ungated training + test	5	5	1	complete	recall_macro	0.7376873943528116	5	Macro recall	arithmetic mean across accepted effective folds with a defined score for this metric	known-population-open-set-v1
FR-FCM-Z2KP-healthy	FR-FCM-Z2KP-healthy (n=5k)	dataset_name-FR-FCM-Z2KP-healthy_dataset-revision-67990f383ac8f169c9a00148febba1ed357e18e8_name-data_import.data_raw_potential-batches-1_seed-420_sub-sampling-5000_transformation-cofactor-150	5000	dgcytof	DGCyTOF	drop-both	.cf99b5bbf108239b5579ea572773bd79f2991aa4794838d0cb51fe27dd533bc3	Drop ungated training + test	5	5	1	complete	recall_macro	0.8593656954265847	5	Macro recall	arithmetic mean across accepted effective folds with a defined score for this metric	known-population-open-set-v1
FR-FCM-Z2KP-healthy	FR-FCM-Z2KP-healthy (n=10k)	dataset_name-FR-FCM-Z2KP-healthy_dataset-revision-67990f383ac8f169c9a00148febba1ed357e18e8_name-data_import.data_raw_potential-batches-1_seed-420_sub-sampling-10000_transformation-cofactor-150	10000	dgcytof	DGCyTOF	drop-both	.cf99b5bbf108239b5579ea572773bd79f2991aa4794838d0cb51fe27dd533bc3	Drop ungated training + test	5	5	1	complete	recall_macro	0.8871262441865905	5	Macro recall	arithmetic mean across accepted effective folds with a defined score for this metric	known-population-open-set-v1
FR-FCM-Z2KP-healthy	FR-FCM-Z2KP-healthy (n=50k)	dataset_name-FR-FCM-Z2KP-healthy_dataset-revision-67990f383ac8f169c9a00148febba1ed357e18e8_name-data_import.data_raw_potential-batches-1_seed-420_sub-sampling-50000_transformation-cofactor-150	50000	dgcytof	DGCyTOF	drop-both	.cf99b5bbf108239b5579ea572773bd79f2991aa4794838d0cb51fe27dd533bc3	Drop ungated training + test	5	5	1	complete	recall_macro	0.9541072689415696	5	Macro recall	arithmetic mean across accepted effective folds with a defined score for this metric	known-population-open-set-v1
FR-FCM-Z2KP-healthy	FR-FCM-Z2KP-healthy (n=100k)	dataset_name-FR-FCM-Z2KP-healthy_dataset-revision-67990f383ac8f169c9a00148febba1ed357e18e8_name-data_import.data_raw_potential-batches-1_seed-420_sub-sampling-100000_transformation-cofactor-150	1e+05	dgcytof	DGCyTOF	drop-both	.cf99b5bbf108239b5579ea572773bd79f2991aa4794838d0cb51fe27dd533bc3	Drop ungated training + test	5	5	1	complete	recall_macro	0.9652464859522097	5	Macro recall	arithmetic mean across accepted effective folds with a defined score for this metric	known-population-open-set-v1
FR-FCM-Z2KP-healthy	FR-FCM-Z2KP-healthy	dataset_name-FR-FCM-Z2KP-healthy_dataset-revision-67990f383ac8f169c9a00148febba1ed357e18e8_name-data_import.data_raw_potential-batches-1_seed-42_transformation-cofactor-150	not_applicable	dgcytof	DGCyTOF	drop-both	.cf99b5bbf108239b5579ea572773bd79f2991aa4794838d0cb51fe27dd533bc3	Drop ungated training + test	5	5	1	complete	recall_macro	0.978204728803486	5	Macro recall	arithmetic mean across accepted effective folds with a defined score for this metric	known-population-open-set-v1
FR-FCM-Z3YR	FR-FCM-Z3YR	dataset_name-FR-FCM-Z3YR_dataset-revision-67990f383ac8f169c9a00148febba1ed357e18e8_name-data_import.data_raw_potential-batches-1_seed-42_transformation-cofactor-5	not_applicable	dgcytof	DGCyTOF	drop-both	.cf99b5bbf108239b5579ea572773bd79f2991aa4794838d0cb51fe27dd533bc3	Drop ungated training + test	5	5	1	complete	recall_macro	0.7141517257401999	5	Macro recall	arithmetic mean across accepted effective folds with a defined score for this metric	known-population-open-set-v1
FR-FCM-Z7CH-BALBc	FR-FCM-Z7CH-BALBc	dataset_name-FR-FCM-Z7CH-BALBc_dataset-revision-4bf02d6adbe55785ca855b57274aa37b8dc843ae_name-data_import.data_raw_potential-batches-1_seed-42_transformation-cofactor-150	not_applicable	dgcytof	DGCyTOF	drop-both	.cf99b5bbf108239b5579ea572773bd79f2991aa4794838d0cb51fe27dd533bc3	Drop ungated training + test	5	5	1	complete	recall_macro	0.9522906755875625	5	Macro recall	arithmetic mean across accepted effective folds with a defined score for this metric	known-population-open-set-v1
FR-FCM-Z7CH-C57BL6	FR-FCM-Z7CH-C57BL6	dataset_name-FR-FCM-Z7CH-C57BL6_dataset-revision-4bf02d6adbe55785ca855b57274aa37b8dc843ae_name-data_import.data_raw_potential-batches-1_seed-42_transformation-cofactor-150	not_applicable	dgcytof	DGCyTOF	drop-both	.cf99b5bbf108239b5579ea572773bd79f2991aa4794838d0cb51fe27dd533bc3	Drop ungated training + test	5	5	1	complete	recall_macro	0.9631936858340464	5	Macro recall	arithmetic mean across accepted effective folds with a defined score for this metric	known-population-open-set-v1
FR-FCM-ZY34	FR-FCM-ZY34	dataset_name-FR-FCM-ZY34_dataset-revision-67990f383ac8f169c9a00148febba1ed357e18e8_name-data_import.data_raw_potential-batches-1_seed-42_transformation-cofactor-150	not_applicable	dgcytof	DGCyTOF	drop-both	.cf99b5bbf108239b5579ea572773bd79f2991aa4794838d0cb51fe27dd533bc3	Drop ungated training + test	5	5	1	complete	recall_macro	0.3827953777917553	5	Macro recall	arithmetic mean across accepted effective folds with a defined score for this metric	known-population-open-set-v1
FR-FCM-ZYVT	FR-FCM-ZYVT	dataset_name-FR-FCM-ZYVT_dataset-revision-67990f383ac8f169c9a00148febba1ed357e18e8_name-data_import.data_raw_potential-batches-1_seed-42_transformation-cofactor-150	not_applicable	dgcytof	DGCyTOF	drop-both	.cf99b5bbf108239b5579ea572773bd79f2991aa4794838d0cb51fe27dd533bc3	Drop ungated training + test	5	5	1	complete	recall_macro	0.5885794641079627	5	Macro recall	arithmetic mean across accepted effective folds with a defined score for this metric	known-population-open-set-v1
FlowCyt	FlowCyt	dataset_name-FlowCyt_dataset-revision-67990f383ac8f169c9a00148febba1ed357e18e8_name-data_import.data_raw_potential-batches-1_seed-42_transformation-cofactor-150	not_applicable	dgcytof	DGCyTOF	drop-both	.cf99b5bbf108239b5579ea572773bd79f2991aa4794838d0cb51fe27dd533bc3	Drop ungated training + test	5	5	1	complete	recall_macro	0.909316189216432	5	Macro recall	arithmetic mean across accepted effective folds with a defined score for this metric	known-population-open-set-v1
Levine	Levine	dataset_name-Levine_dataset-revision-67990f383ac8f169c9a00148febba1ed357e18e8_name-data_import.data_raw_potential-batches-1_seed-42_transformation-cofactor-5	not_applicable	dgcytof	DGCyTOF	drop-both	.cf99b5bbf108239b5579ea572773bd79f2991aa4794838d0cb51fe27dd533bc3	Drop ungated training + test	2	2	1	complete	recall_macro	0.9515306929355798	2	Macro recall	arithmetic mean across accepted effective folds with a defined score for this metric	known-population-open-set-v1
Samusik	Samusik	dataset_name-Samusik_dataset-revision-67990f383ac8f169c9a00148febba1ed357e18e8_name-data_import.data_raw_potential-batches-1_seed-42_transformation-cofactor-5	not_applicable	dgcytof	DGCyTOF	drop-both	.cf99b5bbf108239b5579ea572773bd79f2991aa4794838d0cb51fe27dd533bc3	Drop ungated training + test	5	5	1	complete	recall_macro	0.9064815379941824	5	Macro recall	arithmetic mean across accepted effective folds with a defined score for this metric	known-population-open-set-v1
15723074	15723074	dataset_name-15723074_dataset-revision-4bf02d6adbe55785ca855b57274aa37b8dc843ae_name-data_import.data_raw_potential-batches-1_seed-42_transformation-cofactor-150	not_applicable	gatemeclass[E]	GateMeClass [E]	drop-both	.cf99b5bbf108239b5579ea572773bd79f2991aa4794838d0cb51fe27dd533bc3	Drop ungated training + test	5	5	1	complete	recall_macro	0.9491510742780823	5	Macro recall	arithmetic mean across accepted effective folds with a defined score for this metric	known-population-open-set-v1
BodenmillerXL	BodenmillerXL	dataset_name-BodenmillerXL_dataset-revision-67990f383ac8f169c9a00148febba1ed357e18e8_name-data_import.data_raw_potential-batches-1_seed-42_transformation-cofactor-5	not_applicable	gatemeclass[E]	GateMeClass [E]	drop-both	.cf99b5bbf108239b5579ea572773bd79f2991aa4794838d0cb51fe27dd533bc3	Drop ungated training + test	5	5	1	complete	recall_macro	0.7082638570090481	5	Macro recall	arithmetic mean across accepted effective folds with a defined score for this metric	known-population-open-set-v1
FR-FCM-Z238	FR-FCM-Z238	dataset_name-FR-FCM-Z238_dataset-revision-67990f383ac8f169c9a00148febba1ed357e18e8_name-data_import.data_raw_potential-batches-1_seed-42_transformation-cofactor-5	not_applicable	gatemeclass[E]	GateMeClass [E]	drop-both	.cf99b5bbf108239b5579ea572773bd79f2991aa4794838d0cb51fe27dd533bc3	Drop ungated training + test	0	5	0	incomplete	recall_macro	NA	0	Macro recall	arithmetic mean across accepted effective folds with a defined score for this metric	known-population-open-set-v1
FR-FCM-Z2KP-covid	FR-FCM-Z2KP-covid	dataset_name-FR-FCM-Z2KP-covid_dataset-revision-67990f383ac8f169c9a00148febba1ed357e18e8_name-data_import.data_raw_potential-batches-1_seed-42_transformation-cofactor-150	not_applicable	gatemeclass[E]	GateMeClass [E]	drop-both	.cf99b5bbf108239b5579ea572773bd79f2991aa4794838d0cb51fe27dd533bc3	Drop ungated training + test	0	5	0	incomplete	recall_macro	NA	0	Macro recall	arithmetic mean across accepted effective folds with a defined score for this metric	known-population-open-set-v1
FR-FCM-Z2KP-healthy	FR-FCM-Z2KP-healthy (n=1k)	dataset_name-FR-FCM-Z2KP-healthy_dataset-revision-67990f383ac8f169c9a00148febba1ed357e18e8_name-data_import.data_raw_potential-batches-1_seed-420_sub-sampling-1000_transformation-cofactor-150	1000	gatemeclass[E]	GateMeClass [E]	drop-both	.cf99b5bbf108239b5579ea572773bd79f2991aa4794838d0cb51fe27dd533bc3	Drop ungated training + test	5	5	1	complete	recall_macro	0.7575660853495232	5	Macro recall	arithmetic mean across accepted effective folds with a defined score for this metric	known-population-open-set-v1
FR-FCM-Z2KP-healthy	FR-FCM-Z2KP-healthy (n=5k)	dataset_name-FR-FCM-Z2KP-healthy_dataset-revision-67990f383ac8f169c9a00148febba1ed357e18e8_name-data_import.data_raw_potential-batches-1_seed-420_sub-sampling-5000_transformation-cofactor-150	5000	gatemeclass[E]	GateMeClass [E]	drop-both	.cf99b5bbf108239b5579ea572773bd79f2991aa4794838d0cb51fe27dd533bc3	Drop ungated training + test	5	5	1	complete	recall_macro	0.684520679796932	5	Macro recall	arithmetic mean across accepted effective folds with a defined score for this metric	known-population-open-set-v1
FR-FCM-Z2KP-healthy	FR-FCM-Z2KP-healthy (n=10k)	dataset_name-FR-FCM-Z2KP-healthy_dataset-revision-67990f383ac8f169c9a00148febba1ed357e18e8_name-data_import.data_raw_potential-batches-1_seed-420_sub-sampling-10000_transformation-cofactor-150	10000	gatemeclass[E]	GateMeClass [E]	drop-both	.cf99b5bbf108239b5579ea572773bd79f2991aa4794838d0cb51fe27dd533bc3	Drop ungated training + test	5	5	1	complete	recall_macro	0.7040385864570464	5	Macro recall	arithmetic mean across accepted effective folds with a defined score for this metric	known-population-open-set-v1
FR-FCM-Z2KP-healthy	FR-FCM-Z2KP-healthy (n=50k)	dataset_name-FR-FCM-Z2KP-healthy_dataset-revision-67990f383ac8f169c9a00148febba1ed357e18e8_name-data_import.data_raw_potential-batches-1_seed-420_sub-sampling-50000_transformation-cofactor-150	50000	gatemeclass[E]	GateMeClass [E]	drop-both	.cf99b5bbf108239b5579ea572773bd79f2991aa4794838d0cb51fe27dd533bc3	Drop ungated training + test	5	5	1	complete	recall_macro	0.7226600944870577	5	Macro recall	arithmetic mean across accepted effective folds with a defined score for this metric	known-population-open-set-v1
FR-FCM-Z2KP-healthy	FR-FCM-Z2KP-healthy (n=100k)	dataset_name-FR-FCM-Z2KP-healthy_dataset-revision-67990f383ac8f169c9a00148febba1ed357e18e8_name-data_import.data_raw_potential-batches-1_seed-420_sub-sampling-100000_transformation-cofactor-150	1e+05	gatemeclass[E]	GateMeClass [E]	drop-both	.cf99b5bbf108239b5579ea572773bd79f2991aa4794838d0cb51fe27dd533bc3	Drop ungated training + test	5	5	1	complete	recall_macro	0.6782430016829242	5	Macro recall	arithmetic mean across accepted effective folds with a defined score for this metric	known-population-open-set-v1
FR-FCM-Z2KP-healthy	FR-FCM-Z2KP-healthy	dataset_name-FR-FCM-Z2KP-healthy_dataset-revision-67990f383ac8f169c9a00148febba1ed357e18e8_name-data_import.data_raw_potential-batches-1_seed-42_transformation-cofactor-150	not_applicable	gatemeclass[E]	GateMeClass [E]	drop-both	.cf99b5bbf108239b5579ea572773bd79f2991aa4794838d0cb51fe27dd533bc3	Drop ungated training + test	5	5	1	complete	recall_macro	0.6984315580735451	5	Macro recall	arithmetic mean across accepted effective folds with a defined score for this metric	known-population-open-set-v1
FR-FCM-Z3YR	FR-FCM-Z3YR	dataset_name-FR-FCM-Z3YR_dataset-revision-67990f383ac8f169c9a00148febba1ed357e18e8_name-data_import.data_raw_potential-batches-1_seed-42_transformation-cofactor-5	not_applicable	gatemeclass[E]	GateMeClass [E]	drop-both	.cf99b5bbf108239b5579ea572773bd79f2991aa4794838d0cb51fe27dd533bc3	Drop ungated training + test	0	5	0	incomplete	recall_macro	NA	0	Macro recall	arithmetic mean across accepted effective folds with a defined score for this metric	known-population-open-set-v1
FR-FCM-Z7CH-BALBc	FR-FCM-Z7CH-BALBc	dataset_name-FR-FCM-Z7CH-BALBc_dataset-revision-4bf02d6adbe55785ca855b57274aa37b8dc843ae_name-data_import.data_raw_potential-batches-1_seed-42_transformation-cofactor-150	not_applicable	gatemeclass[E]	GateMeClass [E]	drop-both	.cf99b5bbf108239b5579ea572773bd79f2991aa4794838d0cb51fe27dd533bc3	Drop ungated training + test	5	5	1	complete	recall_macro	0.8284649715991667	5	Macro recall	arithmetic mean across accepted effective folds with a defined score for this metric	known-population-open-set-v1
FR-FCM-Z7CH-C57BL6	FR-FCM-Z7CH-C57BL6	dataset_name-FR-FCM-Z7CH-C57BL6_dataset-revision-4bf02d6adbe55785ca855b57274aa37b8dc843ae_name-data_import.data_raw_potential-batches-1_seed-42_transformation-cofactor-150	not_applicable	gatemeclass[E]	GateMeClass [E]	drop-both	.cf99b5bbf108239b5579ea572773bd79f2991aa4794838d0cb51fe27dd533bc3	Drop ungated training + test	5	5	1	complete	recall_macro	0.6726860103225868	5	Macro recall	arithmetic mean across accepted effective folds with a defined score for this metric	known-population-open-set-v1
FR-FCM-ZY34	FR-FCM-ZY34	dataset_name-FR-FCM-ZY34_dataset-revision-67990f383ac8f169c9a00148febba1ed357e18e8_name-data_import.data_raw_potential-batches-1_seed-42_transformation-cofactor-150	not_applicable	gatemeclass[E]	GateMeClass [E]	drop-both	.cf99b5bbf108239b5579ea572773bd79f2991aa4794838d0cb51fe27dd533bc3	Drop ungated training + test	5	5	1	complete	recall_macro	0.27608463547172646	5	Macro recall	arithmetic mean across accepted effective folds with a defined score for this metric	known-population-open-set-v1
FR-FCM-ZYVT	FR-FCM-ZYVT	dataset_name-FR-FCM-ZYVT_dataset-revision-67990f383ac8f169c9a00148febba1ed357e18e8_name-data_import.data_raw_potential-batches-1_seed-42_transformation-cofactor-150	not_applicable	gatemeclass[E]	GateMeClass [E]	drop-both	.cf99b5bbf108239b5579ea572773bd79f2991aa4794838d0cb51fe27dd533bc3	Drop ungated training + test	5	5	1	complete	recall_macro	0.6448508586150795	5	Macro recall	arithmetic mean across accepted effective folds with a defined score for this metric	known-population-open-set-v1
FlowCyt	FlowCyt	dataset_name-FlowCyt_dataset-revision-67990f383ac8f169c9a00148febba1ed357e18e8_name-data_import.data_raw_potential-batches-1_seed-42_transformation-cofactor-150	not_applicable	gatemeclass[E]	GateMeClass [E]	drop-both	.cf99b5bbf108239b5579ea572773bd79f2991aa4794838d0cb51fe27dd533bc3	Drop ungated training + test	0	5	0	incomplete	recall_macro	NA	0	Macro recall	arithmetic mean across accepted effective folds with a defined score for this metric	known-population-open-set-v1
Levine	Levine	dataset_name-Levine_dataset-revision-67990f383ac8f169c9a00148febba1ed357e18e8_name-data_import.data_raw_potential-batches-1_seed-42_transformation-cofactor-5	not_applicable	gatemeclass[E]	GateMeClass [E]	drop-both	.cf99b5bbf108239b5579ea572773bd79f2991aa4794838d0cb51fe27dd533bc3	Drop ungated training + test	2	2	1	complete	recall_macro	0.8839563673133927	2	Macro recall	arithmetic mean across accepted effective folds with a defined score for this metric	known-population-open-set-v1
Samusik	Samusik	dataset_name-Samusik_dataset-revision-67990f383ac8f169c9a00148febba1ed357e18e8_name-data_import.data_raw_potential-batches-1_seed-42_transformation-cofactor-5	not_applicable	gatemeclass[E]	GateMeClass [E]	drop-both	.cf99b5bbf108239b5579ea572773bd79f2991aa4794838d0cb51fe27dd533bc3	Drop ungated training + test	5	5	1	complete	recall_macro	0.7413381203909623	5	Macro recall	arithmetic mean across accepted effective folds with a defined score for this metric	known-population-open-set-v1
15723074	15723074	dataset_name-15723074_dataset-revision-4bf02d6adbe55785ca855b57274aa37b8dc843ae_name-data_import.data_raw_potential-batches-1_seed-42_transformation-cofactor-150	not_applicable	gatemeclass[V]	GateMeClass [V]	drop-both	.cf99b5bbf108239b5579ea572773bd79f2991aa4794838d0cb51fe27dd533bc3	Drop ungated training + test	5	5	1	complete	recall_macro	0.7368175953763928	5	Macro recall	arithmetic mean across accepted effective folds with a defined score for this metric	known-population-open-set-v1
BodenmillerXL	BodenmillerXL	dataset_name-BodenmillerXL_dataset-revision-67990f383ac8f169c9a00148febba1ed357e18e8_name-data_import.data_raw_potential-batches-1_seed-42_transformation-cofactor-5	not_applicable	gatemeclass[V]	GateMeClass [V]	drop-both	.cf99b5bbf108239b5579ea572773bd79f2991aa4794838d0cb51fe27dd533bc3	Drop ungated training + test	5	5	1	complete	recall_macro	0.5189498950583669	5	Macro recall	arithmetic mean across accepted effective folds with a defined score for this metric	known-population-open-set-v1
FR-FCM-Z238	FR-FCM-Z238	dataset_name-FR-FCM-Z238_dataset-revision-67990f383ac8f169c9a00148febba1ed357e18e8_name-data_import.data_raw_potential-batches-1_seed-42_transformation-cofactor-5	not_applicable	gatemeclass[V]	GateMeClass [V]	drop-both	.cf99b5bbf108239b5579ea572773bd79f2991aa4794838d0cb51fe27dd533bc3	Drop ungated training + test	0	5	0	incomplete	recall_macro	NA	0	Macro recall	arithmetic mean across accepted effective folds with a defined score for this metric	known-population-open-set-v1
FR-FCM-Z2KP-covid	FR-FCM-Z2KP-covid	dataset_name-FR-FCM-Z2KP-covid_dataset-revision-67990f383ac8f169c9a00148febba1ed357e18e8_name-data_import.data_raw_potential-batches-1_seed-42_transformation-cofactor-150	not_applicable	gatemeclass[V]	GateMeClass [V]	drop-both	.cf99b5bbf108239b5579ea572773bd79f2991aa4794838d0cb51fe27dd533bc3	Drop ungated training + test	0	5	0	incomplete	recall_macro	NA	0	Macro recall	arithmetic mean across accepted effective folds with a defined score for this metric	known-population-open-set-v1
FR-FCM-Z2KP-healthy	FR-FCM-Z2KP-healthy (n=1k)	dataset_name-FR-FCM-Z2KP-healthy_dataset-revision-67990f383ac8f169c9a00148febba1ed357e18e8_name-data_import.data_raw_potential-batches-1_seed-420_sub-sampling-1000_transformation-cofactor-150	1000	gatemeclass[V]	GateMeClass [V]	drop-both	.cf99b5bbf108239b5579ea572773bd79f2991aa4794838d0cb51fe27dd533bc3	Drop ungated training + test	5	5	1	complete	recall_macro	0.6979480273176694	5	Macro recall	arithmetic mean across accepted effective folds with a defined score for this metric	known-population-open-set-v1
FR-FCM-Z2KP-healthy	FR-FCM-Z2KP-healthy (n=5k)	dataset_name-FR-FCM-Z2KP-healthy_dataset-revision-67990f383ac8f169c9a00148febba1ed357e18e8_name-data_import.data_raw_potential-batches-1_seed-420_sub-sampling-5000_transformation-cofactor-150	5000	gatemeclass[V]	GateMeClass [V]	drop-both	.cf99b5bbf108239b5579ea572773bd79f2991aa4794838d0cb51fe27dd533bc3	Drop ungated training + test	5	5	1	complete	recall_macro	0.7322846362344104	5	Macro recall	arithmetic mean across accepted effective folds with a defined score for this metric	known-population-open-set-v1
FR-FCM-Z2KP-healthy	FR-FCM-Z2KP-healthy (n=10k)	dataset_name-FR-FCM-Z2KP-healthy_dataset-revision-67990f383ac8f169c9a00148febba1ed357e18e8_name-data_import.data_raw_potential-batches-1_seed-420_sub-sampling-10000_transformation-cofactor-150	10000	gatemeclass[V]	GateMeClass [V]	drop-both	.cf99b5bbf108239b5579ea572773bd79f2991aa4794838d0cb51fe27dd533bc3	Drop ungated training + test	5	5	1	complete	recall_macro	0.7431325292123628	5	Macro recall	arithmetic mean across accepted effective folds with a defined score for this metric	known-population-open-set-v1
FR-FCM-Z2KP-healthy	FR-FCM-Z2KP-healthy (n=50k)	dataset_name-FR-FCM-Z2KP-healthy_dataset-revision-67990f383ac8f169c9a00148febba1ed357e18e8_name-data_import.data_raw_potential-batches-1_seed-420_sub-sampling-50000_transformation-cofactor-150	50000	gatemeclass[V]	GateMeClass [V]	drop-both	.cf99b5bbf108239b5579ea572773bd79f2991aa4794838d0cb51fe27dd533bc3	Drop ungated training + test	5	5	1	complete	recall_macro	0.6654938961051071	5	Macro recall	arithmetic mean across accepted effective folds with a defined score for this metric	known-population-open-set-v1
FR-FCM-Z2KP-healthy	FR-FCM-Z2KP-healthy (n=100k)	dataset_name-FR-FCM-Z2KP-healthy_dataset-revision-67990f383ac8f169c9a00148febba1ed357e18e8_name-data_import.data_raw_potential-batches-1_seed-420_sub-sampling-100000_transformation-cofactor-150	1e+05	gatemeclass[V]	GateMeClass [V]	drop-both	.cf99b5bbf108239b5579ea572773bd79f2991aa4794838d0cb51fe27dd533bc3	Drop ungated training + test	5	5	1	complete	recall_macro	0.7028734020533287	5	Macro recall	arithmetic mean across accepted effective folds with a defined score for this metric	known-population-open-set-v1
FR-FCM-Z2KP-healthy	FR-FCM-Z2KP-healthy	dataset_name-FR-FCM-Z2KP-healthy_dataset-revision-67990f383ac8f169c9a00148febba1ed357e18e8_name-data_import.data_raw_potential-batches-1_seed-42_transformation-cofactor-150	not_applicable	gatemeclass[V]	GateMeClass [V]	drop-both	.cf99b5bbf108239b5579ea572773bd79f2991aa4794838d0cb51fe27dd533bc3	Drop ungated training + test	5	5	1	complete	recall_macro	0.6897747856935155	5	Macro recall	arithmetic mean across accepted effective folds with a defined score for this metric	known-population-open-set-v1
FR-FCM-Z3YR	FR-FCM-Z3YR	dataset_name-FR-FCM-Z3YR_dataset-revision-67990f383ac8f169c9a00148febba1ed357e18e8_name-data_import.data_raw_potential-batches-1_seed-42_transformation-cofactor-5	not_applicable	gatemeclass[V]	GateMeClass [V]	drop-both	.cf99b5bbf108239b5579ea572773bd79f2991aa4794838d0cb51fe27dd533bc3	Drop ungated training + test	0	5	0	incomplete	recall_macro	NA	0	Macro recall	arithmetic mean across accepted effective folds with a defined score for this metric	known-population-open-set-v1
FR-FCM-Z7CH-BALBc	FR-FCM-Z7CH-BALBc	dataset_name-FR-FCM-Z7CH-BALBc_dataset-revision-4bf02d6adbe55785ca855b57274aa37b8dc843ae_name-data_import.data_raw_potential-batches-1_seed-42_transformation-cofactor-150	not_applicable	gatemeclass[V]	GateMeClass [V]	drop-both	.cf99b5bbf108239b5579ea572773bd79f2991aa4794838d0cb51fe27dd533bc3	Drop ungated training + test	5	5	1	complete	recall_macro	0.830984002732588	5	Macro recall	arithmetic mean across accepted effective folds with a defined score for this metric	known-population-open-set-v1
FR-FCM-Z7CH-C57BL6	FR-FCM-Z7CH-C57BL6	dataset_name-FR-FCM-Z7CH-C57BL6_dataset-revision-4bf02d6adbe55785ca855b57274aa37b8dc843ae_name-data_import.data_raw_potential-batches-1_seed-42_transformation-cofactor-150	not_applicable	gatemeclass[V]	GateMeClass [V]	drop-both	.cf99b5bbf108239b5579ea572773bd79f2991aa4794838d0cb51fe27dd533bc3	Drop ungated training + test	5	5	1	complete	recall_macro	0.8493857240887507	5	Macro recall	arithmetic mean across accepted effective folds with a defined score for this metric	known-population-open-set-v1
FR-FCM-ZY34	FR-FCM-ZY34	dataset_name-FR-FCM-ZY34_dataset-revision-67990f383ac8f169c9a00148febba1ed357e18e8_name-data_import.data_raw_potential-batches-1_seed-42_transformation-cofactor-150	not_applicable	gatemeclass[V]	GateMeClass [V]	drop-both	.cf99b5bbf108239b5579ea572773bd79f2991aa4794838d0cb51fe27dd533bc3	Drop ungated training + test	5	5	1	complete	recall_macro	0.18564395439722095	5	Macro recall	arithmetic mean across accepted effective folds with a defined score for this metric	known-population-open-set-v1
FR-FCM-ZYVT	FR-FCM-ZYVT	dataset_name-FR-FCM-ZYVT_dataset-revision-67990f383ac8f169c9a00148febba1ed357e18e8_name-data_import.data_raw_potential-batches-1_seed-42_transformation-cofactor-150	not_applicable	gatemeclass[V]	GateMeClass [V]	drop-both	.cf99b5bbf108239b5579ea572773bd79f2991aa4794838d0cb51fe27dd533bc3	Drop ungated training + test	5	5	1	complete	recall_macro	0.6194783246922749	5	Macro recall	arithmetic mean across accepted effective folds with a defined score for this metric	known-population-open-set-v1
FlowCyt	FlowCyt	dataset_name-FlowCyt_dataset-revision-67990f383ac8f169c9a00148febba1ed357e18e8_name-data_import.data_raw_potential-batches-1_seed-42_transformation-cofactor-150	not_applicable	gatemeclass[V]	GateMeClass [V]	drop-both	.cf99b5bbf108239b5579ea572773bd79f2991aa4794838d0cb51fe27dd533bc3	Drop ungated training + test	0	5	0	incomplete	recall_macro	NA	0	Macro recall	arithmetic mean across accepted effective folds with a defined score for this metric	known-population-open-set-v1
Levine	Levine	dataset_name-Levine_dataset-revision-67990f383ac8f169c9a00148febba1ed357e18e8_name-data_import.data_raw_potential-batches-1_seed-42_transformation-cofactor-5	not_applicable	gatemeclass[V]	GateMeClass [V]	drop-both	.cf99b5bbf108239b5579ea572773bd79f2991aa4794838d0cb51fe27dd533bc3	Drop ungated training + test	2	2	1	complete	recall_macro	0.8569217607695211	2	Macro recall	arithmetic mean across accepted effective folds with a defined score for this metric	known-population-open-set-v1
Samusik	Samusik	dataset_name-Samusik_dataset-revision-67990f383ac8f169c9a00148febba1ed357e18e8_name-data_import.data_raw_potential-batches-1_seed-42_transformation-cofactor-5	not_applicable	gatemeclass[V]	GateMeClass [V]	drop-both	.cf99b5bbf108239b5579ea572773bd79f2991aa4794838d0cb51fe27dd533bc3	Drop ungated training + test	5	5	1	complete	recall_macro	0.6903892534312038	5	Macro recall	arithmetic mean across accepted effective folds with a defined score for this metric	known-population-open-set-v1
15723074	15723074	dataset_name-15723074_dataset-revision-4bf02d6adbe55785ca855b57274aa37b8dc843ae_name-data_import.data_raw_potential-batches-1_seed-42_transformation-cofactor-150	not_applicable	knn	KNN	drop-both	.cf99b5bbf108239b5579ea572773bd79f2991aa4794838d0cb51fe27dd533bc3	Drop ungated training + test	5	5	1	complete	recall_macro	0.8111369214836294	5	Macro recall	arithmetic mean across accepted effective folds with a defined score for this metric	known-population-open-set-v1
BodenmillerXL	BodenmillerXL	dataset_name-BodenmillerXL_dataset-revision-67990f383ac8f169c9a00148febba1ed357e18e8_name-data_import.data_raw_potential-batches-1_seed-42_transformation-cofactor-5	not_applicable	knn	KNN	drop-both	.cf99b5bbf108239b5579ea572773bd79f2991aa4794838d0cb51fe27dd533bc3	Drop ungated training + test	5	5	1	complete	recall_macro	0.6995192697143108	5	Macro recall	arithmetic mean across accepted effective folds with a defined score for this metric	known-population-open-set-v1
FR-FCM-Z238	FR-FCM-Z238	dataset_name-FR-FCM-Z238_dataset-revision-67990f383ac8f169c9a00148febba1ed357e18e8_name-data_import.data_raw_potential-batches-1_seed-42_transformation-cofactor-5	not_applicable	knn	KNN	drop-both	.cf99b5bbf108239b5579ea572773bd79f2991aa4794838d0cb51fe27dd533bc3	Drop ungated training + test	5	5	1	complete	recall_macro	0.5065022321591134	5	Macro recall	arithmetic mean across accepted effective folds with a defined score for this metric	known-population-open-set-v1
FR-FCM-Z2KP-covid	FR-FCM-Z2KP-covid	dataset_name-FR-FCM-Z2KP-covid_dataset-revision-67990f383ac8f169c9a00148febba1ed357e18e8_name-data_import.data_raw_potential-batches-1_seed-42_transformation-cofactor-150	not_applicable	knn	KNN	drop-both	.cf99b5bbf108239b5579ea572773bd79f2991aa4794838d0cb51fe27dd533bc3	Drop ungated training + test	5	5	1	complete	recall_macro	0.736604671910327	5	Macro recall	arithmetic mean across accepted effective folds with a defined score for this metric	known-population-open-set-v1
FR-FCM-Z2KP-healthy	FR-FCM-Z2KP-healthy (n=1k)	dataset_name-FR-FCM-Z2KP-healthy_dataset-revision-67990f383ac8f169c9a00148febba1ed357e18e8_name-data_import.data_raw_potential-batches-1_seed-420_sub-sampling-1000_transformation-cofactor-150	1000	knn	KNN	drop-both	.cf99b5bbf108239b5579ea572773bd79f2991aa4794838d0cb51fe27dd533bc3	Drop ungated training + test	5	5	1	complete	recall_macro	0.7470308700785097	5	Macro recall	arithmetic mean across accepted effective folds with a defined score for this metric	known-population-open-set-v1
FR-FCM-Z2KP-healthy	FR-FCM-Z2KP-healthy (n=5k)	dataset_name-FR-FCM-Z2KP-healthy_dataset-revision-67990f383ac8f169c9a00148febba1ed357e18e8_name-data_import.data_raw_potential-batches-1_seed-420_sub-sampling-5000_transformation-cofactor-150	5000	knn	KNN	drop-both	.cf99b5bbf108239b5579ea572773bd79f2991aa4794838d0cb51fe27dd533bc3	Drop ungated training + test	5	5	1	complete	recall_macro	0.7422156798302645	5	Macro recall	arithmetic mean across accepted effective folds with a defined score for this metric	known-population-open-set-v1
FR-FCM-Z2KP-healthy	FR-FCM-Z2KP-healthy (n=10k)	dataset_name-FR-FCM-Z2KP-healthy_dataset-revision-67990f383ac8f169c9a00148febba1ed357e18e8_name-data_import.data_raw_potential-batches-1_seed-420_sub-sampling-10000_transformation-cofactor-150	10000	knn	KNN	drop-both	.cf99b5bbf108239b5579ea572773bd79f2991aa4794838d0cb51fe27dd533bc3	Drop ungated training + test	5	5	1	complete	recall_macro	0.7382694998371455	5	Macro recall	arithmetic mean across accepted effective folds with a defined score for this metric	known-population-open-set-v1
FR-FCM-Z2KP-healthy	FR-FCM-Z2KP-healthy (n=50k)	dataset_name-FR-FCM-Z2KP-healthy_dataset-revision-67990f383ac8f169c9a00148febba1ed357e18e8_name-data_import.data_raw_potential-batches-1_seed-420_sub-sampling-50000_transformation-cofactor-150	50000	knn	KNN	drop-both	.cf99b5bbf108239b5579ea572773bd79f2991aa4794838d0cb51fe27dd533bc3	Drop ungated training + test	5	5	1	complete	recall_macro	0.7425165022528544	5	Macro recall	arithmetic mean across accepted effective folds with a defined score for this metric	known-population-open-set-v1
FR-FCM-Z2KP-healthy	FR-FCM-Z2KP-healthy (n=100k)	dataset_name-FR-FCM-Z2KP-healthy_dataset-revision-67990f383ac8f169c9a00148febba1ed357e18e8_name-data_import.data_raw_potential-batches-1_seed-420_sub-sampling-100000_transformation-cofactor-150	1e+05	knn	KNN	drop-both	.cf99b5bbf108239b5579ea572773bd79f2991aa4794838d0cb51fe27dd533bc3	Drop ungated training + test	5	5	1	complete	recall_macro	0.7429320220267686	5	Macro recall	arithmetic mean across accepted effective folds with a defined score for this metric	known-population-open-set-v1
FR-FCM-Z2KP-healthy	FR-FCM-Z2KP-healthy	dataset_name-FR-FCM-Z2KP-healthy_dataset-revision-67990f383ac8f169c9a00148febba1ed357e18e8_name-data_import.data_raw_potential-batches-1_seed-42_transformation-cofactor-150	not_applicable	knn	KNN	drop-both	.cf99b5bbf108239b5579ea572773bd79f2991aa4794838d0cb51fe27dd533bc3	Drop ungated training + test	5	5	1	complete	recall_macro	0.7464548161686563	5	Macro recall	arithmetic mean across accepted effective folds with a defined score for this metric	known-population-open-set-v1
FR-FCM-Z3YR	FR-FCM-Z3YR	dataset_name-FR-FCM-Z3YR_dataset-revision-67990f383ac8f169c9a00148febba1ed357e18e8_name-data_import.data_raw_potential-batches-1_seed-42_transformation-cofactor-5	not_applicable	knn	KNN	drop-both	.cf99b5bbf108239b5579ea572773bd79f2991aa4794838d0cb51fe27dd533bc3	Drop ungated training + test	5	5	1	complete	recall_macro	0.7010247838139598	5	Macro recall	arithmetic mean across accepted effective folds with a defined score for this metric	known-population-open-set-v1
FR-FCM-Z7CH-BALBc	FR-FCM-Z7CH-BALBc	dataset_name-FR-FCM-Z7CH-BALBc_dataset-revision-4bf02d6adbe55785ca855b57274aa37b8dc843ae_name-data_import.data_raw_potential-batches-1_seed-42_transformation-cofactor-150	not_applicable	knn	KNN	drop-both	.cf99b5bbf108239b5579ea572773bd79f2991aa4794838d0cb51fe27dd533bc3	Drop ungated training + test	5	5	1	complete	recall_macro	0.8166596334616466	5	Macro recall	arithmetic mean across accepted effective folds with a defined score for this metric	known-population-open-set-v1
FR-FCM-Z7CH-C57BL6	FR-FCM-Z7CH-C57BL6	dataset_name-FR-FCM-Z7CH-C57BL6_dataset-revision-4bf02d6adbe55785ca855b57274aa37b8dc843ae_name-data_import.data_raw_potential-batches-1_seed-42_transformation-cofactor-150	not_applicable	knn	KNN	drop-both	.cf99b5bbf108239b5579ea572773bd79f2991aa4794838d0cb51fe27dd533bc3	Drop ungated training + test	5	5	1	complete	recall_macro	0.8353356672226444	5	Macro recall	arithmetic mean across accepted effective folds with a defined score for this metric	known-population-open-set-v1
FR-FCM-ZY34	FR-FCM-ZY34	dataset_name-FR-FCM-ZY34_dataset-revision-67990f383ac8f169c9a00148febba1ed357e18e8_name-data_import.data_raw_potential-batches-1_seed-42_transformation-cofactor-150	not_applicable	knn	KNN	drop-both	.cf99b5bbf108239b5579ea572773bd79f2991aa4794838d0cb51fe27dd533bc3	Drop ungated training + test	5	5	1	complete	recall_macro	0.24428442738328687	5	Macro recall	arithmetic mean across accepted effective folds with a defined score for this metric	known-population-open-set-v1
FR-FCM-ZYVT	FR-FCM-ZYVT	dataset_name-FR-FCM-ZYVT_dataset-revision-67990f383ac8f169c9a00148febba1ed357e18e8_name-data_import.data_raw_potential-batches-1_seed-42_transformation-cofactor-150	not_applicable	knn	KNN	drop-both	.cf99b5bbf108239b5579ea572773bd79f2991aa4794838d0cb51fe27dd533bc3	Drop ungated training + test	5	5	1	complete	recall_macro	0.6481412324733561	5	Macro recall	arithmetic mean across accepted effective folds with a defined score for this metric	known-population-open-set-v1
FlowCyt	FlowCyt	dataset_name-FlowCyt_dataset-revision-67990f383ac8f169c9a00148febba1ed357e18e8_name-data_import.data_raw_potential-batches-1_seed-42_transformation-cofactor-150	not_applicable	knn	KNN	drop-both	.cf99b5bbf108239b5579ea572773bd79f2991aa4794838d0cb51fe27dd533bc3	Drop ungated training + test	5	5	1	complete	recall_macro	0.9119769366798465	5	Macro recall	arithmetic mean across accepted effective folds with a defined score for this metric	known-population-open-set-v1
Levine	Levine	dataset_name-Levine_dataset-revision-67990f383ac8f169c9a00148febba1ed357e18e8_name-data_import.data_raw_potential-batches-1_seed-42_transformation-cofactor-5	not_applicable	knn	KNN	drop-both	.cf99b5bbf108239b5579ea572773bd79f2991aa4794838d0cb51fe27dd533bc3	Drop ungated training + test	2	2	1	complete	recall_macro	0.8835550647709791	2	Macro recall	arithmetic mean across accepted effective folds with a defined score for this metric	known-population-open-set-v1
Samusik	Samusik	dataset_name-Samusik_dataset-revision-67990f383ac8f169c9a00148febba1ed357e18e8_name-data_import.data_raw_potential-batches-1_seed-42_transformation-cofactor-5	not_applicable	knn	KNN	drop-both	.cf99b5bbf108239b5579ea572773bd79f2991aa4794838d0cb51fe27dd533bc3	Drop ungated training + test	5	5	1	complete	recall_macro	0.8070975627633276	5	Macro recall	arithmetic mean across accepted effective folds with a defined score for this metric	known-population-open-set-v1
15723074	15723074	dataset_name-15723074_dataset-revision-4bf02d6adbe55785ca855b57274aa37b8dc843ae_name-data_import.data_raw_potential-batches-1_seed-42_transformation-cofactor-150	not_applicable	lda	LDA	drop-both	.cf99b5bbf108239b5579ea572773bd79f2991aa4794838d0cb51fe27dd533bc3	Drop ungated training + test	5	5	1	complete	recall_macro	0.7989835374770234	5	Macro recall	arithmetic mean across accepted effective folds with a defined score for this metric	known-population-open-set-v1
BodenmillerXL	BodenmillerXL	dataset_name-BodenmillerXL_dataset-revision-67990f383ac8f169c9a00148febba1ed357e18e8_name-data_import.data_raw_potential-batches-1_seed-42_transformation-cofactor-5	not_applicable	lda	LDA	drop-both	.cf99b5bbf108239b5579ea572773bd79f2991aa4794838d0cb51fe27dd533bc3	Drop ungated training + test	5	5	1	complete	recall_macro	0.8188523536418619	5	Macro recall	arithmetic mean across accepted effective folds with a defined score for this metric	known-population-open-set-v1
FR-FCM-Z238	FR-FCM-Z238	dataset_name-FR-FCM-Z238_dataset-revision-67990f383ac8f169c9a00148febba1ed357e18e8_name-data_import.data_raw_potential-batches-1_seed-42_transformation-cofactor-5	not_applicable	lda	LDA	drop-both	.cf99b5bbf108239b5579ea572773bd79f2991aa4794838d0cb51fe27dd533bc3	Drop ungated training + test	5	5	1	complete	recall_macro	0.6635384144905424	5	Macro recall	arithmetic mean across accepted effective folds with a defined score for this metric	known-population-open-set-v1
FR-FCM-Z2KP-covid	FR-FCM-Z2KP-covid	dataset_name-FR-FCM-Z2KP-covid_dataset-revision-67990f383ac8f169c9a00148febba1ed357e18e8_name-data_import.data_raw_potential-batches-1_seed-42_transformation-cofactor-150	not_applicable	lda	LDA	drop-both	.cf99b5bbf108239b5579ea572773bd79f2991aa4794838d0cb51fe27dd533bc3	Drop ungated training + test	5	5	1	complete	recall_macro	0.8487034073517034	5	Macro recall	arithmetic mean across accepted effective folds with a defined score for this metric	known-population-open-set-v1
FR-FCM-Z2KP-healthy	FR-FCM-Z2KP-healthy (n=1k)	dataset_name-FR-FCM-Z2KP-healthy_dataset-revision-67990f383ac8f169c9a00148febba1ed357e18e8_name-data_import.data_raw_potential-batches-1_seed-420_sub-sampling-1000_transformation-cofactor-150	1000	lda	LDA	drop-both	.cf99b5bbf108239b5579ea572773bd79f2991aa4794838d0cb51fe27dd533bc3	Drop ungated training + test	5	5	1	complete	recall_macro	0.8544171757256237	5	Macro recall	arithmetic mean across accepted effective folds with a defined score for this metric	known-population-open-set-v1
FR-FCM-Z2KP-healthy	FR-FCM-Z2KP-healthy (n=5k)	dataset_name-FR-FCM-Z2KP-healthy_dataset-revision-67990f383ac8f169c9a00148febba1ed357e18e8_name-data_import.data_raw_potential-batches-1_seed-420_sub-sampling-5000_transformation-cofactor-150	5000	lda	LDA	drop-both	.cf99b5bbf108239b5579ea572773bd79f2991aa4794838d0cb51fe27dd533bc3	Drop ungated training + test	5	5	1	complete	recall_macro	0.8620875774349906	5	Macro recall	arithmetic mean across accepted effective folds with a defined score for this metric	known-population-open-set-v1
FR-FCM-Z2KP-healthy	FR-FCM-Z2KP-healthy (n=10k)	dataset_name-FR-FCM-Z2KP-healthy_dataset-revision-67990f383ac8f169c9a00148febba1ed357e18e8_name-data_import.data_raw_potential-batches-1_seed-420_sub-sampling-10000_transformation-cofactor-150	10000	lda	LDA	drop-both	.cf99b5bbf108239b5579ea572773bd79f2991aa4794838d0cb51fe27dd533bc3	Drop ungated training + test	5	5	1	complete	recall_macro	0.8660709073857034	5	Macro recall	arithmetic mean across accepted effective folds with a defined score for this metric	known-population-open-set-v1
FR-FCM-Z2KP-healthy	FR-FCM-Z2KP-healthy (n=50k)	dataset_name-FR-FCM-Z2KP-healthy_dataset-revision-67990f383ac8f169c9a00148febba1ed357e18e8_name-data_import.data_raw_potential-batches-1_seed-420_sub-sampling-50000_transformation-cofactor-150	50000	lda	LDA	drop-both	.cf99b5bbf108239b5579ea572773bd79f2991aa4794838d0cb51fe27dd533bc3	Drop ungated training + test	5	5	1	complete	recall_macro	0.8641985016558719	5	Macro recall	arithmetic mean across accepted effective folds with a defined score for this metric	known-population-open-set-v1
FR-FCM-Z2KP-healthy	FR-FCM-Z2KP-healthy (n=100k)	dataset_name-FR-FCM-Z2KP-healthy_dataset-revision-67990f383ac8f169c9a00148febba1ed357e18e8_name-data_import.data_raw_potential-batches-1_seed-420_sub-sampling-100000_transformation-cofactor-150	1e+05	lda	LDA	drop-both	.cf99b5bbf108239b5579ea572773bd79f2991aa4794838d0cb51fe27dd533bc3	Drop ungated training + test	5	5	1	complete	recall_macro	0.8640871798179671	5	Macro recall	arithmetic mean across accepted effective folds with a defined score for this metric	known-population-open-set-v1
FR-FCM-Z2KP-healthy	FR-FCM-Z2KP-healthy	dataset_name-FR-FCM-Z2KP-healthy_dataset-revision-67990f383ac8f169c9a00148febba1ed357e18e8_name-data_import.data_raw_potential-batches-1_seed-42_transformation-cofactor-150	not_applicable	lda	LDA	drop-both	.cf99b5bbf108239b5579ea572773bd79f2991aa4794838d0cb51fe27dd533bc3	Drop ungated training + test	5	5	1	complete	recall_macro	0.8632585707903911	5	Macro recall	arithmetic mean across accepted effective folds with a defined score for this metric	known-population-open-set-v1
FR-FCM-Z3YR	FR-FCM-Z3YR	dataset_name-FR-FCM-Z3YR_dataset-revision-67990f383ac8f169c9a00148febba1ed357e18e8_name-data_import.data_raw_potential-batches-1_seed-42_transformation-cofactor-5	not_applicable	lda	LDA	drop-both	.cf99b5bbf108239b5579ea572773bd79f2991aa4794838d0cb51fe27dd533bc3	Drop ungated training + test	5	5	1	complete	recall_macro	0.8023584828330121	5	Macro recall	arithmetic mean across accepted effective folds with a defined score for this metric	known-population-open-set-v1
FR-FCM-Z7CH-BALBc	FR-FCM-Z7CH-BALBc	dataset_name-FR-FCM-Z7CH-BALBc_dataset-revision-4bf02d6adbe55785ca855b57274aa37b8dc843ae_name-data_import.data_raw_potential-batches-1_seed-42_transformation-cofactor-150	not_applicable	lda	LDA	drop-both	.cf99b5bbf108239b5579ea572773bd79f2991aa4794838d0cb51fe27dd533bc3	Drop ungated training + test	5	5	1	complete	recall_macro	0.9265186807289097	5	Macro recall	arithmetic mean across accepted effective folds with a defined score for this metric	known-population-open-set-v1
FR-FCM-Z7CH-C57BL6	FR-FCM-Z7CH-C57BL6	dataset_name-FR-FCM-Z7CH-C57BL6_dataset-revision-4bf02d6adbe55785ca855b57274aa37b8dc843ae_name-data_import.data_raw_potential-batches-1_seed-42_transformation-cofactor-150	not_applicable	lda	LDA	drop-both	.cf99b5bbf108239b5579ea572773bd79f2991aa4794838d0cb51fe27dd533bc3	Drop ungated training + test	5	5	1	complete	recall_macro	0.8959770466956175	5	Macro recall	arithmetic mean across accepted effective folds with a defined score for this metric	known-population-open-set-v1
FR-FCM-ZY34	FR-FCM-ZY34	dataset_name-FR-FCM-ZY34_dataset-revision-67990f383ac8f169c9a00148febba1ed357e18e8_name-data_import.data_raw_potential-batches-1_seed-42_transformation-cofactor-150	not_applicable	lda	LDA	drop-both	.cf99b5bbf108239b5579ea572773bd79f2991aa4794838d0cb51fe27dd533bc3	Drop ungated training + test	5	5	1	complete	recall_macro	0.2972125882967984	5	Macro recall	arithmetic mean across accepted effective folds with a defined score for this metric	known-population-open-set-v1
FR-FCM-ZYVT	FR-FCM-ZYVT	dataset_name-FR-FCM-ZYVT_dataset-revision-67990f383ac8f169c9a00148febba1ed357e18e8_name-data_import.data_raw_potential-batches-1_seed-42_transformation-cofactor-150	not_applicable	lda	LDA	drop-both	.cf99b5bbf108239b5579ea572773bd79f2991aa4794838d0cb51fe27dd533bc3	Drop ungated training + test	5	5	1	complete	recall_macro	0.7038391132063212	5	Macro recall	arithmetic mean across accepted effective folds with a defined score for this metric	known-population-open-set-v1
FlowCyt	FlowCyt	dataset_name-FlowCyt_dataset-revision-67990f383ac8f169c9a00148febba1ed357e18e8_name-data_import.data_raw_potential-batches-1_seed-42_transformation-cofactor-150	not_applicable	lda	LDA	drop-both	.cf99b5bbf108239b5579ea572773bd79f2991aa4794838d0cb51fe27dd533bc3	Drop ungated training + test	5	5	1	complete	recall_macro	0.9750165083158957	5	Macro recall	arithmetic mean across accepted effective folds with a defined score for this metric	known-population-open-set-v1
Levine	Levine	dataset_name-Levine_dataset-revision-67990f383ac8f169c9a00148febba1ed357e18e8_name-data_import.data_raw_potential-batches-1_seed-42_transformation-cofactor-5	not_applicable	lda	LDA	drop-both	.cf99b5bbf108239b5579ea572773bd79f2991aa4794838d0cb51fe27dd533bc3	Drop ungated training + test	2	2	1	complete	recall_macro	0.9230880037378104	2	Macro recall	arithmetic mean across accepted effective folds with a defined score for this metric	known-population-open-set-v1
Samusik	Samusik	dataset_name-Samusik_dataset-revision-67990f383ac8f169c9a00148febba1ed357e18e8_name-data_import.data_raw_potential-batches-1_seed-42_transformation-cofactor-5	not_applicable	lda	LDA	drop-both	.cf99b5bbf108239b5579ea572773bd79f2991aa4794838d0cb51fe27dd533bc3	Drop ungated training + test	5	5	1	complete	recall_macro	0.8787724367354506	5	Macro recall	arithmetic mean across accepted effective folds with a defined score for this metric	known-population-open-set-v1
15723074	15723074	dataset_name-15723074_dataset-revision-4bf02d6adbe55785ca855b57274aa37b8dc843ae_name-data_import.data_raw_potential-batches-1_seed-42_transformation-cofactor-150	not_applicable	random	Random	drop-both	.cf99b5bbf108239b5579ea572773bd79f2991aa4794838d0cb51fe27dd533bc3	Drop ungated training + test	5	5	1	complete	recall_macro	0.12338682810403757	5	Macro recall	arithmetic mean across accepted effective folds with a defined score for this metric	known-population-open-set-v1
BodenmillerXL	BodenmillerXL	dataset_name-BodenmillerXL_dataset-revision-67990f383ac8f169c9a00148febba1ed357e18e8_name-data_import.data_raw_potential-batches-1_seed-42_transformation-cofactor-5	not_applicable	random	Random	drop-both	.cf99b5bbf108239b5579ea572773bd79f2991aa4794838d0cb51fe27dd533bc3	Drop ungated training + test	5	5	1	complete	recall_macro	0.12459631632832109	5	Macro recall	arithmetic mean across accepted effective folds with a defined score for this metric	known-population-open-set-v1
FR-FCM-Z238	FR-FCM-Z238	dataset_name-FR-FCM-Z238_dataset-revision-67990f383ac8f169c9a00148febba1ed357e18e8_name-data_import.data_raw_potential-batches-1_seed-42_transformation-cofactor-5	not_applicable	random	Random	drop-both	.cf99b5bbf108239b5579ea572773bd79f2991aa4794838d0cb51fe27dd533bc3	Drop ungated training + test	5	5	1	complete	recall_macro	0.04340688988281017	5	Macro recall	arithmetic mean across accepted effective folds with a defined score for this metric	known-population-open-set-v1
FR-FCM-Z2KP-covid	FR-FCM-Z2KP-covid	dataset_name-FR-FCM-Z2KP-covid_dataset-revision-67990f383ac8f169c9a00148febba1ed357e18e8_name-data_import.data_raw_potential-batches-1_seed-42_transformation-cofactor-150	not_applicable	random	Random	drop-both	.cf99b5bbf108239b5579ea572773bd79f2991aa4794838d0cb51fe27dd533bc3	Drop ungated training + test	5	5	1	complete	recall_macro	0.20008385808399565	5	Macro recall	arithmetic mean across accepted effective folds with a defined score for this metric	known-population-open-set-v1
FR-FCM-Z2KP-healthy	FR-FCM-Z2KP-healthy (n=1k)	dataset_name-FR-FCM-Z2KP-healthy_dataset-revision-67990f383ac8f169c9a00148febba1ed357e18e8_name-data_import.data_raw_potential-batches-1_seed-420_sub-sampling-1000_transformation-cofactor-150	1000	random	Random	drop-both	.cf99b5bbf108239b5579ea572773bd79f2991aa4794838d0cb51fe27dd533bc3	Drop ungated training + test	5	5	1	complete	recall_macro	0.19950340888808102	5	Macro recall	arithmetic mean across accepted effective folds with a defined score for this metric	known-population-open-set-v1
FR-FCM-Z2KP-healthy	FR-FCM-Z2KP-healthy (n=5k)	dataset_name-FR-FCM-Z2KP-healthy_dataset-revision-67990f383ac8f169c9a00148febba1ed357e18e8_name-data_import.data_raw_potential-batches-1_seed-420_sub-sampling-5000_transformation-cofactor-150	5000	random	Random	drop-both	.cf99b5bbf108239b5579ea572773bd79f2991aa4794838d0cb51fe27dd533bc3	Drop ungated training + test	5	5	1	complete	recall_macro	0.1996536358359992	5	Macro recall	arithmetic mean across accepted effective folds with a defined score for this metric	known-population-open-set-v1
FR-FCM-Z2KP-healthy	FR-FCM-Z2KP-healthy (n=10k)	dataset_name-FR-FCM-Z2KP-healthy_dataset-revision-67990f383ac8f169c9a00148febba1ed357e18e8_name-data_import.data_raw_potential-batches-1_seed-420_sub-sampling-10000_transformation-cofactor-150	10000	random	Random	drop-both	.cf99b5bbf108239b5579ea572773bd79f2991aa4794838d0cb51fe27dd533bc3	Drop ungated training + test	5	5	1	complete	recall_macro	0.19978618691991937	5	Macro recall	arithmetic mean across accepted effective folds with a defined score for this metric	known-population-open-set-v1
FR-FCM-Z2KP-healthy	FR-FCM-Z2KP-healthy (n=50k)	dataset_name-FR-FCM-Z2KP-healthy_dataset-revision-67990f383ac8f169c9a00148febba1ed357e18e8_name-data_import.data_raw_potential-batches-1_seed-420_sub-sampling-50000_transformation-cofactor-150	50000	random	Random	drop-both	.cf99b5bbf108239b5579ea572773bd79f2991aa4794838d0cb51fe27dd533bc3	Drop ungated training + test	5	5	1	complete	recall_macro	0.19989840845387816	5	Macro recall	arithmetic mean across accepted effective folds with a defined score for this metric	known-population-open-set-v1
FR-FCM-Z2KP-healthy	FR-FCM-Z2KP-healthy (n=100k)	dataset_name-FR-FCM-Z2KP-healthy_dataset-revision-67990f383ac8f169c9a00148febba1ed357e18e8_name-data_import.data_raw_potential-batches-1_seed-420_sub-sampling-100000_transformation-cofactor-150	1e+05	random	Random	drop-both	.cf99b5bbf108239b5579ea572773bd79f2991aa4794838d0cb51fe27dd533bc3	Drop ungated training + test	5	5	1	complete	recall_macro	0.20001717426572893	5	Macro recall	arithmetic mean across accepted effective folds with a defined score for this metric	known-population-open-set-v1
FR-FCM-Z2KP-healthy	FR-FCM-Z2KP-healthy	dataset_name-FR-FCM-Z2KP-healthy_dataset-revision-67990f383ac8f169c9a00148febba1ed357e18e8_name-data_import.data_raw_potential-batches-1_seed-42_transformation-cofactor-150	not_applicable	random	Random	drop-both	.cf99b5bbf108239b5579ea572773bd79f2991aa4794838d0cb51fe27dd533bc3	Drop ungated training + test	5	5	1	complete	recall_macro	0.20044279213347127	5	Macro recall	arithmetic mean across accepted effective folds with a defined score for this metric	known-population-open-set-v1
FR-FCM-Z3YR	FR-FCM-Z3YR	dataset_name-FR-FCM-Z3YR_dataset-revision-67990f383ac8f169c9a00148febba1ed357e18e8_name-data_import.data_raw_potential-batches-1_seed-42_transformation-cofactor-5	not_applicable	random	Random	drop-both	.cf99b5bbf108239b5579ea572773bd79f2991aa4794838d0cb51fe27dd533bc3	Drop ungated training + test	5	5	1	complete	recall_macro	0.035569790410254584	5	Macro recall	arithmetic mean across accepted effective folds with a defined score for this metric	known-population-open-set-v1
FR-FCM-Z7CH-BALBc	FR-FCM-Z7CH-BALBc	dataset_name-FR-FCM-Z7CH-BALBc_dataset-revision-4bf02d6adbe55785ca855b57274aa37b8dc843ae_name-data_import.data_raw_potential-batches-1_seed-42_transformation-cofactor-150	not_applicable	random	Random	drop-both	.cf99b5bbf108239b5579ea572773bd79f2991aa4794838d0cb51fe27dd533bc3	Drop ungated training + test	5	5	1	complete	recall_macro	0.2498904857630192	5	Macro recall	arithmetic mean across accepted effective folds with a defined score for this metric	known-population-open-set-v1
FR-FCM-Z7CH-C57BL6	FR-FCM-Z7CH-C57BL6	dataset_name-FR-FCM-Z7CH-C57BL6_dataset-revision-4bf02d6adbe55785ca855b57274aa37b8dc843ae_name-data_import.data_raw_potential-batches-1_seed-42_transformation-cofactor-150	not_applicable	random	Random	drop-both	.cf99b5bbf108239b5579ea572773bd79f2991aa4794838d0cb51fe27dd533bc3	Drop ungated training + test	5	5	1	complete	recall_macro	0.25026392149090654	5	Macro recall	arithmetic mean across accepted effective folds with a defined score for this metric	known-population-open-set-v1
FR-FCM-ZY34	FR-FCM-ZY34	dataset_name-FR-FCM-ZY34_dataset-revision-67990f383ac8f169c9a00148febba1ed357e18e8_name-data_import.data_raw_potential-batches-1_seed-42_transformation-cofactor-150	not_applicable	random	Random	drop-both	.cf99b5bbf108239b5579ea572773bd79f2991aa4794838d0cb51fe27dd533bc3	Drop ungated training + test	5	5	1	complete	recall_macro	0.05623479163450833	5	Macro recall	arithmetic mean across accepted effective folds with a defined score for this metric	known-population-open-set-v1
FR-FCM-ZYVT	FR-FCM-ZYVT	dataset_name-FR-FCM-ZYVT_dataset-revision-67990f383ac8f169c9a00148febba1ed357e18e8_name-data_import.data_raw_potential-batches-1_seed-42_transformation-cofactor-150	not_applicable	random	Random	drop-both	.cf99b5bbf108239b5579ea572773bd79f2991aa4794838d0cb51fe27dd533bc3	Drop ungated training + test	5	5	1	complete	recall_macro	0.25106348173604565	5	Macro recall	arithmetic mean across accepted effective folds with a defined score for this metric	known-population-open-set-v1
FlowCyt	FlowCyt	dataset_name-FlowCyt_dataset-revision-67990f383ac8f169c9a00148febba1ed357e18e8_name-data_import.data_raw_potential-batches-1_seed-42_transformation-cofactor-150	not_applicable	random	Random	drop-both	.cf99b5bbf108239b5579ea572773bd79f2991aa4794838d0cb51fe27dd533bc3	Drop ungated training + test	5	5	1	complete	recall_macro	0.19923614125091094	5	Macro recall	arithmetic mean across accepted effective folds with a defined score for this metric	known-population-open-set-v1
Levine	Levine	dataset_name-Levine_dataset-revision-67990f383ac8f169c9a00148febba1ed357e18e8_name-data_import.data_raw_potential-batches-1_seed-42_transformation-cofactor-5	not_applicable	random	Random	drop-both	.cf99b5bbf108239b5579ea572773bd79f2991aa4794838d0cb51fe27dd533bc3	Drop ungated training + test	2	2	1	complete	recall_macro	0.07125861258681754	2	Macro recall	arithmetic mean across accepted effective folds with a defined score for this metric	known-population-open-set-v1
Samusik	Samusik	dataset_name-Samusik_dataset-revision-67990f383ac8f169c9a00148febba1ed357e18e8_name-data_import.data_raw_potential-batches-1_seed-42_transformation-cofactor-5	not_applicable	random	Random	drop-both	.cf99b5bbf108239b5579ea572773bd79f2991aa4794838d0cb51fe27dd533bc3	Drop ungated training + test	5	5	1	complete	recall_macro	0.039456994671495806	5	Macro recall	arithmetic mean across accepted effective folds with a defined score for this metric	known-population-open-set-v1
15723074	15723074	dataset_name-15723074_dataset-revision-4bf02d6adbe55785ca855b57274aa37b8dc843ae_name-data_import.data_raw_potential-batches-1_seed-42_transformation-cofactor-150	not_applicable	cyanno	CyAnno	unfiltered	.e924e671977a35b401c5c23aaf1308ed57ddaf256c55741b97fd498c2a244b62	Unfiltered	5	5	1	complete	balanced_accuracy	0.912773738710636	5	Macro one-vs-rest balanced accuracy	arithmetic mean across accepted effective folds with a defined score for this metric	known-population-open-set-v1
BodenmillerXL	BodenmillerXL	dataset_name-BodenmillerXL_dataset-revision-67990f383ac8f169c9a00148febba1ed357e18e8_name-data_import.data_raw_potential-batches-1_seed-42_transformation-cofactor-5	not_applicable	cyanno	CyAnno	unfiltered	.e924e671977a35b401c5c23aaf1308ed57ddaf256c55741b97fd498c2a244b62	Unfiltered	5	5	1	complete	balanced_accuracy	0.8411537407052464	5	Macro one-vs-rest balanced accuracy	arithmetic mean across accepted effective folds with a defined score for this metric	known-population-open-set-v1
FR-FCM-Z238	FR-FCM-Z238	dataset_name-FR-FCM-Z238_dataset-revision-67990f383ac8f169c9a00148febba1ed357e18e8_name-data_import.data_raw_potential-batches-1_seed-42_transformation-cofactor-5	not_applicable	cyanno	CyAnno	unfiltered	.e924e671977a35b401c5c23aaf1308ed57ddaf256c55741b97fd498c2a244b62	Unfiltered	5	5	1	complete	balanced_accuracy	0.7936706473765079	5	Macro one-vs-rest balanced accuracy	arithmetic mean across accepted effective folds with a defined score for this metric	known-population-open-set-v1
FR-FCM-Z2KP-covid	FR-FCM-Z2KP-covid	dataset_name-FR-FCM-Z2KP-covid_dataset-revision-67990f383ac8f169c9a00148febba1ed357e18e8_name-data_import.data_raw_potential-batches-1_seed-42_transformation-cofactor-150	not_applicable	cyanno	CyAnno	unfiltered	.e924e671977a35b401c5c23aaf1308ed57ddaf256c55741b97fd498c2a244b62	Unfiltered	5	5	1	complete	balanced_accuracy	0.9810050832363015	5	Macro one-vs-rest balanced accuracy	arithmetic mean across accepted effective folds with a defined score for this metric	known-population-open-set-v1
FR-FCM-Z2KP-healthy	FR-FCM-Z2KP-healthy (n=1k)	dataset_name-FR-FCM-Z2KP-healthy_dataset-revision-67990f383ac8f169c9a00148febba1ed357e18e8_name-data_import.data_raw_potential-batches-1_seed-420_sub-sampling-1000_transformation-cofactor-150	1000	cyanno	CyAnno	unfiltered	.e924e671977a35b401c5c23aaf1308ed57ddaf256c55741b97fd498c2a244b62	Unfiltered	5	5	1	complete	balanced_accuracy	0.8974280412437745	5	Macro one-vs-rest balanced accuracy	arithmetic mean across accepted effective folds with a defined score for this metric	known-population-open-set-v1
FR-FCM-Z2KP-healthy	FR-FCM-Z2KP-healthy (n=5k)	dataset_name-FR-FCM-Z2KP-healthy_dataset-revision-67990f383ac8f169c9a00148febba1ed357e18e8_name-data_import.data_raw_potential-batches-1_seed-420_sub-sampling-5000_transformation-cofactor-150	5000	cyanno	CyAnno	unfiltered	.e924e671977a35b401c5c23aaf1308ed57ddaf256c55741b97fd498c2a244b62	Unfiltered	5	5	1	complete	balanced_accuracy	0.9515762989453038	5	Macro one-vs-rest balanced accuracy	arithmetic mean across accepted effective folds with a defined score for this metric	known-population-open-set-v1
FR-FCM-Z2KP-healthy	FR-FCM-Z2KP-healthy (n=10k)	dataset_name-FR-FCM-Z2KP-healthy_dataset-revision-67990f383ac8f169c9a00148febba1ed357e18e8_name-data_import.data_raw_potential-batches-1_seed-420_sub-sampling-10000_transformation-cofactor-150	10000	cyanno	CyAnno	unfiltered	.e924e671977a35b401c5c23aaf1308ed57ddaf256c55741b97fd498c2a244b62	Unfiltered	5	5	1	complete	balanced_accuracy	0.9636605759888528	5	Macro one-vs-rest balanced accuracy	arithmetic mean across accepted effective folds with a defined score for this metric	known-population-open-set-v1
FR-FCM-Z2KP-healthy	FR-FCM-Z2KP-healthy (n=50k)	dataset_name-FR-FCM-Z2KP-healthy_dataset-revision-67990f383ac8f169c9a00148febba1ed357e18e8_name-data_import.data_raw_potential-batches-1_seed-420_sub-sampling-50000_transformation-cofactor-150	50000	cyanno	CyAnno	unfiltered	.e924e671977a35b401c5c23aaf1308ed57ddaf256c55741b97fd498c2a244b62	Unfiltered	5	5	1	complete	balanced_accuracy	0.9775846953230627	5	Macro one-vs-rest balanced accuracy	arithmetic mean across accepted effective folds with a defined score for this metric	known-population-open-set-v1
FR-FCM-Z2KP-healthy	FR-FCM-Z2KP-healthy (n=100k)	dataset_name-FR-FCM-Z2KP-healthy_dataset-revision-67990f383ac8f169c9a00148febba1ed357e18e8_name-data_import.data_raw_potential-batches-1_seed-420_sub-sampling-100000_transformation-cofactor-150	1e+05	cyanno	CyAnno	unfiltered	.e924e671977a35b401c5c23aaf1308ed57ddaf256c55741b97fd498c2a244b62	Unfiltered	5	5	1	complete	balanced_accuracy	0.9810650988452363	5	Macro one-vs-rest balanced accuracy	arithmetic mean across accepted effective folds with a defined score for this metric	known-population-open-set-v1
FR-FCM-Z2KP-healthy	FR-FCM-Z2KP-healthy	dataset_name-FR-FCM-Z2KP-healthy_dataset-revision-67990f383ac8f169c9a00148febba1ed357e18e8_name-data_import.data_raw_potential-batches-1_seed-42_transformation-cofactor-150	not_applicable	cyanno	CyAnno	unfiltered	.e924e671977a35b401c5c23aaf1308ed57ddaf256c55741b97fd498c2a244b62	Unfiltered	5	5	1	complete	balanced_accuracy	0.9835557397015964	5	Macro one-vs-rest balanced accuracy	arithmetic mean across accepted effective folds with a defined score for this metric	known-population-open-set-v1
FR-FCM-Z3YR	FR-FCM-Z3YR	dataset_name-FR-FCM-Z3YR_dataset-revision-67990f383ac8f169c9a00148febba1ed357e18e8_name-data_import.data_raw_potential-batches-1_seed-42_transformation-cofactor-5	not_applicable	cyanno	CyAnno	unfiltered	.e924e671977a35b401c5c23aaf1308ed57ddaf256c55741b97fd498c2a244b62	Unfiltered	5	5	1	complete	balanced_accuracy	0.9182638420155925	5	Macro one-vs-rest balanced accuracy	arithmetic mean across accepted effective folds with a defined score for this metric	known-population-open-set-v1
FR-FCM-Z7CH-BALBc	FR-FCM-Z7CH-BALBc	dataset_name-FR-FCM-Z7CH-BALBc_dataset-revision-4bf02d6adbe55785ca855b57274aa37b8dc843ae_name-data_import.data_raw_potential-batches-1_seed-42_transformation-cofactor-150	not_applicable	cyanno	CyAnno	unfiltered	.e924e671977a35b401c5c23aaf1308ed57ddaf256c55741b97fd498c2a244b62	Unfiltered	5	5	1	complete	balanced_accuracy	0.9406996701997354	5	Macro one-vs-rest balanced accuracy	arithmetic mean across accepted effective folds with a defined score for this metric	known-population-open-set-v1
FR-FCM-Z7CH-C57BL6	FR-FCM-Z7CH-C57BL6	dataset_name-FR-FCM-Z7CH-C57BL6_dataset-revision-4bf02d6adbe55785ca855b57274aa37b8dc843ae_name-data_import.data_raw_potential-batches-1_seed-42_transformation-cofactor-150	not_applicable	cyanno	CyAnno	unfiltered	.e924e671977a35b401c5c23aaf1308ed57ddaf256c55741b97fd498c2a244b62	Unfiltered	5	5	1	complete	balanced_accuracy	0.9364905991123703	5	Macro one-vs-rest balanced accuracy	arithmetic mean across accepted effective folds with a defined score for this metric	known-population-open-set-v1
FR-FCM-ZY34	FR-FCM-ZY34	dataset_name-FR-FCM-ZY34_dataset-revision-67990f383ac8f169c9a00148febba1ed357e18e8_name-data_import.data_raw_potential-batches-1_seed-42_transformation-cofactor-150	not_applicable	cyanno	CyAnno	unfiltered	.e924e671977a35b401c5c23aaf1308ed57ddaf256c55741b97fd498c2a244b62	Unfiltered	5	5	1	complete	balanced_accuracy	0.7047796906801703	5	Macro one-vs-rest balanced accuracy	arithmetic mean across accepted effective folds with a defined score for this metric	known-population-open-set-v1
FR-FCM-ZYVT	FR-FCM-ZYVT	dataset_name-FR-FCM-ZYVT_dataset-revision-67990f383ac8f169c9a00148febba1ed357e18e8_name-data_import.data_raw_potential-batches-1_seed-42_transformation-cofactor-150	not_applicable	cyanno	CyAnno	unfiltered	.e924e671977a35b401c5c23aaf1308ed57ddaf256c55741b97fd498c2a244b62	Unfiltered	5	5	1	complete	balanced_accuracy	0.6613305004584348	5	Macro one-vs-rest balanced accuracy	arithmetic mean across accepted effective folds with a defined score for this metric	known-population-open-set-v1
FlowCyt	FlowCyt	dataset_name-FlowCyt_dataset-revision-67990f383ac8f169c9a00148febba1ed357e18e8_name-data_import.data_raw_potential-batches-1_seed-42_transformation-cofactor-150	not_applicable	cyanno	CyAnno	unfiltered	.e924e671977a35b401c5c23aaf1308ed57ddaf256c55741b97fd498c2a244b62	Unfiltered	5	5	1	complete	balanced_accuracy	0.895213637065606	5	Macro one-vs-rest balanced accuracy	arithmetic mean across accepted effective folds with a defined score for this metric	known-population-open-set-v1
Levine	Levine	dataset_name-Levine_dataset-revision-67990f383ac8f169c9a00148febba1ed357e18e8_name-data_import.data_raw_potential-batches-1_seed-42_transformation-cofactor-5	not_applicable	cyanno	CyAnno	unfiltered	.e924e671977a35b401c5c23aaf1308ed57ddaf256c55741b97fd498c2a244b62	Unfiltered	2	2	1	complete	balanced_accuracy	0.9507295622991602	2	Macro one-vs-rest balanced accuracy	arithmetic mean across accepted effective folds with a defined score for this metric	known-population-open-set-v1
Samusik	Samusik	dataset_name-Samusik_dataset-revision-67990f383ac8f169c9a00148febba1ed357e18e8_name-data_import.data_raw_potential-batches-1_seed-42_transformation-cofactor-5	not_applicable	cyanno	CyAnno	unfiltered	.e924e671977a35b401c5c23aaf1308ed57ddaf256c55741b97fd498c2a244b62	Unfiltered	5	5	1	complete	balanced_accuracy	0.914190646358354	5	Macro one-vs-rest balanced accuracy	arithmetic mean across accepted effective folds with a defined score for this metric	known-population-open-set-v1
15723074	15723074	dataset_name-15723074_dataset-revision-4bf02d6adbe55785ca855b57274aa37b8dc843ae_name-data_import.data_raw_potential-batches-1_seed-42_transformation-cofactor-150	not_applicable	cygate	CyGATE	unfiltered	.e924e671977a35b401c5c23aaf1308ed57ddaf256c55741b97fd498c2a244b62	Unfiltered	5	5	1	complete	balanced_accuracy	0.89988943305943	5	Macro one-vs-rest balanced accuracy	arithmetic mean across accepted effective folds with a defined score for this metric	known-population-open-set-v1
BodenmillerXL	BodenmillerXL	dataset_name-BodenmillerXL_dataset-revision-67990f383ac8f169c9a00148febba1ed357e18e8_name-data_import.data_raw_potential-batches-1_seed-42_transformation-cofactor-5	not_applicable	cygate	CyGATE	unfiltered	.e924e671977a35b401c5c23aaf1308ed57ddaf256c55741b97fd498c2a244b62	Unfiltered	5	5	1	complete	balanced_accuracy	0.8704172873234218	5	Macro one-vs-rest balanced accuracy	arithmetic mean across accepted effective folds with a defined score for this metric	known-population-open-set-v1
FR-FCM-Z238	FR-FCM-Z238	dataset_name-FR-FCM-Z238_dataset-revision-67990f383ac8f169c9a00148febba1ed357e18e8_name-data_import.data_raw_potential-batches-1_seed-42_transformation-cofactor-5	not_applicable	cygate	CyGATE	unfiltered	.e924e671977a35b401c5c23aaf1308ed57ddaf256c55741b97fd498c2a244b62	Unfiltered	5	5	1	complete	balanced_accuracy	0.8266987310453582	5	Macro one-vs-rest balanced accuracy	arithmetic mean across accepted effective folds with a defined score for this metric	known-population-open-set-v1
FR-FCM-Z2KP-covid	FR-FCM-Z2KP-covid	dataset_name-FR-FCM-Z2KP-covid_dataset-revision-67990f383ac8f169c9a00148febba1ed357e18e8_name-data_import.data_raw_potential-batches-1_seed-42_transformation-cofactor-150	not_applicable	cygate	CyGATE	unfiltered	.e924e671977a35b401c5c23aaf1308ed57ddaf256c55741b97fd498c2a244b62	Unfiltered	5	5	1	complete	balanced_accuracy	0.8940229889363486	5	Macro one-vs-rest balanced accuracy	arithmetic mean across accepted effective folds with a defined score for this metric	known-population-open-set-v1
FR-FCM-Z2KP-healthy	FR-FCM-Z2KP-healthy (n=1k)	dataset_name-FR-FCM-Z2KP-healthy_dataset-revision-67990f383ac8f169c9a00148febba1ed357e18e8_name-data_import.data_raw_potential-batches-1_seed-420_sub-sampling-1000_transformation-cofactor-150	1000	cygate	CyGATE	unfiltered	.e924e671977a35b401c5c23aaf1308ed57ddaf256c55741b97fd498c2a244b62	Unfiltered	5	5	1	complete	balanced_accuracy	0.9016942568348157	5	Macro one-vs-rest balanced accuracy	arithmetic mean across accepted effective folds with a defined score for this metric	known-population-open-set-v1
FR-FCM-Z2KP-healthy	FR-FCM-Z2KP-healthy (n=5k)	dataset_name-FR-FCM-Z2KP-healthy_dataset-revision-67990f383ac8f169c9a00148febba1ed357e18e8_name-data_import.data_raw_potential-batches-1_seed-420_sub-sampling-5000_transformation-cofactor-150	5000	cygate	CyGATE	unfiltered	.e924e671977a35b401c5c23aaf1308ed57ddaf256c55741b97fd498c2a244b62	Unfiltered	5	5	1	complete	balanced_accuracy	0.8846427972838317	5	Macro one-vs-rest balanced accuracy	arithmetic mean across accepted effective folds with a defined score for this metric	known-population-open-set-v1
FR-FCM-Z2KP-healthy	FR-FCM-Z2KP-healthy (n=10k)	dataset_name-FR-FCM-Z2KP-healthy_dataset-revision-67990f383ac8f169c9a00148febba1ed357e18e8_name-data_import.data_raw_potential-batches-1_seed-420_sub-sampling-10000_transformation-cofactor-150	10000	cygate	CyGATE	unfiltered	.e924e671977a35b401c5c23aaf1308ed57ddaf256c55741b97fd498c2a244b62	Unfiltered	5	5	1	complete	balanced_accuracy	0.8893257942867524	5	Macro one-vs-rest balanced accuracy	arithmetic mean across accepted effective folds with a defined score for this metric	known-population-open-set-v1
FR-FCM-Z2KP-healthy	FR-FCM-Z2KP-healthy (n=50k)	dataset_name-FR-FCM-Z2KP-healthy_dataset-revision-67990f383ac8f169c9a00148febba1ed357e18e8_name-data_import.data_raw_potential-batches-1_seed-420_sub-sampling-50000_transformation-cofactor-150	50000	cygate	CyGATE	unfiltered	.e924e671977a35b401c5c23aaf1308ed57ddaf256c55741b97fd498c2a244b62	Unfiltered	5	5	1	complete	balanced_accuracy	0.8915802191770086	5	Macro one-vs-rest balanced accuracy	arithmetic mean across accepted effective folds with a defined score for this metric	known-population-open-set-v1
FR-FCM-Z2KP-healthy	FR-FCM-Z2KP-healthy (n=100k)	dataset_name-FR-FCM-Z2KP-healthy_dataset-revision-67990f383ac8f169c9a00148febba1ed357e18e8_name-data_import.data_raw_potential-batches-1_seed-420_sub-sampling-100000_transformation-cofactor-150	1e+05	cygate	CyGATE	unfiltered	.e924e671977a35b401c5c23aaf1308ed57ddaf256c55741b97fd498c2a244b62	Unfiltered	5	5	1	complete	balanced_accuracy	0.8903931338850426	5	Macro one-vs-rest balanced accuracy	arithmetic mean across accepted effective folds with a defined score for this metric	known-population-open-set-v1
FR-FCM-Z2KP-healthy	FR-FCM-Z2KP-healthy	dataset_name-FR-FCM-Z2KP-healthy_dataset-revision-67990f383ac8f169c9a00148febba1ed357e18e8_name-data_import.data_raw_potential-batches-1_seed-42_transformation-cofactor-150	not_applicable	cygate	CyGATE	unfiltered	.e924e671977a35b401c5c23aaf1308ed57ddaf256c55741b97fd498c2a244b62	Unfiltered	5	5	1	complete	balanced_accuracy	0.9091302077173241	5	Macro one-vs-rest balanced accuracy	arithmetic mean across accepted effective folds with a defined score for this metric	known-population-open-set-v1
FR-FCM-Z3YR	FR-FCM-Z3YR	dataset_name-FR-FCM-Z3YR_dataset-revision-67990f383ac8f169c9a00148febba1ed357e18e8_name-data_import.data_raw_potential-batches-1_seed-42_transformation-cofactor-5	not_applicable	cygate	CyGATE	unfiltered	.e924e671977a35b401c5c23aaf1308ed57ddaf256c55741b97fd498c2a244b62	Unfiltered	5	5	1	complete	balanced_accuracy	0.8549792156988704	5	Macro one-vs-rest balanced accuracy	arithmetic mean across accepted effective folds with a defined score for this metric	known-population-open-set-v1
FR-FCM-Z7CH-BALBc	FR-FCM-Z7CH-BALBc	dataset_name-FR-FCM-Z7CH-BALBc_dataset-revision-4bf02d6adbe55785ca855b57274aa37b8dc843ae_name-data_import.data_raw_potential-batches-1_seed-42_transformation-cofactor-150	not_applicable	cygate	CyGATE	unfiltered	.e924e671977a35b401c5c23aaf1308ed57ddaf256c55741b97fd498c2a244b62	Unfiltered	5	5	1	complete	balanced_accuracy	0.8883544275708818	5	Macro one-vs-rest balanced accuracy	arithmetic mean across accepted effective folds with a defined score for this metric	known-population-open-set-v1
FR-FCM-Z7CH-C57BL6	FR-FCM-Z7CH-C57BL6	dataset_name-FR-FCM-Z7CH-C57BL6_dataset-revision-4bf02d6adbe55785ca855b57274aa37b8dc843ae_name-data_import.data_raw_potential-batches-1_seed-42_transformation-cofactor-150	not_applicable	cygate	CyGATE	unfiltered	.e924e671977a35b401c5c23aaf1308ed57ddaf256c55741b97fd498c2a244b62	Unfiltered	5	5	1	complete	balanced_accuracy	0.9047931624982978	5	Macro one-vs-rest balanced accuracy	arithmetic mean across accepted effective folds with a defined score for this metric	known-population-open-set-v1
FR-FCM-ZY34	FR-FCM-ZY34	dataset_name-FR-FCM-ZY34_dataset-revision-67990f383ac8f169c9a00148febba1ed357e18e8_name-data_import.data_raw_potential-batches-1_seed-42_transformation-cofactor-150	not_applicable	cygate	CyGATE	unfiltered	.e924e671977a35b401c5c23aaf1308ed57ddaf256c55741b97fd498c2a244b62	Unfiltered	5	5	1	complete	balanced_accuracy	0.745188924920952	5	Macro one-vs-rest balanced accuracy	arithmetic mean across accepted effective folds with a defined score for this metric	known-population-open-set-v1
FR-FCM-ZYVT	FR-FCM-ZYVT	dataset_name-FR-FCM-ZYVT_dataset-revision-67990f383ac8f169c9a00148febba1ed357e18e8_name-data_import.data_raw_potential-batches-1_seed-42_transformation-cofactor-150	not_applicable	cygate	CyGATE	unfiltered	.e924e671977a35b401c5c23aaf1308ed57ddaf256c55741b97fd498c2a244b62	Unfiltered	5	5	1	complete	balanced_accuracy	0.728878490394551	5	Macro one-vs-rest balanced accuracy	arithmetic mean across accepted effective folds with a defined score for this metric	known-population-open-set-v1
FlowCyt	FlowCyt	dataset_name-FlowCyt_dataset-revision-67990f383ac8f169c9a00148febba1ed357e18e8_name-data_import.data_raw_potential-batches-1_seed-42_transformation-cofactor-150	not_applicable	cygate	CyGATE	unfiltered	.e924e671977a35b401c5c23aaf1308ed57ddaf256c55741b97fd498c2a244b62	Unfiltered	5	5	1	complete	balanced_accuracy	0.8866206867319433	5	Macro one-vs-rest balanced accuracy	arithmetic mean across accepted effective folds with a defined score for this metric	known-population-open-set-v1
Levine	Levine	dataset_name-Levine_dataset-revision-67990f383ac8f169c9a00148febba1ed357e18e8_name-data_import.data_raw_potential-batches-1_seed-42_transformation-cofactor-5	not_applicable	cygate	CyGATE	unfiltered	.e924e671977a35b401c5c23aaf1308ed57ddaf256c55741b97fd498c2a244b62	Unfiltered	2	2	1	complete	balanced_accuracy	0.9585808899510098	2	Macro one-vs-rest balanced accuracy	arithmetic mean across accepted effective folds with a defined score for this metric	known-population-open-set-v1
Samusik	Samusik	dataset_name-Samusik_dataset-revision-67990f383ac8f169c9a00148febba1ed357e18e8_name-data_import.data_raw_potential-batches-1_seed-42_transformation-cofactor-5	not_applicable	cygate	CyGATE	unfiltered	.e924e671977a35b401c5c23aaf1308ed57ddaf256c55741b97fd498c2a244b62	Unfiltered	5	5	1	complete	balanced_accuracy	0.9504458244120122	5	Macro one-vs-rest balanced accuracy	arithmetic mean across accepted effective folds with a defined score for this metric	known-population-open-set-v1
15723074	15723074	dataset_name-15723074_dataset-revision-4bf02d6adbe55785ca855b57274aa37b8dc843ae_name-data_import.data_raw_potential-batches-1_seed-42_transformation-cofactor-150	not_applicable	dgcytof	DGCyTOF	unfiltered	.e924e671977a35b401c5c23aaf1308ed57ddaf256c55741b97fd498c2a244b62	Unfiltered	5	5	1	complete	balanced_accuracy	0.9114893193713142	5	Macro one-vs-rest balanced accuracy	arithmetic mean across accepted effective folds with a defined score for this metric	known-population-open-set-v1
BodenmillerXL	BodenmillerXL	dataset_name-BodenmillerXL_dataset-revision-67990f383ac8f169c9a00148febba1ed357e18e8_name-data_import.data_raw_potential-batches-1_seed-42_transformation-cofactor-5	not_applicable	dgcytof	DGCyTOF	unfiltered	.e924e671977a35b401c5c23aaf1308ed57ddaf256c55741b97fd498c2a244b62	Unfiltered	5	5	1	complete	balanced_accuracy	0.8780353959739352	5	Macro one-vs-rest balanced accuracy	arithmetic mean across accepted effective folds with a defined score for this metric	known-population-open-set-v1
FR-FCM-Z238	FR-FCM-Z238	dataset_name-FR-FCM-Z238_dataset-revision-67990f383ac8f169c9a00148febba1ed357e18e8_name-data_import.data_raw_potential-batches-1_seed-42_transformation-cofactor-5	not_applicable	dgcytof	DGCyTOF	unfiltered	.e924e671977a35b401c5c23aaf1308ed57ddaf256c55741b97fd498c2a244b62	Unfiltered	5	5	1	complete	balanced_accuracy	0.819597695460626	5	Macro one-vs-rest balanced accuracy	arithmetic mean across accepted effective folds with a defined score for this metric	known-population-open-set-v1
FR-FCM-Z2KP-covid	FR-FCM-Z2KP-covid	dataset_name-FR-FCM-Z2KP-covid_dataset-revision-67990f383ac8f169c9a00148febba1ed357e18e8_name-data_import.data_raw_potential-batches-1_seed-42_transformation-cofactor-150	not_applicable	dgcytof	DGCyTOF	unfiltered	.e924e671977a35b401c5c23aaf1308ed57ddaf256c55741b97fd498c2a244b62	Unfiltered	5	5	1	complete	balanced_accuracy	0.9720509439570321	5	Macro one-vs-rest balanced accuracy	arithmetic mean across accepted effective folds with a defined score for this metric	known-population-open-set-v1
FR-FCM-Z2KP-healthy	FR-FCM-Z2KP-healthy (n=1k)	dataset_name-FR-FCM-Z2KP-healthy_dataset-revision-67990f383ac8f169c9a00148febba1ed357e18e8_name-data_import.data_raw_potential-batches-1_seed-420_sub-sampling-1000_transformation-cofactor-150	1000	dgcytof	DGCyTOF	unfiltered	.e924e671977a35b401c5c23aaf1308ed57ddaf256c55741b97fd498c2a244b62	Unfiltered	5	5	1	complete	balanced_accuracy	0.8587515858578939	5	Macro one-vs-rest balanced accuracy	arithmetic mean across accepted effective folds with a defined score for this metric	known-population-open-set-v1
FR-FCM-Z2KP-healthy	FR-FCM-Z2KP-healthy (n=5k)	dataset_name-FR-FCM-Z2KP-healthy_dataset-revision-67990f383ac8f169c9a00148febba1ed357e18e8_name-data_import.data_raw_potential-batches-1_seed-420_sub-sampling-5000_transformation-cofactor-150	5000	dgcytof	DGCyTOF	unfiltered	.e924e671977a35b401c5c23aaf1308ed57ddaf256c55741b97fd498c2a244b62	Unfiltered	5	5	1	complete	balanced_accuracy	0.9174882914464131	5	Macro one-vs-rest balanced accuracy	arithmetic mean across accepted effective folds with a defined score for this metric	known-population-open-set-v1
FR-FCM-Z2KP-healthy	FR-FCM-Z2KP-healthy (n=10k)	dataset_name-FR-FCM-Z2KP-healthy_dataset-revision-67990f383ac8f169c9a00148febba1ed357e18e8_name-data_import.data_raw_potential-batches-1_seed-420_sub-sampling-10000_transformation-cofactor-150	10000	dgcytof	DGCyTOF	unfiltered	.e924e671977a35b401c5c23aaf1308ed57ddaf256c55741b97fd498c2a244b62	Unfiltered	5	5	1	complete	balanced_accuracy	0.9306134769810602	5	Macro one-vs-rest balanced accuracy	arithmetic mean across accepted effective folds with a defined score for this metric	known-population-open-set-v1
FR-FCM-Z2KP-healthy	FR-FCM-Z2KP-healthy (n=50k)	dataset_name-FR-FCM-Z2KP-healthy_dataset-revision-67990f383ac8f169c9a00148febba1ed357e18e8_name-data_import.data_raw_potential-batches-1_seed-420_sub-sampling-50000_transformation-cofactor-150	50000	dgcytof	DGCyTOF	unfiltered	.e924e671977a35b401c5c23aaf1308ed57ddaf256c55741b97fd498c2a244b62	Unfiltered	5	5	1	complete	balanced_accuracy	0.9631974300977159	5	Macro one-vs-rest balanced accuracy	arithmetic mean across accepted effective folds with a defined score for this metric	known-population-open-set-v1
FR-FCM-Z2KP-healthy	FR-FCM-Z2KP-healthy (n=100k)	dataset_name-FR-FCM-Z2KP-healthy_dataset-revision-67990f383ac8f169c9a00148febba1ed357e18e8_name-data_import.data_raw_potential-batches-1_seed-420_sub-sampling-100000_transformation-cofactor-150	1e+05	dgcytof	DGCyTOF	unfiltered	.e924e671977a35b401c5c23aaf1308ed57ddaf256c55741b97fd498c2a244b62	Unfiltered	5	5	1	complete	balanced_accuracy	0.9681132716788811	5	Macro one-vs-rest balanced accuracy	arithmetic mean across accepted effective folds with a defined score for this metric	known-population-open-set-v1
FR-FCM-Z2KP-healthy	FR-FCM-Z2KP-healthy	dataset_name-FR-FCM-Z2KP-healthy_dataset-revision-67990f383ac8f169c9a00148febba1ed357e18e8_name-data_import.data_raw_potential-batches-1_seed-42_transformation-cofactor-150	not_applicable	dgcytof	DGCyTOF	unfiltered	.e924e671977a35b401c5c23aaf1308ed57ddaf256c55741b97fd498c2a244b62	Unfiltered	5	5	1	complete	balanced_accuracy	0.9747102547917695	5	Macro one-vs-rest balanced accuracy	arithmetic mean across accepted effective folds with a defined score for this metric	known-population-open-set-v1
FR-FCM-Z3YR	FR-FCM-Z3YR	dataset_name-FR-FCM-Z3YR_dataset-revision-67990f383ac8f169c9a00148febba1ed357e18e8_name-data_import.data_raw_potential-batches-1_seed-42_transformation-cofactor-5	not_applicable	dgcytof	DGCyTOF	unfiltered	.e924e671977a35b401c5c23aaf1308ed57ddaf256c55741b97fd498c2a244b62	Unfiltered	5	5	1	complete	balanced_accuracy	0.8553904270532285	5	Macro one-vs-rest balanced accuracy	arithmetic mean across accepted effective folds with a defined score for this metric	known-population-open-set-v1
FR-FCM-Z7CH-BALBc	FR-FCM-Z7CH-BALBc	dataset_name-FR-FCM-Z7CH-BALBc_dataset-revision-4bf02d6adbe55785ca855b57274aa37b8dc843ae_name-data_import.data_raw_potential-batches-1_seed-42_transformation-cofactor-150	not_applicable	dgcytof	DGCyTOF	unfiltered	.e924e671977a35b401c5c23aaf1308ed57ddaf256c55741b97fd498c2a244b62	Unfiltered	5	5	1	complete	balanced_accuracy	0.910441920384422	5	Macro one-vs-rest balanced accuracy	arithmetic mean across accepted effective folds with a defined score for this metric	known-population-open-set-v1
FR-FCM-Z7CH-C57BL6	FR-FCM-Z7CH-C57BL6	dataset_name-FR-FCM-Z7CH-C57BL6_dataset-revision-4bf02d6adbe55785ca855b57274aa37b8dc843ae_name-data_import.data_raw_potential-batches-1_seed-42_transformation-cofactor-150	not_applicable	dgcytof	DGCyTOF	unfiltered	.e924e671977a35b401c5c23aaf1308ed57ddaf256c55741b97fd498c2a244b62	Unfiltered	5	5	1	complete	balanced_accuracy	0.9074081696747777	5	Macro one-vs-rest balanced accuracy	arithmetic mean across accepted effective folds with a defined score for this metric	known-population-open-set-v1
FR-FCM-ZY34	FR-FCM-ZY34	dataset_name-FR-FCM-ZY34_dataset-revision-67990f383ac8f169c9a00148febba1ed357e18e8_name-data_import.data_raw_potential-batches-1_seed-42_transformation-cofactor-150	not_applicable	dgcytof	DGCyTOF	unfiltered	.e924e671977a35b401c5c23aaf1308ed57ddaf256c55741b97fd498c2a244b62	Unfiltered	5	5	1	complete	balanced_accuracy	0.6904339325405745	5	Macro one-vs-rest balanced accuracy	arithmetic mean across accepted effective folds with a defined score for this metric	known-population-open-set-v1
FR-FCM-ZYVT	FR-FCM-ZYVT	dataset_name-FR-FCM-ZYVT_dataset-revision-67990f383ac8f169c9a00148febba1ed357e18e8_name-data_import.data_raw_potential-batches-1_seed-42_transformation-cofactor-150	not_applicable	dgcytof	DGCyTOF	unfiltered	.e924e671977a35b401c5c23aaf1308ed57ddaf256c55741b97fd498c2a244b62	Unfiltered	5	5	1	complete	balanced_accuracy	0.688763131399519	5	Macro one-vs-rest balanced accuracy	arithmetic mean across accepted effective folds with a defined score for this metric	known-population-open-set-v1
FlowCyt	FlowCyt	dataset_name-FlowCyt_dataset-revision-67990f383ac8f169c9a00148febba1ed357e18e8_name-data_import.data_raw_potential-batches-1_seed-42_transformation-cofactor-150	not_applicable	dgcytof	DGCyTOF	unfiltered	.e924e671977a35b401c5c23aaf1308ed57ddaf256c55741b97fd498c2a244b62	Unfiltered	5	5	1	complete	balanced_accuracy	0.8779026908252721	5	Macro one-vs-rest balanced accuracy	arithmetic mean across accepted effective folds with a defined score for this metric	known-population-open-set-v1
Levine	Levine	dataset_name-Levine_dataset-revision-67990f383ac8f169c9a00148febba1ed357e18e8_name-data_import.data_raw_potential-batches-1_seed-42_transformation-cofactor-5	not_applicable	dgcytof	DGCyTOF	unfiltered	.e924e671977a35b401c5c23aaf1308ed57ddaf256c55741b97fd498c2a244b62	Unfiltered	2	2	1	complete	balanced_accuracy	0.9532754265608381	2	Macro one-vs-rest balanced accuracy	arithmetic mean across accepted effective folds with a defined score for this metric	known-population-open-set-v1
Samusik	Samusik	dataset_name-Samusik_dataset-revision-67990f383ac8f169c9a00148febba1ed357e18e8_name-data_import.data_raw_potential-batches-1_seed-42_transformation-cofactor-5	not_applicable	dgcytof	DGCyTOF	unfiltered	.e924e671977a35b401c5c23aaf1308ed57ddaf256c55741b97fd498c2a244b62	Unfiltered	5	5	1	complete	balanced_accuracy	0.945768880425288	5	Macro one-vs-rest balanced accuracy	arithmetic mean across accepted effective folds with a defined score for this metric	known-population-open-set-v1
15723074	15723074	dataset_name-15723074_dataset-revision-4bf02d6adbe55785ca855b57274aa37b8dc843ae_name-data_import.data_raw_potential-batches-1_seed-42_transformation-cofactor-150	not_applicable	gatemeclass[E]	GateMeClass [E]	unfiltered	.e924e671977a35b401c5c23aaf1308ed57ddaf256c55741b97fd498c2a244b62	Unfiltered	5	5	1	complete	balanced_accuracy	0.9743346768749621	5	Macro one-vs-rest balanced accuracy	arithmetic mean across accepted effective folds with a defined score for this metric	known-population-open-set-v1
BodenmillerXL	BodenmillerXL	dataset_name-BodenmillerXL_dataset-revision-67990f383ac8f169c9a00148febba1ed357e18e8_name-data_import.data_raw_potential-batches-1_seed-42_transformation-cofactor-5	not_applicable	gatemeclass[E]	GateMeClass [E]	unfiltered	.e924e671977a35b401c5c23aaf1308ed57ddaf256c55741b97fd498c2a244b62	Unfiltered	5	5	1	complete	balanced_accuracy	0.8370467237224744	5	Macro one-vs-rest balanced accuracy	arithmetic mean across accepted effective folds with a defined score for this metric	known-population-open-set-v1
FR-FCM-Z238	FR-FCM-Z238	dataset_name-FR-FCM-Z238_dataset-revision-67990f383ac8f169c9a00148febba1ed357e18e8_name-data_import.data_raw_potential-batches-1_seed-42_transformation-cofactor-5	not_applicable	gatemeclass[E]	GateMeClass [E]	unfiltered	.e924e671977a35b401c5c23aaf1308ed57ddaf256c55741b97fd498c2a244b62	Unfiltered	0	5	0	incomplete	balanced_accuracy	NA	0	Macro one-vs-rest balanced accuracy	arithmetic mean across accepted effective folds with a defined score for this metric	known-population-open-set-v1
FR-FCM-Z2KP-covid	FR-FCM-Z2KP-covid	dataset_name-FR-FCM-Z2KP-covid_dataset-revision-67990f383ac8f169c9a00148febba1ed357e18e8_name-data_import.data_raw_potential-batches-1_seed-42_transformation-cofactor-150	not_applicable	gatemeclass[E]	GateMeClass [E]	unfiltered	.e924e671977a35b401c5c23aaf1308ed57ddaf256c55741b97fd498c2a244b62	Unfiltered	0	5	0	incomplete	balanced_accuracy	NA	0	Macro one-vs-rest balanced accuracy	arithmetic mean across accepted effective folds with a defined score for this metric	known-population-open-set-v1
FR-FCM-Z2KP-healthy	FR-FCM-Z2KP-healthy (n=1k)	dataset_name-FR-FCM-Z2KP-healthy_dataset-revision-67990f383ac8f169c9a00148febba1ed357e18e8_name-data_import.data_raw_potential-batches-1_seed-420_sub-sampling-1000_transformation-cofactor-150	1000	gatemeclass[E]	GateMeClass [E]	unfiltered	.e924e671977a35b401c5c23aaf1308ed57ddaf256c55741b97fd498c2a244b62	Unfiltered	5	5	1	complete	balanced_accuracy	0.8634024717678953	5	Macro one-vs-rest balanced accuracy	arithmetic mean across accepted effective folds with a defined score for this metric	known-population-open-set-v1
FR-FCM-Z2KP-healthy	FR-FCM-Z2KP-healthy (n=5k)	dataset_name-FR-FCM-Z2KP-healthy_dataset-revision-67990f383ac8f169c9a00148febba1ed357e18e8_name-data_import.data_raw_potential-batches-1_seed-420_sub-sampling-5000_transformation-cofactor-150	5000	gatemeclass[E]	GateMeClass [E]	unfiltered	.e924e671977a35b401c5c23aaf1308ed57ddaf256c55741b97fd498c2a244b62	Unfiltered	5	5	1	complete	balanced_accuracy	0.816962517890719	5	Macro one-vs-rest balanced accuracy	arithmetic mean across accepted effective folds with a defined score for this metric	known-population-open-set-v1
FR-FCM-Z2KP-healthy	FR-FCM-Z2KP-healthy (n=10k)	dataset_name-FR-FCM-Z2KP-healthy_dataset-revision-67990f383ac8f169c9a00148febba1ed357e18e8_name-data_import.data_raw_potential-batches-1_seed-420_sub-sampling-10000_transformation-cofactor-150	10000	gatemeclass[E]	GateMeClass [E]	unfiltered	.e924e671977a35b401c5c23aaf1308ed57ddaf256c55741b97fd498c2a244b62	Unfiltered	5	5	1	complete	balanced_accuracy	0.825535410769981	5	Macro one-vs-rest balanced accuracy	arithmetic mean across accepted effective folds with a defined score for this metric	known-population-open-set-v1
FR-FCM-Z2KP-healthy	FR-FCM-Z2KP-healthy (n=50k)	dataset_name-FR-FCM-Z2KP-healthy_dataset-revision-67990f383ac8f169c9a00148febba1ed357e18e8_name-data_import.data_raw_potential-batches-1_seed-420_sub-sampling-50000_transformation-cofactor-150	50000	gatemeclass[E]	GateMeClass [E]	unfiltered	.e924e671977a35b401c5c23aaf1308ed57ddaf256c55741b97fd498c2a244b62	Unfiltered	5	5	1	complete	balanced_accuracy	0.8225738263155313	5	Macro one-vs-rest balanced accuracy	arithmetic mean across accepted effective folds with a defined score for this metric	known-population-open-set-v1
FR-FCM-Z2KP-healthy	FR-FCM-Z2KP-healthy (n=100k)	dataset_name-FR-FCM-Z2KP-healthy_dataset-revision-67990f383ac8f169c9a00148febba1ed357e18e8_name-data_import.data_raw_potential-batches-1_seed-420_sub-sampling-100000_transformation-cofactor-150	1e+05	gatemeclass[E]	GateMeClass [E]	unfiltered	.e924e671977a35b401c5c23aaf1308ed57ddaf256c55741b97fd498c2a244b62	Unfiltered	5	5	1	complete	balanced_accuracy	0.7989344667805901	5	Macro one-vs-rest balanced accuracy	arithmetic mean across accepted effective folds with a defined score for this metric	known-population-open-set-v1
FR-FCM-Z2KP-healthy	FR-FCM-Z2KP-healthy	dataset_name-FR-FCM-Z2KP-healthy_dataset-revision-67990f383ac8f169c9a00148febba1ed357e18e8_name-data_import.data_raw_potential-batches-1_seed-42_transformation-cofactor-150	not_applicable	gatemeclass[E]	GateMeClass [E]	unfiltered	.e924e671977a35b401c5c23aaf1308ed57ddaf256c55741b97fd498c2a244b62	Unfiltered	5	5	1	complete	balanced_accuracy	0.8184151943996422	5	Macro one-vs-rest balanced accuracy	arithmetic mean across accepted effective folds with a defined score for this metric	known-population-open-set-v1
FR-FCM-Z3YR	FR-FCM-Z3YR	dataset_name-FR-FCM-Z3YR_dataset-revision-67990f383ac8f169c9a00148febba1ed357e18e8_name-data_import.data_raw_potential-batches-1_seed-42_transformation-cofactor-5	not_applicable	gatemeclass[E]	GateMeClass [E]	unfiltered	.e924e671977a35b401c5c23aaf1308ed57ddaf256c55741b97fd498c2a244b62	Unfiltered	0	5	0	incomplete	balanced_accuracy	NA	0	Macro one-vs-rest balanced accuracy	arithmetic mean across accepted effective folds with a defined score for this metric	known-population-open-set-v1
FR-FCM-Z7CH-BALBc	FR-FCM-Z7CH-BALBc	dataset_name-FR-FCM-Z7CH-BALBc_dataset-revision-4bf02d6adbe55785ca855b57274aa37b8dc843ae_name-data_import.data_raw_potential-batches-1_seed-42_transformation-cofactor-150	not_applicable	gatemeclass[E]	GateMeClass [E]	unfiltered	.e924e671977a35b401c5c23aaf1308ed57ddaf256c55741b97fd498c2a244b62	Unfiltered	5	5	1	complete	balanced_accuracy	0.801828679935403	5	Macro one-vs-rest balanced accuracy	arithmetic mean across accepted effective folds with a defined score for this metric	known-population-open-set-v1
FR-FCM-Z7CH-C57BL6	FR-FCM-Z7CH-C57BL6	dataset_name-FR-FCM-Z7CH-C57BL6_dataset-revision-4bf02d6adbe55785ca855b57274aa37b8dc843ae_name-data_import.data_raw_potential-batches-1_seed-42_transformation-cofactor-150	not_applicable	gatemeclass[E]	GateMeClass [E]	unfiltered	.e924e671977a35b401c5c23aaf1308ed57ddaf256c55741b97fd498c2a244b62	Unfiltered	5	5	1	complete	balanced_accuracy	0.7669505305454579	5	Macro one-vs-rest balanced accuracy	arithmetic mean across accepted effective folds with a defined score for this metric	known-population-open-set-v1
FR-FCM-ZY34	FR-FCM-ZY34	dataset_name-FR-FCM-ZY34_dataset-revision-67990f383ac8f169c9a00148febba1ed357e18e8_name-data_import.data_raw_potential-batches-1_seed-42_transformation-cofactor-150	not_applicable	gatemeclass[E]	GateMeClass [E]	unfiltered	.e924e671977a35b401c5c23aaf1308ed57ddaf256c55741b97fd498c2a244b62	Unfiltered	5	5	1	complete	balanced_accuracy	0.6234748694067779	5	Macro one-vs-rest balanced accuracy	arithmetic mean across accepted effective folds with a defined score for this metric	known-population-open-set-v1
FR-FCM-ZYVT	FR-FCM-ZYVT	dataset_name-FR-FCM-ZYVT_dataset-revision-67990f383ac8f169c9a00148febba1ed357e18e8_name-data_import.data_raw_potential-batches-1_seed-42_transformation-cofactor-150	not_applicable	gatemeclass[E]	GateMeClass [E]	unfiltered	.e924e671977a35b401c5c23aaf1308ed57ddaf256c55741b97fd498c2a244b62	Unfiltered	5	5	1	complete	balanced_accuracy	0.7309158628411518	5	Macro one-vs-rest balanced accuracy	arithmetic mean across accepted effective folds with a defined score for this metric	known-population-open-set-v1
FlowCyt	FlowCyt	dataset_name-FlowCyt_dataset-revision-67990f383ac8f169c9a00148febba1ed357e18e8_name-data_import.data_raw_potential-batches-1_seed-42_transformation-cofactor-150	not_applicable	gatemeclass[E]	GateMeClass [E]	unfiltered	.e924e671977a35b401c5c23aaf1308ed57ddaf256c55741b97fd498c2a244b62	Unfiltered	0	5	0	incomplete	balanced_accuracy	NA	0	Macro one-vs-rest balanced accuracy	arithmetic mean across accepted effective folds with a defined score for this metric	known-population-open-set-v1
Levine	Levine	dataset_name-Levine_dataset-revision-67990f383ac8f169c9a00148febba1ed357e18e8_name-data_import.data_raw_potential-batches-1_seed-42_transformation-cofactor-5	not_applicable	gatemeclass[E]	GateMeClass [E]	unfiltered	.e924e671977a35b401c5c23aaf1308ed57ddaf256c55741b97fd498c2a244b62	Unfiltered	2	2	1	complete	balanced_accuracy	0.9204887386957674	2	Macro one-vs-rest balanced accuracy	arithmetic mean across accepted effective folds with a defined score for this metric	known-population-open-set-v1
Samusik	Samusik	dataset_name-Samusik_dataset-revision-67990f383ac8f169c9a00148febba1ed357e18e8_name-data_import.data_raw_potential-batches-1_seed-42_transformation-cofactor-5	not_applicable	gatemeclass[E]	GateMeClass [E]	unfiltered	.e924e671977a35b401c5c23aaf1308ed57ddaf256c55741b97fd498c2a244b62	Unfiltered	5	5	1	complete	balanced_accuracy	0.8645900973477697	5	Macro one-vs-rest balanced accuracy	arithmetic mean across accepted effective folds with a defined score for this metric	known-population-open-set-v1
15723074	15723074	dataset_name-15723074_dataset-revision-4bf02d6adbe55785ca855b57274aa37b8dc843ae_name-data_import.data_raw_potential-batches-1_seed-42_transformation-cofactor-150	not_applicable	gatemeclass[V]	GateMeClass [V]	unfiltered	.e924e671977a35b401c5c23aaf1308ed57ddaf256c55741b97fd498c2a244b62	Unfiltered	5	5	1	complete	balanced_accuracy	0.8631048910025592	5	Macro one-vs-rest balanced accuracy	arithmetic mean across accepted effective folds with a defined score for this metric	known-population-open-set-v1
BodenmillerXL	BodenmillerXL	dataset_name-BodenmillerXL_dataset-revision-67990f383ac8f169c9a00148febba1ed357e18e8_name-data_import.data_raw_potential-batches-1_seed-42_transformation-cofactor-5	not_applicable	gatemeclass[V]	GateMeClass [V]	unfiltered	.e924e671977a35b401c5c23aaf1308ed57ddaf256c55741b97fd498c2a244b62	Unfiltered	5	5	1	complete	balanced_accuracy	0.7307872773079916	5	Macro one-vs-rest balanced accuracy	arithmetic mean across accepted effective folds with a defined score for this metric	known-population-open-set-v1
FR-FCM-Z238	FR-FCM-Z238	dataset_name-FR-FCM-Z238_dataset-revision-67990f383ac8f169c9a00148febba1ed357e18e8_name-data_import.data_raw_potential-batches-1_seed-42_transformation-cofactor-5	not_applicable	gatemeclass[V]	GateMeClass [V]	unfiltered	.e924e671977a35b401c5c23aaf1308ed57ddaf256c55741b97fd498c2a244b62	Unfiltered	0	5	0	incomplete	balanced_accuracy	NA	0	Macro one-vs-rest balanced accuracy	arithmetic mean across accepted effective folds with a defined score for this metric	known-population-open-set-v1
FR-FCM-Z2KP-covid	FR-FCM-Z2KP-covid	dataset_name-FR-FCM-Z2KP-covid_dataset-revision-67990f383ac8f169c9a00148febba1ed357e18e8_name-data_import.data_raw_potential-batches-1_seed-42_transformation-cofactor-150	not_applicable	gatemeclass[V]	GateMeClass [V]	unfiltered	.e924e671977a35b401c5c23aaf1308ed57ddaf256c55741b97fd498c2a244b62	Unfiltered	0	5	0	incomplete	balanced_accuracy	NA	0	Macro one-vs-rest balanced accuracy	arithmetic mean across accepted effective folds with a defined score for this metric	known-population-open-set-v1
FR-FCM-Z2KP-healthy	FR-FCM-Z2KP-healthy (n=1k)	dataset_name-FR-FCM-Z2KP-healthy_dataset-revision-67990f383ac8f169c9a00148febba1ed357e18e8_name-data_import.data_raw_potential-batches-1_seed-420_sub-sampling-1000_transformation-cofactor-150	1000	gatemeclass[V]	GateMeClass [V]	unfiltered	.e924e671977a35b401c5c23aaf1308ed57ddaf256c55741b97fd498c2a244b62	Unfiltered	5	5	1	complete	balanced_accuracy	0.8233277313043312	5	Macro one-vs-rest balanced accuracy	arithmetic mean across accepted effective folds with a defined score for this metric	known-population-open-set-v1
FR-FCM-Z2KP-healthy	FR-FCM-Z2KP-healthy (n=5k)	dataset_name-FR-FCM-Z2KP-healthy_dataset-revision-67990f383ac8f169c9a00148febba1ed357e18e8_name-data_import.data_raw_potential-batches-1_seed-420_sub-sampling-5000_transformation-cofactor-150	5000	gatemeclass[V]	GateMeClass [V]	unfiltered	.e924e671977a35b401c5c23aaf1308ed57ddaf256c55741b97fd498c2a244b62	Unfiltered	5	5	1	complete	balanced_accuracy	0.8475672267134964	5	Macro one-vs-rest balanced accuracy	arithmetic mean across accepted effective folds with a defined score for this metric	known-population-open-set-v1
FR-FCM-Z2KP-healthy	FR-FCM-Z2KP-healthy (n=10k)	dataset_name-FR-FCM-Z2KP-healthy_dataset-revision-67990f383ac8f169c9a00148febba1ed357e18e8_name-data_import.data_raw_potential-batches-1_seed-420_sub-sampling-10000_transformation-cofactor-150	10000	gatemeclass[V]	GateMeClass [V]	unfiltered	.e924e671977a35b401c5c23aaf1308ed57ddaf256c55741b97fd498c2a244b62	Unfiltered	5	5	1	complete	balanced_accuracy	0.845074754197754	5	Macro one-vs-rest balanced accuracy	arithmetic mean across accepted effective folds with a defined score for this metric	known-population-open-set-v1
FR-FCM-Z2KP-healthy	FR-FCM-Z2KP-healthy (n=50k)	dataset_name-FR-FCM-Z2KP-healthy_dataset-revision-67990f383ac8f169c9a00148febba1ed357e18e8_name-data_import.data_raw_potential-batches-1_seed-420_sub-sampling-50000_transformation-cofactor-150	50000	gatemeclass[V]	GateMeClass [V]	unfiltered	.e924e671977a35b401c5c23aaf1308ed57ddaf256c55741b97fd498c2a244b62	Unfiltered	5	5	1	complete	balanced_accuracy	0.8086927194125775	5	Macro one-vs-rest balanced accuracy	arithmetic mean across accepted effective folds with a defined score for this metric	known-population-open-set-v1
FR-FCM-Z2KP-healthy	FR-FCM-Z2KP-healthy (n=100k)	dataset_name-FR-FCM-Z2KP-healthy_dataset-revision-67990f383ac8f169c9a00148febba1ed357e18e8_name-data_import.data_raw_potential-batches-1_seed-420_sub-sampling-100000_transformation-cofactor-150	1e+05	gatemeclass[V]	GateMeClass [V]	unfiltered	.e924e671977a35b401c5c23aaf1308ed57ddaf256c55741b97fd498c2a244b62	Unfiltered	5	5	1	complete	balanced_accuracy	0.8261307886065768	5	Macro one-vs-rest balanced accuracy	arithmetic mean across accepted effective folds with a defined score for this metric	known-population-open-set-v1
FR-FCM-Z2KP-healthy	FR-FCM-Z2KP-healthy	dataset_name-FR-FCM-Z2KP-healthy_dataset-revision-67990f383ac8f169c9a00148febba1ed357e18e8_name-data_import.data_raw_potential-batches-1_seed-42_transformation-cofactor-150	not_applicable	gatemeclass[V]	GateMeClass [V]	unfiltered	.e924e671977a35b401c5c23aaf1308ed57ddaf256c55741b97fd498c2a244b62	Unfiltered	5	5	1	complete	balanced_accuracy	0.8149051425883946	5	Macro one-vs-rest balanced accuracy	arithmetic mean across accepted effective folds with a defined score for this metric	known-population-open-set-v1
FR-FCM-Z3YR	FR-FCM-Z3YR	dataset_name-FR-FCM-Z3YR_dataset-revision-67990f383ac8f169c9a00148febba1ed357e18e8_name-data_import.data_raw_potential-batches-1_seed-42_transformation-cofactor-5	not_applicable	gatemeclass[V]	GateMeClass [V]	unfiltered	.e924e671977a35b401c5c23aaf1308ed57ddaf256c55741b97fd498c2a244b62	Unfiltered	0	5	0	incomplete	balanced_accuracy	NA	0	Macro one-vs-rest balanced accuracy	arithmetic mean across accepted effective folds with a defined score for this metric	known-population-open-set-v1
FR-FCM-Z7CH-BALBc	FR-FCM-Z7CH-BALBc	dataset_name-FR-FCM-Z7CH-BALBc_dataset-revision-4bf02d6adbe55785ca855b57274aa37b8dc843ae_name-data_import.data_raw_potential-batches-1_seed-42_transformation-cofactor-150	not_applicable	gatemeclass[V]	GateMeClass [V]	unfiltered	.e924e671977a35b401c5c23aaf1308ed57ddaf256c55741b97fd498c2a244b62	Unfiltered	5	5	1	complete	balanced_accuracy	0.8156788117144372	5	Macro one-vs-rest balanced accuracy	arithmetic mean across accepted effective folds with a defined score for this metric	known-population-open-set-v1
FR-FCM-Z7CH-C57BL6	FR-FCM-Z7CH-C57BL6	dataset_name-FR-FCM-Z7CH-C57BL6_dataset-revision-4bf02d6adbe55785ca855b57274aa37b8dc843ae_name-data_import.data_raw_potential-batches-1_seed-42_transformation-cofactor-150	not_applicable	gatemeclass[V]	GateMeClass [V]	unfiltered	.e924e671977a35b401c5c23aaf1308ed57ddaf256c55741b97fd498c2a244b62	Unfiltered	5	5	1	complete	balanced_accuracy	0.8419383759529028	5	Macro one-vs-rest balanced accuracy	arithmetic mean across accepted effective folds with a defined score for this metric	known-population-open-set-v1
FR-FCM-ZY34	FR-FCM-ZY34	dataset_name-FR-FCM-ZY34_dataset-revision-67990f383ac8f169c9a00148febba1ed357e18e8_name-data_import.data_raw_potential-batches-1_seed-42_transformation-cofactor-150	not_applicable	gatemeclass[V]	GateMeClass [V]	unfiltered	.e924e671977a35b401c5c23aaf1308ed57ddaf256c55741b97fd498c2a244b62	Unfiltered	5	5	1	complete	balanced_accuracy	0.5880770314496298	5	Macro one-vs-rest balanced accuracy	arithmetic mean across accepted effective folds with a defined score for this metric	known-population-open-set-v1
FR-FCM-ZYVT	FR-FCM-ZYVT	dataset_name-FR-FCM-ZYVT_dataset-revision-67990f383ac8f169c9a00148febba1ed357e18e8_name-data_import.data_raw_potential-batches-1_seed-42_transformation-cofactor-150	not_applicable	gatemeclass[V]	GateMeClass [V]	unfiltered	.e924e671977a35b401c5c23aaf1308ed57ddaf256c55741b97fd498c2a244b62	Unfiltered	5	5	1	complete	balanced_accuracy	0.6853040893020771	5	Macro one-vs-rest balanced accuracy	arithmetic mean across accepted effective folds with a defined score for this metric	known-population-open-set-v1
FlowCyt	FlowCyt	dataset_name-FlowCyt_dataset-revision-67990f383ac8f169c9a00148febba1ed357e18e8_name-data_import.data_raw_potential-batches-1_seed-42_transformation-cofactor-150	not_applicable	gatemeclass[V]	GateMeClass [V]	unfiltered	.e924e671977a35b401c5c23aaf1308ed57ddaf256c55741b97fd498c2a244b62	Unfiltered	0	5	0	incomplete	balanced_accuracy	NA	0	Macro one-vs-rest balanced accuracy	arithmetic mean across accepted effective folds with a defined score for this metric	known-population-open-set-v1
Levine	Levine	dataset_name-Levine_dataset-revision-67990f383ac8f169c9a00148febba1ed357e18e8_name-data_import.data_raw_potential-batches-1_seed-42_transformation-cofactor-5	not_applicable	gatemeclass[V]	GateMeClass [V]	unfiltered	.e924e671977a35b401c5c23aaf1308ed57ddaf256c55741b97fd498c2a244b62	Unfiltered	2	2	1	complete	balanced_accuracy	0.9210576232291345	2	Macro one-vs-rest balanced accuracy	arithmetic mean across accepted effective folds with a defined score for this metric	known-population-open-set-v1
Samusik	Samusik	dataset_name-Samusik_dataset-revision-67990f383ac8f169c9a00148febba1ed357e18e8_name-data_import.data_raw_potential-batches-1_seed-42_transformation-cofactor-5	not_applicable	gatemeclass[V]	GateMeClass [V]	unfiltered	.e924e671977a35b401c5c23aaf1308ed57ddaf256c55741b97fd498c2a244b62	Unfiltered	5	5	1	complete	balanced_accuracy	0.8484142380034695	5	Macro one-vs-rest balanced accuracy	arithmetic mean across accepted effective folds with a defined score for this metric	known-population-open-set-v1
15723074	15723074	dataset_name-15723074_dataset-revision-4bf02d6adbe55785ca855b57274aa37b8dc843ae_name-data_import.data_raw_potential-batches-1_seed-42_transformation-cofactor-150	not_applicable	knn	KNN	unfiltered	.e924e671977a35b401c5c23aaf1308ed57ddaf256c55741b97fd498c2a244b62	Unfiltered	5	5	1	complete	balanced_accuracy	0.8981685916729829	5	Macro one-vs-rest balanced accuracy	arithmetic mean across accepted effective folds with a defined score for this metric	known-population-open-set-v1
BodenmillerXL	BodenmillerXL	dataset_name-BodenmillerXL_dataset-revision-67990f383ac8f169c9a00148febba1ed357e18e8_name-data_import.data_raw_potential-batches-1_seed-42_transformation-cofactor-5	not_applicable	knn	KNN	unfiltered	.e924e671977a35b401c5c23aaf1308ed57ddaf256c55741b97fd498c2a244b62	Unfiltered	5	5	1	complete	balanced_accuracy	0.8408606065420825	5	Macro one-vs-rest balanced accuracy	arithmetic mean across accepted effective folds with a defined score for this metric	known-population-open-set-v1
FR-FCM-Z238	FR-FCM-Z238	dataset_name-FR-FCM-Z238_dataset-revision-67990f383ac8f169c9a00148febba1ed357e18e8_name-data_import.data_raw_potential-batches-1_seed-42_transformation-cofactor-5	not_applicable	knn	KNN	unfiltered	.e924e671977a35b401c5c23aaf1308ed57ddaf256c55741b97fd498c2a244b62	Unfiltered	5	5	1	complete	balanced_accuracy	0.7474693987930593	5	Macro one-vs-rest balanced accuracy	arithmetic mean across accepted effective folds with a defined score for this metric	known-population-open-set-v1
FR-FCM-Z2KP-covid	FR-FCM-Z2KP-covid	dataset_name-FR-FCM-Z2KP-covid_dataset-revision-67990f383ac8f169c9a00148febba1ed357e18e8_name-data_import.data_raw_potential-batches-1_seed-42_transformation-cofactor-150	not_applicable	knn	KNN	unfiltered	.e924e671977a35b401c5c23aaf1308ed57ddaf256c55741b97fd498c2a244b62	Unfiltered	5	5	1	complete	balanced_accuracy	0.8494542557375766	5	Macro one-vs-rest balanced accuracy	arithmetic mean across accepted effective folds with a defined score for this metric	known-population-open-set-v1
FR-FCM-Z2KP-healthy	FR-FCM-Z2KP-healthy (n=1k)	dataset_name-FR-FCM-Z2KP-healthy_dataset-revision-67990f383ac8f169c9a00148febba1ed357e18e8_name-data_import.data_raw_potential-batches-1_seed-420_sub-sampling-1000_transformation-cofactor-150	1000	knn	KNN	unfiltered	.e924e671977a35b401c5c23aaf1308ed57ddaf256c55741b97fd498c2a244b62	Unfiltered	5	5	1	complete	balanced_accuracy	0.8539361688463186	5	Macro one-vs-rest balanced accuracy	arithmetic mean across accepted effective folds with a defined score for this metric	known-population-open-set-v1
FR-FCM-Z2KP-healthy	FR-FCM-Z2KP-healthy (n=5k)	dataset_name-FR-FCM-Z2KP-healthy_dataset-revision-67990f383ac8f169c9a00148febba1ed357e18e8_name-data_import.data_raw_potential-batches-1_seed-420_sub-sampling-5000_transformation-cofactor-150	5000	knn	KNN	unfiltered	.e924e671977a35b401c5c23aaf1308ed57ddaf256c55741b97fd498c2a244b62	Unfiltered	5	5	1	complete	balanced_accuracy	0.8508257095126235	5	Macro one-vs-rest balanced accuracy	arithmetic mean across accepted effective folds with a defined score for this metric	known-population-open-set-v1
FR-FCM-Z2KP-healthy	FR-FCM-Z2KP-healthy (n=10k)	dataset_name-FR-FCM-Z2KP-healthy_dataset-revision-67990f383ac8f169c9a00148febba1ed357e18e8_name-data_import.data_raw_potential-batches-1_seed-420_sub-sampling-10000_transformation-cofactor-150	10000	knn	KNN	unfiltered	.e924e671977a35b401c5c23aaf1308ed57ddaf256c55741b97fd498c2a244b62	Unfiltered	5	5	1	complete	balanced_accuracy	0.8486046984483768	5	Macro one-vs-rest balanced accuracy	arithmetic mean across accepted effective folds with a defined score for this metric	known-population-open-set-v1
FR-FCM-Z2KP-healthy	FR-FCM-Z2KP-healthy (n=50k)	dataset_name-FR-FCM-Z2KP-healthy_dataset-revision-67990f383ac8f169c9a00148febba1ed357e18e8_name-data_import.data_raw_potential-batches-1_seed-420_sub-sampling-50000_transformation-cofactor-150	50000	knn	KNN	unfiltered	.e924e671977a35b401c5c23aaf1308ed57ddaf256c55741b97fd498c2a244b62	Unfiltered	5	5	1	complete	balanced_accuracy	0.8519435322798631	5	Macro one-vs-rest balanced accuracy	arithmetic mean across accepted effective folds with a defined score for this metric	known-population-open-set-v1
FR-FCM-Z2KP-healthy	FR-FCM-Z2KP-healthy (n=100k)	dataset_name-FR-FCM-Z2KP-healthy_dataset-revision-67990f383ac8f169c9a00148febba1ed357e18e8_name-data_import.data_raw_potential-batches-1_seed-420_sub-sampling-100000_transformation-cofactor-150	1e+05	knn	KNN	unfiltered	.e924e671977a35b401c5c23aaf1308ed57ddaf256c55741b97fd498c2a244b62	Unfiltered	5	5	1	complete	balanced_accuracy	0.8533355603339239	5	Macro one-vs-rest balanced accuracy	arithmetic mean across accepted effective folds with a defined score for this metric	known-population-open-set-v1
FR-FCM-Z2KP-healthy	FR-FCM-Z2KP-healthy	dataset_name-FR-FCM-Z2KP-healthy_dataset-revision-67990f383ac8f169c9a00148febba1ed357e18e8_name-data_import.data_raw_potential-batches-1_seed-42_transformation-cofactor-150	not_applicable	knn	KNN	unfiltered	.e924e671977a35b401c5c23aaf1308ed57ddaf256c55741b97fd498c2a244b62	Unfiltered	5	5	1	complete	balanced_accuracy	0.8544355205386077	5	Macro one-vs-rest balanced accuracy	arithmetic mean across accepted effective folds with a defined score for this metric	known-population-open-set-v1
FR-FCM-Z3YR	FR-FCM-Z3YR	dataset_name-FR-FCM-Z3YR_dataset-revision-67990f383ac8f169c9a00148febba1ed357e18e8_name-data_import.data_raw_potential-batches-1_seed-42_transformation-cofactor-5	not_applicable	knn	KNN	unfiltered	.e924e671977a35b401c5c23aaf1308ed57ddaf256c55741b97fd498c2a244b62	Unfiltered	5	5	1	complete	balanced_accuracy	0.8490880380954016	5	Macro one-vs-rest balanced accuracy	arithmetic mean across accepted effective folds with a defined score for this metric	known-population-open-set-v1
FR-FCM-Z7CH-BALBc	FR-FCM-Z7CH-BALBc	dataset_name-FR-FCM-Z7CH-BALBc_dataset-revision-4bf02d6adbe55785ca855b57274aa37b8dc843ae_name-data_import.data_raw_potential-batches-1_seed-42_transformation-cofactor-150	not_applicable	knn	KNN	unfiltered	.e924e671977a35b401c5c23aaf1308ed57ddaf256c55741b97fd498c2a244b62	Unfiltered	5	5	1	complete	balanced_accuracy	0.8509440978784056	5	Macro one-vs-rest balanced accuracy	arithmetic mean across accepted effective folds with a defined score for this metric	known-population-open-set-v1
FR-FCM-Z7CH-C57BL6	FR-FCM-Z7CH-C57BL6	dataset_name-FR-FCM-Z7CH-C57BL6_dataset-revision-4bf02d6adbe55785ca855b57274aa37b8dc843ae_name-data_import.data_raw_potential-batches-1_seed-42_transformation-cofactor-150	not_applicable	knn	KNN	unfiltered	.e924e671977a35b401c5c23aaf1308ed57ddaf256c55741b97fd498c2a244b62	Unfiltered	5	5	1	complete	balanced_accuracy	0.8467382966243643	5	Macro one-vs-rest balanced accuracy	arithmetic mean across accepted effective folds with a defined score for this metric	known-population-open-set-v1
FR-FCM-ZY34	FR-FCM-ZY34	dataset_name-FR-FCM-ZY34_dataset-revision-67990f383ac8f169c9a00148febba1ed357e18e8_name-data_import.data_raw_potential-batches-1_seed-42_transformation-cofactor-150	not_applicable	knn	KNN	unfiltered	.e924e671977a35b401c5c23aaf1308ed57ddaf256c55741b97fd498c2a244b62	Unfiltered	5	5	1	complete	balanced_accuracy	0.6127703099694305	5	Macro one-vs-rest balanced accuracy	arithmetic mean across accepted effective folds with a defined score for this metric	known-population-open-set-v1
FR-FCM-ZYVT	FR-FCM-ZYVT	dataset_name-FR-FCM-ZYVT_dataset-revision-67990f383ac8f169c9a00148febba1ed357e18e8_name-data_import.data_raw_potential-batches-1_seed-42_transformation-cofactor-150	not_applicable	knn	KNN	unfiltered	.e924e671977a35b401c5c23aaf1308ed57ddaf256c55741b97fd498c2a244b62	Unfiltered	5	5	1	complete	balanced_accuracy	0.7170404525953167	5	Macro one-vs-rest balanced accuracy	arithmetic mean across accepted effective folds with a defined score for this metric	known-population-open-set-v1
FlowCyt	FlowCyt	dataset_name-FlowCyt_dataset-revision-67990f383ac8f169c9a00148febba1ed357e18e8_name-data_import.data_raw_potential-batches-1_seed-42_transformation-cofactor-150	not_applicable	knn	KNN	unfiltered	.e924e671977a35b401c5c23aaf1308ed57ddaf256c55741b97fd498c2a244b62	Unfiltered	5	5	1	complete	balanced_accuracy	0.8809755647527616	5	Macro one-vs-rest balanced accuracy	arithmetic mean across accepted effective folds with a defined score for this metric	known-population-open-set-v1
Levine	Levine	dataset_name-Levine_dataset-revision-67990f383ac8f169c9a00148febba1ed357e18e8_name-data_import.data_raw_potential-batches-1_seed-42_transformation-cofactor-5	not_applicable	knn	KNN	unfiltered	.e924e671977a35b401c5c23aaf1308ed57ddaf256c55741b97fd498c2a244b62	Unfiltered	2	2	1	complete	balanced_accuracy	0.9202296705561144	2	Macro one-vs-rest balanced accuracy	arithmetic mean across accepted effective folds with a defined score for this metric	known-population-open-set-v1
Samusik	Samusik	dataset_name-Samusik_dataset-revision-67990f383ac8f169c9a00148febba1ed357e18e8_name-data_import.data_raw_potential-batches-1_seed-42_transformation-cofactor-5	not_applicable	knn	KNN	unfiltered	.e924e671977a35b401c5c23aaf1308ed57ddaf256c55741b97fd498c2a244b62	Unfiltered	5	5	1	complete	balanced_accuracy	0.8954996978467525	5	Macro one-vs-rest balanced accuracy	arithmetic mean across accepted effective folds with a defined score for this metric	known-population-open-set-v1
15723074	15723074	dataset_name-15723074_dataset-revision-4bf02d6adbe55785ca855b57274aa37b8dc843ae_name-data_import.data_raw_potential-batches-1_seed-42_transformation-cofactor-150	not_applicable	lda	LDA	unfiltered	.e924e671977a35b401c5c23aaf1308ed57ddaf256c55741b97fd498c2a244b62	Unfiltered	5	5	1	complete	balanced_accuracy	0.8918394486278142	5	Macro one-vs-rest balanced accuracy	arithmetic mean across accepted effective folds with a defined score for this metric	known-population-open-set-v1
BodenmillerXL	BodenmillerXL	dataset_name-BodenmillerXL_dataset-revision-67990f383ac8f169c9a00148febba1ed357e18e8_name-data_import.data_raw_potential-batches-1_seed-42_transformation-cofactor-5	not_applicable	lda	LDA	unfiltered	.e924e671977a35b401c5c23aaf1308ed57ddaf256c55741b97fd498c2a244b62	Unfiltered	5	5	1	complete	balanced_accuracy	0.9033515559203807	5	Macro one-vs-rest balanced accuracy	arithmetic mean across accepted effective folds with a defined score for this metric	known-population-open-set-v1
FR-FCM-Z238	FR-FCM-Z238	dataset_name-FR-FCM-Z238_dataset-revision-67990f383ac8f169c9a00148febba1ed357e18e8_name-data_import.data_raw_potential-batches-1_seed-42_transformation-cofactor-5	not_applicable	lda	LDA	unfiltered	.e924e671977a35b401c5c23aaf1308ed57ddaf256c55741b97fd498c2a244b62	Unfiltered	5	5	1	complete	balanced_accuracy	0.8254205709767494	5	Macro one-vs-rest balanced accuracy	arithmetic mean across accepted effective folds with a defined score for this metric	known-population-open-set-v1
FR-FCM-Z2KP-covid	FR-FCM-Z2KP-covid	dataset_name-FR-FCM-Z2KP-covid_dataset-revision-67990f383ac8f169c9a00148febba1ed357e18e8_name-data_import.data_raw_potential-batches-1_seed-42_transformation-cofactor-150	not_applicable	lda	LDA	unfiltered	.e924e671977a35b401c5c23aaf1308ed57ddaf256c55741b97fd498c2a244b62	Unfiltered	5	5	1	complete	balanced_accuracy	0.9069029456011406	5	Macro one-vs-rest balanced accuracy	arithmetic mean across accepted effective folds with a defined score for this metric	known-population-open-set-v1
FR-FCM-Z2KP-healthy	FR-FCM-Z2KP-healthy (n=1k)	dataset_name-FR-FCM-Z2KP-healthy_dataset-revision-67990f383ac8f169c9a00148febba1ed357e18e8_name-data_import.data_raw_potential-batches-1_seed-420_sub-sampling-1000_transformation-cofactor-150	1000	lda	LDA	unfiltered	.e924e671977a35b401c5c23aaf1308ed57ddaf256c55741b97fd498c2a244b62	Unfiltered	5	5	1	complete	balanced_accuracy	0.9088042241370016	5	Macro one-vs-rest balanced accuracy	arithmetic mean across accepted effective folds with a defined score for this metric	known-population-open-set-v1
FR-FCM-Z2KP-healthy	FR-FCM-Z2KP-healthy (n=5k)	dataset_name-FR-FCM-Z2KP-healthy_dataset-revision-67990f383ac8f169c9a00148febba1ed357e18e8_name-data_import.data_raw_potential-batches-1_seed-420_sub-sampling-5000_transformation-cofactor-150	5000	lda	LDA	unfiltered	.e924e671977a35b401c5c23aaf1308ed57ddaf256c55741b97fd498c2a244b62	Unfiltered	5	5	1	complete	balanced_accuracy	0.913396151312162	5	Macro one-vs-rest balanced accuracy	arithmetic mean across accepted effective folds with a defined score for this metric	known-population-open-set-v1
FR-FCM-Z2KP-healthy	FR-FCM-Z2KP-healthy (n=10k)	dataset_name-FR-FCM-Z2KP-healthy_dataset-revision-67990f383ac8f169c9a00148febba1ed357e18e8_name-data_import.data_raw_potential-batches-1_seed-420_sub-sampling-10000_transformation-cofactor-150	10000	lda	LDA	unfiltered	.e924e671977a35b401c5c23aaf1308ed57ddaf256c55741b97fd498c2a244b62	Unfiltered	5	5	1	complete	balanced_accuracy	0.9153818174928311	5	Macro one-vs-rest balanced accuracy	arithmetic mean across accepted effective folds with a defined score for this metric	known-population-open-set-v1
FR-FCM-Z2KP-healthy	FR-FCM-Z2KP-healthy (n=50k)	dataset_name-FR-FCM-Z2KP-healthy_dataset-revision-67990f383ac8f169c9a00148febba1ed357e18e8_name-data_import.data_raw_potential-batches-1_seed-420_sub-sampling-50000_transformation-cofactor-150	50000	lda	LDA	unfiltered	.e924e671977a35b401c5c23aaf1308ed57ddaf256c55741b97fd498c2a244b62	Unfiltered	5	5	1	complete	balanced_accuracy	0.9144395583629154	5	Macro one-vs-rest balanced accuracy	arithmetic mean across accepted effective folds with a defined score for this metric	known-population-open-set-v1
FR-FCM-Z2KP-healthy	FR-FCM-Z2KP-healthy (n=100k)	dataset_name-FR-FCM-Z2KP-healthy_dataset-revision-67990f383ac8f169c9a00148febba1ed357e18e8_name-data_import.data_raw_potential-batches-1_seed-420_sub-sampling-100000_transformation-cofactor-150	1e+05	lda	LDA	unfiltered	.e924e671977a35b401c5c23aaf1308ed57ddaf256c55741b97fd498c2a244b62	Unfiltered	5	5	1	complete	balanced_accuracy	0.9144175113435142	5	Macro one-vs-rest balanced accuracy	arithmetic mean across accepted effective folds with a defined score for this metric	known-population-open-set-v1
FR-FCM-Z2KP-healthy	FR-FCM-Z2KP-healthy	dataset_name-FR-FCM-Z2KP-healthy_dataset-revision-67990f383ac8f169c9a00148febba1ed357e18e8_name-data_import.data_raw_potential-batches-1_seed-42_transformation-cofactor-150	not_applicable	lda	LDA	unfiltered	.e924e671977a35b401c5c23aaf1308ed57ddaf256c55741b97fd498c2a244b62	Unfiltered	5	5	1	complete	balanced_accuracy	0.9138728394261458	5	Macro one-vs-rest balanced accuracy	arithmetic mean across accepted effective folds with a defined score for this metric	known-population-open-set-v1
FR-FCM-Z3YR	FR-FCM-Z3YR	dataset_name-FR-FCM-Z3YR_dataset-revision-67990f383ac8f169c9a00148febba1ed357e18e8_name-data_import.data_raw_potential-batches-1_seed-42_transformation-cofactor-5	not_applicable	lda	LDA	unfiltered	.e924e671977a35b401c5c23aaf1308ed57ddaf256c55741b97fd498c2a244b62	Unfiltered	5	5	1	complete	balanced_accuracy	0.8988651580243147	5	Macro one-vs-rest balanced accuracy	arithmetic mean across accepted effective folds with a defined score for this metric	known-population-open-set-v1
FR-FCM-Z7CH-BALBc	FR-FCM-Z7CH-BALBc	dataset_name-FR-FCM-Z7CH-BALBc_dataset-revision-4bf02d6adbe55785ca855b57274aa37b8dc843ae_name-data_import.data_raw_potential-batches-1_seed-42_transformation-cofactor-150	not_applicable	lda	LDA	unfiltered	.e924e671977a35b401c5c23aaf1308ed57ddaf256c55741b97fd498c2a244b62	Unfiltered	5	5	1	complete	balanced_accuracy	0.8984556150707841	5	Macro one-vs-rest balanced accuracy	arithmetic mean across accepted effective folds with a defined score for this metric	known-population-open-set-v1
FR-FCM-Z7CH-C57BL6	FR-FCM-Z7CH-C57BL6	dataset_name-FR-FCM-Z7CH-C57BL6_dataset-revision-4bf02d6adbe55785ca855b57274aa37b8dc843ae_name-data_import.data_raw_potential-batches-1_seed-42_transformation-cofactor-150	not_applicable	lda	LDA	unfiltered	.e924e671977a35b401c5c23aaf1308ed57ddaf256c55741b97fd498c2a244b62	Unfiltered	5	5	1	complete	balanced_accuracy	0.8731590053225669	5	Macro one-vs-rest balanced accuracy	arithmetic mean across accepted effective folds with a defined score for this metric	known-population-open-set-v1
FR-FCM-ZY34	FR-FCM-ZY34	dataset_name-FR-FCM-ZY34_dataset-revision-67990f383ac8f169c9a00148febba1ed357e18e8_name-data_import.data_raw_potential-batches-1_seed-42_transformation-cofactor-150	not_applicable	lda	LDA	unfiltered	.e924e671977a35b401c5c23aaf1308ed57ddaf256c55741b97fd498c2a244b62	Unfiltered	5	5	1	complete	balanced_accuracy	0.6454265300161656	5	Macro one-vs-rest balanced accuracy	arithmetic mean across accepted effective folds with a defined score for this metric	known-population-open-set-v1
FR-FCM-ZYVT	FR-FCM-ZYVT	dataset_name-FR-FCM-ZYVT_dataset-revision-67990f383ac8f169c9a00148febba1ed357e18e8_name-data_import.data_raw_potential-batches-1_seed-42_transformation-cofactor-150	not_applicable	lda	LDA	unfiltered	.e924e671977a35b401c5c23aaf1308ed57ddaf256c55741b97fd498c2a244b62	Unfiltered	5	5	1	complete	balanced_accuracy	0.740335976468508	5	Macro one-vs-rest balanced accuracy	arithmetic mean across accepted effective folds with a defined score for this metric	known-population-open-set-v1
FlowCyt	FlowCyt	dataset_name-FlowCyt_dataset-revision-67990f383ac8f169c9a00148febba1ed357e18e8_name-data_import.data_raw_potential-batches-1_seed-42_transformation-cofactor-150	not_applicable	lda	LDA	unfiltered	.e924e671977a35b401c5c23aaf1308ed57ddaf256c55741b97fd498c2a244b62	Unfiltered	5	5	1	complete	balanced_accuracy	0.8995918851292438	5	Macro one-vs-rest balanced accuracy	arithmetic mean across accepted effective folds with a defined score for this metric	known-population-open-set-v1
Levine	Levine	dataset_name-Levine_dataset-revision-67990f383ac8f169c9a00148febba1ed357e18e8_name-data_import.data_raw_potential-batches-1_seed-42_transformation-cofactor-5	not_applicable	lda	LDA	unfiltered	.e924e671977a35b401c5c23aaf1308ed57ddaf256c55741b97fd498c2a244b62	Unfiltered	2	2	1	complete	balanced_accuracy	0.9385621504502575	2	Macro one-vs-rest balanced accuracy	arithmetic mean across accepted effective folds with a defined score for this metric	known-population-open-set-v1
Samusik	Samusik	dataset_name-Samusik_dataset-revision-67990f383ac8f169c9a00148febba1ed357e18e8_name-data_import.data_raw_potential-batches-1_seed-42_transformation-cofactor-5	not_applicable	lda	LDA	unfiltered	.e924e671977a35b401c5c23aaf1308ed57ddaf256c55741b97fd498c2a244b62	Unfiltered	5	5	1	complete	balanced_accuracy	0.9310701466846212	5	Macro one-vs-rest balanced accuracy	arithmetic mean across accepted effective folds with a defined score for this metric	known-population-open-set-v1
15723074	15723074	dataset_name-15723074_dataset-revision-4bf02d6adbe55785ca855b57274aa37b8dc843ae_name-data_import.data_raw_potential-batches-1_seed-42_transformation-cofactor-150	not_applicable	random	Random	unfiltered	.e924e671977a35b401c5c23aaf1308ed57ddaf256c55741b97fd498c2a244b62	Unfiltered	5	5	1	complete	balanced_accuracy	0.49967149740711153	5	Macro one-vs-rest balanced accuracy	arithmetic mean across accepted effective folds with a defined score for this metric	known-population-open-set-v1
BodenmillerXL	BodenmillerXL	dataset_name-BodenmillerXL_dataset-revision-67990f383ac8f169c9a00148febba1ed357e18e8_name-data_import.data_raw_potential-batches-1_seed-42_transformation-cofactor-5	not_applicable	random	Random	unfiltered	.e924e671977a35b401c5c23aaf1308ed57ddaf256c55741b97fd498c2a244b62	Unfiltered	5	5	1	complete	balanced_accuracy	0.5002284073774315	5	Macro one-vs-rest balanced accuracy	arithmetic mean across accepted effective folds with a defined score for this metric	known-population-open-set-v1
FR-FCM-Z238	FR-FCM-Z238	dataset_name-FR-FCM-Z238_dataset-revision-67990f383ac8f169c9a00148febba1ed357e18e8_name-data_import.data_raw_potential-batches-1_seed-42_transformation-cofactor-5	not_applicable	random	Random	unfiltered	.e924e671977a35b401c5c23aaf1308ed57ddaf256c55741b97fd498c2a244b62	Unfiltered	5	5	1	complete	balanced_accuracy	0.4999373574726008	5	Macro one-vs-rest balanced accuracy	arithmetic mean across accepted effective folds with a defined score for this metric	known-population-open-set-v1
FR-FCM-Z2KP-covid	FR-FCM-Z2KP-covid	dataset_name-FR-FCM-Z2KP-covid_dataset-revision-67990f383ac8f169c9a00148febba1ed357e18e8_name-data_import.data_raw_potential-batches-1_seed-42_transformation-cofactor-150	not_applicable	random	Random	unfiltered	.e924e671977a35b401c5c23aaf1308ed57ddaf256c55741b97fd498c2a244b62	Unfiltered	5	5	1	complete	balanced_accuracy	0.5000476311931727	5	Macro one-vs-rest balanced accuracy	arithmetic mean across accepted effective folds with a defined score for this metric	known-population-open-set-v1
FR-FCM-Z2KP-healthy	FR-FCM-Z2KP-healthy (n=1k)	dataset_name-FR-FCM-Z2KP-healthy_dataset-revision-67990f383ac8f169c9a00148febba1ed357e18e8_name-data_import.data_raw_potential-batches-1_seed-420_sub-sampling-1000_transformation-cofactor-150	1000	random	Random	unfiltered	.e924e671977a35b401c5c23aaf1308ed57ddaf256c55741b97fd498c2a244b62	Unfiltered	5	5	1	complete	balanced_accuracy	0.49992667293173215	5	Macro one-vs-rest balanced accuracy	arithmetic mean across accepted effective folds with a defined score for this metric	known-population-open-set-v1
FR-FCM-Z2KP-healthy	FR-FCM-Z2KP-healthy (n=5k)	dataset_name-FR-FCM-Z2KP-healthy_dataset-revision-67990f383ac8f169c9a00148febba1ed357e18e8_name-data_import.data_raw_potential-batches-1_seed-420_sub-sampling-5000_transformation-cofactor-150	5000	random	Random	unfiltered	.e924e671977a35b401c5c23aaf1308ed57ddaf256c55741b97fd498c2a244b62	Unfiltered	5	5	1	complete	balanced_accuracy	0.49993605264431024	5	Macro one-vs-rest balanced accuracy	arithmetic mean across accepted effective folds with a defined score for this metric	known-population-open-set-v1
FR-FCM-Z2KP-healthy	FR-FCM-Z2KP-healthy (n=10k)	dataset_name-FR-FCM-Z2KP-healthy_dataset-revision-67990f383ac8f169c9a00148febba1ed357e18e8_name-data_import.data_raw_potential-batches-1_seed-420_sub-sampling-10000_transformation-cofactor-150	10000	random	Random	unfiltered	.e924e671977a35b401c5c23aaf1308ed57ddaf256c55741b97fd498c2a244b62	Unfiltered	5	5	1	complete	balanced_accuracy	0.5001544554465895	5	Macro one-vs-rest balanced accuracy	arithmetic mean across accepted effective folds with a defined score for this metric	known-population-open-set-v1
FR-FCM-Z2KP-healthy	FR-FCM-Z2KP-healthy (n=50k)	dataset_name-FR-FCM-Z2KP-healthy_dataset-revision-67990f383ac8f169c9a00148febba1ed357e18e8_name-data_import.data_raw_potential-batches-1_seed-420_sub-sampling-50000_transformation-cofactor-150	50000	random	Random	unfiltered	.e924e671977a35b401c5c23aaf1308ed57ddaf256c55741b97fd498c2a244b62	Unfiltered	5	5	1	complete	balanced_accuracy	0.4997699767277678	5	Macro one-vs-rest balanced accuracy	arithmetic mean across accepted effective folds with a defined score for this metric	known-population-open-set-v1
FR-FCM-Z2KP-healthy	FR-FCM-Z2KP-healthy (n=100k)	dataset_name-FR-FCM-Z2KP-healthy_dataset-revision-67990f383ac8f169c9a00148febba1ed357e18e8_name-data_import.data_raw_potential-batches-1_seed-420_sub-sampling-100000_transformation-cofactor-150	1e+05	random	Random	unfiltered	.e924e671977a35b401c5c23aaf1308ed57ddaf256c55741b97fd498c2a244b62	Unfiltered	5	5	1	complete	balanced_accuracy	0.4999547108133342	5	Macro one-vs-rest balanced accuracy	arithmetic mean across accepted effective folds with a defined score for this metric	known-population-open-set-v1
FR-FCM-Z2KP-healthy	FR-FCM-Z2KP-healthy	dataset_name-FR-FCM-Z2KP-healthy_dataset-revision-67990f383ac8f169c9a00148febba1ed357e18e8_name-data_import.data_raw_potential-batches-1_seed-42_transformation-cofactor-150	not_applicable	random	Random	unfiltered	.e924e671977a35b401c5c23aaf1308ed57ddaf256c55741b97fd498c2a244b62	Unfiltered	5	5	1	complete	balanced_accuracy	0.5000355814740404	5	Macro one-vs-rest balanced accuracy	arithmetic mean across accepted effective folds with a defined score for this metric	known-population-open-set-v1
FR-FCM-Z3YR	FR-FCM-Z3YR	dataset_name-FR-FCM-Z3YR_dataset-revision-67990f383ac8f169c9a00148febba1ed357e18e8_name-data_import.data_raw_potential-batches-1_seed-42_transformation-cofactor-5	not_applicable	random	Random	unfiltered	.e924e671977a35b401c5c23aaf1308ed57ddaf256c55741b97fd498c2a244b62	Unfiltered	5	5	1	complete	balanced_accuracy	0.49993123574071746	5	Macro one-vs-rest balanced accuracy	arithmetic mean across accepted effective folds with a defined score for this metric	known-population-open-set-v1
FR-FCM-Z7CH-BALBc	FR-FCM-Z7CH-BALBc	dataset_name-FR-FCM-Z7CH-BALBc_dataset-revision-4bf02d6adbe55785ca855b57274aa37b8dc843ae_name-data_import.data_raw_potential-batches-1_seed-42_transformation-cofactor-150	not_applicable	random	Random	unfiltered	.e924e671977a35b401c5c23aaf1308ed57ddaf256c55741b97fd498c2a244b62	Unfiltered	5	5	1	complete	balanced_accuracy	0.4997324690535705	5	Macro one-vs-rest balanced accuracy	arithmetic mean across accepted effective folds with a defined score for this metric	known-population-open-set-v1
FR-FCM-Z7CH-C57BL6	FR-FCM-Z7CH-C57BL6	dataset_name-FR-FCM-Z7CH-C57BL6_dataset-revision-4bf02d6adbe55785ca855b57274aa37b8dc843ae_name-data_import.data_raw_potential-batches-1_seed-42_transformation-cofactor-150	not_applicable	random	Random	unfiltered	.e924e671977a35b401c5c23aaf1308ed57ddaf256c55741b97fd498c2a244b62	Unfiltered	5	5	1	complete	balanced_accuracy	0.5000102878890549	5	Macro one-vs-rest balanced accuracy	arithmetic mean across accepted effective folds with a defined score for this metric	known-population-open-set-v1
FR-FCM-ZY34	FR-FCM-ZY34	dataset_name-FR-FCM-ZY34_dataset-revision-67990f383ac8f169c9a00148febba1ed357e18e8_name-data_import.data_raw_potential-batches-1_seed-42_transformation-cofactor-150	not_applicable	random	Random	unfiltered	.e924e671977a35b401c5c23aaf1308ed57ddaf256c55741b97fd498c2a244b62	Unfiltered	5	5	1	complete	balanced_accuracy	0.5001811135841983	5	Macro one-vs-rest balanced accuracy	arithmetic mean across accepted effective folds with a defined score for this metric	known-population-open-set-v1
FR-FCM-ZYVT	FR-FCM-ZYVT	dataset_name-FR-FCM-ZYVT_dataset-revision-67990f383ac8f169c9a00148febba1ed357e18e8_name-data_import.data_raw_potential-batches-1_seed-42_transformation-cofactor-150	not_applicable	random	Random	unfiltered	.e924e671977a35b401c5c23aaf1308ed57ddaf256c55741b97fd498c2a244b62	Unfiltered	5	5	1	complete	balanced_accuracy	0.4956782123202847	5	Macro one-vs-rest balanced accuracy	arithmetic mean across accepted effective folds with a defined score for this metric	known-population-open-set-v1
FlowCyt	FlowCyt	dataset_name-FlowCyt_dataset-revision-67990f383ac8f169c9a00148febba1ed357e18e8_name-data_import.data_raw_potential-batches-1_seed-42_transformation-cofactor-150	not_applicable	random	Random	unfiltered	.e924e671977a35b401c5c23aaf1308ed57ddaf256c55741b97fd498c2a244b62	Unfiltered	5	5	1	complete	balanced_accuracy	0.49969007244981545	5	Macro one-vs-rest balanced accuracy	arithmetic mean across accepted effective folds with a defined score for this metric	known-population-open-set-v1
Levine	Levine	dataset_name-Levine_dataset-revision-67990f383ac8f169c9a00148febba1ed357e18e8_name-data_import.data_raw_potential-batches-1_seed-42_transformation-cofactor-5	not_applicable	random	Random	unfiltered	.e924e671977a35b401c5c23aaf1308ed57ddaf256c55741b97fd498c2a244b62	Unfiltered	2	2	1	complete	balanced_accuracy	0.49991532721622356	2	Macro one-vs-rest balanced accuracy	arithmetic mean across accepted effective folds with a defined score for this metric	known-population-open-set-v1
Samusik	Samusik	dataset_name-Samusik_dataset-revision-67990f383ac8f169c9a00148febba1ed357e18e8_name-data_import.data_raw_potential-batches-1_seed-42_transformation-cofactor-5	not_applicable	random	Random	unfiltered	.e924e671977a35b401c5c23aaf1308ed57ddaf256c55741b97fd498c2a244b62	Unfiltered	5	5	1	complete	balanced_accuracy	0.5004928179257471	5	Macro one-vs-rest balanced accuracy	arithmetic mean across accepted effective folds with a defined score for this metric	known-population-open-set-v1
15723074	15723074	dataset_name-15723074_dataset-revision-4bf02d6adbe55785ca855b57274aa37b8dc843ae_name-data_import.data_raw_potential-batches-1_seed-42_transformation-cofactor-150	not_applicable	cyanno	CyAnno	drop-train	.3cfd963b74881b9b1c81b4e4a8fcce333a9461195e98d122e6c796123d7e9c79	Drop ungated training	5	5	1	complete	balanced_accuracy	0.912773738710636	5	Macro one-vs-rest balanced accuracy	arithmetic mean across accepted effective folds with a defined score for this metric	known-population-open-set-v1
BodenmillerXL	BodenmillerXL	dataset_name-BodenmillerXL_dataset-revision-67990f383ac8f169c9a00148febba1ed357e18e8_name-data_import.data_raw_potential-batches-1_seed-42_transformation-cofactor-5	not_applicable	cyanno	CyAnno	drop-train	.3cfd963b74881b9b1c81b4e4a8fcce333a9461195e98d122e6c796123d7e9c79	Drop ungated training	5	5	1	complete	balanced_accuracy	0.8411537407052464	5	Macro one-vs-rest balanced accuracy	arithmetic mean across accepted effective folds with a defined score for this metric	known-population-open-set-v1
FR-FCM-Z238	FR-FCM-Z238	dataset_name-FR-FCM-Z238_dataset-revision-67990f383ac8f169c9a00148febba1ed357e18e8_name-data_import.data_raw_potential-batches-1_seed-42_transformation-cofactor-5	not_applicable	cyanno	CyAnno	drop-train	.3cfd963b74881b9b1c81b4e4a8fcce333a9461195e98d122e6c796123d7e9c79	Drop ungated training	5	5	1	complete	balanced_accuracy	0.7936706473765079	5	Macro one-vs-rest balanced accuracy	arithmetic mean across accepted effective folds with a defined score for this metric	known-population-open-set-v1
FR-FCM-Z2KP-covid	FR-FCM-Z2KP-covid	dataset_name-FR-FCM-Z2KP-covid_dataset-revision-67990f383ac8f169c9a00148febba1ed357e18e8_name-data_import.data_raw_potential-batches-1_seed-42_transformation-cofactor-150	not_applicable	cyanno	CyAnno	drop-train	.3cfd963b74881b9b1c81b4e4a8fcce333a9461195e98d122e6c796123d7e9c79	Drop ungated training	5	5	1	complete	balanced_accuracy	0.9810050832363015	5	Macro one-vs-rest balanced accuracy	arithmetic mean across accepted effective folds with a defined score for this metric	known-population-open-set-v1
FR-FCM-Z2KP-healthy	FR-FCM-Z2KP-healthy (n=1k)	dataset_name-FR-FCM-Z2KP-healthy_dataset-revision-67990f383ac8f169c9a00148febba1ed357e18e8_name-data_import.data_raw_potential-batches-1_seed-420_sub-sampling-1000_transformation-cofactor-150	1000	cyanno	CyAnno	drop-train	.3cfd963b74881b9b1c81b4e4a8fcce333a9461195e98d122e6c796123d7e9c79	Drop ungated training	5	5	1	complete	balanced_accuracy	0.8974280412437745	5	Macro one-vs-rest balanced accuracy	arithmetic mean across accepted effective folds with a defined score for this metric	known-population-open-set-v1
FR-FCM-Z2KP-healthy	FR-FCM-Z2KP-healthy (n=5k)	dataset_name-FR-FCM-Z2KP-healthy_dataset-revision-67990f383ac8f169c9a00148febba1ed357e18e8_name-data_import.data_raw_potential-batches-1_seed-420_sub-sampling-5000_transformation-cofactor-150	5000	cyanno	CyAnno	drop-train	.3cfd963b74881b9b1c81b4e4a8fcce333a9461195e98d122e6c796123d7e9c79	Drop ungated training	5	5	1	complete	balanced_accuracy	0.9515762989453038	5	Macro one-vs-rest balanced accuracy	arithmetic mean across accepted effective folds with a defined score for this metric	known-population-open-set-v1
FR-FCM-Z2KP-healthy	FR-FCM-Z2KP-healthy (n=10k)	dataset_name-FR-FCM-Z2KP-healthy_dataset-revision-67990f383ac8f169c9a00148febba1ed357e18e8_name-data_import.data_raw_potential-batches-1_seed-420_sub-sampling-10000_transformation-cofactor-150	10000	cyanno	CyAnno	drop-train	.3cfd963b74881b9b1c81b4e4a8fcce333a9461195e98d122e6c796123d7e9c79	Drop ungated training	5	5	1	complete	balanced_accuracy	0.9636605759888528	5	Macro one-vs-rest balanced accuracy	arithmetic mean across accepted effective folds with a defined score for this metric	known-population-open-set-v1
FR-FCM-Z2KP-healthy	FR-FCM-Z2KP-healthy (n=50k)	dataset_name-FR-FCM-Z2KP-healthy_dataset-revision-67990f383ac8f169c9a00148febba1ed357e18e8_name-data_import.data_raw_potential-batches-1_seed-420_sub-sampling-50000_transformation-cofactor-150	50000	cyanno	CyAnno	drop-train	.3cfd963b74881b9b1c81b4e4a8fcce333a9461195e98d122e6c796123d7e9c79	Drop ungated training	5	5	1	complete	balanced_accuracy	0.9775846953230627	5	Macro one-vs-rest balanced accuracy	arithmetic mean across accepted effective folds with a defined score for this metric	known-population-open-set-v1
FR-FCM-Z2KP-healthy	FR-FCM-Z2KP-healthy (n=100k)	dataset_name-FR-FCM-Z2KP-healthy_dataset-revision-67990f383ac8f169c9a00148febba1ed357e18e8_name-data_import.data_raw_potential-batches-1_seed-420_sub-sampling-100000_transformation-cofactor-150	1e+05	cyanno	CyAnno	drop-train	.3cfd963b74881b9b1c81b4e4a8fcce333a9461195e98d122e6c796123d7e9c79	Drop ungated training	5	5	1	complete	balanced_accuracy	0.9810650988452363	5	Macro one-vs-rest balanced accuracy	arithmetic mean across accepted effective folds with a defined score for this metric	known-population-open-set-v1
FR-FCM-Z2KP-healthy	FR-FCM-Z2KP-healthy	dataset_name-FR-FCM-Z2KP-healthy_dataset-revision-67990f383ac8f169c9a00148febba1ed357e18e8_name-data_import.data_raw_potential-batches-1_seed-42_transformation-cofactor-150	not_applicable	cyanno	CyAnno	drop-train	.3cfd963b74881b9b1c81b4e4a8fcce333a9461195e98d122e6c796123d7e9c79	Drop ungated training	5	5	1	complete	balanced_accuracy	0.9835557397015964	5	Macro one-vs-rest balanced accuracy	arithmetic mean across accepted effective folds with a defined score for this metric	known-population-open-set-v1
FR-FCM-Z3YR	FR-FCM-Z3YR	dataset_name-FR-FCM-Z3YR_dataset-revision-67990f383ac8f169c9a00148febba1ed357e18e8_name-data_import.data_raw_potential-batches-1_seed-42_transformation-cofactor-5	not_applicable	cyanno	CyAnno	drop-train	.3cfd963b74881b9b1c81b4e4a8fcce333a9461195e98d122e6c796123d7e9c79	Drop ungated training	5	5	1	complete	balanced_accuracy	0.9182638420155925	5	Macro one-vs-rest balanced accuracy	arithmetic mean across accepted effective folds with a defined score for this metric	known-population-open-set-v1
FR-FCM-Z7CH-BALBc	FR-FCM-Z7CH-BALBc	dataset_name-FR-FCM-Z7CH-BALBc_dataset-revision-4bf02d6adbe55785ca855b57274aa37b8dc843ae_name-data_import.data_raw_potential-batches-1_seed-42_transformation-cofactor-150	not_applicable	cyanno	CyAnno	drop-train	.3cfd963b74881b9b1c81b4e4a8fcce333a9461195e98d122e6c796123d7e9c79	Drop ungated training	5	5	1	complete	balanced_accuracy	0.9406996701997354	5	Macro one-vs-rest balanced accuracy	arithmetic mean across accepted effective folds with a defined score for this metric	known-population-open-set-v1
FR-FCM-Z7CH-C57BL6	FR-FCM-Z7CH-C57BL6	dataset_name-FR-FCM-Z7CH-C57BL6_dataset-revision-4bf02d6adbe55785ca855b57274aa37b8dc843ae_name-data_import.data_raw_potential-batches-1_seed-42_transformation-cofactor-150	not_applicable	cyanno	CyAnno	drop-train	.3cfd963b74881b9b1c81b4e4a8fcce333a9461195e98d122e6c796123d7e9c79	Drop ungated training	5	5	1	complete	balanced_accuracy	0.9364905991123703	5	Macro one-vs-rest balanced accuracy	arithmetic mean across accepted effective folds with a defined score for this metric	known-population-open-set-v1
FR-FCM-ZY34	FR-FCM-ZY34	dataset_name-FR-FCM-ZY34_dataset-revision-67990f383ac8f169c9a00148febba1ed357e18e8_name-data_import.data_raw_potential-batches-1_seed-42_transformation-cofactor-150	not_applicable	cyanno	CyAnno	drop-train	.3cfd963b74881b9b1c81b4e4a8fcce333a9461195e98d122e6c796123d7e9c79	Drop ungated training	5	5	1	complete	balanced_accuracy	0.7047796906801703	5	Macro one-vs-rest balanced accuracy	arithmetic mean across accepted effective folds with a defined score for this metric	known-population-open-set-v1
FR-FCM-ZYVT	FR-FCM-ZYVT	dataset_name-FR-FCM-ZYVT_dataset-revision-67990f383ac8f169c9a00148febba1ed357e18e8_name-data_import.data_raw_potential-batches-1_seed-42_transformation-cofactor-150	not_applicable	cyanno	CyAnno	drop-train	.3cfd963b74881b9b1c81b4e4a8fcce333a9461195e98d122e6c796123d7e9c79	Drop ungated training	5	5	1	complete	balanced_accuracy	0.6613305004584348	5	Macro one-vs-rest balanced accuracy	arithmetic mean across accepted effective folds with a defined score for this metric	known-population-open-set-v1
FlowCyt	FlowCyt	dataset_name-FlowCyt_dataset-revision-67990f383ac8f169c9a00148febba1ed357e18e8_name-data_import.data_raw_potential-batches-1_seed-42_transformation-cofactor-150	not_applicable	cyanno	CyAnno	drop-train	.3cfd963b74881b9b1c81b4e4a8fcce333a9461195e98d122e6c796123d7e9c79	Drop ungated training	5	5	1	complete	balanced_accuracy	0.8952136361248916	5	Macro one-vs-rest balanced accuracy	arithmetic mean across accepted effective folds with a defined score for this metric	known-population-open-set-v1
Levine	Levine	dataset_name-Levine_dataset-revision-67990f383ac8f169c9a00148febba1ed357e18e8_name-data_import.data_raw_potential-batches-1_seed-42_transformation-cofactor-5	not_applicable	cyanno	CyAnno	drop-train	.3cfd963b74881b9b1c81b4e4a8fcce333a9461195e98d122e6c796123d7e9c79	Drop ungated training	2	2	1	complete	balanced_accuracy	0.9507295622991602	2	Macro one-vs-rest balanced accuracy	arithmetic mean across accepted effective folds with a defined score for this metric	known-population-open-set-v1
Samusik	Samusik	dataset_name-Samusik_dataset-revision-67990f383ac8f169c9a00148febba1ed357e18e8_name-data_import.data_raw_potential-batches-1_seed-42_transformation-cofactor-5	not_applicable	cyanno	CyAnno	drop-train	.3cfd963b74881b9b1c81b4e4a8fcce333a9461195e98d122e6c796123d7e9c79	Drop ungated training	5	5	1	complete	balanced_accuracy	0.914190646358354	5	Macro one-vs-rest balanced accuracy	arithmetic mean across accepted effective folds with a defined score for this metric	known-population-open-set-v1
15723074	15723074	dataset_name-15723074_dataset-revision-4bf02d6adbe55785ca855b57274aa37b8dc843ae_name-data_import.data_raw_potential-batches-1_seed-42_transformation-cofactor-150	not_applicable	cygate	CyGATE	drop-train	.3cfd963b74881b9b1c81b4e4a8fcce333a9461195e98d122e6c796123d7e9c79	Drop ungated training	5	5	1	complete	balanced_accuracy	0.89988943305943	5	Macro one-vs-rest balanced accuracy	arithmetic mean across accepted effective folds with a defined score for this metric	known-population-open-set-v1
BodenmillerXL	BodenmillerXL	dataset_name-BodenmillerXL_dataset-revision-67990f383ac8f169c9a00148febba1ed357e18e8_name-data_import.data_raw_potential-batches-1_seed-42_transformation-cofactor-5	not_applicable	cygate	CyGATE	drop-train	.3cfd963b74881b9b1c81b4e4a8fcce333a9461195e98d122e6c796123d7e9c79	Drop ungated training	5	5	1	complete	balanced_accuracy	0.8704172873234218	5	Macro one-vs-rest balanced accuracy	arithmetic mean across accepted effective folds with a defined score for this metric	known-population-open-set-v1
FR-FCM-Z238	FR-FCM-Z238	dataset_name-FR-FCM-Z238_dataset-revision-67990f383ac8f169c9a00148febba1ed357e18e8_name-data_import.data_raw_potential-batches-1_seed-42_transformation-cofactor-5	not_applicable	cygate	CyGATE	drop-train	.3cfd963b74881b9b1c81b4e4a8fcce333a9461195e98d122e6c796123d7e9c79	Drop ungated training	5	5	1	complete	balanced_accuracy	0.8266609795312113	5	Macro one-vs-rest balanced accuracy	arithmetic mean across accepted effective folds with a defined score for this metric	known-population-open-set-v1
FR-FCM-Z2KP-covid	FR-FCM-Z2KP-covid	dataset_name-FR-FCM-Z2KP-covid_dataset-revision-67990f383ac8f169c9a00148febba1ed357e18e8_name-data_import.data_raw_potential-batches-1_seed-42_transformation-cofactor-150	not_applicable	cygate	CyGATE	drop-train	.3cfd963b74881b9b1c81b4e4a8fcce333a9461195e98d122e6c796123d7e9c79	Drop ungated training	5	5	1	complete	balanced_accuracy	0.8925599982349431	5	Macro one-vs-rest balanced accuracy	arithmetic mean across accepted effective folds with a defined score for this metric	known-population-open-set-v1
FR-FCM-Z2KP-healthy	FR-FCM-Z2KP-healthy (n=1k)	dataset_name-FR-FCM-Z2KP-healthy_dataset-revision-67990f383ac8f169c9a00148febba1ed357e18e8_name-data_import.data_raw_potential-batches-1_seed-420_sub-sampling-1000_transformation-cofactor-150	1000	cygate	CyGATE	drop-train	.3cfd963b74881b9b1c81b4e4a8fcce333a9461195e98d122e6c796123d7e9c79	Drop ungated training	5	5	1	complete	balanced_accuracy	0.891773408509989	5	Macro one-vs-rest balanced accuracy	arithmetic mean across accepted effective folds with a defined score for this metric	known-population-open-set-v1
FR-FCM-Z2KP-healthy	FR-FCM-Z2KP-healthy (n=5k)	dataset_name-FR-FCM-Z2KP-healthy_dataset-revision-67990f383ac8f169c9a00148febba1ed357e18e8_name-data_import.data_raw_potential-batches-1_seed-420_sub-sampling-5000_transformation-cofactor-150	5000	cygate	CyGATE	drop-train	.3cfd963b74881b9b1c81b4e4a8fcce333a9461195e98d122e6c796123d7e9c79	Drop ungated training	5	5	1	complete	balanced_accuracy	0.8851277506198467	5	Macro one-vs-rest balanced accuracy	arithmetic mean across accepted effective folds with a defined score for this metric	known-population-open-set-v1
FR-FCM-Z2KP-healthy	FR-FCM-Z2KP-healthy (n=10k)	dataset_name-FR-FCM-Z2KP-healthy_dataset-revision-67990f383ac8f169c9a00148febba1ed357e18e8_name-data_import.data_raw_potential-batches-1_seed-420_sub-sampling-10000_transformation-cofactor-150	10000	cygate	CyGATE	drop-train	.3cfd963b74881b9b1c81b4e4a8fcce333a9461195e98d122e6c796123d7e9c79	Drop ungated training	5	5	1	complete	balanced_accuracy	0.890754186387472	5	Macro one-vs-rest balanced accuracy	arithmetic mean across accepted effective folds with a defined score for this metric	known-population-open-set-v1
FR-FCM-Z2KP-healthy	FR-FCM-Z2KP-healthy (n=50k)	dataset_name-FR-FCM-Z2KP-healthy_dataset-revision-67990f383ac8f169c9a00148febba1ed357e18e8_name-data_import.data_raw_potential-batches-1_seed-420_sub-sampling-50000_transformation-cofactor-150	50000	cygate	CyGATE	drop-train	.3cfd963b74881b9b1c81b4e4a8fcce333a9461195e98d122e6c796123d7e9c79	Drop ungated training	5	5	1	complete	balanced_accuracy	0.8810344958448592	5	Macro one-vs-rest balanced accuracy	arithmetic mean across accepted effective folds with a defined score for this metric	known-population-open-set-v1
FR-FCM-Z2KP-healthy	FR-FCM-Z2KP-healthy (n=100k)	dataset_name-FR-FCM-Z2KP-healthy_dataset-revision-67990f383ac8f169c9a00148febba1ed357e18e8_name-data_import.data_raw_potential-batches-1_seed-420_sub-sampling-100000_transformation-cofactor-150	1e+05	cygate	CyGATE	drop-train	.3cfd963b74881b9b1c81b4e4a8fcce333a9461195e98d122e6c796123d7e9c79	Drop ungated training	5	5	1	complete	balanced_accuracy	0.8800348021259099	5	Macro one-vs-rest balanced accuracy	arithmetic mean across accepted effective folds with a defined score for this metric	known-population-open-set-v1
FR-FCM-Z2KP-healthy	FR-FCM-Z2KP-healthy	dataset_name-FR-FCM-Z2KP-healthy_dataset-revision-67990f383ac8f169c9a00148febba1ed357e18e8_name-data_import.data_raw_potential-batches-1_seed-42_transformation-cofactor-150	not_applicable	cygate	CyGATE	drop-train	.3cfd963b74881b9b1c81b4e4a8fcce333a9461195e98d122e6c796123d7e9c79	Drop ungated training	5	5	1	complete	balanced_accuracy	0.8885321785104393	5	Macro one-vs-rest balanced accuracy	arithmetic mean across accepted effective folds with a defined score for this metric	known-population-open-set-v1
FR-FCM-Z3YR	FR-FCM-Z3YR	dataset_name-FR-FCM-Z3YR_dataset-revision-67990f383ac8f169c9a00148febba1ed357e18e8_name-data_import.data_raw_potential-batches-1_seed-42_transformation-cofactor-5	not_applicable	cygate	CyGATE	drop-train	.3cfd963b74881b9b1c81b4e4a8fcce333a9461195e98d122e6c796123d7e9c79	Drop ungated training	5	5	1	complete	balanced_accuracy	0.836329728979293	5	Macro one-vs-rest balanced accuracy	arithmetic mean across accepted effective folds with a defined score for this metric	known-population-open-set-v1
FR-FCM-Z7CH-BALBc	FR-FCM-Z7CH-BALBc	dataset_name-FR-FCM-Z7CH-BALBc_dataset-revision-4bf02d6adbe55785ca855b57274aa37b8dc843ae_name-data_import.data_raw_potential-batches-1_seed-42_transformation-cofactor-150	not_applicable	cygate	CyGATE	drop-train	.3cfd963b74881b9b1c81b4e4a8fcce333a9461195e98d122e6c796123d7e9c79	Drop ungated training	5	5	1	complete	balanced_accuracy	0.811998088456417	5	Macro one-vs-rest balanced accuracy	arithmetic mean across accepted effective folds with a defined score for this metric	known-population-open-set-v1
FR-FCM-Z7CH-C57BL6	FR-FCM-Z7CH-C57BL6	dataset_name-FR-FCM-Z7CH-C57BL6_dataset-revision-4bf02d6adbe55785ca855b57274aa37b8dc843ae_name-data_import.data_raw_potential-batches-1_seed-42_transformation-cofactor-150	not_applicable	cygate	CyGATE	drop-train	.3cfd963b74881b9b1c81b4e4a8fcce333a9461195e98d122e6c796123d7e9c79	Drop ungated training	5	5	1	complete	balanced_accuracy	0.8352127508838186	5	Macro one-vs-rest balanced accuracy	arithmetic mean across accepted effective folds with a defined score for this metric	known-population-open-set-v1
FR-FCM-ZY34	FR-FCM-ZY34	dataset_name-FR-FCM-ZY34_dataset-revision-67990f383ac8f169c9a00148febba1ed357e18e8_name-data_import.data_raw_potential-batches-1_seed-42_transformation-cofactor-150	not_applicable	cygate	CyGATE	drop-train	.3cfd963b74881b9b1c81b4e4a8fcce333a9461195e98d122e6c796123d7e9c79	Drop ungated training	5	5	1	complete	balanced_accuracy	0.7453461543677136	5	Macro one-vs-rest balanced accuracy	arithmetic mean across accepted effective folds with a defined score for this metric	known-population-open-set-v1
FR-FCM-ZYVT	FR-FCM-ZYVT	dataset_name-FR-FCM-ZYVT_dataset-revision-67990f383ac8f169c9a00148febba1ed357e18e8_name-data_import.data_raw_potential-batches-1_seed-42_transformation-cofactor-150	not_applicable	cygate	CyGATE	drop-train	.3cfd963b74881b9b1c81b4e4a8fcce333a9461195e98d122e6c796123d7e9c79	Drop ungated training	5	5	1	complete	balanced_accuracy	0.7012791832540398	5	Macro one-vs-rest balanced accuracy	arithmetic mean across accepted effective folds with a defined score for this metric	known-population-open-set-v1
FlowCyt	FlowCyt	dataset_name-FlowCyt_dataset-revision-67990f383ac8f169c9a00148febba1ed357e18e8_name-data_import.data_raw_potential-batches-1_seed-42_transformation-cofactor-150	not_applicable	cygate	CyGATE	drop-train	.3cfd963b74881b9b1c81b4e4a8fcce333a9461195e98d122e6c796123d7e9c79	Drop ungated training	5	5	1	complete	balanced_accuracy	0.8034015670308866	5	Macro one-vs-rest balanced accuracy	arithmetic mean across accepted effective folds with a defined score for this metric	known-population-open-set-v1
Levine	Levine	dataset_name-Levine_dataset-revision-67990f383ac8f169c9a00148febba1ed357e18e8_name-data_import.data_raw_potential-batches-1_seed-42_transformation-cofactor-5	not_applicable	cygate	CyGATE	drop-train	.3cfd963b74881b9b1c81b4e4a8fcce333a9461195e98d122e6c796123d7e9c79	Drop ungated training	2	2	1	complete	balanced_accuracy	0.931166394642813	2	Macro one-vs-rest balanced accuracy	arithmetic mean across accepted effective folds with a defined score for this metric	known-population-open-set-v1
Samusik	Samusik	dataset_name-Samusik_dataset-revision-67990f383ac8f169c9a00148febba1ed357e18e8_name-data_import.data_raw_potential-batches-1_seed-42_transformation-cofactor-5	not_applicable	cygate	CyGATE	drop-train	.3cfd963b74881b9b1c81b4e4a8fcce333a9461195e98d122e6c796123d7e9c79	Drop ungated training	5	5	1	complete	balanced_accuracy	0.9000583873033045	5	Macro one-vs-rest balanced accuracy	arithmetic mean across accepted effective folds with a defined score for this metric	known-population-open-set-v1
15723074	15723074	dataset_name-15723074_dataset-revision-4bf02d6adbe55785ca855b57274aa37b8dc843ae_name-data_import.data_raw_potential-batches-1_seed-42_transformation-cofactor-150	not_applicable	dgcytof	DGCyTOF	drop-train	.3cfd963b74881b9b1c81b4e4a8fcce333a9461195e98d122e6c796123d7e9c79	Drop ungated training	5	5	1	complete	balanced_accuracy	0.9114893193713142	5	Macro one-vs-rest balanced accuracy	arithmetic mean across accepted effective folds with a defined score for this metric	known-population-open-set-v1
BodenmillerXL	BodenmillerXL	dataset_name-BodenmillerXL_dataset-revision-67990f383ac8f169c9a00148febba1ed357e18e8_name-data_import.data_raw_potential-batches-1_seed-42_transformation-cofactor-5	not_applicable	dgcytof	DGCyTOF	drop-train	.3cfd963b74881b9b1c81b4e4a8fcce333a9461195e98d122e6c796123d7e9c79	Drop ungated training	5	5	1	complete	balanced_accuracy	0.8780353959739352	5	Macro one-vs-rest balanced accuracy	arithmetic mean across accepted effective folds with a defined score for this metric	known-population-open-set-v1
FR-FCM-Z238	FR-FCM-Z238	dataset_name-FR-FCM-Z238_dataset-revision-67990f383ac8f169c9a00148febba1ed357e18e8_name-data_import.data_raw_potential-batches-1_seed-42_transformation-cofactor-5	not_applicable	dgcytof	DGCyTOF	drop-train	.3cfd963b74881b9b1c81b4e4a8fcce333a9461195e98d122e6c796123d7e9c79	Drop ungated training	5	5	1	complete	balanced_accuracy	0.819597695460626	5	Macro one-vs-rest balanced accuracy	arithmetic mean across accepted effective folds with a defined score for this metric	known-population-open-set-v1
FR-FCM-Z2KP-covid	FR-FCM-Z2KP-covid	dataset_name-FR-FCM-Z2KP-covid_dataset-revision-67990f383ac8f169c9a00148febba1ed357e18e8_name-data_import.data_raw_potential-batches-1_seed-42_transformation-cofactor-150	not_applicable	dgcytof	DGCyTOF	drop-train	.3cfd963b74881b9b1c81b4e4a8fcce333a9461195e98d122e6c796123d7e9c79	Drop ungated training	5	5	1	complete	balanced_accuracy	0.9720509439570321	5	Macro one-vs-rest balanced accuracy	arithmetic mean across accepted effective folds with a defined score for this metric	known-population-open-set-v1
FR-FCM-Z2KP-healthy	FR-FCM-Z2KP-healthy (n=1k)	dataset_name-FR-FCM-Z2KP-healthy_dataset-revision-67990f383ac8f169c9a00148febba1ed357e18e8_name-data_import.data_raw_potential-batches-1_seed-420_sub-sampling-1000_transformation-cofactor-150	1000	dgcytof	DGCyTOF	drop-train	.3cfd963b74881b9b1c81b4e4a8fcce333a9461195e98d122e6c796123d7e9c79	Drop ungated training	5	5	1	complete	balanced_accuracy	0.8587515858578939	5	Macro one-vs-rest balanced accuracy	arithmetic mean across accepted effective folds with a defined score for this metric	known-population-open-set-v1
FR-FCM-Z2KP-healthy	FR-FCM-Z2KP-healthy (n=5k)	dataset_name-FR-FCM-Z2KP-healthy_dataset-revision-67990f383ac8f169c9a00148febba1ed357e18e8_name-data_import.data_raw_potential-batches-1_seed-420_sub-sampling-5000_transformation-cofactor-150	5000	dgcytof	DGCyTOF	drop-train	.3cfd963b74881b9b1c81b4e4a8fcce333a9461195e98d122e6c796123d7e9c79	Drop ungated training	5	5	1	complete	balanced_accuracy	0.9174882914464131	5	Macro one-vs-rest balanced accuracy	arithmetic mean across accepted effective folds with a defined score for this metric	known-population-open-set-v1
FR-FCM-Z2KP-healthy	FR-FCM-Z2KP-healthy (n=10k)	dataset_name-FR-FCM-Z2KP-healthy_dataset-revision-67990f383ac8f169c9a00148febba1ed357e18e8_name-data_import.data_raw_potential-batches-1_seed-420_sub-sampling-10000_transformation-cofactor-150	10000	dgcytof	DGCyTOF	drop-train	.3cfd963b74881b9b1c81b4e4a8fcce333a9461195e98d122e6c796123d7e9c79	Drop ungated training	5	5	1	complete	balanced_accuracy	0.9306134769810602	5	Macro one-vs-rest balanced accuracy	arithmetic mean across accepted effective folds with a defined score for this metric	known-population-open-set-v1
FR-FCM-Z2KP-healthy	FR-FCM-Z2KP-healthy (n=50k)	dataset_name-FR-FCM-Z2KP-healthy_dataset-revision-67990f383ac8f169c9a00148febba1ed357e18e8_name-data_import.data_raw_potential-batches-1_seed-420_sub-sampling-50000_transformation-cofactor-150	50000	dgcytof	DGCyTOF	drop-train	.3cfd963b74881b9b1c81b4e4a8fcce333a9461195e98d122e6c796123d7e9c79	Drop ungated training	5	5	1	complete	balanced_accuracy	0.9631974300977159	5	Macro one-vs-rest balanced accuracy	arithmetic mean across accepted effective folds with a defined score for this metric	known-population-open-set-v1
FR-FCM-Z2KP-healthy	FR-FCM-Z2KP-healthy (n=100k)	dataset_name-FR-FCM-Z2KP-healthy_dataset-revision-67990f383ac8f169c9a00148febba1ed357e18e8_name-data_import.data_raw_potential-batches-1_seed-420_sub-sampling-100000_transformation-cofactor-150	1e+05	dgcytof	DGCyTOF	drop-train	.3cfd963b74881b9b1c81b4e4a8fcce333a9461195e98d122e6c796123d7e9c79	Drop ungated training	5	5	1	complete	balanced_accuracy	0.9681132716788811	5	Macro one-vs-rest balanced accuracy	arithmetic mean across accepted effective folds with a defined score for this metric	known-population-open-set-v1
FR-FCM-Z2KP-healthy	FR-FCM-Z2KP-healthy	dataset_name-FR-FCM-Z2KP-healthy_dataset-revision-67990f383ac8f169c9a00148febba1ed357e18e8_name-data_import.data_raw_potential-batches-1_seed-42_transformation-cofactor-150	not_applicable	dgcytof	DGCyTOF	drop-train	.3cfd963b74881b9b1c81b4e4a8fcce333a9461195e98d122e6c796123d7e9c79	Drop ungated training	5	5	1	complete	balanced_accuracy	0.9747102547917695	5	Macro one-vs-rest balanced accuracy	arithmetic mean across accepted effective folds with a defined score for this metric	known-population-open-set-v1
FR-FCM-Z3YR	FR-FCM-Z3YR	dataset_name-FR-FCM-Z3YR_dataset-revision-67990f383ac8f169c9a00148febba1ed357e18e8_name-data_import.data_raw_potential-batches-1_seed-42_transformation-cofactor-5	not_applicable	dgcytof	DGCyTOF	drop-train	.3cfd963b74881b9b1c81b4e4a8fcce333a9461195e98d122e6c796123d7e9c79	Drop ungated training	5	5	1	complete	balanced_accuracy	0.8553904270532285	5	Macro one-vs-rest balanced accuracy	arithmetic mean across accepted effective folds with a defined score for this metric	known-population-open-set-v1
FR-FCM-Z7CH-BALBc	FR-FCM-Z7CH-BALBc	dataset_name-FR-FCM-Z7CH-BALBc_dataset-revision-4bf02d6adbe55785ca855b57274aa37b8dc843ae_name-data_import.data_raw_potential-batches-1_seed-42_transformation-cofactor-150	not_applicable	dgcytof	DGCyTOF	drop-train	.3cfd963b74881b9b1c81b4e4a8fcce333a9461195e98d122e6c796123d7e9c79	Drop ungated training	5	5	1	complete	balanced_accuracy	0.910441920384422	5	Macro one-vs-rest balanced accuracy	arithmetic mean across accepted effective folds with a defined score for this metric	known-population-open-set-v1
FR-FCM-Z7CH-C57BL6	FR-FCM-Z7CH-C57BL6	dataset_name-FR-FCM-Z7CH-C57BL6_dataset-revision-4bf02d6adbe55785ca855b57274aa37b8dc843ae_name-data_import.data_raw_potential-batches-1_seed-42_transformation-cofactor-150	not_applicable	dgcytof	DGCyTOF	drop-train	.3cfd963b74881b9b1c81b4e4a8fcce333a9461195e98d122e6c796123d7e9c79	Drop ungated training	5	5	1	complete	balanced_accuracy	0.9074081696747777	5	Macro one-vs-rest balanced accuracy	arithmetic mean across accepted effective folds with a defined score for this metric	known-population-open-set-v1
FR-FCM-ZY34	FR-FCM-ZY34	dataset_name-FR-FCM-ZY34_dataset-revision-67990f383ac8f169c9a00148febba1ed357e18e8_name-data_import.data_raw_potential-batches-1_seed-42_transformation-cofactor-150	not_applicable	dgcytof	DGCyTOF	drop-train	.3cfd963b74881b9b1c81b4e4a8fcce333a9461195e98d122e6c796123d7e9c79	Drop ungated training	5	5	1	complete	balanced_accuracy	0.6904339325405745	5	Macro one-vs-rest balanced accuracy	arithmetic mean across accepted effective folds with a defined score for this metric	known-population-open-set-v1
FR-FCM-ZYVT	FR-FCM-ZYVT	dataset_name-FR-FCM-ZYVT_dataset-revision-67990f383ac8f169c9a00148febba1ed357e18e8_name-data_import.data_raw_potential-batches-1_seed-42_transformation-cofactor-150	not_applicable	dgcytof	DGCyTOF	drop-train	.3cfd963b74881b9b1c81b4e4a8fcce333a9461195e98d122e6c796123d7e9c79	Drop ungated training	5	5	1	complete	balanced_accuracy	0.688763131399519	5	Macro one-vs-rest balanced accuracy	arithmetic mean across accepted effective folds with a defined score for this metric	known-population-open-set-v1
FlowCyt	FlowCyt	dataset_name-FlowCyt_dataset-revision-67990f383ac8f169c9a00148febba1ed357e18e8_name-data_import.data_raw_potential-batches-1_seed-42_transformation-cofactor-150	not_applicable	dgcytof	DGCyTOF	drop-train	.3cfd963b74881b9b1c81b4e4a8fcce333a9461195e98d122e6c796123d7e9c79	Drop ungated training	5	5	1	complete	balanced_accuracy	0.8779026908252721	5	Macro one-vs-rest balanced accuracy	arithmetic mean across accepted effective folds with a defined score for this metric	known-population-open-set-v1
Levine	Levine	dataset_name-Levine_dataset-revision-67990f383ac8f169c9a00148febba1ed357e18e8_name-data_import.data_raw_potential-batches-1_seed-42_transformation-cofactor-5	not_applicable	dgcytof	DGCyTOF	drop-train	.3cfd963b74881b9b1c81b4e4a8fcce333a9461195e98d122e6c796123d7e9c79	Drop ungated training	2	2	1	complete	balanced_accuracy	0.9532754265608381	2	Macro one-vs-rest balanced accuracy	arithmetic mean across accepted effective folds with a defined score for this metric	known-population-open-set-v1
Samusik	Samusik	dataset_name-Samusik_dataset-revision-67990f383ac8f169c9a00148febba1ed357e18e8_name-data_import.data_raw_potential-batches-1_seed-42_transformation-cofactor-5	not_applicable	dgcytof	DGCyTOF	drop-train	.3cfd963b74881b9b1c81b4e4a8fcce333a9461195e98d122e6c796123d7e9c79	Drop ungated training	5	5	1	complete	balanced_accuracy	0.945768880425288	5	Macro one-vs-rest balanced accuracy	arithmetic mean across accepted effective folds with a defined score for this metric	known-population-open-set-v1
15723074	15723074	dataset_name-15723074_dataset-revision-4bf02d6adbe55785ca855b57274aa37b8dc843ae_name-data_import.data_raw_potential-batches-1_seed-42_transformation-cofactor-150	not_applicable	gatemeclass[E]	GateMeClass [E]	drop-train	.3cfd963b74881b9b1c81b4e4a8fcce333a9461195e98d122e6c796123d7e9c79	Drop ungated training	5	5	1	complete	balanced_accuracy	0.9743346768749621	5	Macro one-vs-rest balanced accuracy	arithmetic mean across accepted effective folds with a defined score for this metric	known-population-open-set-v1
BodenmillerXL	BodenmillerXL	dataset_name-BodenmillerXL_dataset-revision-67990f383ac8f169c9a00148febba1ed357e18e8_name-data_import.data_raw_potential-batches-1_seed-42_transformation-cofactor-5	not_applicable	gatemeclass[E]	GateMeClass [E]	drop-train	.3cfd963b74881b9b1c81b4e4a8fcce333a9461195e98d122e6c796123d7e9c79	Drop ungated training	5	5	1	complete	balanced_accuracy	0.8370467237224744	5	Macro one-vs-rest balanced accuracy	arithmetic mean across accepted effective folds with a defined score for this metric	known-population-open-set-v1
FR-FCM-Z238	FR-FCM-Z238	dataset_name-FR-FCM-Z238_dataset-revision-67990f383ac8f169c9a00148febba1ed357e18e8_name-data_import.data_raw_potential-batches-1_seed-42_transformation-cofactor-5	not_applicable	gatemeclass[E]	GateMeClass [E]	drop-train	.3cfd963b74881b9b1c81b4e4a8fcce333a9461195e98d122e6c796123d7e9c79	Drop ungated training	0	5	0	incomplete	balanced_accuracy	NA	0	Macro one-vs-rest balanced accuracy	arithmetic mean across accepted effective folds with a defined score for this metric	known-population-open-set-v1
FR-FCM-Z2KP-covid	FR-FCM-Z2KP-covid	dataset_name-FR-FCM-Z2KP-covid_dataset-revision-67990f383ac8f169c9a00148febba1ed357e18e8_name-data_import.data_raw_potential-batches-1_seed-42_transformation-cofactor-150	not_applicable	gatemeclass[E]	GateMeClass [E]	drop-train	.3cfd963b74881b9b1c81b4e4a8fcce333a9461195e98d122e6c796123d7e9c79	Drop ungated training	0	5	0	incomplete	balanced_accuracy	NA	0	Macro one-vs-rest balanced accuracy	arithmetic mean across accepted effective folds with a defined score for this metric	known-population-open-set-v1
FR-FCM-Z2KP-healthy	FR-FCM-Z2KP-healthy (n=1k)	dataset_name-FR-FCM-Z2KP-healthy_dataset-revision-67990f383ac8f169c9a00148febba1ed357e18e8_name-data_import.data_raw_potential-batches-1_seed-420_sub-sampling-1000_transformation-cofactor-150	1000	gatemeclass[E]	GateMeClass [E]	drop-train	.3cfd963b74881b9b1c81b4e4a8fcce333a9461195e98d122e6c796123d7e9c79	Drop ungated training	5	5	1	complete	balanced_accuracy	0.8634024717678953	5	Macro one-vs-rest balanced accuracy	arithmetic mean across accepted effective folds with a defined score for this metric	known-population-open-set-v1
FR-FCM-Z2KP-healthy	FR-FCM-Z2KP-healthy (n=5k)	dataset_name-FR-FCM-Z2KP-healthy_dataset-revision-67990f383ac8f169c9a00148febba1ed357e18e8_name-data_import.data_raw_potential-batches-1_seed-420_sub-sampling-5000_transformation-cofactor-150	5000	gatemeclass[E]	GateMeClass [E]	drop-train	.3cfd963b74881b9b1c81b4e4a8fcce333a9461195e98d122e6c796123d7e9c79	Drop ungated training	5	5	1	complete	balanced_accuracy	0.816962517890719	5	Macro one-vs-rest balanced accuracy	arithmetic mean across accepted effective folds with a defined score for this metric	known-population-open-set-v1
FR-FCM-Z2KP-healthy	FR-FCM-Z2KP-healthy (n=10k)	dataset_name-FR-FCM-Z2KP-healthy_dataset-revision-67990f383ac8f169c9a00148febba1ed357e18e8_name-data_import.data_raw_potential-batches-1_seed-420_sub-sampling-10000_transformation-cofactor-150	10000	gatemeclass[E]	GateMeClass [E]	drop-train	.3cfd963b74881b9b1c81b4e4a8fcce333a9461195e98d122e6c796123d7e9c79	Drop ungated training	5	5	1	complete	balanced_accuracy	0.825535410769981	5	Macro one-vs-rest balanced accuracy	arithmetic mean across accepted effective folds with a defined score for this metric	known-population-open-set-v1
FR-FCM-Z2KP-healthy	FR-FCM-Z2KP-healthy (n=50k)	dataset_name-FR-FCM-Z2KP-healthy_dataset-revision-67990f383ac8f169c9a00148febba1ed357e18e8_name-data_import.data_raw_potential-batches-1_seed-420_sub-sampling-50000_transformation-cofactor-150	50000	gatemeclass[E]	GateMeClass [E]	drop-train	.3cfd963b74881b9b1c81b4e4a8fcce333a9461195e98d122e6c796123d7e9c79	Drop ungated training	5	5	1	complete	balanced_accuracy	0.8225738263155313	5	Macro one-vs-rest balanced accuracy	arithmetic mean across accepted effective folds with a defined score for this metric	known-population-open-set-v1
FR-FCM-Z2KP-healthy	FR-FCM-Z2KP-healthy (n=100k)	dataset_name-FR-FCM-Z2KP-healthy_dataset-revision-67990f383ac8f169c9a00148febba1ed357e18e8_name-data_import.data_raw_potential-batches-1_seed-420_sub-sampling-100000_transformation-cofactor-150	1e+05	gatemeclass[E]	GateMeClass [E]	drop-train	.3cfd963b74881b9b1c81b4e4a8fcce333a9461195e98d122e6c796123d7e9c79	Drop ungated training	5	5	1	complete	balanced_accuracy	0.7989344667805901	5	Macro one-vs-rest balanced accuracy	arithmetic mean across accepted effective folds with a defined score for this metric	known-population-open-set-v1
FR-FCM-Z2KP-healthy	FR-FCM-Z2KP-healthy	dataset_name-FR-FCM-Z2KP-healthy_dataset-revision-67990f383ac8f169c9a00148febba1ed357e18e8_name-data_import.data_raw_potential-batches-1_seed-42_transformation-cofactor-150	not_applicable	gatemeclass[E]	GateMeClass [E]	drop-train	.3cfd963b74881b9b1c81b4e4a8fcce333a9461195e98d122e6c796123d7e9c79	Drop ungated training	5	5	1	complete	balanced_accuracy	0.8184151943996422	5	Macro one-vs-rest balanced accuracy	arithmetic mean across accepted effective folds with a defined score for this metric	known-population-open-set-v1
FR-FCM-Z3YR	FR-FCM-Z3YR	dataset_name-FR-FCM-Z3YR_dataset-revision-67990f383ac8f169c9a00148febba1ed357e18e8_name-data_import.data_raw_potential-batches-1_seed-42_transformation-cofactor-5	not_applicable	gatemeclass[E]	GateMeClass [E]	drop-train	.3cfd963b74881b9b1c81b4e4a8fcce333a9461195e98d122e6c796123d7e9c79	Drop ungated training	0	5	0	incomplete	balanced_accuracy	NA	0	Macro one-vs-rest balanced accuracy	arithmetic mean across accepted effective folds with a defined score for this metric	known-population-open-set-v1
FR-FCM-Z7CH-BALBc	FR-FCM-Z7CH-BALBc	dataset_name-FR-FCM-Z7CH-BALBc_dataset-revision-4bf02d6adbe55785ca855b57274aa37b8dc843ae_name-data_import.data_raw_potential-batches-1_seed-42_transformation-cofactor-150	not_applicable	gatemeclass[E]	GateMeClass [E]	drop-train	.3cfd963b74881b9b1c81b4e4a8fcce333a9461195e98d122e6c796123d7e9c79	Drop ungated training	5	5	1	complete	balanced_accuracy	0.801828679935403	5	Macro one-vs-rest balanced accuracy	arithmetic mean across accepted effective folds with a defined score for this metric	known-population-open-set-v1
FR-FCM-Z7CH-C57BL6	FR-FCM-Z7CH-C57BL6	dataset_name-FR-FCM-Z7CH-C57BL6_dataset-revision-4bf02d6adbe55785ca855b57274aa37b8dc843ae_name-data_import.data_raw_potential-batches-1_seed-42_transformation-cofactor-150	not_applicable	gatemeclass[E]	GateMeClass [E]	drop-train	.3cfd963b74881b9b1c81b4e4a8fcce333a9461195e98d122e6c796123d7e9c79	Drop ungated training	5	5	1	complete	balanced_accuracy	0.7669505305454579	5	Macro one-vs-rest balanced accuracy	arithmetic mean across accepted effective folds with a defined score for this metric	known-population-open-set-v1
FR-FCM-ZY34	FR-FCM-ZY34	dataset_name-FR-FCM-ZY34_dataset-revision-67990f383ac8f169c9a00148febba1ed357e18e8_name-data_import.data_raw_potential-batches-1_seed-42_transformation-cofactor-150	not_applicable	gatemeclass[E]	GateMeClass [E]	drop-train	.3cfd963b74881b9b1c81b4e4a8fcce333a9461195e98d122e6c796123d7e9c79	Drop ungated training	5	5	1	complete	balanced_accuracy	0.6234748694067779	5	Macro one-vs-rest balanced accuracy	arithmetic mean across accepted effective folds with a defined score for this metric	known-population-open-set-v1
FR-FCM-ZYVT	FR-FCM-ZYVT	dataset_name-FR-FCM-ZYVT_dataset-revision-67990f383ac8f169c9a00148febba1ed357e18e8_name-data_import.data_raw_potential-batches-1_seed-42_transformation-cofactor-150	not_applicable	gatemeclass[E]	GateMeClass [E]	drop-train	.3cfd963b74881b9b1c81b4e4a8fcce333a9461195e98d122e6c796123d7e9c79	Drop ungated training	5	5	1	complete	balanced_accuracy	0.7309158628411518	5	Macro one-vs-rest balanced accuracy	arithmetic mean across accepted effective folds with a defined score for this metric	known-population-open-set-v1
FlowCyt	FlowCyt	dataset_name-FlowCyt_dataset-revision-67990f383ac8f169c9a00148febba1ed357e18e8_name-data_import.data_raw_potential-batches-1_seed-42_transformation-cofactor-150	not_applicable	gatemeclass[E]	GateMeClass [E]	drop-train	.3cfd963b74881b9b1c81b4e4a8fcce333a9461195e98d122e6c796123d7e9c79	Drop ungated training	0	5	0	incomplete	balanced_accuracy	NA	0	Macro one-vs-rest balanced accuracy	arithmetic mean across accepted effective folds with a defined score for this metric	known-population-open-set-v1
Levine	Levine	dataset_name-Levine_dataset-revision-67990f383ac8f169c9a00148febba1ed357e18e8_name-data_import.data_raw_potential-batches-1_seed-42_transformation-cofactor-5	not_applicable	gatemeclass[E]	GateMeClass [E]	drop-train	.3cfd963b74881b9b1c81b4e4a8fcce333a9461195e98d122e6c796123d7e9c79	Drop ungated training	2	2	1	complete	balanced_accuracy	0.9204887386957674	2	Macro one-vs-rest balanced accuracy	arithmetic mean across accepted effective folds with a defined score for this metric	known-population-open-set-v1
Samusik	Samusik	dataset_name-Samusik_dataset-revision-67990f383ac8f169c9a00148febba1ed357e18e8_name-data_import.data_raw_potential-batches-1_seed-42_transformation-cofactor-5	not_applicable	gatemeclass[E]	GateMeClass [E]	drop-train	.3cfd963b74881b9b1c81b4e4a8fcce333a9461195e98d122e6c796123d7e9c79	Drop ungated training	5	5	1	complete	balanced_accuracy	0.8645900973477697	5	Macro one-vs-rest balanced accuracy	arithmetic mean across accepted effective folds with a defined score for this metric	known-population-open-set-v1
15723074	15723074	dataset_name-15723074_dataset-revision-4bf02d6adbe55785ca855b57274aa37b8dc843ae_name-data_import.data_raw_potential-batches-1_seed-42_transformation-cofactor-150	not_applicable	gatemeclass[V]	GateMeClass [V]	drop-train	.3cfd963b74881b9b1c81b4e4a8fcce333a9461195e98d122e6c796123d7e9c79	Drop ungated training	5	5	1	complete	balanced_accuracy	0.8631048910025592	5	Macro one-vs-rest balanced accuracy	arithmetic mean across accepted effective folds with a defined score for this metric	known-population-open-set-v1
BodenmillerXL	BodenmillerXL	dataset_name-BodenmillerXL_dataset-revision-67990f383ac8f169c9a00148febba1ed357e18e8_name-data_import.data_raw_potential-batches-1_seed-42_transformation-cofactor-5	not_applicable	gatemeclass[V]	GateMeClass [V]	drop-train	.3cfd963b74881b9b1c81b4e4a8fcce333a9461195e98d122e6c796123d7e9c79	Drop ungated training	5	5	1	complete	balanced_accuracy	0.7307872773079916	5	Macro one-vs-rest balanced accuracy	arithmetic mean across accepted effective folds with a defined score for this metric	known-population-open-set-v1
FR-FCM-Z238	FR-FCM-Z238	dataset_name-FR-FCM-Z238_dataset-revision-67990f383ac8f169c9a00148febba1ed357e18e8_name-data_import.data_raw_potential-batches-1_seed-42_transformation-cofactor-5	not_applicable	gatemeclass[V]	GateMeClass [V]	drop-train	.3cfd963b74881b9b1c81b4e4a8fcce333a9461195e98d122e6c796123d7e9c79	Drop ungated training	0	5	0	incomplete	balanced_accuracy	NA	0	Macro one-vs-rest balanced accuracy	arithmetic mean across accepted effective folds with a defined score for this metric	known-population-open-set-v1
FR-FCM-Z2KP-covid	FR-FCM-Z2KP-covid	dataset_name-FR-FCM-Z2KP-covid_dataset-revision-67990f383ac8f169c9a00148febba1ed357e18e8_name-data_import.data_raw_potential-batches-1_seed-42_transformation-cofactor-150	not_applicable	gatemeclass[V]	GateMeClass [V]	drop-train	.3cfd963b74881b9b1c81b4e4a8fcce333a9461195e98d122e6c796123d7e9c79	Drop ungated training	0	5	0	incomplete	balanced_accuracy	NA	0	Macro one-vs-rest balanced accuracy	arithmetic mean across accepted effective folds with a defined score for this metric	known-population-open-set-v1
FR-FCM-Z2KP-healthy	FR-FCM-Z2KP-healthy (n=1k)	dataset_name-FR-FCM-Z2KP-healthy_dataset-revision-67990f383ac8f169c9a00148febba1ed357e18e8_name-data_import.data_raw_potential-batches-1_seed-420_sub-sampling-1000_transformation-cofactor-150	1000	gatemeclass[V]	GateMeClass [V]	drop-train	.3cfd963b74881b9b1c81b4e4a8fcce333a9461195e98d122e6c796123d7e9c79	Drop ungated training	5	5	1	complete	balanced_accuracy	0.8233277313043312	5	Macro one-vs-rest balanced accuracy	arithmetic mean across accepted effective folds with a defined score for this metric	known-population-open-set-v1
FR-FCM-Z2KP-healthy	FR-FCM-Z2KP-healthy (n=5k)	dataset_name-FR-FCM-Z2KP-healthy_dataset-revision-67990f383ac8f169c9a00148febba1ed357e18e8_name-data_import.data_raw_potential-batches-1_seed-420_sub-sampling-5000_transformation-cofactor-150	5000	gatemeclass[V]	GateMeClass [V]	drop-train	.3cfd963b74881b9b1c81b4e4a8fcce333a9461195e98d122e6c796123d7e9c79	Drop ungated training	5	5	1	complete	balanced_accuracy	0.8475672267134964	5	Macro one-vs-rest balanced accuracy	arithmetic mean across accepted effective folds with a defined score for this metric	known-population-open-set-v1
FR-FCM-Z2KP-healthy	FR-FCM-Z2KP-healthy (n=10k)	dataset_name-FR-FCM-Z2KP-healthy_dataset-revision-67990f383ac8f169c9a00148febba1ed357e18e8_name-data_import.data_raw_potential-batches-1_seed-420_sub-sampling-10000_transformation-cofactor-150	10000	gatemeclass[V]	GateMeClass [V]	drop-train	.3cfd963b74881b9b1c81b4e4a8fcce333a9461195e98d122e6c796123d7e9c79	Drop ungated training	5	5	1	complete	balanced_accuracy	0.845074754197754	5	Macro one-vs-rest balanced accuracy	arithmetic mean across accepted effective folds with a defined score for this metric	known-population-open-set-v1
FR-FCM-Z2KP-healthy	FR-FCM-Z2KP-healthy (n=50k)	dataset_name-FR-FCM-Z2KP-healthy_dataset-revision-67990f383ac8f169c9a00148febba1ed357e18e8_name-data_import.data_raw_potential-batches-1_seed-420_sub-sampling-50000_transformation-cofactor-150	50000	gatemeclass[V]	GateMeClass [V]	drop-train	.3cfd963b74881b9b1c81b4e4a8fcce333a9461195e98d122e6c796123d7e9c79	Drop ungated training	5	5	1	complete	balanced_accuracy	0.8086927194125775	5	Macro one-vs-rest balanced accuracy	arithmetic mean across accepted effective folds with a defined score for this metric	known-population-open-set-v1
FR-FCM-Z2KP-healthy	FR-FCM-Z2KP-healthy (n=100k)	dataset_name-FR-FCM-Z2KP-healthy_dataset-revision-67990f383ac8f169c9a00148febba1ed357e18e8_name-data_import.data_raw_potential-batches-1_seed-420_sub-sampling-100000_transformation-cofactor-150	1e+05	gatemeclass[V]	GateMeClass [V]	drop-train	.3cfd963b74881b9b1c81b4e4a8fcce333a9461195e98d122e6c796123d7e9c79	Drop ungated training	5	5	1	complete	balanced_accuracy	0.8261307886065768	5	Macro one-vs-rest balanced accuracy	arithmetic mean across accepted effective folds with a defined score for this metric	known-population-open-set-v1
FR-FCM-Z2KP-healthy	FR-FCM-Z2KP-healthy	dataset_name-FR-FCM-Z2KP-healthy_dataset-revision-67990f383ac8f169c9a00148febba1ed357e18e8_name-data_import.data_raw_potential-batches-1_seed-42_transformation-cofactor-150	not_applicable	gatemeclass[V]	GateMeClass [V]	drop-train	.3cfd963b74881b9b1c81b4e4a8fcce333a9461195e98d122e6c796123d7e9c79	Drop ungated training	5	5	1	complete	balanced_accuracy	0.8149051425883946	5	Macro one-vs-rest balanced accuracy	arithmetic mean across accepted effective folds with a defined score for this metric	known-population-open-set-v1
FR-FCM-Z3YR	FR-FCM-Z3YR	dataset_name-FR-FCM-Z3YR_dataset-revision-67990f383ac8f169c9a00148febba1ed357e18e8_name-data_import.data_raw_potential-batches-1_seed-42_transformation-cofactor-5	not_applicable	gatemeclass[V]	GateMeClass [V]	drop-train	.3cfd963b74881b9b1c81b4e4a8fcce333a9461195e98d122e6c796123d7e9c79	Drop ungated training	0	5	0	incomplete	balanced_accuracy	NA	0	Macro one-vs-rest balanced accuracy	arithmetic mean across accepted effective folds with a defined score for this metric	known-population-open-set-v1
FR-FCM-Z7CH-BALBc	FR-FCM-Z7CH-BALBc	dataset_name-FR-FCM-Z7CH-BALBc_dataset-revision-4bf02d6adbe55785ca855b57274aa37b8dc843ae_name-data_import.data_raw_potential-batches-1_seed-42_transformation-cofactor-150	not_applicable	gatemeclass[V]	GateMeClass [V]	drop-train	.3cfd963b74881b9b1c81b4e4a8fcce333a9461195e98d122e6c796123d7e9c79	Drop ungated training	5	5	1	complete	balanced_accuracy	0.8156788117144372	5	Macro one-vs-rest balanced accuracy	arithmetic mean across accepted effective folds with a defined score for this metric	known-population-open-set-v1
FR-FCM-Z7CH-C57BL6	FR-FCM-Z7CH-C57BL6	dataset_name-FR-FCM-Z7CH-C57BL6_dataset-revision-4bf02d6adbe55785ca855b57274aa37b8dc843ae_name-data_import.data_raw_potential-batches-1_seed-42_transformation-cofactor-150	not_applicable	gatemeclass[V]	GateMeClass [V]	drop-train	.3cfd963b74881b9b1c81b4e4a8fcce333a9461195e98d122e6c796123d7e9c79	Drop ungated training	5	5	1	complete	balanced_accuracy	0.8419383759529028	5	Macro one-vs-rest balanced accuracy	arithmetic mean across accepted effective folds with a defined score for this metric	known-population-open-set-v1
FR-FCM-ZY34	FR-FCM-ZY34	dataset_name-FR-FCM-ZY34_dataset-revision-67990f383ac8f169c9a00148febba1ed357e18e8_name-data_import.data_raw_potential-batches-1_seed-42_transformation-cofactor-150	not_applicable	gatemeclass[V]	GateMeClass [V]	drop-train	.3cfd963b74881b9b1c81b4e4a8fcce333a9461195e98d122e6c796123d7e9c79	Drop ungated training	5	5	1	complete	balanced_accuracy	0.5880770314496298	5	Macro one-vs-rest balanced accuracy	arithmetic mean across accepted effective folds with a defined score for this metric	known-population-open-set-v1
FR-FCM-ZYVT	FR-FCM-ZYVT	dataset_name-FR-FCM-ZYVT_dataset-revision-67990f383ac8f169c9a00148febba1ed357e18e8_name-data_import.data_raw_potential-batches-1_seed-42_transformation-cofactor-150	not_applicable	gatemeclass[V]	GateMeClass [V]	drop-train	.3cfd963b74881b9b1c81b4e4a8fcce333a9461195e98d122e6c796123d7e9c79	Drop ungated training	5	5	1	complete	balanced_accuracy	0.6853040893020771	5	Macro one-vs-rest balanced accuracy	arithmetic mean across accepted effective folds with a defined score for this metric	known-population-open-set-v1
FlowCyt	FlowCyt	dataset_name-FlowCyt_dataset-revision-67990f383ac8f169c9a00148febba1ed357e18e8_name-data_import.data_raw_potential-batches-1_seed-42_transformation-cofactor-150	not_applicable	gatemeclass[V]	GateMeClass [V]	drop-train	.3cfd963b74881b9b1c81b4e4a8fcce333a9461195e98d122e6c796123d7e9c79	Drop ungated training	0	5	0	incomplete	balanced_accuracy	NA	0	Macro one-vs-rest balanced accuracy	arithmetic mean across accepted effective folds with a defined score for this metric	known-population-open-set-v1
Levine	Levine	dataset_name-Levine_dataset-revision-67990f383ac8f169c9a00148febba1ed357e18e8_name-data_import.data_raw_potential-batches-1_seed-42_transformation-cofactor-5	not_applicable	gatemeclass[V]	GateMeClass [V]	drop-train	.3cfd963b74881b9b1c81b4e4a8fcce333a9461195e98d122e6c796123d7e9c79	Drop ungated training	2	2	1	complete	balanced_accuracy	0.9210576232291345	2	Macro one-vs-rest balanced accuracy	arithmetic mean across accepted effective folds with a defined score for this metric	known-population-open-set-v1
Samusik	Samusik	dataset_name-Samusik_dataset-revision-67990f383ac8f169c9a00148febba1ed357e18e8_name-data_import.data_raw_potential-batches-1_seed-42_transformation-cofactor-5	not_applicable	gatemeclass[V]	GateMeClass [V]	drop-train	.3cfd963b74881b9b1c81b4e4a8fcce333a9461195e98d122e6c796123d7e9c79	Drop ungated training	5	5	1	complete	balanced_accuracy	0.8484142380034695	5	Macro one-vs-rest balanced accuracy	arithmetic mean across accepted effective folds with a defined score for this metric	known-population-open-set-v1
15723074	15723074	dataset_name-15723074_dataset-revision-4bf02d6adbe55785ca855b57274aa37b8dc843ae_name-data_import.data_raw_potential-batches-1_seed-42_transformation-cofactor-150	not_applicable	knn	KNN	drop-train	.3cfd963b74881b9b1c81b4e4a8fcce333a9461195e98d122e6c796123d7e9c79	Drop ungated training	5	5	1	complete	balanced_accuracy	0.8981685916729829	5	Macro one-vs-rest balanced accuracy	arithmetic mean across accepted effective folds with a defined score for this metric	known-population-open-set-v1
BodenmillerXL	BodenmillerXL	dataset_name-BodenmillerXL_dataset-revision-67990f383ac8f169c9a00148febba1ed357e18e8_name-data_import.data_raw_potential-batches-1_seed-42_transformation-cofactor-5	not_applicable	knn	KNN	drop-train	.3cfd963b74881b9b1c81b4e4a8fcce333a9461195e98d122e6c796123d7e9c79	Drop ungated training	5	5	1	complete	balanced_accuracy	0.8408606065420825	5	Macro one-vs-rest balanced accuracy	arithmetic mean across accepted effective folds with a defined score for this metric	known-population-open-set-v1
FR-FCM-Z238	FR-FCM-Z238	dataset_name-FR-FCM-Z238_dataset-revision-67990f383ac8f169c9a00148febba1ed357e18e8_name-data_import.data_raw_potential-batches-1_seed-42_transformation-cofactor-5	not_applicable	knn	KNN	drop-train	.3cfd963b74881b9b1c81b4e4a8fcce333a9461195e98d122e6c796123d7e9c79	Drop ungated training	5	5	1	complete	balanced_accuracy	0.7474693987930593	5	Macro one-vs-rest balanced accuracy	arithmetic mean across accepted effective folds with a defined score for this metric	known-population-open-set-v1
FR-FCM-Z2KP-covid	FR-FCM-Z2KP-covid	dataset_name-FR-FCM-Z2KP-covid_dataset-revision-67990f383ac8f169c9a00148febba1ed357e18e8_name-data_import.data_raw_potential-batches-1_seed-42_transformation-cofactor-150	not_applicable	knn	KNN	drop-train	.3cfd963b74881b9b1c81b4e4a8fcce333a9461195e98d122e6c796123d7e9c79	Drop ungated training	5	5	1	complete	balanced_accuracy	0.8494542557375766	5	Macro one-vs-rest balanced accuracy	arithmetic mean across accepted effective folds with a defined score for this metric	known-population-open-set-v1
FR-FCM-Z2KP-healthy	FR-FCM-Z2KP-healthy (n=1k)	dataset_name-FR-FCM-Z2KP-healthy_dataset-revision-67990f383ac8f169c9a00148febba1ed357e18e8_name-data_import.data_raw_potential-batches-1_seed-420_sub-sampling-1000_transformation-cofactor-150	1000	knn	KNN	drop-train	.3cfd963b74881b9b1c81b4e4a8fcce333a9461195e98d122e6c796123d7e9c79	Drop ungated training	5	5	1	complete	balanced_accuracy	0.8539361688463186	5	Macro one-vs-rest balanced accuracy	arithmetic mean across accepted effective folds with a defined score for this metric	known-population-open-set-v1
FR-FCM-Z2KP-healthy	FR-FCM-Z2KP-healthy (n=5k)	dataset_name-FR-FCM-Z2KP-healthy_dataset-revision-67990f383ac8f169c9a00148febba1ed357e18e8_name-data_import.data_raw_potential-batches-1_seed-420_sub-sampling-5000_transformation-cofactor-150	5000	knn	KNN	drop-train	.3cfd963b74881b9b1c81b4e4a8fcce333a9461195e98d122e6c796123d7e9c79	Drop ungated training	5	5	1	complete	balanced_accuracy	0.8508257095126235	5	Macro one-vs-rest balanced accuracy	arithmetic mean across accepted effective folds with a defined score for this metric	known-population-open-set-v1
FR-FCM-Z2KP-healthy	FR-FCM-Z2KP-healthy (n=10k)	dataset_name-FR-FCM-Z2KP-healthy_dataset-revision-67990f383ac8f169c9a00148febba1ed357e18e8_name-data_import.data_raw_potential-batches-1_seed-420_sub-sampling-10000_transformation-cofactor-150	10000	knn	KNN	drop-train	.3cfd963b74881b9b1c81b4e4a8fcce333a9461195e98d122e6c796123d7e9c79	Drop ungated training	5	5	1	complete	balanced_accuracy	0.8486046984483768	5	Macro one-vs-rest balanced accuracy	arithmetic mean across accepted effective folds with a defined score for this metric	known-population-open-set-v1
FR-FCM-Z2KP-healthy	FR-FCM-Z2KP-healthy (n=50k)	dataset_name-FR-FCM-Z2KP-healthy_dataset-revision-67990f383ac8f169c9a00148febba1ed357e18e8_name-data_import.data_raw_potential-batches-1_seed-420_sub-sampling-50000_transformation-cofactor-150	50000	knn	KNN	drop-train	.3cfd963b74881b9b1c81b4e4a8fcce333a9461195e98d122e6c796123d7e9c79	Drop ungated training	5	5	1	complete	balanced_accuracy	0.8519435322798631	5	Macro one-vs-rest balanced accuracy	arithmetic mean across accepted effective folds with a defined score for this metric	known-population-open-set-v1
FR-FCM-Z2KP-healthy	FR-FCM-Z2KP-healthy (n=100k)	dataset_name-FR-FCM-Z2KP-healthy_dataset-revision-67990f383ac8f169c9a00148febba1ed357e18e8_name-data_import.data_raw_potential-batches-1_seed-420_sub-sampling-100000_transformation-cofactor-150	1e+05	knn	KNN	drop-train	.3cfd963b74881b9b1c81b4e4a8fcce333a9461195e98d122e6c796123d7e9c79	Drop ungated training	5	5	1	complete	balanced_accuracy	0.8533355603339239	5	Macro one-vs-rest balanced accuracy	arithmetic mean across accepted effective folds with a defined score for this metric	known-population-open-set-v1
FR-FCM-Z2KP-healthy	FR-FCM-Z2KP-healthy	dataset_name-FR-FCM-Z2KP-healthy_dataset-revision-67990f383ac8f169c9a00148febba1ed357e18e8_name-data_import.data_raw_potential-batches-1_seed-42_transformation-cofactor-150	not_applicable	knn	KNN	drop-train	.3cfd963b74881b9b1c81b4e4a8fcce333a9461195e98d122e6c796123d7e9c79	Drop ungated training	5	5	1	complete	balanced_accuracy	0.8544355205386077	5	Macro one-vs-rest balanced accuracy	arithmetic mean across accepted effective folds with a defined score for this metric	known-population-open-set-v1
FR-FCM-Z3YR	FR-FCM-Z3YR	dataset_name-FR-FCM-Z3YR_dataset-revision-67990f383ac8f169c9a00148febba1ed357e18e8_name-data_import.data_raw_potential-batches-1_seed-42_transformation-cofactor-5	not_applicable	knn	KNN	drop-train	.3cfd963b74881b9b1c81b4e4a8fcce333a9461195e98d122e6c796123d7e9c79	Drop ungated training	5	5	1	complete	balanced_accuracy	0.8490880380954016	5	Macro one-vs-rest balanced accuracy	arithmetic mean across accepted effective folds with a defined score for this metric	known-population-open-set-v1
FR-FCM-Z7CH-BALBc	FR-FCM-Z7CH-BALBc	dataset_name-FR-FCM-Z7CH-BALBc_dataset-revision-4bf02d6adbe55785ca855b57274aa37b8dc843ae_name-data_import.data_raw_potential-batches-1_seed-42_transformation-cofactor-150	not_applicable	knn	KNN	drop-train	.3cfd963b74881b9b1c81b4e4a8fcce333a9461195e98d122e6c796123d7e9c79	Drop ungated training	5	5	1	complete	balanced_accuracy	0.8509440978784056	5	Macro one-vs-rest balanced accuracy	arithmetic mean across accepted effective folds with a defined score for this metric	known-population-open-set-v1
FR-FCM-Z7CH-C57BL6	FR-FCM-Z7CH-C57BL6	dataset_name-FR-FCM-Z7CH-C57BL6_dataset-revision-4bf02d6adbe55785ca855b57274aa37b8dc843ae_name-data_import.data_raw_potential-batches-1_seed-42_transformation-cofactor-150	not_applicable	knn	KNN	drop-train	.3cfd963b74881b9b1c81b4e4a8fcce333a9461195e98d122e6c796123d7e9c79	Drop ungated training	5	5	1	complete	balanced_accuracy	0.8467382966243643	5	Macro one-vs-rest balanced accuracy	arithmetic mean across accepted effective folds with a defined score for this metric	known-population-open-set-v1
FR-FCM-ZY34	FR-FCM-ZY34	dataset_name-FR-FCM-ZY34_dataset-revision-67990f383ac8f169c9a00148febba1ed357e18e8_name-data_import.data_raw_potential-batches-1_seed-42_transformation-cofactor-150	not_applicable	knn	KNN	drop-train	.3cfd963b74881b9b1c81b4e4a8fcce333a9461195e98d122e6c796123d7e9c79	Drop ungated training	5	5	1	complete	balanced_accuracy	0.6127703099694305	5	Macro one-vs-rest balanced accuracy	arithmetic mean across accepted effective folds with a defined score for this metric	known-population-open-set-v1
FR-FCM-ZYVT	FR-FCM-ZYVT	dataset_name-FR-FCM-ZYVT_dataset-revision-67990f383ac8f169c9a00148febba1ed357e18e8_name-data_import.data_raw_potential-batches-1_seed-42_transformation-cofactor-150	not_applicable	knn	KNN	drop-train	.3cfd963b74881b9b1c81b4e4a8fcce333a9461195e98d122e6c796123d7e9c79	Drop ungated training	5	5	1	complete	balanced_accuracy	0.7170404525953167	5	Macro one-vs-rest balanced accuracy	arithmetic mean across accepted effective folds with a defined score for this metric	known-population-open-set-v1
FlowCyt	FlowCyt	dataset_name-FlowCyt_dataset-revision-67990f383ac8f169c9a00148febba1ed357e18e8_name-data_import.data_raw_potential-batches-1_seed-42_transformation-cofactor-150	not_applicable	knn	KNN	drop-train	.3cfd963b74881b9b1c81b4e4a8fcce333a9461195e98d122e6c796123d7e9c79	Drop ungated training	5	5	1	complete	balanced_accuracy	0.8809755647527616	5	Macro one-vs-rest balanced accuracy	arithmetic mean across accepted effective folds with a defined score for this metric	known-population-open-set-v1
Levine	Levine	dataset_name-Levine_dataset-revision-67990f383ac8f169c9a00148febba1ed357e18e8_name-data_import.data_raw_potential-batches-1_seed-42_transformation-cofactor-5	not_applicable	knn	KNN	drop-train	.3cfd963b74881b9b1c81b4e4a8fcce333a9461195e98d122e6c796123d7e9c79	Drop ungated training	2	2	1	complete	balanced_accuracy	0.9202296705561144	2	Macro one-vs-rest balanced accuracy	arithmetic mean across accepted effective folds with a defined score for this metric	known-population-open-set-v1
Samusik	Samusik	dataset_name-Samusik_dataset-revision-67990f383ac8f169c9a00148febba1ed357e18e8_name-data_import.data_raw_potential-batches-1_seed-42_transformation-cofactor-5	not_applicable	knn	KNN	drop-train	.3cfd963b74881b9b1c81b4e4a8fcce333a9461195e98d122e6c796123d7e9c79	Drop ungated training	5	5	1	complete	balanced_accuracy	0.8954996978467525	5	Macro one-vs-rest balanced accuracy	arithmetic mean across accepted effective folds with a defined score for this metric	known-population-open-set-v1
15723074	15723074	dataset_name-15723074_dataset-revision-4bf02d6adbe55785ca855b57274aa37b8dc843ae_name-data_import.data_raw_potential-batches-1_seed-42_transformation-cofactor-150	not_applicable	lda	LDA	drop-train	.3cfd963b74881b9b1c81b4e4a8fcce333a9461195e98d122e6c796123d7e9c79	Drop ungated training	5	5	1	complete	balanced_accuracy	0.8918394486278142	5	Macro one-vs-rest balanced accuracy	arithmetic mean across accepted effective folds with a defined score for this metric	known-population-open-set-v1
BodenmillerXL	BodenmillerXL	dataset_name-BodenmillerXL_dataset-revision-67990f383ac8f169c9a00148febba1ed357e18e8_name-data_import.data_raw_potential-batches-1_seed-42_transformation-cofactor-5	not_applicable	lda	LDA	drop-train	.3cfd963b74881b9b1c81b4e4a8fcce333a9461195e98d122e6c796123d7e9c79	Drop ungated training	5	5	1	complete	balanced_accuracy	0.9033515559203807	5	Macro one-vs-rest balanced accuracy	arithmetic mean across accepted effective folds with a defined score for this metric	known-population-open-set-v1
FR-FCM-Z238	FR-FCM-Z238	dataset_name-FR-FCM-Z238_dataset-revision-67990f383ac8f169c9a00148febba1ed357e18e8_name-data_import.data_raw_potential-batches-1_seed-42_transformation-cofactor-5	not_applicable	lda	LDA	drop-train	.3cfd963b74881b9b1c81b4e4a8fcce333a9461195e98d122e6c796123d7e9c79	Drop ungated training	5	5	1	complete	balanced_accuracy	0.8254205709767494	5	Macro one-vs-rest balanced accuracy	arithmetic mean across accepted effective folds with a defined score for this metric	known-population-open-set-v1
FR-FCM-Z2KP-covid	FR-FCM-Z2KP-covid	dataset_name-FR-FCM-Z2KP-covid_dataset-revision-67990f383ac8f169c9a00148febba1ed357e18e8_name-data_import.data_raw_potential-batches-1_seed-42_transformation-cofactor-150	not_applicable	lda	LDA	drop-train	.3cfd963b74881b9b1c81b4e4a8fcce333a9461195e98d122e6c796123d7e9c79	Drop ungated training	5	5	1	complete	balanced_accuracy	0.9069029456011406	5	Macro one-vs-rest balanced accuracy	arithmetic mean across accepted effective folds with a defined score for this metric	known-population-open-set-v1
FR-FCM-Z2KP-healthy	FR-FCM-Z2KP-healthy (n=1k)	dataset_name-FR-FCM-Z2KP-healthy_dataset-revision-67990f383ac8f169c9a00148febba1ed357e18e8_name-data_import.data_raw_potential-batches-1_seed-420_sub-sampling-1000_transformation-cofactor-150	1000	lda	LDA	drop-train	.3cfd963b74881b9b1c81b4e4a8fcce333a9461195e98d122e6c796123d7e9c79	Drop ungated training	5	5	1	complete	balanced_accuracy	0.9088042241370016	5	Macro one-vs-rest balanced accuracy	arithmetic mean across accepted effective folds with a defined score for this metric	known-population-open-set-v1
FR-FCM-Z2KP-healthy	FR-FCM-Z2KP-healthy (n=5k)	dataset_name-FR-FCM-Z2KP-healthy_dataset-revision-67990f383ac8f169c9a00148febba1ed357e18e8_name-data_import.data_raw_potential-batches-1_seed-420_sub-sampling-5000_transformation-cofactor-150	5000	lda	LDA	drop-train	.3cfd963b74881b9b1c81b4e4a8fcce333a9461195e98d122e6c796123d7e9c79	Drop ungated training	5	5	1	complete	balanced_accuracy	0.913396151312162	5	Macro one-vs-rest balanced accuracy	arithmetic mean across accepted effective folds with a defined score for this metric	known-population-open-set-v1
FR-FCM-Z2KP-healthy	FR-FCM-Z2KP-healthy (n=10k)	dataset_name-FR-FCM-Z2KP-healthy_dataset-revision-67990f383ac8f169c9a00148febba1ed357e18e8_name-data_import.data_raw_potential-batches-1_seed-420_sub-sampling-10000_transformation-cofactor-150	10000	lda	LDA	drop-train	.3cfd963b74881b9b1c81b4e4a8fcce333a9461195e98d122e6c796123d7e9c79	Drop ungated training	5	5	1	complete	balanced_accuracy	0.9153818174928311	5	Macro one-vs-rest balanced accuracy	arithmetic mean across accepted effective folds with a defined score for this metric	known-population-open-set-v1
FR-FCM-Z2KP-healthy	FR-FCM-Z2KP-healthy (n=50k)	dataset_name-FR-FCM-Z2KP-healthy_dataset-revision-67990f383ac8f169c9a00148febba1ed357e18e8_name-data_import.data_raw_potential-batches-1_seed-420_sub-sampling-50000_transformation-cofactor-150	50000	lda	LDA	drop-train	.3cfd963b74881b9b1c81b4e4a8fcce333a9461195e98d122e6c796123d7e9c79	Drop ungated training	5	5	1	complete	balanced_accuracy	0.9144395583629154	5	Macro one-vs-rest balanced accuracy	arithmetic mean across accepted effective folds with a defined score for this metric	known-population-open-set-v1
FR-FCM-Z2KP-healthy	FR-FCM-Z2KP-healthy (n=100k)	dataset_name-FR-FCM-Z2KP-healthy_dataset-revision-67990f383ac8f169c9a00148febba1ed357e18e8_name-data_import.data_raw_potential-batches-1_seed-420_sub-sampling-100000_transformation-cofactor-150	1e+05	lda	LDA	drop-train	.3cfd963b74881b9b1c81b4e4a8fcce333a9461195e98d122e6c796123d7e9c79	Drop ungated training	5	5	1	complete	balanced_accuracy	0.9144175113435142	5	Macro one-vs-rest balanced accuracy	arithmetic mean across accepted effective folds with a defined score for this metric	known-population-open-set-v1
FR-FCM-Z2KP-healthy	FR-FCM-Z2KP-healthy	dataset_name-FR-FCM-Z2KP-healthy_dataset-revision-67990f383ac8f169c9a00148febba1ed357e18e8_name-data_import.data_raw_potential-batches-1_seed-42_transformation-cofactor-150	not_applicable	lda	LDA	drop-train	.3cfd963b74881b9b1c81b4e4a8fcce333a9461195e98d122e6c796123d7e9c79	Drop ungated training	5	5	1	complete	balanced_accuracy	0.9138728394261458	5	Macro one-vs-rest balanced accuracy	arithmetic mean across accepted effective folds with a defined score for this metric	known-population-open-set-v1
FR-FCM-Z3YR	FR-FCM-Z3YR	dataset_name-FR-FCM-Z3YR_dataset-revision-67990f383ac8f169c9a00148febba1ed357e18e8_name-data_import.data_raw_potential-batches-1_seed-42_transformation-cofactor-5	not_applicable	lda	LDA	drop-train	.3cfd963b74881b9b1c81b4e4a8fcce333a9461195e98d122e6c796123d7e9c79	Drop ungated training	5	5	1	complete	balanced_accuracy	0.8988651580243147	5	Macro one-vs-rest balanced accuracy	arithmetic mean across accepted effective folds with a defined score for this metric	known-population-open-set-v1
FR-FCM-Z7CH-BALBc	FR-FCM-Z7CH-BALBc	dataset_name-FR-FCM-Z7CH-BALBc_dataset-revision-4bf02d6adbe55785ca855b57274aa37b8dc843ae_name-data_import.data_raw_potential-batches-1_seed-42_transformation-cofactor-150	not_applicable	lda	LDA	drop-train	.3cfd963b74881b9b1c81b4e4a8fcce333a9461195e98d122e6c796123d7e9c79	Drop ungated training	5	5	1	complete	balanced_accuracy	0.8984556150707841	5	Macro one-vs-rest balanced accuracy	arithmetic mean across accepted effective folds with a defined score for this metric	known-population-open-set-v1
FR-FCM-Z7CH-C57BL6	FR-FCM-Z7CH-C57BL6	dataset_name-FR-FCM-Z7CH-C57BL6_dataset-revision-4bf02d6adbe55785ca855b57274aa37b8dc843ae_name-data_import.data_raw_potential-batches-1_seed-42_transformation-cofactor-150	not_applicable	lda	LDA	drop-train	.3cfd963b74881b9b1c81b4e4a8fcce333a9461195e98d122e6c796123d7e9c79	Drop ungated training	5	5	1	complete	balanced_accuracy	0.8731590053225669	5	Macro one-vs-rest balanced accuracy	arithmetic mean across accepted effective folds with a defined score for this metric	known-population-open-set-v1
FR-FCM-ZY34	FR-FCM-ZY34	dataset_name-FR-FCM-ZY34_dataset-revision-67990f383ac8f169c9a00148febba1ed357e18e8_name-data_import.data_raw_potential-batches-1_seed-42_transformation-cofactor-150	not_applicable	lda	LDA	drop-train	.3cfd963b74881b9b1c81b4e4a8fcce333a9461195e98d122e6c796123d7e9c79	Drop ungated training	5	5	1	complete	balanced_accuracy	0.6454265300161656	5	Macro one-vs-rest balanced accuracy	arithmetic mean across accepted effective folds with a defined score for this metric	known-population-open-set-v1
FR-FCM-ZYVT	FR-FCM-ZYVT	dataset_name-FR-FCM-ZYVT_dataset-revision-67990f383ac8f169c9a00148febba1ed357e18e8_name-data_import.data_raw_potential-batches-1_seed-42_transformation-cofactor-150	not_applicable	lda	LDA	drop-train	.3cfd963b74881b9b1c81b4e4a8fcce333a9461195e98d122e6c796123d7e9c79	Drop ungated training	5	5	1	complete	balanced_accuracy	0.740335976468508	5	Macro one-vs-rest balanced accuracy	arithmetic mean across accepted effective folds with a defined score for this metric	known-population-open-set-v1
FlowCyt	FlowCyt	dataset_name-FlowCyt_dataset-revision-67990f383ac8f169c9a00148febba1ed357e18e8_name-data_import.data_raw_potential-batches-1_seed-42_transformation-cofactor-150	not_applicable	lda	LDA	drop-train	.3cfd963b74881b9b1c81b4e4a8fcce333a9461195e98d122e6c796123d7e9c79	Drop ungated training	5	5	1	complete	balanced_accuracy	0.8995918851292438	5	Macro one-vs-rest balanced accuracy	arithmetic mean across accepted effective folds with a defined score for this metric	known-population-open-set-v1
Levine	Levine	dataset_name-Levine_dataset-revision-67990f383ac8f169c9a00148febba1ed357e18e8_name-data_import.data_raw_potential-batches-1_seed-42_transformation-cofactor-5	not_applicable	lda	LDA	drop-train	.3cfd963b74881b9b1c81b4e4a8fcce333a9461195e98d122e6c796123d7e9c79	Drop ungated training	2	2	1	complete	balanced_accuracy	0.9385621504502575	2	Macro one-vs-rest balanced accuracy	arithmetic mean across accepted effective folds with a defined score for this metric	known-population-open-set-v1
Samusik	Samusik	dataset_name-Samusik_dataset-revision-67990f383ac8f169c9a00148febba1ed357e18e8_name-data_import.data_raw_potential-batches-1_seed-42_transformation-cofactor-5	not_applicable	lda	LDA	drop-train	.3cfd963b74881b9b1c81b4e4a8fcce333a9461195e98d122e6c796123d7e9c79	Drop ungated training	5	5	1	complete	balanced_accuracy	0.9310701466846212	5	Macro one-vs-rest balanced accuracy	arithmetic mean across accepted effective folds with a defined score for this metric	known-population-open-set-v1
15723074	15723074	dataset_name-15723074_dataset-revision-4bf02d6adbe55785ca855b57274aa37b8dc843ae_name-data_import.data_raw_potential-batches-1_seed-42_transformation-cofactor-150	not_applicable	random	Random	drop-train	.3cfd963b74881b9b1c81b4e4a8fcce333a9461195e98d122e6c796123d7e9c79	Drop ungated training	5	5	1	complete	balanced_accuracy	0.49967149740711153	5	Macro one-vs-rest balanced accuracy	arithmetic mean across accepted effective folds with a defined score for this metric	known-population-open-set-v1
BodenmillerXL	BodenmillerXL	dataset_name-BodenmillerXL_dataset-revision-67990f383ac8f169c9a00148febba1ed357e18e8_name-data_import.data_raw_potential-batches-1_seed-42_transformation-cofactor-5	not_applicable	random	Random	drop-train	.3cfd963b74881b9b1c81b4e4a8fcce333a9461195e98d122e6c796123d7e9c79	Drop ungated training	5	5	1	complete	balanced_accuracy	0.5002284073774315	5	Macro one-vs-rest balanced accuracy	arithmetic mean across accepted effective folds with a defined score for this metric	known-population-open-set-v1
FR-FCM-Z238	FR-FCM-Z238	dataset_name-FR-FCM-Z238_dataset-revision-67990f383ac8f169c9a00148febba1ed357e18e8_name-data_import.data_raw_potential-batches-1_seed-42_transformation-cofactor-5	not_applicable	random	Random	drop-train	.3cfd963b74881b9b1c81b4e4a8fcce333a9461195e98d122e6c796123d7e9c79	Drop ungated training	5	5	1	complete	balanced_accuracy	0.4999373574726008	5	Macro one-vs-rest balanced accuracy	arithmetic mean across accepted effective folds with a defined score for this metric	known-population-open-set-v1
FR-FCM-Z2KP-covid	FR-FCM-Z2KP-covid	dataset_name-FR-FCM-Z2KP-covid_dataset-revision-67990f383ac8f169c9a00148febba1ed357e18e8_name-data_import.data_raw_potential-batches-1_seed-42_transformation-cofactor-150	not_applicable	random	Random	drop-train	.3cfd963b74881b9b1c81b4e4a8fcce333a9461195e98d122e6c796123d7e9c79	Drop ungated training	5	5	1	complete	balanced_accuracy	0.5000476311931727	5	Macro one-vs-rest balanced accuracy	arithmetic mean across accepted effective folds with a defined score for this metric	known-population-open-set-v1
FR-FCM-Z2KP-healthy	FR-FCM-Z2KP-healthy (n=1k)	dataset_name-FR-FCM-Z2KP-healthy_dataset-revision-67990f383ac8f169c9a00148febba1ed357e18e8_name-data_import.data_raw_potential-batches-1_seed-420_sub-sampling-1000_transformation-cofactor-150	1000	random	Random	drop-train	.3cfd963b74881b9b1c81b4e4a8fcce333a9461195e98d122e6c796123d7e9c79	Drop ungated training	5	5	1	complete	balanced_accuracy	0.49992667293173215	5	Macro one-vs-rest balanced accuracy	arithmetic mean across accepted effective folds with a defined score for this metric	known-population-open-set-v1
FR-FCM-Z2KP-healthy	FR-FCM-Z2KP-healthy (n=5k)	dataset_name-FR-FCM-Z2KP-healthy_dataset-revision-67990f383ac8f169c9a00148febba1ed357e18e8_name-data_import.data_raw_potential-batches-1_seed-420_sub-sampling-5000_transformation-cofactor-150	5000	random	Random	drop-train	.3cfd963b74881b9b1c81b4e4a8fcce333a9461195e98d122e6c796123d7e9c79	Drop ungated training	5	5	1	complete	balanced_accuracy	0.49993605264431024	5	Macro one-vs-rest balanced accuracy	arithmetic mean across accepted effective folds with a defined score for this metric	known-population-open-set-v1
FR-FCM-Z2KP-healthy	FR-FCM-Z2KP-healthy (n=10k)	dataset_name-FR-FCM-Z2KP-healthy_dataset-revision-67990f383ac8f169c9a00148febba1ed357e18e8_name-data_import.data_raw_potential-batches-1_seed-420_sub-sampling-10000_transformation-cofactor-150	10000	random	Random	drop-train	.3cfd963b74881b9b1c81b4e4a8fcce333a9461195e98d122e6c796123d7e9c79	Drop ungated training	5	5	1	complete	balanced_accuracy	0.5001544554465895	5	Macro one-vs-rest balanced accuracy	arithmetic mean across accepted effective folds with a defined score for this metric	known-population-open-set-v1
FR-FCM-Z2KP-healthy	FR-FCM-Z2KP-healthy (n=50k)	dataset_name-FR-FCM-Z2KP-healthy_dataset-revision-67990f383ac8f169c9a00148febba1ed357e18e8_name-data_import.data_raw_potential-batches-1_seed-420_sub-sampling-50000_transformation-cofactor-150	50000	random	Random	drop-train	.3cfd963b74881b9b1c81b4e4a8fcce333a9461195e98d122e6c796123d7e9c79	Drop ungated training	5	5	1	complete	balanced_accuracy	0.4997699767277678	5	Macro one-vs-rest balanced accuracy	arithmetic mean across accepted effective folds with a defined score for this metric	known-population-open-set-v1
FR-FCM-Z2KP-healthy	FR-FCM-Z2KP-healthy (n=100k)	dataset_name-FR-FCM-Z2KP-healthy_dataset-revision-67990f383ac8f169c9a00148febba1ed357e18e8_name-data_import.data_raw_potential-batches-1_seed-420_sub-sampling-100000_transformation-cofactor-150	1e+05	random	Random	drop-train	.3cfd963b74881b9b1c81b4e4a8fcce333a9461195e98d122e6c796123d7e9c79	Drop ungated training	5	5	1	complete	balanced_accuracy	0.4999547108133342	5	Macro one-vs-rest balanced accuracy	arithmetic mean across accepted effective folds with a defined score for this metric	known-population-open-set-v1
FR-FCM-Z2KP-healthy	FR-FCM-Z2KP-healthy	dataset_name-FR-FCM-Z2KP-healthy_dataset-revision-67990f383ac8f169c9a00148febba1ed357e18e8_name-data_import.data_raw_potential-batches-1_seed-42_transformation-cofactor-150	not_applicable	random	Random	drop-train	.3cfd963b74881b9b1c81b4e4a8fcce333a9461195e98d122e6c796123d7e9c79	Drop ungated training	5	5	1	complete	balanced_accuracy	0.5000355814740404	5	Macro one-vs-rest balanced accuracy	arithmetic mean across accepted effective folds with a defined score for this metric	known-population-open-set-v1
FR-FCM-Z3YR	FR-FCM-Z3YR	dataset_name-FR-FCM-Z3YR_dataset-revision-67990f383ac8f169c9a00148febba1ed357e18e8_name-data_import.data_raw_potential-batches-1_seed-42_transformation-cofactor-5	not_applicable	random	Random	drop-train	.3cfd963b74881b9b1c81b4e4a8fcce333a9461195e98d122e6c796123d7e9c79	Drop ungated training	5	5	1	complete	balanced_accuracy	0.49993123574071746	5	Macro one-vs-rest balanced accuracy	arithmetic mean across accepted effective folds with a defined score for this metric	known-population-open-set-v1
FR-FCM-Z7CH-BALBc	FR-FCM-Z7CH-BALBc	dataset_name-FR-FCM-Z7CH-BALBc_dataset-revision-4bf02d6adbe55785ca855b57274aa37b8dc843ae_name-data_import.data_raw_potential-batches-1_seed-42_transformation-cofactor-150	not_applicable	random	Random	drop-train	.3cfd963b74881b9b1c81b4e4a8fcce333a9461195e98d122e6c796123d7e9c79	Drop ungated training	5	5	1	complete	balanced_accuracy	0.4997324690535705	5	Macro one-vs-rest balanced accuracy	arithmetic mean across accepted effective folds with a defined score for this metric	known-population-open-set-v1
FR-FCM-Z7CH-C57BL6	FR-FCM-Z7CH-C57BL6	dataset_name-FR-FCM-Z7CH-C57BL6_dataset-revision-4bf02d6adbe55785ca855b57274aa37b8dc843ae_name-data_import.data_raw_potential-batches-1_seed-42_transformation-cofactor-150	not_applicable	random	Random	drop-train	.3cfd963b74881b9b1c81b4e4a8fcce333a9461195e98d122e6c796123d7e9c79	Drop ungated training	5	5	1	complete	balanced_accuracy	0.5000102878890549	5	Macro one-vs-rest balanced accuracy	arithmetic mean across accepted effective folds with a defined score for this metric	known-population-open-set-v1
FR-FCM-ZY34	FR-FCM-ZY34	dataset_name-FR-FCM-ZY34_dataset-revision-67990f383ac8f169c9a00148febba1ed357e18e8_name-data_import.data_raw_potential-batches-1_seed-42_transformation-cofactor-150	not_applicable	random	Random	drop-train	.3cfd963b74881b9b1c81b4e4a8fcce333a9461195e98d122e6c796123d7e9c79	Drop ungated training	5	5	1	complete	balanced_accuracy	0.5001811135841983	5	Macro one-vs-rest balanced accuracy	arithmetic mean across accepted effective folds with a defined score for this metric	known-population-open-set-v1
FR-FCM-ZYVT	FR-FCM-ZYVT	dataset_name-FR-FCM-ZYVT_dataset-revision-67990f383ac8f169c9a00148febba1ed357e18e8_name-data_import.data_raw_potential-batches-1_seed-42_transformation-cofactor-150	not_applicable	random	Random	drop-train	.3cfd963b74881b9b1c81b4e4a8fcce333a9461195e98d122e6c796123d7e9c79	Drop ungated training	5	5	1	complete	balanced_accuracy	0.4956782123202847	5	Macro one-vs-rest balanced accuracy	arithmetic mean across accepted effective folds with a defined score for this metric	known-population-open-set-v1
FlowCyt	FlowCyt	dataset_name-FlowCyt_dataset-revision-67990f383ac8f169c9a00148febba1ed357e18e8_name-data_import.data_raw_potential-batches-1_seed-42_transformation-cofactor-150	not_applicable	random	Random	drop-train	.3cfd963b74881b9b1c81b4e4a8fcce333a9461195e98d122e6c796123d7e9c79	Drop ungated training	5	5	1	complete	balanced_accuracy	0.49969007244981545	5	Macro one-vs-rest balanced accuracy	arithmetic mean across accepted effective folds with a defined score for this metric	known-population-open-set-v1
Levine	Levine	dataset_name-Levine_dataset-revision-67990f383ac8f169c9a00148febba1ed357e18e8_name-data_import.data_raw_potential-batches-1_seed-42_transformation-cofactor-5	not_applicable	random	Random	drop-train	.3cfd963b74881b9b1c81b4e4a8fcce333a9461195e98d122e6c796123d7e9c79	Drop ungated training	2	2	1	complete	balanced_accuracy	0.49991532721622356	2	Macro one-vs-rest balanced accuracy	arithmetic mean across accepted effective folds with a defined score for this metric	known-population-open-set-v1
Samusik	Samusik	dataset_name-Samusik_dataset-revision-67990f383ac8f169c9a00148febba1ed357e18e8_name-data_import.data_raw_potential-batches-1_seed-42_transformation-cofactor-5	not_applicable	random	Random	drop-train	.3cfd963b74881b9b1c81b4e4a8fcce333a9461195e98d122e6c796123d7e9c79	Drop ungated training	5	5	1	complete	balanced_accuracy	0.5004928179257471	5	Macro one-vs-rest balanced accuracy	arithmetic mean across accepted effective folds with a defined score for this metric	known-population-open-set-v1
15723074	15723074	dataset_name-15723074_dataset-revision-4bf02d6adbe55785ca855b57274aa37b8dc843ae_name-data_import.data_raw_potential-batches-1_seed-42_transformation-cofactor-150	not_applicable	cyanno	CyAnno	drop-both	.cf99b5bbf108239b5579ea572773bd79f2991aa4794838d0cb51fe27dd533bc3	Drop ungated training + test	5	5	1	complete	balanced_accuracy	0.912773738710636	5	Macro one-vs-rest balanced accuracy	arithmetic mean across accepted effective folds with a defined score for this metric	known-population-open-set-v1
BodenmillerXL	BodenmillerXL	dataset_name-BodenmillerXL_dataset-revision-67990f383ac8f169c9a00148febba1ed357e18e8_name-data_import.data_raw_potential-batches-1_seed-42_transformation-cofactor-5	not_applicable	cyanno	CyAnno	drop-both	.cf99b5bbf108239b5579ea572773bd79f2991aa4794838d0cb51fe27dd533bc3	Drop ungated training + test	5	5	1	complete	balanced_accuracy	0.8411537407052464	5	Macro one-vs-rest balanced accuracy	arithmetic mean across accepted effective folds with a defined score for this metric	known-population-open-set-v1
FR-FCM-Z238	FR-FCM-Z238	dataset_name-FR-FCM-Z238_dataset-revision-67990f383ac8f169c9a00148febba1ed357e18e8_name-data_import.data_raw_potential-batches-1_seed-42_transformation-cofactor-5	not_applicable	cyanno	CyAnno	drop-both	.cf99b5bbf108239b5579ea572773bd79f2991aa4794838d0cb51fe27dd533bc3	Drop ungated training + test	5	5	1	complete	balanced_accuracy	0.7952841844348679	5	Macro one-vs-rest balanced accuracy	arithmetic mean across accepted effective folds with a defined score for this metric	known-population-open-set-v1
FR-FCM-Z2KP-covid	FR-FCM-Z2KP-covid	dataset_name-FR-FCM-Z2KP-covid_dataset-revision-67990f383ac8f169c9a00148febba1ed357e18e8_name-data_import.data_raw_potential-batches-1_seed-42_transformation-cofactor-150	not_applicable	cyanno	CyAnno	drop-both	.cf99b5bbf108239b5579ea572773bd79f2991aa4794838d0cb51fe27dd533bc3	Drop ungated training + test	5	5	1	complete	balanced_accuracy	0.9847440468010557	5	Macro one-vs-rest balanced accuracy	arithmetic mean across accepted effective folds with a defined score for this metric	known-population-open-set-v1
FR-FCM-Z2KP-healthy	FR-FCM-Z2KP-healthy (n=1k)	dataset_name-FR-FCM-Z2KP-healthy_dataset-revision-67990f383ac8f169c9a00148febba1ed357e18e8_name-data_import.data_raw_potential-batches-1_seed-420_sub-sampling-1000_transformation-cofactor-150	1000	cyanno	CyAnno	drop-both	.cf99b5bbf108239b5579ea572773bd79f2991aa4794838d0cb51fe27dd533bc3	Drop ungated training + test	5	5	1	complete	balanced_accuracy	0.9007371230474207	5	Macro one-vs-rest balanced accuracy	arithmetic mean across accepted effective folds with a defined score for this metric	known-population-open-set-v1
FR-FCM-Z2KP-healthy	FR-FCM-Z2KP-healthy (n=5k)	dataset_name-FR-FCM-Z2KP-healthy_dataset-revision-67990f383ac8f169c9a00148febba1ed357e18e8_name-data_import.data_raw_potential-batches-1_seed-420_sub-sampling-5000_transformation-cofactor-150	5000	cyanno	CyAnno	drop-both	.cf99b5bbf108239b5579ea572773bd79f2991aa4794838d0cb51fe27dd533bc3	Drop ungated training + test	5	5	1	complete	balanced_accuracy	0.9548283690215508	5	Macro one-vs-rest balanced accuracy	arithmetic mean across accepted effective folds with a defined score for this metric	known-population-open-set-v1
FR-FCM-Z2KP-healthy	FR-FCM-Z2KP-healthy (n=10k)	dataset_name-FR-FCM-Z2KP-healthy_dataset-revision-67990f383ac8f169c9a00148febba1ed357e18e8_name-data_import.data_raw_potential-batches-1_seed-420_sub-sampling-10000_transformation-cofactor-150	10000	cyanno	CyAnno	drop-both	.cf99b5bbf108239b5579ea572773bd79f2991aa4794838d0cb51fe27dd533bc3	Drop ungated training + test	5	5	1	complete	balanced_accuracy	0.9667410333243485	5	Macro one-vs-rest balanced accuracy	arithmetic mean across accepted effective folds with a defined score for this metric	known-population-open-set-v1
FR-FCM-Z2KP-healthy	FR-FCM-Z2KP-healthy (n=50k)	dataset_name-FR-FCM-Z2KP-healthy_dataset-revision-67990f383ac8f169c9a00148febba1ed357e18e8_name-data_import.data_raw_potential-batches-1_seed-420_sub-sampling-50000_transformation-cofactor-150	50000	cyanno	CyAnno	drop-both	.cf99b5bbf108239b5579ea572773bd79f2991aa4794838d0cb51fe27dd533bc3	Drop ungated training + test	5	5	1	complete	balanced_accuracy	0.981088221102689	5	Macro one-vs-rest balanced accuracy	arithmetic mean across accepted effective folds with a defined score for this metric	known-population-open-set-v1
FR-FCM-Z2KP-healthy	FR-FCM-Z2KP-healthy (n=100k)	dataset_name-FR-FCM-Z2KP-healthy_dataset-revision-67990f383ac8f169c9a00148febba1ed357e18e8_name-data_import.data_raw_potential-batches-1_seed-420_sub-sampling-100000_transformation-cofactor-150	1e+05	cyanno	CyAnno	drop-both	.cf99b5bbf108239b5579ea572773bd79f2991aa4794838d0cb51fe27dd533bc3	Drop ungated training + test	5	5	1	complete	balanced_accuracy	0.9845496640649366	5	Macro one-vs-rest balanced accuracy	arithmetic mean across accepted effective folds with a defined score for this metric	known-population-open-set-v1
FR-FCM-Z2KP-healthy	FR-FCM-Z2KP-healthy	dataset_name-FR-FCM-Z2KP-healthy_dataset-revision-67990f383ac8f169c9a00148febba1ed357e18e8_name-data_import.data_raw_potential-batches-1_seed-42_transformation-cofactor-150	not_applicable	cyanno	CyAnno	drop-both	.cf99b5bbf108239b5579ea572773bd79f2991aa4794838d0cb51fe27dd533bc3	Drop ungated training + test	5	5	1	complete	balanced_accuracy	0.9887359026605177	5	Macro one-vs-rest balanced accuracy	arithmetic mean across accepted effective folds with a defined score for this metric	known-population-open-set-v1
FR-FCM-Z3YR	FR-FCM-Z3YR	dataset_name-FR-FCM-Z3YR_dataset-revision-67990f383ac8f169c9a00148febba1ed357e18e8_name-data_import.data_raw_potential-batches-1_seed-42_transformation-cofactor-5	not_applicable	cyanno	CyAnno	drop-both	.cf99b5bbf108239b5579ea572773bd79f2991aa4794838d0cb51fe27dd533bc3	Drop ungated training + test	5	5	1	complete	balanced_accuracy	0.9185715849715607	5	Macro one-vs-rest balanced accuracy	arithmetic mean across accepted effective folds with a defined score for this metric	known-population-open-set-v1
FR-FCM-Z7CH-BALBc	FR-FCM-Z7CH-BALBc	dataset_name-FR-FCM-Z7CH-BALBc_dataset-revision-4bf02d6adbe55785ca855b57274aa37b8dc843ae_name-data_import.data_raw_potential-batches-1_seed-42_transformation-cofactor-150	not_applicable	cyanno	CyAnno	drop-both	.cf99b5bbf108239b5579ea572773bd79f2991aa4794838d0cb51fe27dd533bc3	Drop ungated training + test	5	5	1	complete	balanced_accuracy	0.9997951198561668	5	Macro one-vs-rest balanced accuracy	arithmetic mean across accepted effective folds with a defined score for this metric	known-population-open-set-v1
FR-FCM-Z7CH-C57BL6	FR-FCM-Z7CH-C57BL6	dataset_name-FR-FCM-Z7CH-C57BL6_dataset-revision-4bf02d6adbe55785ca855b57274aa37b8dc843ae_name-data_import.data_raw_potential-batches-1_seed-42_transformation-cofactor-150	not_applicable	cyanno	CyAnno	drop-both	.cf99b5bbf108239b5579ea572773bd79f2991aa4794838d0cb51fe27dd533bc3	Drop ungated training + test	5	5	1	complete	balanced_accuracy	0.9998990259186025	5	Macro one-vs-rest balanced accuracy	arithmetic mean across accepted effective folds with a defined score for this metric	known-population-open-set-v1
FR-FCM-ZY34	FR-FCM-ZY34	dataset_name-FR-FCM-ZY34_dataset-revision-67990f383ac8f169c9a00148febba1ed357e18e8_name-data_import.data_raw_potential-batches-1_seed-42_transformation-cofactor-150	not_applicable	cyanno	CyAnno	drop-both	.cf99b5bbf108239b5579ea572773bd79f2991aa4794838d0cb51fe27dd533bc3	Drop ungated training + test	5	5	1	complete	balanced_accuracy	0.7048145193197565	5	Macro one-vs-rest balanced accuracy	arithmetic mean across accepted effective folds with a defined score for this metric	known-population-open-set-v1
FR-FCM-ZYVT	FR-FCM-ZYVT	dataset_name-FR-FCM-ZYVT_dataset-revision-67990f383ac8f169c9a00148febba1ed357e18e8_name-data_import.data_raw_potential-batches-1_seed-42_transformation-cofactor-150	not_applicable	cyanno	CyAnno	drop-both	.cf99b5bbf108239b5579ea572773bd79f2991aa4794838d0cb51fe27dd533bc3	Drop ungated training + test	5	5	1	complete	balanced_accuracy	0.753826130198947	5	Macro one-vs-rest balanced accuracy	arithmetic mean across accepted effective folds with a defined score for this metric	known-population-open-set-v1
FlowCyt	FlowCyt	dataset_name-FlowCyt_dataset-revision-67990f383ac8f169c9a00148febba1ed357e18e8_name-data_import.data_raw_potential-batches-1_seed-42_transformation-cofactor-150	not_applicable	cyanno	CyAnno	drop-both	.cf99b5bbf108239b5579ea572773bd79f2991aa4794838d0cb51fe27dd533bc3	Drop ungated training + test	5	5	1	complete	balanced_accuracy	0.9491122906088061	5	Macro one-vs-rest balanced accuracy	arithmetic mean across accepted effective folds with a defined score for this metric	known-population-open-set-v1
Levine	Levine	dataset_name-Levine_dataset-revision-67990f383ac8f169c9a00148febba1ed357e18e8_name-data_import.data_raw_potential-batches-1_seed-42_transformation-cofactor-5	not_applicable	cyanno	CyAnno	drop-both	.cf99b5bbf108239b5579ea572773bd79f2991aa4794838d0cb51fe27dd533bc3	Drop ungated training + test	2	2	1	complete	balanced_accuracy	0.9705100535567743	2	Macro one-vs-rest balanced accuracy	arithmetic mean across accepted effective folds with a defined score for this metric	known-population-open-set-v1
Samusik	Samusik	dataset_name-Samusik_dataset-revision-67990f383ac8f169c9a00148febba1ed357e18e8_name-data_import.data_raw_potential-batches-1_seed-42_transformation-cofactor-5	not_applicable	cyanno	CyAnno	drop-both	.cf99b5bbf108239b5579ea572773bd79f2991aa4794838d0cb51fe27dd533bc3	Drop ungated training + test	5	5	1	complete	balanced_accuracy	0.9185461603896738	5	Macro one-vs-rest balanced accuracy	arithmetic mean across accepted effective folds with a defined score for this metric	known-population-open-set-v1
15723074	15723074	dataset_name-15723074_dataset-revision-4bf02d6adbe55785ca855b57274aa37b8dc843ae_name-data_import.data_raw_potential-batches-1_seed-42_transformation-cofactor-150	not_applicable	cygate	CyGATE	drop-both	.cf99b5bbf108239b5579ea572773bd79f2991aa4794838d0cb51fe27dd533bc3	Drop ungated training + test	5	5	1	complete	balanced_accuracy	0.89988943305943	5	Macro one-vs-rest balanced accuracy	arithmetic mean across accepted effective folds with a defined score for this metric	known-population-open-set-v1
BodenmillerXL	BodenmillerXL	dataset_name-BodenmillerXL_dataset-revision-67990f383ac8f169c9a00148febba1ed357e18e8_name-data_import.data_raw_potential-batches-1_seed-42_transformation-cofactor-5	not_applicable	cygate	CyGATE	drop-both	.cf99b5bbf108239b5579ea572773bd79f2991aa4794838d0cb51fe27dd533bc3	Drop ungated training + test	5	5	1	complete	balanced_accuracy	0.8704172873234218	5	Macro one-vs-rest balanced accuracy	arithmetic mean across accepted effective folds with a defined score for this metric	known-population-open-set-v1
FR-FCM-Z238	FR-FCM-Z238	dataset_name-FR-FCM-Z238_dataset-revision-67990f383ac8f169c9a00148febba1ed357e18e8_name-data_import.data_raw_potential-batches-1_seed-42_transformation-cofactor-5	not_applicable	cygate	CyGATE	drop-both	.cf99b5bbf108239b5579ea572773bd79f2991aa4794838d0cb51fe27dd533bc3	Drop ungated training + test	5	5	1	complete	balanced_accuracy	0.8291500099614665	5	Macro one-vs-rest balanced accuracy	arithmetic mean across accepted effective folds with a defined score for this metric	known-population-open-set-v1
FR-FCM-Z2KP-covid	FR-FCM-Z2KP-covid	dataset_name-FR-FCM-Z2KP-covid_dataset-revision-67990f383ac8f169c9a00148febba1ed357e18e8_name-data_import.data_raw_potential-batches-1_seed-42_transformation-cofactor-150	not_applicable	cygate	CyGATE	drop-both	.cf99b5bbf108239b5579ea572773bd79f2991aa4794838d0cb51fe27dd533bc3	Drop ungated training + test	5	5	1	complete	balanced_accuracy	0.8984754915977259	5	Macro one-vs-rest balanced accuracy	arithmetic mean across accepted effective folds with a defined score for this metric	known-population-open-set-v1
FR-FCM-Z2KP-healthy	FR-FCM-Z2KP-healthy (n=1k)	dataset_name-FR-FCM-Z2KP-healthy_dataset-revision-67990f383ac8f169c9a00148febba1ed357e18e8_name-data_import.data_raw_potential-batches-1_seed-420_sub-sampling-1000_transformation-cofactor-150	1000	cygate	CyGATE	drop-both	.cf99b5bbf108239b5579ea572773bd79f2991aa4794838d0cb51fe27dd533bc3	Drop ungated training + test	5	5	1	complete	balanced_accuracy	0.8941996478082759	5	Macro one-vs-rest balanced accuracy	arithmetic mean across accepted effective folds with a defined score for this metric	known-population-open-set-v1
FR-FCM-Z2KP-healthy	FR-FCM-Z2KP-healthy (n=5k)	dataset_name-FR-FCM-Z2KP-healthy_dataset-revision-67990f383ac8f169c9a00148febba1ed357e18e8_name-data_import.data_raw_potential-batches-1_seed-420_sub-sampling-5000_transformation-cofactor-150	5000	cygate	CyGATE	drop-both	.cf99b5bbf108239b5579ea572773bd79f2991aa4794838d0cb51fe27dd533bc3	Drop ungated training + test	5	5	1	complete	balanced_accuracy	0.8871549347859361	5	Macro one-vs-rest balanced accuracy	arithmetic mean across accepted effective folds with a defined score for this metric	known-population-open-set-v1
FR-FCM-Z2KP-healthy	FR-FCM-Z2KP-healthy (n=10k)	dataset_name-FR-FCM-Z2KP-healthy_dataset-revision-67990f383ac8f169c9a00148febba1ed357e18e8_name-data_import.data_raw_potential-batches-1_seed-420_sub-sampling-10000_transformation-cofactor-150	10000	cygate	CyGATE	drop-both	.cf99b5bbf108239b5579ea572773bd79f2991aa4794838d0cb51fe27dd533bc3	Drop ungated training + test	5	5	1	complete	balanced_accuracy	0.8949995538753348	5	Macro one-vs-rest balanced accuracy	arithmetic mean across accepted effective folds with a defined score for this metric	known-population-open-set-v1
FR-FCM-Z2KP-healthy	FR-FCM-Z2KP-healthy (n=50k)	dataset_name-FR-FCM-Z2KP-healthy_dataset-revision-67990f383ac8f169c9a00148febba1ed357e18e8_name-data_import.data_raw_potential-batches-1_seed-420_sub-sampling-50000_transformation-cofactor-150	50000	cygate	CyGATE	drop-both	.cf99b5bbf108239b5579ea572773bd79f2991aa4794838d0cb51fe27dd533bc3	Drop ungated training + test	5	5	1	complete	balanced_accuracy	0.8859784611970324	5	Macro one-vs-rest balanced accuracy	arithmetic mean across accepted effective folds with a defined score for this metric	known-population-open-set-v1
FR-FCM-Z2KP-healthy	FR-FCM-Z2KP-healthy (n=100k)	dataset_name-FR-FCM-Z2KP-healthy_dataset-revision-67990f383ac8f169c9a00148febba1ed357e18e8_name-data_import.data_raw_potential-batches-1_seed-420_sub-sampling-100000_transformation-cofactor-150	1e+05	cygate	CyGATE	drop-both	.cf99b5bbf108239b5579ea572773bd79f2991aa4794838d0cb51fe27dd533bc3	Drop ungated training + test	5	5	1	complete	balanced_accuracy	0.885208444072527	5	Macro one-vs-rest balanced accuracy	arithmetic mean across accepted effective folds with a defined score for this metric	known-population-open-set-v1
FR-FCM-Z2KP-healthy	FR-FCM-Z2KP-healthy	dataset_name-FR-FCM-Z2KP-healthy_dataset-revision-67990f383ac8f169c9a00148febba1ed357e18e8_name-data_import.data_raw_potential-batches-1_seed-42_transformation-cofactor-150	not_applicable	cygate	CyGATE	drop-both	.cf99b5bbf108239b5579ea572773bd79f2991aa4794838d0cb51fe27dd533bc3	Drop ungated training + test	5	5	1	complete	balanced_accuracy	0.8948888575594366	5	Macro one-vs-rest balanced accuracy	arithmetic mean across accepted effective folds with a defined score for this metric	known-population-open-set-v1
FR-FCM-Z3YR	FR-FCM-Z3YR	dataset_name-FR-FCM-Z3YR_dataset-revision-67990f383ac8f169c9a00148febba1ed357e18e8_name-data_import.data_raw_potential-batches-1_seed-42_transformation-cofactor-5	not_applicable	cygate	CyGATE	drop-both	.cf99b5bbf108239b5579ea572773bd79f2991aa4794838d0cb51fe27dd533bc3	Drop ungated training + test	5	5	1	complete	balanced_accuracy	0.8526544399123467	5	Macro one-vs-rest balanced accuracy	arithmetic mean across accepted effective folds with a defined score for this metric	known-population-open-set-v1
FR-FCM-Z7CH-BALBc	FR-FCM-Z7CH-BALBc	dataset_name-FR-FCM-Z7CH-BALBc_dataset-revision-4bf02d6adbe55785ca855b57274aa37b8dc843ae_name-data_import.data_raw_potential-batches-1_seed-42_transformation-cofactor-150	not_applicable	cygate	CyGATE	drop-both	.cf99b5bbf108239b5579ea572773bd79f2991aa4794838d0cb51fe27dd533bc3	Drop ungated training + test	5	5	1	complete	balanced_accuracy	0.9400638068668584	5	Macro one-vs-rest balanced accuracy	arithmetic mean across accepted effective folds with a defined score for this metric	known-population-open-set-v1
FR-FCM-Z7CH-C57BL6	FR-FCM-Z7CH-C57BL6	dataset_name-FR-FCM-Z7CH-C57BL6_dataset-revision-4bf02d6adbe55785ca855b57274aa37b8dc843ae_name-data_import.data_raw_potential-batches-1_seed-42_transformation-cofactor-150	not_applicable	cygate	CyGATE	drop-both	.cf99b5bbf108239b5579ea572773bd79f2991aa4794838d0cb51fe27dd533bc3	Drop ungated training + test	5	5	1	complete	balanced_accuracy	0.9246918283095604	5	Macro one-vs-rest balanced accuracy	arithmetic mean across accepted effective folds with a defined score for this metric	known-population-open-set-v1
FR-FCM-ZY34	FR-FCM-ZY34	dataset_name-FR-FCM-ZY34_dataset-revision-67990f383ac8f169c9a00148febba1ed357e18e8_name-data_import.data_raw_potential-batches-1_seed-42_transformation-cofactor-150	not_applicable	cygate	CyGATE	drop-both	.cf99b5bbf108239b5579ea572773bd79f2991aa4794838d0cb51fe27dd533bc3	Drop ungated training + test	5	5	1	complete	balanced_accuracy	0.7461525773376361	5	Macro one-vs-rest balanced accuracy	arithmetic mean across accepted effective folds with a defined score for this metric	known-population-open-set-v1
FR-FCM-ZYVT	FR-FCM-ZYVT	dataset_name-FR-FCM-ZYVT_dataset-revision-67990f383ac8f169c9a00148febba1ed357e18e8_name-data_import.data_raw_potential-batches-1_seed-42_transformation-cofactor-150	not_applicable	cygate	CyGATE	drop-both	.cf99b5bbf108239b5579ea572773bd79f2991aa4794838d0cb51fe27dd533bc3	Drop ungated training + test	5	5	1	complete	balanced_accuracy	0.8260357675460273	5	Macro one-vs-rest balanced accuracy	arithmetic mean across accepted effective folds with a defined score for this metric	known-population-open-set-v1
FlowCyt	FlowCyt	dataset_name-FlowCyt_dataset-revision-67990f383ac8f169c9a00148febba1ed357e18e8_name-data_import.data_raw_potential-batches-1_seed-42_transformation-cofactor-150	not_applicable	cygate	CyGATE	drop-both	.cf99b5bbf108239b5579ea572773bd79f2991aa4794838d0cb51fe27dd533bc3	Drop ungated training + test	5	5	1	complete	balanced_accuracy	0.9430495087585291	5	Macro one-vs-rest balanced accuracy	arithmetic mean across accepted effective folds with a defined score for this metric	known-population-open-set-v1
Levine	Levine	dataset_name-Levine_dataset-revision-67990f383ac8f169c9a00148febba1ed357e18e8_name-data_import.data_raw_potential-batches-1_seed-42_transformation-cofactor-5	not_applicable	cygate	CyGATE	drop-both	.cf99b5bbf108239b5579ea572773bd79f2991aa4794838d0cb51fe27dd533bc3	Drop ungated training + test	2	2	1	complete	balanced_accuracy	0.9595879959144513	2	Macro one-vs-rest balanced accuracy	arithmetic mean across accepted effective folds with a defined score for this metric	known-population-open-set-v1
Samusik	Samusik	dataset_name-Samusik_dataset-revision-67990f383ac8f169c9a00148febba1ed357e18e8_name-data_import.data_raw_potential-batches-1_seed-42_transformation-cofactor-5	not_applicable	cygate	CyGATE	drop-both	.cf99b5bbf108239b5579ea572773bd79f2991aa4794838d0cb51fe27dd533bc3	Drop ungated training + test	5	5	1	complete	balanced_accuracy	0.9155532358414742	5	Macro one-vs-rest balanced accuracy	arithmetic mean across accepted effective folds with a defined score for this metric	known-population-open-set-v1
15723074	15723074	dataset_name-15723074_dataset-revision-4bf02d6adbe55785ca855b57274aa37b8dc843ae_name-data_import.data_raw_potential-batches-1_seed-42_transformation-cofactor-150	not_applicable	dgcytof	DGCyTOF	drop-both	.cf99b5bbf108239b5579ea572773bd79f2991aa4794838d0cb51fe27dd533bc3	Drop ungated training + test	5	5	1	complete	balanced_accuracy	0.9114893193713142	5	Macro one-vs-rest balanced accuracy	arithmetic mean across accepted effective folds with a defined score for this metric	known-population-open-set-v1
BodenmillerXL	BodenmillerXL	dataset_name-BodenmillerXL_dataset-revision-67990f383ac8f169c9a00148febba1ed357e18e8_name-data_import.data_raw_potential-batches-1_seed-42_transformation-cofactor-5	not_applicable	dgcytof	DGCyTOF	drop-both	.cf99b5bbf108239b5579ea572773bd79f2991aa4794838d0cb51fe27dd533bc3	Drop ungated training + test	5	5	1	complete	balanced_accuracy	0.8780353959739352	5	Macro one-vs-rest balanced accuracy	arithmetic mean across accepted effective folds with a defined score for this metric	known-population-open-set-v1
FR-FCM-Z238	FR-FCM-Z238	dataset_name-FR-FCM-Z238_dataset-revision-67990f383ac8f169c9a00148febba1ed357e18e8_name-data_import.data_raw_potential-batches-1_seed-42_transformation-cofactor-5	not_applicable	dgcytof	DGCyTOF	drop-both	.cf99b5bbf108239b5579ea572773bd79f2991aa4794838d0cb51fe27dd533bc3	Drop ungated training + test	5	5	1	complete	balanced_accuracy	0.8220630527422356	5	Macro one-vs-rest balanced accuracy	arithmetic mean across accepted effective folds with a defined score for this metric	known-population-open-set-v1
FR-FCM-Z2KP-covid	FR-FCM-Z2KP-covid	dataset_name-FR-FCM-Z2KP-covid_dataset-revision-67990f383ac8f169c9a00148febba1ed357e18e8_name-data_import.data_raw_potential-batches-1_seed-42_transformation-cofactor-150	not_applicable	dgcytof	DGCyTOF	drop-both	.cf99b5bbf108239b5579ea572773bd79f2991aa4794838d0cb51fe27dd533bc3	Drop ungated training + test	5	5	1	complete	balanced_accuracy	0.9858868044326524	5	Macro one-vs-rest balanced accuracy	arithmetic mean across accepted effective folds with a defined score for this metric	known-population-open-set-v1
FR-FCM-Z2KP-healthy	FR-FCM-Z2KP-healthy (n=1k)	dataset_name-FR-FCM-Z2KP-healthy_dataset-revision-67990f383ac8f169c9a00148febba1ed357e18e8_name-data_import.data_raw_potential-batches-1_seed-420_sub-sampling-1000_transformation-cofactor-150	1000	dgcytof	DGCyTOF	drop-both	.cf99b5bbf108239b5579ea572773bd79f2991aa4794838d0cb51fe27dd533bc3	Drop ungated training + test	5	5	1	complete	balanced_accuracy	0.8645020754980239	5	Macro one-vs-rest balanced accuracy	arithmetic mean across accepted effective folds with a defined score for this metric	known-population-open-set-v1
FR-FCM-Z2KP-healthy	FR-FCM-Z2KP-healthy (n=5k)	dataset_name-FR-FCM-Z2KP-healthy_dataset-revision-67990f383ac8f169c9a00148febba1ed357e18e8_name-data_import.data_raw_potential-batches-1_seed-420_sub-sampling-5000_transformation-cofactor-150	5000	dgcytof	DGCyTOF	drop-both	.cf99b5bbf108239b5579ea572773bd79f2991aa4794838d0cb51fe27dd533bc3	Drop ungated training + test	5	5	1	complete	balanced_accuracy	0.9265575584413667	5	Macro one-vs-rest balanced accuracy	arithmetic mean across accepted effective folds with a defined score for this metric	known-population-open-set-v1
FR-FCM-Z2KP-healthy	FR-FCM-Z2KP-healthy (n=10k)	dataset_name-FR-FCM-Z2KP-healthy_dataset-revision-67990f383ac8f169c9a00148febba1ed357e18e8_name-data_import.data_raw_potential-batches-1_seed-420_sub-sampling-10000_transformation-cofactor-150	10000	dgcytof	DGCyTOF	drop-both	.cf99b5bbf108239b5579ea572773bd79f2991aa4794838d0cb51fe27dd533bc3	Drop ungated training + test	5	5	1	complete	balanced_accuracy	0.9409974431933943	5	Macro one-vs-rest balanced accuracy	arithmetic mean across accepted effective folds with a defined score for this metric	known-population-open-set-v1
FR-FCM-Z2KP-healthy	FR-FCM-Z2KP-healthy (n=50k)	dataset_name-FR-FCM-Z2KP-healthy_dataset-revision-67990f383ac8f169c9a00148febba1ed357e18e8_name-data_import.data_raw_potential-batches-1_seed-420_sub-sampling-50000_transformation-cofactor-150	50000	dgcytof	DGCyTOF	drop-both	.cf99b5bbf108239b5579ea572773bd79f2991aa4794838d0cb51fe27dd533bc3	Drop ungated training + test	5	5	1	complete	balanced_accuracy	0.9759488424830166	5	Macro one-vs-rest balanced accuracy	arithmetic mean across accepted effective folds with a defined score for this metric	known-population-open-set-v1
FR-FCM-Z2KP-healthy	FR-FCM-Z2KP-healthy (n=100k)	dataset_name-FR-FCM-Z2KP-healthy_dataset-revision-67990f383ac8f169c9a00148febba1ed357e18e8_name-data_import.data_raw_potential-batches-1_seed-420_sub-sampling-100000_transformation-cofactor-150	1e+05	dgcytof	DGCyTOF	drop-both	.cf99b5bbf108239b5579ea572773bd79f2991aa4794838d0cb51fe27dd533bc3	Drop ungated training + test	5	5	1	complete	balanced_accuracy	0.9816526043054309	5	Macro one-vs-rest balanced accuracy	arithmetic mean across accepted effective folds with a defined score for this metric	known-population-open-set-v1
FR-FCM-Z2KP-healthy	FR-FCM-Z2KP-healthy	dataset_name-FR-FCM-Z2KP-healthy_dataset-revision-67990f383ac8f169c9a00148febba1ed357e18e8_name-data_import.data_raw_potential-batches-1_seed-42_transformation-cofactor-150	not_applicable	dgcytof	DGCyTOF	drop-both	.cf99b5bbf108239b5579ea572773bd79f2991aa4794838d0cb51fe27dd533bc3	Drop ungated training + test	5	5	1	complete	balanced_accuracy	0.9886731810666717	5	Macro one-vs-rest balanced accuracy	arithmetic mean across accepted effective folds with a defined score for this metric	known-population-open-set-v1
FR-FCM-Z3YR	FR-FCM-Z3YR	dataset_name-FR-FCM-Z3YR_dataset-revision-67990f383ac8f169c9a00148febba1ed357e18e8_name-data_import.data_raw_potential-batches-1_seed-42_transformation-cofactor-5	not_applicable	dgcytof	DGCyTOF	drop-both	.cf99b5bbf108239b5579ea572773bd79f2991aa4794838d0cb51fe27dd533bc3	Drop ungated training + test	5	5	1	complete	balanced_accuracy	0.8569108550227216	5	Macro one-vs-rest balanced accuracy	arithmetic mean across accepted effective folds with a defined score for this metric	known-population-open-set-v1
FR-FCM-Z7CH-BALBc	FR-FCM-Z7CH-BALBc	dataset_name-FR-FCM-Z7CH-BALBc_dataset-revision-4bf02d6adbe55785ca855b57274aa37b8dc843ae_name-data_import.data_raw_potential-batches-1_seed-42_transformation-cofactor-150	not_applicable	dgcytof	DGCyTOF	drop-both	.cf99b5bbf108239b5579ea572773bd79f2991aa4794838d0cb51fe27dd533bc3	Drop ungated training + test	5	5	1	complete	balanced_accuracy	0.9758320772092163	5	Macro one-vs-rest balanced accuracy	arithmetic mean across accepted effective folds with a defined score for this metric	known-population-open-set-v1
FR-FCM-Z7CH-C57BL6	FR-FCM-Z7CH-C57BL6	dataset_name-FR-FCM-Z7CH-C57BL6_dataset-revision-4bf02d6adbe55785ca855b57274aa37b8dc843ae_name-data_import.data_raw_potential-batches-1_seed-42_transformation-cofactor-150	not_applicable	dgcytof	DGCyTOF	drop-both	.cf99b5bbf108239b5579ea572773bd79f2991aa4794838d0cb51fe27dd533bc3	Drop ungated training + test	5	5	1	complete	balanced_accuracy	0.9812518650470397	5	Macro one-vs-rest balanced accuracy	arithmetic mean across accepted effective folds with a defined score for this metric	known-population-open-set-v1
FR-FCM-ZY34	FR-FCM-ZY34	dataset_name-FR-FCM-ZY34_dataset-revision-67990f383ac8f169c9a00148febba1ed357e18e8_name-data_import.data_raw_potential-batches-1_seed-42_transformation-cofactor-150	not_applicable	dgcytof	DGCyTOF	drop-both	.cf99b5bbf108239b5579ea572773bd79f2991aa4794838d0cb51fe27dd533bc3	Drop ungated training + test	5	5	1	complete	balanced_accuracy	0.6904850005294981	5	Macro one-vs-rest balanced accuracy	arithmetic mean across accepted effective folds with a defined score for this metric	known-population-open-set-v1
FR-FCM-ZYVT	FR-FCM-ZYVT	dataset_name-FR-FCM-ZYVT_dataset-revision-67990f383ac8f169c9a00148febba1ed357e18e8_name-data_import.data_raw_potential-batches-1_seed-42_transformation-cofactor-150	not_applicable	dgcytof	DGCyTOF	drop-both	.cf99b5bbf108239b5579ea572773bd79f2991aa4794838d0cb51fe27dd533bc3	Drop ungated training + test	5	5	1	complete	balanced_accuracy	0.7863822931772346	5	Macro one-vs-rest balanced accuracy	arithmetic mean across accepted effective folds with a defined score for this metric	known-population-open-set-v1
FlowCyt	FlowCyt	dataset_name-FlowCyt_dataset-revision-67990f383ac8f169c9a00148febba1ed357e18e8_name-data_import.data_raw_potential-batches-1_seed-42_transformation-cofactor-150	not_applicable	dgcytof	DGCyTOF	drop-both	.cf99b5bbf108239b5579ea572773bd79f2991aa4794838d0cb51fe27dd533bc3	Drop ungated training + test	5	5	1	complete	balanced_accuracy	0.954214836876042	5	Macro one-vs-rest balanced accuracy	arithmetic mean across accepted effective folds with a defined score for this metric	known-population-open-set-v1
Levine	Levine	dataset_name-Levine_dataset-revision-67990f383ac8f169c9a00148febba1ed357e18e8_name-data_import.data_raw_potential-batches-1_seed-42_transformation-cofactor-5	not_applicable	dgcytof	DGCyTOF	drop-both	.cf99b5bbf108239b5579ea572773bd79f2991aa4794838d0cb51fe27dd533bc3	Drop ungated training + test	2	2	1	complete	balanced_accuracy	0.9756141347094698	2	Macro one-vs-rest balanced accuracy	arithmetic mean across accepted effective folds with a defined score for this metric	known-population-open-set-v1
Samusik	Samusik	dataset_name-Samusik_dataset-revision-67990f383ac8f169c9a00148febba1ed357e18e8_name-data_import.data_raw_potential-batches-1_seed-42_transformation-cofactor-5	not_applicable	dgcytof	DGCyTOF	drop-both	.cf99b5bbf108239b5579ea572773bd79f2991aa4794838d0cb51fe27dd533bc3	Drop ungated training + test	5	5	1	complete	balanced_accuracy	0.9531800252483222	5	Macro one-vs-rest balanced accuracy	arithmetic mean across accepted effective folds with a defined score for this metric	known-population-open-set-v1
15723074	15723074	dataset_name-15723074_dataset-revision-4bf02d6adbe55785ca855b57274aa37b8dc843ae_name-data_import.data_raw_potential-batches-1_seed-42_transformation-cofactor-150	not_applicable	gatemeclass[E]	GateMeClass [E]	drop-both	.cf99b5bbf108239b5579ea572773bd79f2991aa4794838d0cb51fe27dd533bc3	Drop ungated training + test	5	5	1	complete	balanced_accuracy	0.9743346768749621	5	Macro one-vs-rest balanced accuracy	arithmetic mean across accepted effective folds with a defined score for this metric	known-population-open-set-v1
BodenmillerXL	BodenmillerXL	dataset_name-BodenmillerXL_dataset-revision-67990f383ac8f169c9a00148febba1ed357e18e8_name-data_import.data_raw_potential-batches-1_seed-42_transformation-cofactor-5	not_applicable	gatemeclass[E]	GateMeClass [E]	drop-both	.cf99b5bbf108239b5579ea572773bd79f2991aa4794838d0cb51fe27dd533bc3	Drop ungated training + test	5	5	1	complete	balanced_accuracy	0.8370467237224744	5	Macro one-vs-rest balanced accuracy	arithmetic mean across accepted effective folds with a defined score for this metric	known-population-open-set-v1
FR-FCM-Z238	FR-FCM-Z238	dataset_name-FR-FCM-Z238_dataset-revision-67990f383ac8f169c9a00148febba1ed357e18e8_name-data_import.data_raw_potential-batches-1_seed-42_transformation-cofactor-5	not_applicable	gatemeclass[E]	GateMeClass [E]	drop-both	.cf99b5bbf108239b5579ea572773bd79f2991aa4794838d0cb51fe27dd533bc3	Drop ungated training + test	0	5	0	incomplete	balanced_accuracy	NA	0	Macro one-vs-rest balanced accuracy	arithmetic mean across accepted effective folds with a defined score for this metric	known-population-open-set-v1
FR-FCM-Z2KP-covid	FR-FCM-Z2KP-covid	dataset_name-FR-FCM-Z2KP-covid_dataset-revision-67990f383ac8f169c9a00148febba1ed357e18e8_name-data_import.data_raw_potential-batches-1_seed-42_transformation-cofactor-150	not_applicable	gatemeclass[E]	GateMeClass [E]	drop-both	.cf99b5bbf108239b5579ea572773bd79f2991aa4794838d0cb51fe27dd533bc3	Drop ungated training + test	0	5	0	incomplete	balanced_accuracy	NA	0	Macro one-vs-rest balanced accuracy	arithmetic mean across accepted effective folds with a defined score for this metric	known-population-open-set-v1
FR-FCM-Z2KP-healthy	FR-FCM-Z2KP-healthy (n=1k)	dataset_name-FR-FCM-Z2KP-healthy_dataset-revision-67990f383ac8f169c9a00148febba1ed357e18e8_name-data_import.data_raw_potential-batches-1_seed-420_sub-sampling-1000_transformation-cofactor-150	1000	gatemeclass[E]	GateMeClass [E]	drop-both	.cf99b5bbf108239b5579ea572773bd79f2991aa4794838d0cb51fe27dd533bc3	Drop ungated training + test	5	5	1	complete	balanced_accuracy	0.8626001394966807	5	Macro one-vs-rest balanced accuracy	arithmetic mean across accepted effective folds with a defined score for this metric	known-population-open-set-v1
FR-FCM-Z2KP-healthy	FR-FCM-Z2KP-healthy (n=5k)	dataset_name-FR-FCM-Z2KP-healthy_dataset-revision-67990f383ac8f169c9a00148febba1ed357e18e8_name-data_import.data_raw_potential-batches-1_seed-420_sub-sampling-5000_transformation-cofactor-150	5000	gatemeclass[E]	GateMeClass [E]	drop-both	.cf99b5bbf108239b5579ea572773bd79f2991aa4794838d0cb51fe27dd533bc3	Drop ungated training + test	5	5	1	complete	balanced_accuracy	0.8272011837717177	5	Macro one-vs-rest balanced accuracy	arithmetic mean across accepted effective folds with a defined score for this metric	known-population-open-set-v1
FR-FCM-Z2KP-healthy	FR-FCM-Z2KP-healthy (n=10k)	dataset_name-FR-FCM-Z2KP-healthy_dataset-revision-67990f383ac8f169c9a00148febba1ed357e18e8_name-data_import.data_raw_potential-batches-1_seed-420_sub-sampling-10000_transformation-cofactor-150	10000	gatemeclass[E]	GateMeClass [E]	drop-both	.cf99b5bbf108239b5579ea572773bd79f2991aa4794838d0cb51fe27dd533bc3	Drop ungated training + test	5	5	1	complete	balanced_accuracy	0.8396841203135913	5	Macro one-vs-rest balanced accuracy	arithmetic mean across accepted effective folds with a defined score for this metric	known-population-open-set-v1
FR-FCM-Z2KP-healthy	FR-FCM-Z2KP-healthy (n=50k)	dataset_name-FR-FCM-Z2KP-healthy_dataset-revision-67990f383ac8f169c9a00148febba1ed357e18e8_name-data_import.data_raw_potential-batches-1_seed-420_sub-sampling-50000_transformation-cofactor-150	50000	gatemeclass[E]	GateMeClass [E]	drop-both	.cf99b5bbf108239b5579ea572773bd79f2991aa4794838d0cb51fe27dd533bc3	Drop ungated training + test	5	5	1	complete	balanced_accuracy	0.8449991003151683	5	Macro one-vs-rest balanced accuracy	arithmetic mean across accepted effective folds with a defined score for this metric	known-population-open-set-v1
FR-FCM-Z2KP-healthy	FR-FCM-Z2KP-healthy (n=100k)	dataset_name-FR-FCM-Z2KP-healthy_dataset-revision-67990f383ac8f169c9a00148febba1ed357e18e8_name-data_import.data_raw_potential-batches-1_seed-420_sub-sampling-100000_transformation-cofactor-150	1e+05	gatemeclass[E]	GateMeClass [E]	drop-both	.cf99b5bbf108239b5579ea572773bd79f2991aa4794838d0cb51fe27dd533bc3	Drop ungated training + test	5	5	1	complete	balanced_accuracy	0.8228305004842695	5	Macro one-vs-rest balanced accuracy	arithmetic mean across accepted effective folds with a defined score for this metric	known-population-open-set-v1
FR-FCM-Z2KP-healthy	FR-FCM-Z2KP-healthy	dataset_name-FR-FCM-Z2KP-healthy_dataset-revision-67990f383ac8f169c9a00148febba1ed357e18e8_name-data_import.data_raw_potential-batches-1_seed-42_transformation-cofactor-150	not_applicable	gatemeclass[E]	GateMeClass [E]	drop-both	.cf99b5bbf108239b5579ea572773bd79f2991aa4794838d0cb51fe27dd533bc3	Drop ungated training + test	5	5	1	complete	balanced_accuracy	0.8364001530156489	5	Macro one-vs-rest balanced accuracy	arithmetic mean across accepted effective folds with a defined score for this metric	known-population-open-set-v1
FR-FCM-Z3YR	FR-FCM-Z3YR	dataset_name-FR-FCM-Z3YR_dataset-revision-67990f383ac8f169c9a00148febba1ed357e18e8_name-data_import.data_raw_potential-batches-1_seed-42_transformation-cofactor-5	not_applicable	gatemeclass[E]	GateMeClass [E]	drop-both	.cf99b5bbf108239b5579ea572773bd79f2991aa4794838d0cb51fe27dd533bc3	Drop ungated training + test	0	5	0	incomplete	balanced_accuracy	NA	0	Macro one-vs-rest balanced accuracy	arithmetic mean across accepted effective folds with a defined score for this metric	known-population-open-set-v1
FR-FCM-Z7CH-BALBc	FR-FCM-Z7CH-BALBc	dataset_name-FR-FCM-Z7CH-BALBc_dataset-revision-4bf02d6adbe55785ca855b57274aa37b8dc843ae_name-data_import.data_raw_potential-batches-1_seed-42_transformation-cofactor-150	not_applicable	gatemeclass[E]	GateMeClass [E]	drop-both	.cf99b5bbf108239b5579ea572773bd79f2991aa4794838d0cb51fe27dd533bc3	Drop ungated training + test	5	5	1	complete	balanced_accuracy	0.9114264126873456	5	Macro one-vs-rest balanced accuracy	arithmetic mean across accepted effective folds with a defined score for this metric	known-population-open-set-v1
FR-FCM-Z7CH-C57BL6	FR-FCM-Z7CH-C57BL6	dataset_name-FR-FCM-Z7CH-C57BL6_dataset-revision-4bf02d6adbe55785ca855b57274aa37b8dc843ae_name-data_import.data_raw_potential-batches-1_seed-42_transformation-cofactor-150	not_applicable	gatemeclass[E]	GateMeClass [E]	drop-both	.cf99b5bbf108239b5579ea572773bd79f2991aa4794838d0cb51fe27dd533bc3	Drop ungated training + test	5	5	1	complete	balanced_accuracy	0.8348015809098083	5	Macro one-vs-rest balanced accuracy	arithmetic mean across accepted effective folds with a defined score for this metric	known-population-open-set-v1
FR-FCM-ZY34	FR-FCM-ZY34	dataset_name-FR-FCM-ZY34_dataset-revision-67990f383ac8f169c9a00148febba1ed357e18e8_name-data_import.data_raw_potential-batches-1_seed-42_transformation-cofactor-150	not_applicable	gatemeclass[E]	GateMeClass [E]	drop-both	.cf99b5bbf108239b5579ea572773bd79f2991aa4794838d0cb51fe27dd533bc3	Drop ungated training + test	5	5	1	complete	balanced_accuracy	0.6232184279672405	5	Macro one-vs-rest balanced accuracy	arithmetic mean across accepted effective folds with a defined score for this metric	known-population-open-set-v1
FR-FCM-ZYVT	FR-FCM-ZYVT	dataset_name-FR-FCM-ZYVT_dataset-revision-67990f383ac8f169c9a00148febba1ed357e18e8_name-data_import.data_raw_potential-batches-1_seed-42_transformation-cofactor-150	not_applicable	gatemeclass[E]	GateMeClass [E]	drop-both	.cf99b5bbf108239b5579ea572773bd79f2991aa4794838d0cb51fe27dd533bc3	Drop ungated training + test	5	5	1	complete	balanced_accuracy	0.8073354832309425	5	Macro one-vs-rest balanced accuracy	arithmetic mean across accepted effective folds with a defined score for this metric	known-population-open-set-v1
FlowCyt	FlowCyt	dataset_name-FlowCyt_dataset-revision-67990f383ac8f169c9a00148febba1ed357e18e8_name-data_import.data_raw_potential-batches-1_seed-42_transformation-cofactor-150	not_applicable	gatemeclass[E]	GateMeClass [E]	drop-both	.cf99b5bbf108239b5579ea572773bd79f2991aa4794838d0cb51fe27dd533bc3	Drop ungated training + test	0	5	0	incomplete	balanced_accuracy	NA	0	Macro one-vs-rest balanced accuracy	arithmetic mean across accepted effective folds with a defined score for this metric	known-population-open-set-v1
Levine	Levine	dataset_name-Levine_dataset-revision-67990f383ac8f169c9a00148febba1ed357e18e8_name-data_import.data_raw_potential-batches-1_seed-42_transformation-cofactor-5	not_applicable	gatemeclass[E]	GateMeClass [E]	drop-both	.cf99b5bbf108239b5579ea572773bd79f2991aa4794838d0cb51fe27dd533bc3	Drop ungated training + test	2	2	1	complete	balanced_accuracy	0.9403896308058054	2	Macro one-vs-rest balanced accuracy	arithmetic mean across accepted effective folds with a defined score for this metric	known-population-open-set-v1
Samusik	Samusik	dataset_name-Samusik_dataset-revision-67990f383ac8f169c9a00148febba1ed357e18e8_name-data_import.data_raw_potential-batches-1_seed-42_transformation-cofactor-5	not_applicable	gatemeclass[E]	GateMeClass [E]	drop-both	.cf99b5bbf108239b5579ea572773bd79f2991aa4794838d0cb51fe27dd533bc3	Drop ungated training + test	5	5	1	complete	balanced_accuracy	0.869419320458222	5	Macro one-vs-rest balanced accuracy	arithmetic mean across accepted effective folds with a defined score for this metric	known-population-open-set-v1
15723074	15723074	dataset_name-15723074_dataset-revision-4bf02d6adbe55785ca855b57274aa37b8dc843ae_name-data_import.data_raw_potential-batches-1_seed-42_transformation-cofactor-150	not_applicable	gatemeclass[V]	GateMeClass [V]	drop-both	.cf99b5bbf108239b5579ea572773bd79f2991aa4794838d0cb51fe27dd533bc3	Drop ungated training + test	5	5	1	complete	balanced_accuracy	0.8631048910025592	5	Macro one-vs-rest balanced accuracy	arithmetic mean across accepted effective folds with a defined score for this metric	known-population-open-set-v1
BodenmillerXL	BodenmillerXL	dataset_name-BodenmillerXL_dataset-revision-67990f383ac8f169c9a00148febba1ed357e18e8_name-data_import.data_raw_potential-batches-1_seed-42_transformation-cofactor-5	not_applicable	gatemeclass[V]	GateMeClass [V]	drop-both	.cf99b5bbf108239b5579ea572773bd79f2991aa4794838d0cb51fe27dd533bc3	Drop ungated training + test	5	5	1	complete	balanced_accuracy	0.7307872773079916	5	Macro one-vs-rest balanced accuracy	arithmetic mean across accepted effective folds with a defined score for this metric	known-population-open-set-v1
FR-FCM-Z238	FR-FCM-Z238	dataset_name-FR-FCM-Z238_dataset-revision-67990f383ac8f169c9a00148febba1ed357e18e8_name-data_import.data_raw_potential-batches-1_seed-42_transformation-cofactor-5	not_applicable	gatemeclass[V]	GateMeClass [V]	drop-both	.cf99b5bbf108239b5579ea572773bd79f2991aa4794838d0cb51fe27dd533bc3	Drop ungated training + test	0	5	0	incomplete	balanced_accuracy	NA	0	Macro one-vs-rest balanced accuracy	arithmetic mean across accepted effective folds with a defined score for this metric	known-population-open-set-v1
FR-FCM-Z2KP-covid	FR-FCM-Z2KP-covid	dataset_name-FR-FCM-Z2KP-covid_dataset-revision-67990f383ac8f169c9a00148febba1ed357e18e8_name-data_import.data_raw_potential-batches-1_seed-42_transformation-cofactor-150	not_applicable	gatemeclass[V]	GateMeClass [V]	drop-both	.cf99b5bbf108239b5579ea572773bd79f2991aa4794838d0cb51fe27dd533bc3	Drop ungated training + test	0	5	0	incomplete	balanced_accuracy	NA	0	Macro one-vs-rest balanced accuracy	arithmetic mean across accepted effective folds with a defined score for this metric	known-population-open-set-v1
FR-FCM-Z2KP-healthy	FR-FCM-Z2KP-healthy (n=1k)	dataset_name-FR-FCM-Z2KP-healthy_dataset-revision-67990f383ac8f169c9a00148febba1ed357e18e8_name-data_import.data_raw_potential-batches-1_seed-420_sub-sampling-1000_transformation-cofactor-150	1000	gatemeclass[V]	GateMeClass [V]	drop-both	.cf99b5bbf108239b5579ea572773bd79f2991aa4794838d0cb51fe27dd533bc3	Drop ungated training + test	5	5	1	complete	balanced_accuracy	0.8325270969948794	5	Macro one-vs-rest balanced accuracy	arithmetic mean across accepted effective folds with a defined score for this metric	known-population-open-set-v1
FR-FCM-Z2KP-healthy	FR-FCM-Z2KP-healthy (n=5k)	dataset_name-FR-FCM-Z2KP-healthy_dataset-revision-67990f383ac8f169c9a00148febba1ed357e18e8_name-data_import.data_raw_potential-batches-1_seed-420_sub-sampling-5000_transformation-cofactor-150	5000	gatemeclass[V]	GateMeClass [V]	drop-both	.cf99b5bbf108239b5579ea572773bd79f2991aa4794838d0cb51fe27dd533bc3	Drop ungated training + test	5	5	1	complete	balanced_accuracy	0.8570652500595646	5	Macro one-vs-rest balanced accuracy	arithmetic mean across accepted effective folds with a defined score for this metric	known-population-open-set-v1
FR-FCM-Z2KP-healthy	FR-FCM-Z2KP-healthy (n=10k)	dataset_name-FR-FCM-Z2KP-healthy_dataset-revision-67990f383ac8f169c9a00148febba1ed357e18e8_name-data_import.data_raw_potential-batches-1_seed-420_sub-sampling-10000_transformation-cofactor-150	10000	gatemeclass[V]	GateMeClass [V]	drop-both	.cf99b5bbf108239b5579ea572773bd79f2991aa4794838d0cb51fe27dd533bc3	Drop ungated training + test	5	5	1	complete	balanced_accuracy	0.8575458371367287	5	Macro one-vs-rest balanced accuracy	arithmetic mean across accepted effective folds with a defined score for this metric	known-population-open-set-v1
FR-FCM-Z2KP-healthy	FR-FCM-Z2KP-healthy (n=50k)	dataset_name-FR-FCM-Z2KP-healthy_dataset-revision-67990f383ac8f169c9a00148febba1ed357e18e8_name-data_import.data_raw_potential-batches-1_seed-420_sub-sampling-50000_transformation-cofactor-150	50000	gatemeclass[V]	GateMeClass [V]	drop-both	.cf99b5bbf108239b5579ea572773bd79f2991aa4794838d0cb51fe27dd533bc3	Drop ungated training + test	5	5	1	complete	balanced_accuracy	0.8196191544398688	5	Macro one-vs-rest balanced accuracy	arithmetic mean across accepted effective folds with a defined score for this metric	known-population-open-set-v1
FR-FCM-Z2KP-healthy	FR-FCM-Z2KP-healthy (n=100k)	dataset_name-FR-FCM-Z2KP-healthy_dataset-revision-67990f383ac8f169c9a00148febba1ed357e18e8_name-data_import.data_raw_potential-batches-1_seed-420_sub-sampling-100000_transformation-cofactor-150	1e+05	gatemeclass[V]	GateMeClass [V]	drop-both	.cf99b5bbf108239b5579ea572773bd79f2991aa4794838d0cb51fe27dd533bc3	Drop ungated training + test	5	5	1	complete	balanced_accuracy	0.8380798653785382	5	Macro one-vs-rest balanced accuracy	arithmetic mean across accepted effective folds with a defined score for this metric	known-population-open-set-v1
FR-FCM-Z2KP-healthy	FR-FCM-Z2KP-healthy	dataset_name-FR-FCM-Z2KP-healthy_dataset-revision-67990f383ac8f169c9a00148febba1ed357e18e8_name-data_import.data_raw_potential-batches-1_seed-42_transformation-cofactor-150	not_applicable	gatemeclass[V]	GateMeClass [V]	drop-both	.cf99b5bbf108239b5579ea572773bd79f2991aa4794838d0cb51fe27dd533bc3	Drop ungated training + test	5	5	1	complete	balanced_accuracy	0.8292995077307683	5	Macro one-vs-rest balanced accuracy	arithmetic mean across accepted effective folds with a defined score for this metric	known-population-open-set-v1
FR-FCM-Z3YR	FR-FCM-Z3YR	dataset_name-FR-FCM-Z3YR_dataset-revision-67990f383ac8f169c9a00148febba1ed357e18e8_name-data_import.data_raw_potential-batches-1_seed-42_transformation-cofactor-5	not_applicable	gatemeclass[V]	GateMeClass [V]	drop-both	.cf99b5bbf108239b5579ea572773bd79f2991aa4794838d0cb51fe27dd533bc3	Drop ungated training + test	0	5	0	incomplete	balanced_accuracy	NA	0	Macro one-vs-rest balanced accuracy	arithmetic mean across accepted effective folds with a defined score for this metric	known-population-open-set-v1
FR-FCM-Z7CH-BALBc	FR-FCM-Z7CH-BALBc	dataset_name-FR-FCM-Z7CH-BALBc_dataset-revision-4bf02d6adbe55785ca855b57274aa37b8dc843ae_name-data_import.data_raw_potential-batches-1_seed-42_transformation-cofactor-150	not_applicable	gatemeclass[V]	GateMeClass [V]	drop-both	.cf99b5bbf108239b5579ea572773bd79f2991aa4794838d0cb51fe27dd533bc3	Drop ungated training + test	5	5	1	complete	balanced_accuracy	0.912419851671619	5	Macro one-vs-rest balanced accuracy	arithmetic mean across accepted effective folds with a defined score for this metric	known-population-open-set-v1
FR-FCM-Z7CH-C57BL6	FR-FCM-Z7CH-C57BL6	dataset_name-FR-FCM-Z7CH-C57BL6_dataset-revision-4bf02d6adbe55785ca855b57274aa37b8dc843ae_name-data_import.data_raw_potential-batches-1_seed-42_transformation-cofactor-150	not_applicable	gatemeclass[V]	GateMeClass [V]	drop-both	.cf99b5bbf108239b5579ea572773bd79f2991aa4794838d0cb51fe27dd533bc3	Drop ungated training + test	5	5	1	complete	balanced_accuracy	0.9226164067054522	5	Macro one-vs-rest balanced accuracy	arithmetic mean across accepted effective folds with a defined score for this metric	known-population-open-set-v1
FR-FCM-ZY34	FR-FCM-ZY34	dataset_name-FR-FCM-ZY34_dataset-revision-67990f383ac8f169c9a00148febba1ed357e18e8_name-data_import.data_raw_potential-batches-1_seed-42_transformation-cofactor-150	not_applicable	gatemeclass[V]	GateMeClass [V]	drop-both	.cf99b5bbf108239b5579ea572773bd79f2991aa4794838d0cb51fe27dd533bc3	Drop ungated training + test	5	5	1	complete	balanced_accuracy	0.5863966518034348	5	Macro one-vs-rest balanced accuracy	arithmetic mean across accepted effective folds with a defined score for this metric	known-population-open-set-v1
FR-FCM-ZYVT	FR-FCM-ZYVT	dataset_name-FR-FCM-ZYVT_dataset-revision-67990f383ac8f169c9a00148febba1ed357e18e8_name-data_import.data_raw_potential-batches-1_seed-42_transformation-cofactor-150	not_applicable	gatemeclass[V]	GateMeClass [V]	drop-both	.cf99b5bbf108239b5579ea572773bd79f2991aa4794838d0cb51fe27dd533bc3	Drop ungated training + test	5	5	1	complete	balanced_accuracy	0.796945349159677	5	Macro one-vs-rest balanced accuracy	arithmetic mean across accepted effective folds with a defined score for this metric	known-population-open-set-v1
FlowCyt	FlowCyt	dataset_name-FlowCyt_dataset-revision-67990f383ac8f169c9a00148febba1ed357e18e8_name-data_import.data_raw_potential-batches-1_seed-42_transformation-cofactor-150	not_applicable	gatemeclass[V]	GateMeClass [V]	drop-both	.cf99b5bbf108239b5579ea572773bd79f2991aa4794838d0cb51fe27dd533bc3	Drop ungated training + test	0	5	0	incomplete	balanced_accuracy	NA	0	Macro one-vs-rest balanced accuracy	arithmetic mean across accepted effective folds with a defined score for this metric	known-population-open-set-v1
Levine	Levine	dataset_name-Levine_dataset-revision-67990f383ac8f169c9a00148febba1ed357e18e8_name-data_import.data_raw_potential-batches-1_seed-42_transformation-cofactor-5	not_applicable	gatemeclass[V]	GateMeClass [V]	drop-both	.cf99b5bbf108239b5579ea572773bd79f2991aa4794838d0cb51fe27dd533bc3	Drop ungated training + test	2	2	1	complete	balanced_accuracy	0.9271498848252332	2	Macro one-vs-rest balanced accuracy	arithmetic mean across accepted effective folds with a defined score for this metric	known-population-open-set-v1
Samusik	Samusik	dataset_name-Samusik_dataset-revision-67990f383ac8f169c9a00148febba1ed357e18e8_name-data_import.data_raw_potential-batches-1_seed-42_transformation-cofactor-5	not_applicable	gatemeclass[V]	GateMeClass [V]	drop-both	.cf99b5bbf108239b5579ea572773bd79f2991aa4794838d0cb51fe27dd533bc3	Drop ungated training + test	5	5	1	complete	balanced_accuracy	0.8440081137247123	5	Macro one-vs-rest balanced accuracy	arithmetic mean across accepted effective folds with a defined score for this metric	known-population-open-set-v1
15723074	15723074	dataset_name-15723074_dataset-revision-4bf02d6adbe55785ca855b57274aa37b8dc843ae_name-data_import.data_raw_potential-batches-1_seed-42_transformation-cofactor-150	not_applicable	knn	KNN	drop-both	.cf99b5bbf108239b5579ea572773bd79f2991aa4794838d0cb51fe27dd533bc3	Drop ungated training + test	5	5	1	complete	balanced_accuracy	0.8981685916729829	5	Macro one-vs-rest balanced accuracy	arithmetic mean across accepted effective folds with a defined score for this metric	known-population-open-set-v1
BodenmillerXL	BodenmillerXL	dataset_name-BodenmillerXL_dataset-revision-67990f383ac8f169c9a00148febba1ed357e18e8_name-data_import.data_raw_potential-batches-1_seed-42_transformation-cofactor-5	not_applicable	knn	KNN	drop-both	.cf99b5bbf108239b5579ea572773bd79f2991aa4794838d0cb51fe27dd533bc3	Drop ungated training + test	5	5	1	complete	balanced_accuracy	0.8408606065420825	5	Macro one-vs-rest balanced accuracy	arithmetic mean across accepted effective folds with a defined score for this metric	known-population-open-set-v1
FR-FCM-Z238	FR-FCM-Z238	dataset_name-FR-FCM-Z238_dataset-revision-67990f383ac8f169c9a00148febba1ed357e18e8_name-data_import.data_raw_potential-batches-1_seed-42_transformation-cofactor-5	not_applicable	knn	KNN	drop-both	.cf99b5bbf108239b5579ea572773bd79f2991aa4794838d0cb51fe27dd533bc3	Drop ungated training + test	5	5	1	complete	balanced_accuracy	0.7494006265175329	5	Macro one-vs-rest balanced accuracy	arithmetic mean across accepted effective folds with a defined score for this metric	known-population-open-set-v1
FR-FCM-Z2KP-covid	FR-FCM-Z2KP-covid	dataset_name-FR-FCM-Z2KP-covid_dataset-revision-67990f383ac8f169c9a00148febba1ed357e18e8_name-data_import.data_raw_potential-batches-1_seed-42_transformation-cofactor-150	not_applicable	knn	KNN	drop-both	.cf99b5bbf108239b5579ea572773bd79f2991aa4794838d0cb51fe27dd533bc3	Drop ungated training + test	5	5	1	complete	balanced_accuracy	0.8608815937587415	5	Macro one-vs-rest balanced accuracy	arithmetic mean across accepted effective folds with a defined score for this metric	known-population-open-set-v1
FR-FCM-Z2KP-healthy	FR-FCM-Z2KP-healthy (n=1k)	dataset_name-FR-FCM-Z2KP-healthy_dataset-revision-67990f383ac8f169c9a00148febba1ed357e18e8_name-data_import.data_raw_potential-batches-1_seed-420_sub-sampling-1000_transformation-cofactor-150	1000	knn	KNN	drop-both	.cf99b5bbf108239b5579ea572773bd79f2991aa4794838d0cb51fe27dd533bc3	Drop ungated training + test	5	5	1	complete	balanced_accuracy	0.8640953831803314	5	Macro one-vs-rest balanced accuracy	arithmetic mean across accepted effective folds with a defined score for this metric	known-population-open-set-v1
FR-FCM-Z2KP-healthy	FR-FCM-Z2KP-healthy (n=5k)	dataset_name-FR-FCM-Z2KP-healthy_dataset-revision-67990f383ac8f169c9a00148febba1ed357e18e8_name-data_import.data_raw_potential-batches-1_seed-420_sub-sampling-5000_transformation-cofactor-150	5000	knn	KNN	drop-both	.cf99b5bbf108239b5579ea572773bd79f2991aa4794838d0cb51fe27dd533bc3	Drop ungated training + test	5	5	1	complete	balanced_accuracy	0.860688031836972	5	Macro one-vs-rest balanced accuracy	arithmetic mean across accepted effective folds with a defined score for this metric	known-population-open-set-v1
FR-FCM-Z2KP-healthy	FR-FCM-Z2KP-healthy (n=10k)	dataset_name-FR-FCM-Z2KP-healthy_dataset-revision-67990f383ac8f169c9a00148febba1ed357e18e8_name-data_import.data_raw_potential-batches-1_seed-420_sub-sampling-10000_transformation-cofactor-150	10000	knn	KNN	drop-both	.cf99b5bbf108239b5579ea572773bd79f2991aa4794838d0cb51fe27dd533bc3	Drop ungated training + test	5	5	1	complete	balanced_accuracy	0.858225748685523	5	Macro one-vs-rest balanced accuracy	arithmetic mean across accepted effective folds with a defined score for this metric	known-population-open-set-v1
FR-FCM-Z2KP-healthy	FR-FCM-Z2KP-healthy (n=50k)	dataset_name-FR-FCM-Z2KP-healthy_dataset-revision-67990f383ac8f169c9a00148febba1ed357e18e8_name-data_import.data_raw_potential-batches-1_seed-420_sub-sampling-50000_transformation-cofactor-150	50000	knn	KNN	drop-both	.cf99b5bbf108239b5579ea572773bd79f2991aa4794838d0cb51fe27dd533bc3	Drop ungated training + test	5	5	1	complete	balanced_accuracy	0.8618513814439975	5	Macro one-vs-rest balanced accuracy	arithmetic mean across accepted effective folds with a defined score for this metric	known-population-open-set-v1
FR-FCM-Z2KP-healthy	FR-FCM-Z2KP-healthy (n=100k)	dataset_name-FR-FCM-Z2KP-healthy_dataset-revision-67990f383ac8f169c9a00148febba1ed357e18e8_name-data_import.data_raw_potential-batches-1_seed-420_sub-sampling-100000_transformation-cofactor-150	1e+05	knn	KNN	drop-both	.cf99b5bbf108239b5579ea572773bd79f2991aa4794838d0cb51fe27dd533bc3	Drop ungated training + test	5	5	1	complete	balanced_accuracy	0.8632626872254653	5	Macro one-vs-rest balanced accuracy	arithmetic mean across accepted effective folds with a defined score for this metric	known-population-open-set-v1
FR-FCM-Z2KP-healthy	FR-FCM-Z2KP-healthy	dataset_name-FR-FCM-Z2KP-healthy_dataset-revision-67990f383ac8f169c9a00148febba1ed357e18e8_name-data_import.data_raw_potential-batches-1_seed-42_transformation-cofactor-150	not_applicable	knn	KNN	drop-both	.cf99b5bbf108239b5579ea572773bd79f2991aa4794838d0cb51fe27dd533bc3	Drop ungated training + test	5	5	1	complete	balanced_accuracy	0.8647926658367582	5	Macro one-vs-rest balanced accuracy	arithmetic mean across accepted effective folds with a defined score for this metric	known-population-open-set-v1
FR-FCM-Z3YR	FR-FCM-Z3YR	dataset_name-FR-FCM-Z3YR_dataset-revision-67990f383ac8f169c9a00148febba1ed357e18e8_name-data_import.data_raw_potential-batches-1_seed-42_transformation-cofactor-5	not_applicable	knn	KNN	drop-both	.cf99b5bbf108239b5579ea572773bd79f2991aa4794838d0cb51fe27dd533bc3	Drop ungated training + test	5	5	1	complete	balanced_accuracy	0.8498484720707977	5	Macro one-vs-rest balanced accuracy	arithmetic mean across accepted effective folds with a defined score for this metric	known-population-open-set-v1
FR-FCM-Z7CH-BALBc	FR-FCM-Z7CH-BALBc	dataset_name-FR-FCM-Z7CH-BALBc_dataset-revision-4bf02d6adbe55785ca855b57274aa37b8dc843ae_name-data_import.data_raw_potential-batches-1_seed-42_transformation-cofactor-150	not_applicable	knn	KNN	drop-both	.cf99b5bbf108239b5579ea572773bd79f2991aa4794838d0cb51fe27dd533bc3	Drop ungated training + test	5	5	1	complete	balanced_accuracy	0.9058881060513021	5	Macro one-vs-rest balanced accuracy	arithmetic mean across accepted effective folds with a defined score for this metric	known-population-open-set-v1
FR-FCM-Z7CH-C57BL6	FR-FCM-Z7CH-C57BL6	dataset_name-FR-FCM-Z7CH-C57BL6_dataset-revision-4bf02d6adbe55785ca855b57274aa37b8dc843ae_name-data_import.data_raw_potential-batches-1_seed-42_transformation-cofactor-150	not_applicable	knn	KNN	drop-both	.cf99b5bbf108239b5579ea572773bd79f2991aa4794838d0cb51fe27dd533bc3	Drop ungated training + test	5	5	1	complete	balanced_accuracy	0.9158196141056091	5	Macro one-vs-rest balanced accuracy	arithmetic mean across accepted effective folds with a defined score for this metric	known-population-open-set-v1
FR-FCM-ZY34	FR-FCM-ZY34	dataset_name-FR-FCM-ZY34_dataset-revision-67990f383ac8f169c9a00148febba1ed357e18e8_name-data_import.data_raw_potential-batches-1_seed-42_transformation-cofactor-150	not_applicable	knn	KNN	drop-both	.cf99b5bbf108239b5579ea572773bd79f2991aa4794838d0cb51fe27dd533bc3	Drop ungated training + test	5	5	1	complete	balanced_accuracy	0.6127630418008896	5	Macro one-vs-rest balanced accuracy	arithmetic mean across accepted effective folds with a defined score for this metric	known-population-open-set-v1
FR-FCM-ZYVT	FR-FCM-ZYVT	dataset_name-FR-FCM-ZYVT_dataset-revision-67990f383ac8f169c9a00148febba1ed357e18e8_name-data_import.data_raw_potential-batches-1_seed-42_transformation-cofactor-150	not_applicable	knn	KNN	drop-both	.cf99b5bbf108239b5579ea572773bd79f2991aa4794838d0cb51fe27dd533bc3	Drop ungated training + test	5	5	1	complete	balanced_accuracy	0.8190373713007736	5	Macro one-vs-rest balanced accuracy	arithmetic mean across accepted effective folds with a defined score for this metric	known-population-open-set-v1
FlowCyt	FlowCyt	dataset_name-FlowCyt_dataset-revision-67990f383ac8f169c9a00148febba1ed357e18e8_name-data_import.data_raw_potential-batches-1_seed-42_transformation-cofactor-150	not_applicable	knn	KNN	drop-both	.cf99b5bbf108239b5579ea572773bd79f2991aa4794838d0cb51fe27dd533bc3	Drop ungated training + test	5	5	1	complete	balanced_accuracy	0.9535853268431796	5	Macro one-vs-rest balanced accuracy	arithmetic mean across accepted effective folds with a defined score for this metric	known-population-open-set-v1
Levine	Levine	dataset_name-Levine_dataset-revision-67990f383ac8f169c9a00148febba1ed357e18e8_name-data_import.data_raw_potential-batches-1_seed-42_transformation-cofactor-5	not_applicable	knn	KNN	drop-both	.cf99b5bbf108239b5579ea572773bd79f2991aa4794838d0cb51fe27dd533bc3	Drop ungated training + test	2	2	1	complete	balanced_accuracy	0.940991329441624	2	Macro one-vs-rest balanced accuracy	arithmetic mean across accepted effective folds with a defined score for this metric	known-population-open-set-v1
Samusik	Samusik	dataset_name-Samusik_dataset-revision-67990f383ac8f169c9a00148febba1ed357e18e8_name-data_import.data_raw_potential-batches-1_seed-42_transformation-cofactor-5	not_applicable	knn	KNN	drop-both	.cf99b5bbf108239b5579ea572773bd79f2991aa4794838d0cb51fe27dd533bc3	Drop ungated training + test	5	5	1	complete	balanced_accuracy	0.9024445984412264	5	Macro one-vs-rest balanced accuracy	arithmetic mean across accepted effective folds with a defined score for this metric	known-population-open-set-v1
15723074	15723074	dataset_name-15723074_dataset-revision-4bf02d6adbe55785ca855b57274aa37b8dc843ae_name-data_import.data_raw_potential-batches-1_seed-42_transformation-cofactor-150	not_applicable	lda	LDA	drop-both	.cf99b5bbf108239b5579ea572773bd79f2991aa4794838d0cb51fe27dd533bc3	Drop ungated training + test	5	5	1	complete	balanced_accuracy	0.8918394486278142	5	Macro one-vs-rest balanced accuracy	arithmetic mean across accepted effective folds with a defined score for this metric	known-population-open-set-v1
BodenmillerXL	BodenmillerXL	dataset_name-BodenmillerXL_dataset-revision-67990f383ac8f169c9a00148febba1ed357e18e8_name-data_import.data_raw_potential-batches-1_seed-42_transformation-cofactor-5	not_applicable	lda	LDA	drop-both	.cf99b5bbf108239b5579ea572773bd79f2991aa4794838d0cb51fe27dd533bc3	Drop ungated training + test	5	5	1	complete	balanced_accuracy	0.9033515559203807	5	Macro one-vs-rest balanced accuracy	arithmetic mean across accepted effective folds with a defined score for this metric	known-population-open-set-v1
FR-FCM-Z238	FR-FCM-Z238	dataset_name-FR-FCM-Z238_dataset-revision-67990f383ac8f169c9a00148febba1ed357e18e8_name-data_import.data_raw_potential-batches-1_seed-42_transformation-cofactor-5	not_applicable	lda	LDA	drop-both	.cf99b5bbf108239b5579ea572773bd79f2991aa4794838d0cb51fe27dd533bc3	Drop ungated training + test	5	5	1	complete	balanced_accuracy	0.828088779287602	5	Macro one-vs-rest balanced accuracy	arithmetic mean across accepted effective folds with a defined score for this metric	known-population-open-set-v1
FR-FCM-Z2KP-covid	FR-FCM-Z2KP-covid	dataset_name-FR-FCM-Z2KP-covid_dataset-revision-67990f383ac8f169c9a00148febba1ed357e18e8_name-data_import.data_raw_potential-batches-1_seed-42_transformation-cofactor-150	not_applicable	lda	LDA	drop-both	.cf99b5bbf108239b5579ea572773bd79f2991aa4794838d0cb51fe27dd533bc3	Drop ungated training + test	5	5	1	complete	balanced_accuracy	0.9199368076474257	5	Macro one-vs-rest balanced accuracy	arithmetic mean across accepted effective folds with a defined score for this metric	known-population-open-set-v1
FR-FCM-Z2KP-healthy	FR-FCM-Z2KP-healthy (n=1k)	dataset_name-FR-FCM-Z2KP-healthy_dataset-revision-67990f383ac8f169c9a00148febba1ed357e18e8_name-data_import.data_raw_potential-batches-1_seed-420_sub-sampling-1000_transformation-cofactor-150	1000	lda	LDA	drop-both	.cf99b5bbf108239b5579ea572773bd79f2991aa4794838d0cb51fe27dd533bc3	Drop ungated training + test	5	5	1	complete	balanced_accuracy	0.9221281639378538	5	Macro one-vs-rest balanced accuracy	arithmetic mean across accepted effective folds with a defined score for this metric	known-population-open-set-v1
FR-FCM-Z2KP-healthy	FR-FCM-Z2KP-healthy (n=5k)	dataset_name-FR-FCM-Z2KP-healthy_dataset-revision-67990f383ac8f169c9a00148febba1ed357e18e8_name-data_import.data_raw_potential-batches-1_seed-420_sub-sampling-5000_transformation-cofactor-150	5000	lda	LDA	drop-both	.cf99b5bbf108239b5579ea572773bd79f2991aa4794838d0cb51fe27dd533bc3	Drop ungated training + test	5	5	1	complete	balanced_accuracy	0.9263780783777379	5	Macro one-vs-rest balanced accuracy	arithmetic mean across accepted effective folds with a defined score for this metric	known-population-open-set-v1
FR-FCM-Z2KP-healthy	FR-FCM-Z2KP-healthy (n=10k)	dataset_name-FR-FCM-Z2KP-healthy_dataset-revision-67990f383ac8f169c9a00148febba1ed357e18e8_name-data_import.data_raw_potential-batches-1_seed-420_sub-sampling-10000_transformation-cofactor-150	10000	lda	LDA	drop-both	.cf99b5bbf108239b5579ea572773bd79f2991aa4794838d0cb51fe27dd533bc3	Drop ungated training + test	5	5	1	complete	balanced_accuracy	0.9284312418119154	5	Macro one-vs-rest balanced accuracy	arithmetic mean across accepted effective folds with a defined score for this metric	known-population-open-set-v1
FR-FCM-Z2KP-healthy	FR-FCM-Z2KP-healthy (n=50k)	dataset_name-FR-FCM-Z2KP-healthy_dataset-revision-67990f383ac8f169c9a00148febba1ed357e18e8_name-data_import.data_raw_potential-batches-1_seed-420_sub-sampling-50000_transformation-cofactor-150	50000	lda	LDA	drop-both	.cf99b5bbf108239b5579ea572773bd79f2991aa4794838d0cb51fe27dd533bc3	Drop ungated training + test	5	5	1	complete	balanced_accuracy	0.9275222527936705	5	Macro one-vs-rest balanced accuracy	arithmetic mean across accepted effective folds with a defined score for this metric	known-population-open-set-v1
FR-FCM-Z2KP-healthy	FR-FCM-Z2KP-healthy (n=100k)	dataset_name-FR-FCM-Z2KP-healthy_dataset-revision-67990f383ac8f169c9a00148febba1ed357e18e8_name-data_import.data_raw_potential-batches-1_seed-420_sub-sampling-100000_transformation-cofactor-150	1e+05	lda	LDA	drop-both	.cf99b5bbf108239b5579ea572773bd79f2991aa4794838d0cb51fe27dd533bc3	Drop ungated training + test	5	5	1	complete	balanced_accuracy	0.9274709845312193	5	Macro one-vs-rest balanced accuracy	arithmetic mean across accepted effective folds with a defined score for this metric	known-population-open-set-v1
FR-FCM-Z2KP-healthy	FR-FCM-Z2KP-healthy	dataset_name-FR-FCM-Z2KP-healthy_dataset-revision-67990f383ac8f169c9a00148febba1ed357e18e8_name-data_import.data_raw_potential-batches-1_seed-42_transformation-cofactor-150	not_applicable	lda	LDA	drop-both	.cf99b5bbf108239b5579ea572773bd79f2991aa4794838d0cb51fe27dd533bc3	Drop ungated training + test	5	5	1	complete	balanced_accuracy	0.9270188790713706	5	Macro one-vs-rest balanced accuracy	arithmetic mean across accepted effective folds with a defined score for this metric	known-population-open-set-v1
FR-FCM-Z3YR	FR-FCM-Z3YR	dataset_name-FR-FCM-Z3YR_dataset-revision-67990f383ac8f169c9a00148febba1ed357e18e8_name-data_import.data_raw_potential-batches-1_seed-42_transformation-cofactor-5	not_applicable	lda	LDA	drop-both	.cf99b5bbf108239b5579ea572773bd79f2991aa4794838d0cb51fe27dd533bc3	Drop ungated training + test	5	5	1	complete	balanced_accuracy	0.900736016814281	5	Macro one-vs-rest balanced accuracy	arithmetic mean across accepted effective folds with a defined score for this metric	known-population-open-set-v1
FR-FCM-Z7CH-BALBc	FR-FCM-Z7CH-BALBc	dataset_name-FR-FCM-Z7CH-BALBc_dataset-revision-4bf02d6adbe55785ca855b57274aa37b8dc843ae_name-data_import.data_raw_potential-batches-1_seed-42_transformation-cofactor-150	not_applicable	lda	LDA	drop-both	.cf99b5bbf108239b5579ea572773bd79f2991aa4794838d0cb51fe27dd533bc3	Drop ungated training + test	5	5	1	complete	balanced_accuracy	0.9625639258353328	5	Macro one-vs-rest balanced accuracy	arithmetic mean across accepted effective folds with a defined score for this metric	known-population-open-set-v1
FR-FCM-Z7CH-C57BL6	FR-FCM-Z7CH-C57BL6	dataset_name-FR-FCM-Z7CH-C57BL6_dataset-revision-4bf02d6adbe55785ca855b57274aa37b8dc843ae_name-data_import.data_raw_potential-batches-1_seed-42_transformation-cofactor-150	not_applicable	lda	LDA	drop-both	.cf99b5bbf108239b5579ea572773bd79f2991aa4794838d0cb51fe27dd533bc3	Drop ungated training + test	5	5	1	complete	balanced_accuracy	0.9466342846483944	5	Macro one-vs-rest balanced accuracy	arithmetic mean across accepted effective folds with a defined score for this metric	known-population-open-set-v1
FR-FCM-ZY34	FR-FCM-ZY34	dataset_name-FR-FCM-ZY34_dataset-revision-67990f383ac8f169c9a00148febba1ed357e18e8_name-data_import.data_raw_potential-batches-1_seed-42_transformation-cofactor-150	not_applicable	lda	LDA	drop-both	.cf99b5bbf108239b5579ea572773bd79f2991aa4794838d0cb51fe27dd533bc3	Drop ungated training + test	5	5	1	complete	balanced_accuracy	0.6454866836580018	5	Macro one-vs-rest balanced accuracy	arithmetic mean across accepted effective folds with a defined score for this metric	known-population-open-set-v1
FR-FCM-ZYVT	FR-FCM-ZYVT	dataset_name-FR-FCM-ZYVT_dataset-revision-67990f383ac8f169c9a00148febba1ed357e18e8_name-data_import.data_raw_potential-batches-1_seed-42_transformation-cofactor-150	not_applicable	lda	LDA	drop-both	.cf99b5bbf108239b5579ea572773bd79f2991aa4794838d0cb51fe27dd533bc3	Drop ungated training + test	5	5	1	complete	balanced_accuracy	0.8445889962515393	5	Macro one-vs-rest balanced accuracy	arithmetic mean across accepted effective folds with a defined score for this metric	known-population-open-set-v1
FlowCyt	FlowCyt	dataset_name-FlowCyt_dataset-revision-67990f383ac8f169c9a00148febba1ed357e18e8_name-data_import.data_raw_potential-batches-1_seed-42_transformation-cofactor-150	not_applicable	lda	LDA	drop-both	.cf99b5bbf108239b5579ea572773bd79f2991aa4794838d0cb51fe27dd533bc3	Drop ungated training + test	5	5	1	complete	balanced_accuracy	0.9866542501519763	5	Macro one-vs-rest balanced accuracy	arithmetic mean across accepted effective folds with a defined score for this metric	known-population-open-set-v1
Levine	Levine	dataset_name-Levine_dataset-revision-67990f383ac8f169c9a00148febba1ed357e18e8_name-data_import.data_raw_potential-batches-1_seed-42_transformation-cofactor-5	not_applicable	lda	LDA	drop-both	.cf99b5bbf108239b5579ea572773bd79f2991aa4794838d0cb51fe27dd533bc3	Drop ungated training + test	2	2	1	complete	balanced_accuracy	0.9608243116253401	2	Macro one-vs-rest balanced accuracy	arithmetic mean across accepted effective folds with a defined score for this metric	known-population-open-set-v1
Samusik	Samusik	dataset_name-Samusik_dataset-revision-67990f383ac8f169c9a00148febba1ed357e18e8_name-data_import.data_raw_potential-batches-1_seed-42_transformation-cofactor-5	not_applicable	lda	LDA	drop-both	.cf99b5bbf108239b5579ea572773bd79f2991aa4794838d0cb51fe27dd533bc3	Drop ungated training + test	5	5	1	complete	balanced_accuracy	0.9388449166493162	5	Macro one-vs-rest balanced accuracy	arithmetic mean across accepted effective folds with a defined score for this metric	known-population-open-set-v1
15723074	15723074	dataset_name-15723074_dataset-revision-4bf02d6adbe55785ca855b57274aa37b8dc843ae_name-data_import.data_raw_potential-batches-1_seed-42_transformation-cofactor-150	not_applicable	random	Random	drop-both	.cf99b5bbf108239b5579ea572773bd79f2991aa4794838d0cb51fe27dd533bc3	Drop ungated training + test	5	5	1	complete	balanced_accuracy	0.49912518420639	5	Macro one-vs-rest balanced accuracy	arithmetic mean across accepted effective folds with a defined score for this metric	known-population-open-set-v1
BodenmillerXL	BodenmillerXL	dataset_name-BodenmillerXL_dataset-revision-67990f383ac8f169c9a00148febba1ed357e18e8_name-data_import.data_raw_potential-batches-1_seed-42_transformation-cofactor-5	not_applicable	random	Random	drop-both	.cf99b5bbf108239b5579ea572773bd79f2991aa4794838d0cb51fe27dd533bc3	Drop ungated training + test	5	5	1	complete	balanced_accuracy	0.49980383526377037	5	Macro one-vs-rest balanced accuracy	arithmetic mean across accepted effective folds with a defined score for this metric	known-population-open-set-v1
FR-FCM-Z238	FR-FCM-Z238	dataset_name-FR-FCM-Z238_dataset-revision-67990f383ac8f169c9a00148febba1ed357e18e8_name-data_import.data_raw_potential-batches-1_seed-42_transformation-cofactor-5	not_applicable	random	Random	drop-both	.cf99b5bbf108239b5579ea572773bd79f2991aa4794838d0cb51fe27dd533bc3	Drop ungated training + test	5	5	1	complete	balanced_accuracy	0.4999621330842071	5	Macro one-vs-rest balanced accuracy	arithmetic mean across accepted effective folds with a defined score for this metric	known-population-open-set-v1
FR-FCM-Z2KP-covid	FR-FCM-Z2KP-covid	dataset_name-FR-FCM-Z2KP-covid_dataset-revision-67990f383ac8f169c9a00148febba1ed357e18e8_name-data_import.data_raw_potential-batches-1_seed-42_transformation-cofactor-150	not_applicable	random	Random	drop-both	.cf99b5bbf108239b5579ea572773bd79f2991aa4794838d0cb51fe27dd533bc3	Drop ungated training + test	5	5	1	complete	balanced_accuracy	0.500051115587514	5	Macro one-vs-rest balanced accuracy	arithmetic mean across accepted effective folds with a defined score for this metric	known-population-open-set-v1
FR-FCM-Z2KP-healthy	FR-FCM-Z2KP-healthy (n=1k)	dataset_name-FR-FCM-Z2KP-healthy_dataset-revision-67990f383ac8f169c9a00148febba1ed357e18e8_name-data_import.data_raw_potential-batches-1_seed-420_sub-sampling-1000_transformation-cofactor-150	1000	random	Random	drop-both	.cf99b5bbf108239b5579ea572773bd79f2991aa4794838d0cb51fe27dd533bc3	Drop ungated training + test	5	5	1	complete	balanced_accuracy	0.4996936624210423	5	Macro one-vs-rest balanced accuracy	arithmetic mean across accepted effective folds with a defined score for this metric	known-population-open-set-v1
FR-FCM-Z2KP-healthy	FR-FCM-Z2KP-healthy (n=5k)	dataset_name-FR-FCM-Z2KP-healthy_dataset-revision-67990f383ac8f169c9a00148febba1ed357e18e8_name-data_import.data_raw_potential-batches-1_seed-420_sub-sampling-5000_transformation-cofactor-150	5000	random	Random	drop-both	.cf99b5bbf108239b5579ea572773bd79f2991aa4794838d0cb51fe27dd533bc3	Drop ungated training + test	5	5	1	complete	balanced_accuracy	0.4998242691841803	5	Macro one-vs-rest balanced accuracy	arithmetic mean across accepted effective folds with a defined score for this metric	known-population-open-set-v1
FR-FCM-Z2KP-healthy	FR-FCM-Z2KP-healthy (n=10k)	dataset_name-FR-FCM-Z2KP-healthy_dataset-revision-67990f383ac8f169c9a00148febba1ed357e18e8_name-data_import.data_raw_potential-batches-1_seed-420_sub-sampling-10000_transformation-cofactor-150	10000	random	Random	drop-both	.cf99b5bbf108239b5579ea572773bd79f2991aa4794838d0cb51fe27dd533bc3	Drop ungated training + test	5	5	1	complete	balanced_accuracy	0.49988514581942783	5	Macro one-vs-rest balanced accuracy	arithmetic mean across accepted effective folds with a defined score for this metric	known-population-open-set-v1
FR-FCM-Z2KP-healthy	FR-FCM-Z2KP-healthy (n=50k)	dataset_name-FR-FCM-Z2KP-healthy_dataset-revision-67990f383ac8f169c9a00148febba1ed357e18e8_name-data_import.data_raw_potential-batches-1_seed-420_sub-sampling-50000_transformation-cofactor-150	50000	random	Random	drop-both	.cf99b5bbf108239b5579ea572773bd79f2991aa4794838d0cb51fe27dd533bc3	Drop ungated training + test	5	5	1	complete	balanced_accuracy	0.49996812238382393	5	Macro one-vs-rest balanced accuracy	arithmetic mean across accepted effective folds with a defined score for this metric	known-population-open-set-v1
FR-FCM-Z2KP-healthy	FR-FCM-Z2KP-healthy (n=100k)	dataset_name-FR-FCM-Z2KP-healthy_dataset-revision-67990f383ac8f169c9a00148febba1ed357e18e8_name-data_import.data_raw_potential-batches-1_seed-420_sub-sampling-100000_transformation-cofactor-150	1e+05	random	Random	drop-both	.cf99b5bbf108239b5579ea572773bd79f2991aa4794838d0cb51fe27dd533bc3	Drop ungated training + test	5	5	1	complete	balanced_accuracy	0.5000336236126915	5	Macro one-vs-rest balanced accuracy	arithmetic mean across accepted effective folds with a defined score for this metric	known-population-open-set-v1
FR-FCM-Z2KP-healthy	FR-FCM-Z2KP-healthy	dataset_name-FR-FCM-Z2KP-healthy_dataset-revision-67990f383ac8f169c9a00148febba1ed357e18e8_name-data_import.data_raw_potential-batches-1_seed-42_transformation-cofactor-150	not_applicable	random	Random	drop-both	.cf99b5bbf108239b5579ea572773bd79f2991aa4794838d0cb51fe27dd533bc3	Drop ungated training + test	5	5	1	complete	balanced_accuracy	0.5002645487103123	5	Macro one-vs-rest balanced accuracy	arithmetic mean across accepted effective folds with a defined score for this metric	known-population-open-set-v1
FR-FCM-Z3YR	FR-FCM-Z3YR	dataset_name-FR-FCM-Z3YR_dataset-revision-67990f383ac8f169c9a00148febba1ed357e18e8_name-data_import.data_raw_potential-batches-1_seed-42_transformation-cofactor-5	not_applicable	random	Random	drop-both	.cf99b5bbf108239b5579ea572773bd79f2991aa4794838d0cb51fe27dd533bc3	Drop ungated training + test	5	5	1	complete	balanced_accuracy	0.49992854273444387	5	Macro one-vs-rest balanced accuracy	arithmetic mean across accepted effective folds with a defined score for this metric	known-population-open-set-v1
FR-FCM-Z7CH-BALBc	FR-FCM-Z7CH-BALBc	dataset_name-FR-FCM-Z7CH-BALBc_dataset-revision-4bf02d6adbe55785ca855b57274aa37b8dc843ae_name-data_import.data_raw_potential-batches-1_seed-42_transformation-cofactor-150	not_applicable	random	Random	drop-both	.cf99b5bbf108239b5579ea572773bd79f2991aa4794838d0cb51fe27dd533bc3	Drop ungated training + test	5	5	1	complete	balanced_accuracy	0.4999499691271586	5	Macro one-vs-rest balanced accuracy	arithmetic mean across accepted effective folds with a defined score for this metric	known-population-open-set-v1
FR-FCM-Z7CH-C57BL6	FR-FCM-Z7CH-C57BL6	dataset_name-FR-FCM-Z7CH-C57BL6_dataset-revision-4bf02d6adbe55785ca855b57274aa37b8dc843ae_name-data_import.data_raw_potential-batches-1_seed-42_transformation-cofactor-150	not_applicable	random	Random	drop-both	.cf99b5bbf108239b5579ea572773bd79f2991aa4794838d0cb51fe27dd533bc3	Drop ungated training + test	5	5	1	complete	balanced_accuracy	0.5001484030625347	5	Macro one-vs-rest balanced accuracy	arithmetic mean across accepted effective folds with a defined score for this metric	known-population-open-set-v1
FR-FCM-ZY34	FR-FCM-ZY34	dataset_name-FR-FCM-ZY34_dataset-revision-67990f383ac8f169c9a00148febba1ed357e18e8_name-data_import.data_raw_potential-batches-1_seed-42_transformation-cofactor-150	not_applicable	random	Random	drop-both	.cf99b5bbf108239b5579ea572773bd79f2991aa4794838d0cb51fe27dd533bc3	Drop ungated training + test	5	5	1	complete	balanced_accuracy	0.5003406751947852	5	Macro one-vs-rest balanced accuracy	arithmetic mean across accepted effective folds with a defined score for this metric	known-population-open-set-v1
FR-FCM-ZYVT	FR-FCM-ZYVT	dataset_name-FR-FCM-ZYVT_dataset-revision-67990f383ac8f169c9a00148febba1ed357e18e8_name-data_import.data_raw_potential-batches-1_seed-42_transformation-cofactor-150	not_applicable	random	Random	drop-both	.cf99b5bbf108239b5579ea572773bd79f2991aa4794838d0cb51fe27dd533bc3	Drop ungated training + test	5	5	1	complete	balanced_accuracy	0.5004898693460793	5	Macro one-vs-rest balanced accuracy	arithmetic mean across accepted effective folds with a defined score for this metric	known-population-open-set-v1
FlowCyt	FlowCyt	dataset_name-FlowCyt_dataset-revision-67990f383ac8f169c9a00148febba1ed357e18e8_name-data_import.data_raw_potential-batches-1_seed-42_transformation-cofactor-150	not_applicable	random	Random	drop-both	.cf99b5bbf108239b5579ea572773bd79f2991aa4794838d0cb51fe27dd533bc3	Drop ungated training + test	5	5	1	complete	balanced_accuracy	0.49956246506980645	5	Macro one-vs-rest balanced accuracy	arithmetic mean across accepted effective folds with a defined score for this metric	known-population-open-set-v1
Levine	Levine	dataset_name-Levine_dataset-revision-67990f383ac8f169c9a00148febba1ed357e18e8_name-data_import.data_raw_potential-batches-1_seed-42_transformation-cofactor-5	not_applicable	random	Random	drop-both	.cf99b5bbf108239b5579ea572773bd79f2991aa4794838d0cb51fe27dd533bc3	Drop ungated training + test	2	2	1	complete	balanced_accuracy	0.4999102180216957	2	Macro one-vs-rest balanced accuracy	arithmetic mean across accepted effective folds with a defined score for this metric	known-population-open-set-v1
Samusik	Samusik	dataset_name-Samusik_dataset-revision-67990f383ac8f169c9a00148febba1ed357e18e8_name-data_import.data_raw_potential-batches-1_seed-42_transformation-cofactor-5	not_applicable	random	Random	drop-both	.cf99b5bbf108239b5579ea572773bd79f2991aa4794838d0cb51fe27dd533bc3	Drop ungated training + test	5	5	1	complete	balanced_accuracy	0.498894753724577	5	Macro one-vs-rest balanced accuracy	arithmetic mean across accepted effective folds with a defined score for this metric	known-population-open-set-v1
