dataset	model	stratification	crossvalidation	run_id	n_cells	n_populations	min_support	median_support	max_support	imbalance_ratio	support_entropy
dataset_name-15723074_dataset-revision-67990f383ac8f169c9a00148febba1ed357e18e8_name-data_import.data_raw_potential-batches-1_seed-42	cyanno	drop-both	num-1	run0	587254	8	2785	71191	169103	60.71921005385997	2.552800474111671
dataset_name-15723074_dataset-revision-67990f383ac8f169c9a00148febba1ed357e18e8_name-data_import.data_raw_potential-batches-1_seed-42	cyanno	drop-both	num-2	run0	640909	8	957	83326	222815	232.82654127481715	2.396024872990168
dataset_name-15723074_dataset-revision-67990f383ac8f169c9a00148febba1ed357e18e8_name-data_import.data_raw_potential-batches-1_seed-42	cyanno	drop-both	num-3	run0	669201	8	2712	79218	224620	82.8244837758112	2.498786477121835
dataset_name-15723074_dataset-revision-67990f383ac8f169c9a00148febba1ed357e18e8_name-data_import.data_raw_potential-batches-1_seed-42	cyanno	drop-both	num-4	run0	626922	8	2820	75688.5	196046	69.51985815602836	2.532382394982019
dataset_name-15723074_dataset-revision-67990f383ac8f169c9a00148febba1ed357e18e8_name-data_import.data_raw_potential-batches-1_seed-42	cyanno	drop-both	num-5	run0	560939	8	2677	65739	165415	61.79118416137467	2.486782876848897
dataset_name-15723074_dataset-revision-67990f383ac8f169c9a00148febba1ed357e18e8_name-data_import.data_raw_potential-batches-1_seed-42	cyanno	drop-train	num-1	run0	587254	8	2785	71191	169103	60.71921005385997	2.552800474111671
dataset_name-15723074_dataset-revision-67990f383ac8f169c9a00148febba1ed357e18e8_name-data_import.data_raw_potential-batches-1_seed-42	cyanno	drop-train	num-2	run0	640909	8	957	83326	222815	232.82654127481715	2.396024872990168
dataset_name-15723074_dataset-revision-67990f383ac8f169c9a00148febba1ed357e18e8_name-data_import.data_raw_potential-batches-1_seed-42	cyanno	drop-train	num-3	run0	669201	8	2712	79218	224620	82.8244837758112	2.498786477121835
dataset_name-15723074_dataset-revision-67990f383ac8f169c9a00148febba1ed357e18e8_name-data_import.data_raw_potential-batches-1_seed-42	cyanno	drop-train	num-4	run0	626922	8	2820	75688.5	196046	69.51985815602836	2.532382394982019
dataset_name-15723074_dataset-revision-67990f383ac8f169c9a00148febba1ed357e18e8_name-data_import.data_raw_potential-batches-1_seed-42	cyanno	drop-train	num-5	run0	560939	8	2677	65739	165415	61.79118416137467	2.486782876848897
dataset_name-15723074_dataset-revision-67990f383ac8f169c9a00148febba1ed357e18e8_name-data_import.data_raw_potential-batches-1_seed-42	cyanno	unfiltered	num-1	run0	587254	8	2785	71191	169103	60.71921005385997	2.552800474111671
dataset_name-15723074_dataset-revision-67990f383ac8f169c9a00148febba1ed357e18e8_name-data_import.data_raw_potential-batches-1_seed-42	cyanno	unfiltered	num-2	run0	640909	8	957	83326	222815	232.82654127481715	2.396024872990168
dataset_name-15723074_dataset-revision-67990f383ac8f169c9a00148febba1ed357e18e8_name-data_import.data_raw_potential-batches-1_seed-42	cyanno	unfiltered	num-3	run0	669201	8	2712	79218	224620	82.8244837758112	2.498786477121835
dataset_name-15723074_dataset-revision-67990f383ac8f169c9a00148febba1ed357e18e8_name-data_import.data_raw_potential-batches-1_seed-42	cyanno	unfiltered	num-4	run0	626922	8	2820	75688.5	196046	69.51985815602836	2.532382394982019
dataset_name-15723074_dataset-revision-67990f383ac8f169c9a00148febba1ed357e18e8_name-data_import.data_raw_potential-batches-1_seed-42	cyanno	unfiltered	num-5	run0	560939	8	2677	65739	165415	61.79118416137467	2.486782876848897
dataset_name-15723074_dataset-revision-67990f383ac8f169c9a00148febba1ed357e18e8_name-data_import.data_raw_potential-batches-1_seed-42	cydefine[3f57bdcdec41]	drop-both	num-1	run0	587254	8	2785	71191	169103	60.71921005385997	2.552800474111671
dataset_name-15723074_dataset-revision-67990f383ac8f169c9a00148febba1ed357e18e8_name-data_import.data_raw_potential-batches-1_seed-42	cydefine[3f57bdcdec41]	drop-both	num-2	run0	640909	8	957	83326	222815	232.82654127481715	2.396024872990168
dataset_name-15723074_dataset-revision-67990f383ac8f169c9a00148febba1ed357e18e8_name-data_import.data_raw_potential-batches-1_seed-42	cydefine[3f57bdcdec41]	drop-both	num-3	run0	669201	8	2712	79218	224620	82.8244837758112	2.498786477121835
dataset_name-15723074_dataset-revision-67990f383ac8f169c9a00148febba1ed357e18e8_name-data_import.data_raw_potential-batches-1_seed-42	cydefine[3f57bdcdec41]	drop-both	num-4	run0	626922	8	2820	75688.5	196046	69.51985815602836	2.532382394982019
dataset_name-15723074_dataset-revision-67990f383ac8f169c9a00148febba1ed357e18e8_name-data_import.data_raw_potential-batches-1_seed-42	cydefine[3f57bdcdec41]	drop-both	num-5	run0	560939	8	2677	65739	165415	61.79118416137467	2.486782876848897
dataset_name-15723074_dataset-revision-67990f383ac8f169c9a00148febba1ed357e18e8_name-data_import.data_raw_potential-batches-1_seed-42	cydefine[3f57bdcdec41]	drop-train	num-1	run0	587254	8	2785	71191	169103	60.71921005385997	2.552800474111671
dataset_name-15723074_dataset-revision-67990f383ac8f169c9a00148febba1ed357e18e8_name-data_import.data_raw_potential-batches-1_seed-42	cydefine[3f57bdcdec41]	drop-train	num-2	run0	640909	8	957	83326	222815	232.82654127481715	2.396024872990168
dataset_name-15723074_dataset-revision-67990f383ac8f169c9a00148febba1ed357e18e8_name-data_import.data_raw_potential-batches-1_seed-42	cydefine[3f57bdcdec41]	drop-train	num-3	run0	669201	8	2712	79218	224620	82.8244837758112	2.498786477121835
dataset_name-15723074_dataset-revision-67990f383ac8f169c9a00148febba1ed357e18e8_name-data_import.data_raw_potential-batches-1_seed-42	cydefine[3f57bdcdec41]	drop-train	num-4	run0	626922	8	2820	75688.5	196046	69.51985815602836	2.532382394982019
dataset_name-15723074_dataset-revision-67990f383ac8f169c9a00148febba1ed357e18e8_name-data_import.data_raw_potential-batches-1_seed-42	cydefine[3f57bdcdec41]	drop-train	num-5	run0	560939	8	2677	65739	165415	61.79118416137467	2.486782876848897
dataset_name-15723074_dataset-revision-67990f383ac8f169c9a00148febba1ed357e18e8_name-data_import.data_raw_potential-batches-1_seed-42	cydefine[3f57bdcdec41]	unfiltered	num-1	run0	587254	8	2785	71191	169103	60.71921005385997	2.552800474111671
dataset_name-15723074_dataset-revision-67990f383ac8f169c9a00148febba1ed357e18e8_name-data_import.data_raw_potential-batches-1_seed-42	cydefine[3f57bdcdec41]	unfiltered	num-2	run0	640909	8	957	83326	222815	232.82654127481715	2.396024872990168
dataset_name-15723074_dataset-revision-67990f383ac8f169c9a00148febba1ed357e18e8_name-data_import.data_raw_potential-batches-1_seed-42	cydefine[3f57bdcdec41]	unfiltered	num-3	run0	669201	8	2712	79218	224620	82.8244837758112	2.498786477121835
dataset_name-15723074_dataset-revision-67990f383ac8f169c9a00148febba1ed357e18e8_name-data_import.data_raw_potential-batches-1_seed-42	cydefine[3f57bdcdec41]	unfiltered	num-4	run0	626922	8	2820	75688.5	196046	69.51985815602836	2.532382394982019
dataset_name-15723074_dataset-revision-67990f383ac8f169c9a00148febba1ed357e18e8_name-data_import.data_raw_potential-batches-1_seed-42	cydefine[3f57bdcdec41]	unfiltered	num-5	run0	560939	8	2677	65739	165415	61.79118416137467	2.486782876848897
dataset_name-15723074_dataset-revision-67990f383ac8f169c9a00148febba1ed357e18e8_name-data_import.data_raw_potential-batches-1_seed-42	cygate	drop-both	num-1	run0	587254	8	2785	71191	169103	60.71921005385997	2.552800474111671
dataset_name-15723074_dataset-revision-67990f383ac8f169c9a00148febba1ed357e18e8_name-data_import.data_raw_potential-batches-1_seed-42	cygate	drop-both	num-2	run0	640909	8	957	83326	222815	232.82654127481715	2.396024872990168
dataset_name-15723074_dataset-revision-67990f383ac8f169c9a00148febba1ed357e18e8_name-data_import.data_raw_potential-batches-1_seed-42	cygate	drop-both	num-3	run0	669201	8	2712	79218	224620	82.8244837758112	2.498786477121835
dataset_name-15723074_dataset-revision-67990f383ac8f169c9a00148febba1ed357e18e8_name-data_import.data_raw_potential-batches-1_seed-42	cygate	drop-both	num-4	run0	626922	8	2820	75688.5	196046	69.51985815602836	2.532382394982019
dataset_name-15723074_dataset-revision-67990f383ac8f169c9a00148febba1ed357e18e8_name-data_import.data_raw_potential-batches-1_seed-42	cygate	drop-both	num-5	run0	560939	8	2677	65739	165415	61.79118416137467	2.486782876848897
dataset_name-15723074_dataset-revision-67990f383ac8f169c9a00148febba1ed357e18e8_name-data_import.data_raw_potential-batches-1_seed-42	cygate	drop-train	num-1	run0	587254	8	2785	71191	169103	60.71921005385997	2.552800474111671
dataset_name-15723074_dataset-revision-67990f383ac8f169c9a00148febba1ed357e18e8_name-data_import.data_raw_potential-batches-1_seed-42	cygate	drop-train	num-2	run0	640909	8	957	83326	222815	232.82654127481715	2.396024872990168
dataset_name-15723074_dataset-revision-67990f383ac8f169c9a00148febba1ed357e18e8_name-data_import.data_raw_potential-batches-1_seed-42	cygate	drop-train	num-3	run0	669201	8	2712	79218	224620	82.8244837758112	2.498786477121835
dataset_name-15723074_dataset-revision-67990f383ac8f169c9a00148febba1ed357e18e8_name-data_import.data_raw_potential-batches-1_seed-42	cygate	drop-train	num-4	run0	626922	8	2820	75688.5	196046	69.51985815602836	2.532382394982019
dataset_name-15723074_dataset-revision-67990f383ac8f169c9a00148febba1ed357e18e8_name-data_import.data_raw_potential-batches-1_seed-42	cygate	drop-train	num-5	run0	560939	8	2677	65739	165415	61.79118416137467	2.486782876848897
dataset_name-15723074_dataset-revision-67990f383ac8f169c9a00148febba1ed357e18e8_name-data_import.data_raw_potential-batches-1_seed-42	cygate	unfiltered	num-1	run0	587254	8	2785	71191	169103	60.71921005385997	2.552800474111671
dataset_name-15723074_dataset-revision-67990f383ac8f169c9a00148febba1ed357e18e8_name-data_import.data_raw_potential-batches-1_seed-42	cygate	unfiltered	num-2	run0	640909	8	957	83326	222815	232.82654127481715	2.396024872990168
dataset_name-15723074_dataset-revision-67990f383ac8f169c9a00148febba1ed357e18e8_name-data_import.data_raw_potential-batches-1_seed-42	cygate	unfiltered	num-3	run0	669201	8	2712	79218	224620	82.8244837758112	2.498786477121835
dataset_name-15723074_dataset-revision-67990f383ac8f169c9a00148febba1ed357e18e8_name-data_import.data_raw_potential-batches-1_seed-42	cygate	unfiltered	num-4	run0	626922	8	2820	75688.5	196046	69.51985815602836	2.532382394982019
dataset_name-15723074_dataset-revision-67990f383ac8f169c9a00148febba1ed357e18e8_name-data_import.data_raw_potential-batches-1_seed-42	cygate	unfiltered	num-5	run0	560939	8	2677	65739	165415	61.79118416137467	2.486782876848897
dataset_name-15723074_dataset-revision-67990f383ac8f169c9a00148febba1ed357e18e8_name-data_import.data_raw_potential-batches-1_seed-42	dgcytof	drop-both	num-1	run0	587254	8	2785	71191	169103	60.71921005385997	2.552800474111671
dataset_name-15723074_dataset-revision-67990f383ac8f169c9a00148febba1ed357e18e8_name-data_import.data_raw_potential-batches-1_seed-42	dgcytof	drop-both	num-2	run0	640909	8	957	83326	222815	232.82654127481715	2.396024872990168
dataset_name-15723074_dataset-revision-67990f383ac8f169c9a00148febba1ed357e18e8_name-data_import.data_raw_potential-batches-1_seed-42	dgcytof	drop-both	num-3	run0	669201	8	2712	79218	224620	82.8244837758112	2.498786477121835
dataset_name-15723074_dataset-revision-67990f383ac8f169c9a00148febba1ed357e18e8_name-data_import.data_raw_potential-batches-1_seed-42	dgcytof	drop-both	num-4	run0	626922	8	2820	75688.5	196046	69.51985815602836	2.532382394982019
dataset_name-15723074_dataset-revision-67990f383ac8f169c9a00148febba1ed357e18e8_name-data_import.data_raw_potential-batches-1_seed-42	dgcytof	drop-both	num-5	run0	560939	8	2677	65739	165415	61.79118416137467	2.486782876848897
dataset_name-15723074_dataset-revision-67990f383ac8f169c9a00148febba1ed357e18e8_name-data_import.data_raw_potential-batches-1_seed-42	dgcytof	drop-train	num-1	run0	587254	8	2785	71191	169103	60.71921005385997	2.552800474111671
dataset_name-15723074_dataset-revision-67990f383ac8f169c9a00148febba1ed357e18e8_name-data_import.data_raw_potential-batches-1_seed-42	dgcytof	drop-train	num-2	run0	640909	8	957	83326	222815	232.82654127481715	2.396024872990168
dataset_name-15723074_dataset-revision-67990f383ac8f169c9a00148febba1ed357e18e8_name-data_import.data_raw_potential-batches-1_seed-42	dgcytof	drop-train	num-3	run0	669201	8	2712	79218	224620	82.8244837758112	2.498786477121835
dataset_name-15723074_dataset-revision-67990f383ac8f169c9a00148febba1ed357e18e8_name-data_import.data_raw_potential-batches-1_seed-42	dgcytof	drop-train	num-4	run0	626922	8	2820	75688.5	196046	69.51985815602836	2.532382394982019
dataset_name-15723074_dataset-revision-67990f383ac8f169c9a00148febba1ed357e18e8_name-data_import.data_raw_potential-batches-1_seed-42	dgcytof	drop-train	num-5	run0	560939	8	2677	65739	165415	61.79118416137467	2.486782876848897
dataset_name-15723074_dataset-revision-67990f383ac8f169c9a00148febba1ed357e18e8_name-data_import.data_raw_potential-batches-1_seed-42	dgcytof	unfiltered	num-1	run0	587254	8	2785	71191	169103	60.71921005385997	2.552800474111671
dataset_name-15723074_dataset-revision-67990f383ac8f169c9a00148febba1ed357e18e8_name-data_import.data_raw_potential-batches-1_seed-42	dgcytof	unfiltered	num-2	run0	640909	8	957	83326	222815	232.82654127481715	2.396024872990168
dataset_name-15723074_dataset-revision-67990f383ac8f169c9a00148febba1ed357e18e8_name-data_import.data_raw_potential-batches-1_seed-42	dgcytof	unfiltered	num-3	run0	669201	8	2712	79218	224620	82.8244837758112	2.498786477121835
dataset_name-15723074_dataset-revision-67990f383ac8f169c9a00148febba1ed357e18e8_name-data_import.data_raw_potential-batches-1_seed-42	dgcytof	unfiltered	num-4	run0	626922	8	2820	75688.5	196046	69.51985815602836	2.532382394982019
dataset_name-15723074_dataset-revision-67990f383ac8f169c9a00148febba1ed357e18e8_name-data_import.data_raw_potential-batches-1_seed-42	dgcytof	unfiltered	num-5	run0	560939	8	2677	65739	165415	61.79118416137467	2.486782876848897
dataset_name-15723074_dataset-revision-67990f383ac8f169c9a00148febba1ed357e18e8_name-data_import.data_raw_potential-batches-1_seed-42	gatemeclass[E]	drop-both	num-1	run0	587254	8	2785	71191	169103	60.71921005385997	2.552800474111671
dataset_name-15723074_dataset-revision-67990f383ac8f169c9a00148febba1ed357e18e8_name-data_import.data_raw_potential-batches-1_seed-42	gatemeclass[E]	drop-both	num-2	run0	640909	8	957	83326	222815	232.82654127481715	2.396024872990168
dataset_name-15723074_dataset-revision-67990f383ac8f169c9a00148febba1ed357e18e8_name-data_import.data_raw_potential-batches-1_seed-42	gatemeclass[E]	drop-both	num-3	run0	669201	8	2712	79218	224620	82.8244837758112	2.498786477121835
dataset_name-15723074_dataset-revision-67990f383ac8f169c9a00148febba1ed357e18e8_name-data_import.data_raw_potential-batches-1_seed-42	gatemeclass[E]	drop-both	num-4	run0	626922	8	2820	75688.5	196046	69.51985815602836	2.532382394982019
dataset_name-15723074_dataset-revision-67990f383ac8f169c9a00148febba1ed357e18e8_name-data_import.data_raw_potential-batches-1_seed-42	gatemeclass[E]	drop-both	num-5	run0	560939	8	2677	65739	165415	61.79118416137467	2.486782876848897
dataset_name-15723074_dataset-revision-67990f383ac8f169c9a00148febba1ed357e18e8_name-data_import.data_raw_potential-batches-1_seed-42	gatemeclass[E]	drop-train	num-1	run0	587254	8	2785	71191	169103	60.71921005385997	2.552800474111671
dataset_name-15723074_dataset-revision-67990f383ac8f169c9a00148febba1ed357e18e8_name-data_import.data_raw_potential-batches-1_seed-42	gatemeclass[E]	drop-train	num-2	run0	640909	8	957	83326	222815	232.82654127481715	2.396024872990168
dataset_name-15723074_dataset-revision-67990f383ac8f169c9a00148febba1ed357e18e8_name-data_import.data_raw_potential-batches-1_seed-42	gatemeclass[E]	drop-train	num-3	run0	669201	8	2712	79218	224620	82.8244837758112	2.498786477121835
dataset_name-15723074_dataset-revision-67990f383ac8f169c9a00148febba1ed357e18e8_name-data_import.data_raw_potential-batches-1_seed-42	gatemeclass[E]	drop-train	num-4	run0	626922	8	2820	75688.5	196046	69.51985815602836	2.532382394982019
dataset_name-15723074_dataset-revision-67990f383ac8f169c9a00148febba1ed357e18e8_name-data_import.data_raw_potential-batches-1_seed-42	gatemeclass[E]	drop-train	num-5	run0	560939	8	2677	65739	165415	61.79118416137467	2.486782876848897
dataset_name-15723074_dataset-revision-67990f383ac8f169c9a00148febba1ed357e18e8_name-data_import.data_raw_potential-batches-1_seed-42	gatemeclass[E]	unfiltered	num-1	run0	587254	8	2785	71191	169103	60.71921005385997	2.552800474111671
dataset_name-15723074_dataset-revision-67990f383ac8f169c9a00148febba1ed357e18e8_name-data_import.data_raw_potential-batches-1_seed-42	gatemeclass[E]	unfiltered	num-2	run0	640909	8	957	83326	222815	232.82654127481715	2.396024872990168
dataset_name-15723074_dataset-revision-67990f383ac8f169c9a00148febba1ed357e18e8_name-data_import.data_raw_potential-batches-1_seed-42	gatemeclass[E]	unfiltered	num-3	run0	669201	8	2712	79218	224620	82.8244837758112	2.498786477121835
dataset_name-15723074_dataset-revision-67990f383ac8f169c9a00148febba1ed357e18e8_name-data_import.data_raw_potential-batches-1_seed-42	gatemeclass[E]	unfiltered	num-4	run0	626922	8	2820	75688.5	196046	69.51985815602836	2.532382394982019
dataset_name-15723074_dataset-revision-67990f383ac8f169c9a00148febba1ed357e18e8_name-data_import.data_raw_potential-batches-1_seed-42	gatemeclass[E]	unfiltered	num-5	run0	560939	8	2677	65739	165415	61.79118416137467	2.486782876848897
dataset_name-15723074_dataset-revision-67990f383ac8f169c9a00148febba1ed357e18e8_name-data_import.data_raw_potential-batches-1_seed-42	gatemeclass[V]	drop-both	num-1	run0	587254	8	2785	71191	169103	60.71921005385997	2.552800474111671
dataset_name-15723074_dataset-revision-67990f383ac8f169c9a00148febba1ed357e18e8_name-data_import.data_raw_potential-batches-1_seed-42	gatemeclass[V]	drop-both	num-2	run0	640909	8	957	83326	222815	232.82654127481715	2.396024872990168
dataset_name-15723074_dataset-revision-67990f383ac8f169c9a00148febba1ed357e18e8_name-data_import.data_raw_potential-batches-1_seed-42	gatemeclass[V]	drop-both	num-3	run0	669201	8	2712	79218	224620	82.8244837758112	2.498786477121835
dataset_name-15723074_dataset-revision-67990f383ac8f169c9a00148febba1ed357e18e8_name-data_import.data_raw_potential-batches-1_seed-42	gatemeclass[V]	drop-both	num-4	run0	626922	8	2820	75688.5	196046	69.51985815602836	2.532382394982019
dataset_name-15723074_dataset-revision-67990f383ac8f169c9a00148febba1ed357e18e8_name-data_import.data_raw_potential-batches-1_seed-42	gatemeclass[V]	drop-both	num-5	run0	560939	8	2677	65739	165415	61.79118416137467	2.486782876848897
dataset_name-15723074_dataset-revision-67990f383ac8f169c9a00148febba1ed357e18e8_name-data_import.data_raw_potential-batches-1_seed-42	gatemeclass[V]	drop-train	num-1	run0	587254	8	2785	71191	169103	60.71921005385997	2.552800474111671
dataset_name-15723074_dataset-revision-67990f383ac8f169c9a00148febba1ed357e18e8_name-data_import.data_raw_potential-batches-1_seed-42	gatemeclass[V]	drop-train	num-2	run0	640909	8	957	83326	222815	232.82654127481715	2.396024872990168
dataset_name-15723074_dataset-revision-67990f383ac8f169c9a00148febba1ed357e18e8_name-data_import.data_raw_potential-batches-1_seed-42	gatemeclass[V]	drop-train	num-3	run0	669201	8	2712	79218	224620	82.8244837758112	2.498786477121835
dataset_name-15723074_dataset-revision-67990f383ac8f169c9a00148febba1ed357e18e8_name-data_import.data_raw_potential-batches-1_seed-42	gatemeclass[V]	drop-train	num-4	run0	626922	8	2820	75688.5	196046	69.51985815602836	2.532382394982019
dataset_name-15723074_dataset-revision-67990f383ac8f169c9a00148febba1ed357e18e8_name-data_import.data_raw_potential-batches-1_seed-42	gatemeclass[V]	drop-train	num-5	run0	560939	8	2677	65739	165415	61.79118416137467	2.486782876848897
dataset_name-15723074_dataset-revision-67990f383ac8f169c9a00148febba1ed357e18e8_name-data_import.data_raw_potential-batches-1_seed-42	gatemeclass[V]	unfiltered	num-1	run0	587254	8	2785	71191	169103	60.71921005385997	2.552800474111671
dataset_name-15723074_dataset-revision-67990f383ac8f169c9a00148febba1ed357e18e8_name-data_import.data_raw_potential-batches-1_seed-42	gatemeclass[V]	unfiltered	num-2	run0	640909	8	957	83326	222815	232.82654127481715	2.396024872990168
dataset_name-15723074_dataset-revision-67990f383ac8f169c9a00148febba1ed357e18e8_name-data_import.data_raw_potential-batches-1_seed-42	gatemeclass[V]	unfiltered	num-3	run0	669201	8	2712	79218	224620	82.8244837758112	2.498786477121835
dataset_name-15723074_dataset-revision-67990f383ac8f169c9a00148febba1ed357e18e8_name-data_import.data_raw_potential-batches-1_seed-42	gatemeclass[V]	unfiltered	num-4	run0	626922	8	2820	75688.5	196046	69.51985815602836	2.532382394982019
dataset_name-15723074_dataset-revision-67990f383ac8f169c9a00148febba1ed357e18e8_name-data_import.data_raw_potential-batches-1_seed-42	gatemeclass[V]	unfiltered	num-5	run0	560939	8	2677	65739	165415	61.79118416137467	2.486782876848897
dataset_name-15723074_dataset-revision-67990f383ac8f169c9a00148febba1ed357e18e8_name-data_import.data_raw_potential-batches-1_seed-42	knn	drop-both	num-1	run0	587254	8	2785	71191	169103	60.71921005385997	2.552800474111671
dataset_name-15723074_dataset-revision-67990f383ac8f169c9a00148febba1ed357e18e8_name-data_import.data_raw_potential-batches-1_seed-42	knn	drop-both	num-2	run0	640909	8	957	83326	222815	232.82654127481715	2.396024872990168
dataset_name-15723074_dataset-revision-67990f383ac8f169c9a00148febba1ed357e18e8_name-data_import.data_raw_potential-batches-1_seed-42	knn	drop-both	num-3	run0	669201	8	2712	79218	224620	82.8244837758112	2.498786477121835
dataset_name-15723074_dataset-revision-67990f383ac8f169c9a00148febba1ed357e18e8_name-data_import.data_raw_potential-batches-1_seed-42	knn	drop-both	num-4	run0	626922	8	2820	75688.5	196046	69.51985815602836	2.532382394982019
dataset_name-15723074_dataset-revision-67990f383ac8f169c9a00148febba1ed357e18e8_name-data_import.data_raw_potential-batches-1_seed-42	knn	drop-both	num-5	run0	560939	8	2677	65739	165415	61.79118416137467	2.486782876848897
dataset_name-15723074_dataset-revision-67990f383ac8f169c9a00148febba1ed357e18e8_name-data_import.data_raw_potential-batches-1_seed-42	knn	drop-train	num-1	run0	587254	8	2785	71191	169103	60.71921005385997	2.552800474111671
dataset_name-15723074_dataset-revision-67990f383ac8f169c9a00148febba1ed357e18e8_name-data_import.data_raw_potential-batches-1_seed-42	knn	drop-train	num-2	run0	640909	8	957	83326	222815	232.82654127481715	2.396024872990168
dataset_name-15723074_dataset-revision-67990f383ac8f169c9a00148febba1ed357e18e8_name-data_import.data_raw_potential-batches-1_seed-42	knn	drop-train	num-3	run0	669201	8	2712	79218	224620	82.8244837758112	2.498786477121835
dataset_name-15723074_dataset-revision-67990f383ac8f169c9a00148febba1ed357e18e8_name-data_import.data_raw_potential-batches-1_seed-42	knn	drop-train	num-4	run0	626922	8	2820	75688.5	196046	69.51985815602836	2.532382394982019
dataset_name-15723074_dataset-revision-67990f383ac8f169c9a00148febba1ed357e18e8_name-data_import.data_raw_potential-batches-1_seed-42	knn	drop-train	num-5	run0	560939	8	2677	65739	165415	61.79118416137467	2.486782876848897
dataset_name-15723074_dataset-revision-67990f383ac8f169c9a00148febba1ed357e18e8_name-data_import.data_raw_potential-batches-1_seed-42	knn	unfiltered	num-1	run0	587254	8	2785	71191	169103	60.71921005385997	2.552800474111671
dataset_name-15723074_dataset-revision-67990f383ac8f169c9a00148febba1ed357e18e8_name-data_import.data_raw_potential-batches-1_seed-42	knn	unfiltered	num-2	run0	640909	8	957	83326	222815	232.82654127481715	2.396024872990168
dataset_name-15723074_dataset-revision-67990f383ac8f169c9a00148febba1ed357e18e8_name-data_import.data_raw_potential-batches-1_seed-42	knn	unfiltered	num-3	run0	669201	8	2712	79218	224620	82.8244837758112	2.498786477121835
dataset_name-15723074_dataset-revision-67990f383ac8f169c9a00148febba1ed357e18e8_name-data_import.data_raw_potential-batches-1_seed-42	knn	unfiltered	num-4	run0	626922	8	2820	75688.5	196046	69.51985815602836	2.532382394982019
dataset_name-15723074_dataset-revision-67990f383ac8f169c9a00148febba1ed357e18e8_name-data_import.data_raw_potential-batches-1_seed-42	knn	unfiltered	num-5	run0	560939	8	2677	65739	165415	61.79118416137467	2.486782876848897
dataset_name-15723074_dataset-revision-67990f383ac8f169c9a00148febba1ed357e18e8_name-data_import.data_raw_potential-batches-1_seed-42	lda	drop-both	num-1	run0	587254	8	2785	71191	169103	60.71921005385997	2.552800474111671
dataset_name-15723074_dataset-revision-67990f383ac8f169c9a00148febba1ed357e18e8_name-data_import.data_raw_potential-batches-1_seed-42	lda	drop-both	num-2	run0	640909	8	957	83326	222815	232.82654127481715	2.396024872990168
dataset_name-15723074_dataset-revision-67990f383ac8f169c9a00148febba1ed357e18e8_name-data_import.data_raw_potential-batches-1_seed-42	lda	drop-both	num-3	run0	669201	8	2712	79218	224620	82.8244837758112	2.498786477121835
dataset_name-15723074_dataset-revision-67990f383ac8f169c9a00148febba1ed357e18e8_name-data_import.data_raw_potential-batches-1_seed-42	lda	drop-both	num-4	run0	626922	8	2820	75688.5	196046	69.51985815602836	2.532382394982019
dataset_name-15723074_dataset-revision-67990f383ac8f169c9a00148febba1ed357e18e8_name-data_import.data_raw_potential-batches-1_seed-42	lda	drop-both	num-5	run0	560939	8	2677	65739	165415	61.79118416137467	2.486782876848897
dataset_name-15723074_dataset-revision-67990f383ac8f169c9a00148febba1ed357e18e8_name-data_import.data_raw_potential-batches-1_seed-42	lda	drop-train	num-1	run0	587254	8	2785	71191	169103	60.71921005385997	2.552800474111671
dataset_name-15723074_dataset-revision-67990f383ac8f169c9a00148febba1ed357e18e8_name-data_import.data_raw_potential-batches-1_seed-42	lda	drop-train	num-2	run0	640909	8	957	83326	222815	232.82654127481715	2.396024872990168
dataset_name-15723074_dataset-revision-67990f383ac8f169c9a00148febba1ed357e18e8_name-data_import.data_raw_potential-batches-1_seed-42	lda	drop-train	num-3	run0	669201	8	2712	79218	224620	82.8244837758112	2.498786477121835
dataset_name-15723074_dataset-revision-67990f383ac8f169c9a00148febba1ed357e18e8_name-data_import.data_raw_potential-batches-1_seed-42	lda	drop-train	num-4	run0	626922	8	2820	75688.5	196046	69.51985815602836	2.532382394982019
dataset_name-15723074_dataset-revision-67990f383ac8f169c9a00148febba1ed357e18e8_name-data_import.data_raw_potential-batches-1_seed-42	lda	drop-train	num-5	run0	560939	8	2677	65739	165415	61.79118416137467	2.486782876848897
dataset_name-15723074_dataset-revision-67990f383ac8f169c9a00148febba1ed357e18e8_name-data_import.data_raw_potential-batches-1_seed-42	lda	unfiltered	num-1	run0	587254	8	2785	71191	169103	60.71921005385997	2.552800474111671
dataset_name-15723074_dataset-revision-67990f383ac8f169c9a00148febba1ed357e18e8_name-data_import.data_raw_potential-batches-1_seed-42	lda	unfiltered	num-2	run0	640909	8	957	83326	222815	232.82654127481715	2.396024872990168
dataset_name-15723074_dataset-revision-67990f383ac8f169c9a00148febba1ed357e18e8_name-data_import.data_raw_potential-batches-1_seed-42	lda	unfiltered	num-3	run0	669201	8	2712	79218	224620	82.8244837758112	2.498786477121835
dataset_name-15723074_dataset-revision-67990f383ac8f169c9a00148febba1ed357e18e8_name-data_import.data_raw_potential-batches-1_seed-42	lda	unfiltered	num-4	run0	626922	8	2820	75688.5	196046	69.51985815602836	2.532382394982019
dataset_name-15723074_dataset-revision-67990f383ac8f169c9a00148febba1ed357e18e8_name-data_import.data_raw_potential-batches-1_seed-42	lda	unfiltered	num-5	run0	560939	8	2677	65739	165415	61.79118416137467	2.486782876848897
dataset_name-15723074_dataset-revision-67990f383ac8f169c9a00148febba1ed357e18e8_name-data_import.data_raw_potential-batches-1_seed-42	random	drop-both	num-1	run0	587254	8	2785	71191	169103	60.71921005385997	2.552800474111671
dataset_name-15723074_dataset-revision-67990f383ac8f169c9a00148febba1ed357e18e8_name-data_import.data_raw_potential-batches-1_seed-42	random	drop-both	num-2	run0	640909	8	957	83326	222815	232.82654127481715	2.396024872990168
dataset_name-15723074_dataset-revision-67990f383ac8f169c9a00148febba1ed357e18e8_name-data_import.data_raw_potential-batches-1_seed-42	random	drop-both	num-3	run0	669201	8	2712	79218	224620	82.8244837758112	2.498786477121835
dataset_name-15723074_dataset-revision-67990f383ac8f169c9a00148febba1ed357e18e8_name-data_import.data_raw_potential-batches-1_seed-42	random	drop-both	num-4	run0	626922	8	2820	75688.5	196046	69.51985815602836	2.532382394982019
dataset_name-15723074_dataset-revision-67990f383ac8f169c9a00148febba1ed357e18e8_name-data_import.data_raw_potential-batches-1_seed-42	random	drop-both	num-5	run0	560939	8	2677	65739	165415	61.79118416137467	2.486782876848897
dataset_name-15723074_dataset-revision-67990f383ac8f169c9a00148febba1ed357e18e8_name-data_import.data_raw_potential-batches-1_seed-42	random	drop-train	num-1	run0	587254	8	2785	71191	169103	60.71921005385997	2.552800474111671
dataset_name-15723074_dataset-revision-67990f383ac8f169c9a00148febba1ed357e18e8_name-data_import.data_raw_potential-batches-1_seed-42	random	drop-train	num-2	run0	640909	8	957	83326	222815	232.82654127481715	2.396024872990168
dataset_name-15723074_dataset-revision-67990f383ac8f169c9a00148febba1ed357e18e8_name-data_import.data_raw_potential-batches-1_seed-42	random	drop-train	num-3	run0	669201	8	2712	79218	224620	82.8244837758112	2.498786477121835
dataset_name-15723074_dataset-revision-67990f383ac8f169c9a00148febba1ed357e18e8_name-data_import.data_raw_potential-batches-1_seed-42	random	drop-train	num-4	run0	626922	8	2820	75688.5	196046	69.51985815602836	2.532382394982019
dataset_name-15723074_dataset-revision-67990f383ac8f169c9a00148febba1ed357e18e8_name-data_import.data_raw_potential-batches-1_seed-42	random	drop-train	num-5	run0	560939	8	2677	65739	165415	61.79118416137467	2.486782876848897
dataset_name-15723074_dataset-revision-67990f383ac8f169c9a00148febba1ed357e18e8_name-data_import.data_raw_potential-batches-1_seed-42	random	unfiltered	num-1	run0	587254	8	2785	71191	169103	60.71921005385997	2.552800474111671
dataset_name-15723074_dataset-revision-67990f383ac8f169c9a00148febba1ed357e18e8_name-data_import.data_raw_potential-batches-1_seed-42	random	unfiltered	num-2	run0	640909	8	957	83326	222815	232.82654127481715	2.396024872990168
dataset_name-15723074_dataset-revision-67990f383ac8f169c9a00148febba1ed357e18e8_name-data_import.data_raw_potential-batches-1_seed-42	random	unfiltered	num-3	run0	669201	8	2712	79218	224620	82.8244837758112	2.498786477121835
dataset_name-15723074_dataset-revision-67990f383ac8f169c9a00148febba1ed357e18e8_name-data_import.data_raw_potential-batches-1_seed-42	random	unfiltered	num-4	run0	626922	8	2820	75688.5	196046	69.51985815602836	2.532382394982019
dataset_name-15723074_dataset-revision-67990f383ac8f169c9a00148febba1ed357e18e8_name-data_import.data_raw_potential-batches-1_seed-42	random	unfiltered	num-5	run0	560939	8	2677	65739	165415	61.79118416137467	2.486782876848897
dataset_name-BodenmillerXL_dataset-revision-67990f383ac8f169c9a00148febba1ed357e18e8_name-data_import.data_raw_potential-batches-1_seed-42_transformation-cofactor-5	cyanno	drop-both	num-1	run0	165885	8	1900	11453.5	60654	31.923157894736843	2.2713277759194312
dataset_name-BodenmillerXL_dataset-revision-67990f383ac8f169c9a00148febba1ed357e18e8_name-data_import.data_raw_potential-batches-1_seed-42_transformation-cofactor-5	cyanno	drop-both	num-2	run0	160829	8	1784	11410.5	58299	32.678811659192824	2.275449350307967
dataset_name-BodenmillerXL_dataset-revision-67990f383ac8f169c9a00148febba1ed357e18e8_name-data_import.data_raw_potential-batches-1_seed-42_transformation-cofactor-5	cyanno	drop-both	num-3	run0	163357	8	1865	11448.5	59143	31.71206434316354	2.266821613603159
dataset_name-BodenmillerXL_dataset-revision-67990f383ac8f169c9a00148febba1ed357e18e8_name-data_import.data_raw_potential-batches-1_seed-42_transformation-cofactor-5	cyanno	drop-both	num-4	run0	163801	8	1851	11668	60032	32.43219881145327	2.275474363828249
dataset_name-BodenmillerXL_dataset-revision-67990f383ac8f169c9a00148febba1ed357e18e8_name-data_import.data_raw_potential-batches-1_seed-42_transformation-cofactor-5	cyanno	drop-both	num-5	run0	161138	8	1838	11932	59222	32.220892274211096	2.2862298259460023
dataset_name-BodenmillerXL_dataset-revision-67990f383ac8f169c9a00148febba1ed357e18e8_name-data_import.data_raw_potential-batches-1_seed-42_transformation-cofactor-5	cyanno	drop-train	num-1	run0	165885	8	1900	11453.5	60654	31.923157894736843	2.2713277759194312
dataset_name-BodenmillerXL_dataset-revision-67990f383ac8f169c9a00148febba1ed357e18e8_name-data_import.data_raw_potential-batches-1_seed-42_transformation-cofactor-5	cyanno	drop-train	num-2	run0	160829	8	1784	11410.5	58299	32.678811659192824	2.275449350307967
dataset_name-BodenmillerXL_dataset-revision-67990f383ac8f169c9a00148febba1ed357e18e8_name-data_import.data_raw_potential-batches-1_seed-42_transformation-cofactor-5	cyanno	drop-train	num-3	run0	163357	8	1865	11448.5	59143	31.71206434316354	2.266821613603159
dataset_name-BodenmillerXL_dataset-revision-67990f383ac8f169c9a00148febba1ed357e18e8_name-data_import.data_raw_potential-batches-1_seed-42_transformation-cofactor-5	cyanno	drop-train	num-4	run0	163801	8	1851	11668	60032	32.43219881145327	2.275474363828249
dataset_name-BodenmillerXL_dataset-revision-67990f383ac8f169c9a00148febba1ed357e18e8_name-data_import.data_raw_potential-batches-1_seed-42_transformation-cofactor-5	cyanno	drop-train	num-5	run0	161138	8	1838	11932	59222	32.220892274211096	2.2862298259460023
dataset_name-BodenmillerXL_dataset-revision-67990f383ac8f169c9a00148febba1ed357e18e8_name-data_import.data_raw_potential-batches-1_seed-42_transformation-cofactor-5	cyanno	unfiltered	num-1	run0	165885	8	1900	11453.5	60654	31.923157894736843	2.2713277759194312
dataset_name-BodenmillerXL_dataset-revision-67990f383ac8f169c9a00148febba1ed357e18e8_name-data_import.data_raw_potential-batches-1_seed-42_transformation-cofactor-5	cyanno	unfiltered	num-2	run0	160829	8	1784	11410.5	58299	32.678811659192824	2.275449350307967
dataset_name-BodenmillerXL_dataset-revision-67990f383ac8f169c9a00148febba1ed357e18e8_name-data_import.data_raw_potential-batches-1_seed-42_transformation-cofactor-5	cyanno	unfiltered	num-3	run0	163357	8	1865	11448.5	59143	31.71206434316354	2.266821613603159
dataset_name-BodenmillerXL_dataset-revision-67990f383ac8f169c9a00148febba1ed357e18e8_name-data_import.data_raw_potential-batches-1_seed-42_transformation-cofactor-5	cyanno	unfiltered	num-4	run0	163801	8	1851	11668	60032	32.43219881145327	2.275474363828249
dataset_name-BodenmillerXL_dataset-revision-67990f383ac8f169c9a00148febba1ed357e18e8_name-data_import.data_raw_potential-batches-1_seed-42_transformation-cofactor-5	cyanno	unfiltered	num-5	run0	161138	8	1838	11932	59222	32.220892274211096	2.2862298259460023
dataset_name-BodenmillerXL_dataset-revision-67990f383ac8f169c9a00148febba1ed357e18e8_name-data_import.data_raw_potential-batches-1_seed-42_transformation-cofactor-5	cydefine[3f57bdcdec41]	drop-both	num-1	run0	165885	8	1900	11453.5	60654	31.923157894736843	2.2713277759194312
dataset_name-BodenmillerXL_dataset-revision-67990f383ac8f169c9a00148febba1ed357e18e8_name-data_import.data_raw_potential-batches-1_seed-42_transformation-cofactor-5	cydefine[3f57bdcdec41]	drop-both	num-2	run0	160829	8	1784	11410.5	58299	32.678811659192824	2.275449350307967
dataset_name-BodenmillerXL_dataset-revision-67990f383ac8f169c9a00148febba1ed357e18e8_name-data_import.data_raw_potential-batches-1_seed-42_transformation-cofactor-5	cydefine[3f57bdcdec41]	drop-both	num-3	run0	163357	8	1865	11448.5	59143	31.71206434316354	2.266821613603159
dataset_name-BodenmillerXL_dataset-revision-67990f383ac8f169c9a00148febba1ed357e18e8_name-data_import.data_raw_potential-batches-1_seed-42_transformation-cofactor-5	cydefine[3f57bdcdec41]	drop-both	num-4	run0	163801	8	1851	11668	60032	32.43219881145327	2.275474363828249
dataset_name-BodenmillerXL_dataset-revision-67990f383ac8f169c9a00148febba1ed357e18e8_name-data_import.data_raw_potential-batches-1_seed-42_transformation-cofactor-5	cydefine[3f57bdcdec41]	drop-both	num-5	run0	161138	8	1838	11932	59222	32.220892274211096	2.2862298259460023
dataset_name-BodenmillerXL_dataset-revision-67990f383ac8f169c9a00148febba1ed357e18e8_name-data_import.data_raw_potential-batches-1_seed-42_transformation-cofactor-5	cydefine[3f57bdcdec41]	drop-train	num-1	run0	165885	8	1900	11453.5	60654	31.923157894736843	2.2713277759194312
dataset_name-BodenmillerXL_dataset-revision-67990f383ac8f169c9a00148febba1ed357e18e8_name-data_import.data_raw_potential-batches-1_seed-42_transformation-cofactor-5	cydefine[3f57bdcdec41]	drop-train	num-2	run0	160829	8	1784	11410.5	58299	32.678811659192824	2.275449350307967
dataset_name-BodenmillerXL_dataset-revision-67990f383ac8f169c9a00148febba1ed357e18e8_name-data_import.data_raw_potential-batches-1_seed-42_transformation-cofactor-5	cydefine[3f57bdcdec41]	drop-train	num-3	run0	163357	8	1865	11448.5	59143	31.71206434316354	2.266821613603159
dataset_name-BodenmillerXL_dataset-revision-67990f383ac8f169c9a00148febba1ed357e18e8_name-data_import.data_raw_potential-batches-1_seed-42_transformation-cofactor-5	cydefine[3f57bdcdec41]	drop-train	num-4	run0	163801	8	1851	11668	60032	32.43219881145327	2.275474363828249
dataset_name-BodenmillerXL_dataset-revision-67990f383ac8f169c9a00148febba1ed357e18e8_name-data_import.data_raw_potential-batches-1_seed-42_transformation-cofactor-5	cydefine[3f57bdcdec41]	drop-train	num-5	run0	161138	8	1838	11932	59222	32.220892274211096	2.2862298259460023
dataset_name-BodenmillerXL_dataset-revision-67990f383ac8f169c9a00148febba1ed357e18e8_name-data_import.data_raw_potential-batches-1_seed-42_transformation-cofactor-5	cydefine[3f57bdcdec41]	unfiltered	num-1	run0	165885	8	1900	11453.5	60654	31.923157894736843	2.2713277759194312
dataset_name-BodenmillerXL_dataset-revision-67990f383ac8f169c9a00148febba1ed357e18e8_name-data_import.data_raw_potential-batches-1_seed-42_transformation-cofactor-5	cydefine[3f57bdcdec41]	unfiltered	num-2	run0	160829	8	1784	11410.5	58299	32.678811659192824	2.275449350307967
dataset_name-BodenmillerXL_dataset-revision-67990f383ac8f169c9a00148febba1ed357e18e8_name-data_import.data_raw_potential-batches-1_seed-42_transformation-cofactor-5	cydefine[3f57bdcdec41]	unfiltered	num-3	run0	163357	8	1865	11448.5	59143	31.71206434316354	2.266821613603159
dataset_name-BodenmillerXL_dataset-revision-67990f383ac8f169c9a00148febba1ed357e18e8_name-data_import.data_raw_potential-batches-1_seed-42_transformation-cofactor-5	cydefine[3f57bdcdec41]	unfiltered	num-4	run0	163801	8	1851	11668	60032	32.43219881145327	2.275474363828249
dataset_name-BodenmillerXL_dataset-revision-67990f383ac8f169c9a00148febba1ed357e18e8_name-data_import.data_raw_potential-batches-1_seed-42_transformation-cofactor-5	cydefine[3f57bdcdec41]	unfiltered	num-5	run0	161138	8	1838	11932	59222	32.220892274211096	2.2862298259460023
dataset_name-BodenmillerXL_dataset-revision-67990f383ac8f169c9a00148febba1ed357e18e8_name-data_import.data_raw_potential-batches-1_seed-42_transformation-cofactor-5	cygate	drop-both	num-1	run0	165885	8	1900	11453.5	60654	31.923157894736843	2.2713277759194312
dataset_name-BodenmillerXL_dataset-revision-67990f383ac8f169c9a00148febba1ed357e18e8_name-data_import.data_raw_potential-batches-1_seed-42_transformation-cofactor-5	cygate	drop-both	num-2	run0	160829	8	1784	11410.5	58299	32.678811659192824	2.275449350307967
dataset_name-BodenmillerXL_dataset-revision-67990f383ac8f169c9a00148febba1ed357e18e8_name-data_import.data_raw_potential-batches-1_seed-42_transformation-cofactor-5	cygate	drop-both	num-3	run0	163357	8	1865	11448.5	59143	31.71206434316354	2.266821613603159
dataset_name-BodenmillerXL_dataset-revision-67990f383ac8f169c9a00148febba1ed357e18e8_name-data_import.data_raw_potential-batches-1_seed-42_transformation-cofactor-5	cygate	drop-both	num-4	run0	163801	8	1851	11668	60032	32.43219881145327	2.275474363828249
dataset_name-BodenmillerXL_dataset-revision-67990f383ac8f169c9a00148febba1ed357e18e8_name-data_import.data_raw_potential-batches-1_seed-42_transformation-cofactor-5	cygate	drop-both	num-5	run0	161138	8	1838	11932	59222	32.220892274211096	2.2862298259460023
dataset_name-BodenmillerXL_dataset-revision-67990f383ac8f169c9a00148febba1ed357e18e8_name-data_import.data_raw_potential-batches-1_seed-42_transformation-cofactor-5	cygate	drop-train	num-1	run0	165885	8	1900	11453.5	60654	31.923157894736843	2.2713277759194312
dataset_name-BodenmillerXL_dataset-revision-67990f383ac8f169c9a00148febba1ed357e18e8_name-data_import.data_raw_potential-batches-1_seed-42_transformation-cofactor-5	cygate	drop-train	num-2	run0	160829	8	1784	11410.5	58299	32.678811659192824	2.275449350307967
dataset_name-BodenmillerXL_dataset-revision-67990f383ac8f169c9a00148febba1ed357e18e8_name-data_import.data_raw_potential-batches-1_seed-42_transformation-cofactor-5	cygate	drop-train	num-3	run0	163357	8	1865	11448.5	59143	31.71206434316354	2.266821613603159
dataset_name-BodenmillerXL_dataset-revision-67990f383ac8f169c9a00148febba1ed357e18e8_name-data_import.data_raw_potential-batches-1_seed-42_transformation-cofactor-5	cygate	drop-train	num-4	run0	163801	8	1851	11668	60032	32.43219881145327	2.275474363828249
dataset_name-BodenmillerXL_dataset-revision-67990f383ac8f169c9a00148febba1ed357e18e8_name-data_import.data_raw_potential-batches-1_seed-42_transformation-cofactor-5	cygate	drop-train	num-5	run0	161138	8	1838	11932	59222	32.220892274211096	2.2862298259460023
dataset_name-BodenmillerXL_dataset-revision-67990f383ac8f169c9a00148febba1ed357e18e8_name-data_import.data_raw_potential-batches-1_seed-42_transformation-cofactor-5	cygate	unfiltered	num-1	run0	165885	8	1900	11453.5	60654	31.923157894736843	2.2713277759194312
dataset_name-BodenmillerXL_dataset-revision-67990f383ac8f169c9a00148febba1ed357e18e8_name-data_import.data_raw_potential-batches-1_seed-42_transformation-cofactor-5	cygate	unfiltered	num-2	run0	160829	8	1784	11410.5	58299	32.678811659192824	2.275449350307967
dataset_name-BodenmillerXL_dataset-revision-67990f383ac8f169c9a00148febba1ed357e18e8_name-data_import.data_raw_potential-batches-1_seed-42_transformation-cofactor-5	cygate	unfiltered	num-3	run0	163357	8	1865	11448.5	59143	31.71206434316354	2.266821613603159
dataset_name-BodenmillerXL_dataset-revision-67990f383ac8f169c9a00148febba1ed357e18e8_name-data_import.data_raw_potential-batches-1_seed-42_transformation-cofactor-5	cygate	unfiltered	num-4	run0	163801	8	1851	11668	60032	32.43219881145327	2.275474363828249
dataset_name-BodenmillerXL_dataset-revision-67990f383ac8f169c9a00148febba1ed357e18e8_name-data_import.data_raw_potential-batches-1_seed-42_transformation-cofactor-5	cygate	unfiltered	num-5	run0	161138	8	1838	11932	59222	32.220892274211096	2.2862298259460023
dataset_name-BodenmillerXL_dataset-revision-67990f383ac8f169c9a00148febba1ed357e18e8_name-data_import.data_raw_potential-batches-1_seed-42_transformation-cofactor-5	dgcytof	drop-both	num-1	run0	165885	8	1900	11453.5	60654	31.923157894736843	2.2713277759194312
dataset_name-BodenmillerXL_dataset-revision-67990f383ac8f169c9a00148febba1ed357e18e8_name-data_import.data_raw_potential-batches-1_seed-42_transformation-cofactor-5	dgcytof	drop-both	num-2	run0	160829	8	1784	11410.5	58299	32.678811659192824	2.275449350307967
dataset_name-BodenmillerXL_dataset-revision-67990f383ac8f169c9a00148febba1ed357e18e8_name-data_import.data_raw_potential-batches-1_seed-42_transformation-cofactor-5	dgcytof	drop-both	num-3	run0	163357	8	1865	11448.5	59143	31.71206434316354	2.266821613603159
dataset_name-BodenmillerXL_dataset-revision-67990f383ac8f169c9a00148febba1ed357e18e8_name-data_import.data_raw_potential-batches-1_seed-42_transformation-cofactor-5	dgcytof	drop-both	num-4	run0	163801	8	1851	11668	60032	32.43219881145327	2.275474363828249
dataset_name-BodenmillerXL_dataset-revision-67990f383ac8f169c9a00148febba1ed357e18e8_name-data_import.data_raw_potential-batches-1_seed-42_transformation-cofactor-5	dgcytof	drop-both	num-5	run0	161138	8	1838	11932	59222	32.220892274211096	2.2862298259460023
dataset_name-BodenmillerXL_dataset-revision-67990f383ac8f169c9a00148febba1ed357e18e8_name-data_import.data_raw_potential-batches-1_seed-42_transformation-cofactor-5	dgcytof	drop-train	num-1	run0	165885	8	1900	11453.5	60654	31.923157894736843	2.2713277759194312
dataset_name-BodenmillerXL_dataset-revision-67990f383ac8f169c9a00148febba1ed357e18e8_name-data_import.data_raw_potential-batches-1_seed-42_transformation-cofactor-5	dgcytof	drop-train	num-2	run0	160829	8	1784	11410.5	58299	32.678811659192824	2.275449350307967
dataset_name-BodenmillerXL_dataset-revision-67990f383ac8f169c9a00148febba1ed357e18e8_name-data_import.data_raw_potential-batches-1_seed-42_transformation-cofactor-5	dgcytof	drop-train	num-3	run0	163357	8	1865	11448.5	59143	31.71206434316354	2.266821613603159
dataset_name-BodenmillerXL_dataset-revision-67990f383ac8f169c9a00148febba1ed357e18e8_name-data_import.data_raw_potential-batches-1_seed-42_transformation-cofactor-5	dgcytof	drop-train	num-4	run0	163801	8	1851	11668	60032	32.43219881145327	2.275474363828249
dataset_name-BodenmillerXL_dataset-revision-67990f383ac8f169c9a00148febba1ed357e18e8_name-data_import.data_raw_potential-batches-1_seed-42_transformation-cofactor-5	dgcytof	drop-train	num-5	run0	161138	8	1838	11932	59222	32.220892274211096	2.2862298259460023
dataset_name-BodenmillerXL_dataset-revision-67990f383ac8f169c9a00148febba1ed357e18e8_name-data_import.data_raw_potential-batches-1_seed-42_transformation-cofactor-5	dgcytof	unfiltered	num-1	run0	165885	8	1900	11453.5	60654	31.923157894736843	2.2713277759194312
dataset_name-BodenmillerXL_dataset-revision-67990f383ac8f169c9a00148febba1ed357e18e8_name-data_import.data_raw_potential-batches-1_seed-42_transformation-cofactor-5	dgcytof	unfiltered	num-2	run0	160829	8	1784	11410.5	58299	32.678811659192824	2.275449350307967
dataset_name-BodenmillerXL_dataset-revision-67990f383ac8f169c9a00148febba1ed357e18e8_name-data_import.data_raw_potential-batches-1_seed-42_transformation-cofactor-5	dgcytof	unfiltered	num-3	run0	163357	8	1865	11448.5	59143	31.71206434316354	2.266821613603159
dataset_name-BodenmillerXL_dataset-revision-67990f383ac8f169c9a00148febba1ed357e18e8_name-data_import.data_raw_potential-batches-1_seed-42_transformation-cofactor-5	dgcytof	unfiltered	num-4	run0	163801	8	1851	11668	60032	32.43219881145327	2.275474363828249
dataset_name-BodenmillerXL_dataset-revision-67990f383ac8f169c9a00148febba1ed357e18e8_name-data_import.data_raw_potential-batches-1_seed-42_transformation-cofactor-5	dgcytof	unfiltered	num-5	run0	161138	8	1838	11932	59222	32.220892274211096	2.2862298259460023
dataset_name-BodenmillerXL_dataset-revision-67990f383ac8f169c9a00148febba1ed357e18e8_name-data_import.data_raw_potential-batches-1_seed-42_transformation-cofactor-5	gatemeclass[E]	drop-both	num-1	run0	165885	8	1900	11453.5	60654	31.923157894736843	2.2713277759194312
dataset_name-BodenmillerXL_dataset-revision-67990f383ac8f169c9a00148febba1ed357e18e8_name-data_import.data_raw_potential-batches-1_seed-42_transformation-cofactor-5	gatemeclass[E]	drop-both	num-2	run0	160829	8	1784	11410.5	58299	32.678811659192824	2.275449350307967
dataset_name-BodenmillerXL_dataset-revision-67990f383ac8f169c9a00148febba1ed357e18e8_name-data_import.data_raw_potential-batches-1_seed-42_transformation-cofactor-5	gatemeclass[E]	drop-both	num-3	run0	163357	8	1865	11448.5	59143	31.71206434316354	2.266821613603159
dataset_name-BodenmillerXL_dataset-revision-67990f383ac8f169c9a00148febba1ed357e18e8_name-data_import.data_raw_potential-batches-1_seed-42_transformation-cofactor-5	gatemeclass[E]	drop-both	num-4	run0	163801	8	1851	11668	60032	32.43219881145327	2.275474363828249
dataset_name-BodenmillerXL_dataset-revision-67990f383ac8f169c9a00148febba1ed357e18e8_name-data_import.data_raw_potential-batches-1_seed-42_transformation-cofactor-5	gatemeclass[E]	drop-both	num-5	run0	161138	8	1838	11932	59222	32.220892274211096	2.2862298259460023
dataset_name-BodenmillerXL_dataset-revision-67990f383ac8f169c9a00148febba1ed357e18e8_name-data_import.data_raw_potential-batches-1_seed-42_transformation-cofactor-5	gatemeclass[E]	drop-train	num-1	run0	165885	8	1900	11453.5	60654	31.923157894736843	2.2713277759194312
dataset_name-BodenmillerXL_dataset-revision-67990f383ac8f169c9a00148febba1ed357e18e8_name-data_import.data_raw_potential-batches-1_seed-42_transformation-cofactor-5	gatemeclass[E]	drop-train	num-2	run0	160829	8	1784	11410.5	58299	32.678811659192824	2.275449350307967
dataset_name-BodenmillerXL_dataset-revision-67990f383ac8f169c9a00148febba1ed357e18e8_name-data_import.data_raw_potential-batches-1_seed-42_transformation-cofactor-5	gatemeclass[E]	drop-train	num-3	run0	163357	8	1865	11448.5	59143	31.71206434316354	2.266821613603159
dataset_name-BodenmillerXL_dataset-revision-67990f383ac8f169c9a00148febba1ed357e18e8_name-data_import.data_raw_potential-batches-1_seed-42_transformation-cofactor-5	gatemeclass[E]	drop-train	num-4	run0	163801	8	1851	11668	60032	32.43219881145327	2.275474363828249
dataset_name-BodenmillerXL_dataset-revision-67990f383ac8f169c9a00148febba1ed357e18e8_name-data_import.data_raw_potential-batches-1_seed-42_transformation-cofactor-5	gatemeclass[E]	drop-train	num-5	run0	161138	8	1838	11932	59222	32.220892274211096	2.2862298259460023
dataset_name-BodenmillerXL_dataset-revision-67990f383ac8f169c9a00148febba1ed357e18e8_name-data_import.data_raw_potential-batches-1_seed-42_transformation-cofactor-5	gatemeclass[E]	unfiltered	num-1	run0	165885	8	1900	11453.5	60654	31.923157894736843	2.2713277759194312
dataset_name-BodenmillerXL_dataset-revision-67990f383ac8f169c9a00148febba1ed357e18e8_name-data_import.data_raw_potential-batches-1_seed-42_transformation-cofactor-5	gatemeclass[E]	unfiltered	num-2	run0	160829	8	1784	11410.5	58299	32.678811659192824	2.275449350307967
dataset_name-BodenmillerXL_dataset-revision-67990f383ac8f169c9a00148febba1ed357e18e8_name-data_import.data_raw_potential-batches-1_seed-42_transformation-cofactor-5	gatemeclass[E]	unfiltered	num-3	run0	163357	8	1865	11448.5	59143	31.71206434316354	2.266821613603159
dataset_name-BodenmillerXL_dataset-revision-67990f383ac8f169c9a00148febba1ed357e18e8_name-data_import.data_raw_potential-batches-1_seed-42_transformation-cofactor-5	gatemeclass[E]	unfiltered	num-4	run0	163801	8	1851	11668	60032	32.43219881145327	2.275474363828249
dataset_name-BodenmillerXL_dataset-revision-67990f383ac8f169c9a00148febba1ed357e18e8_name-data_import.data_raw_potential-batches-1_seed-42_transformation-cofactor-5	gatemeclass[E]	unfiltered	num-5	run0	161138	8	1838	11932	59222	32.220892274211096	2.2862298259460023
dataset_name-BodenmillerXL_dataset-revision-67990f383ac8f169c9a00148febba1ed357e18e8_name-data_import.data_raw_potential-batches-1_seed-42_transformation-cofactor-5	gatemeclass[V]	drop-both	num-1	run0	165885	8	1900	11453.5	60654	31.923157894736843	2.2713277759194312
dataset_name-BodenmillerXL_dataset-revision-67990f383ac8f169c9a00148febba1ed357e18e8_name-data_import.data_raw_potential-batches-1_seed-42_transformation-cofactor-5	gatemeclass[V]	drop-both	num-2	run0	160829	8	1784	11410.5	58299	32.678811659192824	2.275449350307967
dataset_name-BodenmillerXL_dataset-revision-67990f383ac8f169c9a00148febba1ed357e18e8_name-data_import.data_raw_potential-batches-1_seed-42_transformation-cofactor-5	gatemeclass[V]	drop-both	num-3	run0	163357	8	1865	11448.5	59143	31.71206434316354	2.266821613603159
dataset_name-BodenmillerXL_dataset-revision-67990f383ac8f169c9a00148febba1ed357e18e8_name-data_import.data_raw_potential-batches-1_seed-42_transformation-cofactor-5	gatemeclass[V]	drop-both	num-4	run0	163801	8	1851	11668	60032	32.43219881145327	2.275474363828249
dataset_name-BodenmillerXL_dataset-revision-67990f383ac8f169c9a00148febba1ed357e18e8_name-data_import.data_raw_potential-batches-1_seed-42_transformation-cofactor-5	gatemeclass[V]	drop-both	num-5	run0	161138	8	1838	11932	59222	32.220892274211096	2.2862298259460023
dataset_name-BodenmillerXL_dataset-revision-67990f383ac8f169c9a00148febba1ed357e18e8_name-data_import.data_raw_potential-batches-1_seed-42_transformation-cofactor-5	gatemeclass[V]	drop-train	num-1	run0	165885	8	1900	11453.5	60654	31.923157894736843	2.2713277759194312
dataset_name-BodenmillerXL_dataset-revision-67990f383ac8f169c9a00148febba1ed357e18e8_name-data_import.data_raw_potential-batches-1_seed-42_transformation-cofactor-5	gatemeclass[V]	drop-train	num-2	run0	160829	8	1784	11410.5	58299	32.678811659192824	2.275449350307967
dataset_name-BodenmillerXL_dataset-revision-67990f383ac8f169c9a00148febba1ed357e18e8_name-data_import.data_raw_potential-batches-1_seed-42_transformation-cofactor-5	gatemeclass[V]	drop-train	num-3	run0	163357	8	1865	11448.5	59143	31.71206434316354	2.266821613603159
dataset_name-BodenmillerXL_dataset-revision-67990f383ac8f169c9a00148febba1ed357e18e8_name-data_import.data_raw_potential-batches-1_seed-42_transformation-cofactor-5	gatemeclass[V]	drop-train	num-4	run0	163801	8	1851	11668	60032	32.43219881145327	2.275474363828249
dataset_name-BodenmillerXL_dataset-revision-67990f383ac8f169c9a00148febba1ed357e18e8_name-data_import.data_raw_potential-batches-1_seed-42_transformation-cofactor-5	gatemeclass[V]	drop-train	num-5	run0	161138	8	1838	11932	59222	32.220892274211096	2.2862298259460023
dataset_name-BodenmillerXL_dataset-revision-67990f383ac8f169c9a00148febba1ed357e18e8_name-data_import.data_raw_potential-batches-1_seed-42_transformation-cofactor-5	gatemeclass[V]	unfiltered	num-1	run0	165885	8	1900	11453.5	60654	31.923157894736843	2.2713277759194312
dataset_name-BodenmillerXL_dataset-revision-67990f383ac8f169c9a00148febba1ed357e18e8_name-data_import.data_raw_potential-batches-1_seed-42_transformation-cofactor-5	gatemeclass[V]	unfiltered	num-2	run0	160829	8	1784	11410.5	58299	32.678811659192824	2.275449350307967
dataset_name-BodenmillerXL_dataset-revision-67990f383ac8f169c9a00148febba1ed357e18e8_name-data_import.data_raw_potential-batches-1_seed-42_transformation-cofactor-5	gatemeclass[V]	unfiltered	num-3	run0	163357	8	1865	11448.5	59143	31.71206434316354	2.266821613603159
dataset_name-BodenmillerXL_dataset-revision-67990f383ac8f169c9a00148febba1ed357e18e8_name-data_import.data_raw_potential-batches-1_seed-42_transformation-cofactor-5	gatemeclass[V]	unfiltered	num-4	run0	163801	8	1851	11668	60032	32.43219881145327	2.275474363828249
dataset_name-BodenmillerXL_dataset-revision-67990f383ac8f169c9a00148febba1ed357e18e8_name-data_import.data_raw_potential-batches-1_seed-42_transformation-cofactor-5	gatemeclass[V]	unfiltered	num-5	run0	161138	8	1838	11932	59222	32.220892274211096	2.2862298259460023
dataset_name-BodenmillerXL_dataset-revision-67990f383ac8f169c9a00148febba1ed357e18e8_name-data_import.data_raw_potential-batches-1_seed-42_transformation-cofactor-5	knn	drop-both	num-1	run0	165885	8	1900	11453.5	60654	31.923157894736843	2.2713277759194312
dataset_name-BodenmillerXL_dataset-revision-67990f383ac8f169c9a00148febba1ed357e18e8_name-data_import.data_raw_potential-batches-1_seed-42_transformation-cofactor-5	knn	drop-both	num-2	run0	160829	8	1784	11410.5	58299	32.678811659192824	2.275449350307967
dataset_name-BodenmillerXL_dataset-revision-67990f383ac8f169c9a00148febba1ed357e18e8_name-data_import.data_raw_potential-batches-1_seed-42_transformation-cofactor-5	knn	drop-both	num-3	run0	163357	8	1865	11448.5	59143	31.71206434316354	2.266821613603159
dataset_name-BodenmillerXL_dataset-revision-67990f383ac8f169c9a00148febba1ed357e18e8_name-data_import.data_raw_potential-batches-1_seed-42_transformation-cofactor-5	knn	drop-both	num-4	run0	163801	8	1851	11668	60032	32.43219881145327	2.275474363828249
dataset_name-BodenmillerXL_dataset-revision-67990f383ac8f169c9a00148febba1ed357e18e8_name-data_import.data_raw_potential-batches-1_seed-42_transformation-cofactor-5	knn	drop-both	num-5	run0	161138	8	1838	11932	59222	32.220892274211096	2.2862298259460023
dataset_name-BodenmillerXL_dataset-revision-67990f383ac8f169c9a00148febba1ed357e18e8_name-data_import.data_raw_potential-batches-1_seed-42_transformation-cofactor-5	knn	drop-train	num-1	run0	165885	8	1900	11453.5	60654	31.923157894736843	2.2713277759194312
dataset_name-BodenmillerXL_dataset-revision-67990f383ac8f169c9a00148febba1ed357e18e8_name-data_import.data_raw_potential-batches-1_seed-42_transformation-cofactor-5	knn	drop-train	num-2	run0	160829	8	1784	11410.5	58299	32.678811659192824	2.275449350307967
dataset_name-BodenmillerXL_dataset-revision-67990f383ac8f169c9a00148febba1ed357e18e8_name-data_import.data_raw_potential-batches-1_seed-42_transformation-cofactor-5	knn	drop-train	num-3	run0	163357	8	1865	11448.5	59143	31.71206434316354	2.266821613603159
dataset_name-BodenmillerXL_dataset-revision-67990f383ac8f169c9a00148febba1ed357e18e8_name-data_import.data_raw_potential-batches-1_seed-42_transformation-cofactor-5	knn	drop-train	num-4	run0	163801	8	1851	11668	60032	32.43219881145327	2.275474363828249
dataset_name-BodenmillerXL_dataset-revision-67990f383ac8f169c9a00148febba1ed357e18e8_name-data_import.data_raw_potential-batches-1_seed-42_transformation-cofactor-5	knn	drop-train	num-5	run0	161138	8	1838	11932	59222	32.220892274211096	2.2862298259460023
dataset_name-BodenmillerXL_dataset-revision-67990f383ac8f169c9a00148febba1ed357e18e8_name-data_import.data_raw_potential-batches-1_seed-42_transformation-cofactor-5	knn	unfiltered	num-1	run0	165885	8	1900	11453.5	60654	31.923157894736843	2.2713277759194312
dataset_name-BodenmillerXL_dataset-revision-67990f383ac8f169c9a00148febba1ed357e18e8_name-data_import.data_raw_potential-batches-1_seed-42_transformation-cofactor-5	knn	unfiltered	num-2	run0	160829	8	1784	11410.5	58299	32.678811659192824	2.275449350307967
dataset_name-BodenmillerXL_dataset-revision-67990f383ac8f169c9a00148febba1ed357e18e8_name-data_import.data_raw_potential-batches-1_seed-42_transformation-cofactor-5	knn	unfiltered	num-3	run0	163357	8	1865	11448.5	59143	31.71206434316354	2.266821613603159
dataset_name-BodenmillerXL_dataset-revision-67990f383ac8f169c9a00148febba1ed357e18e8_name-data_import.data_raw_potential-batches-1_seed-42_transformation-cofactor-5	knn	unfiltered	num-4	run0	163801	8	1851	11668	60032	32.43219881145327	2.275474363828249
dataset_name-BodenmillerXL_dataset-revision-67990f383ac8f169c9a00148febba1ed357e18e8_name-data_import.data_raw_potential-batches-1_seed-42_transformation-cofactor-5	knn	unfiltered	num-5	run0	161138	8	1838	11932	59222	32.220892274211096	2.2862298259460023
dataset_name-BodenmillerXL_dataset-revision-67990f383ac8f169c9a00148febba1ed357e18e8_name-data_import.data_raw_potential-batches-1_seed-42_transformation-cofactor-5	lda	drop-both	num-1	run0	165885	8	1900	11453.5	60654	31.923157894736843	2.2713277759194312
dataset_name-BodenmillerXL_dataset-revision-67990f383ac8f169c9a00148febba1ed357e18e8_name-data_import.data_raw_potential-batches-1_seed-42_transformation-cofactor-5	lda	drop-both	num-2	run0	160829	8	1784	11410.5	58299	32.678811659192824	2.275449350307967
dataset_name-BodenmillerXL_dataset-revision-67990f383ac8f169c9a00148febba1ed357e18e8_name-data_import.data_raw_potential-batches-1_seed-42_transformation-cofactor-5	lda	drop-both	num-3	run0	163357	8	1865	11448.5	59143	31.71206434316354	2.266821613603159
dataset_name-BodenmillerXL_dataset-revision-67990f383ac8f169c9a00148febba1ed357e18e8_name-data_import.data_raw_potential-batches-1_seed-42_transformation-cofactor-5	lda	drop-both	num-4	run0	163801	8	1851	11668	60032	32.43219881145327	2.275474363828249
dataset_name-BodenmillerXL_dataset-revision-67990f383ac8f169c9a00148febba1ed357e18e8_name-data_import.data_raw_potential-batches-1_seed-42_transformation-cofactor-5	lda	drop-both	num-5	run0	161138	8	1838	11932	59222	32.220892274211096	2.2862298259460023
dataset_name-BodenmillerXL_dataset-revision-67990f383ac8f169c9a00148febba1ed357e18e8_name-data_import.data_raw_potential-batches-1_seed-42_transformation-cofactor-5	lda	drop-train	num-1	run0	165885	8	1900	11453.5	60654	31.923157894736843	2.2713277759194312
dataset_name-BodenmillerXL_dataset-revision-67990f383ac8f169c9a00148febba1ed357e18e8_name-data_import.data_raw_potential-batches-1_seed-42_transformation-cofactor-5	lda	drop-train	num-2	run0	160829	8	1784	11410.5	58299	32.678811659192824	2.275449350307967
dataset_name-BodenmillerXL_dataset-revision-67990f383ac8f169c9a00148febba1ed357e18e8_name-data_import.data_raw_potential-batches-1_seed-42_transformation-cofactor-5	lda	drop-train	num-3	run0	163357	8	1865	11448.5	59143	31.71206434316354	2.266821613603159
dataset_name-BodenmillerXL_dataset-revision-67990f383ac8f169c9a00148febba1ed357e18e8_name-data_import.data_raw_potential-batches-1_seed-42_transformation-cofactor-5	lda	drop-train	num-4	run0	163801	8	1851	11668	60032	32.43219881145327	2.275474363828249
dataset_name-BodenmillerXL_dataset-revision-67990f383ac8f169c9a00148febba1ed357e18e8_name-data_import.data_raw_potential-batches-1_seed-42_transformation-cofactor-5	lda	drop-train	num-5	run0	161138	8	1838	11932	59222	32.220892274211096	2.2862298259460023
dataset_name-BodenmillerXL_dataset-revision-67990f383ac8f169c9a00148febba1ed357e18e8_name-data_import.data_raw_potential-batches-1_seed-42_transformation-cofactor-5	lda	unfiltered	num-1	run0	165885	8	1900	11453.5	60654	31.923157894736843	2.2713277759194312
dataset_name-BodenmillerXL_dataset-revision-67990f383ac8f169c9a00148febba1ed357e18e8_name-data_import.data_raw_potential-batches-1_seed-42_transformation-cofactor-5	lda	unfiltered	num-2	run0	160829	8	1784	11410.5	58299	32.678811659192824	2.275449350307967
dataset_name-BodenmillerXL_dataset-revision-67990f383ac8f169c9a00148febba1ed357e18e8_name-data_import.data_raw_potential-batches-1_seed-42_transformation-cofactor-5	lda	unfiltered	num-3	run0	163357	8	1865	11448.5	59143	31.71206434316354	2.266821613603159
dataset_name-BodenmillerXL_dataset-revision-67990f383ac8f169c9a00148febba1ed357e18e8_name-data_import.data_raw_potential-batches-1_seed-42_transformation-cofactor-5	lda	unfiltered	num-4	run0	163801	8	1851	11668	60032	32.43219881145327	2.275474363828249
dataset_name-BodenmillerXL_dataset-revision-67990f383ac8f169c9a00148febba1ed357e18e8_name-data_import.data_raw_potential-batches-1_seed-42_transformation-cofactor-5	lda	unfiltered	num-5	run0	161138	8	1838	11932	59222	32.220892274211096	2.2862298259460023
dataset_name-BodenmillerXL_dataset-revision-67990f383ac8f169c9a00148febba1ed357e18e8_name-data_import.data_raw_potential-batches-1_seed-42_transformation-cofactor-5	random	drop-both	num-1	run0	165885	8	1900	11453.5	60654	31.923157894736843	2.2713277759194312
dataset_name-BodenmillerXL_dataset-revision-67990f383ac8f169c9a00148febba1ed357e18e8_name-data_import.data_raw_potential-batches-1_seed-42_transformation-cofactor-5	random	drop-both	num-2	run0	160829	8	1784	11410.5	58299	32.678811659192824	2.275449350307967
dataset_name-BodenmillerXL_dataset-revision-67990f383ac8f169c9a00148febba1ed357e18e8_name-data_import.data_raw_potential-batches-1_seed-42_transformation-cofactor-5	random	drop-both	num-3	run0	163357	8	1865	11448.5	59143	31.71206434316354	2.266821613603159
dataset_name-BodenmillerXL_dataset-revision-67990f383ac8f169c9a00148febba1ed357e18e8_name-data_import.data_raw_potential-batches-1_seed-42_transformation-cofactor-5	random	drop-both	num-4	run0	163801	8	1851	11668	60032	32.43219881145327	2.275474363828249
dataset_name-BodenmillerXL_dataset-revision-67990f383ac8f169c9a00148febba1ed357e18e8_name-data_import.data_raw_potential-batches-1_seed-42_transformation-cofactor-5	random	drop-both	num-5	run0	161138	8	1838	11932	59222	32.220892274211096	2.2862298259460023
dataset_name-BodenmillerXL_dataset-revision-67990f383ac8f169c9a00148febba1ed357e18e8_name-data_import.data_raw_potential-batches-1_seed-42_transformation-cofactor-5	random	drop-train	num-1	run0	165885	8	1900	11453.5	60654	31.923157894736843	2.2713277759194312
dataset_name-BodenmillerXL_dataset-revision-67990f383ac8f169c9a00148febba1ed357e18e8_name-data_import.data_raw_potential-batches-1_seed-42_transformation-cofactor-5	random	drop-train	num-2	run0	160829	8	1784	11410.5	58299	32.678811659192824	2.275449350307967
dataset_name-BodenmillerXL_dataset-revision-67990f383ac8f169c9a00148febba1ed357e18e8_name-data_import.data_raw_potential-batches-1_seed-42_transformation-cofactor-5	random	drop-train	num-3	run0	163357	8	1865	11448.5	59143	31.71206434316354	2.266821613603159
dataset_name-BodenmillerXL_dataset-revision-67990f383ac8f169c9a00148febba1ed357e18e8_name-data_import.data_raw_potential-batches-1_seed-42_transformation-cofactor-5	random	drop-train	num-4	run0	163801	8	1851	11668	60032	32.43219881145327	2.275474363828249
dataset_name-BodenmillerXL_dataset-revision-67990f383ac8f169c9a00148febba1ed357e18e8_name-data_import.data_raw_potential-batches-1_seed-42_transformation-cofactor-5	random	drop-train	num-5	run0	161138	8	1838	11932	59222	32.220892274211096	2.2862298259460023
dataset_name-BodenmillerXL_dataset-revision-67990f383ac8f169c9a00148febba1ed357e18e8_name-data_import.data_raw_potential-batches-1_seed-42_transformation-cofactor-5	random	unfiltered	num-1	run0	165885	8	1900	11453.5	60654	31.923157894736843	2.2713277759194312
dataset_name-BodenmillerXL_dataset-revision-67990f383ac8f169c9a00148febba1ed357e18e8_name-data_import.data_raw_potential-batches-1_seed-42_transformation-cofactor-5	random	unfiltered	num-2	run0	160829	8	1784	11410.5	58299	32.678811659192824	2.275449350307967
dataset_name-BodenmillerXL_dataset-revision-67990f383ac8f169c9a00148febba1ed357e18e8_name-data_import.data_raw_potential-batches-1_seed-42_transformation-cofactor-5	random	unfiltered	num-3	run0	163357	8	1865	11448.5	59143	31.71206434316354	2.266821613603159
dataset_name-BodenmillerXL_dataset-revision-67990f383ac8f169c9a00148febba1ed357e18e8_name-data_import.data_raw_potential-batches-1_seed-42_transformation-cofactor-5	random	unfiltered	num-4	run0	163801	8	1851	11668	60032	32.43219881145327	2.275474363828249
dataset_name-BodenmillerXL_dataset-revision-67990f383ac8f169c9a00148febba1ed357e18e8_name-data_import.data_raw_potential-batches-1_seed-42_transformation-cofactor-5	random	unfiltered	num-5	run0	161138	8	1838	11932	59222	32.220892274211096	2.2862298259460023
dataset_name-FR-FCM-Z238_dataset-revision-67990f383ac8f169c9a00148febba1ed357e18e8_name-data_import.data_raw_potential-batches-1_seed-42_transformation-cofactor-5	cyanno	drop-both	num-1	run0	2400492	23	461	40753	682164	1479.7483731019522	3.5710745275778017
dataset_name-FR-FCM-Z238_dataset-revision-67990f383ac8f169c9a00148febba1ed357e18e8_name-data_import.data_raw_potential-batches-1_seed-42_transformation-cofactor-5	cyanno	drop-both	num-2	run0	2351561	23	406	40576	660160	1626.0098522167489	3.579629490997429
dataset_name-FR-FCM-Z238_dataset-revision-67990f383ac8f169c9a00148febba1ed357e18e8_name-data_import.data_raw_potential-batches-1_seed-42_transformation-cofactor-5	cyanno	drop-both	num-3	run0	2403060	23	461	40513	679484	1473.9349240780912	3.5736934499726214
dataset_name-FR-FCM-Z238_dataset-revision-67990f383ac8f169c9a00148febba1ed357e18e8_name-data_import.data_raw_potential-batches-1_seed-42_transformation-cofactor-5	cyanno	drop-both	num-4	run0	2390998	23	461	38392	678706	1472.2472885032537	3.568687754032347
dataset_name-FR-FCM-Z238_dataset-revision-67990f383ac8f169c9a00148febba1ed357e18e8_name-data_import.data_raw_potential-batches-1_seed-42_transformation-cofactor-5	cyanno	drop-both	num-5	run0	2385788	23	461	38985	672490	1458.7635574837311	3.5760493212523743
dataset_name-FR-FCM-Z238_dataset-revision-67990f383ac8f169c9a00148febba1ed357e18e8_name-data_import.data_raw_potential-batches-1_seed-42_transformation-cofactor-5	cyanno	drop-train	num-1	run0	2400492	23	461	40753	682164	1479.7483731019522	3.5710745275778017
dataset_name-FR-FCM-Z238_dataset-revision-67990f383ac8f169c9a00148febba1ed357e18e8_name-data_import.data_raw_potential-batches-1_seed-42_transformation-cofactor-5	cyanno	drop-train	num-2	run0	2351561	23	406	40576	660160	1626.0098522167489	3.579629490997429
dataset_name-FR-FCM-Z238_dataset-revision-67990f383ac8f169c9a00148febba1ed357e18e8_name-data_import.data_raw_potential-batches-1_seed-42_transformation-cofactor-5	cyanno	drop-train	num-3	run0	2403060	23	461	40513	679484	1473.9349240780912	3.5736934499726214
dataset_name-FR-FCM-Z238_dataset-revision-67990f383ac8f169c9a00148febba1ed357e18e8_name-data_import.data_raw_potential-batches-1_seed-42_transformation-cofactor-5	cyanno	drop-train	num-4	run0	2390998	23	461	38392	678706	1472.2472885032537	3.568687754032347
dataset_name-FR-FCM-Z238_dataset-revision-67990f383ac8f169c9a00148febba1ed357e18e8_name-data_import.data_raw_potential-batches-1_seed-42_transformation-cofactor-5	cyanno	drop-train	num-5	run0	2385788	23	461	38985	672490	1458.7635574837311	3.5760493212523743
dataset_name-FR-FCM-Z238_dataset-revision-67990f383ac8f169c9a00148febba1ed357e18e8_name-data_import.data_raw_potential-batches-1_seed-42_transformation-cofactor-5	cyanno	unfiltered	num-1	run0	2400492	23	461	40753	682164	1479.7483731019522	3.5710745275778017
dataset_name-FR-FCM-Z238_dataset-revision-67990f383ac8f169c9a00148febba1ed357e18e8_name-data_import.data_raw_potential-batches-1_seed-42_transformation-cofactor-5	cyanno	unfiltered	num-2	run0	2351561	23	406	40576	660160	1626.0098522167489	3.579629490997429
dataset_name-FR-FCM-Z238_dataset-revision-67990f383ac8f169c9a00148febba1ed357e18e8_name-data_import.data_raw_potential-batches-1_seed-42_transformation-cofactor-5	cyanno	unfiltered	num-3	run0	2403060	23	461	40513	679484	1473.9349240780912	3.5736934499726214
dataset_name-FR-FCM-Z238_dataset-revision-67990f383ac8f169c9a00148febba1ed357e18e8_name-data_import.data_raw_potential-batches-1_seed-42_transformation-cofactor-5	cyanno	unfiltered	num-4	run0	2390998	23	461	38392	678706	1472.2472885032537	3.568687754032347
dataset_name-FR-FCM-Z238_dataset-revision-67990f383ac8f169c9a00148febba1ed357e18e8_name-data_import.data_raw_potential-batches-1_seed-42_transformation-cofactor-5	cyanno	unfiltered	num-5	run0	2385788	23	461	38985	672490	1458.7635574837311	3.5760493212523743
dataset_name-FR-FCM-Z238_dataset-revision-67990f383ac8f169c9a00148febba1ed357e18e8_name-data_import.data_raw_potential-batches-1_seed-42_transformation-cofactor-5	cydefine[3f57bdcdec41]	drop-both	num-1	run0	2400492	23	461	40753	682164	1479.7483731019522	3.5710745275778017
dataset_name-FR-FCM-Z238_dataset-revision-67990f383ac8f169c9a00148febba1ed357e18e8_name-data_import.data_raw_potential-batches-1_seed-42_transformation-cofactor-5	cydefine[3f57bdcdec41]	drop-both	num-2	run0	2351561	23	406	40576	660160	1626.0098522167489	3.579629490997429
dataset_name-FR-FCM-Z238_dataset-revision-67990f383ac8f169c9a00148febba1ed357e18e8_name-data_import.data_raw_potential-batches-1_seed-42_transformation-cofactor-5	cydefine[3f57bdcdec41]	drop-both	num-3	run0	2403060	23	461	40513	679484	1473.9349240780912	3.5736934499726214
dataset_name-FR-FCM-Z238_dataset-revision-67990f383ac8f169c9a00148febba1ed357e18e8_name-data_import.data_raw_potential-batches-1_seed-42_transformation-cofactor-5	cydefine[3f57bdcdec41]	drop-both	num-4	run0	2390998	23	461	38392	678706	1472.2472885032537	3.568687754032347
dataset_name-FR-FCM-Z238_dataset-revision-67990f383ac8f169c9a00148febba1ed357e18e8_name-data_import.data_raw_potential-batches-1_seed-42_transformation-cofactor-5	cydefine[3f57bdcdec41]	drop-both	num-5	run0	2385788	23	461	38985	672490	1458.7635574837311	3.5760493212523743
dataset_name-FR-FCM-Z238_dataset-revision-67990f383ac8f169c9a00148febba1ed357e18e8_name-data_import.data_raw_potential-batches-1_seed-42_transformation-cofactor-5	cydefine[3f57bdcdec41]	drop-train	num-1	run0	2400492	23	461	40753	682164	1479.7483731019522	3.5710745275778017
dataset_name-FR-FCM-Z238_dataset-revision-67990f383ac8f169c9a00148febba1ed357e18e8_name-data_import.data_raw_potential-batches-1_seed-42_transformation-cofactor-5	cydefine[3f57bdcdec41]	drop-train	num-2	run0	2351561	23	406	40576	660160	1626.0098522167489	3.579629490997429
dataset_name-FR-FCM-Z238_dataset-revision-67990f383ac8f169c9a00148febba1ed357e18e8_name-data_import.data_raw_potential-batches-1_seed-42_transformation-cofactor-5	cydefine[3f57bdcdec41]	drop-train	num-3	run0	2403060	23	461	40513	679484	1473.9349240780912	3.5736934499726214
dataset_name-FR-FCM-Z238_dataset-revision-67990f383ac8f169c9a00148febba1ed357e18e8_name-data_import.data_raw_potential-batches-1_seed-42_transformation-cofactor-5	cydefine[3f57bdcdec41]	drop-train	num-4	run0	2390998	23	461	38392	678706	1472.2472885032537	3.568687754032347
dataset_name-FR-FCM-Z238_dataset-revision-67990f383ac8f169c9a00148febba1ed357e18e8_name-data_import.data_raw_potential-batches-1_seed-42_transformation-cofactor-5	cydefine[3f57bdcdec41]	drop-train	num-5	run0	2385788	23	461	38985	672490	1458.7635574837311	3.5760493212523743
dataset_name-FR-FCM-Z238_dataset-revision-67990f383ac8f169c9a00148febba1ed357e18e8_name-data_import.data_raw_potential-batches-1_seed-42_transformation-cofactor-5	cydefine[3f57bdcdec41]	unfiltered	num-1	run0	2400492	23	461	40753	682164	1479.7483731019522	3.5710745275778017
dataset_name-FR-FCM-Z238_dataset-revision-67990f383ac8f169c9a00148febba1ed357e18e8_name-data_import.data_raw_potential-batches-1_seed-42_transformation-cofactor-5	cydefine[3f57bdcdec41]	unfiltered	num-2	run0	2351561	23	406	40576	660160	1626.0098522167489	3.579629490997429
dataset_name-FR-FCM-Z238_dataset-revision-67990f383ac8f169c9a00148febba1ed357e18e8_name-data_import.data_raw_potential-batches-1_seed-42_transformation-cofactor-5	cydefine[3f57bdcdec41]	unfiltered	num-3	run0	2403060	23	461	40513	679484	1473.9349240780912	3.5736934499726214
dataset_name-FR-FCM-Z238_dataset-revision-67990f383ac8f169c9a00148febba1ed357e18e8_name-data_import.data_raw_potential-batches-1_seed-42_transformation-cofactor-5	cydefine[3f57bdcdec41]	unfiltered	num-4	run0	2390998	23	461	38392	678706	1472.2472885032537	3.568687754032347
dataset_name-FR-FCM-Z238_dataset-revision-67990f383ac8f169c9a00148febba1ed357e18e8_name-data_import.data_raw_potential-batches-1_seed-42_transformation-cofactor-5	cydefine[3f57bdcdec41]	unfiltered	num-5	run0	2385788	23	461	38985	672490	1458.7635574837311	3.5760493212523743
dataset_name-FR-FCM-Z238_dataset-revision-67990f383ac8f169c9a00148febba1ed357e18e8_name-data_import.data_raw_potential-batches-1_seed-42_transformation-cofactor-5	cygate	drop-both	num-1	run0	2400492	23	461	40753	682164	1479.7483731019522	3.5710745275778017
dataset_name-FR-FCM-Z238_dataset-revision-67990f383ac8f169c9a00148febba1ed357e18e8_name-data_import.data_raw_potential-batches-1_seed-42_transformation-cofactor-5	cygate	drop-both	num-2	run0	2351561	23	406	40576	660160	1626.0098522167489	3.579629490997429
dataset_name-FR-FCM-Z238_dataset-revision-67990f383ac8f169c9a00148febba1ed357e18e8_name-data_import.data_raw_potential-batches-1_seed-42_transformation-cofactor-5	cygate	drop-both	num-3	run0	2403060	23	461	40513	679484	1473.9349240780912	3.5736934499726214
dataset_name-FR-FCM-Z238_dataset-revision-67990f383ac8f169c9a00148febba1ed357e18e8_name-data_import.data_raw_potential-batches-1_seed-42_transformation-cofactor-5	cygate	drop-both	num-4	run0	2390998	23	461	38392	678706	1472.2472885032537	3.568687754032347
dataset_name-FR-FCM-Z238_dataset-revision-67990f383ac8f169c9a00148febba1ed357e18e8_name-data_import.data_raw_potential-batches-1_seed-42_transformation-cofactor-5	cygate	drop-both	num-5	run0	2385788	23	461	38985	672490	1458.7635574837311	3.5760493212523743
dataset_name-FR-FCM-Z238_dataset-revision-67990f383ac8f169c9a00148febba1ed357e18e8_name-data_import.data_raw_potential-batches-1_seed-42_transformation-cofactor-5	cygate	drop-train	num-1	run0	2400492	23	461	40753	682164	1479.7483731019522	3.5710745275778017
dataset_name-FR-FCM-Z238_dataset-revision-67990f383ac8f169c9a00148febba1ed357e18e8_name-data_import.data_raw_potential-batches-1_seed-42_transformation-cofactor-5	cygate	drop-train	num-2	run0	2351561	23	406	40576	660160	1626.0098522167489	3.579629490997429
dataset_name-FR-FCM-Z238_dataset-revision-67990f383ac8f169c9a00148febba1ed357e18e8_name-data_import.data_raw_potential-batches-1_seed-42_transformation-cofactor-5	cygate	drop-train	num-3	run0	2403060	23	461	40513	679484	1473.9349240780912	3.5736934499726214
dataset_name-FR-FCM-Z238_dataset-revision-67990f383ac8f169c9a00148febba1ed357e18e8_name-data_import.data_raw_potential-batches-1_seed-42_transformation-cofactor-5	cygate	drop-train	num-4	run0	2390998	23	461	38392	678706	1472.2472885032537	3.568687754032347
dataset_name-FR-FCM-Z238_dataset-revision-67990f383ac8f169c9a00148febba1ed357e18e8_name-data_import.data_raw_potential-batches-1_seed-42_transformation-cofactor-5	cygate	drop-train	num-5	run0	2385788	23	461	38985	672490	1458.7635574837311	3.5760493212523743
dataset_name-FR-FCM-Z238_dataset-revision-67990f383ac8f169c9a00148febba1ed357e18e8_name-data_import.data_raw_potential-batches-1_seed-42_transformation-cofactor-5	cygate	unfiltered	num-1	run0	2400492	23	461	40753	682164	1479.7483731019522	3.5710745275778017
dataset_name-FR-FCM-Z238_dataset-revision-67990f383ac8f169c9a00148febba1ed357e18e8_name-data_import.data_raw_potential-batches-1_seed-42_transformation-cofactor-5	cygate	unfiltered	num-2	run0	2351561	23	406	40576	660160	1626.0098522167489	3.579629490997429
dataset_name-FR-FCM-Z238_dataset-revision-67990f383ac8f169c9a00148febba1ed357e18e8_name-data_import.data_raw_potential-batches-1_seed-42_transformation-cofactor-5	cygate	unfiltered	num-3	run0	2403060	23	461	40513	679484	1473.9349240780912	3.5736934499726214
dataset_name-FR-FCM-Z238_dataset-revision-67990f383ac8f169c9a00148febba1ed357e18e8_name-data_import.data_raw_potential-batches-1_seed-42_transformation-cofactor-5	cygate	unfiltered	num-4	run0	2390998	23	461	38392	678706	1472.2472885032537	3.568687754032347
dataset_name-FR-FCM-Z238_dataset-revision-67990f383ac8f169c9a00148febba1ed357e18e8_name-data_import.data_raw_potential-batches-1_seed-42_transformation-cofactor-5	cygate	unfiltered	num-5	run0	2385788	23	461	38985	672490	1458.7635574837311	3.5760493212523743
dataset_name-FR-FCM-Z238_dataset-revision-67990f383ac8f169c9a00148febba1ed357e18e8_name-data_import.data_raw_potential-batches-1_seed-42_transformation-cofactor-5	dgcytof	drop-both	num-1	run0	2400492	23	461	40753	682164	1479.7483731019522	3.5710745275778017
dataset_name-FR-FCM-Z238_dataset-revision-67990f383ac8f169c9a00148febba1ed357e18e8_name-data_import.data_raw_potential-batches-1_seed-42_transformation-cofactor-5	dgcytof	drop-both	num-2	run0	2351561	23	406	40576	660160	1626.0098522167489	3.579629490997429
dataset_name-FR-FCM-Z238_dataset-revision-67990f383ac8f169c9a00148febba1ed357e18e8_name-data_import.data_raw_potential-batches-1_seed-42_transformation-cofactor-5	dgcytof	drop-both	num-3	run0	2403060	23	461	40513	679484	1473.9349240780912	3.5736934499726214
dataset_name-FR-FCM-Z238_dataset-revision-67990f383ac8f169c9a00148febba1ed357e18e8_name-data_import.data_raw_potential-batches-1_seed-42_transformation-cofactor-5	dgcytof	drop-both	num-4	run0	2390998	23	461	38392	678706	1472.2472885032537	3.568687754032347
dataset_name-FR-FCM-Z238_dataset-revision-67990f383ac8f169c9a00148febba1ed357e18e8_name-data_import.data_raw_potential-batches-1_seed-42_transformation-cofactor-5	dgcytof	drop-both	num-5	run0	2385788	23	461	38985	672490	1458.7635574837311	3.5760493212523743
dataset_name-FR-FCM-Z238_dataset-revision-67990f383ac8f169c9a00148febba1ed357e18e8_name-data_import.data_raw_potential-batches-1_seed-42_transformation-cofactor-5	dgcytof	drop-train	num-1	run0	2400492	23	461	40753	682164	1479.7483731019522	3.5710745275778017
dataset_name-FR-FCM-Z238_dataset-revision-67990f383ac8f169c9a00148febba1ed357e18e8_name-data_import.data_raw_potential-batches-1_seed-42_transformation-cofactor-5	dgcytof	drop-train	num-2	run0	2351561	23	406	40576	660160	1626.0098522167489	3.579629490997429
dataset_name-FR-FCM-Z238_dataset-revision-67990f383ac8f169c9a00148febba1ed357e18e8_name-data_import.data_raw_potential-batches-1_seed-42_transformation-cofactor-5	dgcytof	drop-train	num-3	run0	2403060	23	461	40513	679484	1473.9349240780912	3.5736934499726214
dataset_name-FR-FCM-Z238_dataset-revision-67990f383ac8f169c9a00148febba1ed357e18e8_name-data_import.data_raw_potential-batches-1_seed-42_transformation-cofactor-5	dgcytof	drop-train	num-4	run0	2390998	23	461	38392	678706	1472.2472885032537	3.568687754032347
dataset_name-FR-FCM-Z238_dataset-revision-67990f383ac8f169c9a00148febba1ed357e18e8_name-data_import.data_raw_potential-batches-1_seed-42_transformation-cofactor-5	dgcytof	drop-train	num-5	run0	2385788	23	461	38985	672490	1458.7635574837311	3.5760493212523743
dataset_name-FR-FCM-Z238_dataset-revision-67990f383ac8f169c9a00148febba1ed357e18e8_name-data_import.data_raw_potential-batches-1_seed-42_transformation-cofactor-5	dgcytof	unfiltered	num-1	run0	2400492	23	461	40753	682164	1479.7483731019522	3.5710745275778017
dataset_name-FR-FCM-Z238_dataset-revision-67990f383ac8f169c9a00148febba1ed357e18e8_name-data_import.data_raw_potential-batches-1_seed-42_transformation-cofactor-5	dgcytof	unfiltered	num-2	run0	2351561	23	406	40576	660160	1626.0098522167489	3.579629490997429
dataset_name-FR-FCM-Z238_dataset-revision-67990f383ac8f169c9a00148febba1ed357e18e8_name-data_import.data_raw_potential-batches-1_seed-42_transformation-cofactor-5	dgcytof	unfiltered	num-3	run0	2403060	23	461	40513	679484	1473.9349240780912	3.5736934499726214
dataset_name-FR-FCM-Z238_dataset-revision-67990f383ac8f169c9a00148febba1ed357e18e8_name-data_import.data_raw_potential-batches-1_seed-42_transformation-cofactor-5	dgcytof	unfiltered	num-4	run0	2390998	23	461	38392	678706	1472.2472885032537	3.568687754032347
dataset_name-FR-FCM-Z238_dataset-revision-67990f383ac8f169c9a00148febba1ed357e18e8_name-data_import.data_raw_potential-batches-1_seed-42_transformation-cofactor-5	dgcytof	unfiltered	num-5	run0	2385788	23	461	38985	672490	1458.7635574837311	3.5760493212523743
dataset_name-FR-FCM-Z238_dataset-revision-67990f383ac8f169c9a00148febba1ed357e18e8_name-data_import.data_raw_potential-batches-1_seed-42_transformation-cofactor-5	knn	drop-both	num-1	run0	2400492	23	461	40753	682164	1479.7483731019522	3.5710745275778017
dataset_name-FR-FCM-Z238_dataset-revision-67990f383ac8f169c9a00148febba1ed357e18e8_name-data_import.data_raw_potential-batches-1_seed-42_transformation-cofactor-5	knn	drop-both	num-2	run0	2351561	23	406	40576	660160	1626.0098522167489	3.579629490997429
dataset_name-FR-FCM-Z238_dataset-revision-67990f383ac8f169c9a00148febba1ed357e18e8_name-data_import.data_raw_potential-batches-1_seed-42_transformation-cofactor-5	knn	drop-both	num-3	run0	2403060	23	461	40513	679484	1473.9349240780912	3.5736934499726214
dataset_name-FR-FCM-Z238_dataset-revision-67990f383ac8f169c9a00148febba1ed357e18e8_name-data_import.data_raw_potential-batches-1_seed-42_transformation-cofactor-5	knn	drop-both	num-4	run0	2390998	23	461	38392	678706	1472.2472885032537	3.568687754032347
dataset_name-FR-FCM-Z238_dataset-revision-67990f383ac8f169c9a00148febba1ed357e18e8_name-data_import.data_raw_potential-batches-1_seed-42_transformation-cofactor-5	knn	drop-both	num-5	run0	2385788	23	461	38985	672490	1458.7635574837311	3.5760493212523743
dataset_name-FR-FCM-Z238_dataset-revision-67990f383ac8f169c9a00148febba1ed357e18e8_name-data_import.data_raw_potential-batches-1_seed-42_transformation-cofactor-5	knn	drop-train	num-1	run0	2400492	23	461	40753	682164	1479.7483731019522	3.5710745275778017
dataset_name-FR-FCM-Z238_dataset-revision-67990f383ac8f169c9a00148febba1ed357e18e8_name-data_import.data_raw_potential-batches-1_seed-42_transformation-cofactor-5	knn	drop-train	num-2	run0	2351561	23	406	40576	660160	1626.0098522167489	3.579629490997429
dataset_name-FR-FCM-Z238_dataset-revision-67990f383ac8f169c9a00148febba1ed357e18e8_name-data_import.data_raw_potential-batches-1_seed-42_transformation-cofactor-5	knn	drop-train	num-3	run0	2403060	23	461	40513	679484	1473.9349240780912	3.5736934499726214
dataset_name-FR-FCM-Z238_dataset-revision-67990f383ac8f169c9a00148febba1ed357e18e8_name-data_import.data_raw_potential-batches-1_seed-42_transformation-cofactor-5	knn	drop-train	num-4	run0	2390998	23	461	38392	678706	1472.2472885032537	3.568687754032347
dataset_name-FR-FCM-Z238_dataset-revision-67990f383ac8f169c9a00148febba1ed357e18e8_name-data_import.data_raw_potential-batches-1_seed-42_transformation-cofactor-5	knn	drop-train	num-5	run0	2385788	23	461	38985	672490	1458.7635574837311	3.5760493212523743
dataset_name-FR-FCM-Z238_dataset-revision-67990f383ac8f169c9a00148febba1ed357e18e8_name-data_import.data_raw_potential-batches-1_seed-42_transformation-cofactor-5	knn	unfiltered	num-1	run0	2400492	23	461	40753	682164	1479.7483731019522	3.5710745275778017
dataset_name-FR-FCM-Z238_dataset-revision-67990f383ac8f169c9a00148febba1ed357e18e8_name-data_import.data_raw_potential-batches-1_seed-42_transformation-cofactor-5	knn	unfiltered	num-2	run0	2351561	23	406	40576	660160	1626.0098522167489	3.579629490997429
dataset_name-FR-FCM-Z238_dataset-revision-67990f383ac8f169c9a00148febba1ed357e18e8_name-data_import.data_raw_potential-batches-1_seed-42_transformation-cofactor-5	knn	unfiltered	num-3	run0	2403060	23	461	40513	679484	1473.9349240780912	3.5736934499726214
dataset_name-FR-FCM-Z238_dataset-revision-67990f383ac8f169c9a00148febba1ed357e18e8_name-data_import.data_raw_potential-batches-1_seed-42_transformation-cofactor-5	knn	unfiltered	num-4	run0	2390998	23	461	38392	678706	1472.2472885032537	3.568687754032347
dataset_name-FR-FCM-Z238_dataset-revision-67990f383ac8f169c9a00148febba1ed357e18e8_name-data_import.data_raw_potential-batches-1_seed-42_transformation-cofactor-5	knn	unfiltered	num-5	run0	2385788	23	461	38985	672490	1458.7635574837311	3.5760493212523743
dataset_name-FR-FCM-Z238_dataset-revision-67990f383ac8f169c9a00148febba1ed357e18e8_name-data_import.data_raw_potential-batches-1_seed-42_transformation-cofactor-5	lda	drop-both	num-1	run0	2400492	23	461	40753	682164	1479.7483731019522	3.5710745275778017
dataset_name-FR-FCM-Z238_dataset-revision-67990f383ac8f169c9a00148febba1ed357e18e8_name-data_import.data_raw_potential-batches-1_seed-42_transformation-cofactor-5	lda	drop-both	num-2	run0	2351561	23	406	40576	660160	1626.0098522167489	3.579629490997429
dataset_name-FR-FCM-Z238_dataset-revision-67990f383ac8f169c9a00148febba1ed357e18e8_name-data_import.data_raw_potential-batches-1_seed-42_transformation-cofactor-5	lda	drop-both	num-3	run0	2403060	23	461	40513	679484	1473.9349240780912	3.5736934499726214
dataset_name-FR-FCM-Z238_dataset-revision-67990f383ac8f169c9a00148febba1ed357e18e8_name-data_import.data_raw_potential-batches-1_seed-42_transformation-cofactor-5	lda	drop-both	num-4	run0	2390998	23	461	38392	678706	1472.2472885032537	3.568687754032347
dataset_name-FR-FCM-Z238_dataset-revision-67990f383ac8f169c9a00148febba1ed357e18e8_name-data_import.data_raw_potential-batches-1_seed-42_transformation-cofactor-5	lda	drop-both	num-5	run0	2385788	23	461	38985	672490	1458.7635574837311	3.5760493212523743
dataset_name-FR-FCM-Z238_dataset-revision-67990f383ac8f169c9a00148febba1ed357e18e8_name-data_import.data_raw_potential-batches-1_seed-42_transformation-cofactor-5	lda	drop-train	num-1	run0	2400492	23	461	40753	682164	1479.7483731019522	3.5710745275778017
dataset_name-FR-FCM-Z238_dataset-revision-67990f383ac8f169c9a00148febba1ed357e18e8_name-data_import.data_raw_potential-batches-1_seed-42_transformation-cofactor-5	lda	drop-train	num-2	run0	2351561	23	406	40576	660160	1626.0098522167489	3.579629490997429
dataset_name-FR-FCM-Z238_dataset-revision-67990f383ac8f169c9a00148febba1ed357e18e8_name-data_import.data_raw_potential-batches-1_seed-42_transformation-cofactor-5	lda	drop-train	num-3	run0	2403060	23	461	40513	679484	1473.9349240780912	3.5736934499726214
dataset_name-FR-FCM-Z238_dataset-revision-67990f383ac8f169c9a00148febba1ed357e18e8_name-data_import.data_raw_potential-batches-1_seed-42_transformation-cofactor-5	lda	drop-train	num-4	run0	2390998	23	461	38392	678706	1472.2472885032537	3.568687754032347
dataset_name-FR-FCM-Z238_dataset-revision-67990f383ac8f169c9a00148febba1ed357e18e8_name-data_import.data_raw_potential-batches-1_seed-42_transformation-cofactor-5	lda	drop-train	num-5	run0	2385788	23	461	38985	672490	1458.7635574837311	3.5760493212523743
dataset_name-FR-FCM-Z238_dataset-revision-67990f383ac8f169c9a00148febba1ed357e18e8_name-data_import.data_raw_potential-batches-1_seed-42_transformation-cofactor-5	lda	unfiltered	num-1	run0	2400492	23	461	40753	682164	1479.7483731019522	3.5710745275778017
dataset_name-FR-FCM-Z238_dataset-revision-67990f383ac8f169c9a00148febba1ed357e18e8_name-data_import.data_raw_potential-batches-1_seed-42_transformation-cofactor-5	lda	unfiltered	num-2	run0	2351561	23	406	40576	660160	1626.0098522167489	3.579629490997429
dataset_name-FR-FCM-Z238_dataset-revision-67990f383ac8f169c9a00148febba1ed357e18e8_name-data_import.data_raw_potential-batches-1_seed-42_transformation-cofactor-5	lda	unfiltered	num-3	run0	2403060	23	461	40513	679484	1473.9349240780912	3.5736934499726214
dataset_name-FR-FCM-Z238_dataset-revision-67990f383ac8f169c9a00148febba1ed357e18e8_name-data_import.data_raw_potential-batches-1_seed-42_transformation-cofactor-5	lda	unfiltered	num-4	run0	2390998	23	461	38392	678706	1472.2472885032537	3.568687754032347
dataset_name-FR-FCM-Z238_dataset-revision-67990f383ac8f169c9a00148febba1ed357e18e8_name-data_import.data_raw_potential-batches-1_seed-42_transformation-cofactor-5	lda	unfiltered	num-5	run0	2385788	23	461	38985	672490	1458.7635574837311	3.5760493212523743
dataset_name-FR-FCM-Z238_dataset-revision-67990f383ac8f169c9a00148febba1ed357e18e8_name-data_import.data_raw_potential-batches-1_seed-42_transformation-cofactor-5	random	drop-both	num-1	run0	2400492	23	461	40753	682164	1479.7483731019522	3.5710745275778017
dataset_name-FR-FCM-Z238_dataset-revision-67990f383ac8f169c9a00148febba1ed357e18e8_name-data_import.data_raw_potential-batches-1_seed-42_transformation-cofactor-5	random	drop-both	num-2	run0	2351561	23	406	40576	660160	1626.0098522167489	3.579629490997429
dataset_name-FR-FCM-Z238_dataset-revision-67990f383ac8f169c9a00148febba1ed357e18e8_name-data_import.data_raw_potential-batches-1_seed-42_transformation-cofactor-5	random	drop-both	num-3	run0	2403060	23	461	40513	679484	1473.9349240780912	3.5736934499726214
dataset_name-FR-FCM-Z238_dataset-revision-67990f383ac8f169c9a00148febba1ed357e18e8_name-data_import.data_raw_potential-batches-1_seed-42_transformation-cofactor-5	random	drop-both	num-4	run0	2390998	23	461	38392	678706	1472.2472885032537	3.568687754032347
dataset_name-FR-FCM-Z238_dataset-revision-67990f383ac8f169c9a00148febba1ed357e18e8_name-data_import.data_raw_potential-batches-1_seed-42_transformation-cofactor-5	random	drop-both	num-5	run0	2385788	23	461	38985	672490	1458.7635574837311	3.5760493212523743
dataset_name-FR-FCM-Z238_dataset-revision-67990f383ac8f169c9a00148febba1ed357e18e8_name-data_import.data_raw_potential-batches-1_seed-42_transformation-cofactor-5	random	drop-train	num-1	run0	2400492	23	461	40753	682164	1479.7483731019522	3.5710745275778017
dataset_name-FR-FCM-Z238_dataset-revision-67990f383ac8f169c9a00148febba1ed357e18e8_name-data_import.data_raw_potential-batches-1_seed-42_transformation-cofactor-5	random	drop-train	num-2	run0	2351561	23	406	40576	660160	1626.0098522167489	3.579629490997429
dataset_name-FR-FCM-Z238_dataset-revision-67990f383ac8f169c9a00148febba1ed357e18e8_name-data_import.data_raw_potential-batches-1_seed-42_transformation-cofactor-5	random	drop-train	num-3	run0	2403060	23	461	40513	679484	1473.9349240780912	3.5736934499726214
dataset_name-FR-FCM-Z238_dataset-revision-67990f383ac8f169c9a00148febba1ed357e18e8_name-data_import.data_raw_potential-batches-1_seed-42_transformation-cofactor-5	random	drop-train	num-4	run0	2390998	23	461	38392	678706	1472.2472885032537	3.568687754032347
dataset_name-FR-FCM-Z238_dataset-revision-67990f383ac8f169c9a00148febba1ed357e18e8_name-data_import.data_raw_potential-batches-1_seed-42_transformation-cofactor-5	random	drop-train	num-5	run0	2385788	23	461	38985	672490	1458.7635574837311	3.5760493212523743
dataset_name-FR-FCM-Z238_dataset-revision-67990f383ac8f169c9a00148febba1ed357e18e8_name-data_import.data_raw_potential-batches-1_seed-42_transformation-cofactor-5	random	unfiltered	num-1	run0	2400492	23	461	40753	682164	1479.7483731019522	3.5710745275778017
dataset_name-FR-FCM-Z238_dataset-revision-67990f383ac8f169c9a00148febba1ed357e18e8_name-data_import.data_raw_potential-batches-1_seed-42_transformation-cofactor-5	random	unfiltered	num-2	run0	2351561	23	406	40576	660160	1626.0098522167489	3.579629490997429
dataset_name-FR-FCM-Z238_dataset-revision-67990f383ac8f169c9a00148febba1ed357e18e8_name-data_import.data_raw_potential-batches-1_seed-42_transformation-cofactor-5	random	unfiltered	num-3	run0	2403060	23	461	40513	679484	1473.9349240780912	3.5736934499726214
dataset_name-FR-FCM-Z238_dataset-revision-67990f383ac8f169c9a00148febba1ed357e18e8_name-data_import.data_raw_potential-batches-1_seed-42_transformation-cofactor-5	random	unfiltered	num-4	run0	2390998	23	461	38392	678706	1472.2472885032537	3.568687754032347
dataset_name-FR-FCM-Z238_dataset-revision-67990f383ac8f169c9a00148febba1ed357e18e8_name-data_import.data_raw_potential-batches-1_seed-42_transformation-cofactor-5	random	unfiltered	num-5	run0	2385788	23	461	38985	672490	1458.7635574837311	3.5760493212523743
dataset_name-FR-FCM-Z2KP-covid_dataset-revision-67990f383ac8f169c9a00148febba1ed357e18e8_name-data_import.data_raw_potential-batches-1_seed-42_transformation-cofactor-150	cyanno	drop-both	num-1	run0	3315861	5	148112	410288	1497047	10.107533488171114	1.9436247117533696
dataset_name-FR-FCM-Z2KP-covid_dataset-revision-67990f383ac8f169c9a00148febba1ed357e18e8_name-data_import.data_raw_potential-batches-1_seed-42_transformation-cofactor-150	cyanno	drop-both	num-2	run0	3490514	5	184787	410167	1680825	9.096013247685173	1.9317652336838333
dataset_name-FR-FCM-Z2KP-covid_dataset-revision-67990f383ac8f169c9a00148febba1ed357e18e8_name-data_import.data_raw_potential-batches-1_seed-42_transformation-cofactor-150	cyanno	drop-both	num-3	run0	3390064	5	177410	406331	1569785	8.848345640042838	1.9420837667689304
dataset_name-FR-FCM-Z2KP-covid_dataset-revision-67990f383ac8f169c9a00148febba1ed357e18e8_name-data_import.data_raw_potential-batches-1_seed-42_transformation-cofactor-150	cyanno	drop-both	num-4	run0	3423803	5	169715	389869	1629182	9.599516837050349	1.9200167945133737
dataset_name-FR-FCM-Z2KP-covid_dataset-revision-67990f383ac8f169c9a00148febba1ed357e18e8_name-data_import.data_raw_potential-batches-1_seed-42_transformation-cofactor-150	cyanno	drop-both	num-5	run0	3496879	5	182585	419294	1658216	9.08188514938248	1.9355128614260704
dataset_name-FR-FCM-Z2KP-covid_dataset-revision-67990f383ac8f169c9a00148febba1ed357e18e8_name-data_import.data_raw_potential-batches-1_seed-42_transformation-cofactor-150	cyanno	drop-train	num-1	run0	3315861	5	148112	410288	1497047	10.107533488171114	1.9436247117533696
dataset_name-FR-FCM-Z2KP-covid_dataset-revision-67990f383ac8f169c9a00148febba1ed357e18e8_name-data_import.data_raw_potential-batches-1_seed-42_transformation-cofactor-150	cyanno	drop-train	num-2	run0	3490514	5	184787	410167	1680825	9.096013247685173	1.9317652336838333
dataset_name-FR-FCM-Z2KP-covid_dataset-revision-67990f383ac8f169c9a00148febba1ed357e18e8_name-data_import.data_raw_potential-batches-1_seed-42_transformation-cofactor-150	cyanno	drop-train	num-3	run0	3390064	5	177410	406331	1569785	8.848345640042838	1.9420837667689304
dataset_name-FR-FCM-Z2KP-covid_dataset-revision-67990f383ac8f169c9a00148febba1ed357e18e8_name-data_import.data_raw_potential-batches-1_seed-42_transformation-cofactor-150	cyanno	drop-train	num-4	run0	3423803	5	169715	389869	1629182	9.599516837050349	1.9200167945133737
dataset_name-FR-FCM-Z2KP-covid_dataset-revision-67990f383ac8f169c9a00148febba1ed357e18e8_name-data_import.data_raw_potential-batches-1_seed-42_transformation-cofactor-150	cyanno	drop-train	num-5	run0	3496879	5	182585	419294	1658216	9.08188514938248	1.9355128614260704
dataset_name-FR-FCM-Z2KP-covid_dataset-revision-67990f383ac8f169c9a00148febba1ed357e18e8_name-data_import.data_raw_potential-batches-1_seed-42_transformation-cofactor-150	cyanno	unfiltered	num-1	run0	3315861	5	148112	410288	1497047	10.107533488171114	1.9436247117533696
dataset_name-FR-FCM-Z2KP-covid_dataset-revision-67990f383ac8f169c9a00148febba1ed357e18e8_name-data_import.data_raw_potential-batches-1_seed-42_transformation-cofactor-150	cyanno	unfiltered	num-2	run0	3490514	5	184787	410167	1680825	9.096013247685173	1.9317652336838333
dataset_name-FR-FCM-Z2KP-covid_dataset-revision-67990f383ac8f169c9a00148febba1ed357e18e8_name-data_import.data_raw_potential-batches-1_seed-42_transformation-cofactor-150	cyanno	unfiltered	num-3	run0	3390064	5	177410	406331	1569785	8.848345640042838	1.9420837667689304
dataset_name-FR-FCM-Z2KP-covid_dataset-revision-67990f383ac8f169c9a00148febba1ed357e18e8_name-data_import.data_raw_potential-batches-1_seed-42_transformation-cofactor-150	cyanno	unfiltered	num-4	run0	3423803	5	169715	389869	1629182	9.599516837050349	1.9200167945133737
dataset_name-FR-FCM-Z2KP-covid_dataset-revision-67990f383ac8f169c9a00148febba1ed357e18e8_name-data_import.data_raw_potential-batches-1_seed-42_transformation-cofactor-150	cyanno	unfiltered	num-5	run0	3496879	5	182585	419294	1658216	9.08188514938248	1.9355128614260704
dataset_name-FR-FCM-Z2KP-covid_dataset-revision-67990f383ac8f169c9a00148febba1ed357e18e8_name-data_import.data_raw_potential-batches-1_seed-42_transformation-cofactor-150	cydefine[3f57bdcdec41]	drop-both	num-1	run0	3315861	5	148112	410288	1497047	10.107533488171114	1.9436247117533696
dataset_name-FR-FCM-Z2KP-covid_dataset-revision-67990f383ac8f169c9a00148febba1ed357e18e8_name-data_import.data_raw_potential-batches-1_seed-42_transformation-cofactor-150	cydefine[3f57bdcdec41]	drop-both	num-2	run0	3490514	5	184787	410167	1680825	9.096013247685173	1.9317652336838333
dataset_name-FR-FCM-Z2KP-covid_dataset-revision-67990f383ac8f169c9a00148febba1ed357e18e8_name-data_import.data_raw_potential-batches-1_seed-42_transformation-cofactor-150	cydefine[3f57bdcdec41]	drop-both	num-3	run0	3390064	5	177410	406331	1569785	8.848345640042838	1.9420837667689304
dataset_name-FR-FCM-Z2KP-covid_dataset-revision-67990f383ac8f169c9a00148febba1ed357e18e8_name-data_import.data_raw_potential-batches-1_seed-42_transformation-cofactor-150	cydefine[3f57bdcdec41]	drop-both	num-4	run0	3423803	5	169715	389869	1629182	9.599516837050349	1.9200167945133737
dataset_name-FR-FCM-Z2KP-covid_dataset-revision-67990f383ac8f169c9a00148febba1ed357e18e8_name-data_import.data_raw_potential-batches-1_seed-42_transformation-cofactor-150	cydefine[3f57bdcdec41]	drop-both	num-5	run0	3496879	5	182585	419294	1658216	9.08188514938248	1.9355128614260704
dataset_name-FR-FCM-Z2KP-covid_dataset-revision-67990f383ac8f169c9a00148febba1ed357e18e8_name-data_import.data_raw_potential-batches-1_seed-42_transformation-cofactor-150	cydefine[3f57bdcdec41]	drop-train	num-1	run0	3315861	5	148112	410288	1497047	10.107533488171114	1.9436247117533696
dataset_name-FR-FCM-Z2KP-covid_dataset-revision-67990f383ac8f169c9a00148febba1ed357e18e8_name-data_import.data_raw_potential-batches-1_seed-42_transformation-cofactor-150	cydefine[3f57bdcdec41]	drop-train	num-2	run0	3490514	5	184787	410167	1680825	9.096013247685173	1.9317652336838333
dataset_name-FR-FCM-Z2KP-covid_dataset-revision-67990f383ac8f169c9a00148febba1ed357e18e8_name-data_import.data_raw_potential-batches-1_seed-42_transformation-cofactor-150	cydefine[3f57bdcdec41]	drop-train	num-3	run0	3390064	5	177410	406331	1569785	8.848345640042838	1.9420837667689304
dataset_name-FR-FCM-Z2KP-covid_dataset-revision-67990f383ac8f169c9a00148febba1ed357e18e8_name-data_import.data_raw_potential-batches-1_seed-42_transformation-cofactor-150	cydefine[3f57bdcdec41]	drop-train	num-4	run0	3423803	5	169715	389869	1629182	9.599516837050349	1.9200167945133737
dataset_name-FR-FCM-Z2KP-covid_dataset-revision-67990f383ac8f169c9a00148febba1ed357e18e8_name-data_import.data_raw_potential-batches-1_seed-42_transformation-cofactor-150	cydefine[3f57bdcdec41]	drop-train	num-5	run0	3496879	5	182585	419294	1658216	9.08188514938248	1.9355128614260704
dataset_name-FR-FCM-Z2KP-covid_dataset-revision-67990f383ac8f169c9a00148febba1ed357e18e8_name-data_import.data_raw_potential-batches-1_seed-42_transformation-cofactor-150	cydefine[3f57bdcdec41]	unfiltered	num-1	run0	3315861	5	148112	410288	1497047	10.107533488171114	1.9436247117533696
dataset_name-FR-FCM-Z2KP-covid_dataset-revision-67990f383ac8f169c9a00148febba1ed357e18e8_name-data_import.data_raw_potential-batches-1_seed-42_transformation-cofactor-150	cydefine[3f57bdcdec41]	unfiltered	num-2	run0	3490514	5	184787	410167	1680825	9.096013247685173	1.9317652336838333
dataset_name-FR-FCM-Z2KP-covid_dataset-revision-67990f383ac8f169c9a00148febba1ed357e18e8_name-data_import.data_raw_potential-batches-1_seed-42_transformation-cofactor-150	cydefine[3f57bdcdec41]	unfiltered	num-3	run0	3390064	5	177410	406331	1569785	8.848345640042838	1.9420837667689304
dataset_name-FR-FCM-Z2KP-covid_dataset-revision-67990f383ac8f169c9a00148febba1ed357e18e8_name-data_import.data_raw_potential-batches-1_seed-42_transformation-cofactor-150	cydefine[3f57bdcdec41]	unfiltered	num-4	run0	3423803	5	169715	389869	1629182	9.599516837050349	1.9200167945133737
dataset_name-FR-FCM-Z2KP-covid_dataset-revision-67990f383ac8f169c9a00148febba1ed357e18e8_name-data_import.data_raw_potential-batches-1_seed-42_transformation-cofactor-150	cydefine[3f57bdcdec41]	unfiltered	num-5	run0	3496879	5	182585	419294	1658216	9.08188514938248	1.9355128614260704
dataset_name-FR-FCM-Z2KP-covid_dataset-revision-67990f383ac8f169c9a00148febba1ed357e18e8_name-data_import.data_raw_potential-batches-1_seed-42_transformation-cofactor-150	cygate	drop-both	num-1	run0	3315861	5	148112	410288	1497047	10.107533488171114	1.9436247117533696
dataset_name-FR-FCM-Z2KP-covid_dataset-revision-67990f383ac8f169c9a00148febba1ed357e18e8_name-data_import.data_raw_potential-batches-1_seed-42_transformation-cofactor-150	cygate	drop-both	num-2	run0	3490514	5	184787	410167	1680825	9.096013247685173	1.9317652336838333
dataset_name-FR-FCM-Z2KP-covid_dataset-revision-67990f383ac8f169c9a00148febba1ed357e18e8_name-data_import.data_raw_potential-batches-1_seed-42_transformation-cofactor-150	cygate	drop-both	num-3	run0	3390064	5	177410	406331	1569785	8.848345640042838	1.9420837667689304
dataset_name-FR-FCM-Z2KP-covid_dataset-revision-67990f383ac8f169c9a00148febba1ed357e18e8_name-data_import.data_raw_potential-batches-1_seed-42_transformation-cofactor-150	cygate	drop-both	num-4	run0	3423803	5	169715	389869	1629182	9.599516837050349	1.9200167945133737
dataset_name-FR-FCM-Z2KP-covid_dataset-revision-67990f383ac8f169c9a00148febba1ed357e18e8_name-data_import.data_raw_potential-batches-1_seed-42_transformation-cofactor-150	cygate	drop-both	num-5	run0	3496879	5	182585	419294	1658216	9.08188514938248	1.9355128614260704
dataset_name-FR-FCM-Z2KP-covid_dataset-revision-67990f383ac8f169c9a00148febba1ed357e18e8_name-data_import.data_raw_potential-batches-1_seed-42_transformation-cofactor-150	cygate	drop-train	num-1	run0	3315861	5	148112	410288	1497047	10.107533488171114	1.9436247117533696
dataset_name-FR-FCM-Z2KP-covid_dataset-revision-67990f383ac8f169c9a00148febba1ed357e18e8_name-data_import.data_raw_potential-batches-1_seed-42_transformation-cofactor-150	cygate	drop-train	num-2	run0	3490514	5	184787	410167	1680825	9.096013247685173	1.9317652336838333
dataset_name-FR-FCM-Z2KP-covid_dataset-revision-67990f383ac8f169c9a00148febba1ed357e18e8_name-data_import.data_raw_potential-batches-1_seed-42_transformation-cofactor-150	cygate	drop-train	num-3	run0	3390064	5	177410	406331	1569785	8.848345640042838	1.9420837667689304
dataset_name-FR-FCM-Z2KP-covid_dataset-revision-67990f383ac8f169c9a00148febba1ed357e18e8_name-data_import.data_raw_potential-batches-1_seed-42_transformation-cofactor-150	cygate	drop-train	num-4	run0	3423803	5	169715	389869	1629182	9.599516837050349	1.9200167945133737
dataset_name-FR-FCM-Z2KP-covid_dataset-revision-67990f383ac8f169c9a00148febba1ed357e18e8_name-data_import.data_raw_potential-batches-1_seed-42_transformation-cofactor-150	cygate	drop-train	num-5	run0	3496879	5	182585	419294	1658216	9.08188514938248	1.9355128614260704
dataset_name-FR-FCM-Z2KP-covid_dataset-revision-67990f383ac8f169c9a00148febba1ed357e18e8_name-data_import.data_raw_potential-batches-1_seed-42_transformation-cofactor-150	cygate	unfiltered	num-1	run0	3315861	5	148112	410288	1497047	10.107533488171114	1.9436247117533696
dataset_name-FR-FCM-Z2KP-covid_dataset-revision-67990f383ac8f169c9a00148febba1ed357e18e8_name-data_import.data_raw_potential-batches-1_seed-42_transformation-cofactor-150	cygate	unfiltered	num-2	run0	3490514	5	184787	410167	1680825	9.096013247685173	1.9317652336838333
dataset_name-FR-FCM-Z2KP-covid_dataset-revision-67990f383ac8f169c9a00148febba1ed357e18e8_name-data_import.data_raw_potential-batches-1_seed-42_transformation-cofactor-150	cygate	unfiltered	num-3	run0	3390064	5	177410	406331	1569785	8.848345640042838	1.9420837667689304
dataset_name-FR-FCM-Z2KP-covid_dataset-revision-67990f383ac8f169c9a00148febba1ed357e18e8_name-data_import.data_raw_potential-batches-1_seed-42_transformation-cofactor-150	cygate	unfiltered	num-4	run0	3423803	5	169715	389869	1629182	9.599516837050349	1.9200167945133737
dataset_name-FR-FCM-Z2KP-covid_dataset-revision-67990f383ac8f169c9a00148febba1ed357e18e8_name-data_import.data_raw_potential-batches-1_seed-42_transformation-cofactor-150	cygate	unfiltered	num-5	run0	3496879	5	182585	419294	1658216	9.08188514938248	1.9355128614260704
dataset_name-FR-FCM-Z2KP-covid_dataset-revision-67990f383ac8f169c9a00148febba1ed357e18e8_name-data_import.data_raw_potential-batches-1_seed-42_transformation-cofactor-150	dgcytof	drop-both	num-1	run0	3315861	5	148112	410288	1497047	10.107533488171114	1.9436247117533696
dataset_name-FR-FCM-Z2KP-covid_dataset-revision-67990f383ac8f169c9a00148febba1ed357e18e8_name-data_import.data_raw_potential-batches-1_seed-42_transformation-cofactor-150	dgcytof	drop-both	num-2	run0	3490514	5	184787	410167	1680825	9.096013247685173	1.9317652336838333
dataset_name-FR-FCM-Z2KP-covid_dataset-revision-67990f383ac8f169c9a00148febba1ed357e18e8_name-data_import.data_raw_potential-batches-1_seed-42_transformation-cofactor-150	dgcytof	drop-both	num-3	run0	3390064	5	177410	406331	1569785	8.848345640042838	1.9420837667689304
dataset_name-FR-FCM-Z2KP-covid_dataset-revision-67990f383ac8f169c9a00148febba1ed357e18e8_name-data_import.data_raw_potential-batches-1_seed-42_transformation-cofactor-150	dgcytof	drop-both	num-4	run0	3423803	5	169715	389869	1629182	9.599516837050349	1.9200167945133737
dataset_name-FR-FCM-Z2KP-covid_dataset-revision-67990f383ac8f169c9a00148febba1ed357e18e8_name-data_import.data_raw_potential-batches-1_seed-42_transformation-cofactor-150	dgcytof	drop-both	num-5	run0	3496879	5	182585	419294	1658216	9.08188514938248	1.9355128614260704
dataset_name-FR-FCM-Z2KP-covid_dataset-revision-67990f383ac8f169c9a00148febba1ed357e18e8_name-data_import.data_raw_potential-batches-1_seed-42_transformation-cofactor-150	dgcytof	drop-train	num-1	run0	3315861	5	148112	410288	1497047	10.107533488171114	1.9436247117533696
dataset_name-FR-FCM-Z2KP-covid_dataset-revision-67990f383ac8f169c9a00148febba1ed357e18e8_name-data_import.data_raw_potential-batches-1_seed-42_transformation-cofactor-150	dgcytof	drop-train	num-2	run0	3490514	5	184787	410167	1680825	9.096013247685173	1.9317652336838333
dataset_name-FR-FCM-Z2KP-covid_dataset-revision-67990f383ac8f169c9a00148febba1ed357e18e8_name-data_import.data_raw_potential-batches-1_seed-42_transformation-cofactor-150	dgcytof	drop-train	num-3	run0	3390064	5	177410	406331	1569785	8.848345640042838	1.9420837667689304
dataset_name-FR-FCM-Z2KP-covid_dataset-revision-67990f383ac8f169c9a00148febba1ed357e18e8_name-data_import.data_raw_potential-batches-1_seed-42_transformation-cofactor-150	dgcytof	drop-train	num-4	run0	3423803	5	169715	389869	1629182	9.599516837050349	1.9200167945133737
dataset_name-FR-FCM-Z2KP-covid_dataset-revision-67990f383ac8f169c9a00148febba1ed357e18e8_name-data_import.data_raw_potential-batches-1_seed-42_transformation-cofactor-150	dgcytof	drop-train	num-5	run0	3496879	5	182585	419294	1658216	9.08188514938248	1.9355128614260704
dataset_name-FR-FCM-Z2KP-covid_dataset-revision-67990f383ac8f169c9a00148febba1ed357e18e8_name-data_import.data_raw_potential-batches-1_seed-42_transformation-cofactor-150	dgcytof	unfiltered	num-1	run0	3315861	5	148112	410288	1497047	10.107533488171114	1.9436247117533696
dataset_name-FR-FCM-Z2KP-covid_dataset-revision-67990f383ac8f169c9a00148febba1ed357e18e8_name-data_import.data_raw_potential-batches-1_seed-42_transformation-cofactor-150	dgcytof	unfiltered	num-2	run0	3490514	5	184787	410167	1680825	9.096013247685173	1.9317652336838333
dataset_name-FR-FCM-Z2KP-covid_dataset-revision-67990f383ac8f169c9a00148febba1ed357e18e8_name-data_import.data_raw_potential-batches-1_seed-42_transformation-cofactor-150	dgcytof	unfiltered	num-3	run0	3390064	5	177410	406331	1569785	8.848345640042838	1.9420837667689304
dataset_name-FR-FCM-Z2KP-covid_dataset-revision-67990f383ac8f169c9a00148febba1ed357e18e8_name-data_import.data_raw_potential-batches-1_seed-42_transformation-cofactor-150	dgcytof	unfiltered	num-4	run0	3423803	5	169715	389869	1629182	9.599516837050349	1.9200167945133737
dataset_name-FR-FCM-Z2KP-covid_dataset-revision-67990f383ac8f169c9a00148febba1ed357e18e8_name-data_import.data_raw_potential-batches-1_seed-42_transformation-cofactor-150	dgcytof	unfiltered	num-5	run0	3496879	5	182585	419294	1658216	9.08188514938248	1.9355128614260704
dataset_name-FR-FCM-Z2KP-covid_dataset-revision-67990f383ac8f169c9a00148febba1ed357e18e8_name-data_import.data_raw_potential-batches-1_seed-42_transformation-cofactor-150	knn	drop-both	num-1	run0	3315861	5	148112	410288	1497047	10.107533488171114	1.9436247117533696
dataset_name-FR-FCM-Z2KP-covid_dataset-revision-67990f383ac8f169c9a00148febba1ed357e18e8_name-data_import.data_raw_potential-batches-1_seed-42_transformation-cofactor-150	knn	drop-both	num-2	run0	3490514	5	184787	410167	1680825	9.096013247685173	1.9317652336838333
dataset_name-FR-FCM-Z2KP-covid_dataset-revision-67990f383ac8f169c9a00148febba1ed357e18e8_name-data_import.data_raw_potential-batches-1_seed-42_transformation-cofactor-150	knn	drop-both	num-3	run0	3390064	5	177410	406331	1569785	8.848345640042838	1.9420837667689304
dataset_name-FR-FCM-Z2KP-covid_dataset-revision-67990f383ac8f169c9a00148febba1ed357e18e8_name-data_import.data_raw_potential-batches-1_seed-42_transformation-cofactor-150	knn	drop-both	num-4	run0	3423803	5	169715	389869	1629182	9.599516837050349	1.9200167945133737
dataset_name-FR-FCM-Z2KP-covid_dataset-revision-67990f383ac8f169c9a00148febba1ed357e18e8_name-data_import.data_raw_potential-batches-1_seed-42_transformation-cofactor-150	knn	drop-both	num-5	run0	3496879	5	182585	419294	1658216	9.08188514938248	1.9355128614260704
dataset_name-FR-FCM-Z2KP-covid_dataset-revision-67990f383ac8f169c9a00148febba1ed357e18e8_name-data_import.data_raw_potential-batches-1_seed-42_transformation-cofactor-150	knn	drop-train	num-1	run0	3315861	5	148112	410288	1497047	10.107533488171114	1.9436247117533696
dataset_name-FR-FCM-Z2KP-covid_dataset-revision-67990f383ac8f169c9a00148febba1ed357e18e8_name-data_import.data_raw_potential-batches-1_seed-42_transformation-cofactor-150	knn	drop-train	num-2	run0	3490514	5	184787	410167	1680825	9.096013247685173	1.9317652336838333
dataset_name-FR-FCM-Z2KP-covid_dataset-revision-67990f383ac8f169c9a00148febba1ed357e18e8_name-data_import.data_raw_potential-batches-1_seed-42_transformation-cofactor-150	knn	drop-train	num-3	run0	3390064	5	177410	406331	1569785	8.848345640042838	1.9420837667689304
dataset_name-FR-FCM-Z2KP-covid_dataset-revision-67990f383ac8f169c9a00148febba1ed357e18e8_name-data_import.data_raw_potential-batches-1_seed-42_transformation-cofactor-150	knn	drop-train	num-4	run0	3423803	5	169715	389869	1629182	9.599516837050349	1.9200167945133737
dataset_name-FR-FCM-Z2KP-covid_dataset-revision-67990f383ac8f169c9a00148febba1ed357e18e8_name-data_import.data_raw_potential-batches-1_seed-42_transformation-cofactor-150	knn	drop-train	num-5	run0	3496879	5	182585	419294	1658216	9.08188514938248	1.9355128614260704
dataset_name-FR-FCM-Z2KP-covid_dataset-revision-67990f383ac8f169c9a00148febba1ed357e18e8_name-data_import.data_raw_potential-batches-1_seed-42_transformation-cofactor-150	knn	unfiltered	num-1	run0	3315861	5	148112	410288	1497047	10.107533488171114	1.9436247117533696
dataset_name-FR-FCM-Z2KP-covid_dataset-revision-67990f383ac8f169c9a00148febba1ed357e18e8_name-data_import.data_raw_potential-batches-1_seed-42_transformation-cofactor-150	knn	unfiltered	num-2	run0	3490514	5	184787	410167	1680825	9.096013247685173	1.9317652336838333
dataset_name-FR-FCM-Z2KP-covid_dataset-revision-67990f383ac8f169c9a00148febba1ed357e18e8_name-data_import.data_raw_potential-batches-1_seed-42_transformation-cofactor-150	knn	unfiltered	num-3	run0	3390064	5	177410	406331	1569785	8.848345640042838	1.9420837667689304
dataset_name-FR-FCM-Z2KP-covid_dataset-revision-67990f383ac8f169c9a00148febba1ed357e18e8_name-data_import.data_raw_potential-batches-1_seed-42_transformation-cofactor-150	knn	unfiltered	num-4	run0	3423803	5	169715	389869	1629182	9.599516837050349	1.9200167945133737
dataset_name-FR-FCM-Z2KP-covid_dataset-revision-67990f383ac8f169c9a00148febba1ed357e18e8_name-data_import.data_raw_potential-batches-1_seed-42_transformation-cofactor-150	knn	unfiltered	num-5	run0	3496879	5	182585	419294	1658216	9.08188514938248	1.9355128614260704
dataset_name-FR-FCM-Z2KP-covid_dataset-revision-67990f383ac8f169c9a00148febba1ed357e18e8_name-data_import.data_raw_potential-batches-1_seed-42_transformation-cofactor-150	lda	drop-both	num-1	run0	3315861	5	148112	410288	1497047	10.107533488171114	1.9436247117533696
dataset_name-FR-FCM-Z2KP-covid_dataset-revision-67990f383ac8f169c9a00148febba1ed357e18e8_name-data_import.data_raw_potential-batches-1_seed-42_transformation-cofactor-150	lda	drop-both	num-2	run0	3490514	5	184787	410167	1680825	9.096013247685173	1.9317652336838333
dataset_name-FR-FCM-Z2KP-covid_dataset-revision-67990f383ac8f169c9a00148febba1ed357e18e8_name-data_import.data_raw_potential-batches-1_seed-42_transformation-cofactor-150	lda	drop-both	num-3	run0	3390064	5	177410	406331	1569785	8.848345640042838	1.9420837667689304
dataset_name-FR-FCM-Z2KP-covid_dataset-revision-67990f383ac8f169c9a00148febba1ed357e18e8_name-data_import.data_raw_potential-batches-1_seed-42_transformation-cofactor-150	lda	drop-both	num-4	run0	3423803	5	169715	389869	1629182	9.599516837050349	1.9200167945133737
dataset_name-FR-FCM-Z2KP-covid_dataset-revision-67990f383ac8f169c9a00148febba1ed357e18e8_name-data_import.data_raw_potential-batches-1_seed-42_transformation-cofactor-150	lda	drop-both	num-5	run0	3496879	5	182585	419294	1658216	9.08188514938248	1.9355128614260704
dataset_name-FR-FCM-Z2KP-covid_dataset-revision-67990f383ac8f169c9a00148febba1ed357e18e8_name-data_import.data_raw_potential-batches-1_seed-42_transformation-cofactor-150	lda	drop-train	num-1	run0	3315861	5	148112	410288	1497047	10.107533488171114	1.9436247117533696
dataset_name-FR-FCM-Z2KP-covid_dataset-revision-67990f383ac8f169c9a00148febba1ed357e18e8_name-data_import.data_raw_potential-batches-1_seed-42_transformation-cofactor-150	lda	drop-train	num-2	run0	3490514	5	184787	410167	1680825	9.096013247685173	1.9317652336838333
dataset_name-FR-FCM-Z2KP-covid_dataset-revision-67990f383ac8f169c9a00148febba1ed357e18e8_name-data_import.data_raw_potential-batches-1_seed-42_transformation-cofactor-150	lda	drop-train	num-3	run0	3390064	5	177410	406331	1569785	8.848345640042838	1.9420837667689304
dataset_name-FR-FCM-Z2KP-covid_dataset-revision-67990f383ac8f169c9a00148febba1ed357e18e8_name-data_import.data_raw_potential-batches-1_seed-42_transformation-cofactor-150	lda	drop-train	num-4	run0	3423803	5	169715	389869	1629182	9.599516837050349	1.9200167945133737
dataset_name-FR-FCM-Z2KP-covid_dataset-revision-67990f383ac8f169c9a00148febba1ed357e18e8_name-data_import.data_raw_potential-batches-1_seed-42_transformation-cofactor-150	lda	drop-train	num-5	run0	3496879	5	182585	419294	1658216	9.08188514938248	1.9355128614260704
dataset_name-FR-FCM-Z2KP-covid_dataset-revision-67990f383ac8f169c9a00148febba1ed357e18e8_name-data_import.data_raw_potential-batches-1_seed-42_transformation-cofactor-150	lda	unfiltered	num-1	run0	3315861	5	148112	410288	1497047	10.107533488171114	1.9436247117533696
dataset_name-FR-FCM-Z2KP-covid_dataset-revision-67990f383ac8f169c9a00148febba1ed357e18e8_name-data_import.data_raw_potential-batches-1_seed-42_transformation-cofactor-150	lda	unfiltered	num-2	run0	3490514	5	184787	410167	1680825	9.096013247685173	1.9317652336838333
dataset_name-FR-FCM-Z2KP-covid_dataset-revision-67990f383ac8f169c9a00148febba1ed357e18e8_name-data_import.data_raw_potential-batches-1_seed-42_transformation-cofactor-150	lda	unfiltered	num-3	run0	3390064	5	177410	406331	1569785	8.848345640042838	1.9420837667689304
dataset_name-FR-FCM-Z2KP-covid_dataset-revision-67990f383ac8f169c9a00148febba1ed357e18e8_name-data_import.data_raw_potential-batches-1_seed-42_transformation-cofactor-150	lda	unfiltered	num-4	run0	3423803	5	169715	389869	1629182	9.599516837050349	1.9200167945133737
dataset_name-FR-FCM-Z2KP-covid_dataset-revision-67990f383ac8f169c9a00148febba1ed357e18e8_name-data_import.data_raw_potential-batches-1_seed-42_transformation-cofactor-150	lda	unfiltered	num-5	run0	3496879	5	182585	419294	1658216	9.08188514938248	1.9355128614260704
dataset_name-FR-FCM-Z2KP-covid_dataset-revision-67990f383ac8f169c9a00148febba1ed357e18e8_name-data_import.data_raw_potential-batches-1_seed-42_transformation-cofactor-150	random	drop-both	num-1	run0	3315861	5	148112	410288	1497047	10.107533488171114	1.9436247117533696
dataset_name-FR-FCM-Z2KP-covid_dataset-revision-67990f383ac8f169c9a00148febba1ed357e18e8_name-data_import.data_raw_potential-batches-1_seed-42_transformation-cofactor-150	random	drop-both	num-2	run0	3490514	5	184787	410167	1680825	9.096013247685173	1.9317652336838333
dataset_name-FR-FCM-Z2KP-covid_dataset-revision-67990f383ac8f169c9a00148febba1ed357e18e8_name-data_import.data_raw_potential-batches-1_seed-42_transformation-cofactor-150	random	drop-both	num-3	run0	3390064	5	177410	406331	1569785	8.848345640042838	1.9420837667689304
dataset_name-FR-FCM-Z2KP-covid_dataset-revision-67990f383ac8f169c9a00148febba1ed357e18e8_name-data_import.data_raw_potential-batches-1_seed-42_transformation-cofactor-150	random	drop-both	num-4	run0	3423803	5	169715	389869	1629182	9.599516837050349	1.9200167945133737
dataset_name-FR-FCM-Z2KP-covid_dataset-revision-67990f383ac8f169c9a00148febba1ed357e18e8_name-data_import.data_raw_potential-batches-1_seed-42_transformation-cofactor-150	random	drop-both	num-5	run0	3496879	5	182585	419294	1658216	9.08188514938248	1.9355128614260704
dataset_name-FR-FCM-Z2KP-covid_dataset-revision-67990f383ac8f169c9a00148febba1ed357e18e8_name-data_import.data_raw_potential-batches-1_seed-42_transformation-cofactor-150	random	drop-train	num-1	run0	3315861	5	148112	410288	1497047	10.107533488171114	1.9436247117533696
dataset_name-FR-FCM-Z2KP-covid_dataset-revision-67990f383ac8f169c9a00148febba1ed357e18e8_name-data_import.data_raw_potential-batches-1_seed-42_transformation-cofactor-150	random	drop-train	num-2	run0	3490514	5	184787	410167	1680825	9.096013247685173	1.9317652336838333
dataset_name-FR-FCM-Z2KP-covid_dataset-revision-67990f383ac8f169c9a00148febba1ed357e18e8_name-data_import.data_raw_potential-batches-1_seed-42_transformation-cofactor-150	random	drop-train	num-3	run0	3390064	5	177410	406331	1569785	8.848345640042838	1.9420837667689304
dataset_name-FR-FCM-Z2KP-covid_dataset-revision-67990f383ac8f169c9a00148febba1ed357e18e8_name-data_import.data_raw_potential-batches-1_seed-42_transformation-cofactor-150	random	drop-train	num-4	run0	3423803	5	169715	389869	1629182	9.599516837050349	1.9200167945133737
dataset_name-FR-FCM-Z2KP-covid_dataset-revision-67990f383ac8f169c9a00148febba1ed357e18e8_name-data_import.data_raw_potential-batches-1_seed-42_transformation-cofactor-150	random	drop-train	num-5	run0	3496879	5	182585	419294	1658216	9.08188514938248	1.9355128614260704
dataset_name-FR-FCM-Z2KP-covid_dataset-revision-67990f383ac8f169c9a00148febba1ed357e18e8_name-data_import.data_raw_potential-batches-1_seed-42_transformation-cofactor-150	random	unfiltered	num-1	run0	3315861	5	148112	410288	1497047	10.107533488171114	1.9436247117533696
dataset_name-FR-FCM-Z2KP-covid_dataset-revision-67990f383ac8f169c9a00148febba1ed357e18e8_name-data_import.data_raw_potential-batches-1_seed-42_transformation-cofactor-150	random	unfiltered	num-2	run0	3490514	5	184787	410167	1680825	9.096013247685173	1.9317652336838333
dataset_name-FR-FCM-Z2KP-covid_dataset-revision-67990f383ac8f169c9a00148febba1ed357e18e8_name-data_import.data_raw_potential-batches-1_seed-42_transformation-cofactor-150	random	unfiltered	num-3	run0	3390064	5	177410	406331	1569785	8.848345640042838	1.9420837667689304
dataset_name-FR-FCM-Z2KP-covid_dataset-revision-67990f383ac8f169c9a00148febba1ed357e18e8_name-data_import.data_raw_potential-batches-1_seed-42_transformation-cofactor-150	random	unfiltered	num-4	run0	3423803	5	169715	389869	1629182	9.599516837050349	1.9200167945133737
dataset_name-FR-FCM-Z2KP-covid_dataset-revision-67990f383ac8f169c9a00148febba1ed357e18e8_name-data_import.data_raw_potential-batches-1_seed-42_transformation-cofactor-150	random	unfiltered	num-5	run0	3496879	5	182585	419294	1658216	9.08188514938248	1.9355128614260704
dataset_name-FR-FCM-Z2KP-healthy_dataset-revision-67990f383ac8f169c9a00148febba1ed357e18e8_name-data_import.data_raw_potential-batches-1_seed-420_sub-sampling-100000_transformation-cofactor-150	cyanno	drop-both	num-1	run0	1346699	5	84697	199356	686400	8.104183146982773	1.9469338385822321
dataset_name-FR-FCM-Z2KP-healthy_dataset-revision-67990f383ac8f169c9a00148febba1ed357e18e8_name-data_import.data_raw_potential-batches-1_seed-420_sub-sampling-100000_transformation-cofactor-150	cyanno	drop-both	num-2	run0	1274361	5	82881	198192	607573	7.330666859714531	2.0061389683502666
dataset_name-FR-FCM-Z2KP-healthy_dataset-revision-67990f383ac8f169c9a00148febba1ed357e18e8_name-data_import.data_raw_potential-batches-1_seed-420_sub-sampling-100000_transformation-cofactor-150	cyanno	drop-both	num-3	run0	1174493	5	71844	166811	605424	8.426925004175715	1.9254609317365876
dataset_name-FR-FCM-Z2KP-healthy_dataset-revision-67990f383ac8f169c9a00148febba1ed357e18e8_name-data_import.data_raw_potential-batches-1_seed-420_sub-sampling-100000_transformation-cofactor-150	cyanno	drop-both	num-4	run0	1266374	5	65416	177033	669963	10.241576984224043	1.8970383971558575
dataset_name-FR-FCM-Z2KP-healthy_dataset-revision-67990f383ac8f169c9a00148febba1ed357e18e8_name-data_import.data_raw_potential-batches-1_seed-420_sub-sampling-100000_transformation-cofactor-150	cyanno	drop-both	num-5	run0	1231233	5	73604	159439	661241	8.983764469322319	1.8903969040534374
dataset_name-FR-FCM-Z2KP-healthy_dataset-revision-67990f383ac8f169c9a00148febba1ed357e18e8_name-data_import.data_raw_potential-batches-1_seed-420_sub-sampling-100000_transformation-cofactor-150	cyanno	drop-train	num-1	run0	1346699	5	84697	199356	686400	8.104183146982773	1.9469338385822321
dataset_name-FR-FCM-Z2KP-healthy_dataset-revision-67990f383ac8f169c9a00148febba1ed357e18e8_name-data_import.data_raw_potential-batches-1_seed-420_sub-sampling-100000_transformation-cofactor-150	cyanno	drop-train	num-2	run0	1274361	5	82881	198192	607573	7.330666859714531	2.0061389683502666
dataset_name-FR-FCM-Z2KP-healthy_dataset-revision-67990f383ac8f169c9a00148febba1ed357e18e8_name-data_import.data_raw_potential-batches-1_seed-420_sub-sampling-100000_transformation-cofactor-150	cyanno	drop-train	num-3	run0	1174493	5	71844	166811	605424	8.426925004175715	1.9254609317365876
dataset_name-FR-FCM-Z2KP-healthy_dataset-revision-67990f383ac8f169c9a00148febba1ed357e18e8_name-data_import.data_raw_potential-batches-1_seed-420_sub-sampling-100000_transformation-cofactor-150	cyanno	drop-train	num-4	run0	1266374	5	65416	177033	669963	10.241576984224043	1.8970383971558575
dataset_name-FR-FCM-Z2KP-healthy_dataset-revision-67990f383ac8f169c9a00148febba1ed357e18e8_name-data_import.data_raw_potential-batches-1_seed-420_sub-sampling-100000_transformation-cofactor-150	cyanno	drop-train	num-5	run0	1231233	5	73604	159439	661241	8.983764469322319	1.8903969040534374
dataset_name-FR-FCM-Z2KP-healthy_dataset-revision-67990f383ac8f169c9a00148febba1ed357e18e8_name-data_import.data_raw_potential-batches-1_seed-420_sub-sampling-100000_transformation-cofactor-150	cyanno	unfiltered	num-1	run0	1346699	5	84697	199356	686400	8.104183146982773	1.9469338385822321
dataset_name-FR-FCM-Z2KP-healthy_dataset-revision-67990f383ac8f169c9a00148febba1ed357e18e8_name-data_import.data_raw_potential-batches-1_seed-420_sub-sampling-100000_transformation-cofactor-150	cyanno	unfiltered	num-2	run0	1274361	5	82881	198192	607573	7.330666859714531	2.0061389683502666
dataset_name-FR-FCM-Z2KP-healthy_dataset-revision-67990f383ac8f169c9a00148febba1ed357e18e8_name-data_import.data_raw_potential-batches-1_seed-420_sub-sampling-100000_transformation-cofactor-150	cyanno	unfiltered	num-3	run0	1174493	5	71844	166811	605424	8.426925004175715	1.9254609317365876
dataset_name-FR-FCM-Z2KP-healthy_dataset-revision-67990f383ac8f169c9a00148febba1ed357e18e8_name-data_import.data_raw_potential-batches-1_seed-420_sub-sampling-100000_transformation-cofactor-150	cyanno	unfiltered	num-4	run0	1266374	5	65416	177033	669963	10.241576984224043	1.8970383971558575
dataset_name-FR-FCM-Z2KP-healthy_dataset-revision-67990f383ac8f169c9a00148febba1ed357e18e8_name-data_import.data_raw_potential-batches-1_seed-420_sub-sampling-100000_transformation-cofactor-150	cyanno	unfiltered	num-5	run0	1231233	5	73604	159439	661241	8.983764469322319	1.8903969040534374
dataset_name-FR-FCM-Z2KP-healthy_dataset-revision-67990f383ac8f169c9a00148febba1ed357e18e8_name-data_import.data_raw_potential-batches-1_seed-420_sub-sampling-100000_transformation-cofactor-150	cydefine[3f57bdcdec41]	drop-both	num-1	run0	1346699	5	84697	199356	686400	8.104183146982773	1.9469338385822321
dataset_name-FR-FCM-Z2KP-healthy_dataset-revision-67990f383ac8f169c9a00148febba1ed357e18e8_name-data_import.data_raw_potential-batches-1_seed-420_sub-sampling-100000_transformation-cofactor-150	cydefine[3f57bdcdec41]	drop-both	num-2	run0	1274361	5	82881	198192	607573	7.330666859714531	2.0061389683502666
dataset_name-FR-FCM-Z2KP-healthy_dataset-revision-67990f383ac8f169c9a00148febba1ed357e18e8_name-data_import.data_raw_potential-batches-1_seed-420_sub-sampling-100000_transformation-cofactor-150	cydefine[3f57bdcdec41]	drop-both	num-3	run0	1174493	5	71844	166811	605424	8.426925004175715	1.9254609317365876
dataset_name-FR-FCM-Z2KP-healthy_dataset-revision-67990f383ac8f169c9a00148febba1ed357e18e8_name-data_import.data_raw_potential-batches-1_seed-420_sub-sampling-100000_transformation-cofactor-150	cydefine[3f57bdcdec41]	drop-both	num-4	run0	1266374	5	65416	177033	669963	10.241576984224043	1.8970383971558575
dataset_name-FR-FCM-Z2KP-healthy_dataset-revision-67990f383ac8f169c9a00148febba1ed357e18e8_name-data_import.data_raw_potential-batches-1_seed-420_sub-sampling-100000_transformation-cofactor-150	cydefine[3f57bdcdec41]	drop-both	num-5	run0	1231233	5	73604	159439	661241	8.983764469322319	1.8903969040534374
dataset_name-FR-FCM-Z2KP-healthy_dataset-revision-67990f383ac8f169c9a00148febba1ed357e18e8_name-data_import.data_raw_potential-batches-1_seed-420_sub-sampling-100000_transformation-cofactor-150	cydefine[3f57bdcdec41]	drop-train	num-1	run0	1346699	5	84697	199356	686400	8.104183146982773	1.9469338385822321
dataset_name-FR-FCM-Z2KP-healthy_dataset-revision-67990f383ac8f169c9a00148febba1ed357e18e8_name-data_import.data_raw_potential-batches-1_seed-420_sub-sampling-100000_transformation-cofactor-150	cydefine[3f57bdcdec41]	drop-train	num-2	run0	1274361	5	82881	198192	607573	7.330666859714531	2.0061389683502666
dataset_name-FR-FCM-Z2KP-healthy_dataset-revision-67990f383ac8f169c9a00148febba1ed357e18e8_name-data_import.data_raw_potential-batches-1_seed-420_sub-sampling-100000_transformation-cofactor-150	cydefine[3f57bdcdec41]	drop-train	num-3	run0	1174493	5	71844	166811	605424	8.426925004175715	1.9254609317365876
dataset_name-FR-FCM-Z2KP-healthy_dataset-revision-67990f383ac8f169c9a00148febba1ed357e18e8_name-data_import.data_raw_potential-batches-1_seed-420_sub-sampling-100000_transformation-cofactor-150	cydefine[3f57bdcdec41]	drop-train	num-4	run0	1266374	5	65416	177033	669963	10.241576984224043	1.8970383971558575
dataset_name-FR-FCM-Z2KP-healthy_dataset-revision-67990f383ac8f169c9a00148febba1ed357e18e8_name-data_import.data_raw_potential-batches-1_seed-420_sub-sampling-100000_transformation-cofactor-150	cydefine[3f57bdcdec41]	drop-train	num-5	run0	1231233	5	73604	159439	661241	8.983764469322319	1.8903969040534374
dataset_name-FR-FCM-Z2KP-healthy_dataset-revision-67990f383ac8f169c9a00148febba1ed357e18e8_name-data_import.data_raw_potential-batches-1_seed-420_sub-sampling-100000_transformation-cofactor-150	cydefine[3f57bdcdec41]	unfiltered	num-1	run0	1346699	5	84697	199356	686400	8.104183146982773	1.9469338385822321
dataset_name-FR-FCM-Z2KP-healthy_dataset-revision-67990f383ac8f169c9a00148febba1ed357e18e8_name-data_import.data_raw_potential-batches-1_seed-420_sub-sampling-100000_transformation-cofactor-150	cydefine[3f57bdcdec41]	unfiltered	num-2	run0	1274361	5	82881	198192	607573	7.330666859714531	2.0061389683502666
dataset_name-FR-FCM-Z2KP-healthy_dataset-revision-67990f383ac8f169c9a00148febba1ed357e18e8_name-data_import.data_raw_potential-batches-1_seed-420_sub-sampling-100000_transformation-cofactor-150	cydefine[3f57bdcdec41]	unfiltered	num-3	run0	1174493	5	71844	166811	605424	8.426925004175715	1.9254609317365876
dataset_name-FR-FCM-Z2KP-healthy_dataset-revision-67990f383ac8f169c9a00148febba1ed357e18e8_name-data_import.data_raw_potential-batches-1_seed-420_sub-sampling-100000_transformation-cofactor-150	cydefine[3f57bdcdec41]	unfiltered	num-4	run0	1266374	5	65416	177033	669963	10.241576984224043	1.8970383971558575
dataset_name-FR-FCM-Z2KP-healthy_dataset-revision-67990f383ac8f169c9a00148febba1ed357e18e8_name-data_import.data_raw_potential-batches-1_seed-420_sub-sampling-100000_transformation-cofactor-150	cydefine[3f57bdcdec41]	unfiltered	num-5	run0	1231233	5	73604	159439	661241	8.983764469322319	1.8903969040534374
dataset_name-FR-FCM-Z2KP-healthy_dataset-revision-67990f383ac8f169c9a00148febba1ed357e18e8_name-data_import.data_raw_potential-batches-1_seed-420_sub-sampling-100000_transformation-cofactor-150	cygate	drop-both	num-1	run0	1346699	5	84697	199356	686400	8.104183146982773	1.9469338385822321
dataset_name-FR-FCM-Z2KP-healthy_dataset-revision-67990f383ac8f169c9a00148febba1ed357e18e8_name-data_import.data_raw_potential-batches-1_seed-420_sub-sampling-100000_transformation-cofactor-150	cygate	drop-both	num-2	run0	1274361	5	82881	198192	607573	7.330666859714531	2.0061389683502666
dataset_name-FR-FCM-Z2KP-healthy_dataset-revision-67990f383ac8f169c9a00148febba1ed357e18e8_name-data_import.data_raw_potential-batches-1_seed-420_sub-sampling-100000_transformation-cofactor-150	cygate	drop-both	num-3	run0	1174493	5	71844	166811	605424	8.426925004175715	1.9254609317365876
dataset_name-FR-FCM-Z2KP-healthy_dataset-revision-67990f383ac8f169c9a00148febba1ed357e18e8_name-data_import.data_raw_potential-batches-1_seed-420_sub-sampling-100000_transformation-cofactor-150	cygate	drop-both	num-4	run0	1266374	5	65416	177033	669963	10.241576984224043	1.8970383971558575
dataset_name-FR-FCM-Z2KP-healthy_dataset-revision-67990f383ac8f169c9a00148febba1ed357e18e8_name-data_import.data_raw_potential-batches-1_seed-420_sub-sampling-100000_transformation-cofactor-150	cygate	drop-both	num-5	run0	1231233	5	73604	159439	661241	8.983764469322319	1.8903969040534374
dataset_name-FR-FCM-Z2KP-healthy_dataset-revision-67990f383ac8f169c9a00148febba1ed357e18e8_name-data_import.data_raw_potential-batches-1_seed-420_sub-sampling-100000_transformation-cofactor-150	cygate	drop-train	num-1	run0	1346699	5	84697	199356	686400	8.104183146982773	1.9469338385822321
dataset_name-FR-FCM-Z2KP-healthy_dataset-revision-67990f383ac8f169c9a00148febba1ed357e18e8_name-data_import.data_raw_potential-batches-1_seed-420_sub-sampling-100000_transformation-cofactor-150	cygate	drop-train	num-2	run0	1274361	5	82881	198192	607573	7.330666859714531	2.0061389683502666
dataset_name-FR-FCM-Z2KP-healthy_dataset-revision-67990f383ac8f169c9a00148febba1ed357e18e8_name-data_import.data_raw_potential-batches-1_seed-420_sub-sampling-100000_transformation-cofactor-150	cygate	drop-train	num-3	run0	1174493	5	71844	166811	605424	8.426925004175715	1.9254609317365876
dataset_name-FR-FCM-Z2KP-healthy_dataset-revision-67990f383ac8f169c9a00148febba1ed357e18e8_name-data_import.data_raw_potential-batches-1_seed-420_sub-sampling-100000_transformation-cofactor-150	cygate	drop-train	num-4	run0	1266374	5	65416	177033	669963	10.241576984224043	1.8970383971558575
dataset_name-FR-FCM-Z2KP-healthy_dataset-revision-67990f383ac8f169c9a00148febba1ed357e18e8_name-data_import.data_raw_potential-batches-1_seed-420_sub-sampling-100000_transformation-cofactor-150	cygate	drop-train	num-5	run0	1231233	5	73604	159439	661241	8.983764469322319	1.8903969040534374
dataset_name-FR-FCM-Z2KP-healthy_dataset-revision-67990f383ac8f169c9a00148febba1ed357e18e8_name-data_import.data_raw_potential-batches-1_seed-420_sub-sampling-100000_transformation-cofactor-150	cygate	unfiltered	num-1	run0	1346699	5	84697	199356	686400	8.104183146982773	1.9469338385822321
dataset_name-FR-FCM-Z2KP-healthy_dataset-revision-67990f383ac8f169c9a00148febba1ed357e18e8_name-data_import.data_raw_potential-batches-1_seed-420_sub-sampling-100000_transformation-cofactor-150	cygate	unfiltered	num-2	run0	1274361	5	82881	198192	607573	7.330666859714531	2.0061389683502666
dataset_name-FR-FCM-Z2KP-healthy_dataset-revision-67990f383ac8f169c9a00148febba1ed357e18e8_name-data_import.data_raw_potential-batches-1_seed-420_sub-sampling-100000_transformation-cofactor-150	cygate	unfiltered	num-3	run0	1174493	5	71844	166811	605424	8.426925004175715	1.9254609317365876
dataset_name-FR-FCM-Z2KP-healthy_dataset-revision-67990f383ac8f169c9a00148febba1ed357e18e8_name-data_import.data_raw_potential-batches-1_seed-420_sub-sampling-100000_transformation-cofactor-150	cygate	unfiltered	num-4	run0	1266374	5	65416	177033	669963	10.241576984224043	1.8970383971558575
dataset_name-FR-FCM-Z2KP-healthy_dataset-revision-67990f383ac8f169c9a00148febba1ed357e18e8_name-data_import.data_raw_potential-batches-1_seed-420_sub-sampling-100000_transformation-cofactor-150	cygate	unfiltered	num-5	run0	1231233	5	73604	159439	661241	8.983764469322319	1.8903969040534374
dataset_name-FR-FCM-Z2KP-healthy_dataset-revision-67990f383ac8f169c9a00148febba1ed357e18e8_name-data_import.data_raw_potential-batches-1_seed-420_sub-sampling-100000_transformation-cofactor-150	dgcytof	drop-both	num-1	run0	1346699	5	84697	199356	686400	8.104183146982773	1.9469338385822321
dataset_name-FR-FCM-Z2KP-healthy_dataset-revision-67990f383ac8f169c9a00148febba1ed357e18e8_name-data_import.data_raw_potential-batches-1_seed-420_sub-sampling-100000_transformation-cofactor-150	dgcytof	drop-both	num-2	run0	1274361	5	82881	198192	607573	7.330666859714531	2.0061389683502666
dataset_name-FR-FCM-Z2KP-healthy_dataset-revision-67990f383ac8f169c9a00148febba1ed357e18e8_name-data_import.data_raw_potential-batches-1_seed-420_sub-sampling-100000_transformation-cofactor-150	dgcytof	drop-both	num-3	run0	1174493	5	71844	166811	605424	8.426925004175715	1.9254609317365876
dataset_name-FR-FCM-Z2KP-healthy_dataset-revision-67990f383ac8f169c9a00148febba1ed357e18e8_name-data_import.data_raw_potential-batches-1_seed-420_sub-sampling-100000_transformation-cofactor-150	dgcytof	drop-both	num-4	run0	1266374	5	65416	177033	669963	10.241576984224043	1.8970383971558575
dataset_name-FR-FCM-Z2KP-healthy_dataset-revision-67990f383ac8f169c9a00148febba1ed357e18e8_name-data_import.data_raw_potential-batches-1_seed-420_sub-sampling-100000_transformation-cofactor-150	dgcytof	drop-both	num-5	run0	1231233	5	73604	159439	661241	8.983764469322319	1.8903969040534374
dataset_name-FR-FCM-Z2KP-healthy_dataset-revision-67990f383ac8f169c9a00148febba1ed357e18e8_name-data_import.data_raw_potential-batches-1_seed-420_sub-sampling-100000_transformation-cofactor-150	dgcytof	drop-train	num-1	run0	1346699	5	84697	199356	686400	8.104183146982773	1.9469338385822321
dataset_name-FR-FCM-Z2KP-healthy_dataset-revision-67990f383ac8f169c9a00148febba1ed357e18e8_name-data_import.data_raw_potential-batches-1_seed-420_sub-sampling-100000_transformation-cofactor-150	dgcytof	drop-train	num-2	run0	1274361	5	82881	198192	607573	7.330666859714531	2.0061389683502666
dataset_name-FR-FCM-Z2KP-healthy_dataset-revision-67990f383ac8f169c9a00148febba1ed357e18e8_name-data_import.data_raw_potential-batches-1_seed-420_sub-sampling-100000_transformation-cofactor-150	dgcytof	drop-train	num-3	run0	1174493	5	71844	166811	605424	8.426925004175715	1.9254609317365876
dataset_name-FR-FCM-Z2KP-healthy_dataset-revision-67990f383ac8f169c9a00148febba1ed357e18e8_name-data_import.data_raw_potential-batches-1_seed-420_sub-sampling-100000_transformation-cofactor-150	dgcytof	drop-train	num-4	run0	1266374	5	65416	177033	669963	10.241576984224043	1.8970383971558575
dataset_name-FR-FCM-Z2KP-healthy_dataset-revision-67990f383ac8f169c9a00148febba1ed357e18e8_name-data_import.data_raw_potential-batches-1_seed-420_sub-sampling-100000_transformation-cofactor-150	dgcytof	drop-train	num-5	run0	1231233	5	73604	159439	661241	8.983764469322319	1.8903969040534374
dataset_name-FR-FCM-Z2KP-healthy_dataset-revision-67990f383ac8f169c9a00148febba1ed357e18e8_name-data_import.data_raw_potential-batches-1_seed-420_sub-sampling-100000_transformation-cofactor-150	dgcytof	unfiltered	num-1	run0	1346699	5	84697	199356	686400	8.104183146982773	1.9469338385822321
dataset_name-FR-FCM-Z2KP-healthy_dataset-revision-67990f383ac8f169c9a00148febba1ed357e18e8_name-data_import.data_raw_potential-batches-1_seed-420_sub-sampling-100000_transformation-cofactor-150	dgcytof	unfiltered	num-2	run0	1274361	5	82881	198192	607573	7.330666859714531	2.0061389683502666
dataset_name-FR-FCM-Z2KP-healthy_dataset-revision-67990f383ac8f169c9a00148febba1ed357e18e8_name-data_import.data_raw_potential-batches-1_seed-420_sub-sampling-100000_transformation-cofactor-150	dgcytof	unfiltered	num-3	run0	1174493	5	71844	166811	605424	8.426925004175715	1.9254609317365876
dataset_name-FR-FCM-Z2KP-healthy_dataset-revision-67990f383ac8f169c9a00148febba1ed357e18e8_name-data_import.data_raw_potential-batches-1_seed-420_sub-sampling-100000_transformation-cofactor-150	dgcytof	unfiltered	num-4	run0	1266374	5	65416	177033	669963	10.241576984224043	1.8970383971558575
dataset_name-FR-FCM-Z2KP-healthy_dataset-revision-67990f383ac8f169c9a00148febba1ed357e18e8_name-data_import.data_raw_potential-batches-1_seed-420_sub-sampling-100000_transformation-cofactor-150	dgcytof	unfiltered	num-5	run0	1231233	5	73604	159439	661241	8.983764469322319	1.8903969040534374
dataset_name-FR-FCM-Z2KP-healthy_dataset-revision-67990f383ac8f169c9a00148febba1ed357e18e8_name-data_import.data_raw_potential-batches-1_seed-420_sub-sampling-100000_transformation-cofactor-150	gatemeclass[E]	drop-both	num-1	run0	1346699	5	84697	199356	686400	8.104183146982773	1.9469338385822321
dataset_name-FR-FCM-Z2KP-healthy_dataset-revision-67990f383ac8f169c9a00148febba1ed357e18e8_name-data_import.data_raw_potential-batches-1_seed-420_sub-sampling-100000_transformation-cofactor-150	gatemeclass[E]	drop-both	num-2	run0	1274361	5	82881	198192	607573	7.330666859714531	2.0061389683502666
dataset_name-FR-FCM-Z2KP-healthy_dataset-revision-67990f383ac8f169c9a00148febba1ed357e18e8_name-data_import.data_raw_potential-batches-1_seed-420_sub-sampling-100000_transformation-cofactor-150	gatemeclass[E]	drop-both	num-3	run0	1174493	5	71844	166811	605424	8.426925004175715	1.9254609317365876
dataset_name-FR-FCM-Z2KP-healthy_dataset-revision-67990f383ac8f169c9a00148febba1ed357e18e8_name-data_import.data_raw_potential-batches-1_seed-420_sub-sampling-100000_transformation-cofactor-150	gatemeclass[E]	drop-both	num-4	run0	1266374	5	65416	177033	669963	10.241576984224043	1.8970383971558575
dataset_name-FR-FCM-Z2KP-healthy_dataset-revision-67990f383ac8f169c9a00148febba1ed357e18e8_name-data_import.data_raw_potential-batches-1_seed-420_sub-sampling-100000_transformation-cofactor-150	gatemeclass[E]	drop-both	num-5	run0	1231233	5	73604	159439	661241	8.983764469322319	1.8903969040534374
dataset_name-FR-FCM-Z2KP-healthy_dataset-revision-67990f383ac8f169c9a00148febba1ed357e18e8_name-data_import.data_raw_potential-batches-1_seed-420_sub-sampling-100000_transformation-cofactor-150	gatemeclass[E]	drop-train	num-1	run0	1346699	5	84697	199356	686400	8.104183146982773	1.9469338385822321
dataset_name-FR-FCM-Z2KP-healthy_dataset-revision-67990f383ac8f169c9a00148febba1ed357e18e8_name-data_import.data_raw_potential-batches-1_seed-420_sub-sampling-100000_transformation-cofactor-150	gatemeclass[E]	drop-train	num-2	run0	1274361	5	82881	198192	607573	7.330666859714531	2.0061389683502666
dataset_name-FR-FCM-Z2KP-healthy_dataset-revision-67990f383ac8f169c9a00148febba1ed357e18e8_name-data_import.data_raw_potential-batches-1_seed-420_sub-sampling-100000_transformation-cofactor-150	gatemeclass[E]	drop-train	num-3	run0	1174493	5	71844	166811	605424	8.426925004175715	1.9254609317365876
dataset_name-FR-FCM-Z2KP-healthy_dataset-revision-67990f383ac8f169c9a00148febba1ed357e18e8_name-data_import.data_raw_potential-batches-1_seed-420_sub-sampling-100000_transformation-cofactor-150	gatemeclass[E]	drop-train	num-4	run0	1266374	5	65416	177033	669963	10.241576984224043	1.8970383971558575
dataset_name-FR-FCM-Z2KP-healthy_dataset-revision-67990f383ac8f169c9a00148febba1ed357e18e8_name-data_import.data_raw_potential-batches-1_seed-420_sub-sampling-100000_transformation-cofactor-150	gatemeclass[E]	drop-train	num-5	run0	1231233	5	73604	159439	661241	8.983764469322319	1.8903969040534374
dataset_name-FR-FCM-Z2KP-healthy_dataset-revision-67990f383ac8f169c9a00148febba1ed357e18e8_name-data_import.data_raw_potential-batches-1_seed-420_sub-sampling-100000_transformation-cofactor-150	gatemeclass[E]	unfiltered	num-1	run0	1346699	5	84697	199356	686400	8.104183146982773	1.9469338385822321
dataset_name-FR-FCM-Z2KP-healthy_dataset-revision-67990f383ac8f169c9a00148febba1ed357e18e8_name-data_import.data_raw_potential-batches-1_seed-420_sub-sampling-100000_transformation-cofactor-150	gatemeclass[E]	unfiltered	num-2	run0	1274361	5	82881	198192	607573	7.330666859714531	2.0061389683502666
dataset_name-FR-FCM-Z2KP-healthy_dataset-revision-67990f383ac8f169c9a00148febba1ed357e18e8_name-data_import.data_raw_potential-batches-1_seed-420_sub-sampling-100000_transformation-cofactor-150	gatemeclass[E]	unfiltered	num-3	run0	1174493	5	71844	166811	605424	8.426925004175715	1.9254609317365876
dataset_name-FR-FCM-Z2KP-healthy_dataset-revision-67990f383ac8f169c9a00148febba1ed357e18e8_name-data_import.data_raw_potential-batches-1_seed-420_sub-sampling-100000_transformation-cofactor-150	gatemeclass[E]	unfiltered	num-4	run0	1266374	5	65416	177033	669963	10.241576984224043	1.8970383971558575
dataset_name-FR-FCM-Z2KP-healthy_dataset-revision-67990f383ac8f169c9a00148febba1ed357e18e8_name-data_import.data_raw_potential-batches-1_seed-420_sub-sampling-100000_transformation-cofactor-150	gatemeclass[E]	unfiltered	num-5	run0	1231233	5	73604	159439	661241	8.983764469322319	1.8903969040534374
dataset_name-FR-FCM-Z2KP-healthy_dataset-revision-67990f383ac8f169c9a00148febba1ed357e18e8_name-data_import.data_raw_potential-batches-1_seed-420_sub-sampling-100000_transformation-cofactor-150	gatemeclass[V]	drop-both	num-1	run0	1346699	5	84697	199356	686400	8.104183146982773	1.9469338385822321
dataset_name-FR-FCM-Z2KP-healthy_dataset-revision-67990f383ac8f169c9a00148febba1ed357e18e8_name-data_import.data_raw_potential-batches-1_seed-420_sub-sampling-100000_transformation-cofactor-150	gatemeclass[V]	drop-both	num-2	run0	1274361	5	82881	198192	607573	7.330666859714531	2.0061389683502666
dataset_name-FR-FCM-Z2KP-healthy_dataset-revision-67990f383ac8f169c9a00148febba1ed357e18e8_name-data_import.data_raw_potential-batches-1_seed-420_sub-sampling-100000_transformation-cofactor-150	gatemeclass[V]	drop-both	num-3	run0	1174493	5	71844	166811	605424	8.426925004175715	1.9254609317365876
dataset_name-FR-FCM-Z2KP-healthy_dataset-revision-67990f383ac8f169c9a00148febba1ed357e18e8_name-data_import.data_raw_potential-batches-1_seed-420_sub-sampling-100000_transformation-cofactor-150	gatemeclass[V]	drop-both	num-4	run0	1266374	5	65416	177033	669963	10.241576984224043	1.8970383971558575
dataset_name-FR-FCM-Z2KP-healthy_dataset-revision-67990f383ac8f169c9a00148febba1ed357e18e8_name-data_import.data_raw_potential-batches-1_seed-420_sub-sampling-100000_transformation-cofactor-150	gatemeclass[V]	drop-both	num-5	run0	1231233	5	73604	159439	661241	8.983764469322319	1.8903969040534374
dataset_name-FR-FCM-Z2KP-healthy_dataset-revision-67990f383ac8f169c9a00148febba1ed357e18e8_name-data_import.data_raw_potential-batches-1_seed-420_sub-sampling-100000_transformation-cofactor-150	gatemeclass[V]	drop-train	num-1	run0	1346699	5	84697	199356	686400	8.104183146982773	1.9469338385822321
dataset_name-FR-FCM-Z2KP-healthy_dataset-revision-67990f383ac8f169c9a00148febba1ed357e18e8_name-data_import.data_raw_potential-batches-1_seed-420_sub-sampling-100000_transformation-cofactor-150	gatemeclass[V]	drop-train	num-2	run0	1274361	5	82881	198192	607573	7.330666859714531	2.0061389683502666
dataset_name-FR-FCM-Z2KP-healthy_dataset-revision-67990f383ac8f169c9a00148febba1ed357e18e8_name-data_import.data_raw_potential-batches-1_seed-420_sub-sampling-100000_transformation-cofactor-150	gatemeclass[V]	drop-train	num-3	run0	1174493	5	71844	166811	605424	8.426925004175715	1.9254609317365876
dataset_name-FR-FCM-Z2KP-healthy_dataset-revision-67990f383ac8f169c9a00148febba1ed357e18e8_name-data_import.data_raw_potential-batches-1_seed-420_sub-sampling-100000_transformation-cofactor-150	gatemeclass[V]	drop-train	num-4	run0	1266374	5	65416	177033	669963	10.241576984224043	1.8970383971558575
dataset_name-FR-FCM-Z2KP-healthy_dataset-revision-67990f383ac8f169c9a00148febba1ed357e18e8_name-data_import.data_raw_potential-batches-1_seed-420_sub-sampling-100000_transformation-cofactor-150	gatemeclass[V]	drop-train	num-5	run0	1231233	5	73604	159439	661241	8.983764469322319	1.8903969040534374
dataset_name-FR-FCM-Z2KP-healthy_dataset-revision-67990f383ac8f169c9a00148febba1ed357e18e8_name-data_import.data_raw_potential-batches-1_seed-420_sub-sampling-100000_transformation-cofactor-150	gatemeclass[V]	unfiltered	num-1	run0	1346699	5	84697	199356	686400	8.104183146982773	1.9469338385822321
dataset_name-FR-FCM-Z2KP-healthy_dataset-revision-67990f383ac8f169c9a00148febba1ed357e18e8_name-data_import.data_raw_potential-batches-1_seed-420_sub-sampling-100000_transformation-cofactor-150	gatemeclass[V]	unfiltered	num-2	run0	1274361	5	82881	198192	607573	7.330666859714531	2.0061389683502666
dataset_name-FR-FCM-Z2KP-healthy_dataset-revision-67990f383ac8f169c9a00148febba1ed357e18e8_name-data_import.data_raw_potential-batches-1_seed-420_sub-sampling-100000_transformation-cofactor-150	gatemeclass[V]	unfiltered	num-3	run0	1174493	5	71844	166811	605424	8.426925004175715	1.9254609317365876
dataset_name-FR-FCM-Z2KP-healthy_dataset-revision-67990f383ac8f169c9a00148febba1ed357e18e8_name-data_import.data_raw_potential-batches-1_seed-420_sub-sampling-100000_transformation-cofactor-150	gatemeclass[V]	unfiltered	num-4	run0	1266374	5	65416	177033	669963	10.241576984224043	1.8970383971558575
dataset_name-FR-FCM-Z2KP-healthy_dataset-revision-67990f383ac8f169c9a00148febba1ed357e18e8_name-data_import.data_raw_potential-batches-1_seed-420_sub-sampling-100000_transformation-cofactor-150	gatemeclass[V]	unfiltered	num-5	run0	1231233	5	73604	159439	661241	8.983764469322319	1.8903969040534374
dataset_name-FR-FCM-Z2KP-healthy_dataset-revision-67990f383ac8f169c9a00148febba1ed357e18e8_name-data_import.data_raw_potential-batches-1_seed-420_sub-sampling-100000_transformation-cofactor-150	knn	drop-both	num-1	run0	1346699	5	84697	199356	686400	8.104183146982773	1.9469338385822321
dataset_name-FR-FCM-Z2KP-healthy_dataset-revision-67990f383ac8f169c9a00148febba1ed357e18e8_name-data_import.data_raw_potential-batches-1_seed-420_sub-sampling-100000_transformation-cofactor-150	knn	drop-both	num-2	run0	1274361	5	82881	198192	607573	7.330666859714531	2.0061389683502666
dataset_name-FR-FCM-Z2KP-healthy_dataset-revision-67990f383ac8f169c9a00148febba1ed357e18e8_name-data_import.data_raw_potential-batches-1_seed-420_sub-sampling-100000_transformation-cofactor-150	knn	drop-both	num-3	run0	1174493	5	71844	166811	605424	8.426925004175715	1.9254609317365876
dataset_name-FR-FCM-Z2KP-healthy_dataset-revision-67990f383ac8f169c9a00148febba1ed357e18e8_name-data_import.data_raw_potential-batches-1_seed-420_sub-sampling-100000_transformation-cofactor-150	knn	drop-both	num-4	run0	1266374	5	65416	177033	669963	10.241576984224043	1.8970383971558575
dataset_name-FR-FCM-Z2KP-healthy_dataset-revision-67990f383ac8f169c9a00148febba1ed357e18e8_name-data_import.data_raw_potential-batches-1_seed-420_sub-sampling-100000_transformation-cofactor-150	knn	drop-both	num-5	run0	1231233	5	73604	159439	661241	8.983764469322319	1.8903969040534374
dataset_name-FR-FCM-Z2KP-healthy_dataset-revision-67990f383ac8f169c9a00148febba1ed357e18e8_name-data_import.data_raw_potential-batches-1_seed-420_sub-sampling-100000_transformation-cofactor-150	knn	drop-train	num-1	run0	1346699	5	84697	199356	686400	8.104183146982773	1.9469338385822321
dataset_name-FR-FCM-Z2KP-healthy_dataset-revision-67990f383ac8f169c9a00148febba1ed357e18e8_name-data_import.data_raw_potential-batches-1_seed-420_sub-sampling-100000_transformation-cofactor-150	knn	drop-train	num-2	run0	1274361	5	82881	198192	607573	7.330666859714531	2.0061389683502666
dataset_name-FR-FCM-Z2KP-healthy_dataset-revision-67990f383ac8f169c9a00148febba1ed357e18e8_name-data_import.data_raw_potential-batches-1_seed-420_sub-sampling-100000_transformation-cofactor-150	knn	drop-train	num-3	run0	1174493	5	71844	166811	605424	8.426925004175715	1.9254609317365876
dataset_name-FR-FCM-Z2KP-healthy_dataset-revision-67990f383ac8f169c9a00148febba1ed357e18e8_name-data_import.data_raw_potential-batches-1_seed-420_sub-sampling-100000_transformation-cofactor-150	knn	drop-train	num-4	run0	1266374	5	65416	177033	669963	10.241576984224043	1.8970383971558575
dataset_name-FR-FCM-Z2KP-healthy_dataset-revision-67990f383ac8f169c9a00148febba1ed357e18e8_name-data_import.data_raw_potential-batches-1_seed-420_sub-sampling-100000_transformation-cofactor-150	knn	drop-train	num-5	run0	1231233	5	73604	159439	661241	8.983764469322319	1.8903969040534374
dataset_name-FR-FCM-Z2KP-healthy_dataset-revision-67990f383ac8f169c9a00148febba1ed357e18e8_name-data_import.data_raw_potential-batches-1_seed-420_sub-sampling-100000_transformation-cofactor-150	knn	unfiltered	num-1	run0	1346699	5	84697	199356	686400	8.104183146982773	1.9469338385822321
dataset_name-FR-FCM-Z2KP-healthy_dataset-revision-67990f383ac8f169c9a00148febba1ed357e18e8_name-data_import.data_raw_potential-batches-1_seed-420_sub-sampling-100000_transformation-cofactor-150	knn	unfiltered	num-2	run0	1274361	5	82881	198192	607573	7.330666859714531	2.0061389683502666
dataset_name-FR-FCM-Z2KP-healthy_dataset-revision-67990f383ac8f169c9a00148febba1ed357e18e8_name-data_import.data_raw_potential-batches-1_seed-420_sub-sampling-100000_transformation-cofactor-150	knn	unfiltered	num-3	run0	1174493	5	71844	166811	605424	8.426925004175715	1.9254609317365876
dataset_name-FR-FCM-Z2KP-healthy_dataset-revision-67990f383ac8f169c9a00148febba1ed357e18e8_name-data_import.data_raw_potential-batches-1_seed-420_sub-sampling-100000_transformation-cofactor-150	knn	unfiltered	num-4	run0	1266374	5	65416	177033	669963	10.241576984224043	1.8970383971558575
dataset_name-FR-FCM-Z2KP-healthy_dataset-revision-67990f383ac8f169c9a00148febba1ed357e18e8_name-data_import.data_raw_potential-batches-1_seed-420_sub-sampling-100000_transformation-cofactor-150	knn	unfiltered	num-5	run0	1231233	5	73604	159439	661241	8.983764469322319	1.8903969040534374
dataset_name-FR-FCM-Z2KP-healthy_dataset-revision-67990f383ac8f169c9a00148febba1ed357e18e8_name-data_import.data_raw_potential-batches-1_seed-420_sub-sampling-100000_transformation-cofactor-150	lda	drop-both	num-1	run0	1346699	5	84697	199356	686400	8.104183146982773	1.9469338385822321
dataset_name-FR-FCM-Z2KP-healthy_dataset-revision-67990f383ac8f169c9a00148febba1ed357e18e8_name-data_import.data_raw_potential-batches-1_seed-420_sub-sampling-100000_transformation-cofactor-150	lda	drop-both	num-2	run0	1274361	5	82881	198192	607573	7.330666859714531	2.0061389683502666
dataset_name-FR-FCM-Z2KP-healthy_dataset-revision-67990f383ac8f169c9a00148febba1ed357e18e8_name-data_import.data_raw_potential-batches-1_seed-420_sub-sampling-100000_transformation-cofactor-150	lda	drop-both	num-3	run0	1174493	5	71844	166811	605424	8.426925004175715	1.9254609317365876
dataset_name-FR-FCM-Z2KP-healthy_dataset-revision-67990f383ac8f169c9a00148febba1ed357e18e8_name-data_import.data_raw_potential-batches-1_seed-420_sub-sampling-100000_transformation-cofactor-150	lda	drop-both	num-4	run0	1266374	5	65416	177033	669963	10.241576984224043	1.8970383971558575
dataset_name-FR-FCM-Z2KP-healthy_dataset-revision-67990f383ac8f169c9a00148febba1ed357e18e8_name-data_import.data_raw_potential-batches-1_seed-420_sub-sampling-100000_transformation-cofactor-150	lda	drop-both	num-5	run0	1231233	5	73604	159439	661241	8.983764469322319	1.8903969040534374
dataset_name-FR-FCM-Z2KP-healthy_dataset-revision-67990f383ac8f169c9a00148febba1ed357e18e8_name-data_import.data_raw_potential-batches-1_seed-420_sub-sampling-100000_transformation-cofactor-150	lda	drop-train	num-1	run0	1346699	5	84697	199356	686400	8.104183146982773	1.9469338385822321
dataset_name-FR-FCM-Z2KP-healthy_dataset-revision-67990f383ac8f169c9a00148febba1ed357e18e8_name-data_import.data_raw_potential-batches-1_seed-420_sub-sampling-100000_transformation-cofactor-150	lda	drop-train	num-2	run0	1274361	5	82881	198192	607573	7.330666859714531	2.0061389683502666
dataset_name-FR-FCM-Z2KP-healthy_dataset-revision-67990f383ac8f169c9a00148febba1ed357e18e8_name-data_import.data_raw_potential-batches-1_seed-420_sub-sampling-100000_transformation-cofactor-150	lda	drop-train	num-3	run0	1174493	5	71844	166811	605424	8.426925004175715	1.9254609317365876
dataset_name-FR-FCM-Z2KP-healthy_dataset-revision-67990f383ac8f169c9a00148febba1ed357e18e8_name-data_import.data_raw_potential-batches-1_seed-420_sub-sampling-100000_transformation-cofactor-150	lda	drop-train	num-4	run0	1266374	5	65416	177033	669963	10.241576984224043	1.8970383971558575
dataset_name-FR-FCM-Z2KP-healthy_dataset-revision-67990f383ac8f169c9a00148febba1ed357e18e8_name-data_import.data_raw_potential-batches-1_seed-420_sub-sampling-100000_transformation-cofactor-150	lda	drop-train	num-5	run0	1231233	5	73604	159439	661241	8.983764469322319	1.8903969040534374
dataset_name-FR-FCM-Z2KP-healthy_dataset-revision-67990f383ac8f169c9a00148febba1ed357e18e8_name-data_import.data_raw_potential-batches-1_seed-420_sub-sampling-100000_transformation-cofactor-150	lda	unfiltered	num-1	run0	1346699	5	84697	199356	686400	8.104183146982773	1.9469338385822321
dataset_name-FR-FCM-Z2KP-healthy_dataset-revision-67990f383ac8f169c9a00148febba1ed357e18e8_name-data_import.data_raw_potential-batches-1_seed-420_sub-sampling-100000_transformation-cofactor-150	lda	unfiltered	num-2	run0	1274361	5	82881	198192	607573	7.330666859714531	2.0061389683502666
dataset_name-FR-FCM-Z2KP-healthy_dataset-revision-67990f383ac8f169c9a00148febba1ed357e18e8_name-data_import.data_raw_potential-batches-1_seed-420_sub-sampling-100000_transformation-cofactor-150	lda	unfiltered	num-3	run0	1174493	5	71844	166811	605424	8.426925004175715	1.9254609317365876
dataset_name-FR-FCM-Z2KP-healthy_dataset-revision-67990f383ac8f169c9a00148febba1ed357e18e8_name-data_import.data_raw_potential-batches-1_seed-420_sub-sampling-100000_transformation-cofactor-150	lda	unfiltered	num-4	run0	1266374	5	65416	177033	669963	10.241576984224043	1.8970383971558575
dataset_name-FR-FCM-Z2KP-healthy_dataset-revision-67990f383ac8f169c9a00148febba1ed357e18e8_name-data_import.data_raw_potential-batches-1_seed-420_sub-sampling-100000_transformation-cofactor-150	lda	unfiltered	num-5	run0	1231233	5	73604	159439	661241	8.983764469322319	1.8903969040534374
dataset_name-FR-FCM-Z2KP-healthy_dataset-revision-67990f383ac8f169c9a00148febba1ed357e18e8_name-data_import.data_raw_potential-batches-1_seed-420_sub-sampling-100000_transformation-cofactor-150	random	drop-both	num-1	run0	1346699	5	84697	199356	686400	8.104183146982773	1.9469338385822321
dataset_name-FR-FCM-Z2KP-healthy_dataset-revision-67990f383ac8f169c9a00148febba1ed357e18e8_name-data_import.data_raw_potential-batches-1_seed-420_sub-sampling-100000_transformation-cofactor-150	random	drop-both	num-2	run0	1274361	5	82881	198192	607573	7.330666859714531	2.0061389683502666
dataset_name-FR-FCM-Z2KP-healthy_dataset-revision-67990f383ac8f169c9a00148febba1ed357e18e8_name-data_import.data_raw_potential-batches-1_seed-420_sub-sampling-100000_transformation-cofactor-150	random	drop-both	num-3	run0	1174493	5	71844	166811	605424	8.426925004175715	1.9254609317365876
dataset_name-FR-FCM-Z2KP-healthy_dataset-revision-67990f383ac8f169c9a00148febba1ed357e18e8_name-data_import.data_raw_potential-batches-1_seed-420_sub-sampling-100000_transformation-cofactor-150	random	drop-both	num-4	run0	1266374	5	65416	177033	669963	10.241576984224043	1.8970383971558575
dataset_name-FR-FCM-Z2KP-healthy_dataset-revision-67990f383ac8f169c9a00148febba1ed357e18e8_name-data_import.data_raw_potential-batches-1_seed-420_sub-sampling-100000_transformation-cofactor-150	random	drop-both	num-5	run0	1231233	5	73604	159439	661241	8.983764469322319	1.8903969040534374
dataset_name-FR-FCM-Z2KP-healthy_dataset-revision-67990f383ac8f169c9a00148febba1ed357e18e8_name-data_import.data_raw_potential-batches-1_seed-420_sub-sampling-100000_transformation-cofactor-150	random	drop-train	num-1	run0	1346699	5	84697	199356	686400	8.104183146982773	1.9469338385822321
dataset_name-FR-FCM-Z2KP-healthy_dataset-revision-67990f383ac8f169c9a00148febba1ed357e18e8_name-data_import.data_raw_potential-batches-1_seed-420_sub-sampling-100000_transformation-cofactor-150	random	drop-train	num-2	run0	1274361	5	82881	198192	607573	7.330666859714531	2.0061389683502666
dataset_name-FR-FCM-Z2KP-healthy_dataset-revision-67990f383ac8f169c9a00148febba1ed357e18e8_name-data_import.data_raw_potential-batches-1_seed-420_sub-sampling-100000_transformation-cofactor-150	random	drop-train	num-3	run0	1174493	5	71844	166811	605424	8.426925004175715	1.9254609317365876
dataset_name-FR-FCM-Z2KP-healthy_dataset-revision-67990f383ac8f169c9a00148febba1ed357e18e8_name-data_import.data_raw_potential-batches-1_seed-420_sub-sampling-100000_transformation-cofactor-150	random	drop-train	num-4	run0	1266374	5	65416	177033	669963	10.241576984224043	1.8970383971558575
dataset_name-FR-FCM-Z2KP-healthy_dataset-revision-67990f383ac8f169c9a00148febba1ed357e18e8_name-data_import.data_raw_potential-batches-1_seed-420_sub-sampling-100000_transformation-cofactor-150	random	drop-train	num-5	run0	1231233	5	73604	159439	661241	8.983764469322319	1.8903969040534374
dataset_name-FR-FCM-Z2KP-healthy_dataset-revision-67990f383ac8f169c9a00148febba1ed357e18e8_name-data_import.data_raw_potential-batches-1_seed-420_sub-sampling-100000_transformation-cofactor-150	random	unfiltered	num-1	run0	1346699	5	84697	199356	686400	8.104183146982773	1.9469338385822321
dataset_name-FR-FCM-Z2KP-healthy_dataset-revision-67990f383ac8f169c9a00148febba1ed357e18e8_name-data_import.data_raw_potential-batches-1_seed-420_sub-sampling-100000_transformation-cofactor-150	random	unfiltered	num-2	run0	1274361	5	82881	198192	607573	7.330666859714531	2.0061389683502666
dataset_name-FR-FCM-Z2KP-healthy_dataset-revision-67990f383ac8f169c9a00148febba1ed357e18e8_name-data_import.data_raw_potential-batches-1_seed-420_sub-sampling-100000_transformation-cofactor-150	random	unfiltered	num-3	run0	1174493	5	71844	166811	605424	8.426925004175715	1.9254609317365876
dataset_name-FR-FCM-Z2KP-healthy_dataset-revision-67990f383ac8f169c9a00148febba1ed357e18e8_name-data_import.data_raw_potential-batches-1_seed-420_sub-sampling-100000_transformation-cofactor-150	random	unfiltered	num-4	run0	1266374	5	65416	177033	669963	10.241576984224043	1.8970383971558575
dataset_name-FR-FCM-Z2KP-healthy_dataset-revision-67990f383ac8f169c9a00148febba1ed357e18e8_name-data_import.data_raw_potential-batches-1_seed-420_sub-sampling-100000_transformation-cofactor-150	random	unfiltered	num-5	run0	1231233	5	73604	159439	661241	8.983764469322319	1.8903969040534374
dataset_name-FR-FCM-Z2KP-healthy_dataset-revision-67990f383ac8f169c9a00148febba1ed357e18e8_name-data_import.data_raw_potential-batches-1_seed-420_sub-sampling-10000_transformation-cofactor-150	cyanno	drop-both	num-1	run0	1346699	5	84697	199356	686400	8.104183146982773	1.9469338385822321
dataset_name-FR-FCM-Z2KP-healthy_dataset-revision-67990f383ac8f169c9a00148febba1ed357e18e8_name-data_import.data_raw_potential-batches-1_seed-420_sub-sampling-10000_transformation-cofactor-150	cyanno	drop-both	num-2	run0	1274361	5	82881	198192	607573	7.330666859714531	2.0061389683502666
dataset_name-FR-FCM-Z2KP-healthy_dataset-revision-67990f383ac8f169c9a00148febba1ed357e18e8_name-data_import.data_raw_potential-batches-1_seed-420_sub-sampling-10000_transformation-cofactor-150	cyanno	drop-both	num-3	run0	1174493	5	71844	166811	605424	8.426925004175715	1.9254609317365876
dataset_name-FR-FCM-Z2KP-healthy_dataset-revision-67990f383ac8f169c9a00148febba1ed357e18e8_name-data_import.data_raw_potential-batches-1_seed-420_sub-sampling-10000_transformation-cofactor-150	cyanno	drop-both	num-4	run0	1266374	5	65416	177033	669963	10.241576984224043	1.8970383971558575
dataset_name-FR-FCM-Z2KP-healthy_dataset-revision-67990f383ac8f169c9a00148febba1ed357e18e8_name-data_import.data_raw_potential-batches-1_seed-420_sub-sampling-10000_transformation-cofactor-150	cyanno	drop-both	num-5	run0	1231233	5	73604	159439	661241	8.983764469322319	1.8903969040534374
dataset_name-FR-FCM-Z2KP-healthy_dataset-revision-67990f383ac8f169c9a00148febba1ed357e18e8_name-data_import.data_raw_potential-batches-1_seed-420_sub-sampling-10000_transformation-cofactor-150	cyanno	drop-train	num-1	run0	1346699	5	84697	199356	686400	8.104183146982773	1.9469338385822321
dataset_name-FR-FCM-Z2KP-healthy_dataset-revision-67990f383ac8f169c9a00148febba1ed357e18e8_name-data_import.data_raw_potential-batches-1_seed-420_sub-sampling-10000_transformation-cofactor-150	cyanno	drop-train	num-2	run0	1274361	5	82881	198192	607573	7.330666859714531	2.0061389683502666
dataset_name-FR-FCM-Z2KP-healthy_dataset-revision-67990f383ac8f169c9a00148febba1ed357e18e8_name-data_import.data_raw_potential-batches-1_seed-420_sub-sampling-10000_transformation-cofactor-150	cyanno	drop-train	num-3	run0	1174493	5	71844	166811	605424	8.426925004175715	1.9254609317365876
dataset_name-FR-FCM-Z2KP-healthy_dataset-revision-67990f383ac8f169c9a00148febba1ed357e18e8_name-data_import.data_raw_potential-batches-1_seed-420_sub-sampling-10000_transformation-cofactor-150	cyanno	drop-train	num-4	run0	1266374	5	65416	177033	669963	10.241576984224043	1.8970383971558575
dataset_name-FR-FCM-Z2KP-healthy_dataset-revision-67990f383ac8f169c9a00148febba1ed357e18e8_name-data_import.data_raw_potential-batches-1_seed-420_sub-sampling-10000_transformation-cofactor-150	cyanno	drop-train	num-5	run0	1231233	5	73604	159439	661241	8.983764469322319	1.8903969040534374
dataset_name-FR-FCM-Z2KP-healthy_dataset-revision-67990f383ac8f169c9a00148febba1ed357e18e8_name-data_import.data_raw_potential-batches-1_seed-420_sub-sampling-10000_transformation-cofactor-150	cyanno	unfiltered	num-1	run0	1346699	5	84697	199356	686400	8.104183146982773	1.9469338385822321
dataset_name-FR-FCM-Z2KP-healthy_dataset-revision-67990f383ac8f169c9a00148febba1ed357e18e8_name-data_import.data_raw_potential-batches-1_seed-420_sub-sampling-10000_transformation-cofactor-150	cyanno	unfiltered	num-2	run0	1274361	5	82881	198192	607573	7.330666859714531	2.0061389683502666
dataset_name-FR-FCM-Z2KP-healthy_dataset-revision-67990f383ac8f169c9a00148febba1ed357e18e8_name-data_import.data_raw_potential-batches-1_seed-420_sub-sampling-10000_transformation-cofactor-150	cyanno	unfiltered	num-3	run0	1174493	5	71844	166811	605424	8.426925004175715	1.9254609317365876
dataset_name-FR-FCM-Z2KP-healthy_dataset-revision-67990f383ac8f169c9a00148febba1ed357e18e8_name-data_import.data_raw_potential-batches-1_seed-420_sub-sampling-10000_transformation-cofactor-150	cyanno	unfiltered	num-4	run0	1266374	5	65416	177033	669963	10.241576984224043	1.8970383971558575
dataset_name-FR-FCM-Z2KP-healthy_dataset-revision-67990f383ac8f169c9a00148febba1ed357e18e8_name-data_import.data_raw_potential-batches-1_seed-420_sub-sampling-10000_transformation-cofactor-150	cyanno	unfiltered	num-5	run0	1231233	5	73604	159439	661241	8.983764469322319	1.8903969040534374
dataset_name-FR-FCM-Z2KP-healthy_dataset-revision-67990f383ac8f169c9a00148febba1ed357e18e8_name-data_import.data_raw_potential-batches-1_seed-420_sub-sampling-10000_transformation-cofactor-150	cydefine[3f57bdcdec41]	drop-both	num-1	run0	1346699	5	84697	199356	686400	8.104183146982773	1.9469338385822321
dataset_name-FR-FCM-Z2KP-healthy_dataset-revision-67990f383ac8f169c9a00148febba1ed357e18e8_name-data_import.data_raw_potential-batches-1_seed-420_sub-sampling-10000_transformation-cofactor-150	cydefine[3f57bdcdec41]	drop-both	num-2	run0	1274361	5	82881	198192	607573	7.330666859714531	2.0061389683502666
dataset_name-FR-FCM-Z2KP-healthy_dataset-revision-67990f383ac8f169c9a00148febba1ed357e18e8_name-data_import.data_raw_potential-batches-1_seed-420_sub-sampling-10000_transformation-cofactor-150	cydefine[3f57bdcdec41]	drop-both	num-3	run0	1174493	5	71844	166811	605424	8.426925004175715	1.9254609317365876
dataset_name-FR-FCM-Z2KP-healthy_dataset-revision-67990f383ac8f169c9a00148febba1ed357e18e8_name-data_import.data_raw_potential-batches-1_seed-420_sub-sampling-10000_transformation-cofactor-150	cydefine[3f57bdcdec41]	drop-both	num-4	run0	1266374	5	65416	177033	669963	10.241576984224043	1.8970383971558575
dataset_name-FR-FCM-Z2KP-healthy_dataset-revision-67990f383ac8f169c9a00148febba1ed357e18e8_name-data_import.data_raw_potential-batches-1_seed-420_sub-sampling-10000_transformation-cofactor-150	cydefine[3f57bdcdec41]	drop-both	num-5	run0	1231233	5	73604	159439	661241	8.983764469322319	1.8903969040534374
dataset_name-FR-FCM-Z2KP-healthy_dataset-revision-67990f383ac8f169c9a00148febba1ed357e18e8_name-data_import.data_raw_potential-batches-1_seed-420_sub-sampling-10000_transformation-cofactor-150	cydefine[3f57bdcdec41]	drop-train	num-1	run0	1346699	5	84697	199356	686400	8.104183146982773	1.9469338385822321
dataset_name-FR-FCM-Z2KP-healthy_dataset-revision-67990f383ac8f169c9a00148febba1ed357e18e8_name-data_import.data_raw_potential-batches-1_seed-420_sub-sampling-10000_transformation-cofactor-150	cydefine[3f57bdcdec41]	drop-train	num-2	run0	1274361	5	82881	198192	607573	7.330666859714531	2.0061389683502666
dataset_name-FR-FCM-Z2KP-healthy_dataset-revision-67990f383ac8f169c9a00148febba1ed357e18e8_name-data_import.data_raw_potential-batches-1_seed-420_sub-sampling-10000_transformation-cofactor-150	cydefine[3f57bdcdec41]	drop-train	num-3	run0	1174493	5	71844	166811	605424	8.426925004175715	1.9254609317365876
dataset_name-FR-FCM-Z2KP-healthy_dataset-revision-67990f383ac8f169c9a00148febba1ed357e18e8_name-data_import.data_raw_potential-batches-1_seed-420_sub-sampling-10000_transformation-cofactor-150	cydefine[3f57bdcdec41]	drop-train	num-4	run0	1266374	5	65416	177033	669963	10.241576984224043	1.8970383971558575
dataset_name-FR-FCM-Z2KP-healthy_dataset-revision-67990f383ac8f169c9a00148febba1ed357e18e8_name-data_import.data_raw_potential-batches-1_seed-420_sub-sampling-10000_transformation-cofactor-150	cydefine[3f57bdcdec41]	drop-train	num-5	run0	1231233	5	73604	159439	661241	8.983764469322319	1.8903969040534374
dataset_name-FR-FCM-Z2KP-healthy_dataset-revision-67990f383ac8f169c9a00148febba1ed357e18e8_name-data_import.data_raw_potential-batches-1_seed-420_sub-sampling-10000_transformation-cofactor-150	cydefine[3f57bdcdec41]	unfiltered	num-1	run0	1346699	5	84697	199356	686400	8.104183146982773	1.9469338385822321
dataset_name-FR-FCM-Z2KP-healthy_dataset-revision-67990f383ac8f169c9a00148febba1ed357e18e8_name-data_import.data_raw_potential-batches-1_seed-420_sub-sampling-10000_transformation-cofactor-150	cydefine[3f57bdcdec41]	unfiltered	num-2	run0	1274361	5	82881	198192	607573	7.330666859714531	2.0061389683502666
dataset_name-FR-FCM-Z2KP-healthy_dataset-revision-67990f383ac8f169c9a00148febba1ed357e18e8_name-data_import.data_raw_potential-batches-1_seed-420_sub-sampling-10000_transformation-cofactor-150	cydefine[3f57bdcdec41]	unfiltered	num-3	run0	1174493	5	71844	166811	605424	8.426925004175715	1.9254609317365876
dataset_name-FR-FCM-Z2KP-healthy_dataset-revision-67990f383ac8f169c9a00148febba1ed357e18e8_name-data_import.data_raw_potential-batches-1_seed-420_sub-sampling-10000_transformation-cofactor-150	cydefine[3f57bdcdec41]	unfiltered	num-4	run0	1266374	5	65416	177033	669963	10.241576984224043	1.8970383971558575
dataset_name-FR-FCM-Z2KP-healthy_dataset-revision-67990f383ac8f169c9a00148febba1ed357e18e8_name-data_import.data_raw_potential-batches-1_seed-420_sub-sampling-10000_transformation-cofactor-150	cydefine[3f57bdcdec41]	unfiltered	num-5	run0	1231233	5	73604	159439	661241	8.983764469322319	1.8903969040534374
dataset_name-FR-FCM-Z2KP-healthy_dataset-revision-67990f383ac8f169c9a00148febba1ed357e18e8_name-data_import.data_raw_potential-batches-1_seed-420_sub-sampling-10000_transformation-cofactor-150	cygate	drop-both	num-1	run0	1346699	5	84697	199356	686400	8.104183146982773	1.9469338385822321
dataset_name-FR-FCM-Z2KP-healthy_dataset-revision-67990f383ac8f169c9a00148febba1ed357e18e8_name-data_import.data_raw_potential-batches-1_seed-420_sub-sampling-10000_transformation-cofactor-150	cygate	drop-both	num-2	run0	1274361	5	82881	198192	607573	7.330666859714531	2.0061389683502666
dataset_name-FR-FCM-Z2KP-healthy_dataset-revision-67990f383ac8f169c9a00148febba1ed357e18e8_name-data_import.data_raw_potential-batches-1_seed-420_sub-sampling-10000_transformation-cofactor-150	cygate	drop-both	num-3	run0	1174493	5	71844	166811	605424	8.426925004175715	1.9254609317365876
dataset_name-FR-FCM-Z2KP-healthy_dataset-revision-67990f383ac8f169c9a00148febba1ed357e18e8_name-data_import.data_raw_potential-batches-1_seed-420_sub-sampling-10000_transformation-cofactor-150	cygate	drop-both	num-4	run0	1266374	5	65416	177033	669963	10.241576984224043	1.8970383971558575
dataset_name-FR-FCM-Z2KP-healthy_dataset-revision-67990f383ac8f169c9a00148febba1ed357e18e8_name-data_import.data_raw_potential-batches-1_seed-420_sub-sampling-10000_transformation-cofactor-150	cygate	drop-both	num-5	run0	1231233	5	73604	159439	661241	8.983764469322319	1.8903969040534374
dataset_name-FR-FCM-Z2KP-healthy_dataset-revision-67990f383ac8f169c9a00148febba1ed357e18e8_name-data_import.data_raw_potential-batches-1_seed-420_sub-sampling-10000_transformation-cofactor-150	cygate	drop-train	num-1	run0	1346699	5	84697	199356	686400	8.104183146982773	1.9469338385822321
dataset_name-FR-FCM-Z2KP-healthy_dataset-revision-67990f383ac8f169c9a00148febba1ed357e18e8_name-data_import.data_raw_potential-batches-1_seed-420_sub-sampling-10000_transformation-cofactor-150	cygate	drop-train	num-2	run0	1274361	5	82881	198192	607573	7.330666859714531	2.0061389683502666
dataset_name-FR-FCM-Z2KP-healthy_dataset-revision-67990f383ac8f169c9a00148febba1ed357e18e8_name-data_import.data_raw_potential-batches-1_seed-420_sub-sampling-10000_transformation-cofactor-150	cygate	drop-train	num-3	run0	1174493	5	71844	166811	605424	8.426925004175715	1.9254609317365876
dataset_name-FR-FCM-Z2KP-healthy_dataset-revision-67990f383ac8f169c9a00148febba1ed357e18e8_name-data_import.data_raw_potential-batches-1_seed-420_sub-sampling-10000_transformation-cofactor-150	cygate	drop-train	num-4	run0	1266374	5	65416	177033	669963	10.241576984224043	1.8970383971558575
dataset_name-FR-FCM-Z2KP-healthy_dataset-revision-67990f383ac8f169c9a00148febba1ed357e18e8_name-data_import.data_raw_potential-batches-1_seed-420_sub-sampling-10000_transformation-cofactor-150	cygate	drop-train	num-5	run0	1231233	5	73604	159439	661241	8.983764469322319	1.8903969040534374
dataset_name-FR-FCM-Z2KP-healthy_dataset-revision-67990f383ac8f169c9a00148febba1ed357e18e8_name-data_import.data_raw_potential-batches-1_seed-420_sub-sampling-10000_transformation-cofactor-150	cygate	unfiltered	num-1	run0	1346699	5	84697	199356	686400	8.104183146982773	1.9469338385822321
dataset_name-FR-FCM-Z2KP-healthy_dataset-revision-67990f383ac8f169c9a00148febba1ed357e18e8_name-data_import.data_raw_potential-batches-1_seed-420_sub-sampling-10000_transformation-cofactor-150	cygate	unfiltered	num-2	run0	1274361	5	82881	198192	607573	7.330666859714531	2.0061389683502666
dataset_name-FR-FCM-Z2KP-healthy_dataset-revision-67990f383ac8f169c9a00148febba1ed357e18e8_name-data_import.data_raw_potential-batches-1_seed-420_sub-sampling-10000_transformation-cofactor-150	cygate	unfiltered	num-3	run0	1174493	5	71844	166811	605424	8.426925004175715	1.9254609317365876
dataset_name-FR-FCM-Z2KP-healthy_dataset-revision-67990f383ac8f169c9a00148febba1ed357e18e8_name-data_import.data_raw_potential-batches-1_seed-420_sub-sampling-10000_transformation-cofactor-150	cygate	unfiltered	num-4	run0	1266374	5	65416	177033	669963	10.241576984224043	1.8970383971558575
dataset_name-FR-FCM-Z2KP-healthy_dataset-revision-67990f383ac8f169c9a00148febba1ed357e18e8_name-data_import.data_raw_potential-batches-1_seed-420_sub-sampling-10000_transformation-cofactor-150	cygate	unfiltered	num-5	run0	1231233	5	73604	159439	661241	8.983764469322319	1.8903969040534374
dataset_name-FR-FCM-Z2KP-healthy_dataset-revision-67990f383ac8f169c9a00148febba1ed357e18e8_name-data_import.data_raw_potential-batches-1_seed-420_sub-sampling-10000_transformation-cofactor-150	dgcytof	drop-both	num-1	run0	1346699	5	84697	199356	686400	8.104183146982773	1.9469338385822321
dataset_name-FR-FCM-Z2KP-healthy_dataset-revision-67990f383ac8f169c9a00148febba1ed357e18e8_name-data_import.data_raw_potential-batches-1_seed-420_sub-sampling-10000_transformation-cofactor-150	dgcytof	drop-both	num-2	run0	1274361	5	82881	198192	607573	7.330666859714531	2.0061389683502666
dataset_name-FR-FCM-Z2KP-healthy_dataset-revision-67990f383ac8f169c9a00148febba1ed357e18e8_name-data_import.data_raw_potential-batches-1_seed-420_sub-sampling-10000_transformation-cofactor-150	dgcytof	drop-both	num-3	run0	1174493	5	71844	166811	605424	8.426925004175715	1.9254609317365876
dataset_name-FR-FCM-Z2KP-healthy_dataset-revision-67990f383ac8f169c9a00148febba1ed357e18e8_name-data_import.data_raw_potential-batches-1_seed-420_sub-sampling-10000_transformation-cofactor-150	dgcytof	drop-both	num-4	run0	1266374	5	65416	177033	669963	10.241576984224043	1.8970383971558575
dataset_name-FR-FCM-Z2KP-healthy_dataset-revision-67990f383ac8f169c9a00148febba1ed357e18e8_name-data_import.data_raw_potential-batches-1_seed-420_sub-sampling-10000_transformation-cofactor-150	dgcytof	drop-both	num-5	run0	1231233	5	73604	159439	661241	8.983764469322319	1.8903969040534374
dataset_name-FR-FCM-Z2KP-healthy_dataset-revision-67990f383ac8f169c9a00148febba1ed357e18e8_name-data_import.data_raw_potential-batches-1_seed-420_sub-sampling-10000_transformation-cofactor-150	dgcytof	drop-train	num-1	run0	1346699	5	84697	199356	686400	8.104183146982773	1.9469338385822321
dataset_name-FR-FCM-Z2KP-healthy_dataset-revision-67990f383ac8f169c9a00148febba1ed357e18e8_name-data_import.data_raw_potential-batches-1_seed-420_sub-sampling-10000_transformation-cofactor-150	dgcytof	drop-train	num-2	run0	1274361	5	82881	198192	607573	7.330666859714531	2.0061389683502666
dataset_name-FR-FCM-Z2KP-healthy_dataset-revision-67990f383ac8f169c9a00148febba1ed357e18e8_name-data_import.data_raw_potential-batches-1_seed-420_sub-sampling-10000_transformation-cofactor-150	dgcytof	drop-train	num-3	run0	1174493	5	71844	166811	605424	8.426925004175715	1.9254609317365876
dataset_name-FR-FCM-Z2KP-healthy_dataset-revision-67990f383ac8f169c9a00148febba1ed357e18e8_name-data_import.data_raw_potential-batches-1_seed-420_sub-sampling-10000_transformation-cofactor-150	dgcytof	drop-train	num-4	run0	1266374	5	65416	177033	669963	10.241576984224043	1.8970383971558575
dataset_name-FR-FCM-Z2KP-healthy_dataset-revision-67990f383ac8f169c9a00148febba1ed357e18e8_name-data_import.data_raw_potential-batches-1_seed-420_sub-sampling-10000_transformation-cofactor-150	dgcytof	drop-train	num-5	run0	1231233	5	73604	159439	661241	8.983764469322319	1.8903969040534374
dataset_name-FR-FCM-Z2KP-healthy_dataset-revision-67990f383ac8f169c9a00148febba1ed357e18e8_name-data_import.data_raw_potential-batches-1_seed-420_sub-sampling-10000_transformation-cofactor-150	dgcytof	unfiltered	num-1	run0	1346699	5	84697	199356	686400	8.104183146982773	1.9469338385822321
dataset_name-FR-FCM-Z2KP-healthy_dataset-revision-67990f383ac8f169c9a00148febba1ed357e18e8_name-data_import.data_raw_potential-batches-1_seed-420_sub-sampling-10000_transformation-cofactor-150	dgcytof	unfiltered	num-2	run0	1274361	5	82881	198192	607573	7.330666859714531	2.0061389683502666
dataset_name-FR-FCM-Z2KP-healthy_dataset-revision-67990f383ac8f169c9a00148febba1ed357e18e8_name-data_import.data_raw_potential-batches-1_seed-420_sub-sampling-10000_transformation-cofactor-150	dgcytof	unfiltered	num-3	run0	1174493	5	71844	166811	605424	8.426925004175715	1.9254609317365876
dataset_name-FR-FCM-Z2KP-healthy_dataset-revision-67990f383ac8f169c9a00148febba1ed357e18e8_name-data_import.data_raw_potential-batches-1_seed-420_sub-sampling-10000_transformation-cofactor-150	dgcytof	unfiltered	num-4	run0	1266374	5	65416	177033	669963	10.241576984224043	1.8970383971558575
dataset_name-FR-FCM-Z2KP-healthy_dataset-revision-67990f383ac8f169c9a00148febba1ed357e18e8_name-data_import.data_raw_potential-batches-1_seed-420_sub-sampling-10000_transformation-cofactor-150	dgcytof	unfiltered	num-5	run0	1231233	5	73604	159439	661241	8.983764469322319	1.8903969040534374
dataset_name-FR-FCM-Z2KP-healthy_dataset-revision-67990f383ac8f169c9a00148febba1ed357e18e8_name-data_import.data_raw_potential-batches-1_seed-420_sub-sampling-10000_transformation-cofactor-150	gatemeclass[E]	drop-both	num-1	run0	1346699	5	84697	199356	686400	8.104183146982773	1.9469338385822321
dataset_name-FR-FCM-Z2KP-healthy_dataset-revision-67990f383ac8f169c9a00148febba1ed357e18e8_name-data_import.data_raw_potential-batches-1_seed-420_sub-sampling-10000_transformation-cofactor-150	gatemeclass[E]	drop-both	num-2	run0	1274361	5	82881	198192	607573	7.330666859714531	2.0061389683502666
dataset_name-FR-FCM-Z2KP-healthy_dataset-revision-67990f383ac8f169c9a00148febba1ed357e18e8_name-data_import.data_raw_potential-batches-1_seed-420_sub-sampling-10000_transformation-cofactor-150	gatemeclass[E]	drop-both	num-3	run0	1174493	5	71844	166811	605424	8.426925004175715	1.9254609317365876
dataset_name-FR-FCM-Z2KP-healthy_dataset-revision-67990f383ac8f169c9a00148febba1ed357e18e8_name-data_import.data_raw_potential-batches-1_seed-420_sub-sampling-10000_transformation-cofactor-150	gatemeclass[E]	drop-both	num-4	run0	1266374	5	65416	177033	669963	10.241576984224043	1.8970383971558575
dataset_name-FR-FCM-Z2KP-healthy_dataset-revision-67990f383ac8f169c9a00148febba1ed357e18e8_name-data_import.data_raw_potential-batches-1_seed-420_sub-sampling-10000_transformation-cofactor-150	gatemeclass[E]	drop-both	num-5	run0	1231233	5	73604	159439	661241	8.983764469322319	1.8903969040534374
dataset_name-FR-FCM-Z2KP-healthy_dataset-revision-67990f383ac8f169c9a00148febba1ed357e18e8_name-data_import.data_raw_potential-batches-1_seed-420_sub-sampling-10000_transformation-cofactor-150	gatemeclass[E]	drop-train	num-1	run0	1346699	5	84697	199356	686400	8.104183146982773	1.9469338385822321
dataset_name-FR-FCM-Z2KP-healthy_dataset-revision-67990f383ac8f169c9a00148febba1ed357e18e8_name-data_import.data_raw_potential-batches-1_seed-420_sub-sampling-10000_transformation-cofactor-150	gatemeclass[E]	drop-train	num-2	run0	1274361	5	82881	198192	607573	7.330666859714531	2.0061389683502666
dataset_name-FR-FCM-Z2KP-healthy_dataset-revision-67990f383ac8f169c9a00148febba1ed357e18e8_name-data_import.data_raw_potential-batches-1_seed-420_sub-sampling-10000_transformation-cofactor-150	gatemeclass[E]	drop-train	num-3	run0	1174493	5	71844	166811	605424	8.426925004175715	1.9254609317365876
dataset_name-FR-FCM-Z2KP-healthy_dataset-revision-67990f383ac8f169c9a00148febba1ed357e18e8_name-data_import.data_raw_potential-batches-1_seed-420_sub-sampling-10000_transformation-cofactor-150	gatemeclass[E]	drop-train	num-4	run0	1266374	5	65416	177033	669963	10.241576984224043	1.8970383971558575
dataset_name-FR-FCM-Z2KP-healthy_dataset-revision-67990f383ac8f169c9a00148febba1ed357e18e8_name-data_import.data_raw_potential-batches-1_seed-420_sub-sampling-10000_transformation-cofactor-150	gatemeclass[E]	drop-train	num-5	run0	1231233	5	73604	159439	661241	8.983764469322319	1.8903969040534374
dataset_name-FR-FCM-Z2KP-healthy_dataset-revision-67990f383ac8f169c9a00148febba1ed357e18e8_name-data_import.data_raw_potential-batches-1_seed-420_sub-sampling-10000_transformation-cofactor-150	gatemeclass[E]	unfiltered	num-1	run0	1346699	5	84697	199356	686400	8.104183146982773	1.9469338385822321
dataset_name-FR-FCM-Z2KP-healthy_dataset-revision-67990f383ac8f169c9a00148febba1ed357e18e8_name-data_import.data_raw_potential-batches-1_seed-420_sub-sampling-10000_transformation-cofactor-150	gatemeclass[E]	unfiltered	num-2	run0	1274361	5	82881	198192	607573	7.330666859714531	2.0061389683502666
dataset_name-FR-FCM-Z2KP-healthy_dataset-revision-67990f383ac8f169c9a00148febba1ed357e18e8_name-data_import.data_raw_potential-batches-1_seed-420_sub-sampling-10000_transformation-cofactor-150	gatemeclass[E]	unfiltered	num-3	run0	1174493	5	71844	166811	605424	8.426925004175715	1.9254609317365876
dataset_name-FR-FCM-Z2KP-healthy_dataset-revision-67990f383ac8f169c9a00148febba1ed357e18e8_name-data_import.data_raw_potential-batches-1_seed-420_sub-sampling-10000_transformation-cofactor-150	gatemeclass[E]	unfiltered	num-4	run0	1266374	5	65416	177033	669963	10.241576984224043	1.8970383971558575
dataset_name-FR-FCM-Z2KP-healthy_dataset-revision-67990f383ac8f169c9a00148febba1ed357e18e8_name-data_import.data_raw_potential-batches-1_seed-420_sub-sampling-10000_transformation-cofactor-150	gatemeclass[E]	unfiltered	num-5	run0	1231233	5	73604	159439	661241	8.983764469322319	1.8903969040534374
dataset_name-FR-FCM-Z2KP-healthy_dataset-revision-67990f383ac8f169c9a00148febba1ed357e18e8_name-data_import.data_raw_potential-batches-1_seed-420_sub-sampling-10000_transformation-cofactor-150	gatemeclass[V]	drop-both	num-1	run0	1346699	5	84697	199356	686400	8.104183146982773	1.9469338385822321
dataset_name-FR-FCM-Z2KP-healthy_dataset-revision-67990f383ac8f169c9a00148febba1ed357e18e8_name-data_import.data_raw_potential-batches-1_seed-420_sub-sampling-10000_transformation-cofactor-150	gatemeclass[V]	drop-both	num-2	run0	1274361	5	82881	198192	607573	7.330666859714531	2.0061389683502666
dataset_name-FR-FCM-Z2KP-healthy_dataset-revision-67990f383ac8f169c9a00148febba1ed357e18e8_name-data_import.data_raw_potential-batches-1_seed-420_sub-sampling-10000_transformation-cofactor-150	gatemeclass[V]	drop-both	num-3	run0	1174493	5	71844	166811	605424	8.426925004175715	1.9254609317365876
dataset_name-FR-FCM-Z2KP-healthy_dataset-revision-67990f383ac8f169c9a00148febba1ed357e18e8_name-data_import.data_raw_potential-batches-1_seed-420_sub-sampling-10000_transformation-cofactor-150	gatemeclass[V]	drop-both	num-4	run0	1266374	5	65416	177033	669963	10.241576984224043	1.8970383971558575
dataset_name-FR-FCM-Z2KP-healthy_dataset-revision-67990f383ac8f169c9a00148febba1ed357e18e8_name-data_import.data_raw_potential-batches-1_seed-420_sub-sampling-10000_transformation-cofactor-150	gatemeclass[V]	drop-both	num-5	run0	1231233	5	73604	159439	661241	8.983764469322319	1.8903969040534374
dataset_name-FR-FCM-Z2KP-healthy_dataset-revision-67990f383ac8f169c9a00148febba1ed357e18e8_name-data_import.data_raw_potential-batches-1_seed-420_sub-sampling-10000_transformation-cofactor-150	gatemeclass[V]	drop-train	num-1	run0	1346699	5	84697	199356	686400	8.104183146982773	1.9469338385822321
dataset_name-FR-FCM-Z2KP-healthy_dataset-revision-67990f383ac8f169c9a00148febba1ed357e18e8_name-data_import.data_raw_potential-batches-1_seed-420_sub-sampling-10000_transformation-cofactor-150	gatemeclass[V]	drop-train	num-2	run0	1274361	5	82881	198192	607573	7.330666859714531	2.0061389683502666
dataset_name-FR-FCM-Z2KP-healthy_dataset-revision-67990f383ac8f169c9a00148febba1ed357e18e8_name-data_import.data_raw_potential-batches-1_seed-420_sub-sampling-10000_transformation-cofactor-150	gatemeclass[V]	drop-train	num-3	run0	1174493	5	71844	166811	605424	8.426925004175715	1.9254609317365876
dataset_name-FR-FCM-Z2KP-healthy_dataset-revision-67990f383ac8f169c9a00148febba1ed357e18e8_name-data_import.data_raw_potential-batches-1_seed-420_sub-sampling-10000_transformation-cofactor-150	gatemeclass[V]	drop-train	num-4	run0	1266374	5	65416	177033	669963	10.241576984224043	1.8970383971558575
dataset_name-FR-FCM-Z2KP-healthy_dataset-revision-67990f383ac8f169c9a00148febba1ed357e18e8_name-data_import.data_raw_potential-batches-1_seed-420_sub-sampling-10000_transformation-cofactor-150	gatemeclass[V]	drop-train	num-5	run0	1231233	5	73604	159439	661241	8.983764469322319	1.8903969040534374
dataset_name-FR-FCM-Z2KP-healthy_dataset-revision-67990f383ac8f169c9a00148febba1ed357e18e8_name-data_import.data_raw_potential-batches-1_seed-420_sub-sampling-10000_transformation-cofactor-150	gatemeclass[V]	unfiltered	num-1	run0	1346699	5	84697	199356	686400	8.104183146982773	1.9469338385822321
dataset_name-FR-FCM-Z2KP-healthy_dataset-revision-67990f383ac8f169c9a00148febba1ed357e18e8_name-data_import.data_raw_potential-batches-1_seed-420_sub-sampling-10000_transformation-cofactor-150	gatemeclass[V]	unfiltered	num-2	run0	1274361	5	82881	198192	607573	7.330666859714531	2.0061389683502666
dataset_name-FR-FCM-Z2KP-healthy_dataset-revision-67990f383ac8f169c9a00148febba1ed357e18e8_name-data_import.data_raw_potential-batches-1_seed-420_sub-sampling-10000_transformation-cofactor-150	gatemeclass[V]	unfiltered	num-3	run0	1174493	5	71844	166811	605424	8.426925004175715	1.9254609317365876
dataset_name-FR-FCM-Z2KP-healthy_dataset-revision-67990f383ac8f169c9a00148febba1ed357e18e8_name-data_import.data_raw_potential-batches-1_seed-420_sub-sampling-10000_transformation-cofactor-150	gatemeclass[V]	unfiltered	num-4	run0	1266374	5	65416	177033	669963	10.241576984224043	1.8970383971558575
dataset_name-FR-FCM-Z2KP-healthy_dataset-revision-67990f383ac8f169c9a00148febba1ed357e18e8_name-data_import.data_raw_potential-batches-1_seed-420_sub-sampling-10000_transformation-cofactor-150	gatemeclass[V]	unfiltered	num-5	run0	1231233	5	73604	159439	661241	8.983764469322319	1.8903969040534374
dataset_name-FR-FCM-Z2KP-healthy_dataset-revision-67990f383ac8f169c9a00148febba1ed357e18e8_name-data_import.data_raw_potential-batches-1_seed-420_sub-sampling-10000_transformation-cofactor-150	knn	drop-both	num-1	run0	1346699	5	84697	199356	686400	8.104183146982773	1.9469338385822321
dataset_name-FR-FCM-Z2KP-healthy_dataset-revision-67990f383ac8f169c9a00148febba1ed357e18e8_name-data_import.data_raw_potential-batches-1_seed-420_sub-sampling-10000_transformation-cofactor-150	knn	drop-both	num-2	run0	1274361	5	82881	198192	607573	7.330666859714531	2.0061389683502666
dataset_name-FR-FCM-Z2KP-healthy_dataset-revision-67990f383ac8f169c9a00148febba1ed357e18e8_name-data_import.data_raw_potential-batches-1_seed-420_sub-sampling-10000_transformation-cofactor-150	knn	drop-both	num-3	run0	1174493	5	71844	166811	605424	8.426925004175715	1.9254609317365876
dataset_name-FR-FCM-Z2KP-healthy_dataset-revision-67990f383ac8f169c9a00148febba1ed357e18e8_name-data_import.data_raw_potential-batches-1_seed-420_sub-sampling-10000_transformation-cofactor-150	knn	drop-both	num-4	run0	1266374	5	65416	177033	669963	10.241576984224043	1.8970383971558575
dataset_name-FR-FCM-Z2KP-healthy_dataset-revision-67990f383ac8f169c9a00148febba1ed357e18e8_name-data_import.data_raw_potential-batches-1_seed-420_sub-sampling-10000_transformation-cofactor-150	knn	drop-both	num-5	run0	1231233	5	73604	159439	661241	8.983764469322319	1.8903969040534374
dataset_name-FR-FCM-Z2KP-healthy_dataset-revision-67990f383ac8f169c9a00148febba1ed357e18e8_name-data_import.data_raw_potential-batches-1_seed-420_sub-sampling-10000_transformation-cofactor-150	knn	drop-train	num-1	run0	1346699	5	84697	199356	686400	8.104183146982773	1.9469338385822321
dataset_name-FR-FCM-Z2KP-healthy_dataset-revision-67990f383ac8f169c9a00148febba1ed357e18e8_name-data_import.data_raw_potential-batches-1_seed-420_sub-sampling-10000_transformation-cofactor-150	knn	drop-train	num-2	run0	1274361	5	82881	198192	607573	7.330666859714531	2.0061389683502666
dataset_name-FR-FCM-Z2KP-healthy_dataset-revision-67990f383ac8f169c9a00148febba1ed357e18e8_name-data_import.data_raw_potential-batches-1_seed-420_sub-sampling-10000_transformation-cofactor-150	knn	drop-train	num-3	run0	1174493	5	71844	166811	605424	8.426925004175715	1.9254609317365876
dataset_name-FR-FCM-Z2KP-healthy_dataset-revision-67990f383ac8f169c9a00148febba1ed357e18e8_name-data_import.data_raw_potential-batches-1_seed-420_sub-sampling-10000_transformation-cofactor-150	knn	drop-train	num-4	run0	1266374	5	65416	177033	669963	10.241576984224043	1.8970383971558575
dataset_name-FR-FCM-Z2KP-healthy_dataset-revision-67990f383ac8f169c9a00148febba1ed357e18e8_name-data_import.data_raw_potential-batches-1_seed-420_sub-sampling-10000_transformation-cofactor-150	knn	drop-train	num-5	run0	1231233	5	73604	159439	661241	8.983764469322319	1.8903969040534374
dataset_name-FR-FCM-Z2KP-healthy_dataset-revision-67990f383ac8f169c9a00148febba1ed357e18e8_name-data_import.data_raw_potential-batches-1_seed-420_sub-sampling-10000_transformation-cofactor-150	knn	unfiltered	num-1	run0	1346699	5	84697	199356	686400	8.104183146982773	1.9469338385822321
dataset_name-FR-FCM-Z2KP-healthy_dataset-revision-67990f383ac8f169c9a00148febba1ed357e18e8_name-data_import.data_raw_potential-batches-1_seed-420_sub-sampling-10000_transformation-cofactor-150	knn	unfiltered	num-2	run0	1274361	5	82881	198192	607573	7.330666859714531	2.0061389683502666
dataset_name-FR-FCM-Z2KP-healthy_dataset-revision-67990f383ac8f169c9a00148febba1ed357e18e8_name-data_import.data_raw_potential-batches-1_seed-420_sub-sampling-10000_transformation-cofactor-150	knn	unfiltered	num-3	run0	1174493	5	71844	166811	605424	8.426925004175715	1.9254609317365876
dataset_name-FR-FCM-Z2KP-healthy_dataset-revision-67990f383ac8f169c9a00148febba1ed357e18e8_name-data_import.data_raw_potential-batches-1_seed-420_sub-sampling-10000_transformation-cofactor-150	knn	unfiltered	num-4	run0	1266374	5	65416	177033	669963	10.241576984224043	1.8970383971558575
dataset_name-FR-FCM-Z2KP-healthy_dataset-revision-67990f383ac8f169c9a00148febba1ed357e18e8_name-data_import.data_raw_potential-batches-1_seed-420_sub-sampling-10000_transformation-cofactor-150	knn	unfiltered	num-5	run0	1231233	5	73604	159439	661241	8.983764469322319	1.8903969040534374
dataset_name-FR-FCM-Z2KP-healthy_dataset-revision-67990f383ac8f169c9a00148febba1ed357e18e8_name-data_import.data_raw_potential-batches-1_seed-420_sub-sampling-10000_transformation-cofactor-150	lda	drop-both	num-1	run0	1346699	5	84697	199356	686400	8.104183146982773	1.9469338385822321
dataset_name-FR-FCM-Z2KP-healthy_dataset-revision-67990f383ac8f169c9a00148febba1ed357e18e8_name-data_import.data_raw_potential-batches-1_seed-420_sub-sampling-10000_transformation-cofactor-150	lda	drop-both	num-2	run0	1274361	5	82881	198192	607573	7.330666859714531	2.0061389683502666
dataset_name-FR-FCM-Z2KP-healthy_dataset-revision-67990f383ac8f169c9a00148febba1ed357e18e8_name-data_import.data_raw_potential-batches-1_seed-420_sub-sampling-10000_transformation-cofactor-150	lda	drop-both	num-3	run0	1174493	5	71844	166811	605424	8.426925004175715	1.9254609317365876
dataset_name-FR-FCM-Z2KP-healthy_dataset-revision-67990f383ac8f169c9a00148febba1ed357e18e8_name-data_import.data_raw_potential-batches-1_seed-420_sub-sampling-10000_transformation-cofactor-150	lda	drop-both	num-4	run0	1266374	5	65416	177033	669963	10.241576984224043	1.8970383971558575
dataset_name-FR-FCM-Z2KP-healthy_dataset-revision-67990f383ac8f169c9a00148febba1ed357e18e8_name-data_import.data_raw_potential-batches-1_seed-420_sub-sampling-10000_transformation-cofactor-150	lda	drop-both	num-5	run0	1231233	5	73604	159439	661241	8.983764469322319	1.8903969040534374
dataset_name-FR-FCM-Z2KP-healthy_dataset-revision-67990f383ac8f169c9a00148febba1ed357e18e8_name-data_import.data_raw_potential-batches-1_seed-420_sub-sampling-10000_transformation-cofactor-150	lda	drop-train	num-1	run0	1346699	5	84697	199356	686400	8.104183146982773	1.9469338385822321
dataset_name-FR-FCM-Z2KP-healthy_dataset-revision-67990f383ac8f169c9a00148febba1ed357e18e8_name-data_import.data_raw_potential-batches-1_seed-420_sub-sampling-10000_transformation-cofactor-150	lda	drop-train	num-2	run0	1274361	5	82881	198192	607573	7.330666859714531	2.0061389683502666
dataset_name-FR-FCM-Z2KP-healthy_dataset-revision-67990f383ac8f169c9a00148febba1ed357e18e8_name-data_import.data_raw_potential-batches-1_seed-420_sub-sampling-10000_transformation-cofactor-150	lda	drop-train	num-3	run0	1174493	5	71844	166811	605424	8.426925004175715	1.9254609317365876
dataset_name-FR-FCM-Z2KP-healthy_dataset-revision-67990f383ac8f169c9a00148febba1ed357e18e8_name-data_import.data_raw_potential-batches-1_seed-420_sub-sampling-10000_transformation-cofactor-150	lda	drop-train	num-4	run0	1266374	5	65416	177033	669963	10.241576984224043	1.8970383971558575
dataset_name-FR-FCM-Z2KP-healthy_dataset-revision-67990f383ac8f169c9a00148febba1ed357e18e8_name-data_import.data_raw_potential-batches-1_seed-420_sub-sampling-10000_transformation-cofactor-150	lda	drop-train	num-5	run0	1231233	5	73604	159439	661241	8.983764469322319	1.8903969040534374
dataset_name-FR-FCM-Z2KP-healthy_dataset-revision-67990f383ac8f169c9a00148febba1ed357e18e8_name-data_import.data_raw_potential-batches-1_seed-420_sub-sampling-10000_transformation-cofactor-150	lda	unfiltered	num-1	run0	1346699	5	84697	199356	686400	8.104183146982773	1.9469338385822321
dataset_name-FR-FCM-Z2KP-healthy_dataset-revision-67990f383ac8f169c9a00148febba1ed357e18e8_name-data_import.data_raw_potential-batches-1_seed-420_sub-sampling-10000_transformation-cofactor-150	lda	unfiltered	num-2	run0	1274361	5	82881	198192	607573	7.330666859714531	2.0061389683502666
dataset_name-FR-FCM-Z2KP-healthy_dataset-revision-67990f383ac8f169c9a00148febba1ed357e18e8_name-data_import.data_raw_potential-batches-1_seed-420_sub-sampling-10000_transformation-cofactor-150	lda	unfiltered	num-3	run0	1174493	5	71844	166811	605424	8.426925004175715	1.9254609317365876
dataset_name-FR-FCM-Z2KP-healthy_dataset-revision-67990f383ac8f169c9a00148febba1ed357e18e8_name-data_import.data_raw_potential-batches-1_seed-420_sub-sampling-10000_transformation-cofactor-150	lda	unfiltered	num-4	run0	1266374	5	65416	177033	669963	10.241576984224043	1.8970383971558575
dataset_name-FR-FCM-Z2KP-healthy_dataset-revision-67990f383ac8f169c9a00148febba1ed357e18e8_name-data_import.data_raw_potential-batches-1_seed-420_sub-sampling-10000_transformation-cofactor-150	lda	unfiltered	num-5	run0	1231233	5	73604	159439	661241	8.983764469322319	1.8903969040534374
dataset_name-FR-FCM-Z2KP-healthy_dataset-revision-67990f383ac8f169c9a00148febba1ed357e18e8_name-data_import.data_raw_potential-batches-1_seed-420_sub-sampling-10000_transformation-cofactor-150	random	drop-both	num-1	run0	1346699	5	84697	199356	686400	8.104183146982773	1.9469338385822321
dataset_name-FR-FCM-Z2KP-healthy_dataset-revision-67990f383ac8f169c9a00148febba1ed357e18e8_name-data_import.data_raw_potential-batches-1_seed-420_sub-sampling-10000_transformation-cofactor-150	random	drop-both	num-2	run0	1274361	5	82881	198192	607573	7.330666859714531	2.0061389683502666
dataset_name-FR-FCM-Z2KP-healthy_dataset-revision-67990f383ac8f169c9a00148febba1ed357e18e8_name-data_import.data_raw_potential-batches-1_seed-420_sub-sampling-10000_transformation-cofactor-150	random	drop-both	num-3	run0	1174493	5	71844	166811	605424	8.426925004175715	1.9254609317365876
dataset_name-FR-FCM-Z2KP-healthy_dataset-revision-67990f383ac8f169c9a00148febba1ed357e18e8_name-data_import.data_raw_potential-batches-1_seed-420_sub-sampling-10000_transformation-cofactor-150	random	drop-both	num-4	run0	1266374	5	65416	177033	669963	10.241576984224043	1.8970383971558575
dataset_name-FR-FCM-Z2KP-healthy_dataset-revision-67990f383ac8f169c9a00148febba1ed357e18e8_name-data_import.data_raw_potential-batches-1_seed-420_sub-sampling-10000_transformation-cofactor-150	random	drop-both	num-5	run0	1231233	5	73604	159439	661241	8.983764469322319	1.8903969040534374
dataset_name-FR-FCM-Z2KP-healthy_dataset-revision-67990f383ac8f169c9a00148febba1ed357e18e8_name-data_import.data_raw_potential-batches-1_seed-420_sub-sampling-10000_transformation-cofactor-150	random	drop-train	num-1	run0	1346699	5	84697	199356	686400	8.104183146982773	1.9469338385822321
dataset_name-FR-FCM-Z2KP-healthy_dataset-revision-67990f383ac8f169c9a00148febba1ed357e18e8_name-data_import.data_raw_potential-batches-1_seed-420_sub-sampling-10000_transformation-cofactor-150	random	drop-train	num-2	run0	1274361	5	82881	198192	607573	7.330666859714531	2.0061389683502666
dataset_name-FR-FCM-Z2KP-healthy_dataset-revision-67990f383ac8f169c9a00148febba1ed357e18e8_name-data_import.data_raw_potential-batches-1_seed-420_sub-sampling-10000_transformation-cofactor-150	random	drop-train	num-3	run0	1174493	5	71844	166811	605424	8.426925004175715	1.9254609317365876
dataset_name-FR-FCM-Z2KP-healthy_dataset-revision-67990f383ac8f169c9a00148febba1ed357e18e8_name-data_import.data_raw_potential-batches-1_seed-420_sub-sampling-10000_transformation-cofactor-150	random	drop-train	num-4	run0	1266374	5	65416	177033	669963	10.241576984224043	1.8970383971558575
dataset_name-FR-FCM-Z2KP-healthy_dataset-revision-67990f383ac8f169c9a00148febba1ed357e18e8_name-data_import.data_raw_potential-batches-1_seed-420_sub-sampling-10000_transformation-cofactor-150	random	drop-train	num-5	run0	1231233	5	73604	159439	661241	8.983764469322319	1.8903969040534374
dataset_name-FR-FCM-Z2KP-healthy_dataset-revision-67990f383ac8f169c9a00148febba1ed357e18e8_name-data_import.data_raw_potential-batches-1_seed-420_sub-sampling-10000_transformation-cofactor-150	random	unfiltered	num-1	run0	1346699	5	84697	199356	686400	8.104183146982773	1.9469338385822321
dataset_name-FR-FCM-Z2KP-healthy_dataset-revision-67990f383ac8f169c9a00148febba1ed357e18e8_name-data_import.data_raw_potential-batches-1_seed-420_sub-sampling-10000_transformation-cofactor-150	random	unfiltered	num-2	run0	1274361	5	82881	198192	607573	7.330666859714531	2.0061389683502666
dataset_name-FR-FCM-Z2KP-healthy_dataset-revision-67990f383ac8f169c9a00148febba1ed357e18e8_name-data_import.data_raw_potential-batches-1_seed-420_sub-sampling-10000_transformation-cofactor-150	random	unfiltered	num-3	run0	1174493	5	71844	166811	605424	8.426925004175715	1.9254609317365876
dataset_name-FR-FCM-Z2KP-healthy_dataset-revision-67990f383ac8f169c9a00148febba1ed357e18e8_name-data_import.data_raw_potential-batches-1_seed-420_sub-sampling-10000_transformation-cofactor-150	random	unfiltered	num-4	run0	1266374	5	65416	177033	669963	10.241576984224043	1.8970383971558575
dataset_name-FR-FCM-Z2KP-healthy_dataset-revision-67990f383ac8f169c9a00148febba1ed357e18e8_name-data_import.data_raw_potential-batches-1_seed-420_sub-sampling-10000_transformation-cofactor-150	random	unfiltered	num-5	run0	1231233	5	73604	159439	661241	8.983764469322319	1.8903969040534374
dataset_name-FR-FCM-Z2KP-healthy_dataset-revision-67990f383ac8f169c9a00148febba1ed357e18e8_name-data_import.data_raw_potential-batches-1_seed-420_sub-sampling-1000_transformation-cofactor-150	cyanno	drop-both	num-1	run0	1346699	5	84697	199356	686400	8.104183146982773	1.9469338385822321
dataset_name-FR-FCM-Z2KP-healthy_dataset-revision-67990f383ac8f169c9a00148febba1ed357e18e8_name-data_import.data_raw_potential-batches-1_seed-420_sub-sampling-1000_transformation-cofactor-150	cyanno	drop-both	num-2	run0	1274361	5	82881	198192	607573	7.330666859714531	2.0061389683502666
dataset_name-FR-FCM-Z2KP-healthy_dataset-revision-67990f383ac8f169c9a00148febba1ed357e18e8_name-data_import.data_raw_potential-batches-1_seed-420_sub-sampling-1000_transformation-cofactor-150	cyanno	drop-both	num-3	run0	1174493	5	71844	166811	605424	8.426925004175715	1.9254609317365876
dataset_name-FR-FCM-Z2KP-healthy_dataset-revision-67990f383ac8f169c9a00148febba1ed357e18e8_name-data_import.data_raw_potential-batches-1_seed-420_sub-sampling-1000_transformation-cofactor-150	cyanno	drop-both	num-4	run0	1266374	5	65416	177033	669963	10.241576984224043	1.8970383971558575
dataset_name-FR-FCM-Z2KP-healthy_dataset-revision-67990f383ac8f169c9a00148febba1ed357e18e8_name-data_import.data_raw_potential-batches-1_seed-420_sub-sampling-1000_transformation-cofactor-150	cyanno	drop-both	num-5	run0	1231233	5	73604	159439	661241	8.983764469322319	1.8903969040534374
dataset_name-FR-FCM-Z2KP-healthy_dataset-revision-67990f383ac8f169c9a00148febba1ed357e18e8_name-data_import.data_raw_potential-batches-1_seed-420_sub-sampling-1000_transformation-cofactor-150	cyanno	drop-train	num-1	run0	1346699	5	84697	199356	686400	8.104183146982773	1.9469338385822321
dataset_name-FR-FCM-Z2KP-healthy_dataset-revision-67990f383ac8f169c9a00148febba1ed357e18e8_name-data_import.data_raw_potential-batches-1_seed-420_sub-sampling-1000_transformation-cofactor-150	cyanno	drop-train	num-2	run0	1274361	5	82881	198192	607573	7.330666859714531	2.0061389683502666
dataset_name-FR-FCM-Z2KP-healthy_dataset-revision-67990f383ac8f169c9a00148febba1ed357e18e8_name-data_import.data_raw_potential-batches-1_seed-420_sub-sampling-1000_transformation-cofactor-150	cyanno	drop-train	num-3	run0	1174493	5	71844	166811	605424	8.426925004175715	1.9254609317365876
dataset_name-FR-FCM-Z2KP-healthy_dataset-revision-67990f383ac8f169c9a00148febba1ed357e18e8_name-data_import.data_raw_potential-batches-1_seed-420_sub-sampling-1000_transformation-cofactor-150	cyanno	drop-train	num-4	run0	1266374	5	65416	177033	669963	10.241576984224043	1.8970383971558575
dataset_name-FR-FCM-Z2KP-healthy_dataset-revision-67990f383ac8f169c9a00148febba1ed357e18e8_name-data_import.data_raw_potential-batches-1_seed-420_sub-sampling-1000_transformation-cofactor-150	cyanno	drop-train	num-5	run0	1231233	5	73604	159439	661241	8.983764469322319	1.8903969040534374
dataset_name-FR-FCM-Z2KP-healthy_dataset-revision-67990f383ac8f169c9a00148febba1ed357e18e8_name-data_import.data_raw_potential-batches-1_seed-420_sub-sampling-1000_transformation-cofactor-150	cyanno	unfiltered	num-1	run0	1346699	5	84697	199356	686400	8.104183146982773	1.9469338385822321
dataset_name-FR-FCM-Z2KP-healthy_dataset-revision-67990f383ac8f169c9a00148febba1ed357e18e8_name-data_import.data_raw_potential-batches-1_seed-420_sub-sampling-1000_transformation-cofactor-150	cyanno	unfiltered	num-2	run0	1274361	5	82881	198192	607573	7.330666859714531	2.0061389683502666
dataset_name-FR-FCM-Z2KP-healthy_dataset-revision-67990f383ac8f169c9a00148febba1ed357e18e8_name-data_import.data_raw_potential-batches-1_seed-420_sub-sampling-1000_transformation-cofactor-150	cyanno	unfiltered	num-3	run0	1174493	5	71844	166811	605424	8.426925004175715	1.9254609317365876
dataset_name-FR-FCM-Z2KP-healthy_dataset-revision-67990f383ac8f169c9a00148febba1ed357e18e8_name-data_import.data_raw_potential-batches-1_seed-420_sub-sampling-1000_transformation-cofactor-150	cyanno	unfiltered	num-4	run0	1266374	5	65416	177033	669963	10.241576984224043	1.8970383971558575
dataset_name-FR-FCM-Z2KP-healthy_dataset-revision-67990f383ac8f169c9a00148febba1ed357e18e8_name-data_import.data_raw_potential-batches-1_seed-420_sub-sampling-1000_transformation-cofactor-150	cyanno	unfiltered	num-5	run0	1231233	5	73604	159439	661241	8.983764469322319	1.8903969040534374
dataset_name-FR-FCM-Z2KP-healthy_dataset-revision-67990f383ac8f169c9a00148febba1ed357e18e8_name-data_import.data_raw_potential-batches-1_seed-420_sub-sampling-1000_transformation-cofactor-150	cydefine[3f57bdcdec41]	drop-both	num-1	run0	1346699	5	84697	199356	686400	8.104183146982773	1.9469338385822321
dataset_name-FR-FCM-Z2KP-healthy_dataset-revision-67990f383ac8f169c9a00148febba1ed357e18e8_name-data_import.data_raw_potential-batches-1_seed-420_sub-sampling-1000_transformation-cofactor-150	cydefine[3f57bdcdec41]	drop-both	num-2	run0	1274361	5	82881	198192	607573	7.330666859714531	2.0061389683502666
dataset_name-FR-FCM-Z2KP-healthy_dataset-revision-67990f383ac8f169c9a00148febba1ed357e18e8_name-data_import.data_raw_potential-batches-1_seed-420_sub-sampling-1000_transformation-cofactor-150	cydefine[3f57bdcdec41]	drop-both	num-3	run0	1174493	5	71844	166811	605424	8.426925004175715	1.9254609317365876
dataset_name-FR-FCM-Z2KP-healthy_dataset-revision-67990f383ac8f169c9a00148febba1ed357e18e8_name-data_import.data_raw_potential-batches-1_seed-420_sub-sampling-1000_transformation-cofactor-150	cydefine[3f57bdcdec41]	drop-both	num-4	run0	1266374	5	65416	177033	669963	10.241576984224043	1.8970383971558575
dataset_name-FR-FCM-Z2KP-healthy_dataset-revision-67990f383ac8f169c9a00148febba1ed357e18e8_name-data_import.data_raw_potential-batches-1_seed-420_sub-sampling-1000_transformation-cofactor-150	cydefine[3f57bdcdec41]	drop-both	num-5	run0	1231233	5	73604	159439	661241	8.983764469322319	1.8903969040534374
dataset_name-FR-FCM-Z2KP-healthy_dataset-revision-67990f383ac8f169c9a00148febba1ed357e18e8_name-data_import.data_raw_potential-batches-1_seed-420_sub-sampling-1000_transformation-cofactor-150	cydefine[3f57bdcdec41]	drop-train	num-1	run0	1346699	5	84697	199356	686400	8.104183146982773	1.9469338385822321
dataset_name-FR-FCM-Z2KP-healthy_dataset-revision-67990f383ac8f169c9a00148febba1ed357e18e8_name-data_import.data_raw_potential-batches-1_seed-420_sub-sampling-1000_transformation-cofactor-150	cydefine[3f57bdcdec41]	drop-train	num-2	run0	1274361	5	82881	198192	607573	7.330666859714531	2.0061389683502666
dataset_name-FR-FCM-Z2KP-healthy_dataset-revision-67990f383ac8f169c9a00148febba1ed357e18e8_name-data_import.data_raw_potential-batches-1_seed-420_sub-sampling-1000_transformation-cofactor-150	cydefine[3f57bdcdec41]	drop-train	num-3	run0	1174493	5	71844	166811	605424	8.426925004175715	1.9254609317365876
dataset_name-FR-FCM-Z2KP-healthy_dataset-revision-67990f383ac8f169c9a00148febba1ed357e18e8_name-data_import.data_raw_potential-batches-1_seed-420_sub-sampling-1000_transformation-cofactor-150	cydefine[3f57bdcdec41]	drop-train	num-4	run0	1266374	5	65416	177033	669963	10.241576984224043	1.8970383971558575
dataset_name-FR-FCM-Z2KP-healthy_dataset-revision-67990f383ac8f169c9a00148febba1ed357e18e8_name-data_import.data_raw_potential-batches-1_seed-420_sub-sampling-1000_transformation-cofactor-150	cydefine[3f57bdcdec41]	drop-train	num-5	run0	1231233	5	73604	159439	661241	8.983764469322319	1.8903969040534374
dataset_name-FR-FCM-Z2KP-healthy_dataset-revision-67990f383ac8f169c9a00148febba1ed357e18e8_name-data_import.data_raw_potential-batches-1_seed-420_sub-sampling-1000_transformation-cofactor-150	cydefine[3f57bdcdec41]	unfiltered	num-1	run0	1346699	5	84697	199356	686400	8.104183146982773	1.9469338385822321
dataset_name-FR-FCM-Z2KP-healthy_dataset-revision-67990f383ac8f169c9a00148febba1ed357e18e8_name-data_import.data_raw_potential-batches-1_seed-420_sub-sampling-1000_transformation-cofactor-150	cydefine[3f57bdcdec41]	unfiltered	num-2	run0	1274361	5	82881	198192	607573	7.330666859714531	2.0061389683502666
dataset_name-FR-FCM-Z2KP-healthy_dataset-revision-67990f383ac8f169c9a00148febba1ed357e18e8_name-data_import.data_raw_potential-batches-1_seed-420_sub-sampling-1000_transformation-cofactor-150	cydefine[3f57bdcdec41]	unfiltered	num-3	run0	1174493	5	71844	166811	605424	8.426925004175715	1.9254609317365876
dataset_name-FR-FCM-Z2KP-healthy_dataset-revision-67990f383ac8f169c9a00148febba1ed357e18e8_name-data_import.data_raw_potential-batches-1_seed-420_sub-sampling-1000_transformation-cofactor-150	cydefine[3f57bdcdec41]	unfiltered	num-4	run0	1266374	5	65416	177033	669963	10.241576984224043	1.8970383971558575
dataset_name-FR-FCM-Z2KP-healthy_dataset-revision-67990f383ac8f169c9a00148febba1ed357e18e8_name-data_import.data_raw_potential-batches-1_seed-420_sub-sampling-1000_transformation-cofactor-150	cydefine[3f57bdcdec41]	unfiltered	num-5	run0	1231233	5	73604	159439	661241	8.983764469322319	1.8903969040534374
dataset_name-FR-FCM-Z2KP-healthy_dataset-revision-67990f383ac8f169c9a00148febba1ed357e18e8_name-data_import.data_raw_potential-batches-1_seed-420_sub-sampling-1000_transformation-cofactor-150	cygate	drop-both	num-1	run0	1346699	5	84697	199356	686400	8.104183146982773	1.9469338385822321
dataset_name-FR-FCM-Z2KP-healthy_dataset-revision-67990f383ac8f169c9a00148febba1ed357e18e8_name-data_import.data_raw_potential-batches-1_seed-420_sub-sampling-1000_transformation-cofactor-150	cygate	drop-both	num-2	run0	1274361	5	82881	198192	607573	7.330666859714531	2.0061389683502666
dataset_name-FR-FCM-Z2KP-healthy_dataset-revision-67990f383ac8f169c9a00148febba1ed357e18e8_name-data_import.data_raw_potential-batches-1_seed-420_sub-sampling-1000_transformation-cofactor-150	cygate	drop-both	num-3	run0	1174493	5	71844	166811	605424	8.426925004175715	1.9254609317365876
dataset_name-FR-FCM-Z2KP-healthy_dataset-revision-67990f383ac8f169c9a00148febba1ed357e18e8_name-data_import.data_raw_potential-batches-1_seed-420_sub-sampling-1000_transformation-cofactor-150	cygate	drop-both	num-4	run0	1266374	5	65416	177033	669963	10.241576984224043	1.8970383971558575
dataset_name-FR-FCM-Z2KP-healthy_dataset-revision-67990f383ac8f169c9a00148febba1ed357e18e8_name-data_import.data_raw_potential-batches-1_seed-420_sub-sampling-1000_transformation-cofactor-150	cygate	drop-both	num-5	run0	1231233	5	73604	159439	661241	8.983764469322319	1.8903969040534374
dataset_name-FR-FCM-Z2KP-healthy_dataset-revision-67990f383ac8f169c9a00148febba1ed357e18e8_name-data_import.data_raw_potential-batches-1_seed-420_sub-sampling-1000_transformation-cofactor-150	cygate	drop-train	num-1	run0	1346699	5	84697	199356	686400	8.104183146982773	1.9469338385822321
dataset_name-FR-FCM-Z2KP-healthy_dataset-revision-67990f383ac8f169c9a00148febba1ed357e18e8_name-data_import.data_raw_potential-batches-1_seed-420_sub-sampling-1000_transformation-cofactor-150	cygate	drop-train	num-2	run0	1274361	5	82881	198192	607573	7.330666859714531	2.0061389683502666
dataset_name-FR-FCM-Z2KP-healthy_dataset-revision-67990f383ac8f169c9a00148febba1ed357e18e8_name-data_import.data_raw_potential-batches-1_seed-420_sub-sampling-1000_transformation-cofactor-150	cygate	drop-train	num-3	run0	1174493	5	71844	166811	605424	8.426925004175715	1.9254609317365876
dataset_name-FR-FCM-Z2KP-healthy_dataset-revision-67990f383ac8f169c9a00148febba1ed357e18e8_name-data_import.data_raw_potential-batches-1_seed-420_sub-sampling-1000_transformation-cofactor-150	cygate	drop-train	num-4	run0	1266374	5	65416	177033	669963	10.241576984224043	1.8970383971558575
dataset_name-FR-FCM-Z2KP-healthy_dataset-revision-67990f383ac8f169c9a00148febba1ed357e18e8_name-data_import.data_raw_potential-batches-1_seed-420_sub-sampling-1000_transformation-cofactor-150	cygate	drop-train	num-5	run0	1231233	5	73604	159439	661241	8.983764469322319	1.8903969040534374
dataset_name-FR-FCM-Z2KP-healthy_dataset-revision-67990f383ac8f169c9a00148febba1ed357e18e8_name-data_import.data_raw_potential-batches-1_seed-420_sub-sampling-1000_transformation-cofactor-150	cygate	unfiltered	num-1	run0	1346699	5	84697	199356	686400	8.104183146982773	1.9469338385822321
dataset_name-FR-FCM-Z2KP-healthy_dataset-revision-67990f383ac8f169c9a00148febba1ed357e18e8_name-data_import.data_raw_potential-batches-1_seed-420_sub-sampling-1000_transformation-cofactor-150	cygate	unfiltered	num-2	run0	1274361	5	82881	198192	607573	7.330666859714531	2.0061389683502666
dataset_name-FR-FCM-Z2KP-healthy_dataset-revision-67990f383ac8f169c9a00148febba1ed357e18e8_name-data_import.data_raw_potential-batches-1_seed-420_sub-sampling-1000_transformation-cofactor-150	cygate	unfiltered	num-3	run0	1174493	5	71844	166811	605424	8.426925004175715	1.9254609317365876
dataset_name-FR-FCM-Z2KP-healthy_dataset-revision-67990f383ac8f169c9a00148febba1ed357e18e8_name-data_import.data_raw_potential-batches-1_seed-420_sub-sampling-1000_transformation-cofactor-150	cygate	unfiltered	num-4	run0	1266374	5	65416	177033	669963	10.241576984224043	1.8970383971558575
dataset_name-FR-FCM-Z2KP-healthy_dataset-revision-67990f383ac8f169c9a00148febba1ed357e18e8_name-data_import.data_raw_potential-batches-1_seed-420_sub-sampling-1000_transformation-cofactor-150	cygate	unfiltered	num-5	run0	1231233	5	73604	159439	661241	8.983764469322319	1.8903969040534374
dataset_name-FR-FCM-Z2KP-healthy_dataset-revision-67990f383ac8f169c9a00148febba1ed357e18e8_name-data_import.data_raw_potential-batches-1_seed-420_sub-sampling-1000_transformation-cofactor-150	dgcytof	drop-both	num-1	run0	1346699	5	84697	199356	686400	8.104183146982773	1.9469338385822321
dataset_name-FR-FCM-Z2KP-healthy_dataset-revision-67990f383ac8f169c9a00148febba1ed357e18e8_name-data_import.data_raw_potential-batches-1_seed-420_sub-sampling-1000_transformation-cofactor-150	dgcytof	drop-both	num-2	run0	1274361	5	82881	198192	607573	7.330666859714531	2.0061389683502666
dataset_name-FR-FCM-Z2KP-healthy_dataset-revision-67990f383ac8f169c9a00148febba1ed357e18e8_name-data_import.data_raw_potential-batches-1_seed-420_sub-sampling-1000_transformation-cofactor-150	dgcytof	drop-both	num-3	run0	1174493	5	71844	166811	605424	8.426925004175715	1.9254609317365876
dataset_name-FR-FCM-Z2KP-healthy_dataset-revision-67990f383ac8f169c9a00148febba1ed357e18e8_name-data_import.data_raw_potential-batches-1_seed-420_sub-sampling-1000_transformation-cofactor-150	dgcytof	drop-both	num-4	run0	1266374	5	65416	177033	669963	10.241576984224043	1.8970383971558575
dataset_name-FR-FCM-Z2KP-healthy_dataset-revision-67990f383ac8f169c9a00148febba1ed357e18e8_name-data_import.data_raw_potential-batches-1_seed-420_sub-sampling-1000_transformation-cofactor-150	dgcytof	drop-both	num-5	run0	1231233	5	73604	159439	661241	8.983764469322319	1.8903969040534374
dataset_name-FR-FCM-Z2KP-healthy_dataset-revision-67990f383ac8f169c9a00148febba1ed357e18e8_name-data_import.data_raw_potential-batches-1_seed-420_sub-sampling-1000_transformation-cofactor-150	dgcytof	drop-train	num-1	run0	1346699	5	84697	199356	686400	8.104183146982773	1.9469338385822321
dataset_name-FR-FCM-Z2KP-healthy_dataset-revision-67990f383ac8f169c9a00148febba1ed357e18e8_name-data_import.data_raw_potential-batches-1_seed-420_sub-sampling-1000_transformation-cofactor-150	dgcytof	drop-train	num-2	run0	1274361	5	82881	198192	607573	7.330666859714531	2.0061389683502666
dataset_name-FR-FCM-Z2KP-healthy_dataset-revision-67990f383ac8f169c9a00148febba1ed357e18e8_name-data_import.data_raw_potential-batches-1_seed-420_sub-sampling-1000_transformation-cofactor-150	dgcytof	drop-train	num-3	run0	1174493	5	71844	166811	605424	8.426925004175715	1.9254609317365876
dataset_name-FR-FCM-Z2KP-healthy_dataset-revision-67990f383ac8f169c9a00148febba1ed357e18e8_name-data_import.data_raw_potential-batches-1_seed-420_sub-sampling-1000_transformation-cofactor-150	dgcytof	drop-train	num-4	run0	1266374	5	65416	177033	669963	10.241576984224043	1.8970383971558575
dataset_name-FR-FCM-Z2KP-healthy_dataset-revision-67990f383ac8f169c9a00148febba1ed357e18e8_name-data_import.data_raw_potential-batches-1_seed-420_sub-sampling-1000_transformation-cofactor-150	dgcytof	drop-train	num-5	run0	1231233	5	73604	159439	661241	8.983764469322319	1.8903969040534374
dataset_name-FR-FCM-Z2KP-healthy_dataset-revision-67990f383ac8f169c9a00148febba1ed357e18e8_name-data_import.data_raw_potential-batches-1_seed-420_sub-sampling-1000_transformation-cofactor-150	dgcytof	unfiltered	num-1	run0	1346699	5	84697	199356	686400	8.104183146982773	1.9469338385822321
dataset_name-FR-FCM-Z2KP-healthy_dataset-revision-67990f383ac8f169c9a00148febba1ed357e18e8_name-data_import.data_raw_potential-batches-1_seed-420_sub-sampling-1000_transformation-cofactor-150	dgcytof	unfiltered	num-2	run0	1274361	5	82881	198192	607573	7.330666859714531	2.0061389683502666
dataset_name-FR-FCM-Z2KP-healthy_dataset-revision-67990f383ac8f169c9a00148febba1ed357e18e8_name-data_import.data_raw_potential-batches-1_seed-420_sub-sampling-1000_transformation-cofactor-150	dgcytof	unfiltered	num-3	run0	1174493	5	71844	166811	605424	8.426925004175715	1.9254609317365876
dataset_name-FR-FCM-Z2KP-healthy_dataset-revision-67990f383ac8f169c9a00148febba1ed357e18e8_name-data_import.data_raw_potential-batches-1_seed-420_sub-sampling-1000_transformation-cofactor-150	dgcytof	unfiltered	num-4	run0	1266374	5	65416	177033	669963	10.241576984224043	1.8970383971558575
dataset_name-FR-FCM-Z2KP-healthy_dataset-revision-67990f383ac8f169c9a00148febba1ed357e18e8_name-data_import.data_raw_potential-batches-1_seed-420_sub-sampling-1000_transformation-cofactor-150	dgcytof	unfiltered	num-5	run0	1231233	5	73604	159439	661241	8.983764469322319	1.8903969040534374
dataset_name-FR-FCM-Z2KP-healthy_dataset-revision-67990f383ac8f169c9a00148febba1ed357e18e8_name-data_import.data_raw_potential-batches-1_seed-420_sub-sampling-1000_transformation-cofactor-150	gatemeclass[E]	drop-both	num-1	run0	1346699	5	84697	199356	686400	8.104183146982773	1.9469338385822321
dataset_name-FR-FCM-Z2KP-healthy_dataset-revision-67990f383ac8f169c9a00148febba1ed357e18e8_name-data_import.data_raw_potential-batches-1_seed-420_sub-sampling-1000_transformation-cofactor-150	gatemeclass[E]	drop-both	num-2	run0	1274361	5	82881	198192	607573	7.330666859714531	2.0061389683502666
dataset_name-FR-FCM-Z2KP-healthy_dataset-revision-67990f383ac8f169c9a00148febba1ed357e18e8_name-data_import.data_raw_potential-batches-1_seed-420_sub-sampling-1000_transformation-cofactor-150	gatemeclass[E]	drop-both	num-3	run0	1174493	5	71844	166811	605424	8.426925004175715	1.9254609317365876
dataset_name-FR-FCM-Z2KP-healthy_dataset-revision-67990f383ac8f169c9a00148febba1ed357e18e8_name-data_import.data_raw_potential-batches-1_seed-420_sub-sampling-1000_transformation-cofactor-150	gatemeclass[E]	drop-both	num-4	run0	1266374	5	65416	177033	669963	10.241576984224043	1.8970383971558575
dataset_name-FR-FCM-Z2KP-healthy_dataset-revision-67990f383ac8f169c9a00148febba1ed357e18e8_name-data_import.data_raw_potential-batches-1_seed-420_sub-sampling-1000_transformation-cofactor-150	gatemeclass[E]	drop-both	num-5	run0	1231233	5	73604	159439	661241	8.983764469322319	1.8903969040534374
dataset_name-FR-FCM-Z2KP-healthy_dataset-revision-67990f383ac8f169c9a00148febba1ed357e18e8_name-data_import.data_raw_potential-batches-1_seed-420_sub-sampling-1000_transformation-cofactor-150	gatemeclass[E]	drop-train	num-1	run0	1346699	5	84697	199356	686400	8.104183146982773	1.9469338385822321
dataset_name-FR-FCM-Z2KP-healthy_dataset-revision-67990f383ac8f169c9a00148febba1ed357e18e8_name-data_import.data_raw_potential-batches-1_seed-420_sub-sampling-1000_transformation-cofactor-150	gatemeclass[E]	drop-train	num-2	run0	1274361	5	82881	198192	607573	7.330666859714531	2.0061389683502666
dataset_name-FR-FCM-Z2KP-healthy_dataset-revision-67990f383ac8f169c9a00148febba1ed357e18e8_name-data_import.data_raw_potential-batches-1_seed-420_sub-sampling-1000_transformation-cofactor-150	gatemeclass[E]	drop-train	num-3	run0	1174493	5	71844	166811	605424	8.426925004175715	1.9254609317365876
dataset_name-FR-FCM-Z2KP-healthy_dataset-revision-67990f383ac8f169c9a00148febba1ed357e18e8_name-data_import.data_raw_potential-batches-1_seed-420_sub-sampling-1000_transformation-cofactor-150	gatemeclass[E]	drop-train	num-4	run0	1266374	5	65416	177033	669963	10.241576984224043	1.8970383971558575
dataset_name-FR-FCM-Z2KP-healthy_dataset-revision-67990f383ac8f169c9a00148febba1ed357e18e8_name-data_import.data_raw_potential-batches-1_seed-420_sub-sampling-1000_transformation-cofactor-150	gatemeclass[E]	drop-train	num-5	run0	1231233	5	73604	159439	661241	8.983764469322319	1.8903969040534374
dataset_name-FR-FCM-Z2KP-healthy_dataset-revision-67990f383ac8f169c9a00148febba1ed357e18e8_name-data_import.data_raw_potential-batches-1_seed-420_sub-sampling-1000_transformation-cofactor-150	gatemeclass[E]	unfiltered	num-1	run0	1346699	5	84697	199356	686400	8.104183146982773	1.9469338385822321
dataset_name-FR-FCM-Z2KP-healthy_dataset-revision-67990f383ac8f169c9a00148febba1ed357e18e8_name-data_import.data_raw_potential-batches-1_seed-420_sub-sampling-1000_transformation-cofactor-150	gatemeclass[E]	unfiltered	num-2	run0	1274361	5	82881	198192	607573	7.330666859714531	2.0061389683502666
dataset_name-FR-FCM-Z2KP-healthy_dataset-revision-67990f383ac8f169c9a00148febba1ed357e18e8_name-data_import.data_raw_potential-batches-1_seed-420_sub-sampling-1000_transformation-cofactor-150	gatemeclass[E]	unfiltered	num-3	run0	1174493	5	71844	166811	605424	8.426925004175715	1.9254609317365876
dataset_name-FR-FCM-Z2KP-healthy_dataset-revision-67990f383ac8f169c9a00148febba1ed357e18e8_name-data_import.data_raw_potential-batches-1_seed-420_sub-sampling-1000_transformation-cofactor-150	gatemeclass[E]	unfiltered	num-4	run0	1266374	5	65416	177033	669963	10.241576984224043	1.8970383971558575
dataset_name-FR-FCM-Z2KP-healthy_dataset-revision-67990f383ac8f169c9a00148febba1ed357e18e8_name-data_import.data_raw_potential-batches-1_seed-420_sub-sampling-1000_transformation-cofactor-150	gatemeclass[E]	unfiltered	num-5	run0	1231233	5	73604	159439	661241	8.983764469322319	1.8903969040534374
dataset_name-FR-FCM-Z2KP-healthy_dataset-revision-67990f383ac8f169c9a00148febba1ed357e18e8_name-data_import.data_raw_potential-batches-1_seed-420_sub-sampling-1000_transformation-cofactor-150	gatemeclass[V]	drop-both	num-1	run0	1346699	5	84697	199356	686400	8.104183146982773	1.9469338385822321
dataset_name-FR-FCM-Z2KP-healthy_dataset-revision-67990f383ac8f169c9a00148febba1ed357e18e8_name-data_import.data_raw_potential-batches-1_seed-420_sub-sampling-1000_transformation-cofactor-150	gatemeclass[V]	drop-both	num-2	run0	1274361	5	82881	198192	607573	7.330666859714531	2.0061389683502666
dataset_name-FR-FCM-Z2KP-healthy_dataset-revision-67990f383ac8f169c9a00148febba1ed357e18e8_name-data_import.data_raw_potential-batches-1_seed-420_sub-sampling-1000_transformation-cofactor-150	gatemeclass[V]	drop-both	num-3	run0	1174493	5	71844	166811	605424	8.426925004175715	1.9254609317365876
dataset_name-FR-FCM-Z2KP-healthy_dataset-revision-67990f383ac8f169c9a00148febba1ed357e18e8_name-data_import.data_raw_potential-batches-1_seed-420_sub-sampling-1000_transformation-cofactor-150	gatemeclass[V]	drop-both	num-4	run0	1266374	5	65416	177033	669963	10.241576984224043	1.8970383971558575
dataset_name-FR-FCM-Z2KP-healthy_dataset-revision-67990f383ac8f169c9a00148febba1ed357e18e8_name-data_import.data_raw_potential-batches-1_seed-420_sub-sampling-1000_transformation-cofactor-150	gatemeclass[V]	drop-both	num-5	run0	1231233	5	73604	159439	661241	8.983764469322319	1.8903969040534374
dataset_name-FR-FCM-Z2KP-healthy_dataset-revision-67990f383ac8f169c9a00148febba1ed357e18e8_name-data_import.data_raw_potential-batches-1_seed-420_sub-sampling-1000_transformation-cofactor-150	gatemeclass[V]	drop-train	num-1	run0	1346699	5	84697	199356	686400	8.104183146982773	1.9469338385822321
dataset_name-FR-FCM-Z2KP-healthy_dataset-revision-67990f383ac8f169c9a00148febba1ed357e18e8_name-data_import.data_raw_potential-batches-1_seed-420_sub-sampling-1000_transformation-cofactor-150	gatemeclass[V]	drop-train	num-2	run0	1274361	5	82881	198192	607573	7.330666859714531	2.0061389683502666
dataset_name-FR-FCM-Z2KP-healthy_dataset-revision-67990f383ac8f169c9a00148febba1ed357e18e8_name-data_import.data_raw_potential-batches-1_seed-420_sub-sampling-1000_transformation-cofactor-150	gatemeclass[V]	drop-train	num-3	run0	1174493	5	71844	166811	605424	8.426925004175715	1.9254609317365876
dataset_name-FR-FCM-Z2KP-healthy_dataset-revision-67990f383ac8f169c9a00148febba1ed357e18e8_name-data_import.data_raw_potential-batches-1_seed-420_sub-sampling-1000_transformation-cofactor-150	gatemeclass[V]	drop-train	num-4	run0	1266374	5	65416	177033	669963	10.241576984224043	1.8970383971558575
dataset_name-FR-FCM-Z2KP-healthy_dataset-revision-67990f383ac8f169c9a00148febba1ed357e18e8_name-data_import.data_raw_potential-batches-1_seed-420_sub-sampling-1000_transformation-cofactor-150	gatemeclass[V]	drop-train	num-5	run0	1231233	5	73604	159439	661241	8.983764469322319	1.8903969040534374
dataset_name-FR-FCM-Z2KP-healthy_dataset-revision-67990f383ac8f169c9a00148febba1ed357e18e8_name-data_import.data_raw_potential-batches-1_seed-420_sub-sampling-1000_transformation-cofactor-150	gatemeclass[V]	unfiltered	num-1	run0	1346699	5	84697	199356	686400	8.104183146982773	1.9469338385822321
dataset_name-FR-FCM-Z2KP-healthy_dataset-revision-67990f383ac8f169c9a00148febba1ed357e18e8_name-data_import.data_raw_potential-batches-1_seed-420_sub-sampling-1000_transformation-cofactor-150	gatemeclass[V]	unfiltered	num-2	run0	1274361	5	82881	198192	607573	7.330666859714531	2.0061389683502666
dataset_name-FR-FCM-Z2KP-healthy_dataset-revision-67990f383ac8f169c9a00148febba1ed357e18e8_name-data_import.data_raw_potential-batches-1_seed-420_sub-sampling-1000_transformation-cofactor-150	gatemeclass[V]	unfiltered	num-3	run0	1174493	5	71844	166811	605424	8.426925004175715	1.9254609317365876
dataset_name-FR-FCM-Z2KP-healthy_dataset-revision-67990f383ac8f169c9a00148febba1ed357e18e8_name-data_import.data_raw_potential-batches-1_seed-420_sub-sampling-1000_transformation-cofactor-150	gatemeclass[V]	unfiltered	num-4	run0	1266374	5	65416	177033	669963	10.241576984224043	1.8970383971558575
dataset_name-FR-FCM-Z2KP-healthy_dataset-revision-67990f383ac8f169c9a00148febba1ed357e18e8_name-data_import.data_raw_potential-batches-1_seed-420_sub-sampling-1000_transformation-cofactor-150	gatemeclass[V]	unfiltered	num-5	run0	1231233	5	73604	159439	661241	8.983764469322319	1.8903969040534374
dataset_name-FR-FCM-Z2KP-healthy_dataset-revision-67990f383ac8f169c9a00148febba1ed357e18e8_name-data_import.data_raw_potential-batches-1_seed-420_sub-sampling-1000_transformation-cofactor-150	knn	drop-both	num-1	run0	1346699	5	84697	199356	686400	8.104183146982773	1.9469338385822321
dataset_name-FR-FCM-Z2KP-healthy_dataset-revision-67990f383ac8f169c9a00148febba1ed357e18e8_name-data_import.data_raw_potential-batches-1_seed-420_sub-sampling-1000_transformation-cofactor-150	knn	drop-both	num-2	run0	1274361	5	82881	198192	607573	7.330666859714531	2.0061389683502666
dataset_name-FR-FCM-Z2KP-healthy_dataset-revision-67990f383ac8f169c9a00148febba1ed357e18e8_name-data_import.data_raw_potential-batches-1_seed-420_sub-sampling-1000_transformation-cofactor-150	knn	drop-both	num-3	run0	1174493	5	71844	166811	605424	8.426925004175715	1.9254609317365876
dataset_name-FR-FCM-Z2KP-healthy_dataset-revision-67990f383ac8f169c9a00148febba1ed357e18e8_name-data_import.data_raw_potential-batches-1_seed-420_sub-sampling-1000_transformation-cofactor-150	knn	drop-both	num-4	run0	1266374	5	65416	177033	669963	10.241576984224043	1.8970383971558575
dataset_name-FR-FCM-Z2KP-healthy_dataset-revision-67990f383ac8f169c9a00148febba1ed357e18e8_name-data_import.data_raw_potential-batches-1_seed-420_sub-sampling-1000_transformation-cofactor-150	knn	drop-both	num-5	run0	1231233	5	73604	159439	661241	8.983764469322319	1.8903969040534374
dataset_name-FR-FCM-Z2KP-healthy_dataset-revision-67990f383ac8f169c9a00148febba1ed357e18e8_name-data_import.data_raw_potential-batches-1_seed-420_sub-sampling-1000_transformation-cofactor-150	knn	drop-train	num-1	run0	1346699	5	84697	199356	686400	8.104183146982773	1.9469338385822321
dataset_name-FR-FCM-Z2KP-healthy_dataset-revision-67990f383ac8f169c9a00148febba1ed357e18e8_name-data_import.data_raw_potential-batches-1_seed-420_sub-sampling-1000_transformation-cofactor-150	knn	drop-train	num-2	run0	1274361	5	82881	198192	607573	7.330666859714531	2.0061389683502666
dataset_name-FR-FCM-Z2KP-healthy_dataset-revision-67990f383ac8f169c9a00148febba1ed357e18e8_name-data_import.data_raw_potential-batches-1_seed-420_sub-sampling-1000_transformation-cofactor-150	knn	drop-train	num-3	run0	1174493	5	71844	166811	605424	8.426925004175715	1.9254609317365876
dataset_name-FR-FCM-Z2KP-healthy_dataset-revision-67990f383ac8f169c9a00148febba1ed357e18e8_name-data_import.data_raw_potential-batches-1_seed-420_sub-sampling-1000_transformation-cofactor-150	knn	drop-train	num-4	run0	1266374	5	65416	177033	669963	10.241576984224043	1.8970383971558575
dataset_name-FR-FCM-Z2KP-healthy_dataset-revision-67990f383ac8f169c9a00148febba1ed357e18e8_name-data_import.data_raw_potential-batches-1_seed-420_sub-sampling-1000_transformation-cofactor-150	knn	drop-train	num-5	run0	1231233	5	73604	159439	661241	8.983764469322319	1.8903969040534374
dataset_name-FR-FCM-Z2KP-healthy_dataset-revision-67990f383ac8f169c9a00148febba1ed357e18e8_name-data_import.data_raw_potential-batches-1_seed-420_sub-sampling-1000_transformation-cofactor-150	knn	unfiltered	num-1	run0	1346699	5	84697	199356	686400	8.104183146982773	1.9469338385822321
dataset_name-FR-FCM-Z2KP-healthy_dataset-revision-67990f383ac8f169c9a00148febba1ed357e18e8_name-data_import.data_raw_potential-batches-1_seed-420_sub-sampling-1000_transformation-cofactor-150	knn	unfiltered	num-2	run0	1274361	5	82881	198192	607573	7.330666859714531	2.0061389683502666
dataset_name-FR-FCM-Z2KP-healthy_dataset-revision-67990f383ac8f169c9a00148febba1ed357e18e8_name-data_import.data_raw_potential-batches-1_seed-420_sub-sampling-1000_transformation-cofactor-150	knn	unfiltered	num-3	run0	1174493	5	71844	166811	605424	8.426925004175715	1.9254609317365876
dataset_name-FR-FCM-Z2KP-healthy_dataset-revision-67990f383ac8f169c9a00148febba1ed357e18e8_name-data_import.data_raw_potential-batches-1_seed-420_sub-sampling-1000_transformation-cofactor-150	knn	unfiltered	num-4	run0	1266374	5	65416	177033	669963	10.241576984224043	1.8970383971558575
dataset_name-FR-FCM-Z2KP-healthy_dataset-revision-67990f383ac8f169c9a00148febba1ed357e18e8_name-data_import.data_raw_potential-batches-1_seed-420_sub-sampling-1000_transformation-cofactor-150	knn	unfiltered	num-5	run0	1231233	5	73604	159439	661241	8.983764469322319	1.8903969040534374
dataset_name-FR-FCM-Z2KP-healthy_dataset-revision-67990f383ac8f169c9a00148febba1ed357e18e8_name-data_import.data_raw_potential-batches-1_seed-420_sub-sampling-1000_transformation-cofactor-150	lda	drop-both	num-1	run0	1346699	5	84697	199356	686400	8.104183146982773	1.9469338385822321
dataset_name-FR-FCM-Z2KP-healthy_dataset-revision-67990f383ac8f169c9a00148febba1ed357e18e8_name-data_import.data_raw_potential-batches-1_seed-420_sub-sampling-1000_transformation-cofactor-150	lda	drop-both	num-2	run0	1274361	5	82881	198192	607573	7.330666859714531	2.0061389683502666
dataset_name-FR-FCM-Z2KP-healthy_dataset-revision-67990f383ac8f169c9a00148febba1ed357e18e8_name-data_import.data_raw_potential-batches-1_seed-420_sub-sampling-1000_transformation-cofactor-150	lda	drop-both	num-3	run0	1174493	5	71844	166811	605424	8.426925004175715	1.9254609317365876
dataset_name-FR-FCM-Z2KP-healthy_dataset-revision-67990f383ac8f169c9a00148febba1ed357e18e8_name-data_import.data_raw_potential-batches-1_seed-420_sub-sampling-1000_transformation-cofactor-150	lda	drop-both	num-4	run0	1266374	5	65416	177033	669963	10.241576984224043	1.8970383971558575
dataset_name-FR-FCM-Z2KP-healthy_dataset-revision-67990f383ac8f169c9a00148febba1ed357e18e8_name-data_import.data_raw_potential-batches-1_seed-420_sub-sampling-1000_transformation-cofactor-150	lda	drop-both	num-5	run0	1231233	5	73604	159439	661241	8.983764469322319	1.8903969040534374
dataset_name-FR-FCM-Z2KP-healthy_dataset-revision-67990f383ac8f169c9a00148febba1ed357e18e8_name-data_import.data_raw_potential-batches-1_seed-420_sub-sampling-1000_transformation-cofactor-150	lda	drop-train	num-1	run0	1346699	5	84697	199356	686400	8.104183146982773	1.9469338385822321
dataset_name-FR-FCM-Z2KP-healthy_dataset-revision-67990f383ac8f169c9a00148febba1ed357e18e8_name-data_import.data_raw_potential-batches-1_seed-420_sub-sampling-1000_transformation-cofactor-150	lda	drop-train	num-2	run0	1274361	5	82881	198192	607573	7.330666859714531	2.0061389683502666
dataset_name-FR-FCM-Z2KP-healthy_dataset-revision-67990f383ac8f169c9a00148febba1ed357e18e8_name-data_import.data_raw_potential-batches-1_seed-420_sub-sampling-1000_transformation-cofactor-150	lda	drop-train	num-3	run0	1174493	5	71844	166811	605424	8.426925004175715	1.9254609317365876
dataset_name-FR-FCM-Z2KP-healthy_dataset-revision-67990f383ac8f169c9a00148febba1ed357e18e8_name-data_import.data_raw_potential-batches-1_seed-420_sub-sampling-1000_transformation-cofactor-150	lda	drop-train	num-4	run0	1266374	5	65416	177033	669963	10.241576984224043	1.8970383971558575
dataset_name-FR-FCM-Z2KP-healthy_dataset-revision-67990f383ac8f169c9a00148febba1ed357e18e8_name-data_import.data_raw_potential-batches-1_seed-420_sub-sampling-1000_transformation-cofactor-150	lda	drop-train	num-5	run0	1231233	5	73604	159439	661241	8.983764469322319	1.8903969040534374
dataset_name-FR-FCM-Z2KP-healthy_dataset-revision-67990f383ac8f169c9a00148febba1ed357e18e8_name-data_import.data_raw_potential-batches-1_seed-420_sub-sampling-1000_transformation-cofactor-150	lda	unfiltered	num-1	run0	1346699	5	84697	199356	686400	8.104183146982773	1.9469338385822321
dataset_name-FR-FCM-Z2KP-healthy_dataset-revision-67990f383ac8f169c9a00148febba1ed357e18e8_name-data_import.data_raw_potential-batches-1_seed-420_sub-sampling-1000_transformation-cofactor-150	lda	unfiltered	num-2	run0	1274361	5	82881	198192	607573	7.330666859714531	2.0061389683502666
dataset_name-FR-FCM-Z2KP-healthy_dataset-revision-67990f383ac8f169c9a00148febba1ed357e18e8_name-data_import.data_raw_potential-batches-1_seed-420_sub-sampling-1000_transformation-cofactor-150	lda	unfiltered	num-3	run0	1174493	5	71844	166811	605424	8.426925004175715	1.9254609317365876
dataset_name-FR-FCM-Z2KP-healthy_dataset-revision-67990f383ac8f169c9a00148febba1ed357e18e8_name-data_import.data_raw_potential-batches-1_seed-420_sub-sampling-1000_transformation-cofactor-150	lda	unfiltered	num-4	run0	1266374	5	65416	177033	669963	10.241576984224043	1.8970383971558575
dataset_name-FR-FCM-Z2KP-healthy_dataset-revision-67990f383ac8f169c9a00148febba1ed357e18e8_name-data_import.data_raw_potential-batches-1_seed-420_sub-sampling-1000_transformation-cofactor-150	lda	unfiltered	num-5	run0	1231233	5	73604	159439	661241	8.983764469322319	1.8903969040534374
dataset_name-FR-FCM-Z2KP-healthy_dataset-revision-67990f383ac8f169c9a00148febba1ed357e18e8_name-data_import.data_raw_potential-batches-1_seed-420_sub-sampling-1000_transformation-cofactor-150	random	drop-both	num-1	run0	1346699	5	84697	199356	686400	8.104183146982773	1.9469338385822321
dataset_name-FR-FCM-Z2KP-healthy_dataset-revision-67990f383ac8f169c9a00148febba1ed357e18e8_name-data_import.data_raw_potential-batches-1_seed-420_sub-sampling-1000_transformation-cofactor-150	random	drop-both	num-2	run0	1274361	5	82881	198192	607573	7.330666859714531	2.0061389683502666
dataset_name-FR-FCM-Z2KP-healthy_dataset-revision-67990f383ac8f169c9a00148febba1ed357e18e8_name-data_import.data_raw_potential-batches-1_seed-420_sub-sampling-1000_transformation-cofactor-150	random	drop-both	num-3	run0	1174493	5	71844	166811	605424	8.426925004175715	1.9254609317365876
dataset_name-FR-FCM-Z2KP-healthy_dataset-revision-67990f383ac8f169c9a00148febba1ed357e18e8_name-data_import.data_raw_potential-batches-1_seed-420_sub-sampling-1000_transformation-cofactor-150	random	drop-both	num-4	run0	1266374	5	65416	177033	669963	10.241576984224043	1.8970383971558575
dataset_name-FR-FCM-Z2KP-healthy_dataset-revision-67990f383ac8f169c9a00148febba1ed357e18e8_name-data_import.data_raw_potential-batches-1_seed-420_sub-sampling-1000_transformation-cofactor-150	random	drop-both	num-5	run0	1231233	5	73604	159439	661241	8.983764469322319	1.8903969040534374
dataset_name-FR-FCM-Z2KP-healthy_dataset-revision-67990f383ac8f169c9a00148febba1ed357e18e8_name-data_import.data_raw_potential-batches-1_seed-420_sub-sampling-1000_transformation-cofactor-150	random	drop-train	num-1	run0	1346699	5	84697	199356	686400	8.104183146982773	1.9469338385822321
dataset_name-FR-FCM-Z2KP-healthy_dataset-revision-67990f383ac8f169c9a00148febba1ed357e18e8_name-data_import.data_raw_potential-batches-1_seed-420_sub-sampling-1000_transformation-cofactor-150	random	drop-train	num-2	run0	1274361	5	82881	198192	607573	7.330666859714531	2.0061389683502666
dataset_name-FR-FCM-Z2KP-healthy_dataset-revision-67990f383ac8f169c9a00148febba1ed357e18e8_name-data_import.data_raw_potential-batches-1_seed-420_sub-sampling-1000_transformation-cofactor-150	random	drop-train	num-3	run0	1174493	5	71844	166811	605424	8.426925004175715	1.9254609317365876
dataset_name-FR-FCM-Z2KP-healthy_dataset-revision-67990f383ac8f169c9a00148febba1ed357e18e8_name-data_import.data_raw_potential-batches-1_seed-420_sub-sampling-1000_transformation-cofactor-150	random	drop-train	num-4	run0	1266374	5	65416	177033	669963	10.241576984224043	1.8970383971558575
dataset_name-FR-FCM-Z2KP-healthy_dataset-revision-67990f383ac8f169c9a00148febba1ed357e18e8_name-data_import.data_raw_potential-batches-1_seed-420_sub-sampling-1000_transformation-cofactor-150	random	drop-train	num-5	run0	1231233	5	73604	159439	661241	8.983764469322319	1.8903969040534374
dataset_name-FR-FCM-Z2KP-healthy_dataset-revision-67990f383ac8f169c9a00148febba1ed357e18e8_name-data_import.data_raw_potential-batches-1_seed-420_sub-sampling-1000_transformation-cofactor-150	random	unfiltered	num-1	run0	1346699	5	84697	199356	686400	8.104183146982773	1.9469338385822321
dataset_name-FR-FCM-Z2KP-healthy_dataset-revision-67990f383ac8f169c9a00148febba1ed357e18e8_name-data_import.data_raw_potential-batches-1_seed-420_sub-sampling-1000_transformation-cofactor-150	random	unfiltered	num-2	run0	1274361	5	82881	198192	607573	7.330666859714531	2.0061389683502666
dataset_name-FR-FCM-Z2KP-healthy_dataset-revision-67990f383ac8f169c9a00148febba1ed357e18e8_name-data_import.data_raw_potential-batches-1_seed-420_sub-sampling-1000_transformation-cofactor-150	random	unfiltered	num-3	run0	1174493	5	71844	166811	605424	8.426925004175715	1.9254609317365876
dataset_name-FR-FCM-Z2KP-healthy_dataset-revision-67990f383ac8f169c9a00148febba1ed357e18e8_name-data_import.data_raw_potential-batches-1_seed-420_sub-sampling-1000_transformation-cofactor-150	random	unfiltered	num-4	run0	1266374	5	65416	177033	669963	10.241576984224043	1.8970383971558575
dataset_name-FR-FCM-Z2KP-healthy_dataset-revision-67990f383ac8f169c9a00148febba1ed357e18e8_name-data_import.data_raw_potential-batches-1_seed-420_sub-sampling-1000_transformation-cofactor-150	random	unfiltered	num-5	run0	1231233	5	73604	159439	661241	8.983764469322319	1.8903969040534374
dataset_name-FR-FCM-Z2KP-healthy_dataset-revision-67990f383ac8f169c9a00148febba1ed357e18e8_name-data_import.data_raw_potential-batches-1_seed-420_sub-sampling-50000_transformation-cofactor-150	cyanno	drop-both	num-1	run0	1346699	5	84697	199356	686400	8.104183146982773	1.9469338385822321
dataset_name-FR-FCM-Z2KP-healthy_dataset-revision-67990f383ac8f169c9a00148febba1ed357e18e8_name-data_import.data_raw_potential-batches-1_seed-420_sub-sampling-50000_transformation-cofactor-150	cyanno	drop-both	num-2	run0	1274361	5	82881	198192	607573	7.330666859714531	2.0061389683502666
dataset_name-FR-FCM-Z2KP-healthy_dataset-revision-67990f383ac8f169c9a00148febba1ed357e18e8_name-data_import.data_raw_potential-batches-1_seed-420_sub-sampling-50000_transformation-cofactor-150	cyanno	drop-both	num-3	run0	1174493	5	71844	166811	605424	8.426925004175715	1.9254609317365876
dataset_name-FR-FCM-Z2KP-healthy_dataset-revision-67990f383ac8f169c9a00148febba1ed357e18e8_name-data_import.data_raw_potential-batches-1_seed-420_sub-sampling-50000_transformation-cofactor-150	cyanno	drop-both	num-4	run0	1266374	5	65416	177033	669963	10.241576984224043	1.8970383971558575
dataset_name-FR-FCM-Z2KP-healthy_dataset-revision-67990f383ac8f169c9a00148febba1ed357e18e8_name-data_import.data_raw_potential-batches-1_seed-420_sub-sampling-50000_transformation-cofactor-150	cyanno	drop-both	num-5	run0	1231233	5	73604	159439	661241	8.983764469322319	1.8903969040534374
dataset_name-FR-FCM-Z2KP-healthy_dataset-revision-67990f383ac8f169c9a00148febba1ed357e18e8_name-data_import.data_raw_potential-batches-1_seed-420_sub-sampling-50000_transformation-cofactor-150	cyanno	drop-train	num-1	run0	1346699	5	84697	199356	686400	8.104183146982773	1.9469338385822321
dataset_name-FR-FCM-Z2KP-healthy_dataset-revision-67990f383ac8f169c9a00148febba1ed357e18e8_name-data_import.data_raw_potential-batches-1_seed-420_sub-sampling-50000_transformation-cofactor-150	cyanno	drop-train	num-2	run0	1274361	5	82881	198192	607573	7.330666859714531	2.0061389683502666
dataset_name-FR-FCM-Z2KP-healthy_dataset-revision-67990f383ac8f169c9a00148febba1ed357e18e8_name-data_import.data_raw_potential-batches-1_seed-420_sub-sampling-50000_transformation-cofactor-150	cyanno	drop-train	num-3	run0	1174493	5	71844	166811	605424	8.426925004175715	1.9254609317365876
dataset_name-FR-FCM-Z2KP-healthy_dataset-revision-67990f383ac8f169c9a00148febba1ed357e18e8_name-data_import.data_raw_potential-batches-1_seed-420_sub-sampling-50000_transformation-cofactor-150	cyanno	drop-train	num-4	run0	1266374	5	65416	177033	669963	10.241576984224043	1.8970383971558575
dataset_name-FR-FCM-Z2KP-healthy_dataset-revision-67990f383ac8f169c9a00148febba1ed357e18e8_name-data_import.data_raw_potential-batches-1_seed-420_sub-sampling-50000_transformation-cofactor-150	cyanno	drop-train	num-5	run0	1231233	5	73604	159439	661241	8.983764469322319	1.8903969040534374
dataset_name-FR-FCM-Z2KP-healthy_dataset-revision-67990f383ac8f169c9a00148febba1ed357e18e8_name-data_import.data_raw_potential-batches-1_seed-420_sub-sampling-50000_transformation-cofactor-150	cyanno	unfiltered	num-1	run0	1346699	5	84697	199356	686400	8.104183146982773	1.9469338385822321
dataset_name-FR-FCM-Z2KP-healthy_dataset-revision-67990f383ac8f169c9a00148febba1ed357e18e8_name-data_import.data_raw_potential-batches-1_seed-420_sub-sampling-50000_transformation-cofactor-150	cyanno	unfiltered	num-2	run0	1274361	5	82881	198192	607573	7.330666859714531	2.0061389683502666
dataset_name-FR-FCM-Z2KP-healthy_dataset-revision-67990f383ac8f169c9a00148febba1ed357e18e8_name-data_import.data_raw_potential-batches-1_seed-420_sub-sampling-50000_transformation-cofactor-150	cyanno	unfiltered	num-3	run0	1174493	5	71844	166811	605424	8.426925004175715	1.9254609317365876
dataset_name-FR-FCM-Z2KP-healthy_dataset-revision-67990f383ac8f169c9a00148febba1ed357e18e8_name-data_import.data_raw_potential-batches-1_seed-420_sub-sampling-50000_transformation-cofactor-150	cyanno	unfiltered	num-4	run0	1266374	5	65416	177033	669963	10.241576984224043	1.8970383971558575
dataset_name-FR-FCM-Z2KP-healthy_dataset-revision-67990f383ac8f169c9a00148febba1ed357e18e8_name-data_import.data_raw_potential-batches-1_seed-420_sub-sampling-50000_transformation-cofactor-150	cyanno	unfiltered	num-5	run0	1231233	5	73604	159439	661241	8.983764469322319	1.8903969040534374
dataset_name-FR-FCM-Z2KP-healthy_dataset-revision-67990f383ac8f169c9a00148febba1ed357e18e8_name-data_import.data_raw_potential-batches-1_seed-420_sub-sampling-50000_transformation-cofactor-150	cydefine[3f57bdcdec41]	drop-both	num-1	run0	1346699	5	84697	199356	686400	8.104183146982773	1.9469338385822321
dataset_name-FR-FCM-Z2KP-healthy_dataset-revision-67990f383ac8f169c9a00148febba1ed357e18e8_name-data_import.data_raw_potential-batches-1_seed-420_sub-sampling-50000_transformation-cofactor-150	cydefine[3f57bdcdec41]	drop-both	num-2	run0	1274361	5	82881	198192	607573	7.330666859714531	2.0061389683502666
dataset_name-FR-FCM-Z2KP-healthy_dataset-revision-67990f383ac8f169c9a00148febba1ed357e18e8_name-data_import.data_raw_potential-batches-1_seed-420_sub-sampling-50000_transformation-cofactor-150	cydefine[3f57bdcdec41]	drop-both	num-3	run0	1174493	5	71844	166811	605424	8.426925004175715	1.9254609317365876
dataset_name-FR-FCM-Z2KP-healthy_dataset-revision-67990f383ac8f169c9a00148febba1ed357e18e8_name-data_import.data_raw_potential-batches-1_seed-420_sub-sampling-50000_transformation-cofactor-150	cydefine[3f57bdcdec41]	drop-both	num-4	run0	1266374	5	65416	177033	669963	10.241576984224043	1.8970383971558575
dataset_name-FR-FCM-Z2KP-healthy_dataset-revision-67990f383ac8f169c9a00148febba1ed357e18e8_name-data_import.data_raw_potential-batches-1_seed-420_sub-sampling-50000_transformation-cofactor-150	cydefine[3f57bdcdec41]	drop-both	num-5	run0	1231233	5	73604	159439	661241	8.983764469322319	1.8903969040534374
dataset_name-FR-FCM-Z2KP-healthy_dataset-revision-67990f383ac8f169c9a00148febba1ed357e18e8_name-data_import.data_raw_potential-batches-1_seed-420_sub-sampling-50000_transformation-cofactor-150	cydefine[3f57bdcdec41]	drop-train	num-1	run0	1346699	5	84697	199356	686400	8.104183146982773	1.9469338385822321
dataset_name-FR-FCM-Z2KP-healthy_dataset-revision-67990f383ac8f169c9a00148febba1ed357e18e8_name-data_import.data_raw_potential-batches-1_seed-420_sub-sampling-50000_transformation-cofactor-150	cydefine[3f57bdcdec41]	drop-train	num-2	run0	1274361	5	82881	198192	607573	7.330666859714531	2.0061389683502666
dataset_name-FR-FCM-Z2KP-healthy_dataset-revision-67990f383ac8f169c9a00148febba1ed357e18e8_name-data_import.data_raw_potential-batches-1_seed-420_sub-sampling-50000_transformation-cofactor-150	cydefine[3f57bdcdec41]	drop-train	num-3	run0	1174493	5	71844	166811	605424	8.426925004175715	1.9254609317365876
dataset_name-FR-FCM-Z2KP-healthy_dataset-revision-67990f383ac8f169c9a00148febba1ed357e18e8_name-data_import.data_raw_potential-batches-1_seed-420_sub-sampling-50000_transformation-cofactor-150	cydefine[3f57bdcdec41]	drop-train	num-4	run0	1266374	5	65416	177033	669963	10.241576984224043	1.8970383971558575
dataset_name-FR-FCM-Z2KP-healthy_dataset-revision-67990f383ac8f169c9a00148febba1ed357e18e8_name-data_import.data_raw_potential-batches-1_seed-420_sub-sampling-50000_transformation-cofactor-150	cydefine[3f57bdcdec41]	drop-train	num-5	run0	1231233	5	73604	159439	661241	8.983764469322319	1.8903969040534374
dataset_name-FR-FCM-Z2KP-healthy_dataset-revision-67990f383ac8f169c9a00148febba1ed357e18e8_name-data_import.data_raw_potential-batches-1_seed-420_sub-sampling-50000_transformation-cofactor-150	cydefine[3f57bdcdec41]	unfiltered	num-1	run0	1346699	5	84697	199356	686400	8.104183146982773	1.9469338385822321
dataset_name-FR-FCM-Z2KP-healthy_dataset-revision-67990f383ac8f169c9a00148febba1ed357e18e8_name-data_import.data_raw_potential-batches-1_seed-420_sub-sampling-50000_transformation-cofactor-150	cydefine[3f57bdcdec41]	unfiltered	num-2	run0	1274361	5	82881	198192	607573	7.330666859714531	2.0061389683502666
dataset_name-FR-FCM-Z2KP-healthy_dataset-revision-67990f383ac8f169c9a00148febba1ed357e18e8_name-data_import.data_raw_potential-batches-1_seed-420_sub-sampling-50000_transformation-cofactor-150	cydefine[3f57bdcdec41]	unfiltered	num-3	run0	1174493	5	71844	166811	605424	8.426925004175715	1.9254609317365876
dataset_name-FR-FCM-Z2KP-healthy_dataset-revision-67990f383ac8f169c9a00148febba1ed357e18e8_name-data_import.data_raw_potential-batches-1_seed-420_sub-sampling-50000_transformation-cofactor-150	cydefine[3f57bdcdec41]	unfiltered	num-4	run0	1266374	5	65416	177033	669963	10.241576984224043	1.8970383971558575
dataset_name-FR-FCM-Z2KP-healthy_dataset-revision-67990f383ac8f169c9a00148febba1ed357e18e8_name-data_import.data_raw_potential-batches-1_seed-420_sub-sampling-50000_transformation-cofactor-150	cydefine[3f57bdcdec41]	unfiltered	num-5	run0	1231233	5	73604	159439	661241	8.983764469322319	1.8903969040534374
dataset_name-FR-FCM-Z2KP-healthy_dataset-revision-67990f383ac8f169c9a00148febba1ed357e18e8_name-data_import.data_raw_potential-batches-1_seed-420_sub-sampling-50000_transformation-cofactor-150	cygate	drop-both	num-1	run0	1346699	5	84697	199356	686400	8.104183146982773	1.9469338385822321
dataset_name-FR-FCM-Z2KP-healthy_dataset-revision-67990f383ac8f169c9a00148febba1ed357e18e8_name-data_import.data_raw_potential-batches-1_seed-420_sub-sampling-50000_transformation-cofactor-150	cygate	drop-both	num-2	run0	1274361	5	82881	198192	607573	7.330666859714531	2.0061389683502666
dataset_name-FR-FCM-Z2KP-healthy_dataset-revision-67990f383ac8f169c9a00148febba1ed357e18e8_name-data_import.data_raw_potential-batches-1_seed-420_sub-sampling-50000_transformation-cofactor-150	cygate	drop-both	num-3	run0	1174493	5	71844	166811	605424	8.426925004175715	1.9254609317365876
dataset_name-FR-FCM-Z2KP-healthy_dataset-revision-67990f383ac8f169c9a00148febba1ed357e18e8_name-data_import.data_raw_potential-batches-1_seed-420_sub-sampling-50000_transformation-cofactor-150	cygate	drop-both	num-4	run0	1266374	5	65416	177033	669963	10.241576984224043	1.8970383971558575
dataset_name-FR-FCM-Z2KP-healthy_dataset-revision-67990f383ac8f169c9a00148febba1ed357e18e8_name-data_import.data_raw_potential-batches-1_seed-420_sub-sampling-50000_transformation-cofactor-150	cygate	drop-both	num-5	run0	1231233	5	73604	159439	661241	8.983764469322319	1.8903969040534374
dataset_name-FR-FCM-Z2KP-healthy_dataset-revision-67990f383ac8f169c9a00148febba1ed357e18e8_name-data_import.data_raw_potential-batches-1_seed-420_sub-sampling-50000_transformation-cofactor-150	cygate	drop-train	num-1	run0	1346699	5	84697	199356	686400	8.104183146982773	1.9469338385822321
dataset_name-FR-FCM-Z2KP-healthy_dataset-revision-67990f383ac8f169c9a00148febba1ed357e18e8_name-data_import.data_raw_potential-batches-1_seed-420_sub-sampling-50000_transformation-cofactor-150	cygate	drop-train	num-2	run0	1274361	5	82881	198192	607573	7.330666859714531	2.0061389683502666
dataset_name-FR-FCM-Z2KP-healthy_dataset-revision-67990f383ac8f169c9a00148febba1ed357e18e8_name-data_import.data_raw_potential-batches-1_seed-420_sub-sampling-50000_transformation-cofactor-150	cygate	drop-train	num-3	run0	1174493	5	71844	166811	605424	8.426925004175715	1.9254609317365876
dataset_name-FR-FCM-Z2KP-healthy_dataset-revision-67990f383ac8f169c9a00148febba1ed357e18e8_name-data_import.data_raw_potential-batches-1_seed-420_sub-sampling-50000_transformation-cofactor-150	cygate	drop-train	num-4	run0	1266374	5	65416	177033	669963	10.241576984224043	1.8970383971558575
dataset_name-FR-FCM-Z2KP-healthy_dataset-revision-67990f383ac8f169c9a00148febba1ed357e18e8_name-data_import.data_raw_potential-batches-1_seed-420_sub-sampling-50000_transformation-cofactor-150	cygate	drop-train	num-5	run0	1231233	5	73604	159439	661241	8.983764469322319	1.8903969040534374
dataset_name-FR-FCM-Z2KP-healthy_dataset-revision-67990f383ac8f169c9a00148febba1ed357e18e8_name-data_import.data_raw_potential-batches-1_seed-420_sub-sampling-50000_transformation-cofactor-150	cygate	unfiltered	num-1	run0	1346699	5	84697	199356	686400	8.104183146982773	1.9469338385822321
dataset_name-FR-FCM-Z2KP-healthy_dataset-revision-67990f383ac8f169c9a00148febba1ed357e18e8_name-data_import.data_raw_potential-batches-1_seed-420_sub-sampling-50000_transformation-cofactor-150	cygate	unfiltered	num-2	run0	1274361	5	82881	198192	607573	7.330666859714531	2.0061389683502666
dataset_name-FR-FCM-Z2KP-healthy_dataset-revision-67990f383ac8f169c9a00148febba1ed357e18e8_name-data_import.data_raw_potential-batches-1_seed-420_sub-sampling-50000_transformation-cofactor-150	cygate	unfiltered	num-3	run0	1174493	5	71844	166811	605424	8.426925004175715	1.9254609317365876
dataset_name-FR-FCM-Z2KP-healthy_dataset-revision-67990f383ac8f169c9a00148febba1ed357e18e8_name-data_import.data_raw_potential-batches-1_seed-420_sub-sampling-50000_transformation-cofactor-150	cygate	unfiltered	num-4	run0	1266374	5	65416	177033	669963	10.241576984224043	1.8970383971558575
dataset_name-FR-FCM-Z2KP-healthy_dataset-revision-67990f383ac8f169c9a00148febba1ed357e18e8_name-data_import.data_raw_potential-batches-1_seed-420_sub-sampling-50000_transformation-cofactor-150	cygate	unfiltered	num-5	run0	1231233	5	73604	159439	661241	8.983764469322319	1.8903969040534374
dataset_name-FR-FCM-Z2KP-healthy_dataset-revision-67990f383ac8f169c9a00148febba1ed357e18e8_name-data_import.data_raw_potential-batches-1_seed-420_sub-sampling-50000_transformation-cofactor-150	dgcytof	drop-both	num-1	run0	1346699	5	84697	199356	686400	8.104183146982773	1.9469338385822321
dataset_name-FR-FCM-Z2KP-healthy_dataset-revision-67990f383ac8f169c9a00148febba1ed357e18e8_name-data_import.data_raw_potential-batches-1_seed-420_sub-sampling-50000_transformation-cofactor-150	dgcytof	drop-both	num-2	run0	1274361	5	82881	198192	607573	7.330666859714531	2.0061389683502666
dataset_name-FR-FCM-Z2KP-healthy_dataset-revision-67990f383ac8f169c9a00148febba1ed357e18e8_name-data_import.data_raw_potential-batches-1_seed-420_sub-sampling-50000_transformation-cofactor-150	dgcytof	drop-both	num-3	run0	1174493	5	71844	166811	605424	8.426925004175715	1.9254609317365876
dataset_name-FR-FCM-Z2KP-healthy_dataset-revision-67990f383ac8f169c9a00148febba1ed357e18e8_name-data_import.data_raw_potential-batches-1_seed-420_sub-sampling-50000_transformation-cofactor-150	dgcytof	drop-both	num-4	run0	1266374	5	65416	177033	669963	10.241576984224043	1.8970383971558575
dataset_name-FR-FCM-Z2KP-healthy_dataset-revision-67990f383ac8f169c9a00148febba1ed357e18e8_name-data_import.data_raw_potential-batches-1_seed-420_sub-sampling-50000_transformation-cofactor-150	dgcytof	drop-both	num-5	run0	1231233	5	73604	159439	661241	8.983764469322319	1.8903969040534374
dataset_name-FR-FCM-Z2KP-healthy_dataset-revision-67990f383ac8f169c9a00148febba1ed357e18e8_name-data_import.data_raw_potential-batches-1_seed-420_sub-sampling-50000_transformation-cofactor-150	dgcytof	drop-train	num-1	run0	1346699	5	84697	199356	686400	8.104183146982773	1.9469338385822321
dataset_name-FR-FCM-Z2KP-healthy_dataset-revision-67990f383ac8f169c9a00148febba1ed357e18e8_name-data_import.data_raw_potential-batches-1_seed-420_sub-sampling-50000_transformation-cofactor-150	dgcytof	drop-train	num-2	run0	1274361	5	82881	198192	607573	7.330666859714531	2.0061389683502666
dataset_name-FR-FCM-Z2KP-healthy_dataset-revision-67990f383ac8f169c9a00148febba1ed357e18e8_name-data_import.data_raw_potential-batches-1_seed-420_sub-sampling-50000_transformation-cofactor-150	dgcytof	drop-train	num-3	run0	1174493	5	71844	166811	605424	8.426925004175715	1.9254609317365876
dataset_name-FR-FCM-Z2KP-healthy_dataset-revision-67990f383ac8f169c9a00148febba1ed357e18e8_name-data_import.data_raw_potential-batches-1_seed-420_sub-sampling-50000_transformation-cofactor-150	dgcytof	drop-train	num-4	run0	1266374	5	65416	177033	669963	10.241576984224043	1.8970383971558575
dataset_name-FR-FCM-Z2KP-healthy_dataset-revision-67990f383ac8f169c9a00148febba1ed357e18e8_name-data_import.data_raw_potential-batches-1_seed-420_sub-sampling-50000_transformation-cofactor-150	dgcytof	drop-train	num-5	run0	1231233	5	73604	159439	661241	8.983764469322319	1.8903969040534374
dataset_name-FR-FCM-Z2KP-healthy_dataset-revision-67990f383ac8f169c9a00148febba1ed357e18e8_name-data_import.data_raw_potential-batches-1_seed-420_sub-sampling-50000_transformation-cofactor-150	dgcytof	unfiltered	num-1	run0	1346699	5	84697	199356	686400	8.104183146982773	1.9469338385822321
dataset_name-FR-FCM-Z2KP-healthy_dataset-revision-67990f383ac8f169c9a00148febba1ed357e18e8_name-data_import.data_raw_potential-batches-1_seed-420_sub-sampling-50000_transformation-cofactor-150	dgcytof	unfiltered	num-2	run0	1274361	5	82881	198192	607573	7.330666859714531	2.0061389683502666
dataset_name-FR-FCM-Z2KP-healthy_dataset-revision-67990f383ac8f169c9a00148febba1ed357e18e8_name-data_import.data_raw_potential-batches-1_seed-420_sub-sampling-50000_transformation-cofactor-150	dgcytof	unfiltered	num-3	run0	1174493	5	71844	166811	605424	8.426925004175715	1.9254609317365876
dataset_name-FR-FCM-Z2KP-healthy_dataset-revision-67990f383ac8f169c9a00148febba1ed357e18e8_name-data_import.data_raw_potential-batches-1_seed-420_sub-sampling-50000_transformation-cofactor-150	dgcytof	unfiltered	num-4	run0	1266374	5	65416	177033	669963	10.241576984224043	1.8970383971558575
dataset_name-FR-FCM-Z2KP-healthy_dataset-revision-67990f383ac8f169c9a00148febba1ed357e18e8_name-data_import.data_raw_potential-batches-1_seed-420_sub-sampling-50000_transformation-cofactor-150	dgcytof	unfiltered	num-5	run0	1231233	5	73604	159439	661241	8.983764469322319	1.8903969040534374
dataset_name-FR-FCM-Z2KP-healthy_dataset-revision-67990f383ac8f169c9a00148febba1ed357e18e8_name-data_import.data_raw_potential-batches-1_seed-420_sub-sampling-50000_transformation-cofactor-150	gatemeclass[E]	drop-both	num-1	run0	1346699	5	84697	199356	686400	8.104183146982773	1.9469338385822321
dataset_name-FR-FCM-Z2KP-healthy_dataset-revision-67990f383ac8f169c9a00148febba1ed357e18e8_name-data_import.data_raw_potential-batches-1_seed-420_sub-sampling-50000_transformation-cofactor-150	gatemeclass[E]	drop-both	num-2	run0	1274361	5	82881	198192	607573	7.330666859714531	2.0061389683502666
dataset_name-FR-FCM-Z2KP-healthy_dataset-revision-67990f383ac8f169c9a00148febba1ed357e18e8_name-data_import.data_raw_potential-batches-1_seed-420_sub-sampling-50000_transformation-cofactor-150	gatemeclass[E]	drop-both	num-3	run0	1174493	5	71844	166811	605424	8.426925004175715	1.9254609317365876
dataset_name-FR-FCM-Z2KP-healthy_dataset-revision-67990f383ac8f169c9a00148febba1ed357e18e8_name-data_import.data_raw_potential-batches-1_seed-420_sub-sampling-50000_transformation-cofactor-150	gatemeclass[E]	drop-both	num-4	run0	1266374	5	65416	177033	669963	10.241576984224043	1.8970383971558575
dataset_name-FR-FCM-Z2KP-healthy_dataset-revision-67990f383ac8f169c9a00148febba1ed357e18e8_name-data_import.data_raw_potential-batches-1_seed-420_sub-sampling-50000_transformation-cofactor-150	gatemeclass[E]	drop-both	num-5	run0	1231233	5	73604	159439	661241	8.983764469322319	1.8903969040534374
dataset_name-FR-FCM-Z2KP-healthy_dataset-revision-67990f383ac8f169c9a00148febba1ed357e18e8_name-data_import.data_raw_potential-batches-1_seed-420_sub-sampling-50000_transformation-cofactor-150	gatemeclass[E]	drop-train	num-1	run0	1346699	5	84697	199356	686400	8.104183146982773	1.9469338385822321
dataset_name-FR-FCM-Z2KP-healthy_dataset-revision-67990f383ac8f169c9a00148febba1ed357e18e8_name-data_import.data_raw_potential-batches-1_seed-420_sub-sampling-50000_transformation-cofactor-150	gatemeclass[E]	drop-train	num-2	run0	1274361	5	82881	198192	607573	7.330666859714531	2.0061389683502666
dataset_name-FR-FCM-Z2KP-healthy_dataset-revision-67990f383ac8f169c9a00148febba1ed357e18e8_name-data_import.data_raw_potential-batches-1_seed-420_sub-sampling-50000_transformation-cofactor-150	gatemeclass[E]	drop-train	num-3	run0	1174493	5	71844	166811	605424	8.426925004175715	1.9254609317365876
dataset_name-FR-FCM-Z2KP-healthy_dataset-revision-67990f383ac8f169c9a00148febba1ed357e18e8_name-data_import.data_raw_potential-batches-1_seed-420_sub-sampling-50000_transformation-cofactor-150	gatemeclass[E]	drop-train	num-4	run0	1266374	5	65416	177033	669963	10.241576984224043	1.8970383971558575
dataset_name-FR-FCM-Z2KP-healthy_dataset-revision-67990f383ac8f169c9a00148febba1ed357e18e8_name-data_import.data_raw_potential-batches-1_seed-420_sub-sampling-50000_transformation-cofactor-150	gatemeclass[E]	drop-train	num-5	run0	1231233	5	73604	159439	661241	8.983764469322319	1.8903969040534374
dataset_name-FR-FCM-Z2KP-healthy_dataset-revision-67990f383ac8f169c9a00148febba1ed357e18e8_name-data_import.data_raw_potential-batches-1_seed-420_sub-sampling-50000_transformation-cofactor-150	gatemeclass[E]	unfiltered	num-1	run0	1346699	5	84697	199356	686400	8.104183146982773	1.9469338385822321
dataset_name-FR-FCM-Z2KP-healthy_dataset-revision-67990f383ac8f169c9a00148febba1ed357e18e8_name-data_import.data_raw_potential-batches-1_seed-420_sub-sampling-50000_transformation-cofactor-150	gatemeclass[E]	unfiltered	num-2	run0	1274361	5	82881	198192	607573	7.330666859714531	2.0061389683502666
dataset_name-FR-FCM-Z2KP-healthy_dataset-revision-67990f383ac8f169c9a00148febba1ed357e18e8_name-data_import.data_raw_potential-batches-1_seed-420_sub-sampling-50000_transformation-cofactor-150	gatemeclass[E]	unfiltered	num-3	run0	1174493	5	71844	166811	605424	8.426925004175715	1.9254609317365876
dataset_name-FR-FCM-Z2KP-healthy_dataset-revision-67990f383ac8f169c9a00148febba1ed357e18e8_name-data_import.data_raw_potential-batches-1_seed-420_sub-sampling-50000_transformation-cofactor-150	gatemeclass[E]	unfiltered	num-4	run0	1266374	5	65416	177033	669963	10.241576984224043	1.8970383971558575
dataset_name-FR-FCM-Z2KP-healthy_dataset-revision-67990f383ac8f169c9a00148febba1ed357e18e8_name-data_import.data_raw_potential-batches-1_seed-420_sub-sampling-50000_transformation-cofactor-150	gatemeclass[E]	unfiltered	num-5	run0	1231233	5	73604	159439	661241	8.983764469322319	1.8903969040534374
dataset_name-FR-FCM-Z2KP-healthy_dataset-revision-67990f383ac8f169c9a00148febba1ed357e18e8_name-data_import.data_raw_potential-batches-1_seed-420_sub-sampling-50000_transformation-cofactor-150	gatemeclass[V]	drop-both	num-1	run0	1346699	5	84697	199356	686400	8.104183146982773	1.9469338385822321
dataset_name-FR-FCM-Z2KP-healthy_dataset-revision-67990f383ac8f169c9a00148febba1ed357e18e8_name-data_import.data_raw_potential-batches-1_seed-420_sub-sampling-50000_transformation-cofactor-150	gatemeclass[V]	drop-both	num-2	run0	1274361	5	82881	198192	607573	7.330666859714531	2.0061389683502666
dataset_name-FR-FCM-Z2KP-healthy_dataset-revision-67990f383ac8f169c9a00148febba1ed357e18e8_name-data_import.data_raw_potential-batches-1_seed-420_sub-sampling-50000_transformation-cofactor-150	gatemeclass[V]	drop-both	num-3	run0	1174493	5	71844	166811	605424	8.426925004175715	1.9254609317365876
dataset_name-FR-FCM-Z2KP-healthy_dataset-revision-67990f383ac8f169c9a00148febba1ed357e18e8_name-data_import.data_raw_potential-batches-1_seed-420_sub-sampling-50000_transformation-cofactor-150	gatemeclass[V]	drop-both	num-4	run0	1266374	5	65416	177033	669963	10.241576984224043	1.8970383971558575
dataset_name-FR-FCM-Z2KP-healthy_dataset-revision-67990f383ac8f169c9a00148febba1ed357e18e8_name-data_import.data_raw_potential-batches-1_seed-420_sub-sampling-50000_transformation-cofactor-150	gatemeclass[V]	drop-both	num-5	run0	1231233	5	73604	159439	661241	8.983764469322319	1.8903969040534374
dataset_name-FR-FCM-Z2KP-healthy_dataset-revision-67990f383ac8f169c9a00148febba1ed357e18e8_name-data_import.data_raw_potential-batches-1_seed-420_sub-sampling-50000_transformation-cofactor-150	gatemeclass[V]	drop-train	num-1	run0	1346699	5	84697	199356	686400	8.104183146982773	1.9469338385822321
dataset_name-FR-FCM-Z2KP-healthy_dataset-revision-67990f383ac8f169c9a00148febba1ed357e18e8_name-data_import.data_raw_potential-batches-1_seed-420_sub-sampling-50000_transformation-cofactor-150	gatemeclass[V]	drop-train	num-2	run0	1274361	5	82881	198192	607573	7.330666859714531	2.0061389683502666
dataset_name-FR-FCM-Z2KP-healthy_dataset-revision-67990f383ac8f169c9a00148febba1ed357e18e8_name-data_import.data_raw_potential-batches-1_seed-420_sub-sampling-50000_transformation-cofactor-150	gatemeclass[V]	drop-train	num-3	run0	1174493	5	71844	166811	605424	8.426925004175715	1.9254609317365876
dataset_name-FR-FCM-Z2KP-healthy_dataset-revision-67990f383ac8f169c9a00148febba1ed357e18e8_name-data_import.data_raw_potential-batches-1_seed-420_sub-sampling-50000_transformation-cofactor-150	gatemeclass[V]	drop-train	num-4	run0	1266374	5	65416	177033	669963	10.241576984224043	1.8970383971558575
dataset_name-FR-FCM-Z2KP-healthy_dataset-revision-67990f383ac8f169c9a00148febba1ed357e18e8_name-data_import.data_raw_potential-batches-1_seed-420_sub-sampling-50000_transformation-cofactor-150	gatemeclass[V]	drop-train	num-5	run0	1231233	5	73604	159439	661241	8.983764469322319	1.8903969040534374
dataset_name-FR-FCM-Z2KP-healthy_dataset-revision-67990f383ac8f169c9a00148febba1ed357e18e8_name-data_import.data_raw_potential-batches-1_seed-420_sub-sampling-50000_transformation-cofactor-150	gatemeclass[V]	unfiltered	num-1	run0	1346699	5	84697	199356	686400	8.104183146982773	1.9469338385822321
dataset_name-FR-FCM-Z2KP-healthy_dataset-revision-67990f383ac8f169c9a00148febba1ed357e18e8_name-data_import.data_raw_potential-batches-1_seed-420_sub-sampling-50000_transformation-cofactor-150	gatemeclass[V]	unfiltered	num-2	run0	1274361	5	82881	198192	607573	7.330666859714531	2.0061389683502666
dataset_name-FR-FCM-Z2KP-healthy_dataset-revision-67990f383ac8f169c9a00148febba1ed357e18e8_name-data_import.data_raw_potential-batches-1_seed-420_sub-sampling-50000_transformation-cofactor-150	gatemeclass[V]	unfiltered	num-3	run0	1174493	5	71844	166811	605424	8.426925004175715	1.9254609317365876
dataset_name-FR-FCM-Z2KP-healthy_dataset-revision-67990f383ac8f169c9a00148febba1ed357e18e8_name-data_import.data_raw_potential-batches-1_seed-420_sub-sampling-50000_transformation-cofactor-150	gatemeclass[V]	unfiltered	num-4	run0	1266374	5	65416	177033	669963	10.241576984224043	1.8970383971558575
dataset_name-FR-FCM-Z2KP-healthy_dataset-revision-67990f383ac8f169c9a00148febba1ed357e18e8_name-data_import.data_raw_potential-batches-1_seed-420_sub-sampling-50000_transformation-cofactor-150	gatemeclass[V]	unfiltered	num-5	run0	1231233	5	73604	159439	661241	8.983764469322319	1.8903969040534374
dataset_name-FR-FCM-Z2KP-healthy_dataset-revision-67990f383ac8f169c9a00148febba1ed357e18e8_name-data_import.data_raw_potential-batches-1_seed-420_sub-sampling-50000_transformation-cofactor-150	knn	drop-both	num-1	run0	1346699	5	84697	199356	686400	8.104183146982773	1.9469338385822321
dataset_name-FR-FCM-Z2KP-healthy_dataset-revision-67990f383ac8f169c9a00148febba1ed357e18e8_name-data_import.data_raw_potential-batches-1_seed-420_sub-sampling-50000_transformation-cofactor-150	knn	drop-both	num-2	run0	1274361	5	82881	198192	607573	7.330666859714531	2.0061389683502666
dataset_name-FR-FCM-Z2KP-healthy_dataset-revision-67990f383ac8f169c9a00148febba1ed357e18e8_name-data_import.data_raw_potential-batches-1_seed-420_sub-sampling-50000_transformation-cofactor-150	knn	drop-both	num-3	run0	1174493	5	71844	166811	605424	8.426925004175715	1.9254609317365876
dataset_name-FR-FCM-Z2KP-healthy_dataset-revision-67990f383ac8f169c9a00148febba1ed357e18e8_name-data_import.data_raw_potential-batches-1_seed-420_sub-sampling-50000_transformation-cofactor-150	knn	drop-both	num-4	run0	1266374	5	65416	177033	669963	10.241576984224043	1.8970383971558575
dataset_name-FR-FCM-Z2KP-healthy_dataset-revision-67990f383ac8f169c9a00148febba1ed357e18e8_name-data_import.data_raw_potential-batches-1_seed-420_sub-sampling-50000_transformation-cofactor-150	knn	drop-both	num-5	run0	1231233	5	73604	159439	661241	8.983764469322319	1.8903969040534374
dataset_name-FR-FCM-Z2KP-healthy_dataset-revision-67990f383ac8f169c9a00148febba1ed357e18e8_name-data_import.data_raw_potential-batches-1_seed-420_sub-sampling-50000_transformation-cofactor-150	knn	drop-train	num-1	run0	1346699	5	84697	199356	686400	8.104183146982773	1.9469338385822321
dataset_name-FR-FCM-Z2KP-healthy_dataset-revision-67990f383ac8f169c9a00148febba1ed357e18e8_name-data_import.data_raw_potential-batches-1_seed-420_sub-sampling-50000_transformation-cofactor-150	knn	drop-train	num-2	run0	1274361	5	82881	198192	607573	7.330666859714531	2.0061389683502666
dataset_name-FR-FCM-Z2KP-healthy_dataset-revision-67990f383ac8f169c9a00148febba1ed357e18e8_name-data_import.data_raw_potential-batches-1_seed-420_sub-sampling-50000_transformation-cofactor-150	knn	drop-train	num-3	run0	1174493	5	71844	166811	605424	8.426925004175715	1.9254609317365876
dataset_name-FR-FCM-Z2KP-healthy_dataset-revision-67990f383ac8f169c9a00148febba1ed357e18e8_name-data_import.data_raw_potential-batches-1_seed-420_sub-sampling-50000_transformation-cofactor-150	knn	drop-train	num-4	run0	1266374	5	65416	177033	669963	10.241576984224043	1.8970383971558575
dataset_name-FR-FCM-Z2KP-healthy_dataset-revision-67990f383ac8f169c9a00148febba1ed357e18e8_name-data_import.data_raw_potential-batches-1_seed-420_sub-sampling-50000_transformation-cofactor-150	knn	drop-train	num-5	run0	1231233	5	73604	159439	661241	8.983764469322319	1.8903969040534374
dataset_name-FR-FCM-Z2KP-healthy_dataset-revision-67990f383ac8f169c9a00148febba1ed357e18e8_name-data_import.data_raw_potential-batches-1_seed-420_sub-sampling-50000_transformation-cofactor-150	knn	unfiltered	num-1	run0	1346699	5	84697	199356	686400	8.104183146982773	1.9469338385822321
dataset_name-FR-FCM-Z2KP-healthy_dataset-revision-67990f383ac8f169c9a00148febba1ed357e18e8_name-data_import.data_raw_potential-batches-1_seed-420_sub-sampling-50000_transformation-cofactor-150	knn	unfiltered	num-2	run0	1274361	5	82881	198192	607573	7.330666859714531	2.0061389683502666
dataset_name-FR-FCM-Z2KP-healthy_dataset-revision-67990f383ac8f169c9a00148febba1ed357e18e8_name-data_import.data_raw_potential-batches-1_seed-420_sub-sampling-50000_transformation-cofactor-150	knn	unfiltered	num-3	run0	1174493	5	71844	166811	605424	8.426925004175715	1.9254609317365876
dataset_name-FR-FCM-Z2KP-healthy_dataset-revision-67990f383ac8f169c9a00148febba1ed357e18e8_name-data_import.data_raw_potential-batches-1_seed-420_sub-sampling-50000_transformation-cofactor-150	knn	unfiltered	num-4	run0	1266374	5	65416	177033	669963	10.241576984224043	1.8970383971558575
dataset_name-FR-FCM-Z2KP-healthy_dataset-revision-67990f383ac8f169c9a00148febba1ed357e18e8_name-data_import.data_raw_potential-batches-1_seed-420_sub-sampling-50000_transformation-cofactor-150	knn	unfiltered	num-5	run0	1231233	5	73604	159439	661241	8.983764469322319	1.8903969040534374
dataset_name-FR-FCM-Z2KP-healthy_dataset-revision-67990f383ac8f169c9a00148febba1ed357e18e8_name-data_import.data_raw_potential-batches-1_seed-420_sub-sampling-50000_transformation-cofactor-150	lda	drop-both	num-1	run0	1346699	5	84697	199356	686400	8.104183146982773	1.9469338385822321
dataset_name-FR-FCM-Z2KP-healthy_dataset-revision-67990f383ac8f169c9a00148febba1ed357e18e8_name-data_import.data_raw_potential-batches-1_seed-420_sub-sampling-50000_transformation-cofactor-150	lda	drop-both	num-2	run0	1274361	5	82881	198192	607573	7.330666859714531	2.0061389683502666
dataset_name-FR-FCM-Z2KP-healthy_dataset-revision-67990f383ac8f169c9a00148febba1ed357e18e8_name-data_import.data_raw_potential-batches-1_seed-420_sub-sampling-50000_transformation-cofactor-150	lda	drop-both	num-3	run0	1174493	5	71844	166811	605424	8.426925004175715	1.9254609317365876
dataset_name-FR-FCM-Z2KP-healthy_dataset-revision-67990f383ac8f169c9a00148febba1ed357e18e8_name-data_import.data_raw_potential-batches-1_seed-420_sub-sampling-50000_transformation-cofactor-150	lda	drop-both	num-4	run0	1266374	5	65416	177033	669963	10.241576984224043	1.8970383971558575
dataset_name-FR-FCM-Z2KP-healthy_dataset-revision-67990f383ac8f169c9a00148febba1ed357e18e8_name-data_import.data_raw_potential-batches-1_seed-420_sub-sampling-50000_transformation-cofactor-150	lda	drop-both	num-5	run0	1231233	5	73604	159439	661241	8.983764469322319	1.8903969040534374
dataset_name-FR-FCM-Z2KP-healthy_dataset-revision-67990f383ac8f169c9a00148febba1ed357e18e8_name-data_import.data_raw_potential-batches-1_seed-420_sub-sampling-50000_transformation-cofactor-150	lda	drop-train	num-1	run0	1346699	5	84697	199356	686400	8.104183146982773	1.9469338385822321
dataset_name-FR-FCM-Z2KP-healthy_dataset-revision-67990f383ac8f169c9a00148febba1ed357e18e8_name-data_import.data_raw_potential-batches-1_seed-420_sub-sampling-50000_transformation-cofactor-150	lda	drop-train	num-2	run0	1274361	5	82881	198192	607573	7.330666859714531	2.0061389683502666
dataset_name-FR-FCM-Z2KP-healthy_dataset-revision-67990f383ac8f169c9a00148febba1ed357e18e8_name-data_import.data_raw_potential-batches-1_seed-420_sub-sampling-50000_transformation-cofactor-150	lda	drop-train	num-3	run0	1174493	5	71844	166811	605424	8.426925004175715	1.9254609317365876
dataset_name-FR-FCM-Z2KP-healthy_dataset-revision-67990f383ac8f169c9a00148febba1ed357e18e8_name-data_import.data_raw_potential-batches-1_seed-420_sub-sampling-50000_transformation-cofactor-150	lda	drop-train	num-4	run0	1266374	5	65416	177033	669963	10.241576984224043	1.8970383971558575
dataset_name-FR-FCM-Z2KP-healthy_dataset-revision-67990f383ac8f169c9a00148febba1ed357e18e8_name-data_import.data_raw_potential-batches-1_seed-420_sub-sampling-50000_transformation-cofactor-150	lda	drop-train	num-5	run0	1231233	5	73604	159439	661241	8.983764469322319	1.8903969040534374
dataset_name-FR-FCM-Z2KP-healthy_dataset-revision-67990f383ac8f169c9a00148febba1ed357e18e8_name-data_import.data_raw_potential-batches-1_seed-420_sub-sampling-50000_transformation-cofactor-150	lda	unfiltered	num-1	run0	1346699	5	84697	199356	686400	8.104183146982773	1.9469338385822321
dataset_name-FR-FCM-Z2KP-healthy_dataset-revision-67990f383ac8f169c9a00148febba1ed357e18e8_name-data_import.data_raw_potential-batches-1_seed-420_sub-sampling-50000_transformation-cofactor-150	lda	unfiltered	num-2	run0	1274361	5	82881	198192	607573	7.330666859714531	2.0061389683502666
dataset_name-FR-FCM-Z2KP-healthy_dataset-revision-67990f383ac8f169c9a00148febba1ed357e18e8_name-data_import.data_raw_potential-batches-1_seed-420_sub-sampling-50000_transformation-cofactor-150	lda	unfiltered	num-3	run0	1174493	5	71844	166811	605424	8.426925004175715	1.9254609317365876
dataset_name-FR-FCM-Z2KP-healthy_dataset-revision-67990f383ac8f169c9a00148febba1ed357e18e8_name-data_import.data_raw_potential-batches-1_seed-420_sub-sampling-50000_transformation-cofactor-150	lda	unfiltered	num-4	run0	1266374	5	65416	177033	669963	10.241576984224043	1.8970383971558575
dataset_name-FR-FCM-Z2KP-healthy_dataset-revision-67990f383ac8f169c9a00148febba1ed357e18e8_name-data_import.data_raw_potential-batches-1_seed-420_sub-sampling-50000_transformation-cofactor-150	lda	unfiltered	num-5	run0	1231233	5	73604	159439	661241	8.983764469322319	1.8903969040534374
dataset_name-FR-FCM-Z2KP-healthy_dataset-revision-67990f383ac8f169c9a00148febba1ed357e18e8_name-data_import.data_raw_potential-batches-1_seed-420_sub-sampling-50000_transformation-cofactor-150	random	drop-both	num-1	run0	1346699	5	84697	199356	686400	8.104183146982773	1.9469338385822321
dataset_name-FR-FCM-Z2KP-healthy_dataset-revision-67990f383ac8f169c9a00148febba1ed357e18e8_name-data_import.data_raw_potential-batches-1_seed-420_sub-sampling-50000_transformation-cofactor-150	random	drop-both	num-2	run0	1274361	5	82881	198192	607573	7.330666859714531	2.0061389683502666
dataset_name-FR-FCM-Z2KP-healthy_dataset-revision-67990f383ac8f169c9a00148febba1ed357e18e8_name-data_import.data_raw_potential-batches-1_seed-420_sub-sampling-50000_transformation-cofactor-150	random	drop-both	num-3	run0	1174493	5	71844	166811	605424	8.426925004175715	1.9254609317365876
dataset_name-FR-FCM-Z2KP-healthy_dataset-revision-67990f383ac8f169c9a00148febba1ed357e18e8_name-data_import.data_raw_potential-batches-1_seed-420_sub-sampling-50000_transformation-cofactor-150	random	drop-both	num-4	run0	1266374	5	65416	177033	669963	10.241576984224043	1.8970383971558575
dataset_name-FR-FCM-Z2KP-healthy_dataset-revision-67990f383ac8f169c9a00148febba1ed357e18e8_name-data_import.data_raw_potential-batches-1_seed-420_sub-sampling-50000_transformation-cofactor-150	random	drop-both	num-5	run0	1231233	5	73604	159439	661241	8.983764469322319	1.8903969040534374
dataset_name-FR-FCM-Z2KP-healthy_dataset-revision-67990f383ac8f169c9a00148febba1ed357e18e8_name-data_import.data_raw_potential-batches-1_seed-420_sub-sampling-50000_transformation-cofactor-150	random	drop-train	num-1	run0	1346699	5	84697	199356	686400	8.104183146982773	1.9469338385822321
dataset_name-FR-FCM-Z2KP-healthy_dataset-revision-67990f383ac8f169c9a00148febba1ed357e18e8_name-data_import.data_raw_potential-batches-1_seed-420_sub-sampling-50000_transformation-cofactor-150	random	drop-train	num-2	run0	1274361	5	82881	198192	607573	7.330666859714531	2.0061389683502666
dataset_name-FR-FCM-Z2KP-healthy_dataset-revision-67990f383ac8f169c9a00148febba1ed357e18e8_name-data_import.data_raw_potential-batches-1_seed-420_sub-sampling-50000_transformation-cofactor-150	random	drop-train	num-3	run0	1174493	5	71844	166811	605424	8.426925004175715	1.9254609317365876
dataset_name-FR-FCM-Z2KP-healthy_dataset-revision-67990f383ac8f169c9a00148febba1ed357e18e8_name-data_import.data_raw_potential-batches-1_seed-420_sub-sampling-50000_transformation-cofactor-150	random	drop-train	num-4	run0	1266374	5	65416	177033	669963	10.241576984224043	1.8970383971558575
dataset_name-FR-FCM-Z2KP-healthy_dataset-revision-67990f383ac8f169c9a00148febba1ed357e18e8_name-data_import.data_raw_potential-batches-1_seed-420_sub-sampling-50000_transformation-cofactor-150	random	drop-train	num-5	run0	1231233	5	73604	159439	661241	8.983764469322319	1.8903969040534374
dataset_name-FR-FCM-Z2KP-healthy_dataset-revision-67990f383ac8f169c9a00148febba1ed357e18e8_name-data_import.data_raw_potential-batches-1_seed-420_sub-sampling-50000_transformation-cofactor-150	random	unfiltered	num-1	run0	1346699	5	84697	199356	686400	8.104183146982773	1.9469338385822321
dataset_name-FR-FCM-Z2KP-healthy_dataset-revision-67990f383ac8f169c9a00148febba1ed357e18e8_name-data_import.data_raw_potential-batches-1_seed-420_sub-sampling-50000_transformation-cofactor-150	random	unfiltered	num-2	run0	1274361	5	82881	198192	607573	7.330666859714531	2.0061389683502666
dataset_name-FR-FCM-Z2KP-healthy_dataset-revision-67990f383ac8f169c9a00148febba1ed357e18e8_name-data_import.data_raw_potential-batches-1_seed-420_sub-sampling-50000_transformation-cofactor-150	random	unfiltered	num-3	run0	1174493	5	71844	166811	605424	8.426925004175715	1.9254609317365876
dataset_name-FR-FCM-Z2KP-healthy_dataset-revision-67990f383ac8f169c9a00148febba1ed357e18e8_name-data_import.data_raw_potential-batches-1_seed-420_sub-sampling-50000_transformation-cofactor-150	random	unfiltered	num-4	run0	1266374	5	65416	177033	669963	10.241576984224043	1.8970383971558575
dataset_name-FR-FCM-Z2KP-healthy_dataset-revision-67990f383ac8f169c9a00148febba1ed357e18e8_name-data_import.data_raw_potential-batches-1_seed-420_sub-sampling-50000_transformation-cofactor-150	random	unfiltered	num-5	run0	1231233	5	73604	159439	661241	8.983764469322319	1.8903969040534374
dataset_name-FR-FCM-Z2KP-healthy_dataset-revision-67990f383ac8f169c9a00148febba1ed357e18e8_name-data_import.data_raw_potential-batches-1_seed-420_sub-sampling-5000_transformation-cofactor-150	cyanno	drop-both	num-1	run0	1346699	5	84697	199356	686400	8.104183146982773	1.9469338385822321
dataset_name-FR-FCM-Z2KP-healthy_dataset-revision-67990f383ac8f169c9a00148febba1ed357e18e8_name-data_import.data_raw_potential-batches-1_seed-420_sub-sampling-5000_transformation-cofactor-150	cyanno	drop-both	num-2	run0	1274361	5	82881	198192	607573	7.330666859714531	2.0061389683502666
dataset_name-FR-FCM-Z2KP-healthy_dataset-revision-67990f383ac8f169c9a00148febba1ed357e18e8_name-data_import.data_raw_potential-batches-1_seed-420_sub-sampling-5000_transformation-cofactor-150	cyanno	drop-both	num-3	run0	1174493	5	71844	166811	605424	8.426925004175715	1.9254609317365876
dataset_name-FR-FCM-Z2KP-healthy_dataset-revision-67990f383ac8f169c9a00148febba1ed357e18e8_name-data_import.data_raw_potential-batches-1_seed-420_sub-sampling-5000_transformation-cofactor-150	cyanno	drop-both	num-4	run0	1266374	5	65416	177033	669963	10.241576984224043	1.8970383971558575
dataset_name-FR-FCM-Z2KP-healthy_dataset-revision-67990f383ac8f169c9a00148febba1ed357e18e8_name-data_import.data_raw_potential-batches-1_seed-420_sub-sampling-5000_transformation-cofactor-150	cyanno	drop-both	num-5	run0	1231233	5	73604	159439	661241	8.983764469322319	1.8903969040534374
dataset_name-FR-FCM-Z2KP-healthy_dataset-revision-67990f383ac8f169c9a00148febba1ed357e18e8_name-data_import.data_raw_potential-batches-1_seed-420_sub-sampling-5000_transformation-cofactor-150	cyanno	drop-train	num-1	run0	1346699	5	84697	199356	686400	8.104183146982773	1.9469338385822321
dataset_name-FR-FCM-Z2KP-healthy_dataset-revision-67990f383ac8f169c9a00148febba1ed357e18e8_name-data_import.data_raw_potential-batches-1_seed-420_sub-sampling-5000_transformation-cofactor-150	cyanno	drop-train	num-2	run0	1274361	5	82881	198192	607573	7.330666859714531	2.0061389683502666
dataset_name-FR-FCM-Z2KP-healthy_dataset-revision-67990f383ac8f169c9a00148febba1ed357e18e8_name-data_import.data_raw_potential-batches-1_seed-420_sub-sampling-5000_transformation-cofactor-150	cyanno	drop-train	num-3	run0	1174493	5	71844	166811	605424	8.426925004175715	1.9254609317365876
dataset_name-FR-FCM-Z2KP-healthy_dataset-revision-67990f383ac8f169c9a00148febba1ed357e18e8_name-data_import.data_raw_potential-batches-1_seed-420_sub-sampling-5000_transformation-cofactor-150	cyanno	drop-train	num-4	run0	1266374	5	65416	177033	669963	10.241576984224043	1.8970383971558575
dataset_name-FR-FCM-Z2KP-healthy_dataset-revision-67990f383ac8f169c9a00148febba1ed357e18e8_name-data_import.data_raw_potential-batches-1_seed-420_sub-sampling-5000_transformation-cofactor-150	cyanno	drop-train	num-5	run0	1231233	5	73604	159439	661241	8.983764469322319	1.8903969040534374
dataset_name-FR-FCM-Z2KP-healthy_dataset-revision-67990f383ac8f169c9a00148febba1ed357e18e8_name-data_import.data_raw_potential-batches-1_seed-420_sub-sampling-5000_transformation-cofactor-150	cyanno	unfiltered	num-1	run0	1346699	5	84697	199356	686400	8.104183146982773	1.9469338385822321
dataset_name-FR-FCM-Z2KP-healthy_dataset-revision-67990f383ac8f169c9a00148febba1ed357e18e8_name-data_import.data_raw_potential-batches-1_seed-420_sub-sampling-5000_transformation-cofactor-150	cyanno	unfiltered	num-2	run0	1274361	5	82881	198192	607573	7.330666859714531	2.0061389683502666
dataset_name-FR-FCM-Z2KP-healthy_dataset-revision-67990f383ac8f169c9a00148febba1ed357e18e8_name-data_import.data_raw_potential-batches-1_seed-420_sub-sampling-5000_transformation-cofactor-150	cyanno	unfiltered	num-3	run0	1174493	5	71844	166811	605424	8.426925004175715	1.9254609317365876
dataset_name-FR-FCM-Z2KP-healthy_dataset-revision-67990f383ac8f169c9a00148febba1ed357e18e8_name-data_import.data_raw_potential-batches-1_seed-420_sub-sampling-5000_transformation-cofactor-150	cyanno	unfiltered	num-4	run0	1266374	5	65416	177033	669963	10.241576984224043	1.8970383971558575
dataset_name-FR-FCM-Z2KP-healthy_dataset-revision-67990f383ac8f169c9a00148febba1ed357e18e8_name-data_import.data_raw_potential-batches-1_seed-420_sub-sampling-5000_transformation-cofactor-150	cyanno	unfiltered	num-5	run0	1231233	5	73604	159439	661241	8.983764469322319	1.8903969040534374
dataset_name-FR-FCM-Z2KP-healthy_dataset-revision-67990f383ac8f169c9a00148febba1ed357e18e8_name-data_import.data_raw_potential-batches-1_seed-420_sub-sampling-5000_transformation-cofactor-150	cydefine[3f57bdcdec41]	drop-both	num-1	run0	1346699	5	84697	199356	686400	8.104183146982773	1.9469338385822321
dataset_name-FR-FCM-Z2KP-healthy_dataset-revision-67990f383ac8f169c9a00148febba1ed357e18e8_name-data_import.data_raw_potential-batches-1_seed-420_sub-sampling-5000_transformation-cofactor-150	cydefine[3f57bdcdec41]	drop-both	num-2	run0	1274361	5	82881	198192	607573	7.330666859714531	2.0061389683502666
dataset_name-FR-FCM-Z2KP-healthy_dataset-revision-67990f383ac8f169c9a00148febba1ed357e18e8_name-data_import.data_raw_potential-batches-1_seed-420_sub-sampling-5000_transformation-cofactor-150	cydefine[3f57bdcdec41]	drop-both	num-3	run0	1174493	5	71844	166811	605424	8.426925004175715	1.9254609317365876
dataset_name-FR-FCM-Z2KP-healthy_dataset-revision-67990f383ac8f169c9a00148febba1ed357e18e8_name-data_import.data_raw_potential-batches-1_seed-420_sub-sampling-5000_transformation-cofactor-150	cydefine[3f57bdcdec41]	drop-both	num-4	run0	1266374	5	65416	177033	669963	10.241576984224043	1.8970383971558575
dataset_name-FR-FCM-Z2KP-healthy_dataset-revision-67990f383ac8f169c9a00148febba1ed357e18e8_name-data_import.data_raw_potential-batches-1_seed-420_sub-sampling-5000_transformation-cofactor-150	cydefine[3f57bdcdec41]	drop-both	num-5	run0	1231233	5	73604	159439	661241	8.983764469322319	1.8903969040534374
dataset_name-FR-FCM-Z2KP-healthy_dataset-revision-67990f383ac8f169c9a00148febba1ed357e18e8_name-data_import.data_raw_potential-batches-1_seed-420_sub-sampling-5000_transformation-cofactor-150	cydefine[3f57bdcdec41]	drop-train	num-1	run0	1346699	5	84697	199356	686400	8.104183146982773	1.9469338385822321
dataset_name-FR-FCM-Z2KP-healthy_dataset-revision-67990f383ac8f169c9a00148febba1ed357e18e8_name-data_import.data_raw_potential-batches-1_seed-420_sub-sampling-5000_transformation-cofactor-150	cydefine[3f57bdcdec41]	drop-train	num-2	run0	1274361	5	82881	198192	607573	7.330666859714531	2.0061389683502666
dataset_name-FR-FCM-Z2KP-healthy_dataset-revision-67990f383ac8f169c9a00148febba1ed357e18e8_name-data_import.data_raw_potential-batches-1_seed-420_sub-sampling-5000_transformation-cofactor-150	cydefine[3f57bdcdec41]	drop-train	num-3	run0	1174493	5	71844	166811	605424	8.426925004175715	1.9254609317365876
dataset_name-FR-FCM-Z2KP-healthy_dataset-revision-67990f383ac8f169c9a00148febba1ed357e18e8_name-data_import.data_raw_potential-batches-1_seed-420_sub-sampling-5000_transformation-cofactor-150	cydefine[3f57bdcdec41]	drop-train	num-4	run0	1266374	5	65416	177033	669963	10.241576984224043	1.8970383971558575
dataset_name-FR-FCM-Z2KP-healthy_dataset-revision-67990f383ac8f169c9a00148febba1ed357e18e8_name-data_import.data_raw_potential-batches-1_seed-420_sub-sampling-5000_transformation-cofactor-150	cydefine[3f57bdcdec41]	drop-train	num-5	run0	1231233	5	73604	159439	661241	8.983764469322319	1.8903969040534374
dataset_name-FR-FCM-Z2KP-healthy_dataset-revision-67990f383ac8f169c9a00148febba1ed357e18e8_name-data_import.data_raw_potential-batches-1_seed-420_sub-sampling-5000_transformation-cofactor-150	cydefine[3f57bdcdec41]	unfiltered	num-1	run0	1346699	5	84697	199356	686400	8.104183146982773	1.9469338385822321
dataset_name-FR-FCM-Z2KP-healthy_dataset-revision-67990f383ac8f169c9a00148febba1ed357e18e8_name-data_import.data_raw_potential-batches-1_seed-420_sub-sampling-5000_transformation-cofactor-150	cydefine[3f57bdcdec41]	unfiltered	num-2	run0	1274361	5	82881	198192	607573	7.330666859714531	2.0061389683502666
dataset_name-FR-FCM-Z2KP-healthy_dataset-revision-67990f383ac8f169c9a00148febba1ed357e18e8_name-data_import.data_raw_potential-batches-1_seed-420_sub-sampling-5000_transformation-cofactor-150	cydefine[3f57bdcdec41]	unfiltered	num-3	run0	1174493	5	71844	166811	605424	8.426925004175715	1.9254609317365876
dataset_name-FR-FCM-Z2KP-healthy_dataset-revision-67990f383ac8f169c9a00148febba1ed357e18e8_name-data_import.data_raw_potential-batches-1_seed-420_sub-sampling-5000_transformation-cofactor-150	cydefine[3f57bdcdec41]	unfiltered	num-4	run0	1266374	5	65416	177033	669963	10.241576984224043	1.8970383971558575
dataset_name-FR-FCM-Z2KP-healthy_dataset-revision-67990f383ac8f169c9a00148febba1ed357e18e8_name-data_import.data_raw_potential-batches-1_seed-420_sub-sampling-5000_transformation-cofactor-150	cydefine[3f57bdcdec41]	unfiltered	num-5	run0	1231233	5	73604	159439	661241	8.983764469322319	1.8903969040534374
dataset_name-FR-FCM-Z2KP-healthy_dataset-revision-67990f383ac8f169c9a00148febba1ed357e18e8_name-data_import.data_raw_potential-batches-1_seed-420_sub-sampling-5000_transformation-cofactor-150	cygate	drop-both	num-1	run0	1346699	5	84697	199356	686400	8.104183146982773	1.9469338385822321
dataset_name-FR-FCM-Z2KP-healthy_dataset-revision-67990f383ac8f169c9a00148febba1ed357e18e8_name-data_import.data_raw_potential-batches-1_seed-420_sub-sampling-5000_transformation-cofactor-150	cygate	drop-both	num-2	run0	1274361	5	82881	198192	607573	7.330666859714531	2.0061389683502666
dataset_name-FR-FCM-Z2KP-healthy_dataset-revision-67990f383ac8f169c9a00148febba1ed357e18e8_name-data_import.data_raw_potential-batches-1_seed-420_sub-sampling-5000_transformation-cofactor-150	cygate	drop-both	num-3	run0	1174493	5	71844	166811	605424	8.426925004175715	1.9254609317365876
dataset_name-FR-FCM-Z2KP-healthy_dataset-revision-67990f383ac8f169c9a00148febba1ed357e18e8_name-data_import.data_raw_potential-batches-1_seed-420_sub-sampling-5000_transformation-cofactor-150	cygate	drop-both	num-4	run0	1266374	5	65416	177033	669963	10.241576984224043	1.8970383971558575
dataset_name-FR-FCM-Z2KP-healthy_dataset-revision-67990f383ac8f169c9a00148febba1ed357e18e8_name-data_import.data_raw_potential-batches-1_seed-420_sub-sampling-5000_transformation-cofactor-150	cygate	drop-both	num-5	run0	1231233	5	73604	159439	661241	8.983764469322319	1.8903969040534374
dataset_name-FR-FCM-Z2KP-healthy_dataset-revision-67990f383ac8f169c9a00148febba1ed357e18e8_name-data_import.data_raw_potential-batches-1_seed-420_sub-sampling-5000_transformation-cofactor-150	cygate	drop-train	num-1	run0	1346699	5	84697	199356	686400	8.104183146982773	1.9469338385822321
dataset_name-FR-FCM-Z2KP-healthy_dataset-revision-67990f383ac8f169c9a00148febba1ed357e18e8_name-data_import.data_raw_potential-batches-1_seed-420_sub-sampling-5000_transformation-cofactor-150	cygate	drop-train	num-2	run0	1274361	5	82881	198192	607573	7.330666859714531	2.0061389683502666
dataset_name-FR-FCM-Z2KP-healthy_dataset-revision-67990f383ac8f169c9a00148febba1ed357e18e8_name-data_import.data_raw_potential-batches-1_seed-420_sub-sampling-5000_transformation-cofactor-150	cygate	drop-train	num-3	run0	1174493	5	71844	166811	605424	8.426925004175715	1.9254609317365876
dataset_name-FR-FCM-Z2KP-healthy_dataset-revision-67990f383ac8f169c9a00148febba1ed357e18e8_name-data_import.data_raw_potential-batches-1_seed-420_sub-sampling-5000_transformation-cofactor-150	cygate	drop-train	num-4	run0	1266374	5	65416	177033	669963	10.241576984224043	1.8970383971558575
dataset_name-FR-FCM-Z2KP-healthy_dataset-revision-67990f383ac8f169c9a00148febba1ed357e18e8_name-data_import.data_raw_potential-batches-1_seed-420_sub-sampling-5000_transformation-cofactor-150	cygate	drop-train	num-5	run0	1231233	5	73604	159439	661241	8.983764469322319	1.8903969040534374
dataset_name-FR-FCM-Z2KP-healthy_dataset-revision-67990f383ac8f169c9a00148febba1ed357e18e8_name-data_import.data_raw_potential-batches-1_seed-420_sub-sampling-5000_transformation-cofactor-150	cygate	unfiltered	num-1	run0	1346699	5	84697	199356	686400	8.104183146982773	1.9469338385822321
dataset_name-FR-FCM-Z2KP-healthy_dataset-revision-67990f383ac8f169c9a00148febba1ed357e18e8_name-data_import.data_raw_potential-batches-1_seed-420_sub-sampling-5000_transformation-cofactor-150	cygate	unfiltered	num-2	run0	1274361	5	82881	198192	607573	7.330666859714531	2.0061389683502666
dataset_name-FR-FCM-Z2KP-healthy_dataset-revision-67990f383ac8f169c9a00148febba1ed357e18e8_name-data_import.data_raw_potential-batches-1_seed-420_sub-sampling-5000_transformation-cofactor-150	cygate	unfiltered	num-3	run0	1174493	5	71844	166811	605424	8.426925004175715	1.9254609317365876
dataset_name-FR-FCM-Z2KP-healthy_dataset-revision-67990f383ac8f169c9a00148febba1ed357e18e8_name-data_import.data_raw_potential-batches-1_seed-420_sub-sampling-5000_transformation-cofactor-150	cygate	unfiltered	num-4	run0	1266374	5	65416	177033	669963	10.241576984224043	1.8970383971558575
dataset_name-FR-FCM-Z2KP-healthy_dataset-revision-67990f383ac8f169c9a00148febba1ed357e18e8_name-data_import.data_raw_potential-batches-1_seed-420_sub-sampling-5000_transformation-cofactor-150	cygate	unfiltered	num-5	run0	1231233	5	73604	159439	661241	8.983764469322319	1.8903969040534374
dataset_name-FR-FCM-Z2KP-healthy_dataset-revision-67990f383ac8f169c9a00148febba1ed357e18e8_name-data_import.data_raw_potential-batches-1_seed-420_sub-sampling-5000_transformation-cofactor-150	dgcytof	drop-both	num-1	run0	1346699	5	84697	199356	686400	8.104183146982773	1.9469338385822321
dataset_name-FR-FCM-Z2KP-healthy_dataset-revision-67990f383ac8f169c9a00148febba1ed357e18e8_name-data_import.data_raw_potential-batches-1_seed-420_sub-sampling-5000_transformation-cofactor-150	dgcytof	drop-both	num-2	run0	1274361	5	82881	198192	607573	7.330666859714531	2.0061389683502666
dataset_name-FR-FCM-Z2KP-healthy_dataset-revision-67990f383ac8f169c9a00148febba1ed357e18e8_name-data_import.data_raw_potential-batches-1_seed-420_sub-sampling-5000_transformation-cofactor-150	dgcytof	drop-both	num-3	run0	1174493	5	71844	166811	605424	8.426925004175715	1.9254609317365876
dataset_name-FR-FCM-Z2KP-healthy_dataset-revision-67990f383ac8f169c9a00148febba1ed357e18e8_name-data_import.data_raw_potential-batches-1_seed-420_sub-sampling-5000_transformation-cofactor-150	dgcytof	drop-both	num-4	run0	1266374	5	65416	177033	669963	10.241576984224043	1.8970383971558575
dataset_name-FR-FCM-Z2KP-healthy_dataset-revision-67990f383ac8f169c9a00148febba1ed357e18e8_name-data_import.data_raw_potential-batches-1_seed-420_sub-sampling-5000_transformation-cofactor-150	dgcytof	drop-both	num-5	run0	1231233	5	73604	159439	661241	8.983764469322319	1.8903969040534374
dataset_name-FR-FCM-Z2KP-healthy_dataset-revision-67990f383ac8f169c9a00148febba1ed357e18e8_name-data_import.data_raw_potential-batches-1_seed-420_sub-sampling-5000_transformation-cofactor-150	dgcytof	drop-train	num-1	run0	1346699	5	84697	199356	686400	8.104183146982773	1.9469338385822321
dataset_name-FR-FCM-Z2KP-healthy_dataset-revision-67990f383ac8f169c9a00148febba1ed357e18e8_name-data_import.data_raw_potential-batches-1_seed-420_sub-sampling-5000_transformation-cofactor-150	dgcytof	drop-train	num-2	run0	1274361	5	82881	198192	607573	7.330666859714531	2.0061389683502666
dataset_name-FR-FCM-Z2KP-healthy_dataset-revision-67990f383ac8f169c9a00148febba1ed357e18e8_name-data_import.data_raw_potential-batches-1_seed-420_sub-sampling-5000_transformation-cofactor-150	dgcytof	drop-train	num-3	run0	1174493	5	71844	166811	605424	8.426925004175715	1.9254609317365876
dataset_name-FR-FCM-Z2KP-healthy_dataset-revision-67990f383ac8f169c9a00148febba1ed357e18e8_name-data_import.data_raw_potential-batches-1_seed-420_sub-sampling-5000_transformation-cofactor-150	dgcytof	drop-train	num-4	run0	1266374	5	65416	177033	669963	10.241576984224043	1.8970383971558575
dataset_name-FR-FCM-Z2KP-healthy_dataset-revision-67990f383ac8f169c9a00148febba1ed357e18e8_name-data_import.data_raw_potential-batches-1_seed-420_sub-sampling-5000_transformation-cofactor-150	dgcytof	drop-train	num-5	run0	1231233	5	73604	159439	661241	8.983764469322319	1.8903969040534374
dataset_name-FR-FCM-Z2KP-healthy_dataset-revision-67990f383ac8f169c9a00148febba1ed357e18e8_name-data_import.data_raw_potential-batches-1_seed-420_sub-sampling-5000_transformation-cofactor-150	dgcytof	unfiltered	num-1	run0	1346699	5	84697	199356	686400	8.104183146982773	1.9469338385822321
dataset_name-FR-FCM-Z2KP-healthy_dataset-revision-67990f383ac8f169c9a00148febba1ed357e18e8_name-data_import.data_raw_potential-batches-1_seed-420_sub-sampling-5000_transformation-cofactor-150	dgcytof	unfiltered	num-2	run0	1274361	5	82881	198192	607573	7.330666859714531	2.0061389683502666
dataset_name-FR-FCM-Z2KP-healthy_dataset-revision-67990f383ac8f169c9a00148febba1ed357e18e8_name-data_import.data_raw_potential-batches-1_seed-420_sub-sampling-5000_transformation-cofactor-150	dgcytof	unfiltered	num-3	run0	1174493	5	71844	166811	605424	8.426925004175715	1.9254609317365876
dataset_name-FR-FCM-Z2KP-healthy_dataset-revision-67990f383ac8f169c9a00148febba1ed357e18e8_name-data_import.data_raw_potential-batches-1_seed-420_sub-sampling-5000_transformation-cofactor-150	dgcytof	unfiltered	num-4	run0	1266374	5	65416	177033	669963	10.241576984224043	1.8970383971558575
dataset_name-FR-FCM-Z2KP-healthy_dataset-revision-67990f383ac8f169c9a00148febba1ed357e18e8_name-data_import.data_raw_potential-batches-1_seed-420_sub-sampling-5000_transformation-cofactor-150	dgcytof	unfiltered	num-5	run0	1231233	5	73604	159439	661241	8.983764469322319	1.8903969040534374
dataset_name-FR-FCM-Z2KP-healthy_dataset-revision-67990f383ac8f169c9a00148febba1ed357e18e8_name-data_import.data_raw_potential-batches-1_seed-420_sub-sampling-5000_transformation-cofactor-150	gatemeclass[E]	drop-both	num-1	run0	1346699	5	84697	199356	686400	8.104183146982773	1.9469338385822321
dataset_name-FR-FCM-Z2KP-healthy_dataset-revision-67990f383ac8f169c9a00148febba1ed357e18e8_name-data_import.data_raw_potential-batches-1_seed-420_sub-sampling-5000_transformation-cofactor-150	gatemeclass[E]	drop-both	num-2	run0	1274361	5	82881	198192	607573	7.330666859714531	2.0061389683502666
dataset_name-FR-FCM-Z2KP-healthy_dataset-revision-67990f383ac8f169c9a00148febba1ed357e18e8_name-data_import.data_raw_potential-batches-1_seed-420_sub-sampling-5000_transformation-cofactor-150	gatemeclass[E]	drop-both	num-3	run0	1174493	5	71844	166811	605424	8.426925004175715	1.9254609317365876
dataset_name-FR-FCM-Z2KP-healthy_dataset-revision-67990f383ac8f169c9a00148febba1ed357e18e8_name-data_import.data_raw_potential-batches-1_seed-420_sub-sampling-5000_transformation-cofactor-150	gatemeclass[E]	drop-both	num-4	run0	1266374	5	65416	177033	669963	10.241576984224043	1.8970383971558575
dataset_name-FR-FCM-Z2KP-healthy_dataset-revision-67990f383ac8f169c9a00148febba1ed357e18e8_name-data_import.data_raw_potential-batches-1_seed-420_sub-sampling-5000_transformation-cofactor-150	gatemeclass[E]	drop-both	num-5	run0	1231233	5	73604	159439	661241	8.983764469322319	1.8903969040534374
dataset_name-FR-FCM-Z2KP-healthy_dataset-revision-67990f383ac8f169c9a00148febba1ed357e18e8_name-data_import.data_raw_potential-batches-1_seed-420_sub-sampling-5000_transformation-cofactor-150	gatemeclass[E]	drop-train	num-1	run0	1346699	5	84697	199356	686400	8.104183146982773	1.9469338385822321
dataset_name-FR-FCM-Z2KP-healthy_dataset-revision-67990f383ac8f169c9a00148febba1ed357e18e8_name-data_import.data_raw_potential-batches-1_seed-420_sub-sampling-5000_transformation-cofactor-150	gatemeclass[E]	drop-train	num-2	run0	1274361	5	82881	198192	607573	7.330666859714531	2.0061389683502666
dataset_name-FR-FCM-Z2KP-healthy_dataset-revision-67990f383ac8f169c9a00148febba1ed357e18e8_name-data_import.data_raw_potential-batches-1_seed-420_sub-sampling-5000_transformation-cofactor-150	gatemeclass[E]	drop-train	num-3	run0	1174493	5	71844	166811	605424	8.426925004175715	1.9254609317365876
dataset_name-FR-FCM-Z2KP-healthy_dataset-revision-67990f383ac8f169c9a00148febba1ed357e18e8_name-data_import.data_raw_potential-batches-1_seed-420_sub-sampling-5000_transformation-cofactor-150	gatemeclass[E]	drop-train	num-4	run0	1266374	5	65416	177033	669963	10.241576984224043	1.8970383971558575
dataset_name-FR-FCM-Z2KP-healthy_dataset-revision-67990f383ac8f169c9a00148febba1ed357e18e8_name-data_import.data_raw_potential-batches-1_seed-420_sub-sampling-5000_transformation-cofactor-150	gatemeclass[E]	drop-train	num-5	run0	1231233	5	73604	159439	661241	8.983764469322319	1.8903969040534374
dataset_name-FR-FCM-Z2KP-healthy_dataset-revision-67990f383ac8f169c9a00148febba1ed357e18e8_name-data_import.data_raw_potential-batches-1_seed-420_sub-sampling-5000_transformation-cofactor-150	gatemeclass[E]	unfiltered	num-1	run0	1346699	5	84697	199356	686400	8.104183146982773	1.9469338385822321
dataset_name-FR-FCM-Z2KP-healthy_dataset-revision-67990f383ac8f169c9a00148febba1ed357e18e8_name-data_import.data_raw_potential-batches-1_seed-420_sub-sampling-5000_transformation-cofactor-150	gatemeclass[E]	unfiltered	num-2	run0	1274361	5	82881	198192	607573	7.330666859714531	2.0061389683502666
dataset_name-FR-FCM-Z2KP-healthy_dataset-revision-67990f383ac8f169c9a00148febba1ed357e18e8_name-data_import.data_raw_potential-batches-1_seed-420_sub-sampling-5000_transformation-cofactor-150	gatemeclass[E]	unfiltered	num-3	run0	1174493	5	71844	166811	605424	8.426925004175715	1.9254609317365876
dataset_name-FR-FCM-Z2KP-healthy_dataset-revision-67990f383ac8f169c9a00148febba1ed357e18e8_name-data_import.data_raw_potential-batches-1_seed-420_sub-sampling-5000_transformation-cofactor-150	gatemeclass[E]	unfiltered	num-4	run0	1266374	5	65416	177033	669963	10.241576984224043	1.8970383971558575
dataset_name-FR-FCM-Z2KP-healthy_dataset-revision-67990f383ac8f169c9a00148febba1ed357e18e8_name-data_import.data_raw_potential-batches-1_seed-420_sub-sampling-5000_transformation-cofactor-150	gatemeclass[E]	unfiltered	num-5	run0	1231233	5	73604	159439	661241	8.983764469322319	1.8903969040534374
dataset_name-FR-FCM-Z2KP-healthy_dataset-revision-67990f383ac8f169c9a00148febba1ed357e18e8_name-data_import.data_raw_potential-batches-1_seed-420_sub-sampling-5000_transformation-cofactor-150	gatemeclass[V]	drop-both	num-1	run0	1346699	5	84697	199356	686400	8.104183146982773	1.9469338385822321
dataset_name-FR-FCM-Z2KP-healthy_dataset-revision-67990f383ac8f169c9a00148febba1ed357e18e8_name-data_import.data_raw_potential-batches-1_seed-420_sub-sampling-5000_transformation-cofactor-150	gatemeclass[V]	drop-both	num-2	run0	1274361	5	82881	198192	607573	7.330666859714531	2.0061389683502666
dataset_name-FR-FCM-Z2KP-healthy_dataset-revision-67990f383ac8f169c9a00148febba1ed357e18e8_name-data_import.data_raw_potential-batches-1_seed-420_sub-sampling-5000_transformation-cofactor-150	gatemeclass[V]	drop-both	num-3	run0	1174493	5	71844	166811	605424	8.426925004175715	1.9254609317365876
dataset_name-FR-FCM-Z2KP-healthy_dataset-revision-67990f383ac8f169c9a00148febba1ed357e18e8_name-data_import.data_raw_potential-batches-1_seed-420_sub-sampling-5000_transformation-cofactor-150	gatemeclass[V]	drop-both	num-4	run0	1266374	5	65416	177033	669963	10.241576984224043	1.8970383971558575
dataset_name-FR-FCM-Z2KP-healthy_dataset-revision-67990f383ac8f169c9a00148febba1ed357e18e8_name-data_import.data_raw_potential-batches-1_seed-420_sub-sampling-5000_transformation-cofactor-150	gatemeclass[V]	drop-both	num-5	run0	1231233	5	73604	159439	661241	8.983764469322319	1.8903969040534374
dataset_name-FR-FCM-Z2KP-healthy_dataset-revision-67990f383ac8f169c9a00148febba1ed357e18e8_name-data_import.data_raw_potential-batches-1_seed-420_sub-sampling-5000_transformation-cofactor-150	gatemeclass[V]	drop-train	num-1	run0	1346699	5	84697	199356	686400	8.104183146982773	1.9469338385822321
dataset_name-FR-FCM-Z2KP-healthy_dataset-revision-67990f383ac8f169c9a00148febba1ed357e18e8_name-data_import.data_raw_potential-batches-1_seed-420_sub-sampling-5000_transformation-cofactor-150	gatemeclass[V]	drop-train	num-2	run0	1274361	5	82881	198192	607573	7.330666859714531	2.0061389683502666
dataset_name-FR-FCM-Z2KP-healthy_dataset-revision-67990f383ac8f169c9a00148febba1ed357e18e8_name-data_import.data_raw_potential-batches-1_seed-420_sub-sampling-5000_transformation-cofactor-150	gatemeclass[V]	drop-train	num-3	run0	1174493	5	71844	166811	605424	8.426925004175715	1.9254609317365876
dataset_name-FR-FCM-Z2KP-healthy_dataset-revision-67990f383ac8f169c9a00148febba1ed357e18e8_name-data_import.data_raw_potential-batches-1_seed-420_sub-sampling-5000_transformation-cofactor-150	gatemeclass[V]	drop-train	num-4	run0	1266374	5	65416	177033	669963	10.241576984224043	1.8970383971558575
dataset_name-FR-FCM-Z2KP-healthy_dataset-revision-67990f383ac8f169c9a00148febba1ed357e18e8_name-data_import.data_raw_potential-batches-1_seed-420_sub-sampling-5000_transformation-cofactor-150	gatemeclass[V]	drop-train	num-5	run0	1231233	5	73604	159439	661241	8.983764469322319	1.8903969040534374
dataset_name-FR-FCM-Z2KP-healthy_dataset-revision-67990f383ac8f169c9a00148febba1ed357e18e8_name-data_import.data_raw_potential-batches-1_seed-420_sub-sampling-5000_transformation-cofactor-150	gatemeclass[V]	unfiltered	num-1	run0	1346699	5	84697	199356	686400	8.104183146982773	1.9469338385822321
dataset_name-FR-FCM-Z2KP-healthy_dataset-revision-67990f383ac8f169c9a00148febba1ed357e18e8_name-data_import.data_raw_potential-batches-1_seed-420_sub-sampling-5000_transformation-cofactor-150	gatemeclass[V]	unfiltered	num-2	run0	1274361	5	82881	198192	607573	7.330666859714531	2.0061389683502666
dataset_name-FR-FCM-Z2KP-healthy_dataset-revision-67990f383ac8f169c9a00148febba1ed357e18e8_name-data_import.data_raw_potential-batches-1_seed-420_sub-sampling-5000_transformation-cofactor-150	gatemeclass[V]	unfiltered	num-3	run0	1174493	5	71844	166811	605424	8.426925004175715	1.9254609317365876
dataset_name-FR-FCM-Z2KP-healthy_dataset-revision-67990f383ac8f169c9a00148febba1ed357e18e8_name-data_import.data_raw_potential-batches-1_seed-420_sub-sampling-5000_transformation-cofactor-150	gatemeclass[V]	unfiltered	num-4	run0	1266374	5	65416	177033	669963	10.241576984224043	1.8970383971558575
dataset_name-FR-FCM-Z2KP-healthy_dataset-revision-67990f383ac8f169c9a00148febba1ed357e18e8_name-data_import.data_raw_potential-batches-1_seed-420_sub-sampling-5000_transformation-cofactor-150	gatemeclass[V]	unfiltered	num-5	run0	1231233	5	73604	159439	661241	8.983764469322319	1.8903969040534374
dataset_name-FR-FCM-Z2KP-healthy_dataset-revision-67990f383ac8f169c9a00148febba1ed357e18e8_name-data_import.data_raw_potential-batches-1_seed-420_sub-sampling-5000_transformation-cofactor-150	knn	drop-both	num-1	run0	1346699	5	84697	199356	686400	8.104183146982773	1.9469338385822321
dataset_name-FR-FCM-Z2KP-healthy_dataset-revision-67990f383ac8f169c9a00148febba1ed357e18e8_name-data_import.data_raw_potential-batches-1_seed-420_sub-sampling-5000_transformation-cofactor-150	knn	drop-both	num-2	run0	1274361	5	82881	198192	607573	7.330666859714531	2.0061389683502666
dataset_name-FR-FCM-Z2KP-healthy_dataset-revision-67990f383ac8f169c9a00148febba1ed357e18e8_name-data_import.data_raw_potential-batches-1_seed-420_sub-sampling-5000_transformation-cofactor-150	knn	drop-both	num-3	run0	1174493	5	71844	166811	605424	8.426925004175715	1.9254609317365876
dataset_name-FR-FCM-Z2KP-healthy_dataset-revision-67990f383ac8f169c9a00148febba1ed357e18e8_name-data_import.data_raw_potential-batches-1_seed-420_sub-sampling-5000_transformation-cofactor-150	knn	drop-both	num-4	run0	1266374	5	65416	177033	669963	10.241576984224043	1.8970383971558575
dataset_name-FR-FCM-Z2KP-healthy_dataset-revision-67990f383ac8f169c9a00148febba1ed357e18e8_name-data_import.data_raw_potential-batches-1_seed-420_sub-sampling-5000_transformation-cofactor-150	knn	drop-both	num-5	run0	1231233	5	73604	159439	661241	8.983764469322319	1.8903969040534374
dataset_name-FR-FCM-Z2KP-healthy_dataset-revision-67990f383ac8f169c9a00148febba1ed357e18e8_name-data_import.data_raw_potential-batches-1_seed-420_sub-sampling-5000_transformation-cofactor-150	knn	drop-train	num-1	run0	1346699	5	84697	199356	686400	8.104183146982773	1.9469338385822321
dataset_name-FR-FCM-Z2KP-healthy_dataset-revision-67990f383ac8f169c9a00148febba1ed357e18e8_name-data_import.data_raw_potential-batches-1_seed-420_sub-sampling-5000_transformation-cofactor-150	knn	drop-train	num-2	run0	1274361	5	82881	198192	607573	7.330666859714531	2.0061389683502666
dataset_name-FR-FCM-Z2KP-healthy_dataset-revision-67990f383ac8f169c9a00148febba1ed357e18e8_name-data_import.data_raw_potential-batches-1_seed-420_sub-sampling-5000_transformation-cofactor-150	knn	drop-train	num-3	run0	1174493	5	71844	166811	605424	8.426925004175715	1.9254609317365876
dataset_name-FR-FCM-Z2KP-healthy_dataset-revision-67990f383ac8f169c9a00148febba1ed357e18e8_name-data_import.data_raw_potential-batches-1_seed-420_sub-sampling-5000_transformation-cofactor-150	knn	drop-train	num-4	run0	1266374	5	65416	177033	669963	10.241576984224043	1.8970383971558575
dataset_name-FR-FCM-Z2KP-healthy_dataset-revision-67990f383ac8f169c9a00148febba1ed357e18e8_name-data_import.data_raw_potential-batches-1_seed-420_sub-sampling-5000_transformation-cofactor-150	knn	drop-train	num-5	run0	1231233	5	73604	159439	661241	8.983764469322319	1.8903969040534374
dataset_name-FR-FCM-Z2KP-healthy_dataset-revision-67990f383ac8f169c9a00148febba1ed357e18e8_name-data_import.data_raw_potential-batches-1_seed-420_sub-sampling-5000_transformation-cofactor-150	knn	unfiltered	num-1	run0	1346699	5	84697	199356	686400	8.104183146982773	1.9469338385822321
dataset_name-FR-FCM-Z2KP-healthy_dataset-revision-67990f383ac8f169c9a00148febba1ed357e18e8_name-data_import.data_raw_potential-batches-1_seed-420_sub-sampling-5000_transformation-cofactor-150	knn	unfiltered	num-2	run0	1274361	5	82881	198192	607573	7.330666859714531	2.0061389683502666
dataset_name-FR-FCM-Z2KP-healthy_dataset-revision-67990f383ac8f169c9a00148febba1ed357e18e8_name-data_import.data_raw_potential-batches-1_seed-420_sub-sampling-5000_transformation-cofactor-150	knn	unfiltered	num-3	run0	1174493	5	71844	166811	605424	8.426925004175715	1.9254609317365876
dataset_name-FR-FCM-Z2KP-healthy_dataset-revision-67990f383ac8f169c9a00148febba1ed357e18e8_name-data_import.data_raw_potential-batches-1_seed-420_sub-sampling-5000_transformation-cofactor-150	knn	unfiltered	num-4	run0	1266374	5	65416	177033	669963	10.241576984224043	1.8970383971558575
dataset_name-FR-FCM-Z2KP-healthy_dataset-revision-67990f383ac8f169c9a00148febba1ed357e18e8_name-data_import.data_raw_potential-batches-1_seed-420_sub-sampling-5000_transformation-cofactor-150	knn	unfiltered	num-5	run0	1231233	5	73604	159439	661241	8.983764469322319	1.8903969040534374
dataset_name-FR-FCM-Z2KP-healthy_dataset-revision-67990f383ac8f169c9a00148febba1ed357e18e8_name-data_import.data_raw_potential-batches-1_seed-420_sub-sampling-5000_transformation-cofactor-150	lda	drop-both	num-1	run0	1346699	5	84697	199356	686400	8.104183146982773	1.9469338385822321
dataset_name-FR-FCM-Z2KP-healthy_dataset-revision-67990f383ac8f169c9a00148febba1ed357e18e8_name-data_import.data_raw_potential-batches-1_seed-420_sub-sampling-5000_transformation-cofactor-150	lda	drop-both	num-2	run0	1274361	5	82881	198192	607573	7.330666859714531	2.0061389683502666
dataset_name-FR-FCM-Z2KP-healthy_dataset-revision-67990f383ac8f169c9a00148febba1ed357e18e8_name-data_import.data_raw_potential-batches-1_seed-420_sub-sampling-5000_transformation-cofactor-150	lda	drop-both	num-3	run0	1174493	5	71844	166811	605424	8.426925004175715	1.9254609317365876
dataset_name-FR-FCM-Z2KP-healthy_dataset-revision-67990f383ac8f169c9a00148febba1ed357e18e8_name-data_import.data_raw_potential-batches-1_seed-420_sub-sampling-5000_transformation-cofactor-150	lda	drop-both	num-4	run0	1266374	5	65416	177033	669963	10.241576984224043	1.8970383971558575
dataset_name-FR-FCM-Z2KP-healthy_dataset-revision-67990f383ac8f169c9a00148febba1ed357e18e8_name-data_import.data_raw_potential-batches-1_seed-420_sub-sampling-5000_transformation-cofactor-150	lda	drop-both	num-5	run0	1231233	5	73604	159439	661241	8.983764469322319	1.8903969040534374
dataset_name-FR-FCM-Z2KP-healthy_dataset-revision-67990f383ac8f169c9a00148febba1ed357e18e8_name-data_import.data_raw_potential-batches-1_seed-420_sub-sampling-5000_transformation-cofactor-150	lda	drop-train	num-1	run0	1346699	5	84697	199356	686400	8.104183146982773	1.9469338385822321
dataset_name-FR-FCM-Z2KP-healthy_dataset-revision-67990f383ac8f169c9a00148febba1ed357e18e8_name-data_import.data_raw_potential-batches-1_seed-420_sub-sampling-5000_transformation-cofactor-150	lda	drop-train	num-2	run0	1274361	5	82881	198192	607573	7.330666859714531	2.0061389683502666
dataset_name-FR-FCM-Z2KP-healthy_dataset-revision-67990f383ac8f169c9a00148febba1ed357e18e8_name-data_import.data_raw_potential-batches-1_seed-420_sub-sampling-5000_transformation-cofactor-150	lda	drop-train	num-3	run0	1174493	5	71844	166811	605424	8.426925004175715	1.9254609317365876
dataset_name-FR-FCM-Z2KP-healthy_dataset-revision-67990f383ac8f169c9a00148febba1ed357e18e8_name-data_import.data_raw_potential-batches-1_seed-420_sub-sampling-5000_transformation-cofactor-150	lda	drop-train	num-4	run0	1266374	5	65416	177033	669963	10.241576984224043	1.8970383971558575
dataset_name-FR-FCM-Z2KP-healthy_dataset-revision-67990f383ac8f169c9a00148febba1ed357e18e8_name-data_import.data_raw_potential-batches-1_seed-420_sub-sampling-5000_transformation-cofactor-150	lda	drop-train	num-5	run0	1231233	5	73604	159439	661241	8.983764469322319	1.8903969040534374
dataset_name-FR-FCM-Z2KP-healthy_dataset-revision-67990f383ac8f169c9a00148febba1ed357e18e8_name-data_import.data_raw_potential-batches-1_seed-420_sub-sampling-5000_transformation-cofactor-150	lda	unfiltered	num-1	run0	1346699	5	84697	199356	686400	8.104183146982773	1.9469338385822321
dataset_name-FR-FCM-Z2KP-healthy_dataset-revision-67990f383ac8f169c9a00148febba1ed357e18e8_name-data_import.data_raw_potential-batches-1_seed-420_sub-sampling-5000_transformation-cofactor-150	lda	unfiltered	num-2	run0	1274361	5	82881	198192	607573	7.330666859714531	2.0061389683502666
dataset_name-FR-FCM-Z2KP-healthy_dataset-revision-67990f383ac8f169c9a00148febba1ed357e18e8_name-data_import.data_raw_potential-batches-1_seed-420_sub-sampling-5000_transformation-cofactor-150	lda	unfiltered	num-3	run0	1174493	5	71844	166811	605424	8.426925004175715	1.9254609317365876
dataset_name-FR-FCM-Z2KP-healthy_dataset-revision-67990f383ac8f169c9a00148febba1ed357e18e8_name-data_import.data_raw_potential-batches-1_seed-420_sub-sampling-5000_transformation-cofactor-150	lda	unfiltered	num-4	run0	1266374	5	65416	177033	669963	10.241576984224043	1.8970383971558575
dataset_name-FR-FCM-Z2KP-healthy_dataset-revision-67990f383ac8f169c9a00148febba1ed357e18e8_name-data_import.data_raw_potential-batches-1_seed-420_sub-sampling-5000_transformation-cofactor-150	lda	unfiltered	num-5	run0	1231233	5	73604	159439	661241	8.983764469322319	1.8903969040534374
dataset_name-FR-FCM-Z2KP-healthy_dataset-revision-67990f383ac8f169c9a00148febba1ed357e18e8_name-data_import.data_raw_potential-batches-1_seed-420_sub-sampling-5000_transformation-cofactor-150	random	drop-both	num-1	run0	1346699	5	84697	199356	686400	8.104183146982773	1.9469338385822321
dataset_name-FR-FCM-Z2KP-healthy_dataset-revision-67990f383ac8f169c9a00148febba1ed357e18e8_name-data_import.data_raw_potential-batches-1_seed-420_sub-sampling-5000_transformation-cofactor-150	random	drop-both	num-2	run0	1274361	5	82881	198192	607573	7.330666859714531	2.0061389683502666
dataset_name-FR-FCM-Z2KP-healthy_dataset-revision-67990f383ac8f169c9a00148febba1ed357e18e8_name-data_import.data_raw_potential-batches-1_seed-420_sub-sampling-5000_transformation-cofactor-150	random	drop-both	num-3	run0	1174493	5	71844	166811	605424	8.426925004175715	1.9254609317365876
dataset_name-FR-FCM-Z2KP-healthy_dataset-revision-67990f383ac8f169c9a00148febba1ed357e18e8_name-data_import.data_raw_potential-batches-1_seed-420_sub-sampling-5000_transformation-cofactor-150	random	drop-both	num-4	run0	1266374	5	65416	177033	669963	10.241576984224043	1.8970383971558575
dataset_name-FR-FCM-Z2KP-healthy_dataset-revision-67990f383ac8f169c9a00148febba1ed357e18e8_name-data_import.data_raw_potential-batches-1_seed-420_sub-sampling-5000_transformation-cofactor-150	random	drop-both	num-5	run0	1231233	5	73604	159439	661241	8.983764469322319	1.8903969040534374
dataset_name-FR-FCM-Z2KP-healthy_dataset-revision-67990f383ac8f169c9a00148febba1ed357e18e8_name-data_import.data_raw_potential-batches-1_seed-420_sub-sampling-5000_transformation-cofactor-150	random	drop-train	num-1	run0	1346699	5	84697	199356	686400	8.104183146982773	1.9469338385822321
dataset_name-FR-FCM-Z2KP-healthy_dataset-revision-67990f383ac8f169c9a00148febba1ed357e18e8_name-data_import.data_raw_potential-batches-1_seed-420_sub-sampling-5000_transformation-cofactor-150	random	drop-train	num-2	run0	1274361	5	82881	198192	607573	7.330666859714531	2.0061389683502666
dataset_name-FR-FCM-Z2KP-healthy_dataset-revision-67990f383ac8f169c9a00148febba1ed357e18e8_name-data_import.data_raw_potential-batches-1_seed-420_sub-sampling-5000_transformation-cofactor-150	random	drop-train	num-3	run0	1174493	5	71844	166811	605424	8.426925004175715	1.9254609317365876
dataset_name-FR-FCM-Z2KP-healthy_dataset-revision-67990f383ac8f169c9a00148febba1ed357e18e8_name-data_import.data_raw_potential-batches-1_seed-420_sub-sampling-5000_transformation-cofactor-150	random	drop-train	num-4	run0	1266374	5	65416	177033	669963	10.241576984224043	1.8970383971558575
dataset_name-FR-FCM-Z2KP-healthy_dataset-revision-67990f383ac8f169c9a00148febba1ed357e18e8_name-data_import.data_raw_potential-batches-1_seed-420_sub-sampling-5000_transformation-cofactor-150	random	drop-train	num-5	run0	1231233	5	73604	159439	661241	8.983764469322319	1.8903969040534374
dataset_name-FR-FCM-Z2KP-healthy_dataset-revision-67990f383ac8f169c9a00148febba1ed357e18e8_name-data_import.data_raw_potential-batches-1_seed-420_sub-sampling-5000_transformation-cofactor-150	random	unfiltered	num-1	run0	1346699	5	84697	199356	686400	8.104183146982773	1.9469338385822321
dataset_name-FR-FCM-Z2KP-healthy_dataset-revision-67990f383ac8f169c9a00148febba1ed357e18e8_name-data_import.data_raw_potential-batches-1_seed-420_sub-sampling-5000_transformation-cofactor-150	random	unfiltered	num-2	run0	1274361	5	82881	198192	607573	7.330666859714531	2.0061389683502666
dataset_name-FR-FCM-Z2KP-healthy_dataset-revision-67990f383ac8f169c9a00148febba1ed357e18e8_name-data_import.data_raw_potential-batches-1_seed-420_sub-sampling-5000_transformation-cofactor-150	random	unfiltered	num-3	run0	1174493	5	71844	166811	605424	8.426925004175715	1.9254609317365876
dataset_name-FR-FCM-Z2KP-healthy_dataset-revision-67990f383ac8f169c9a00148febba1ed357e18e8_name-data_import.data_raw_potential-batches-1_seed-420_sub-sampling-5000_transformation-cofactor-150	random	unfiltered	num-4	run0	1266374	5	65416	177033	669963	10.241576984224043	1.8970383971558575
dataset_name-FR-FCM-Z2KP-healthy_dataset-revision-67990f383ac8f169c9a00148febba1ed357e18e8_name-data_import.data_raw_potential-batches-1_seed-420_sub-sampling-5000_transformation-cofactor-150	random	unfiltered	num-5	run0	1231233	5	73604	159439	661241	8.983764469322319	1.8903969040534374
dataset_name-FR-FCM-Z2KP-healthy_dataset-revision-67990f383ac8f169c9a00148febba1ed357e18e8_name-data_import.data_raw_potential-batches-1_seed-42_transformation-cofactor-150	cyanno	drop-both	num-1	run0	1346699	5	84697	199356	686400	8.104183146982773	1.9469338385822321
dataset_name-FR-FCM-Z2KP-healthy_dataset-revision-67990f383ac8f169c9a00148febba1ed357e18e8_name-data_import.data_raw_potential-batches-1_seed-42_transformation-cofactor-150	cyanno	drop-both	num-2	run0	1174493	5	71844	166811	605424	8.426925004175715	1.9254609317365876
dataset_name-FR-FCM-Z2KP-healthy_dataset-revision-67990f383ac8f169c9a00148febba1ed357e18e8_name-data_import.data_raw_potential-batches-1_seed-42_transformation-cofactor-150	cyanno	drop-both	num-3	run0	1231233	5	73604	159439	661241	8.983764469322319	1.8903969040534374
dataset_name-FR-FCM-Z2KP-healthy_dataset-revision-67990f383ac8f169c9a00148febba1ed357e18e8_name-data_import.data_raw_potential-batches-1_seed-42_transformation-cofactor-150	cyanno	drop-both	num-4	run0	1266374	5	65416	177033	669963	10.241576984224043	1.8970383971558575
dataset_name-FR-FCM-Z2KP-healthy_dataset-revision-67990f383ac8f169c9a00148febba1ed357e18e8_name-data_import.data_raw_potential-batches-1_seed-42_transformation-cofactor-150	cyanno	drop-both	num-5	run0	1212710	5	66853	184381	594739	8.896220064918552	1.9690161850262295
dataset_name-FR-FCM-Z2KP-healthy_dataset-revision-67990f383ac8f169c9a00148febba1ed357e18e8_name-data_import.data_raw_potential-batches-1_seed-42_transformation-cofactor-150	cyanno	drop-train	num-1	run0	1346699	5	84697	199356	686400	8.104183146982773	1.9469338385822321
dataset_name-FR-FCM-Z2KP-healthy_dataset-revision-67990f383ac8f169c9a00148febba1ed357e18e8_name-data_import.data_raw_potential-batches-1_seed-42_transformation-cofactor-150	cyanno	drop-train	num-2	run0	1174493	5	71844	166811	605424	8.426925004175715	1.9254609317365876
dataset_name-FR-FCM-Z2KP-healthy_dataset-revision-67990f383ac8f169c9a00148febba1ed357e18e8_name-data_import.data_raw_potential-batches-1_seed-42_transformation-cofactor-150	cyanno	drop-train	num-3	run0	1231233	5	73604	159439	661241	8.983764469322319	1.8903969040534374
dataset_name-FR-FCM-Z2KP-healthy_dataset-revision-67990f383ac8f169c9a00148febba1ed357e18e8_name-data_import.data_raw_potential-batches-1_seed-42_transformation-cofactor-150	cyanno	drop-train	num-4	run0	1266374	5	65416	177033	669963	10.241576984224043	1.8970383971558575
dataset_name-FR-FCM-Z2KP-healthy_dataset-revision-67990f383ac8f169c9a00148febba1ed357e18e8_name-data_import.data_raw_potential-batches-1_seed-42_transformation-cofactor-150	cyanno	drop-train	num-5	run0	1212710	5	66853	184381	594739	8.896220064918552	1.9690161850262295
dataset_name-FR-FCM-Z2KP-healthy_dataset-revision-67990f383ac8f169c9a00148febba1ed357e18e8_name-data_import.data_raw_potential-batches-1_seed-42_transformation-cofactor-150	cyanno	unfiltered	num-1	run0	1346699	5	84697	199356	686400	8.104183146982773	1.9469338385822321
dataset_name-FR-FCM-Z2KP-healthy_dataset-revision-67990f383ac8f169c9a00148febba1ed357e18e8_name-data_import.data_raw_potential-batches-1_seed-42_transformation-cofactor-150	cyanno	unfiltered	num-2	run0	1174493	5	71844	166811	605424	8.426925004175715	1.9254609317365876
dataset_name-FR-FCM-Z2KP-healthy_dataset-revision-67990f383ac8f169c9a00148febba1ed357e18e8_name-data_import.data_raw_potential-batches-1_seed-42_transformation-cofactor-150	cyanno	unfiltered	num-3	run0	1231233	5	73604	159439	661241	8.983764469322319	1.8903969040534374
dataset_name-FR-FCM-Z2KP-healthy_dataset-revision-67990f383ac8f169c9a00148febba1ed357e18e8_name-data_import.data_raw_potential-batches-1_seed-42_transformation-cofactor-150	cyanno	unfiltered	num-4	run0	1266374	5	65416	177033	669963	10.241576984224043	1.8970383971558575
dataset_name-FR-FCM-Z2KP-healthy_dataset-revision-67990f383ac8f169c9a00148febba1ed357e18e8_name-data_import.data_raw_potential-batches-1_seed-42_transformation-cofactor-150	cyanno	unfiltered	num-5	run0	1212710	5	66853	184381	594739	8.896220064918552	1.9690161850262295
dataset_name-FR-FCM-Z2KP-healthy_dataset-revision-67990f383ac8f169c9a00148febba1ed357e18e8_name-data_import.data_raw_potential-batches-1_seed-42_transformation-cofactor-150	cydefine[3f57bdcdec41]	drop-both	num-1	run0	1346699	5	84697	199356	686400	8.104183146982773	1.9469338385822321
dataset_name-FR-FCM-Z2KP-healthy_dataset-revision-67990f383ac8f169c9a00148febba1ed357e18e8_name-data_import.data_raw_potential-batches-1_seed-42_transformation-cofactor-150	cydefine[3f57bdcdec41]	drop-both	num-2	run0	1174493	5	71844	166811	605424	8.426925004175715	1.9254609317365876
dataset_name-FR-FCM-Z2KP-healthy_dataset-revision-67990f383ac8f169c9a00148febba1ed357e18e8_name-data_import.data_raw_potential-batches-1_seed-42_transformation-cofactor-150	cydefine[3f57bdcdec41]	drop-both	num-3	run0	1231233	5	73604	159439	661241	8.983764469322319	1.8903969040534374
dataset_name-FR-FCM-Z2KP-healthy_dataset-revision-67990f383ac8f169c9a00148febba1ed357e18e8_name-data_import.data_raw_potential-batches-1_seed-42_transformation-cofactor-150	cydefine[3f57bdcdec41]	drop-both	num-4	run0	1266374	5	65416	177033	669963	10.241576984224043	1.8970383971558575
dataset_name-FR-FCM-Z2KP-healthy_dataset-revision-67990f383ac8f169c9a00148febba1ed357e18e8_name-data_import.data_raw_potential-batches-1_seed-42_transformation-cofactor-150	cydefine[3f57bdcdec41]	drop-both	num-5	run0	1212710	5	66853	184381	594739	8.896220064918552	1.9690161850262295
dataset_name-FR-FCM-Z2KP-healthy_dataset-revision-67990f383ac8f169c9a00148febba1ed357e18e8_name-data_import.data_raw_potential-batches-1_seed-42_transformation-cofactor-150	cydefine[3f57bdcdec41]	drop-train	num-1	run0	1346699	5	84697	199356	686400	8.104183146982773	1.9469338385822321
dataset_name-FR-FCM-Z2KP-healthy_dataset-revision-67990f383ac8f169c9a00148febba1ed357e18e8_name-data_import.data_raw_potential-batches-1_seed-42_transformation-cofactor-150	cydefine[3f57bdcdec41]	drop-train	num-2	run0	1174493	5	71844	166811	605424	8.426925004175715	1.9254609317365876
dataset_name-FR-FCM-Z2KP-healthy_dataset-revision-67990f383ac8f169c9a00148febba1ed357e18e8_name-data_import.data_raw_potential-batches-1_seed-42_transformation-cofactor-150	cydefine[3f57bdcdec41]	drop-train	num-3	run0	1231233	5	73604	159439	661241	8.983764469322319	1.8903969040534374
dataset_name-FR-FCM-Z2KP-healthy_dataset-revision-67990f383ac8f169c9a00148febba1ed357e18e8_name-data_import.data_raw_potential-batches-1_seed-42_transformation-cofactor-150	cydefine[3f57bdcdec41]	drop-train	num-4	run0	1266374	5	65416	177033	669963	10.241576984224043	1.8970383971558575
dataset_name-FR-FCM-Z2KP-healthy_dataset-revision-67990f383ac8f169c9a00148febba1ed357e18e8_name-data_import.data_raw_potential-batches-1_seed-42_transformation-cofactor-150	cydefine[3f57bdcdec41]	drop-train	num-5	run0	1212710	5	66853	184381	594739	8.896220064918552	1.9690161850262295
dataset_name-FR-FCM-Z2KP-healthy_dataset-revision-67990f383ac8f169c9a00148febba1ed357e18e8_name-data_import.data_raw_potential-batches-1_seed-42_transformation-cofactor-150	cydefine[3f57bdcdec41]	unfiltered	num-1	run0	1346699	5	84697	199356	686400	8.104183146982773	1.9469338385822321
dataset_name-FR-FCM-Z2KP-healthy_dataset-revision-67990f383ac8f169c9a00148febba1ed357e18e8_name-data_import.data_raw_potential-batches-1_seed-42_transformation-cofactor-150	cydefine[3f57bdcdec41]	unfiltered	num-2	run0	1174493	5	71844	166811	605424	8.426925004175715	1.9254609317365876
dataset_name-FR-FCM-Z2KP-healthy_dataset-revision-67990f383ac8f169c9a00148febba1ed357e18e8_name-data_import.data_raw_potential-batches-1_seed-42_transformation-cofactor-150	cydefine[3f57bdcdec41]	unfiltered	num-3	run0	1231233	5	73604	159439	661241	8.983764469322319	1.8903969040534374
dataset_name-FR-FCM-Z2KP-healthy_dataset-revision-67990f383ac8f169c9a00148febba1ed357e18e8_name-data_import.data_raw_potential-batches-1_seed-42_transformation-cofactor-150	cydefine[3f57bdcdec41]	unfiltered	num-4	run0	1266374	5	65416	177033	669963	10.241576984224043	1.8970383971558575
dataset_name-FR-FCM-Z2KP-healthy_dataset-revision-67990f383ac8f169c9a00148febba1ed357e18e8_name-data_import.data_raw_potential-batches-1_seed-42_transformation-cofactor-150	cydefine[3f57bdcdec41]	unfiltered	num-5	run0	1212710	5	66853	184381	594739	8.896220064918552	1.9690161850262295
dataset_name-FR-FCM-Z2KP-healthy_dataset-revision-67990f383ac8f169c9a00148febba1ed357e18e8_name-data_import.data_raw_potential-batches-1_seed-42_transformation-cofactor-150	cygate	drop-both	num-1	run0	1346699	5	84697	199356	686400	8.104183146982773	1.9469338385822321
dataset_name-FR-FCM-Z2KP-healthy_dataset-revision-67990f383ac8f169c9a00148febba1ed357e18e8_name-data_import.data_raw_potential-batches-1_seed-42_transformation-cofactor-150	cygate	drop-both	num-2	run0	1174493	5	71844	166811	605424	8.426925004175715	1.9254609317365876
dataset_name-FR-FCM-Z2KP-healthy_dataset-revision-67990f383ac8f169c9a00148febba1ed357e18e8_name-data_import.data_raw_potential-batches-1_seed-42_transformation-cofactor-150	cygate	drop-both	num-3	run0	1231233	5	73604	159439	661241	8.983764469322319	1.8903969040534374
dataset_name-FR-FCM-Z2KP-healthy_dataset-revision-67990f383ac8f169c9a00148febba1ed357e18e8_name-data_import.data_raw_potential-batches-1_seed-42_transformation-cofactor-150	cygate	drop-both	num-4	run0	1266374	5	65416	177033	669963	10.241576984224043	1.8970383971558575
dataset_name-FR-FCM-Z2KP-healthy_dataset-revision-67990f383ac8f169c9a00148febba1ed357e18e8_name-data_import.data_raw_potential-batches-1_seed-42_transformation-cofactor-150	cygate	drop-both	num-5	run0	1212710	5	66853	184381	594739	8.896220064918552	1.9690161850262295
dataset_name-FR-FCM-Z2KP-healthy_dataset-revision-67990f383ac8f169c9a00148febba1ed357e18e8_name-data_import.data_raw_potential-batches-1_seed-42_transformation-cofactor-150	cygate	drop-train	num-1	run0	1346699	5	84697	199356	686400	8.104183146982773	1.9469338385822321
dataset_name-FR-FCM-Z2KP-healthy_dataset-revision-67990f383ac8f169c9a00148febba1ed357e18e8_name-data_import.data_raw_potential-batches-1_seed-42_transformation-cofactor-150	cygate	drop-train	num-2	run0	1174493	5	71844	166811	605424	8.426925004175715	1.9254609317365876
dataset_name-FR-FCM-Z2KP-healthy_dataset-revision-67990f383ac8f169c9a00148febba1ed357e18e8_name-data_import.data_raw_potential-batches-1_seed-42_transformation-cofactor-150	cygate	drop-train	num-3	run0	1231233	5	73604	159439	661241	8.983764469322319	1.8903969040534374
dataset_name-FR-FCM-Z2KP-healthy_dataset-revision-67990f383ac8f169c9a00148febba1ed357e18e8_name-data_import.data_raw_potential-batches-1_seed-42_transformation-cofactor-150	cygate	drop-train	num-4	run0	1266374	5	65416	177033	669963	10.241576984224043	1.8970383971558575
dataset_name-FR-FCM-Z2KP-healthy_dataset-revision-67990f383ac8f169c9a00148febba1ed357e18e8_name-data_import.data_raw_potential-batches-1_seed-42_transformation-cofactor-150	cygate	drop-train	num-5	run0	1212710	5	66853	184381	594739	8.896220064918552	1.9690161850262295
dataset_name-FR-FCM-Z2KP-healthy_dataset-revision-67990f383ac8f169c9a00148febba1ed357e18e8_name-data_import.data_raw_potential-batches-1_seed-42_transformation-cofactor-150	cygate	unfiltered	num-1	run0	1346699	5	84697	199356	686400	8.104183146982773	1.9469338385822321
dataset_name-FR-FCM-Z2KP-healthy_dataset-revision-67990f383ac8f169c9a00148febba1ed357e18e8_name-data_import.data_raw_potential-batches-1_seed-42_transformation-cofactor-150	cygate	unfiltered	num-2	run0	1174493	5	71844	166811	605424	8.426925004175715	1.9254609317365876
dataset_name-FR-FCM-Z2KP-healthy_dataset-revision-67990f383ac8f169c9a00148febba1ed357e18e8_name-data_import.data_raw_potential-batches-1_seed-42_transformation-cofactor-150	cygate	unfiltered	num-3	run0	1231233	5	73604	159439	661241	8.983764469322319	1.8903969040534374
dataset_name-FR-FCM-Z2KP-healthy_dataset-revision-67990f383ac8f169c9a00148febba1ed357e18e8_name-data_import.data_raw_potential-batches-1_seed-42_transformation-cofactor-150	cygate	unfiltered	num-4	run0	1266374	5	65416	177033	669963	10.241576984224043	1.8970383971558575
dataset_name-FR-FCM-Z2KP-healthy_dataset-revision-67990f383ac8f169c9a00148febba1ed357e18e8_name-data_import.data_raw_potential-batches-1_seed-42_transformation-cofactor-150	cygate	unfiltered	num-5	run0	1212710	5	66853	184381	594739	8.896220064918552	1.9690161850262295
dataset_name-FR-FCM-Z2KP-healthy_dataset-revision-67990f383ac8f169c9a00148febba1ed357e18e8_name-data_import.data_raw_potential-batches-1_seed-42_transformation-cofactor-150	dgcytof	drop-both	num-1	run0	1346699	5	84697	199356	686400	8.104183146982773	1.9469338385822321
dataset_name-FR-FCM-Z2KP-healthy_dataset-revision-67990f383ac8f169c9a00148febba1ed357e18e8_name-data_import.data_raw_potential-batches-1_seed-42_transformation-cofactor-150	dgcytof	drop-both	num-2	run0	1174493	5	71844	166811	605424	8.426925004175715	1.9254609317365876
dataset_name-FR-FCM-Z2KP-healthy_dataset-revision-67990f383ac8f169c9a00148febba1ed357e18e8_name-data_import.data_raw_potential-batches-1_seed-42_transformation-cofactor-150	dgcytof	drop-both	num-3	run0	1231233	5	73604	159439	661241	8.983764469322319	1.8903969040534374
dataset_name-FR-FCM-Z2KP-healthy_dataset-revision-67990f383ac8f169c9a00148febba1ed357e18e8_name-data_import.data_raw_potential-batches-1_seed-42_transformation-cofactor-150	dgcytof	drop-both	num-4	run0	1266374	5	65416	177033	669963	10.241576984224043	1.8970383971558575
dataset_name-FR-FCM-Z2KP-healthy_dataset-revision-67990f383ac8f169c9a00148febba1ed357e18e8_name-data_import.data_raw_potential-batches-1_seed-42_transformation-cofactor-150	dgcytof	drop-both	num-5	run0	1212710	5	66853	184381	594739	8.896220064918552	1.9690161850262295
dataset_name-FR-FCM-Z2KP-healthy_dataset-revision-67990f383ac8f169c9a00148febba1ed357e18e8_name-data_import.data_raw_potential-batches-1_seed-42_transformation-cofactor-150	dgcytof	drop-train	num-1	run0	1346699	5	84697	199356	686400	8.104183146982773	1.9469338385822321
dataset_name-FR-FCM-Z2KP-healthy_dataset-revision-67990f383ac8f169c9a00148febba1ed357e18e8_name-data_import.data_raw_potential-batches-1_seed-42_transformation-cofactor-150	dgcytof	drop-train	num-2	run0	1174493	5	71844	166811	605424	8.426925004175715	1.9254609317365876
dataset_name-FR-FCM-Z2KP-healthy_dataset-revision-67990f383ac8f169c9a00148febba1ed357e18e8_name-data_import.data_raw_potential-batches-1_seed-42_transformation-cofactor-150	dgcytof	drop-train	num-3	run0	1231233	5	73604	159439	661241	8.983764469322319	1.8903969040534374
dataset_name-FR-FCM-Z2KP-healthy_dataset-revision-67990f383ac8f169c9a00148febba1ed357e18e8_name-data_import.data_raw_potential-batches-1_seed-42_transformation-cofactor-150	dgcytof	drop-train	num-4	run0	1266374	5	65416	177033	669963	10.241576984224043	1.8970383971558575
dataset_name-FR-FCM-Z2KP-healthy_dataset-revision-67990f383ac8f169c9a00148febba1ed357e18e8_name-data_import.data_raw_potential-batches-1_seed-42_transformation-cofactor-150	dgcytof	drop-train	num-5	run0	1212710	5	66853	184381	594739	8.896220064918552	1.9690161850262295
dataset_name-FR-FCM-Z2KP-healthy_dataset-revision-67990f383ac8f169c9a00148febba1ed357e18e8_name-data_import.data_raw_potential-batches-1_seed-42_transformation-cofactor-150	dgcytof	unfiltered	num-1	run0	1346699	5	84697	199356	686400	8.104183146982773	1.9469338385822321
dataset_name-FR-FCM-Z2KP-healthy_dataset-revision-67990f383ac8f169c9a00148febba1ed357e18e8_name-data_import.data_raw_potential-batches-1_seed-42_transformation-cofactor-150	dgcytof	unfiltered	num-2	run0	1174493	5	71844	166811	605424	8.426925004175715	1.9254609317365876
dataset_name-FR-FCM-Z2KP-healthy_dataset-revision-67990f383ac8f169c9a00148febba1ed357e18e8_name-data_import.data_raw_potential-batches-1_seed-42_transformation-cofactor-150	dgcytof	unfiltered	num-3	run0	1231233	5	73604	159439	661241	8.983764469322319	1.8903969040534374
dataset_name-FR-FCM-Z2KP-healthy_dataset-revision-67990f383ac8f169c9a00148febba1ed357e18e8_name-data_import.data_raw_potential-batches-1_seed-42_transformation-cofactor-150	dgcytof	unfiltered	num-4	run0	1266374	5	65416	177033	669963	10.241576984224043	1.8970383971558575
dataset_name-FR-FCM-Z2KP-healthy_dataset-revision-67990f383ac8f169c9a00148febba1ed357e18e8_name-data_import.data_raw_potential-batches-1_seed-42_transformation-cofactor-150	dgcytof	unfiltered	num-5	run0	1212710	5	66853	184381	594739	8.896220064918552	1.9690161850262295
dataset_name-FR-FCM-Z2KP-healthy_dataset-revision-67990f383ac8f169c9a00148febba1ed357e18e8_name-data_import.data_raw_potential-batches-1_seed-42_transformation-cofactor-150	gatemeclass[E]	drop-both	num-1	run0	1346699	5	84697	199356	686400	8.104183146982773	1.9469338385822321
dataset_name-FR-FCM-Z2KP-healthy_dataset-revision-67990f383ac8f169c9a00148febba1ed357e18e8_name-data_import.data_raw_potential-batches-1_seed-42_transformation-cofactor-150	gatemeclass[E]	drop-both	num-2	run0	1174493	5	71844	166811	605424	8.426925004175715	1.9254609317365876
dataset_name-FR-FCM-Z2KP-healthy_dataset-revision-67990f383ac8f169c9a00148febba1ed357e18e8_name-data_import.data_raw_potential-batches-1_seed-42_transformation-cofactor-150	gatemeclass[E]	drop-both	num-3	run0	1231233	5	73604	159439	661241	8.983764469322319	1.8903969040534374
dataset_name-FR-FCM-Z2KP-healthy_dataset-revision-67990f383ac8f169c9a00148febba1ed357e18e8_name-data_import.data_raw_potential-batches-1_seed-42_transformation-cofactor-150	gatemeclass[E]	drop-both	num-4	run0	1266374	5	65416	177033	669963	10.241576984224043	1.8970383971558575
dataset_name-FR-FCM-Z2KP-healthy_dataset-revision-67990f383ac8f169c9a00148febba1ed357e18e8_name-data_import.data_raw_potential-batches-1_seed-42_transformation-cofactor-150	gatemeclass[E]	drop-both	num-5	run0	1212710	5	66853	184381	594739	8.896220064918552	1.9690161850262295
dataset_name-FR-FCM-Z2KP-healthy_dataset-revision-67990f383ac8f169c9a00148febba1ed357e18e8_name-data_import.data_raw_potential-batches-1_seed-42_transformation-cofactor-150	gatemeclass[E]	drop-train	num-1	run0	1346699	5	84697	199356	686400	8.104183146982773	1.9469338385822321
dataset_name-FR-FCM-Z2KP-healthy_dataset-revision-67990f383ac8f169c9a00148febba1ed357e18e8_name-data_import.data_raw_potential-batches-1_seed-42_transformation-cofactor-150	gatemeclass[E]	drop-train	num-2	run0	1174493	5	71844	166811	605424	8.426925004175715	1.9254609317365876
dataset_name-FR-FCM-Z2KP-healthy_dataset-revision-67990f383ac8f169c9a00148febba1ed357e18e8_name-data_import.data_raw_potential-batches-1_seed-42_transformation-cofactor-150	gatemeclass[E]	drop-train	num-3	run0	1231233	5	73604	159439	661241	8.983764469322319	1.8903969040534374
dataset_name-FR-FCM-Z2KP-healthy_dataset-revision-67990f383ac8f169c9a00148febba1ed357e18e8_name-data_import.data_raw_potential-batches-1_seed-42_transformation-cofactor-150	gatemeclass[E]	drop-train	num-4	run0	1266374	5	65416	177033	669963	10.241576984224043	1.8970383971558575
dataset_name-FR-FCM-Z2KP-healthy_dataset-revision-67990f383ac8f169c9a00148febba1ed357e18e8_name-data_import.data_raw_potential-batches-1_seed-42_transformation-cofactor-150	gatemeclass[E]	drop-train	num-5	run0	1212710	5	66853	184381	594739	8.896220064918552	1.9690161850262295
dataset_name-FR-FCM-Z2KP-healthy_dataset-revision-67990f383ac8f169c9a00148febba1ed357e18e8_name-data_import.data_raw_potential-batches-1_seed-42_transformation-cofactor-150	gatemeclass[E]	unfiltered	num-1	run0	1346699	5	84697	199356	686400	8.104183146982773	1.9469338385822321
dataset_name-FR-FCM-Z2KP-healthy_dataset-revision-67990f383ac8f169c9a00148febba1ed357e18e8_name-data_import.data_raw_potential-batches-1_seed-42_transformation-cofactor-150	gatemeclass[E]	unfiltered	num-2	run0	1174493	5	71844	166811	605424	8.426925004175715	1.9254609317365876
dataset_name-FR-FCM-Z2KP-healthy_dataset-revision-67990f383ac8f169c9a00148febba1ed357e18e8_name-data_import.data_raw_potential-batches-1_seed-42_transformation-cofactor-150	gatemeclass[E]	unfiltered	num-3	run0	1231233	5	73604	159439	661241	8.983764469322319	1.8903969040534374
dataset_name-FR-FCM-Z2KP-healthy_dataset-revision-67990f383ac8f169c9a00148febba1ed357e18e8_name-data_import.data_raw_potential-batches-1_seed-42_transformation-cofactor-150	gatemeclass[E]	unfiltered	num-4	run0	1266374	5	65416	177033	669963	10.241576984224043	1.8970383971558575
dataset_name-FR-FCM-Z2KP-healthy_dataset-revision-67990f383ac8f169c9a00148febba1ed357e18e8_name-data_import.data_raw_potential-batches-1_seed-42_transformation-cofactor-150	gatemeclass[E]	unfiltered	num-5	run0	1212710	5	66853	184381	594739	8.896220064918552	1.9690161850262295
dataset_name-FR-FCM-Z2KP-healthy_dataset-revision-67990f383ac8f169c9a00148febba1ed357e18e8_name-data_import.data_raw_potential-batches-1_seed-42_transformation-cofactor-150	gatemeclass[V]	drop-both	num-1	run0	1346699	5	84697	199356	686400	8.104183146982773	1.9469338385822321
dataset_name-FR-FCM-Z2KP-healthy_dataset-revision-67990f383ac8f169c9a00148febba1ed357e18e8_name-data_import.data_raw_potential-batches-1_seed-42_transformation-cofactor-150	gatemeclass[V]	drop-both	num-2	run0	1174493	5	71844	166811	605424	8.426925004175715	1.9254609317365876
dataset_name-FR-FCM-Z2KP-healthy_dataset-revision-67990f383ac8f169c9a00148febba1ed357e18e8_name-data_import.data_raw_potential-batches-1_seed-42_transformation-cofactor-150	gatemeclass[V]	drop-both	num-3	run0	1231233	5	73604	159439	661241	8.983764469322319	1.8903969040534374
dataset_name-FR-FCM-Z2KP-healthy_dataset-revision-67990f383ac8f169c9a00148febba1ed357e18e8_name-data_import.data_raw_potential-batches-1_seed-42_transformation-cofactor-150	gatemeclass[V]	drop-both	num-4	run0	1266374	5	65416	177033	669963	10.241576984224043	1.8970383971558575
dataset_name-FR-FCM-Z2KP-healthy_dataset-revision-67990f383ac8f169c9a00148febba1ed357e18e8_name-data_import.data_raw_potential-batches-1_seed-42_transformation-cofactor-150	gatemeclass[V]	drop-both	num-5	run0	1212710	5	66853	184381	594739	8.896220064918552	1.9690161850262295
dataset_name-FR-FCM-Z2KP-healthy_dataset-revision-67990f383ac8f169c9a00148febba1ed357e18e8_name-data_import.data_raw_potential-batches-1_seed-42_transformation-cofactor-150	gatemeclass[V]	drop-train	num-1	run0	1346699	5	84697	199356	686400	8.104183146982773	1.9469338385822321
dataset_name-FR-FCM-Z2KP-healthy_dataset-revision-67990f383ac8f169c9a00148febba1ed357e18e8_name-data_import.data_raw_potential-batches-1_seed-42_transformation-cofactor-150	gatemeclass[V]	drop-train	num-2	run0	1174493	5	71844	166811	605424	8.426925004175715	1.9254609317365876
dataset_name-FR-FCM-Z2KP-healthy_dataset-revision-67990f383ac8f169c9a00148febba1ed357e18e8_name-data_import.data_raw_potential-batches-1_seed-42_transformation-cofactor-150	gatemeclass[V]	drop-train	num-3	run0	1231233	5	73604	159439	661241	8.983764469322319	1.8903969040534374
dataset_name-FR-FCM-Z2KP-healthy_dataset-revision-67990f383ac8f169c9a00148febba1ed357e18e8_name-data_import.data_raw_potential-batches-1_seed-42_transformation-cofactor-150	gatemeclass[V]	drop-train	num-4	run0	1266374	5	65416	177033	669963	10.241576984224043	1.8970383971558575
dataset_name-FR-FCM-Z2KP-healthy_dataset-revision-67990f383ac8f169c9a00148febba1ed357e18e8_name-data_import.data_raw_potential-batches-1_seed-42_transformation-cofactor-150	gatemeclass[V]	drop-train	num-5	run0	1212710	5	66853	184381	594739	8.896220064918552	1.9690161850262295
dataset_name-FR-FCM-Z2KP-healthy_dataset-revision-67990f383ac8f169c9a00148febba1ed357e18e8_name-data_import.data_raw_potential-batches-1_seed-42_transformation-cofactor-150	gatemeclass[V]	unfiltered	num-1	run0	1346699	5	84697	199356	686400	8.104183146982773	1.9469338385822321
dataset_name-FR-FCM-Z2KP-healthy_dataset-revision-67990f383ac8f169c9a00148febba1ed357e18e8_name-data_import.data_raw_potential-batches-1_seed-42_transformation-cofactor-150	gatemeclass[V]	unfiltered	num-2	run0	1174493	5	71844	166811	605424	8.426925004175715	1.9254609317365876
dataset_name-FR-FCM-Z2KP-healthy_dataset-revision-67990f383ac8f169c9a00148febba1ed357e18e8_name-data_import.data_raw_potential-batches-1_seed-42_transformation-cofactor-150	gatemeclass[V]	unfiltered	num-3	run0	1231233	5	73604	159439	661241	8.983764469322319	1.8903969040534374
dataset_name-FR-FCM-Z2KP-healthy_dataset-revision-67990f383ac8f169c9a00148febba1ed357e18e8_name-data_import.data_raw_potential-batches-1_seed-42_transformation-cofactor-150	gatemeclass[V]	unfiltered	num-4	run0	1266374	5	65416	177033	669963	10.241576984224043	1.8970383971558575
dataset_name-FR-FCM-Z2KP-healthy_dataset-revision-67990f383ac8f169c9a00148febba1ed357e18e8_name-data_import.data_raw_potential-batches-1_seed-42_transformation-cofactor-150	gatemeclass[V]	unfiltered	num-5	run0	1212710	5	66853	184381	594739	8.896220064918552	1.9690161850262295
dataset_name-FR-FCM-Z2KP-healthy_dataset-revision-67990f383ac8f169c9a00148febba1ed357e18e8_name-data_import.data_raw_potential-batches-1_seed-42_transformation-cofactor-150	knn	drop-both	num-1	run0	1346699	5	84697	199356	686400	8.104183146982773	1.9469338385822321
dataset_name-FR-FCM-Z2KP-healthy_dataset-revision-67990f383ac8f169c9a00148febba1ed357e18e8_name-data_import.data_raw_potential-batches-1_seed-42_transformation-cofactor-150	knn	drop-both	num-2	run0	1174493	5	71844	166811	605424	8.426925004175715	1.9254609317365876
dataset_name-FR-FCM-Z2KP-healthy_dataset-revision-67990f383ac8f169c9a00148febba1ed357e18e8_name-data_import.data_raw_potential-batches-1_seed-42_transformation-cofactor-150	knn	drop-both	num-3	run0	1231233	5	73604	159439	661241	8.983764469322319	1.8903969040534374
dataset_name-FR-FCM-Z2KP-healthy_dataset-revision-67990f383ac8f169c9a00148febba1ed357e18e8_name-data_import.data_raw_potential-batches-1_seed-42_transformation-cofactor-150	knn	drop-both	num-4	run0	1266374	5	65416	177033	669963	10.241576984224043	1.8970383971558575
dataset_name-FR-FCM-Z2KP-healthy_dataset-revision-67990f383ac8f169c9a00148febba1ed357e18e8_name-data_import.data_raw_potential-batches-1_seed-42_transformation-cofactor-150	knn	drop-both	num-5	run0	1212710	5	66853	184381	594739	8.896220064918552	1.9690161850262295
dataset_name-FR-FCM-Z2KP-healthy_dataset-revision-67990f383ac8f169c9a00148febba1ed357e18e8_name-data_import.data_raw_potential-batches-1_seed-42_transformation-cofactor-150	knn	drop-train	num-1	run0	1346699	5	84697	199356	686400	8.104183146982773	1.9469338385822321
dataset_name-FR-FCM-Z2KP-healthy_dataset-revision-67990f383ac8f169c9a00148febba1ed357e18e8_name-data_import.data_raw_potential-batches-1_seed-42_transformation-cofactor-150	knn	drop-train	num-2	run0	1174493	5	71844	166811	605424	8.426925004175715	1.9254609317365876
dataset_name-FR-FCM-Z2KP-healthy_dataset-revision-67990f383ac8f169c9a00148febba1ed357e18e8_name-data_import.data_raw_potential-batches-1_seed-42_transformation-cofactor-150	knn	drop-train	num-3	run0	1231233	5	73604	159439	661241	8.983764469322319	1.8903969040534374
dataset_name-FR-FCM-Z2KP-healthy_dataset-revision-67990f383ac8f169c9a00148febba1ed357e18e8_name-data_import.data_raw_potential-batches-1_seed-42_transformation-cofactor-150	knn	drop-train	num-4	run0	1266374	5	65416	177033	669963	10.241576984224043	1.8970383971558575
dataset_name-FR-FCM-Z2KP-healthy_dataset-revision-67990f383ac8f169c9a00148febba1ed357e18e8_name-data_import.data_raw_potential-batches-1_seed-42_transformation-cofactor-150	knn	drop-train	num-5	run0	1212710	5	66853	184381	594739	8.896220064918552	1.9690161850262295
dataset_name-FR-FCM-Z2KP-healthy_dataset-revision-67990f383ac8f169c9a00148febba1ed357e18e8_name-data_import.data_raw_potential-batches-1_seed-42_transformation-cofactor-150	knn	unfiltered	num-1	run0	1346699	5	84697	199356	686400	8.104183146982773	1.9469338385822321
dataset_name-FR-FCM-Z2KP-healthy_dataset-revision-67990f383ac8f169c9a00148febba1ed357e18e8_name-data_import.data_raw_potential-batches-1_seed-42_transformation-cofactor-150	knn	unfiltered	num-2	run0	1174493	5	71844	166811	605424	8.426925004175715	1.9254609317365876
dataset_name-FR-FCM-Z2KP-healthy_dataset-revision-67990f383ac8f169c9a00148febba1ed357e18e8_name-data_import.data_raw_potential-batches-1_seed-42_transformation-cofactor-150	knn	unfiltered	num-3	run0	1231233	5	73604	159439	661241	8.983764469322319	1.8903969040534374
dataset_name-FR-FCM-Z2KP-healthy_dataset-revision-67990f383ac8f169c9a00148febba1ed357e18e8_name-data_import.data_raw_potential-batches-1_seed-42_transformation-cofactor-150	knn	unfiltered	num-4	run0	1266374	5	65416	177033	669963	10.241576984224043	1.8970383971558575
dataset_name-FR-FCM-Z2KP-healthy_dataset-revision-67990f383ac8f169c9a00148febba1ed357e18e8_name-data_import.data_raw_potential-batches-1_seed-42_transformation-cofactor-150	knn	unfiltered	num-5	run0	1212710	5	66853	184381	594739	8.896220064918552	1.9690161850262295
dataset_name-FR-FCM-Z2KP-healthy_dataset-revision-67990f383ac8f169c9a00148febba1ed357e18e8_name-data_import.data_raw_potential-batches-1_seed-42_transformation-cofactor-150	lda	drop-both	num-1	run0	1346699	5	84697	199356	686400	8.104183146982773	1.9469338385822321
dataset_name-FR-FCM-Z2KP-healthy_dataset-revision-67990f383ac8f169c9a00148febba1ed357e18e8_name-data_import.data_raw_potential-batches-1_seed-42_transformation-cofactor-150	lda	drop-both	num-2	run0	1174493	5	71844	166811	605424	8.426925004175715	1.9254609317365876
dataset_name-FR-FCM-Z2KP-healthy_dataset-revision-67990f383ac8f169c9a00148febba1ed357e18e8_name-data_import.data_raw_potential-batches-1_seed-42_transformation-cofactor-150	lda	drop-both	num-3	run0	1231233	5	73604	159439	661241	8.983764469322319	1.8903969040534374
dataset_name-FR-FCM-Z2KP-healthy_dataset-revision-67990f383ac8f169c9a00148febba1ed357e18e8_name-data_import.data_raw_potential-batches-1_seed-42_transformation-cofactor-150	lda	drop-both	num-4	run0	1266374	5	65416	177033	669963	10.241576984224043	1.8970383971558575
dataset_name-FR-FCM-Z2KP-healthy_dataset-revision-67990f383ac8f169c9a00148febba1ed357e18e8_name-data_import.data_raw_potential-batches-1_seed-42_transformation-cofactor-150	lda	drop-both	num-5	run0	1212710	5	66853	184381	594739	8.896220064918552	1.9690161850262295
dataset_name-FR-FCM-Z2KP-healthy_dataset-revision-67990f383ac8f169c9a00148febba1ed357e18e8_name-data_import.data_raw_potential-batches-1_seed-42_transformation-cofactor-150	lda	drop-train	num-1	run0	1346699	5	84697	199356	686400	8.104183146982773	1.9469338385822321
dataset_name-FR-FCM-Z2KP-healthy_dataset-revision-67990f383ac8f169c9a00148febba1ed357e18e8_name-data_import.data_raw_potential-batches-1_seed-42_transformation-cofactor-150	lda	drop-train	num-2	run0	1174493	5	71844	166811	605424	8.426925004175715	1.9254609317365876
dataset_name-FR-FCM-Z2KP-healthy_dataset-revision-67990f383ac8f169c9a00148febba1ed357e18e8_name-data_import.data_raw_potential-batches-1_seed-42_transformation-cofactor-150	lda	drop-train	num-3	run0	1231233	5	73604	159439	661241	8.983764469322319	1.8903969040534374
dataset_name-FR-FCM-Z2KP-healthy_dataset-revision-67990f383ac8f169c9a00148febba1ed357e18e8_name-data_import.data_raw_potential-batches-1_seed-42_transformation-cofactor-150	lda	drop-train	num-4	run0	1266374	5	65416	177033	669963	10.241576984224043	1.8970383971558575
dataset_name-FR-FCM-Z2KP-healthy_dataset-revision-67990f383ac8f169c9a00148febba1ed357e18e8_name-data_import.data_raw_potential-batches-1_seed-42_transformation-cofactor-150	lda	drop-train	num-5	run0	1212710	5	66853	184381	594739	8.896220064918552	1.9690161850262295
dataset_name-FR-FCM-Z2KP-healthy_dataset-revision-67990f383ac8f169c9a00148febba1ed357e18e8_name-data_import.data_raw_potential-batches-1_seed-42_transformation-cofactor-150	lda	unfiltered	num-1	run0	1346699	5	84697	199356	686400	8.104183146982773	1.9469338385822321
dataset_name-FR-FCM-Z2KP-healthy_dataset-revision-67990f383ac8f169c9a00148febba1ed357e18e8_name-data_import.data_raw_potential-batches-1_seed-42_transformation-cofactor-150	lda	unfiltered	num-2	run0	1174493	5	71844	166811	605424	8.426925004175715	1.9254609317365876
dataset_name-FR-FCM-Z2KP-healthy_dataset-revision-67990f383ac8f169c9a00148febba1ed357e18e8_name-data_import.data_raw_potential-batches-1_seed-42_transformation-cofactor-150	lda	unfiltered	num-3	run0	1231233	5	73604	159439	661241	8.983764469322319	1.8903969040534374
dataset_name-FR-FCM-Z2KP-healthy_dataset-revision-67990f383ac8f169c9a00148febba1ed357e18e8_name-data_import.data_raw_potential-batches-1_seed-42_transformation-cofactor-150	lda	unfiltered	num-4	run0	1266374	5	65416	177033	669963	10.241576984224043	1.8970383971558575
dataset_name-FR-FCM-Z2KP-healthy_dataset-revision-67990f383ac8f169c9a00148febba1ed357e18e8_name-data_import.data_raw_potential-batches-1_seed-42_transformation-cofactor-150	lda	unfiltered	num-5	run0	1212710	5	66853	184381	594739	8.896220064918552	1.9690161850262295
dataset_name-FR-FCM-Z2KP-healthy_dataset-revision-67990f383ac8f169c9a00148febba1ed357e18e8_name-data_import.data_raw_potential-batches-1_seed-42_transformation-cofactor-150	random	drop-both	num-1	run0	1346699	5	84697	199356	686400	8.104183146982773	1.9469338385822321
dataset_name-FR-FCM-Z2KP-healthy_dataset-revision-67990f383ac8f169c9a00148febba1ed357e18e8_name-data_import.data_raw_potential-batches-1_seed-42_transformation-cofactor-150	random	drop-both	num-2	run0	1174493	5	71844	166811	605424	8.426925004175715	1.9254609317365876
dataset_name-FR-FCM-Z2KP-healthy_dataset-revision-67990f383ac8f169c9a00148febba1ed357e18e8_name-data_import.data_raw_potential-batches-1_seed-42_transformation-cofactor-150	random	drop-both	num-3	run0	1231233	5	73604	159439	661241	8.983764469322319	1.8903969040534374
dataset_name-FR-FCM-Z2KP-healthy_dataset-revision-67990f383ac8f169c9a00148febba1ed357e18e8_name-data_import.data_raw_potential-batches-1_seed-42_transformation-cofactor-150	random	drop-both	num-4	run0	1266374	5	65416	177033	669963	10.241576984224043	1.8970383971558575
dataset_name-FR-FCM-Z2KP-healthy_dataset-revision-67990f383ac8f169c9a00148febba1ed357e18e8_name-data_import.data_raw_potential-batches-1_seed-42_transformation-cofactor-150	random	drop-both	num-5	run0	1212710	5	66853	184381	594739	8.896220064918552	1.9690161850262295
dataset_name-FR-FCM-Z2KP-healthy_dataset-revision-67990f383ac8f169c9a00148febba1ed357e18e8_name-data_import.data_raw_potential-batches-1_seed-42_transformation-cofactor-150	random	drop-train	num-1	run0	1346699	5	84697	199356	686400	8.104183146982773	1.9469338385822321
dataset_name-FR-FCM-Z2KP-healthy_dataset-revision-67990f383ac8f169c9a00148febba1ed357e18e8_name-data_import.data_raw_potential-batches-1_seed-42_transformation-cofactor-150	random	drop-train	num-2	run0	1174493	5	71844	166811	605424	8.426925004175715	1.9254609317365876
dataset_name-FR-FCM-Z2KP-healthy_dataset-revision-67990f383ac8f169c9a00148febba1ed357e18e8_name-data_import.data_raw_potential-batches-1_seed-42_transformation-cofactor-150	random	drop-train	num-3	run0	1231233	5	73604	159439	661241	8.983764469322319	1.8903969040534374
dataset_name-FR-FCM-Z2KP-healthy_dataset-revision-67990f383ac8f169c9a00148febba1ed357e18e8_name-data_import.data_raw_potential-batches-1_seed-42_transformation-cofactor-150	random	drop-train	num-4	run0	1266374	5	65416	177033	669963	10.241576984224043	1.8970383971558575
dataset_name-FR-FCM-Z2KP-healthy_dataset-revision-67990f383ac8f169c9a00148febba1ed357e18e8_name-data_import.data_raw_potential-batches-1_seed-42_transformation-cofactor-150	random	drop-train	num-5	run0	1212710	5	66853	184381	594739	8.896220064918552	1.9690161850262295
dataset_name-FR-FCM-Z2KP-healthy_dataset-revision-67990f383ac8f169c9a00148febba1ed357e18e8_name-data_import.data_raw_potential-batches-1_seed-42_transformation-cofactor-150	random	unfiltered	num-1	run0	1346699	5	84697	199356	686400	8.104183146982773	1.9469338385822321
dataset_name-FR-FCM-Z2KP-healthy_dataset-revision-67990f383ac8f169c9a00148febba1ed357e18e8_name-data_import.data_raw_potential-batches-1_seed-42_transformation-cofactor-150	random	unfiltered	num-2	run0	1174493	5	71844	166811	605424	8.426925004175715	1.9254609317365876
dataset_name-FR-FCM-Z2KP-healthy_dataset-revision-67990f383ac8f169c9a00148febba1ed357e18e8_name-data_import.data_raw_potential-batches-1_seed-42_transformation-cofactor-150	random	unfiltered	num-3	run0	1231233	5	73604	159439	661241	8.983764469322319	1.8903969040534374
dataset_name-FR-FCM-Z2KP-healthy_dataset-revision-67990f383ac8f169c9a00148febba1ed357e18e8_name-data_import.data_raw_potential-batches-1_seed-42_transformation-cofactor-150	random	unfiltered	num-4	run0	1266374	5	65416	177033	669963	10.241576984224043	1.8970383971558575
dataset_name-FR-FCM-Z2KP-healthy_dataset-revision-67990f383ac8f169c9a00148febba1ed357e18e8_name-data_import.data_raw_potential-batches-1_seed-42_transformation-cofactor-150	random	unfiltered	num-5	run0	1212710	5	66853	184381	594739	8.896220064918552	1.9690161850262295
dataset_name-FR-FCM-Z3YR_dataset-revision-67990f383ac8f169c9a00148febba1ed357e18e8_name-data_import.data_raw_potential-batches-1_seed-42_transformation-cofactor-5	cyanno	drop-both	num-1	run0	16665728	28	1287	59783.5	10045380	7805.268065268066	2.363870750798249
dataset_name-FR-FCM-Z3YR_dataset-revision-67990f383ac8f169c9a00148febba1ed357e18e8_name-data_import.data_raw_potential-batches-1_seed-42_transformation-cofactor-5	cyanno	drop-both	num-2	run0	16671781	28	1291	59806.5	10049130	7783.989155693261	2.36393320919196
dataset_name-FR-FCM-Z3YR_dataset-revision-67990f383ac8f169c9a00148febba1ed357e18e8_name-data_import.data_raw_potential-batches-1_seed-42_transformation-cofactor-5	cyanno	drop-both	num-3	run0	16028386	28	1253	57659	9667226	7715.264166001596	2.362980441594017
dataset_name-FR-FCM-Z3YR_dataset-revision-67990f383ac8f169c9a00148febba1ed357e18e8_name-data_import.data_raw_potential-batches-1_seed-42_transformation-cofactor-5	cyanno	drop-both	num-4	run0	16163956	28	1255	58228	9748168	7767.464541832669	2.3625176428125534
dataset_name-FR-FCM-Z3YR_dataset-revision-67990f383ac8f169c9a00148febba1ed357e18e8_name-data_import.data_raw_potential-batches-1_seed-42_transformation-cofactor-5	cyanno	drop-both	num-5	run0	16114380	28	1244	57528.5	9715414	7809.818327974276	2.3632974139031964
dataset_name-FR-FCM-Z3YR_dataset-revision-67990f383ac8f169c9a00148febba1ed357e18e8_name-data_import.data_raw_potential-batches-1_seed-42_transformation-cofactor-5	cyanno	drop-train	num-1	run0	16665728	28	1287	59783.5	10045380	7805.268065268066	2.363870750798249
dataset_name-FR-FCM-Z3YR_dataset-revision-67990f383ac8f169c9a00148febba1ed357e18e8_name-data_import.data_raw_potential-batches-1_seed-42_transformation-cofactor-5	cyanno	drop-train	num-2	run0	16671781	28	1291	59806.5	10049130	7783.989155693261	2.36393320919196
dataset_name-FR-FCM-Z3YR_dataset-revision-67990f383ac8f169c9a00148febba1ed357e18e8_name-data_import.data_raw_potential-batches-1_seed-42_transformation-cofactor-5	cyanno	drop-train	num-3	run0	16028386	28	1253	57659	9667226	7715.264166001596	2.362980441594017
dataset_name-FR-FCM-Z3YR_dataset-revision-67990f383ac8f169c9a00148febba1ed357e18e8_name-data_import.data_raw_potential-batches-1_seed-42_transformation-cofactor-5	cyanno	drop-train	num-4	run0	16163956	28	1255	58228	9748168	7767.464541832669	2.3625176428125534
dataset_name-FR-FCM-Z3YR_dataset-revision-67990f383ac8f169c9a00148febba1ed357e18e8_name-data_import.data_raw_potential-batches-1_seed-42_transformation-cofactor-5	cyanno	drop-train	num-5	run0	16114380	28	1244	57528.5	9715414	7809.818327974276	2.3632974139031964
dataset_name-FR-FCM-Z3YR_dataset-revision-67990f383ac8f169c9a00148febba1ed357e18e8_name-data_import.data_raw_potential-batches-1_seed-42_transformation-cofactor-5	cyanno	unfiltered	num-1	run0	16665728	28	1287	59783.5	10045380	7805.268065268066	2.363870750798249
dataset_name-FR-FCM-Z3YR_dataset-revision-67990f383ac8f169c9a00148febba1ed357e18e8_name-data_import.data_raw_potential-batches-1_seed-42_transformation-cofactor-5	cyanno	unfiltered	num-2	run0	16671781	28	1291	59806.5	10049130	7783.989155693261	2.36393320919196
dataset_name-FR-FCM-Z3YR_dataset-revision-67990f383ac8f169c9a00148febba1ed357e18e8_name-data_import.data_raw_potential-batches-1_seed-42_transformation-cofactor-5	cyanno	unfiltered	num-3	run0	16028386	28	1253	57659	9667226	7715.264166001596	2.362980441594017
dataset_name-FR-FCM-Z3YR_dataset-revision-67990f383ac8f169c9a00148febba1ed357e18e8_name-data_import.data_raw_potential-batches-1_seed-42_transformation-cofactor-5	cyanno	unfiltered	num-4	run0	16163956	28	1255	58228	9748168	7767.464541832669	2.3625176428125534
dataset_name-FR-FCM-Z3YR_dataset-revision-67990f383ac8f169c9a00148febba1ed357e18e8_name-data_import.data_raw_potential-batches-1_seed-42_transformation-cofactor-5	cyanno	unfiltered	num-5	run0	16114380	28	1244	57528.5	9715414	7809.818327974276	2.3632974139031964
dataset_name-FR-FCM-Z3YR_dataset-revision-67990f383ac8f169c9a00148febba1ed357e18e8_name-data_import.data_raw_potential-batches-1_seed-42_transformation-cofactor-5	cydefine[3f57bdcdec41]	drop-both	num-1	run0	16665728	28	1287	59783.5	10045380	7805.268065268066	2.363870750798249
dataset_name-FR-FCM-Z3YR_dataset-revision-67990f383ac8f169c9a00148febba1ed357e18e8_name-data_import.data_raw_potential-batches-1_seed-42_transformation-cofactor-5	cydefine[3f57bdcdec41]	drop-both	num-2	run0	16671781	28	1291	59806.5	10049130	7783.989155693261	2.36393320919196
dataset_name-FR-FCM-Z3YR_dataset-revision-67990f383ac8f169c9a00148febba1ed357e18e8_name-data_import.data_raw_potential-batches-1_seed-42_transformation-cofactor-5	cydefine[3f57bdcdec41]	drop-both	num-3	run0	16028386	28	1253	57659	9667226	7715.264166001596	2.362980441594017
dataset_name-FR-FCM-Z3YR_dataset-revision-67990f383ac8f169c9a00148febba1ed357e18e8_name-data_import.data_raw_potential-batches-1_seed-42_transformation-cofactor-5	cydefine[3f57bdcdec41]	drop-both	num-4	run0	16163956	28	1255	58228	9748168	7767.464541832669	2.3625176428125534
dataset_name-FR-FCM-Z3YR_dataset-revision-67990f383ac8f169c9a00148febba1ed357e18e8_name-data_import.data_raw_potential-batches-1_seed-42_transformation-cofactor-5	cydefine[3f57bdcdec41]	drop-both	num-5	run0	16114380	28	1244	57528.5	9715414	7809.818327974276	2.3632974139031964
dataset_name-FR-FCM-Z3YR_dataset-revision-67990f383ac8f169c9a00148febba1ed357e18e8_name-data_import.data_raw_potential-batches-1_seed-42_transformation-cofactor-5	cydefine[3f57bdcdec41]	drop-train	num-1	run0	16665728	28	1287	59783.5	10045380	7805.268065268066	2.363870750798249
dataset_name-FR-FCM-Z3YR_dataset-revision-67990f383ac8f169c9a00148febba1ed357e18e8_name-data_import.data_raw_potential-batches-1_seed-42_transformation-cofactor-5	cydefine[3f57bdcdec41]	drop-train	num-2	run0	16671781	28	1291	59806.5	10049130	7783.989155693261	2.36393320919196
dataset_name-FR-FCM-Z3YR_dataset-revision-67990f383ac8f169c9a00148febba1ed357e18e8_name-data_import.data_raw_potential-batches-1_seed-42_transformation-cofactor-5	cydefine[3f57bdcdec41]	drop-train	num-3	run0	16028386	28	1253	57659	9667226	7715.264166001596	2.362980441594017
dataset_name-FR-FCM-Z3YR_dataset-revision-67990f383ac8f169c9a00148febba1ed357e18e8_name-data_import.data_raw_potential-batches-1_seed-42_transformation-cofactor-5	cydefine[3f57bdcdec41]	drop-train	num-4	run0	16163956	28	1255	58228	9748168	7767.464541832669	2.3625176428125534
dataset_name-FR-FCM-Z3YR_dataset-revision-67990f383ac8f169c9a00148febba1ed357e18e8_name-data_import.data_raw_potential-batches-1_seed-42_transformation-cofactor-5	cydefine[3f57bdcdec41]	drop-train	num-5	run0	16114380	28	1244	57528.5	9715414	7809.818327974276	2.3632974139031964
dataset_name-FR-FCM-Z3YR_dataset-revision-67990f383ac8f169c9a00148febba1ed357e18e8_name-data_import.data_raw_potential-batches-1_seed-42_transformation-cofactor-5	cydefine[3f57bdcdec41]	unfiltered	num-1	run0	16665728	28	1287	59783.5	10045380	7805.268065268066	2.363870750798249
dataset_name-FR-FCM-Z3YR_dataset-revision-67990f383ac8f169c9a00148febba1ed357e18e8_name-data_import.data_raw_potential-batches-1_seed-42_transformation-cofactor-5	cydefine[3f57bdcdec41]	unfiltered	num-2	run0	16671781	28	1291	59806.5	10049130	7783.989155693261	2.36393320919196
dataset_name-FR-FCM-Z3YR_dataset-revision-67990f383ac8f169c9a00148febba1ed357e18e8_name-data_import.data_raw_potential-batches-1_seed-42_transformation-cofactor-5	cydefine[3f57bdcdec41]	unfiltered	num-3	run0	16028386	28	1253	57659	9667226	7715.264166001596	2.362980441594017
dataset_name-FR-FCM-Z3YR_dataset-revision-67990f383ac8f169c9a00148febba1ed357e18e8_name-data_import.data_raw_potential-batches-1_seed-42_transformation-cofactor-5	cydefine[3f57bdcdec41]	unfiltered	num-4	run0	16163956	28	1255	58228	9748168	7767.464541832669	2.3625176428125534
dataset_name-FR-FCM-Z3YR_dataset-revision-67990f383ac8f169c9a00148febba1ed357e18e8_name-data_import.data_raw_potential-batches-1_seed-42_transformation-cofactor-5	cydefine[3f57bdcdec41]	unfiltered	num-5	run0	16114380	28	1244	57528.5	9715414	7809.818327974276	2.3632974139031964
dataset_name-FR-FCM-Z3YR_dataset-revision-67990f383ac8f169c9a00148febba1ed357e18e8_name-data_import.data_raw_potential-batches-1_seed-42_transformation-cofactor-5	cygate	drop-both	num-1	run0	16665728	28	1287	59783.5	10045380	7805.268065268066	2.363870750798249
dataset_name-FR-FCM-Z3YR_dataset-revision-67990f383ac8f169c9a00148febba1ed357e18e8_name-data_import.data_raw_potential-batches-1_seed-42_transformation-cofactor-5	cygate	drop-both	num-2	run0	16671781	28	1291	59806.5	10049130	7783.989155693261	2.36393320919196
dataset_name-FR-FCM-Z3YR_dataset-revision-67990f383ac8f169c9a00148febba1ed357e18e8_name-data_import.data_raw_potential-batches-1_seed-42_transformation-cofactor-5	cygate	drop-both	num-3	run0	16028386	28	1253	57659	9667226	7715.264166001596	2.362980441594017
dataset_name-FR-FCM-Z3YR_dataset-revision-67990f383ac8f169c9a00148febba1ed357e18e8_name-data_import.data_raw_potential-batches-1_seed-42_transformation-cofactor-5	cygate	drop-both	num-4	run0	16163956	28	1255	58228	9748168	7767.464541832669	2.3625176428125534
dataset_name-FR-FCM-Z3YR_dataset-revision-67990f383ac8f169c9a00148febba1ed357e18e8_name-data_import.data_raw_potential-batches-1_seed-42_transformation-cofactor-5	cygate	drop-both	num-5	run0	16114380	28	1244	57528.5	9715414	7809.818327974276	2.3632974139031964
dataset_name-FR-FCM-Z3YR_dataset-revision-67990f383ac8f169c9a00148febba1ed357e18e8_name-data_import.data_raw_potential-batches-1_seed-42_transformation-cofactor-5	cygate	drop-train	num-1	run0	16665728	28	1287	59783.5	10045380	7805.268065268066	2.363870750798249
dataset_name-FR-FCM-Z3YR_dataset-revision-67990f383ac8f169c9a00148febba1ed357e18e8_name-data_import.data_raw_potential-batches-1_seed-42_transformation-cofactor-5	cygate	drop-train	num-2	run0	16671781	28	1291	59806.5	10049130	7783.989155693261	2.36393320919196
dataset_name-FR-FCM-Z3YR_dataset-revision-67990f383ac8f169c9a00148febba1ed357e18e8_name-data_import.data_raw_potential-batches-1_seed-42_transformation-cofactor-5	cygate	drop-train	num-3	run0	16028386	28	1253	57659	9667226	7715.264166001596	2.362980441594017
dataset_name-FR-FCM-Z3YR_dataset-revision-67990f383ac8f169c9a00148febba1ed357e18e8_name-data_import.data_raw_potential-batches-1_seed-42_transformation-cofactor-5	cygate	drop-train	num-4	run0	16163956	28	1255	58228	9748168	7767.464541832669	2.3625176428125534
dataset_name-FR-FCM-Z3YR_dataset-revision-67990f383ac8f169c9a00148febba1ed357e18e8_name-data_import.data_raw_potential-batches-1_seed-42_transformation-cofactor-5	cygate	drop-train	num-5	run0	16114380	28	1244	57528.5	9715414	7809.818327974276	2.3632974139031964
dataset_name-FR-FCM-Z3YR_dataset-revision-67990f383ac8f169c9a00148febba1ed357e18e8_name-data_import.data_raw_potential-batches-1_seed-42_transformation-cofactor-5	cygate	unfiltered	num-1	run0	16665728	28	1287	59783.5	10045380	7805.268065268066	2.363870750798249
dataset_name-FR-FCM-Z3YR_dataset-revision-67990f383ac8f169c9a00148febba1ed357e18e8_name-data_import.data_raw_potential-batches-1_seed-42_transformation-cofactor-5	cygate	unfiltered	num-2	run0	16671781	28	1291	59806.5	10049130	7783.989155693261	2.36393320919196
dataset_name-FR-FCM-Z3YR_dataset-revision-67990f383ac8f169c9a00148febba1ed357e18e8_name-data_import.data_raw_potential-batches-1_seed-42_transformation-cofactor-5	cygate	unfiltered	num-3	run0	16028386	28	1253	57659	9667226	7715.264166001596	2.362980441594017
dataset_name-FR-FCM-Z3YR_dataset-revision-67990f383ac8f169c9a00148febba1ed357e18e8_name-data_import.data_raw_potential-batches-1_seed-42_transformation-cofactor-5	cygate	unfiltered	num-4	run0	16163956	28	1255	58228	9748168	7767.464541832669	2.3625176428125534
dataset_name-FR-FCM-Z3YR_dataset-revision-67990f383ac8f169c9a00148febba1ed357e18e8_name-data_import.data_raw_potential-batches-1_seed-42_transformation-cofactor-5	cygate	unfiltered	num-5	run0	16114380	28	1244	57528.5	9715414	7809.818327974276	2.3632974139031964
dataset_name-FR-FCM-Z3YR_dataset-revision-67990f383ac8f169c9a00148febba1ed357e18e8_name-data_import.data_raw_potential-batches-1_seed-42_transformation-cofactor-5	dgcytof	drop-both	num-1	run0	16665728	28	1287	59783.5	10045380	7805.268065268066	2.363870750798249
dataset_name-FR-FCM-Z3YR_dataset-revision-67990f383ac8f169c9a00148febba1ed357e18e8_name-data_import.data_raw_potential-batches-1_seed-42_transformation-cofactor-5	dgcytof	drop-both	num-2	run0	16671781	28	1291	59806.5	10049130	7783.989155693261	2.36393320919196
dataset_name-FR-FCM-Z3YR_dataset-revision-67990f383ac8f169c9a00148febba1ed357e18e8_name-data_import.data_raw_potential-batches-1_seed-42_transformation-cofactor-5	dgcytof	drop-both	num-3	run0	16028386	28	1253	57659	9667226	7715.264166001596	2.362980441594017
dataset_name-FR-FCM-Z3YR_dataset-revision-67990f383ac8f169c9a00148febba1ed357e18e8_name-data_import.data_raw_potential-batches-1_seed-42_transformation-cofactor-5	dgcytof	drop-both	num-4	run0	16163956	28	1255	58228	9748168	7767.464541832669	2.3625176428125534
dataset_name-FR-FCM-Z3YR_dataset-revision-67990f383ac8f169c9a00148febba1ed357e18e8_name-data_import.data_raw_potential-batches-1_seed-42_transformation-cofactor-5	dgcytof	drop-both	num-5	run0	16114380	28	1244	57528.5	9715414	7809.818327974276	2.3632974139031964
dataset_name-FR-FCM-Z3YR_dataset-revision-67990f383ac8f169c9a00148febba1ed357e18e8_name-data_import.data_raw_potential-batches-1_seed-42_transformation-cofactor-5	dgcytof	drop-train	num-1	run0	16665728	28	1287	59783.5	10045380	7805.268065268066	2.363870750798249
dataset_name-FR-FCM-Z3YR_dataset-revision-67990f383ac8f169c9a00148febba1ed357e18e8_name-data_import.data_raw_potential-batches-1_seed-42_transformation-cofactor-5	dgcytof	drop-train	num-2	run0	16671781	28	1291	59806.5	10049130	7783.989155693261	2.36393320919196
dataset_name-FR-FCM-Z3YR_dataset-revision-67990f383ac8f169c9a00148febba1ed357e18e8_name-data_import.data_raw_potential-batches-1_seed-42_transformation-cofactor-5	dgcytof	drop-train	num-3	run0	16028386	28	1253	57659	9667226	7715.264166001596	2.362980441594017
dataset_name-FR-FCM-Z3YR_dataset-revision-67990f383ac8f169c9a00148febba1ed357e18e8_name-data_import.data_raw_potential-batches-1_seed-42_transformation-cofactor-5	dgcytof	drop-train	num-4	run0	16163956	28	1255	58228	9748168	7767.464541832669	2.3625176428125534
dataset_name-FR-FCM-Z3YR_dataset-revision-67990f383ac8f169c9a00148febba1ed357e18e8_name-data_import.data_raw_potential-batches-1_seed-42_transformation-cofactor-5	dgcytof	drop-train	num-5	run0	16114380	28	1244	57528.5	9715414	7809.818327974276	2.3632974139031964
dataset_name-FR-FCM-Z3YR_dataset-revision-67990f383ac8f169c9a00148febba1ed357e18e8_name-data_import.data_raw_potential-batches-1_seed-42_transformation-cofactor-5	dgcytof	unfiltered	num-1	run0	16665728	28	1287	59783.5	10045380	7805.268065268066	2.363870750798249
dataset_name-FR-FCM-Z3YR_dataset-revision-67990f383ac8f169c9a00148febba1ed357e18e8_name-data_import.data_raw_potential-batches-1_seed-42_transformation-cofactor-5	dgcytof	unfiltered	num-2	run0	16671781	28	1291	59806.5	10049130	7783.989155693261	2.36393320919196
dataset_name-FR-FCM-Z3YR_dataset-revision-67990f383ac8f169c9a00148febba1ed357e18e8_name-data_import.data_raw_potential-batches-1_seed-42_transformation-cofactor-5	dgcytof	unfiltered	num-3	run0	16028386	28	1253	57659	9667226	7715.264166001596	2.362980441594017
dataset_name-FR-FCM-Z3YR_dataset-revision-67990f383ac8f169c9a00148febba1ed357e18e8_name-data_import.data_raw_potential-batches-1_seed-42_transformation-cofactor-5	dgcytof	unfiltered	num-4	run0	16163956	28	1255	58228	9748168	7767.464541832669	2.3625176428125534
dataset_name-FR-FCM-Z3YR_dataset-revision-67990f383ac8f169c9a00148febba1ed357e18e8_name-data_import.data_raw_potential-batches-1_seed-42_transformation-cofactor-5	dgcytof	unfiltered	num-5	run0	16114380	28	1244	57528.5	9715414	7809.818327974276	2.3632974139031964
dataset_name-FR-FCM-Z3YR_dataset-revision-67990f383ac8f169c9a00148febba1ed357e18e8_name-data_import.data_raw_potential-batches-1_seed-42_transformation-cofactor-5	knn	drop-both	num-1	run0	16665728	28	1287	59783.5	10045380	7805.268065268066	2.363870750798249
dataset_name-FR-FCM-Z3YR_dataset-revision-67990f383ac8f169c9a00148febba1ed357e18e8_name-data_import.data_raw_potential-batches-1_seed-42_transformation-cofactor-5	knn	drop-both	num-2	run0	16671781	28	1291	59806.5	10049130	7783.989155693261	2.36393320919196
dataset_name-FR-FCM-Z3YR_dataset-revision-67990f383ac8f169c9a00148febba1ed357e18e8_name-data_import.data_raw_potential-batches-1_seed-42_transformation-cofactor-5	knn	drop-both	num-3	run0	16028386	28	1253	57659	9667226	7715.264166001596	2.362980441594017
dataset_name-FR-FCM-Z3YR_dataset-revision-67990f383ac8f169c9a00148febba1ed357e18e8_name-data_import.data_raw_potential-batches-1_seed-42_transformation-cofactor-5	knn	drop-both	num-4	run0	16163956	28	1255	58228	9748168	7767.464541832669	2.3625176428125534
dataset_name-FR-FCM-Z3YR_dataset-revision-67990f383ac8f169c9a00148febba1ed357e18e8_name-data_import.data_raw_potential-batches-1_seed-42_transformation-cofactor-5	knn	drop-both	num-5	run0	16114380	28	1244	57528.5	9715414	7809.818327974276	2.3632974139031964
dataset_name-FR-FCM-Z3YR_dataset-revision-67990f383ac8f169c9a00148febba1ed357e18e8_name-data_import.data_raw_potential-batches-1_seed-42_transformation-cofactor-5	knn	drop-train	num-1	run0	16665728	28	1287	59783.5	10045380	7805.268065268066	2.363870750798249
dataset_name-FR-FCM-Z3YR_dataset-revision-67990f383ac8f169c9a00148febba1ed357e18e8_name-data_import.data_raw_potential-batches-1_seed-42_transformation-cofactor-5	knn	drop-train	num-2	run0	16671781	28	1291	59806.5	10049130	7783.989155693261	2.36393320919196
dataset_name-FR-FCM-Z3YR_dataset-revision-67990f383ac8f169c9a00148febba1ed357e18e8_name-data_import.data_raw_potential-batches-1_seed-42_transformation-cofactor-5	knn	drop-train	num-3	run0	16028386	28	1253	57659	9667226	7715.264166001596	2.362980441594017
dataset_name-FR-FCM-Z3YR_dataset-revision-67990f383ac8f169c9a00148febba1ed357e18e8_name-data_import.data_raw_potential-batches-1_seed-42_transformation-cofactor-5	knn	drop-train	num-4	run0	16163956	28	1255	58228	9748168	7767.464541832669	2.3625176428125534
dataset_name-FR-FCM-Z3YR_dataset-revision-67990f383ac8f169c9a00148febba1ed357e18e8_name-data_import.data_raw_potential-batches-1_seed-42_transformation-cofactor-5	knn	drop-train	num-5	run0	16114380	28	1244	57528.5	9715414	7809.818327974276	2.3632974139031964
dataset_name-FR-FCM-Z3YR_dataset-revision-67990f383ac8f169c9a00148febba1ed357e18e8_name-data_import.data_raw_potential-batches-1_seed-42_transformation-cofactor-5	knn	unfiltered	num-1	run0	16665728	28	1287	59783.5	10045380	7805.268065268066	2.363870750798249
dataset_name-FR-FCM-Z3YR_dataset-revision-67990f383ac8f169c9a00148febba1ed357e18e8_name-data_import.data_raw_potential-batches-1_seed-42_transformation-cofactor-5	knn	unfiltered	num-2	run0	16671781	28	1291	59806.5	10049130	7783.989155693261	2.36393320919196
dataset_name-FR-FCM-Z3YR_dataset-revision-67990f383ac8f169c9a00148febba1ed357e18e8_name-data_import.data_raw_potential-batches-1_seed-42_transformation-cofactor-5	knn	unfiltered	num-3	run0	16028386	28	1253	57659	9667226	7715.264166001596	2.362980441594017
dataset_name-FR-FCM-Z3YR_dataset-revision-67990f383ac8f169c9a00148febba1ed357e18e8_name-data_import.data_raw_potential-batches-1_seed-42_transformation-cofactor-5	knn	unfiltered	num-4	run0	16163956	28	1255	58228	9748168	7767.464541832669	2.3625176428125534
dataset_name-FR-FCM-Z3YR_dataset-revision-67990f383ac8f169c9a00148febba1ed357e18e8_name-data_import.data_raw_potential-batches-1_seed-42_transformation-cofactor-5	knn	unfiltered	num-5	run0	16114380	28	1244	57528.5	9715414	7809.818327974276	2.3632974139031964
dataset_name-FR-FCM-Z3YR_dataset-revision-67990f383ac8f169c9a00148febba1ed357e18e8_name-data_import.data_raw_potential-batches-1_seed-42_transformation-cofactor-5	lda	drop-both	num-1	run0	16665728	28	1287	59783.5	10045380	7805.268065268066	2.363870750798249
dataset_name-FR-FCM-Z3YR_dataset-revision-67990f383ac8f169c9a00148febba1ed357e18e8_name-data_import.data_raw_potential-batches-1_seed-42_transformation-cofactor-5	lda	drop-both	num-2	run0	16671781	28	1291	59806.5	10049130	7783.989155693261	2.36393320919196
dataset_name-FR-FCM-Z3YR_dataset-revision-67990f383ac8f169c9a00148febba1ed357e18e8_name-data_import.data_raw_potential-batches-1_seed-42_transformation-cofactor-5	lda	drop-both	num-3	run0	16028386	28	1253	57659	9667226	7715.264166001596	2.362980441594017
dataset_name-FR-FCM-Z3YR_dataset-revision-67990f383ac8f169c9a00148febba1ed357e18e8_name-data_import.data_raw_potential-batches-1_seed-42_transformation-cofactor-5	lda	drop-both	num-4	run0	16163956	28	1255	58228	9748168	7767.464541832669	2.3625176428125534
dataset_name-FR-FCM-Z3YR_dataset-revision-67990f383ac8f169c9a00148febba1ed357e18e8_name-data_import.data_raw_potential-batches-1_seed-42_transformation-cofactor-5	lda	drop-both	num-5	run0	16114380	28	1244	57528.5	9715414	7809.818327974276	2.3632974139031964
dataset_name-FR-FCM-Z3YR_dataset-revision-67990f383ac8f169c9a00148febba1ed357e18e8_name-data_import.data_raw_potential-batches-1_seed-42_transformation-cofactor-5	lda	drop-train	num-1	run0	16665728	28	1287	59783.5	10045380	7805.268065268066	2.363870750798249
dataset_name-FR-FCM-Z3YR_dataset-revision-67990f383ac8f169c9a00148febba1ed357e18e8_name-data_import.data_raw_potential-batches-1_seed-42_transformation-cofactor-5	lda	drop-train	num-2	run0	16671781	28	1291	59806.5	10049130	7783.989155693261	2.36393320919196
dataset_name-FR-FCM-Z3YR_dataset-revision-67990f383ac8f169c9a00148febba1ed357e18e8_name-data_import.data_raw_potential-batches-1_seed-42_transformation-cofactor-5	lda	drop-train	num-3	run0	16028386	28	1253	57659	9667226	7715.264166001596	2.362980441594017
dataset_name-FR-FCM-Z3YR_dataset-revision-67990f383ac8f169c9a00148febba1ed357e18e8_name-data_import.data_raw_potential-batches-1_seed-42_transformation-cofactor-5	lda	drop-train	num-4	run0	16163956	28	1255	58228	9748168	7767.464541832669	2.3625176428125534
dataset_name-FR-FCM-Z3YR_dataset-revision-67990f383ac8f169c9a00148febba1ed357e18e8_name-data_import.data_raw_potential-batches-1_seed-42_transformation-cofactor-5	lda	drop-train	num-5	run0	16114380	28	1244	57528.5	9715414	7809.818327974276	2.3632974139031964
dataset_name-FR-FCM-Z3YR_dataset-revision-67990f383ac8f169c9a00148febba1ed357e18e8_name-data_import.data_raw_potential-batches-1_seed-42_transformation-cofactor-5	lda	unfiltered	num-1	run0	16665728	28	1287	59783.5	10045380	7805.268065268066	2.363870750798249
dataset_name-FR-FCM-Z3YR_dataset-revision-67990f383ac8f169c9a00148febba1ed357e18e8_name-data_import.data_raw_potential-batches-1_seed-42_transformation-cofactor-5	lda	unfiltered	num-2	run0	16671781	28	1291	59806.5	10049130	7783.989155693261	2.36393320919196
dataset_name-FR-FCM-Z3YR_dataset-revision-67990f383ac8f169c9a00148febba1ed357e18e8_name-data_import.data_raw_potential-batches-1_seed-42_transformation-cofactor-5	lda	unfiltered	num-3	run0	16028386	28	1253	57659	9667226	7715.264166001596	2.362980441594017
dataset_name-FR-FCM-Z3YR_dataset-revision-67990f383ac8f169c9a00148febba1ed357e18e8_name-data_import.data_raw_potential-batches-1_seed-42_transformation-cofactor-5	lda	unfiltered	num-4	run0	16163956	28	1255	58228	9748168	7767.464541832669	2.3625176428125534
dataset_name-FR-FCM-Z3YR_dataset-revision-67990f383ac8f169c9a00148febba1ed357e18e8_name-data_import.data_raw_potential-batches-1_seed-42_transformation-cofactor-5	lda	unfiltered	num-5	run0	16114380	28	1244	57528.5	9715414	7809.818327974276	2.3632974139031964
dataset_name-FR-FCM-Z3YR_dataset-revision-67990f383ac8f169c9a00148febba1ed357e18e8_name-data_import.data_raw_potential-batches-1_seed-42_transformation-cofactor-5	random	drop-both	num-1	run0	16665728	28	1287	59783.5	10045380	7805.268065268066	2.363870750798249
dataset_name-FR-FCM-Z3YR_dataset-revision-67990f383ac8f169c9a00148febba1ed357e18e8_name-data_import.data_raw_potential-batches-1_seed-42_transformation-cofactor-5	random	drop-both	num-2	run0	16671781	28	1291	59806.5	10049130	7783.989155693261	2.36393320919196
dataset_name-FR-FCM-Z3YR_dataset-revision-67990f383ac8f169c9a00148febba1ed357e18e8_name-data_import.data_raw_potential-batches-1_seed-42_transformation-cofactor-5	random	drop-both	num-3	run0	16028386	28	1253	57659	9667226	7715.264166001596	2.362980441594017
dataset_name-FR-FCM-Z3YR_dataset-revision-67990f383ac8f169c9a00148febba1ed357e18e8_name-data_import.data_raw_potential-batches-1_seed-42_transformation-cofactor-5	random	drop-both	num-4	run0	16163956	28	1255	58228	9748168	7767.464541832669	2.3625176428125534
dataset_name-FR-FCM-Z3YR_dataset-revision-67990f383ac8f169c9a00148febba1ed357e18e8_name-data_import.data_raw_potential-batches-1_seed-42_transformation-cofactor-5	random	drop-both	num-5	run0	16114380	28	1244	57528.5	9715414	7809.818327974276	2.3632974139031964
dataset_name-FR-FCM-Z3YR_dataset-revision-67990f383ac8f169c9a00148febba1ed357e18e8_name-data_import.data_raw_potential-batches-1_seed-42_transformation-cofactor-5	random	drop-train	num-1	run0	16665728	28	1287	59783.5	10045380	7805.268065268066	2.363870750798249
dataset_name-FR-FCM-Z3YR_dataset-revision-67990f383ac8f169c9a00148febba1ed357e18e8_name-data_import.data_raw_potential-batches-1_seed-42_transformation-cofactor-5	random	drop-train	num-2	run0	16671781	28	1291	59806.5	10049130	7783.989155693261	2.36393320919196
dataset_name-FR-FCM-Z3YR_dataset-revision-67990f383ac8f169c9a00148febba1ed357e18e8_name-data_import.data_raw_potential-batches-1_seed-42_transformation-cofactor-5	random	drop-train	num-3	run0	16028386	28	1253	57659	9667226	7715.264166001596	2.362980441594017
dataset_name-FR-FCM-Z3YR_dataset-revision-67990f383ac8f169c9a00148febba1ed357e18e8_name-data_import.data_raw_potential-batches-1_seed-42_transformation-cofactor-5	random	drop-train	num-4	run0	16163956	28	1255	58228	9748168	7767.464541832669	2.3625176428125534
dataset_name-FR-FCM-Z3YR_dataset-revision-67990f383ac8f169c9a00148febba1ed357e18e8_name-data_import.data_raw_potential-batches-1_seed-42_transformation-cofactor-5	random	drop-train	num-5	run0	16114380	28	1244	57528.5	9715414	7809.818327974276	2.3632974139031964
dataset_name-FR-FCM-Z3YR_dataset-revision-67990f383ac8f169c9a00148febba1ed357e18e8_name-data_import.data_raw_potential-batches-1_seed-42_transformation-cofactor-5	random	unfiltered	num-1	run0	16665728	28	1287	59783.5	10045380	7805.268065268066	2.363870750798249
dataset_name-FR-FCM-Z3YR_dataset-revision-67990f383ac8f169c9a00148febba1ed357e18e8_name-data_import.data_raw_potential-batches-1_seed-42_transformation-cofactor-5	random	unfiltered	num-2	run0	16671781	28	1291	59806.5	10049130	7783.989155693261	2.36393320919196
dataset_name-FR-FCM-Z3YR_dataset-revision-67990f383ac8f169c9a00148febba1ed357e18e8_name-data_import.data_raw_potential-batches-1_seed-42_transformation-cofactor-5	random	unfiltered	num-3	run0	16028386	28	1253	57659	9667226	7715.264166001596	2.362980441594017
dataset_name-FR-FCM-Z3YR_dataset-revision-67990f383ac8f169c9a00148febba1ed357e18e8_name-data_import.data_raw_potential-batches-1_seed-42_transformation-cofactor-5	random	unfiltered	num-4	run0	16163956	28	1255	58228	9748168	7767.464541832669	2.3625176428125534
dataset_name-FR-FCM-Z3YR_dataset-revision-67990f383ac8f169c9a00148febba1ed357e18e8_name-data_import.data_raw_potential-batches-1_seed-42_transformation-cofactor-5	random	unfiltered	num-5	run0	16114380	28	1244	57528.5	9715414	7809.818327974276	2.3632974139031964
dataset_name-FR-FCM-ZY34_dataset-revision-67990f383ac8f169c9a00148febba1ed357e18e8_name-data_import.data_raw_potential-batches-1_seed-42_transformation-cofactor-150	cyanno	drop-both	num-1	run0	6926231	18	1	8615.5	4265547	4265547	1.6457979087896535
dataset_name-FR-FCM-ZY34_dataset-revision-67990f383ac8f169c9a00148febba1ed357e18e8_name-data_import.data_raw_potential-batches-1_seed-42_transformation-cofactor-150	cyanno	drop-both	num-2	run0	6945752	18	1	8597.5	4276346	4276346	1.6463694762785432
dataset_name-FR-FCM-ZY34_dataset-revision-67990f383ac8f169c9a00148febba1ed357e18e8_name-data_import.data_raw_potential-batches-1_seed-42_transformation-cofactor-150	cyanno	drop-both	num-3	run0	6856433	18	1	8459	4233615	4233615	1.6460734309754808
dataset_name-FR-FCM-ZY34_dataset-revision-67990f383ac8f169c9a00148febba1ed357e18e8_name-data_import.data_raw_potential-batches-1_seed-42_transformation-cofactor-150	cyanno	drop-both	num-4	run0	6798173	18	1	8590.5	4162368	4162368	1.6533771346166415
dataset_name-FR-FCM-ZY34_dataset-revision-67990f383ac8f169c9a00148febba1ed357e18e8_name-data_import.data_raw_potential-batches-1_seed-42_transformation-cofactor-150	cyanno	drop-both	num-5	run0	6930370	18	1	8608	4240175	4240175	1.6577374192198364
dataset_name-FR-FCM-ZY34_dataset-revision-67990f383ac8f169c9a00148febba1ed357e18e8_name-data_import.data_raw_potential-batches-1_seed-42_transformation-cofactor-150	cyanno	drop-train	num-1	run0	6926231	18	1	8615.5	4265547	4265547	1.6457979087896535
dataset_name-FR-FCM-ZY34_dataset-revision-67990f383ac8f169c9a00148febba1ed357e18e8_name-data_import.data_raw_potential-batches-1_seed-42_transformation-cofactor-150	cyanno	drop-train	num-2	run0	6945752	18	1	8597.5	4276346	4276346	1.6463694762785432
dataset_name-FR-FCM-ZY34_dataset-revision-67990f383ac8f169c9a00148febba1ed357e18e8_name-data_import.data_raw_potential-batches-1_seed-42_transformation-cofactor-150	cyanno	drop-train	num-3	run0	6856433	18	1	8459	4233615	4233615	1.6460734309754808
dataset_name-FR-FCM-ZY34_dataset-revision-67990f383ac8f169c9a00148febba1ed357e18e8_name-data_import.data_raw_potential-batches-1_seed-42_transformation-cofactor-150	cyanno	drop-train	num-4	run0	6798173	18	1	8590.5	4162368	4162368	1.6533771346166415
dataset_name-FR-FCM-ZY34_dataset-revision-67990f383ac8f169c9a00148febba1ed357e18e8_name-data_import.data_raw_potential-batches-1_seed-42_transformation-cofactor-150	cyanno	drop-train	num-5	run0	6930370	18	1	8608	4240175	4240175	1.6577374192198364
dataset_name-FR-FCM-ZY34_dataset-revision-67990f383ac8f169c9a00148febba1ed357e18e8_name-data_import.data_raw_potential-batches-1_seed-42_transformation-cofactor-150	cyanno	unfiltered	num-1	run0	6926231	18	1	8615.5	4265547	4265547	1.6457979087896535
dataset_name-FR-FCM-ZY34_dataset-revision-67990f383ac8f169c9a00148febba1ed357e18e8_name-data_import.data_raw_potential-batches-1_seed-42_transformation-cofactor-150	cyanno	unfiltered	num-2	run0	6945752	18	1	8597.5	4276346	4276346	1.6463694762785432
dataset_name-FR-FCM-ZY34_dataset-revision-67990f383ac8f169c9a00148febba1ed357e18e8_name-data_import.data_raw_potential-batches-1_seed-42_transformation-cofactor-150	cyanno	unfiltered	num-3	run0	6856433	18	1	8459	4233615	4233615	1.6460734309754808
dataset_name-FR-FCM-ZY34_dataset-revision-67990f383ac8f169c9a00148febba1ed357e18e8_name-data_import.data_raw_potential-batches-1_seed-42_transformation-cofactor-150	cyanno	unfiltered	num-4	run0	6798173	18	1	8590.5	4162368	4162368	1.6533771346166415
dataset_name-FR-FCM-ZY34_dataset-revision-67990f383ac8f169c9a00148febba1ed357e18e8_name-data_import.data_raw_potential-batches-1_seed-42_transformation-cofactor-150	cyanno	unfiltered	num-5	run0	6930370	18	1	8608	4240175	4240175	1.6577374192198364
dataset_name-FR-FCM-ZY34_dataset-revision-67990f383ac8f169c9a00148febba1ed357e18e8_name-data_import.data_raw_potential-batches-1_seed-42_transformation-cofactor-150	cydefine[3f57bdcdec41]	drop-both	num-1	run0	6926231	18	1	8615.5	4265547	4265547	1.6457979087896535
dataset_name-FR-FCM-ZY34_dataset-revision-67990f383ac8f169c9a00148febba1ed357e18e8_name-data_import.data_raw_potential-batches-1_seed-42_transformation-cofactor-150	cydefine[3f57bdcdec41]	drop-both	num-2	run0	6945752	18	1	8597.5	4276346	4276346	1.6463694762785432
dataset_name-FR-FCM-ZY34_dataset-revision-67990f383ac8f169c9a00148febba1ed357e18e8_name-data_import.data_raw_potential-batches-1_seed-42_transformation-cofactor-150	cydefine[3f57bdcdec41]	drop-both	num-3	run0	6856433	18	1	8459	4233615	4233615	1.6460734309754808
dataset_name-FR-FCM-ZY34_dataset-revision-67990f383ac8f169c9a00148febba1ed357e18e8_name-data_import.data_raw_potential-batches-1_seed-42_transformation-cofactor-150	cydefine[3f57bdcdec41]	drop-both	num-4	run0	6798173	18	1	8590.5	4162368	4162368	1.6533771346166415
dataset_name-FR-FCM-ZY34_dataset-revision-67990f383ac8f169c9a00148febba1ed357e18e8_name-data_import.data_raw_potential-batches-1_seed-42_transformation-cofactor-150	cydefine[3f57bdcdec41]	drop-both	num-5	run0	6930370	18	1	8608	4240175	4240175	1.6577374192198364
dataset_name-FR-FCM-ZY34_dataset-revision-67990f383ac8f169c9a00148febba1ed357e18e8_name-data_import.data_raw_potential-batches-1_seed-42_transformation-cofactor-150	cydefine[3f57bdcdec41]	drop-train	num-1	run0	6926231	18	1	8615.5	4265547	4265547	1.6457979087896535
dataset_name-FR-FCM-ZY34_dataset-revision-67990f383ac8f169c9a00148febba1ed357e18e8_name-data_import.data_raw_potential-batches-1_seed-42_transformation-cofactor-150	cydefine[3f57bdcdec41]	drop-train	num-2	run0	6945752	18	1	8597.5	4276346	4276346	1.6463694762785432
dataset_name-FR-FCM-ZY34_dataset-revision-67990f383ac8f169c9a00148febba1ed357e18e8_name-data_import.data_raw_potential-batches-1_seed-42_transformation-cofactor-150	cydefine[3f57bdcdec41]	drop-train	num-3	run0	6856433	18	1	8459	4233615	4233615	1.6460734309754808
dataset_name-FR-FCM-ZY34_dataset-revision-67990f383ac8f169c9a00148febba1ed357e18e8_name-data_import.data_raw_potential-batches-1_seed-42_transformation-cofactor-150	cydefine[3f57bdcdec41]	drop-train	num-4	run0	6798173	18	1	8590.5	4162368	4162368	1.6533771346166415
dataset_name-FR-FCM-ZY34_dataset-revision-67990f383ac8f169c9a00148febba1ed357e18e8_name-data_import.data_raw_potential-batches-1_seed-42_transformation-cofactor-150	cydefine[3f57bdcdec41]	drop-train	num-5	run0	6930370	18	1	8608	4240175	4240175	1.6577374192198364
dataset_name-FR-FCM-ZY34_dataset-revision-67990f383ac8f169c9a00148febba1ed357e18e8_name-data_import.data_raw_potential-batches-1_seed-42_transformation-cofactor-150	cydefine[3f57bdcdec41]	unfiltered	num-1	run0	6926231	18	1	8615.5	4265547	4265547	1.6457979087896535
dataset_name-FR-FCM-ZY34_dataset-revision-67990f383ac8f169c9a00148febba1ed357e18e8_name-data_import.data_raw_potential-batches-1_seed-42_transformation-cofactor-150	cydefine[3f57bdcdec41]	unfiltered	num-2	run0	6945752	18	1	8597.5	4276346	4276346	1.6463694762785432
dataset_name-FR-FCM-ZY34_dataset-revision-67990f383ac8f169c9a00148febba1ed357e18e8_name-data_import.data_raw_potential-batches-1_seed-42_transformation-cofactor-150	cydefine[3f57bdcdec41]	unfiltered	num-3	run0	6856433	18	1	8459	4233615	4233615	1.6460734309754808
dataset_name-FR-FCM-ZY34_dataset-revision-67990f383ac8f169c9a00148febba1ed357e18e8_name-data_import.data_raw_potential-batches-1_seed-42_transformation-cofactor-150	cydefine[3f57bdcdec41]	unfiltered	num-4	run0	6798173	18	1	8590.5	4162368	4162368	1.6533771346166415
dataset_name-FR-FCM-ZY34_dataset-revision-67990f383ac8f169c9a00148febba1ed357e18e8_name-data_import.data_raw_potential-batches-1_seed-42_transformation-cofactor-150	cydefine[3f57bdcdec41]	unfiltered	num-5	run0	6930370	18	1	8608	4240175	4240175	1.6577374192198364
dataset_name-FR-FCM-ZY34_dataset-revision-67990f383ac8f169c9a00148febba1ed357e18e8_name-data_import.data_raw_potential-batches-1_seed-42_transformation-cofactor-150	cygate	drop-both	num-1	run0	6926231	18	1	8615.5	4265547	4265547	1.6457979087896535
dataset_name-FR-FCM-ZY34_dataset-revision-67990f383ac8f169c9a00148febba1ed357e18e8_name-data_import.data_raw_potential-batches-1_seed-42_transformation-cofactor-150	cygate	drop-both	num-2	run0	6945752	18	1	8597.5	4276346	4276346	1.6463694762785432
dataset_name-FR-FCM-ZY34_dataset-revision-67990f383ac8f169c9a00148febba1ed357e18e8_name-data_import.data_raw_potential-batches-1_seed-42_transformation-cofactor-150	cygate	drop-both	num-3	run0	6856433	18	1	8459	4233615	4233615	1.6460734309754808
dataset_name-FR-FCM-ZY34_dataset-revision-67990f383ac8f169c9a00148febba1ed357e18e8_name-data_import.data_raw_potential-batches-1_seed-42_transformation-cofactor-150	cygate	drop-both	num-4	run0	6798173	18	1	8590.5	4162368	4162368	1.6533771346166415
dataset_name-FR-FCM-ZY34_dataset-revision-67990f383ac8f169c9a00148febba1ed357e18e8_name-data_import.data_raw_potential-batches-1_seed-42_transformation-cofactor-150	cygate	drop-both	num-5	run0	6930370	18	1	8608	4240175	4240175	1.6577374192198364
dataset_name-FR-FCM-ZY34_dataset-revision-67990f383ac8f169c9a00148febba1ed357e18e8_name-data_import.data_raw_potential-batches-1_seed-42_transformation-cofactor-150	cygate	drop-train	num-1	run0	6926231	18	1	8615.5	4265547	4265547	1.6457979087896535
dataset_name-FR-FCM-ZY34_dataset-revision-67990f383ac8f169c9a00148febba1ed357e18e8_name-data_import.data_raw_potential-batches-1_seed-42_transformation-cofactor-150	cygate	drop-train	num-2	run0	6945752	18	1	8597.5	4276346	4276346	1.6463694762785432
dataset_name-FR-FCM-ZY34_dataset-revision-67990f383ac8f169c9a00148febba1ed357e18e8_name-data_import.data_raw_potential-batches-1_seed-42_transformation-cofactor-150	cygate	drop-train	num-3	run0	6856433	18	1	8459	4233615	4233615	1.6460734309754808
dataset_name-FR-FCM-ZY34_dataset-revision-67990f383ac8f169c9a00148febba1ed357e18e8_name-data_import.data_raw_potential-batches-1_seed-42_transformation-cofactor-150	cygate	drop-train	num-4	run0	6798173	18	1	8590.5	4162368	4162368	1.6533771346166415
dataset_name-FR-FCM-ZY34_dataset-revision-67990f383ac8f169c9a00148febba1ed357e18e8_name-data_import.data_raw_potential-batches-1_seed-42_transformation-cofactor-150	cygate	drop-train	num-5	run0	6930370	18	1	8608	4240175	4240175	1.6577374192198364
dataset_name-FR-FCM-ZY34_dataset-revision-67990f383ac8f169c9a00148febba1ed357e18e8_name-data_import.data_raw_potential-batches-1_seed-42_transformation-cofactor-150	cygate	unfiltered	num-1	run0	6926231	18	1	8615.5	4265547	4265547	1.6457979087896535
dataset_name-FR-FCM-ZY34_dataset-revision-67990f383ac8f169c9a00148febba1ed357e18e8_name-data_import.data_raw_potential-batches-1_seed-42_transformation-cofactor-150	cygate	unfiltered	num-2	run0	6945752	18	1	8597.5	4276346	4276346	1.6463694762785432
dataset_name-FR-FCM-ZY34_dataset-revision-67990f383ac8f169c9a00148febba1ed357e18e8_name-data_import.data_raw_potential-batches-1_seed-42_transformation-cofactor-150	cygate	unfiltered	num-3	run0	6856433	18	1	8459	4233615	4233615	1.6460734309754808
dataset_name-FR-FCM-ZY34_dataset-revision-67990f383ac8f169c9a00148febba1ed357e18e8_name-data_import.data_raw_potential-batches-1_seed-42_transformation-cofactor-150	cygate	unfiltered	num-4	run0	6798173	18	1	8590.5	4162368	4162368	1.6533771346166415
dataset_name-FR-FCM-ZY34_dataset-revision-67990f383ac8f169c9a00148febba1ed357e18e8_name-data_import.data_raw_potential-batches-1_seed-42_transformation-cofactor-150	cygate	unfiltered	num-5	run0	6930370	18	1	8608	4240175	4240175	1.6577374192198364
dataset_name-FR-FCM-ZY34_dataset-revision-67990f383ac8f169c9a00148febba1ed357e18e8_name-data_import.data_raw_potential-batches-1_seed-42_transformation-cofactor-150	dgcytof	drop-both	num-1	run0	6926231	18	1	8615.5	4265547	4265547	1.6457979087896535
dataset_name-FR-FCM-ZY34_dataset-revision-67990f383ac8f169c9a00148febba1ed357e18e8_name-data_import.data_raw_potential-batches-1_seed-42_transformation-cofactor-150	dgcytof	drop-both	num-2	run0	6945752	18	1	8597.5	4276346	4276346	1.6463694762785432
dataset_name-FR-FCM-ZY34_dataset-revision-67990f383ac8f169c9a00148febba1ed357e18e8_name-data_import.data_raw_potential-batches-1_seed-42_transformation-cofactor-150	dgcytof	drop-both	num-3	run0	6856433	18	1	8459	4233615	4233615	1.6460734309754808
dataset_name-FR-FCM-ZY34_dataset-revision-67990f383ac8f169c9a00148febba1ed357e18e8_name-data_import.data_raw_potential-batches-1_seed-42_transformation-cofactor-150	dgcytof	drop-both	num-4	run0	6798173	18	1	8590.5	4162368	4162368	1.6533771346166415
dataset_name-FR-FCM-ZY34_dataset-revision-67990f383ac8f169c9a00148febba1ed357e18e8_name-data_import.data_raw_potential-batches-1_seed-42_transformation-cofactor-150	dgcytof	drop-both	num-5	run0	6930370	18	1	8608	4240175	4240175	1.6577374192198364
dataset_name-FR-FCM-ZY34_dataset-revision-67990f383ac8f169c9a00148febba1ed357e18e8_name-data_import.data_raw_potential-batches-1_seed-42_transformation-cofactor-150	dgcytof	drop-train	num-1	run0	6926231	18	1	8615.5	4265547	4265547	1.6457979087896535
dataset_name-FR-FCM-ZY34_dataset-revision-67990f383ac8f169c9a00148febba1ed357e18e8_name-data_import.data_raw_potential-batches-1_seed-42_transformation-cofactor-150	dgcytof	drop-train	num-2	run0	6945752	18	1	8597.5	4276346	4276346	1.6463694762785432
dataset_name-FR-FCM-ZY34_dataset-revision-67990f383ac8f169c9a00148febba1ed357e18e8_name-data_import.data_raw_potential-batches-1_seed-42_transformation-cofactor-150	dgcytof	drop-train	num-3	run0	6856433	18	1	8459	4233615	4233615	1.6460734309754808
dataset_name-FR-FCM-ZY34_dataset-revision-67990f383ac8f169c9a00148febba1ed357e18e8_name-data_import.data_raw_potential-batches-1_seed-42_transformation-cofactor-150	dgcytof	drop-train	num-4	run0	6798173	18	1	8590.5	4162368	4162368	1.6533771346166415
dataset_name-FR-FCM-ZY34_dataset-revision-67990f383ac8f169c9a00148febba1ed357e18e8_name-data_import.data_raw_potential-batches-1_seed-42_transformation-cofactor-150	dgcytof	drop-train	num-5	run0	6930370	18	1	8608	4240175	4240175	1.6577374192198364
dataset_name-FR-FCM-ZY34_dataset-revision-67990f383ac8f169c9a00148febba1ed357e18e8_name-data_import.data_raw_potential-batches-1_seed-42_transformation-cofactor-150	dgcytof	unfiltered	num-1	run0	6926231	18	1	8615.5	4265547	4265547	1.6457979087896535
dataset_name-FR-FCM-ZY34_dataset-revision-67990f383ac8f169c9a00148febba1ed357e18e8_name-data_import.data_raw_potential-batches-1_seed-42_transformation-cofactor-150	dgcytof	unfiltered	num-2	run0	6945752	18	1	8597.5	4276346	4276346	1.6463694762785432
dataset_name-FR-FCM-ZY34_dataset-revision-67990f383ac8f169c9a00148febba1ed357e18e8_name-data_import.data_raw_potential-batches-1_seed-42_transformation-cofactor-150	dgcytof	unfiltered	num-3	run0	6856433	18	1	8459	4233615	4233615	1.6460734309754808
dataset_name-FR-FCM-ZY34_dataset-revision-67990f383ac8f169c9a00148febba1ed357e18e8_name-data_import.data_raw_potential-batches-1_seed-42_transformation-cofactor-150	dgcytof	unfiltered	num-4	run0	6798173	18	1	8590.5	4162368	4162368	1.6533771346166415
dataset_name-FR-FCM-ZY34_dataset-revision-67990f383ac8f169c9a00148febba1ed357e18e8_name-data_import.data_raw_potential-batches-1_seed-42_transformation-cofactor-150	dgcytof	unfiltered	num-5	run0	6930370	18	1	8608	4240175	4240175	1.6577374192198364
dataset_name-FR-FCM-ZY34_dataset-revision-67990f383ac8f169c9a00148febba1ed357e18e8_name-data_import.data_raw_potential-batches-1_seed-42_transformation-cofactor-150	gatemeclass[E]	drop-both	num-1	run0	6926231	18	1	8615.5	4265547	4265547	1.6457979087896535
dataset_name-FR-FCM-ZY34_dataset-revision-67990f383ac8f169c9a00148febba1ed357e18e8_name-data_import.data_raw_potential-batches-1_seed-42_transformation-cofactor-150	gatemeclass[E]	drop-both	num-2	run0	6945752	18	1	8597.5	4276346	4276346	1.6463694762785432
dataset_name-FR-FCM-ZY34_dataset-revision-67990f383ac8f169c9a00148febba1ed357e18e8_name-data_import.data_raw_potential-batches-1_seed-42_transformation-cofactor-150	gatemeclass[E]	drop-both	num-3	run0	6856433	18	1	8459	4233615	4233615	1.6460734309754808
dataset_name-FR-FCM-ZY34_dataset-revision-67990f383ac8f169c9a00148febba1ed357e18e8_name-data_import.data_raw_potential-batches-1_seed-42_transformation-cofactor-150	gatemeclass[E]	drop-both	num-4	run0	6798173	18	1	8590.5	4162368	4162368	1.6533771346166415
dataset_name-FR-FCM-ZY34_dataset-revision-67990f383ac8f169c9a00148febba1ed357e18e8_name-data_import.data_raw_potential-batches-1_seed-42_transformation-cofactor-150	gatemeclass[E]	drop-both	num-5	run0	6930370	18	1	8608	4240175	4240175	1.6577374192198364
dataset_name-FR-FCM-ZY34_dataset-revision-67990f383ac8f169c9a00148febba1ed357e18e8_name-data_import.data_raw_potential-batches-1_seed-42_transformation-cofactor-150	gatemeclass[E]	drop-train	num-1	run0	6926231	18	1	8615.5	4265547	4265547	1.6457979087896535
dataset_name-FR-FCM-ZY34_dataset-revision-67990f383ac8f169c9a00148febba1ed357e18e8_name-data_import.data_raw_potential-batches-1_seed-42_transformation-cofactor-150	gatemeclass[E]	drop-train	num-2	run0	6945752	18	1	8597.5	4276346	4276346	1.6463694762785432
dataset_name-FR-FCM-ZY34_dataset-revision-67990f383ac8f169c9a00148febba1ed357e18e8_name-data_import.data_raw_potential-batches-1_seed-42_transformation-cofactor-150	gatemeclass[E]	drop-train	num-3	run0	6856433	18	1	8459	4233615	4233615	1.6460734309754808
dataset_name-FR-FCM-ZY34_dataset-revision-67990f383ac8f169c9a00148febba1ed357e18e8_name-data_import.data_raw_potential-batches-1_seed-42_transformation-cofactor-150	gatemeclass[E]	drop-train	num-4	run0	6798173	18	1	8590.5	4162368	4162368	1.6533771346166415
dataset_name-FR-FCM-ZY34_dataset-revision-67990f383ac8f169c9a00148febba1ed357e18e8_name-data_import.data_raw_potential-batches-1_seed-42_transformation-cofactor-150	gatemeclass[E]	drop-train	num-5	run0	6930370	18	1	8608	4240175	4240175	1.6577374192198364
dataset_name-FR-FCM-ZY34_dataset-revision-67990f383ac8f169c9a00148febba1ed357e18e8_name-data_import.data_raw_potential-batches-1_seed-42_transformation-cofactor-150	gatemeclass[E]	unfiltered	num-1	run0	6926231	18	1	8615.5	4265547	4265547	1.6457979087896535
dataset_name-FR-FCM-ZY34_dataset-revision-67990f383ac8f169c9a00148febba1ed357e18e8_name-data_import.data_raw_potential-batches-1_seed-42_transformation-cofactor-150	gatemeclass[E]	unfiltered	num-2	run0	6945752	18	1	8597.5	4276346	4276346	1.6463694762785432
dataset_name-FR-FCM-ZY34_dataset-revision-67990f383ac8f169c9a00148febba1ed357e18e8_name-data_import.data_raw_potential-batches-1_seed-42_transformation-cofactor-150	gatemeclass[E]	unfiltered	num-3	run0	6856433	18	1	8459	4233615	4233615	1.6460734309754808
dataset_name-FR-FCM-ZY34_dataset-revision-67990f383ac8f169c9a00148febba1ed357e18e8_name-data_import.data_raw_potential-batches-1_seed-42_transformation-cofactor-150	gatemeclass[E]	unfiltered	num-4	run0	6798173	18	1	8590.5	4162368	4162368	1.6533771346166415
dataset_name-FR-FCM-ZY34_dataset-revision-67990f383ac8f169c9a00148febba1ed357e18e8_name-data_import.data_raw_potential-batches-1_seed-42_transformation-cofactor-150	gatemeclass[E]	unfiltered	num-5	run0	6930370	18	1	8608	4240175	4240175	1.6577374192198364
dataset_name-FR-FCM-ZY34_dataset-revision-67990f383ac8f169c9a00148febba1ed357e18e8_name-data_import.data_raw_potential-batches-1_seed-42_transformation-cofactor-150	gatemeclass[V]	drop-both	num-1	run0	6926231	18	1	8615.5	4265547	4265547	1.6457979087896535
dataset_name-FR-FCM-ZY34_dataset-revision-67990f383ac8f169c9a00148febba1ed357e18e8_name-data_import.data_raw_potential-batches-1_seed-42_transformation-cofactor-150	gatemeclass[V]	drop-both	num-2	run0	6945752	18	1	8597.5	4276346	4276346	1.6463694762785432
dataset_name-FR-FCM-ZY34_dataset-revision-67990f383ac8f169c9a00148febba1ed357e18e8_name-data_import.data_raw_potential-batches-1_seed-42_transformation-cofactor-150	gatemeclass[V]	drop-both	num-3	run0	6856433	18	1	8459	4233615	4233615	1.6460734309754808
dataset_name-FR-FCM-ZY34_dataset-revision-67990f383ac8f169c9a00148febba1ed357e18e8_name-data_import.data_raw_potential-batches-1_seed-42_transformation-cofactor-150	gatemeclass[V]	drop-both	num-4	run0	6798173	18	1	8590.5	4162368	4162368	1.6533771346166415
dataset_name-FR-FCM-ZY34_dataset-revision-67990f383ac8f169c9a00148febba1ed357e18e8_name-data_import.data_raw_potential-batches-1_seed-42_transformation-cofactor-150	gatemeclass[V]	drop-both	num-5	run0	6930370	18	1	8608	4240175	4240175	1.6577374192198364
dataset_name-FR-FCM-ZY34_dataset-revision-67990f383ac8f169c9a00148febba1ed357e18e8_name-data_import.data_raw_potential-batches-1_seed-42_transformation-cofactor-150	gatemeclass[V]	drop-train	num-1	run0	6926231	18	1	8615.5	4265547	4265547	1.6457979087896535
dataset_name-FR-FCM-ZY34_dataset-revision-67990f383ac8f169c9a00148febba1ed357e18e8_name-data_import.data_raw_potential-batches-1_seed-42_transformation-cofactor-150	gatemeclass[V]	drop-train	num-2	run0	6945752	18	1	8597.5	4276346	4276346	1.6463694762785432
dataset_name-FR-FCM-ZY34_dataset-revision-67990f383ac8f169c9a00148febba1ed357e18e8_name-data_import.data_raw_potential-batches-1_seed-42_transformation-cofactor-150	gatemeclass[V]	drop-train	num-3	run0	6856433	18	1	8459	4233615	4233615	1.6460734309754808
dataset_name-FR-FCM-ZY34_dataset-revision-67990f383ac8f169c9a00148febba1ed357e18e8_name-data_import.data_raw_potential-batches-1_seed-42_transformation-cofactor-150	gatemeclass[V]	drop-train	num-4	run0	6798173	18	1	8590.5	4162368	4162368	1.6533771346166415
dataset_name-FR-FCM-ZY34_dataset-revision-67990f383ac8f169c9a00148febba1ed357e18e8_name-data_import.data_raw_potential-batches-1_seed-42_transformation-cofactor-150	gatemeclass[V]	drop-train	num-5	run0	6930370	18	1	8608	4240175	4240175	1.6577374192198364
dataset_name-FR-FCM-ZY34_dataset-revision-67990f383ac8f169c9a00148febba1ed357e18e8_name-data_import.data_raw_potential-batches-1_seed-42_transformation-cofactor-150	gatemeclass[V]	unfiltered	num-1	run0	6926231	18	1	8615.5	4265547	4265547	1.6457979087896535
dataset_name-FR-FCM-ZY34_dataset-revision-67990f383ac8f169c9a00148febba1ed357e18e8_name-data_import.data_raw_potential-batches-1_seed-42_transformation-cofactor-150	gatemeclass[V]	unfiltered	num-2	run0	6945752	18	1	8597.5	4276346	4276346	1.6463694762785432
dataset_name-FR-FCM-ZY34_dataset-revision-67990f383ac8f169c9a00148febba1ed357e18e8_name-data_import.data_raw_potential-batches-1_seed-42_transformation-cofactor-150	gatemeclass[V]	unfiltered	num-3	run0	6856433	18	1	8459	4233615	4233615	1.6460734309754808
dataset_name-FR-FCM-ZY34_dataset-revision-67990f383ac8f169c9a00148febba1ed357e18e8_name-data_import.data_raw_potential-batches-1_seed-42_transformation-cofactor-150	gatemeclass[V]	unfiltered	num-4	run0	6798173	18	1	8590.5	4162368	4162368	1.6533771346166415
dataset_name-FR-FCM-ZY34_dataset-revision-67990f383ac8f169c9a00148febba1ed357e18e8_name-data_import.data_raw_potential-batches-1_seed-42_transformation-cofactor-150	gatemeclass[V]	unfiltered	num-5	run0	6930370	18	1	8608	4240175	4240175	1.6577374192198364
dataset_name-FR-FCM-ZY34_dataset-revision-67990f383ac8f169c9a00148febba1ed357e18e8_name-data_import.data_raw_potential-batches-1_seed-42_transformation-cofactor-150	knn	drop-both	num-1	run0	6926231	18	1	8615.5	4265547	4265547	1.6457979087896535
dataset_name-FR-FCM-ZY34_dataset-revision-67990f383ac8f169c9a00148febba1ed357e18e8_name-data_import.data_raw_potential-batches-1_seed-42_transformation-cofactor-150	knn	drop-both	num-2	run0	6945752	18	1	8597.5	4276346	4276346	1.6463694762785432
dataset_name-FR-FCM-ZY34_dataset-revision-67990f383ac8f169c9a00148febba1ed357e18e8_name-data_import.data_raw_potential-batches-1_seed-42_transformation-cofactor-150	knn	drop-both	num-3	run0	6856433	18	1	8459	4233615	4233615	1.6460734309754808
dataset_name-FR-FCM-ZY34_dataset-revision-67990f383ac8f169c9a00148febba1ed357e18e8_name-data_import.data_raw_potential-batches-1_seed-42_transformation-cofactor-150	knn	drop-both	num-4	run0	6798173	18	1	8590.5	4162368	4162368	1.6533771346166415
dataset_name-FR-FCM-ZY34_dataset-revision-67990f383ac8f169c9a00148febba1ed357e18e8_name-data_import.data_raw_potential-batches-1_seed-42_transformation-cofactor-150	knn	drop-both	num-5	run0	6930370	18	1	8608	4240175	4240175	1.6577374192198364
dataset_name-FR-FCM-ZY34_dataset-revision-67990f383ac8f169c9a00148febba1ed357e18e8_name-data_import.data_raw_potential-batches-1_seed-42_transformation-cofactor-150	knn	drop-train	num-1	run0	6926231	18	1	8615.5	4265547	4265547	1.6457979087896535
dataset_name-FR-FCM-ZY34_dataset-revision-67990f383ac8f169c9a00148febba1ed357e18e8_name-data_import.data_raw_potential-batches-1_seed-42_transformation-cofactor-150	knn	drop-train	num-2	run0	6945752	18	1	8597.5	4276346	4276346	1.6463694762785432
dataset_name-FR-FCM-ZY34_dataset-revision-67990f383ac8f169c9a00148febba1ed357e18e8_name-data_import.data_raw_potential-batches-1_seed-42_transformation-cofactor-150	knn	drop-train	num-3	run0	6856433	18	1	8459	4233615	4233615	1.6460734309754808
dataset_name-FR-FCM-ZY34_dataset-revision-67990f383ac8f169c9a00148febba1ed357e18e8_name-data_import.data_raw_potential-batches-1_seed-42_transformation-cofactor-150	knn	drop-train	num-4	run0	6798173	18	1	8590.5	4162368	4162368	1.6533771346166415
dataset_name-FR-FCM-ZY34_dataset-revision-67990f383ac8f169c9a00148febba1ed357e18e8_name-data_import.data_raw_potential-batches-1_seed-42_transformation-cofactor-150	knn	drop-train	num-5	run0	6930370	18	1	8608	4240175	4240175	1.6577374192198364
dataset_name-FR-FCM-ZY34_dataset-revision-67990f383ac8f169c9a00148febba1ed357e18e8_name-data_import.data_raw_potential-batches-1_seed-42_transformation-cofactor-150	knn	unfiltered	num-1	run0	6926231	18	1	8615.5	4265547	4265547	1.6457979087896535
dataset_name-FR-FCM-ZY34_dataset-revision-67990f383ac8f169c9a00148febba1ed357e18e8_name-data_import.data_raw_potential-batches-1_seed-42_transformation-cofactor-150	knn	unfiltered	num-2	run0	6945752	18	1	8597.5	4276346	4276346	1.6463694762785432
dataset_name-FR-FCM-ZY34_dataset-revision-67990f383ac8f169c9a00148febba1ed357e18e8_name-data_import.data_raw_potential-batches-1_seed-42_transformation-cofactor-150	knn	unfiltered	num-3	run0	6856433	18	1	8459	4233615	4233615	1.6460734309754808
dataset_name-FR-FCM-ZY34_dataset-revision-67990f383ac8f169c9a00148febba1ed357e18e8_name-data_import.data_raw_potential-batches-1_seed-42_transformation-cofactor-150	knn	unfiltered	num-4	run0	6798173	18	1	8590.5	4162368	4162368	1.6533771346166415
dataset_name-FR-FCM-ZY34_dataset-revision-67990f383ac8f169c9a00148febba1ed357e18e8_name-data_import.data_raw_potential-batches-1_seed-42_transformation-cofactor-150	knn	unfiltered	num-5	run0	6930370	18	1	8608	4240175	4240175	1.6577374192198364
dataset_name-FR-FCM-ZY34_dataset-revision-67990f383ac8f169c9a00148febba1ed357e18e8_name-data_import.data_raw_potential-batches-1_seed-42_transformation-cofactor-150	lda	drop-both	num-1	run0	6926231	18	1	8615.5	4265547	4265547	1.6457979087896535
dataset_name-FR-FCM-ZY34_dataset-revision-67990f383ac8f169c9a00148febba1ed357e18e8_name-data_import.data_raw_potential-batches-1_seed-42_transformation-cofactor-150	lda	drop-both	num-2	run0	6945752	18	1	8597.5	4276346	4276346	1.6463694762785432
dataset_name-FR-FCM-ZY34_dataset-revision-67990f383ac8f169c9a00148febba1ed357e18e8_name-data_import.data_raw_potential-batches-1_seed-42_transformation-cofactor-150	lda	drop-both	num-3	run0	6856433	18	1	8459	4233615	4233615	1.6460734309754808
dataset_name-FR-FCM-ZY34_dataset-revision-67990f383ac8f169c9a00148febba1ed357e18e8_name-data_import.data_raw_potential-batches-1_seed-42_transformation-cofactor-150	lda	drop-both	num-4	run0	6798173	18	1	8590.5	4162368	4162368	1.6533771346166415
dataset_name-FR-FCM-ZY34_dataset-revision-67990f383ac8f169c9a00148febba1ed357e18e8_name-data_import.data_raw_potential-batches-1_seed-42_transformation-cofactor-150	lda	drop-both	num-5	run0	6930370	18	1	8608	4240175	4240175	1.6577374192198364
dataset_name-FR-FCM-ZY34_dataset-revision-67990f383ac8f169c9a00148febba1ed357e18e8_name-data_import.data_raw_potential-batches-1_seed-42_transformation-cofactor-150	lda	drop-train	num-1	run0	6926231	18	1	8615.5	4265547	4265547	1.6457979087896535
dataset_name-FR-FCM-ZY34_dataset-revision-67990f383ac8f169c9a00148febba1ed357e18e8_name-data_import.data_raw_potential-batches-1_seed-42_transformation-cofactor-150	lda	drop-train	num-2	run0	6945752	18	1	8597.5	4276346	4276346	1.6463694762785432
dataset_name-FR-FCM-ZY34_dataset-revision-67990f383ac8f169c9a00148febba1ed357e18e8_name-data_import.data_raw_potential-batches-1_seed-42_transformation-cofactor-150	lda	drop-train	num-3	run0	6856433	18	1	8459	4233615	4233615	1.6460734309754808
dataset_name-FR-FCM-ZY34_dataset-revision-67990f383ac8f169c9a00148febba1ed357e18e8_name-data_import.data_raw_potential-batches-1_seed-42_transformation-cofactor-150	lda	drop-train	num-4	run0	6798173	18	1	8590.5	4162368	4162368	1.6533771346166415
dataset_name-FR-FCM-ZY34_dataset-revision-67990f383ac8f169c9a00148febba1ed357e18e8_name-data_import.data_raw_potential-batches-1_seed-42_transformation-cofactor-150	lda	drop-train	num-5	run0	6930370	18	1	8608	4240175	4240175	1.6577374192198364
dataset_name-FR-FCM-ZY34_dataset-revision-67990f383ac8f169c9a00148febba1ed357e18e8_name-data_import.data_raw_potential-batches-1_seed-42_transformation-cofactor-150	lda	unfiltered	num-1	run0	6926231	18	1	8615.5	4265547	4265547	1.6457979087896535
dataset_name-FR-FCM-ZY34_dataset-revision-67990f383ac8f169c9a00148febba1ed357e18e8_name-data_import.data_raw_potential-batches-1_seed-42_transformation-cofactor-150	lda	unfiltered	num-2	run0	6945752	18	1	8597.5	4276346	4276346	1.6463694762785432
dataset_name-FR-FCM-ZY34_dataset-revision-67990f383ac8f169c9a00148febba1ed357e18e8_name-data_import.data_raw_potential-batches-1_seed-42_transformation-cofactor-150	lda	unfiltered	num-3	run0	6856433	18	1	8459	4233615	4233615	1.6460734309754808
dataset_name-FR-FCM-ZY34_dataset-revision-67990f383ac8f169c9a00148febba1ed357e18e8_name-data_import.data_raw_potential-batches-1_seed-42_transformation-cofactor-150	lda	unfiltered	num-4	run0	6798173	18	1	8590.5	4162368	4162368	1.6533771346166415
dataset_name-FR-FCM-ZY34_dataset-revision-67990f383ac8f169c9a00148febba1ed357e18e8_name-data_import.data_raw_potential-batches-1_seed-42_transformation-cofactor-150	lda	unfiltered	num-5	run0	6930370	18	1	8608	4240175	4240175	1.6577374192198364
dataset_name-FR-FCM-ZY34_dataset-revision-67990f383ac8f169c9a00148febba1ed357e18e8_name-data_import.data_raw_potential-batches-1_seed-42_transformation-cofactor-150	random	drop-both	num-1	run0	6926231	18	1	8615.5	4265547	4265547	1.6457979087896535
dataset_name-FR-FCM-ZY34_dataset-revision-67990f383ac8f169c9a00148febba1ed357e18e8_name-data_import.data_raw_potential-batches-1_seed-42_transformation-cofactor-150	random	drop-both	num-2	run0	6945752	18	1	8597.5	4276346	4276346	1.6463694762785432
dataset_name-FR-FCM-ZY34_dataset-revision-67990f383ac8f169c9a00148febba1ed357e18e8_name-data_import.data_raw_potential-batches-1_seed-42_transformation-cofactor-150	random	drop-both	num-3	run0	6856433	18	1	8459	4233615	4233615	1.6460734309754808
dataset_name-FR-FCM-ZY34_dataset-revision-67990f383ac8f169c9a00148febba1ed357e18e8_name-data_import.data_raw_potential-batches-1_seed-42_transformation-cofactor-150	random	drop-both	num-4	run0	6798173	18	1	8590.5	4162368	4162368	1.6533771346166415
dataset_name-FR-FCM-ZY34_dataset-revision-67990f383ac8f169c9a00148febba1ed357e18e8_name-data_import.data_raw_potential-batches-1_seed-42_transformation-cofactor-150	random	drop-both	num-5	run0	6930370	18	1	8608	4240175	4240175	1.6577374192198364
dataset_name-FR-FCM-ZY34_dataset-revision-67990f383ac8f169c9a00148febba1ed357e18e8_name-data_import.data_raw_potential-batches-1_seed-42_transformation-cofactor-150	random	drop-train	num-1	run0	6926231	18	1	8615.5	4265547	4265547	1.6457979087896535
dataset_name-FR-FCM-ZY34_dataset-revision-67990f383ac8f169c9a00148febba1ed357e18e8_name-data_import.data_raw_potential-batches-1_seed-42_transformation-cofactor-150	random	drop-train	num-2	run0	6945752	18	1	8597.5	4276346	4276346	1.6463694762785432
dataset_name-FR-FCM-ZY34_dataset-revision-67990f383ac8f169c9a00148febba1ed357e18e8_name-data_import.data_raw_potential-batches-1_seed-42_transformation-cofactor-150	random	drop-train	num-3	run0	6856433	18	1	8459	4233615	4233615	1.6460734309754808
dataset_name-FR-FCM-ZY34_dataset-revision-67990f383ac8f169c9a00148febba1ed357e18e8_name-data_import.data_raw_potential-batches-1_seed-42_transformation-cofactor-150	random	drop-train	num-4	run0	6798173	18	1	8590.5	4162368	4162368	1.6533771346166415
dataset_name-FR-FCM-ZY34_dataset-revision-67990f383ac8f169c9a00148febba1ed357e18e8_name-data_import.data_raw_potential-batches-1_seed-42_transformation-cofactor-150	random	drop-train	num-5	run0	6930370	18	1	8608	4240175	4240175	1.6577374192198364
dataset_name-FR-FCM-ZY34_dataset-revision-67990f383ac8f169c9a00148febba1ed357e18e8_name-data_import.data_raw_potential-batches-1_seed-42_transformation-cofactor-150	random	unfiltered	num-1	run0	6926231	18	1	8615.5	4265547	4265547	1.6457979087896535
dataset_name-FR-FCM-ZY34_dataset-revision-67990f383ac8f169c9a00148febba1ed357e18e8_name-data_import.data_raw_potential-batches-1_seed-42_transformation-cofactor-150	random	unfiltered	num-2	run0	6945752	18	1	8597.5	4276346	4276346	1.6463694762785432
dataset_name-FR-FCM-ZY34_dataset-revision-67990f383ac8f169c9a00148febba1ed357e18e8_name-data_import.data_raw_potential-batches-1_seed-42_transformation-cofactor-150	random	unfiltered	num-3	run0	6856433	18	1	8459	4233615	4233615	1.6460734309754808
dataset_name-FR-FCM-ZY34_dataset-revision-67990f383ac8f169c9a00148febba1ed357e18e8_name-data_import.data_raw_potential-batches-1_seed-42_transformation-cofactor-150	random	unfiltered	num-4	run0	6798173	18	1	8590.5	4162368	4162368	1.6533771346166415
dataset_name-FR-FCM-ZY34_dataset-revision-67990f383ac8f169c9a00148febba1ed357e18e8_name-data_import.data_raw_potential-batches-1_seed-42_transformation-cofactor-150	random	unfiltered	num-5	run0	6930370	18	1	8608	4240175	4240175	1.6577374192198364
dataset_name-FR-FCM-ZYVT_dataset-revision-67990f383ac8f169c9a00148febba1ed357e18e8_name-data_import.data_raw_potential-batches-1_seed-42_transformation-cofactor-150	cyanno	drop-both	num-1	run0	3638597	4	64	552571.5	2533390	39584.21875	1.07401613238369
dataset_name-FR-FCM-ZYVT_dataset-revision-67990f383ac8f169c9a00148febba1ed357e18e8_name-data_import.data_raw_potential-batches-1_seed-42_transformation-cofactor-150	cyanno	drop-both	num-2	run0	3613186	4	64	530654	2551814	39872.09375	1.0599712244856043
dataset_name-FR-FCM-ZYVT_dataset-revision-67990f383ac8f169c9a00148febba1ed357e18e8_name-data_import.data_raw_potential-batches-1_seed-42_transformation-cofactor-150	cyanno	drop-both	num-3	run0	3665187	4	64	554899	2555325	39926.953125	1.0718267966221444
dataset_name-FR-FCM-ZYVT_dataset-revision-67990f383ac8f169c9a00148febba1ed357e18e8_name-data_import.data_raw_potential-batches-1_seed-42_transformation-cofactor-150	cyanno	drop-both	num-4	run0	3605758	4	60	554346.5	2497005	41616.75	1.0803926504838877
dataset_name-FR-FCM-ZYVT_dataset-revision-67990f383ac8f169c9a00148febba1ed357e18e8_name-data_import.data_raw_potential-batches-1_seed-42_transformation-cofactor-150	cyanno	drop-both	num-5	run0	3629582	4	63	530293	2568933	40776.71428571428	1.0569025413733537
dataset_name-FR-FCM-ZYVT_dataset-revision-67990f383ac8f169c9a00148febba1ed357e18e8_name-data_import.data_raw_potential-batches-1_seed-42_transformation-cofactor-150	cyanno	drop-train	num-1	run0	3638597	4	64	552571.5	2533390	39584.21875	1.07401613238369
dataset_name-FR-FCM-ZYVT_dataset-revision-67990f383ac8f169c9a00148febba1ed357e18e8_name-data_import.data_raw_potential-batches-1_seed-42_transformation-cofactor-150	cyanno	drop-train	num-2	run0	3613186	4	64	530654	2551814	39872.09375	1.0599712244856043
dataset_name-FR-FCM-ZYVT_dataset-revision-67990f383ac8f169c9a00148febba1ed357e18e8_name-data_import.data_raw_potential-batches-1_seed-42_transformation-cofactor-150	cyanno	drop-train	num-3	run0	3665187	4	64	554899	2555325	39926.953125	1.0718267966221444
dataset_name-FR-FCM-ZYVT_dataset-revision-67990f383ac8f169c9a00148febba1ed357e18e8_name-data_import.data_raw_potential-batches-1_seed-42_transformation-cofactor-150	cyanno	drop-train	num-4	run0	3605758	4	60	554346.5	2497005	41616.75	1.0803926504838877
dataset_name-FR-FCM-ZYVT_dataset-revision-67990f383ac8f169c9a00148febba1ed357e18e8_name-data_import.data_raw_potential-batches-1_seed-42_transformation-cofactor-150	cyanno	drop-train	num-5	run0	3629582	4	63	530293	2568933	40776.71428571428	1.0569025413733537
dataset_name-FR-FCM-ZYVT_dataset-revision-67990f383ac8f169c9a00148febba1ed357e18e8_name-data_import.data_raw_potential-batches-1_seed-42_transformation-cofactor-150	cyanno	unfiltered	num-1	run0	3638597	4	64	552571.5	2533390	39584.21875	1.07401613238369
dataset_name-FR-FCM-ZYVT_dataset-revision-67990f383ac8f169c9a00148febba1ed357e18e8_name-data_import.data_raw_potential-batches-1_seed-42_transformation-cofactor-150	cyanno	unfiltered	num-2	run0	3613186	4	64	530654	2551814	39872.09375	1.0599712244856043
dataset_name-FR-FCM-ZYVT_dataset-revision-67990f383ac8f169c9a00148febba1ed357e18e8_name-data_import.data_raw_potential-batches-1_seed-42_transformation-cofactor-150	cyanno	unfiltered	num-3	run0	3665187	4	64	554899	2555325	39926.953125	1.0718267966221444
dataset_name-FR-FCM-ZYVT_dataset-revision-67990f383ac8f169c9a00148febba1ed357e18e8_name-data_import.data_raw_potential-batches-1_seed-42_transformation-cofactor-150	cyanno	unfiltered	num-4	run0	3605758	4	60	554346.5	2497005	41616.75	1.0803926504838877
dataset_name-FR-FCM-ZYVT_dataset-revision-67990f383ac8f169c9a00148febba1ed357e18e8_name-data_import.data_raw_potential-batches-1_seed-42_transformation-cofactor-150	cyanno	unfiltered	num-5	run0	3629582	4	63	530293	2568933	40776.71428571428	1.0569025413733537
dataset_name-FR-FCM-ZYVT_dataset-revision-67990f383ac8f169c9a00148febba1ed357e18e8_name-data_import.data_raw_potential-batches-1_seed-42_transformation-cofactor-150	cydefine[3f57bdcdec41]	drop-both	num-1	run0	3638597	4	64	552571.5	2533390	39584.21875	1.07401613238369
dataset_name-FR-FCM-ZYVT_dataset-revision-67990f383ac8f169c9a00148febba1ed357e18e8_name-data_import.data_raw_potential-batches-1_seed-42_transformation-cofactor-150	cydefine[3f57bdcdec41]	drop-both	num-2	run0	3613186	4	64	530654	2551814	39872.09375	1.0599712244856043
dataset_name-FR-FCM-ZYVT_dataset-revision-67990f383ac8f169c9a00148febba1ed357e18e8_name-data_import.data_raw_potential-batches-1_seed-42_transformation-cofactor-150	cydefine[3f57bdcdec41]	drop-both	num-3	run0	3665187	4	64	554899	2555325	39926.953125	1.0718267966221444
dataset_name-FR-FCM-ZYVT_dataset-revision-67990f383ac8f169c9a00148febba1ed357e18e8_name-data_import.data_raw_potential-batches-1_seed-42_transformation-cofactor-150	cydefine[3f57bdcdec41]	drop-both	num-4	run0	3605758	4	60	554346.5	2497005	41616.75	1.0803926504838877
dataset_name-FR-FCM-ZYVT_dataset-revision-67990f383ac8f169c9a00148febba1ed357e18e8_name-data_import.data_raw_potential-batches-1_seed-42_transformation-cofactor-150	cydefine[3f57bdcdec41]	drop-both	num-5	run0	3629582	4	63	530293	2568933	40776.71428571428	1.0569025413733537
dataset_name-FR-FCM-ZYVT_dataset-revision-67990f383ac8f169c9a00148febba1ed357e18e8_name-data_import.data_raw_potential-batches-1_seed-42_transformation-cofactor-150	cydefine[3f57bdcdec41]	drop-train	num-1	run0	3638597	4	64	552571.5	2533390	39584.21875	1.07401613238369
dataset_name-FR-FCM-ZYVT_dataset-revision-67990f383ac8f169c9a00148febba1ed357e18e8_name-data_import.data_raw_potential-batches-1_seed-42_transformation-cofactor-150	cydefine[3f57bdcdec41]	drop-train	num-2	run0	3613186	4	64	530654	2551814	39872.09375	1.0599712244856043
dataset_name-FR-FCM-ZYVT_dataset-revision-67990f383ac8f169c9a00148febba1ed357e18e8_name-data_import.data_raw_potential-batches-1_seed-42_transformation-cofactor-150	cydefine[3f57bdcdec41]	drop-train	num-3	run0	3665187	4	64	554899	2555325	39926.953125	1.0718267966221444
dataset_name-FR-FCM-ZYVT_dataset-revision-67990f383ac8f169c9a00148febba1ed357e18e8_name-data_import.data_raw_potential-batches-1_seed-42_transformation-cofactor-150	cydefine[3f57bdcdec41]	drop-train	num-4	run0	3605758	4	60	554346.5	2497005	41616.75	1.0803926504838877
dataset_name-FR-FCM-ZYVT_dataset-revision-67990f383ac8f169c9a00148febba1ed357e18e8_name-data_import.data_raw_potential-batches-1_seed-42_transformation-cofactor-150	cydefine[3f57bdcdec41]	drop-train	num-5	run0	3629582	4	63	530293	2568933	40776.71428571428	1.0569025413733537
dataset_name-FR-FCM-ZYVT_dataset-revision-67990f383ac8f169c9a00148febba1ed357e18e8_name-data_import.data_raw_potential-batches-1_seed-42_transformation-cofactor-150	cydefine[3f57bdcdec41]	unfiltered	num-1	run0	3638597	4	64	552571.5	2533390	39584.21875	1.07401613238369
dataset_name-FR-FCM-ZYVT_dataset-revision-67990f383ac8f169c9a00148febba1ed357e18e8_name-data_import.data_raw_potential-batches-1_seed-42_transformation-cofactor-150	cydefine[3f57bdcdec41]	unfiltered	num-2	run0	3613186	4	64	530654	2551814	39872.09375	1.0599712244856043
dataset_name-FR-FCM-ZYVT_dataset-revision-67990f383ac8f169c9a00148febba1ed357e18e8_name-data_import.data_raw_potential-batches-1_seed-42_transformation-cofactor-150	cydefine[3f57bdcdec41]	unfiltered	num-3	run0	3665187	4	64	554899	2555325	39926.953125	1.0718267966221444
dataset_name-FR-FCM-ZYVT_dataset-revision-67990f383ac8f169c9a00148febba1ed357e18e8_name-data_import.data_raw_potential-batches-1_seed-42_transformation-cofactor-150	cydefine[3f57bdcdec41]	unfiltered	num-4	run0	3605758	4	60	554346.5	2497005	41616.75	1.0803926504838877
dataset_name-FR-FCM-ZYVT_dataset-revision-67990f383ac8f169c9a00148febba1ed357e18e8_name-data_import.data_raw_potential-batches-1_seed-42_transformation-cofactor-150	cydefine[3f57bdcdec41]	unfiltered	num-5	run0	3629582	4	63	530293	2568933	40776.71428571428	1.0569025413733537
dataset_name-FR-FCM-ZYVT_dataset-revision-67990f383ac8f169c9a00148febba1ed357e18e8_name-data_import.data_raw_potential-batches-1_seed-42_transformation-cofactor-150	cygate	drop-both	num-1	run0	3638597	4	64	552571.5	2533390	39584.21875	1.07401613238369
dataset_name-FR-FCM-ZYVT_dataset-revision-67990f383ac8f169c9a00148febba1ed357e18e8_name-data_import.data_raw_potential-batches-1_seed-42_transformation-cofactor-150	cygate	drop-both	num-2	run0	3613186	4	64	530654	2551814	39872.09375	1.0599712244856043
dataset_name-FR-FCM-ZYVT_dataset-revision-67990f383ac8f169c9a00148febba1ed357e18e8_name-data_import.data_raw_potential-batches-1_seed-42_transformation-cofactor-150	cygate	drop-both	num-3	run0	3665187	4	64	554899	2555325	39926.953125	1.0718267966221444
dataset_name-FR-FCM-ZYVT_dataset-revision-67990f383ac8f169c9a00148febba1ed357e18e8_name-data_import.data_raw_potential-batches-1_seed-42_transformation-cofactor-150	cygate	drop-both	num-4	run0	3605758	4	60	554346.5	2497005	41616.75	1.0803926504838877
dataset_name-FR-FCM-ZYVT_dataset-revision-67990f383ac8f169c9a00148febba1ed357e18e8_name-data_import.data_raw_potential-batches-1_seed-42_transformation-cofactor-150	cygate	drop-both	num-5	run0	3629582	4	63	530293	2568933	40776.71428571428	1.0569025413733537
dataset_name-FR-FCM-ZYVT_dataset-revision-67990f383ac8f169c9a00148febba1ed357e18e8_name-data_import.data_raw_potential-batches-1_seed-42_transformation-cofactor-150	cygate	drop-train	num-1	run0	3638597	4	64	552571.5	2533390	39584.21875	1.07401613238369
dataset_name-FR-FCM-ZYVT_dataset-revision-67990f383ac8f169c9a00148febba1ed357e18e8_name-data_import.data_raw_potential-batches-1_seed-42_transformation-cofactor-150	cygate	drop-train	num-2	run0	3613186	4	64	530654	2551814	39872.09375	1.0599712244856043
dataset_name-FR-FCM-ZYVT_dataset-revision-67990f383ac8f169c9a00148febba1ed357e18e8_name-data_import.data_raw_potential-batches-1_seed-42_transformation-cofactor-150	cygate	drop-train	num-3	run0	3665187	4	64	554899	2555325	39926.953125	1.0718267966221444
dataset_name-FR-FCM-ZYVT_dataset-revision-67990f383ac8f169c9a00148febba1ed357e18e8_name-data_import.data_raw_potential-batches-1_seed-42_transformation-cofactor-150	cygate	drop-train	num-4	run0	3605758	4	60	554346.5	2497005	41616.75	1.0803926504838877
dataset_name-FR-FCM-ZYVT_dataset-revision-67990f383ac8f169c9a00148febba1ed357e18e8_name-data_import.data_raw_potential-batches-1_seed-42_transformation-cofactor-150	cygate	drop-train	num-5	run0	3629582	4	63	530293	2568933	40776.71428571428	1.0569025413733537
dataset_name-FR-FCM-ZYVT_dataset-revision-67990f383ac8f169c9a00148febba1ed357e18e8_name-data_import.data_raw_potential-batches-1_seed-42_transformation-cofactor-150	cygate	unfiltered	num-1	run0	3638597	4	64	552571.5	2533390	39584.21875	1.07401613238369
dataset_name-FR-FCM-ZYVT_dataset-revision-67990f383ac8f169c9a00148febba1ed357e18e8_name-data_import.data_raw_potential-batches-1_seed-42_transformation-cofactor-150	cygate	unfiltered	num-2	run0	3613186	4	64	530654	2551814	39872.09375	1.0599712244856043
dataset_name-FR-FCM-ZYVT_dataset-revision-67990f383ac8f169c9a00148febba1ed357e18e8_name-data_import.data_raw_potential-batches-1_seed-42_transformation-cofactor-150	cygate	unfiltered	num-3	run0	3665187	4	64	554899	2555325	39926.953125	1.0718267966221444
dataset_name-FR-FCM-ZYVT_dataset-revision-67990f383ac8f169c9a00148febba1ed357e18e8_name-data_import.data_raw_potential-batches-1_seed-42_transformation-cofactor-150	cygate	unfiltered	num-4	run0	3605758	4	60	554346.5	2497005	41616.75	1.0803926504838877
dataset_name-FR-FCM-ZYVT_dataset-revision-67990f383ac8f169c9a00148febba1ed357e18e8_name-data_import.data_raw_potential-batches-1_seed-42_transformation-cofactor-150	cygate	unfiltered	num-5	run0	3629582	4	63	530293	2568933	40776.71428571428	1.0569025413733537
dataset_name-FR-FCM-ZYVT_dataset-revision-67990f383ac8f169c9a00148febba1ed357e18e8_name-data_import.data_raw_potential-batches-1_seed-42_transformation-cofactor-150	dgcytof	drop-both	num-1	run0	3638597	4	64	552571.5	2533390	39584.21875	1.07401613238369
dataset_name-FR-FCM-ZYVT_dataset-revision-67990f383ac8f169c9a00148febba1ed357e18e8_name-data_import.data_raw_potential-batches-1_seed-42_transformation-cofactor-150	dgcytof	drop-both	num-2	run0	3613186	4	64	530654	2551814	39872.09375	1.0599712244856043
dataset_name-FR-FCM-ZYVT_dataset-revision-67990f383ac8f169c9a00148febba1ed357e18e8_name-data_import.data_raw_potential-batches-1_seed-42_transformation-cofactor-150	dgcytof	drop-both	num-3	run0	3665187	4	64	554899	2555325	39926.953125	1.0718267966221444
dataset_name-FR-FCM-ZYVT_dataset-revision-67990f383ac8f169c9a00148febba1ed357e18e8_name-data_import.data_raw_potential-batches-1_seed-42_transformation-cofactor-150	dgcytof	drop-both	num-4	run0	3605758	4	60	554346.5	2497005	41616.75	1.0803926504838877
dataset_name-FR-FCM-ZYVT_dataset-revision-67990f383ac8f169c9a00148febba1ed357e18e8_name-data_import.data_raw_potential-batches-1_seed-42_transformation-cofactor-150	dgcytof	drop-both	num-5	run0	3629582	4	63	530293	2568933	40776.71428571428	1.0569025413733537
dataset_name-FR-FCM-ZYVT_dataset-revision-67990f383ac8f169c9a00148febba1ed357e18e8_name-data_import.data_raw_potential-batches-1_seed-42_transformation-cofactor-150	dgcytof	drop-train	num-1	run0	3638597	4	64	552571.5	2533390	39584.21875	1.07401613238369
dataset_name-FR-FCM-ZYVT_dataset-revision-67990f383ac8f169c9a00148febba1ed357e18e8_name-data_import.data_raw_potential-batches-1_seed-42_transformation-cofactor-150	dgcytof	drop-train	num-2	run0	3613186	4	64	530654	2551814	39872.09375	1.0599712244856043
dataset_name-FR-FCM-ZYVT_dataset-revision-67990f383ac8f169c9a00148febba1ed357e18e8_name-data_import.data_raw_potential-batches-1_seed-42_transformation-cofactor-150	dgcytof	drop-train	num-3	run0	3665187	4	64	554899	2555325	39926.953125	1.0718267966221444
dataset_name-FR-FCM-ZYVT_dataset-revision-67990f383ac8f169c9a00148febba1ed357e18e8_name-data_import.data_raw_potential-batches-1_seed-42_transformation-cofactor-150	dgcytof	drop-train	num-4	run0	3605758	4	60	554346.5	2497005	41616.75	1.0803926504838877
dataset_name-FR-FCM-ZYVT_dataset-revision-67990f383ac8f169c9a00148febba1ed357e18e8_name-data_import.data_raw_potential-batches-1_seed-42_transformation-cofactor-150	dgcytof	drop-train	num-5	run0	3629582	4	63	530293	2568933	40776.71428571428	1.0569025413733537
dataset_name-FR-FCM-ZYVT_dataset-revision-67990f383ac8f169c9a00148febba1ed357e18e8_name-data_import.data_raw_potential-batches-1_seed-42_transformation-cofactor-150	dgcytof	unfiltered	num-1	run0	3638597	4	64	552571.5	2533390	39584.21875	1.07401613238369
dataset_name-FR-FCM-ZYVT_dataset-revision-67990f383ac8f169c9a00148febba1ed357e18e8_name-data_import.data_raw_potential-batches-1_seed-42_transformation-cofactor-150	dgcytof	unfiltered	num-2	run0	3613186	4	64	530654	2551814	39872.09375	1.0599712244856043
dataset_name-FR-FCM-ZYVT_dataset-revision-67990f383ac8f169c9a00148febba1ed357e18e8_name-data_import.data_raw_potential-batches-1_seed-42_transformation-cofactor-150	dgcytof	unfiltered	num-3	run0	3665187	4	64	554899	2555325	39926.953125	1.0718267966221444
dataset_name-FR-FCM-ZYVT_dataset-revision-67990f383ac8f169c9a00148febba1ed357e18e8_name-data_import.data_raw_potential-batches-1_seed-42_transformation-cofactor-150	dgcytof	unfiltered	num-4	run0	3605758	4	60	554346.5	2497005	41616.75	1.0803926504838877
dataset_name-FR-FCM-ZYVT_dataset-revision-67990f383ac8f169c9a00148febba1ed357e18e8_name-data_import.data_raw_potential-batches-1_seed-42_transformation-cofactor-150	dgcytof	unfiltered	num-5	run0	3629582	4	63	530293	2568933	40776.71428571428	1.0569025413733537
dataset_name-FR-FCM-ZYVT_dataset-revision-67990f383ac8f169c9a00148febba1ed357e18e8_name-data_import.data_raw_potential-batches-1_seed-42_transformation-cofactor-150	gatemeclass[E]	drop-both	num-1	run0	3638597	4	64	552571.5	2533390	39584.21875	1.07401613238369
dataset_name-FR-FCM-ZYVT_dataset-revision-67990f383ac8f169c9a00148febba1ed357e18e8_name-data_import.data_raw_potential-batches-1_seed-42_transformation-cofactor-150	gatemeclass[E]	drop-both	num-2	run0	3613186	4	64	530654	2551814	39872.09375	1.0599712244856043
dataset_name-FR-FCM-ZYVT_dataset-revision-67990f383ac8f169c9a00148febba1ed357e18e8_name-data_import.data_raw_potential-batches-1_seed-42_transformation-cofactor-150	gatemeclass[E]	drop-both	num-3	run0	3665187	4	64	554899	2555325	39926.953125	1.0718267966221444
dataset_name-FR-FCM-ZYVT_dataset-revision-67990f383ac8f169c9a00148febba1ed357e18e8_name-data_import.data_raw_potential-batches-1_seed-42_transformation-cofactor-150	gatemeclass[E]	drop-both	num-4	run0	3605758	4	60	554346.5	2497005	41616.75	1.0803926504838877
dataset_name-FR-FCM-ZYVT_dataset-revision-67990f383ac8f169c9a00148febba1ed357e18e8_name-data_import.data_raw_potential-batches-1_seed-42_transformation-cofactor-150	gatemeclass[E]	drop-both	num-5	run0	3629582	4	63	530293	2568933	40776.71428571428	1.0569025413733537
dataset_name-FR-FCM-ZYVT_dataset-revision-67990f383ac8f169c9a00148febba1ed357e18e8_name-data_import.data_raw_potential-batches-1_seed-42_transformation-cofactor-150	gatemeclass[E]	drop-train	num-1	run0	3638597	4	64	552571.5	2533390	39584.21875	1.07401613238369
dataset_name-FR-FCM-ZYVT_dataset-revision-67990f383ac8f169c9a00148febba1ed357e18e8_name-data_import.data_raw_potential-batches-1_seed-42_transformation-cofactor-150	gatemeclass[E]	drop-train	num-2	run0	3613186	4	64	530654	2551814	39872.09375	1.0599712244856043
dataset_name-FR-FCM-ZYVT_dataset-revision-67990f383ac8f169c9a00148febba1ed357e18e8_name-data_import.data_raw_potential-batches-1_seed-42_transformation-cofactor-150	gatemeclass[E]	drop-train	num-3	run0	3665187	4	64	554899	2555325	39926.953125	1.0718267966221444
dataset_name-FR-FCM-ZYVT_dataset-revision-67990f383ac8f169c9a00148febba1ed357e18e8_name-data_import.data_raw_potential-batches-1_seed-42_transformation-cofactor-150	gatemeclass[E]	drop-train	num-4	run0	3605758	4	60	554346.5	2497005	41616.75	1.0803926504838877
dataset_name-FR-FCM-ZYVT_dataset-revision-67990f383ac8f169c9a00148febba1ed357e18e8_name-data_import.data_raw_potential-batches-1_seed-42_transformation-cofactor-150	gatemeclass[E]	drop-train	num-5	run0	3629582	4	63	530293	2568933	40776.71428571428	1.0569025413733537
dataset_name-FR-FCM-ZYVT_dataset-revision-67990f383ac8f169c9a00148febba1ed357e18e8_name-data_import.data_raw_potential-batches-1_seed-42_transformation-cofactor-150	gatemeclass[E]	unfiltered	num-1	run0	3638597	4	64	552571.5	2533390	39584.21875	1.07401613238369
dataset_name-FR-FCM-ZYVT_dataset-revision-67990f383ac8f169c9a00148febba1ed357e18e8_name-data_import.data_raw_potential-batches-1_seed-42_transformation-cofactor-150	gatemeclass[E]	unfiltered	num-2	run0	3613186	4	64	530654	2551814	39872.09375	1.0599712244856043
dataset_name-FR-FCM-ZYVT_dataset-revision-67990f383ac8f169c9a00148febba1ed357e18e8_name-data_import.data_raw_potential-batches-1_seed-42_transformation-cofactor-150	gatemeclass[E]	unfiltered	num-3	run0	3665187	4	64	554899	2555325	39926.953125	1.0718267966221444
dataset_name-FR-FCM-ZYVT_dataset-revision-67990f383ac8f169c9a00148febba1ed357e18e8_name-data_import.data_raw_potential-batches-1_seed-42_transformation-cofactor-150	gatemeclass[E]	unfiltered	num-4	run0	3605758	4	60	554346.5	2497005	41616.75	1.0803926504838877
dataset_name-FR-FCM-ZYVT_dataset-revision-67990f383ac8f169c9a00148febba1ed357e18e8_name-data_import.data_raw_potential-batches-1_seed-42_transformation-cofactor-150	gatemeclass[E]	unfiltered	num-5	run0	3629582	4	63	530293	2568933	40776.71428571428	1.0569025413733537
dataset_name-FR-FCM-ZYVT_dataset-revision-67990f383ac8f169c9a00148febba1ed357e18e8_name-data_import.data_raw_potential-batches-1_seed-42_transformation-cofactor-150	gatemeclass[V]	drop-both	num-1	run0	3638597	4	64	552571.5	2533390	39584.21875	1.07401613238369
dataset_name-FR-FCM-ZYVT_dataset-revision-67990f383ac8f169c9a00148febba1ed357e18e8_name-data_import.data_raw_potential-batches-1_seed-42_transformation-cofactor-150	gatemeclass[V]	drop-both	num-2	run0	3613186	4	64	530654	2551814	39872.09375	1.0599712244856043
dataset_name-FR-FCM-ZYVT_dataset-revision-67990f383ac8f169c9a00148febba1ed357e18e8_name-data_import.data_raw_potential-batches-1_seed-42_transformation-cofactor-150	gatemeclass[V]	drop-both	num-3	run0	3665187	4	64	554899	2555325	39926.953125	1.0718267966221444
dataset_name-FR-FCM-ZYVT_dataset-revision-67990f383ac8f169c9a00148febba1ed357e18e8_name-data_import.data_raw_potential-batches-1_seed-42_transformation-cofactor-150	gatemeclass[V]	drop-both	num-4	run0	3605758	4	60	554346.5	2497005	41616.75	1.0803926504838877
dataset_name-FR-FCM-ZYVT_dataset-revision-67990f383ac8f169c9a00148febba1ed357e18e8_name-data_import.data_raw_potential-batches-1_seed-42_transformation-cofactor-150	gatemeclass[V]	drop-both	num-5	run0	3629582	4	63	530293	2568933	40776.71428571428	1.0569025413733537
dataset_name-FR-FCM-ZYVT_dataset-revision-67990f383ac8f169c9a00148febba1ed357e18e8_name-data_import.data_raw_potential-batches-1_seed-42_transformation-cofactor-150	gatemeclass[V]	drop-train	num-1	run0	3638597	4	64	552571.5	2533390	39584.21875	1.07401613238369
dataset_name-FR-FCM-ZYVT_dataset-revision-67990f383ac8f169c9a00148febba1ed357e18e8_name-data_import.data_raw_potential-batches-1_seed-42_transformation-cofactor-150	gatemeclass[V]	drop-train	num-2	run0	3613186	4	64	530654	2551814	39872.09375	1.0599712244856043
dataset_name-FR-FCM-ZYVT_dataset-revision-67990f383ac8f169c9a00148febba1ed357e18e8_name-data_import.data_raw_potential-batches-1_seed-42_transformation-cofactor-150	gatemeclass[V]	drop-train	num-3	run0	3665187	4	64	554899	2555325	39926.953125	1.0718267966221444
dataset_name-FR-FCM-ZYVT_dataset-revision-67990f383ac8f169c9a00148febba1ed357e18e8_name-data_import.data_raw_potential-batches-1_seed-42_transformation-cofactor-150	gatemeclass[V]	drop-train	num-4	run0	3605758	4	60	554346.5	2497005	41616.75	1.0803926504838877
dataset_name-FR-FCM-ZYVT_dataset-revision-67990f383ac8f169c9a00148febba1ed357e18e8_name-data_import.data_raw_potential-batches-1_seed-42_transformation-cofactor-150	gatemeclass[V]	drop-train	num-5	run0	3629582	4	63	530293	2568933	40776.71428571428	1.0569025413733537
dataset_name-FR-FCM-ZYVT_dataset-revision-67990f383ac8f169c9a00148febba1ed357e18e8_name-data_import.data_raw_potential-batches-1_seed-42_transformation-cofactor-150	gatemeclass[V]	unfiltered	num-1	run0	3638597	4	64	552571.5	2533390	39584.21875	1.07401613238369
dataset_name-FR-FCM-ZYVT_dataset-revision-67990f383ac8f169c9a00148febba1ed357e18e8_name-data_import.data_raw_potential-batches-1_seed-42_transformation-cofactor-150	gatemeclass[V]	unfiltered	num-2	run0	3613186	4	64	530654	2551814	39872.09375	1.0599712244856043
dataset_name-FR-FCM-ZYVT_dataset-revision-67990f383ac8f169c9a00148febba1ed357e18e8_name-data_import.data_raw_potential-batches-1_seed-42_transformation-cofactor-150	gatemeclass[V]	unfiltered	num-3	run0	3665187	4	64	554899	2555325	39926.953125	1.0718267966221444
dataset_name-FR-FCM-ZYVT_dataset-revision-67990f383ac8f169c9a00148febba1ed357e18e8_name-data_import.data_raw_potential-batches-1_seed-42_transformation-cofactor-150	gatemeclass[V]	unfiltered	num-4	run0	3605758	4	60	554346.5	2497005	41616.75	1.0803926504838877
dataset_name-FR-FCM-ZYVT_dataset-revision-67990f383ac8f169c9a00148febba1ed357e18e8_name-data_import.data_raw_potential-batches-1_seed-42_transformation-cofactor-150	gatemeclass[V]	unfiltered	num-5	run0	3629582	4	63	530293	2568933	40776.71428571428	1.0569025413733537
dataset_name-FR-FCM-ZYVT_dataset-revision-67990f383ac8f169c9a00148febba1ed357e18e8_name-data_import.data_raw_potential-batches-1_seed-42_transformation-cofactor-150	knn	drop-both	num-1	run0	3638597	4	64	552571.5	2533390	39584.21875	1.07401613238369
dataset_name-FR-FCM-ZYVT_dataset-revision-67990f383ac8f169c9a00148febba1ed357e18e8_name-data_import.data_raw_potential-batches-1_seed-42_transformation-cofactor-150	knn	drop-both	num-2	run0	3613186	4	64	530654	2551814	39872.09375	1.0599712244856043
dataset_name-FR-FCM-ZYVT_dataset-revision-67990f383ac8f169c9a00148febba1ed357e18e8_name-data_import.data_raw_potential-batches-1_seed-42_transformation-cofactor-150	knn	drop-both	num-3	run0	3665187	4	64	554899	2555325	39926.953125	1.0718267966221444
dataset_name-FR-FCM-ZYVT_dataset-revision-67990f383ac8f169c9a00148febba1ed357e18e8_name-data_import.data_raw_potential-batches-1_seed-42_transformation-cofactor-150	knn	drop-both	num-4	run0	3605758	4	60	554346.5	2497005	41616.75	1.0803926504838877
dataset_name-FR-FCM-ZYVT_dataset-revision-67990f383ac8f169c9a00148febba1ed357e18e8_name-data_import.data_raw_potential-batches-1_seed-42_transformation-cofactor-150	knn	drop-both	num-5	run0	3629582	4	63	530293	2568933	40776.71428571428	1.0569025413733537
dataset_name-FR-FCM-ZYVT_dataset-revision-67990f383ac8f169c9a00148febba1ed357e18e8_name-data_import.data_raw_potential-batches-1_seed-42_transformation-cofactor-150	knn	drop-train	num-1	run0	3638597	4	64	552571.5	2533390	39584.21875	1.07401613238369
dataset_name-FR-FCM-ZYVT_dataset-revision-67990f383ac8f169c9a00148febba1ed357e18e8_name-data_import.data_raw_potential-batches-1_seed-42_transformation-cofactor-150	knn	drop-train	num-2	run0	3613186	4	64	530654	2551814	39872.09375	1.0599712244856043
dataset_name-FR-FCM-ZYVT_dataset-revision-67990f383ac8f169c9a00148febba1ed357e18e8_name-data_import.data_raw_potential-batches-1_seed-42_transformation-cofactor-150	knn	drop-train	num-3	run0	3665187	4	64	554899	2555325	39926.953125	1.0718267966221444
dataset_name-FR-FCM-ZYVT_dataset-revision-67990f383ac8f169c9a00148febba1ed357e18e8_name-data_import.data_raw_potential-batches-1_seed-42_transformation-cofactor-150	knn	drop-train	num-4	run0	3605758	4	60	554346.5	2497005	41616.75	1.0803926504838877
dataset_name-FR-FCM-ZYVT_dataset-revision-67990f383ac8f169c9a00148febba1ed357e18e8_name-data_import.data_raw_potential-batches-1_seed-42_transformation-cofactor-150	knn	drop-train	num-5	run0	3629582	4	63	530293	2568933	40776.71428571428	1.0569025413733537
dataset_name-FR-FCM-ZYVT_dataset-revision-67990f383ac8f169c9a00148febba1ed357e18e8_name-data_import.data_raw_potential-batches-1_seed-42_transformation-cofactor-150	knn	unfiltered	num-1	run0	3638597	4	64	552571.5	2533390	39584.21875	1.07401613238369
dataset_name-FR-FCM-ZYVT_dataset-revision-67990f383ac8f169c9a00148febba1ed357e18e8_name-data_import.data_raw_potential-batches-1_seed-42_transformation-cofactor-150	knn	unfiltered	num-2	run0	3613186	4	64	530654	2551814	39872.09375	1.0599712244856043
dataset_name-FR-FCM-ZYVT_dataset-revision-67990f383ac8f169c9a00148febba1ed357e18e8_name-data_import.data_raw_potential-batches-1_seed-42_transformation-cofactor-150	knn	unfiltered	num-3	run0	3665187	4	64	554899	2555325	39926.953125	1.0718267966221444
dataset_name-FR-FCM-ZYVT_dataset-revision-67990f383ac8f169c9a00148febba1ed357e18e8_name-data_import.data_raw_potential-batches-1_seed-42_transformation-cofactor-150	knn	unfiltered	num-4	run0	3605758	4	60	554346.5	2497005	41616.75	1.0803926504838877
dataset_name-FR-FCM-ZYVT_dataset-revision-67990f383ac8f169c9a00148febba1ed357e18e8_name-data_import.data_raw_potential-batches-1_seed-42_transformation-cofactor-150	knn	unfiltered	num-5	run0	3629582	4	63	530293	2568933	40776.71428571428	1.0569025413733537
dataset_name-FR-FCM-ZYVT_dataset-revision-67990f383ac8f169c9a00148febba1ed357e18e8_name-data_import.data_raw_potential-batches-1_seed-42_transformation-cofactor-150	lda	drop-both	num-1	run0	3638597	4	64	552571.5	2533390	39584.21875	1.07401613238369
dataset_name-FR-FCM-ZYVT_dataset-revision-67990f383ac8f169c9a00148febba1ed357e18e8_name-data_import.data_raw_potential-batches-1_seed-42_transformation-cofactor-150	lda	drop-both	num-2	run0	3613186	4	64	530654	2551814	39872.09375	1.0599712244856043
dataset_name-FR-FCM-ZYVT_dataset-revision-67990f383ac8f169c9a00148febba1ed357e18e8_name-data_import.data_raw_potential-batches-1_seed-42_transformation-cofactor-150	lda	drop-both	num-3	run0	3665187	4	64	554899	2555325	39926.953125	1.0718267966221444
dataset_name-FR-FCM-ZYVT_dataset-revision-67990f383ac8f169c9a00148febba1ed357e18e8_name-data_import.data_raw_potential-batches-1_seed-42_transformation-cofactor-150	lda	drop-both	num-4	run0	3605758	4	60	554346.5	2497005	41616.75	1.0803926504838877
dataset_name-FR-FCM-ZYVT_dataset-revision-67990f383ac8f169c9a00148febba1ed357e18e8_name-data_import.data_raw_potential-batches-1_seed-42_transformation-cofactor-150	lda	drop-both	num-5	run0	3629582	4	63	530293	2568933	40776.71428571428	1.0569025413733537
dataset_name-FR-FCM-ZYVT_dataset-revision-67990f383ac8f169c9a00148febba1ed357e18e8_name-data_import.data_raw_potential-batches-1_seed-42_transformation-cofactor-150	lda	drop-train	num-1	run0	3638597	4	64	552571.5	2533390	39584.21875	1.07401613238369
dataset_name-FR-FCM-ZYVT_dataset-revision-67990f383ac8f169c9a00148febba1ed357e18e8_name-data_import.data_raw_potential-batches-1_seed-42_transformation-cofactor-150	lda	drop-train	num-2	run0	3613186	4	64	530654	2551814	39872.09375	1.0599712244856043
dataset_name-FR-FCM-ZYVT_dataset-revision-67990f383ac8f169c9a00148febba1ed357e18e8_name-data_import.data_raw_potential-batches-1_seed-42_transformation-cofactor-150	lda	drop-train	num-3	run0	3665187	4	64	554899	2555325	39926.953125	1.0718267966221444
dataset_name-FR-FCM-ZYVT_dataset-revision-67990f383ac8f169c9a00148febba1ed357e18e8_name-data_import.data_raw_potential-batches-1_seed-42_transformation-cofactor-150	lda	drop-train	num-4	run0	3605758	4	60	554346.5	2497005	41616.75	1.0803926504838877
dataset_name-FR-FCM-ZYVT_dataset-revision-67990f383ac8f169c9a00148febba1ed357e18e8_name-data_import.data_raw_potential-batches-1_seed-42_transformation-cofactor-150	lda	drop-train	num-5	run0	3629582	4	63	530293	2568933	40776.71428571428	1.0569025413733537
dataset_name-FR-FCM-ZYVT_dataset-revision-67990f383ac8f169c9a00148febba1ed357e18e8_name-data_import.data_raw_potential-batches-1_seed-42_transformation-cofactor-150	lda	unfiltered	num-1	run0	3638597	4	64	552571.5	2533390	39584.21875	1.07401613238369
dataset_name-FR-FCM-ZYVT_dataset-revision-67990f383ac8f169c9a00148febba1ed357e18e8_name-data_import.data_raw_potential-batches-1_seed-42_transformation-cofactor-150	lda	unfiltered	num-2	run0	3613186	4	64	530654	2551814	39872.09375	1.0599712244856043
dataset_name-FR-FCM-ZYVT_dataset-revision-67990f383ac8f169c9a00148febba1ed357e18e8_name-data_import.data_raw_potential-batches-1_seed-42_transformation-cofactor-150	lda	unfiltered	num-3	run0	3665187	4	64	554899	2555325	39926.953125	1.0718267966221444
dataset_name-FR-FCM-ZYVT_dataset-revision-67990f383ac8f169c9a00148febba1ed357e18e8_name-data_import.data_raw_potential-batches-1_seed-42_transformation-cofactor-150	lda	unfiltered	num-4	run0	3605758	4	60	554346.5	2497005	41616.75	1.0803926504838877
dataset_name-FR-FCM-ZYVT_dataset-revision-67990f383ac8f169c9a00148febba1ed357e18e8_name-data_import.data_raw_potential-batches-1_seed-42_transformation-cofactor-150	lda	unfiltered	num-5	run0	3629582	4	63	530293	2568933	40776.71428571428	1.0569025413733537
dataset_name-FR-FCM-ZYVT_dataset-revision-67990f383ac8f169c9a00148febba1ed357e18e8_name-data_import.data_raw_potential-batches-1_seed-42_transformation-cofactor-150	random	drop-both	num-1	run0	3638597	4	64	552571.5	2533390	39584.21875	1.07401613238369
dataset_name-FR-FCM-ZYVT_dataset-revision-67990f383ac8f169c9a00148febba1ed357e18e8_name-data_import.data_raw_potential-batches-1_seed-42_transformation-cofactor-150	random	drop-both	num-2	run0	3613186	4	64	530654	2551814	39872.09375	1.0599712244856043
dataset_name-FR-FCM-ZYVT_dataset-revision-67990f383ac8f169c9a00148febba1ed357e18e8_name-data_import.data_raw_potential-batches-1_seed-42_transformation-cofactor-150	random	drop-both	num-3	run0	3665187	4	64	554899	2555325	39926.953125	1.0718267966221444
dataset_name-FR-FCM-ZYVT_dataset-revision-67990f383ac8f169c9a00148febba1ed357e18e8_name-data_import.data_raw_potential-batches-1_seed-42_transformation-cofactor-150	random	drop-both	num-4	run0	3605758	4	60	554346.5	2497005	41616.75	1.0803926504838877
dataset_name-FR-FCM-ZYVT_dataset-revision-67990f383ac8f169c9a00148febba1ed357e18e8_name-data_import.data_raw_potential-batches-1_seed-42_transformation-cofactor-150	random	drop-both	num-5	run0	3629582	4	63	530293	2568933	40776.71428571428	1.0569025413733537
dataset_name-FR-FCM-ZYVT_dataset-revision-67990f383ac8f169c9a00148febba1ed357e18e8_name-data_import.data_raw_potential-batches-1_seed-42_transformation-cofactor-150	random	drop-train	num-1	run0	3638597	4	64	552571.5	2533390	39584.21875	1.07401613238369
dataset_name-FR-FCM-ZYVT_dataset-revision-67990f383ac8f169c9a00148febba1ed357e18e8_name-data_import.data_raw_potential-batches-1_seed-42_transformation-cofactor-150	random	drop-train	num-2	run0	3613186	4	64	530654	2551814	39872.09375	1.0599712244856043
dataset_name-FR-FCM-ZYVT_dataset-revision-67990f383ac8f169c9a00148febba1ed357e18e8_name-data_import.data_raw_potential-batches-1_seed-42_transformation-cofactor-150	random	drop-train	num-3	run0	3665187	4	64	554899	2555325	39926.953125	1.0718267966221444
dataset_name-FR-FCM-ZYVT_dataset-revision-67990f383ac8f169c9a00148febba1ed357e18e8_name-data_import.data_raw_potential-batches-1_seed-42_transformation-cofactor-150	random	drop-train	num-4	run0	3605758	4	60	554346.5	2497005	41616.75	1.0803926504838877
dataset_name-FR-FCM-ZYVT_dataset-revision-67990f383ac8f169c9a00148febba1ed357e18e8_name-data_import.data_raw_potential-batches-1_seed-42_transformation-cofactor-150	random	drop-train	num-5	run0	3629582	4	63	530293	2568933	40776.71428571428	1.0569025413733537
dataset_name-FR-FCM-ZYVT_dataset-revision-67990f383ac8f169c9a00148febba1ed357e18e8_name-data_import.data_raw_potential-batches-1_seed-42_transformation-cofactor-150	random	unfiltered	num-1	run0	3638597	4	64	552571.5	2533390	39584.21875	1.07401613238369
dataset_name-FR-FCM-ZYVT_dataset-revision-67990f383ac8f169c9a00148febba1ed357e18e8_name-data_import.data_raw_potential-batches-1_seed-42_transformation-cofactor-150	random	unfiltered	num-2	run0	3613186	4	64	530654	2551814	39872.09375	1.0599712244856043
dataset_name-FR-FCM-ZYVT_dataset-revision-67990f383ac8f169c9a00148febba1ed357e18e8_name-data_import.data_raw_potential-batches-1_seed-42_transformation-cofactor-150	random	unfiltered	num-3	run0	3665187	4	64	554899	2555325	39926.953125	1.0718267966221444
dataset_name-FR-FCM-ZYVT_dataset-revision-67990f383ac8f169c9a00148febba1ed357e18e8_name-data_import.data_raw_potential-batches-1_seed-42_transformation-cofactor-150	random	unfiltered	num-4	run0	3605758	4	60	554346.5	2497005	41616.75	1.0803926504838877
dataset_name-FR-FCM-ZYVT_dataset-revision-67990f383ac8f169c9a00148febba1ed357e18e8_name-data_import.data_raw_potential-batches-1_seed-42_transformation-cofactor-150	random	unfiltered	num-5	run0	3629582	4	63	530293	2568933	40776.71428571428	1.0569025413733537
dataset_name-FlowCyt_dataset-revision-67990f383ac8f169c9a00148febba1ed357e18e8_name-data_import.data_raw_potential-batches-1_seed-42_transformation-cofactor-150	cyanno	drop-both	num-1	run0	2052086	5	3575	259336	1282093	358.6274125874126	1.5553457630174887
dataset_name-FlowCyt_dataset-revision-67990f383ac8f169c9a00148febba1ed357e18e8_name-data_import.data_raw_potential-batches-1_seed-42_transformation-cofactor-150	cyanno	drop-both	num-2	run0	1999862	5	3541	255106	1243222	351.0934764190907	1.5621588020245183
dataset_name-FlowCyt_dataset-revision-67990f383ac8f169c9a00148febba1ed357e18e8_name-data_import.data_raw_potential-batches-1_seed-42_transformation-cofactor-150	cyanno	drop-both	num-3	run0	2054127	5	3552	267066	1277273	359.5926238738739	1.5620428993015403
dataset_name-FlowCyt_dataset-revision-67990f383ac8f169c9a00148febba1ed357e18e8_name-data_import.data_raw_potential-batches-1_seed-42_transformation-cofactor-150	cyanno	drop-both	num-4	run0	1998214	5	3421	265954	1263273	369.2700964630225	1.5379798860595095
dataset_name-FlowCyt_dataset-revision-67990f383ac8f169c9a00148febba1ed357e18e8_name-data_import.data_raw_potential-batches-1_seed-42_transformation-cofactor-150	cyanno	drop-both	num-5	run0	1989122	5	3493	257415	1240455	355.1259662181506	1.5565797119918108
dataset_name-FlowCyt_dataset-revision-67990f383ac8f169c9a00148febba1ed357e18e8_name-data_import.data_raw_potential-batches-1_seed-42_transformation-cofactor-150	cyanno	drop-train	num-1	run0	2052086	5	3575	259336	1282093	358.6274125874126	1.5553457630174887
dataset_name-FlowCyt_dataset-revision-67990f383ac8f169c9a00148febba1ed357e18e8_name-data_import.data_raw_potential-batches-1_seed-42_transformation-cofactor-150	cyanno	drop-train	num-2	run0	1999862	5	3541	255106	1243222	351.0934764190907	1.5621588020245183
dataset_name-FlowCyt_dataset-revision-67990f383ac8f169c9a00148febba1ed357e18e8_name-data_import.data_raw_potential-batches-1_seed-42_transformation-cofactor-150	cyanno	drop-train	num-3	run0	2054127	5	3552	267066	1277273	359.5926238738739	1.5620428993015403
dataset_name-FlowCyt_dataset-revision-67990f383ac8f169c9a00148febba1ed357e18e8_name-data_import.data_raw_potential-batches-1_seed-42_transformation-cofactor-150	cyanno	drop-train	num-4	run0	1998214	5	3421	265954	1263273	369.2700964630225	1.5379798860595095
dataset_name-FlowCyt_dataset-revision-67990f383ac8f169c9a00148febba1ed357e18e8_name-data_import.data_raw_potential-batches-1_seed-42_transformation-cofactor-150	cyanno	drop-train	num-5	run0	1989122	5	3493	257415	1240455	355.1259662181506	1.5565797119918108
dataset_name-FlowCyt_dataset-revision-67990f383ac8f169c9a00148febba1ed357e18e8_name-data_import.data_raw_potential-batches-1_seed-42_transformation-cofactor-150	cyanno	unfiltered	num-1	run0	2052086	5	3575	259336	1282093	358.6274125874126	1.5553457630174887
dataset_name-FlowCyt_dataset-revision-67990f383ac8f169c9a00148febba1ed357e18e8_name-data_import.data_raw_potential-batches-1_seed-42_transformation-cofactor-150	cyanno	unfiltered	num-2	run0	1999862	5	3541	255106	1243222	351.0934764190907	1.5621588020245183
dataset_name-FlowCyt_dataset-revision-67990f383ac8f169c9a00148febba1ed357e18e8_name-data_import.data_raw_potential-batches-1_seed-42_transformation-cofactor-150	cyanno	unfiltered	num-3	run0	2054127	5	3552	267066	1277273	359.5926238738739	1.5620428993015403
dataset_name-FlowCyt_dataset-revision-67990f383ac8f169c9a00148febba1ed357e18e8_name-data_import.data_raw_potential-batches-1_seed-42_transformation-cofactor-150	cyanno	unfiltered	num-4	run0	1998214	5	3421	265954	1263273	369.2700964630225	1.5379798860595095
dataset_name-FlowCyt_dataset-revision-67990f383ac8f169c9a00148febba1ed357e18e8_name-data_import.data_raw_potential-batches-1_seed-42_transformation-cofactor-150	cyanno	unfiltered	num-5	run0	1989122	5	3493	257415	1240455	355.1259662181506	1.5565797119918108
dataset_name-FlowCyt_dataset-revision-67990f383ac8f169c9a00148febba1ed357e18e8_name-data_import.data_raw_potential-batches-1_seed-42_transformation-cofactor-150	cydefine[3f57bdcdec41]	drop-both	num-1	run0	2052086	5	3575	259336	1282093	358.6274125874126	1.5553457630174887
dataset_name-FlowCyt_dataset-revision-67990f383ac8f169c9a00148febba1ed357e18e8_name-data_import.data_raw_potential-batches-1_seed-42_transformation-cofactor-150	cydefine[3f57bdcdec41]	drop-both	num-2	run0	1999862	5	3541	255106	1243222	351.0934764190907	1.5621588020245183
dataset_name-FlowCyt_dataset-revision-67990f383ac8f169c9a00148febba1ed357e18e8_name-data_import.data_raw_potential-batches-1_seed-42_transformation-cofactor-150	cydefine[3f57bdcdec41]	drop-both	num-3	run0	2054127	5	3552	267066	1277273	359.5926238738739	1.5620428993015403
dataset_name-FlowCyt_dataset-revision-67990f383ac8f169c9a00148febba1ed357e18e8_name-data_import.data_raw_potential-batches-1_seed-42_transformation-cofactor-150	cydefine[3f57bdcdec41]	drop-both	num-4	run0	1998214	5	3421	265954	1263273	369.2700964630225	1.5379798860595095
dataset_name-FlowCyt_dataset-revision-67990f383ac8f169c9a00148febba1ed357e18e8_name-data_import.data_raw_potential-batches-1_seed-42_transformation-cofactor-150	cydefine[3f57bdcdec41]	drop-both	num-5	run0	1989122	5	3493	257415	1240455	355.1259662181506	1.5565797119918108
dataset_name-FlowCyt_dataset-revision-67990f383ac8f169c9a00148febba1ed357e18e8_name-data_import.data_raw_potential-batches-1_seed-42_transformation-cofactor-150	cydefine[3f57bdcdec41]	drop-train	num-1	run0	2052086	5	3575	259336	1282093	358.6274125874126	1.5553457630174887
dataset_name-FlowCyt_dataset-revision-67990f383ac8f169c9a00148febba1ed357e18e8_name-data_import.data_raw_potential-batches-1_seed-42_transformation-cofactor-150	cydefine[3f57bdcdec41]	drop-train	num-2	run0	1999862	5	3541	255106	1243222	351.0934764190907	1.5621588020245183
dataset_name-FlowCyt_dataset-revision-67990f383ac8f169c9a00148febba1ed357e18e8_name-data_import.data_raw_potential-batches-1_seed-42_transformation-cofactor-150	cydefine[3f57bdcdec41]	drop-train	num-3	run0	2054127	5	3552	267066	1277273	359.5926238738739	1.5620428993015403
dataset_name-FlowCyt_dataset-revision-67990f383ac8f169c9a00148febba1ed357e18e8_name-data_import.data_raw_potential-batches-1_seed-42_transformation-cofactor-150	cydefine[3f57bdcdec41]	drop-train	num-4	run0	1998214	5	3421	265954	1263273	369.2700964630225	1.5379798860595095
dataset_name-FlowCyt_dataset-revision-67990f383ac8f169c9a00148febba1ed357e18e8_name-data_import.data_raw_potential-batches-1_seed-42_transformation-cofactor-150	cydefine[3f57bdcdec41]	drop-train	num-5	run0	1989122	5	3493	257415	1240455	355.1259662181506	1.5565797119918108
dataset_name-FlowCyt_dataset-revision-67990f383ac8f169c9a00148febba1ed357e18e8_name-data_import.data_raw_potential-batches-1_seed-42_transformation-cofactor-150	cydefine[3f57bdcdec41]	unfiltered	num-1	run0	2052086	5	3575	259336	1282093	358.6274125874126	1.5553457630174887
dataset_name-FlowCyt_dataset-revision-67990f383ac8f169c9a00148febba1ed357e18e8_name-data_import.data_raw_potential-batches-1_seed-42_transformation-cofactor-150	cydefine[3f57bdcdec41]	unfiltered	num-2	run0	1999862	5	3541	255106	1243222	351.0934764190907	1.5621588020245183
dataset_name-FlowCyt_dataset-revision-67990f383ac8f169c9a00148febba1ed357e18e8_name-data_import.data_raw_potential-batches-1_seed-42_transformation-cofactor-150	cydefine[3f57bdcdec41]	unfiltered	num-3	run0	2054127	5	3552	267066	1277273	359.5926238738739	1.5620428993015403
dataset_name-FlowCyt_dataset-revision-67990f383ac8f169c9a00148febba1ed357e18e8_name-data_import.data_raw_potential-batches-1_seed-42_transformation-cofactor-150	cydefine[3f57bdcdec41]	unfiltered	num-4	run0	1998214	5	3421	265954	1263273	369.2700964630225	1.5379798860595095
dataset_name-FlowCyt_dataset-revision-67990f383ac8f169c9a00148febba1ed357e18e8_name-data_import.data_raw_potential-batches-1_seed-42_transformation-cofactor-150	cydefine[3f57bdcdec41]	unfiltered	num-5	run0	1989122	5	3493	257415	1240455	355.1259662181506	1.5565797119918108
dataset_name-FlowCyt_dataset-revision-67990f383ac8f169c9a00148febba1ed357e18e8_name-data_import.data_raw_potential-batches-1_seed-42_transformation-cofactor-150	cygate	drop-both	num-1	run0	2052086	5	3575	259336	1282093	358.6274125874126	1.5553457630174887
dataset_name-FlowCyt_dataset-revision-67990f383ac8f169c9a00148febba1ed357e18e8_name-data_import.data_raw_potential-batches-1_seed-42_transformation-cofactor-150	cygate	drop-both	num-2	run0	1999862	5	3541	255106	1243222	351.0934764190907	1.5621588020245183
dataset_name-FlowCyt_dataset-revision-67990f383ac8f169c9a00148febba1ed357e18e8_name-data_import.data_raw_potential-batches-1_seed-42_transformation-cofactor-150	cygate	drop-both	num-3	run0	2054127	5	3552	267066	1277273	359.5926238738739	1.5620428993015403
dataset_name-FlowCyt_dataset-revision-67990f383ac8f169c9a00148febba1ed357e18e8_name-data_import.data_raw_potential-batches-1_seed-42_transformation-cofactor-150	cygate	drop-both	num-4	run0	1998214	5	3421	265954	1263273	369.2700964630225	1.5379798860595095
dataset_name-FlowCyt_dataset-revision-67990f383ac8f169c9a00148febba1ed357e18e8_name-data_import.data_raw_potential-batches-1_seed-42_transformation-cofactor-150	cygate	drop-both	num-5	run0	1989122	5	3493	257415	1240455	355.1259662181506	1.5565797119918108
dataset_name-FlowCyt_dataset-revision-67990f383ac8f169c9a00148febba1ed357e18e8_name-data_import.data_raw_potential-batches-1_seed-42_transformation-cofactor-150	cygate	drop-train	num-1	run0	2052086	5	3575	259336	1282093	358.6274125874126	1.5553457630174887
dataset_name-FlowCyt_dataset-revision-67990f383ac8f169c9a00148febba1ed357e18e8_name-data_import.data_raw_potential-batches-1_seed-42_transformation-cofactor-150	cygate	drop-train	num-2	run0	1999862	5	3541	255106	1243222	351.0934764190907	1.5621588020245183
dataset_name-FlowCyt_dataset-revision-67990f383ac8f169c9a00148febba1ed357e18e8_name-data_import.data_raw_potential-batches-1_seed-42_transformation-cofactor-150	cygate	drop-train	num-3	run0	2054127	5	3552	267066	1277273	359.5926238738739	1.5620428993015403
dataset_name-FlowCyt_dataset-revision-67990f383ac8f169c9a00148febba1ed357e18e8_name-data_import.data_raw_potential-batches-1_seed-42_transformation-cofactor-150	cygate	drop-train	num-4	run0	1998214	5	3421	265954	1263273	369.2700964630225	1.5379798860595095
dataset_name-FlowCyt_dataset-revision-67990f383ac8f169c9a00148febba1ed357e18e8_name-data_import.data_raw_potential-batches-1_seed-42_transformation-cofactor-150	cygate	drop-train	num-5	run0	1989122	5	3493	257415	1240455	355.1259662181506	1.5565797119918108
dataset_name-FlowCyt_dataset-revision-67990f383ac8f169c9a00148febba1ed357e18e8_name-data_import.data_raw_potential-batches-1_seed-42_transformation-cofactor-150	cygate	unfiltered	num-1	run0	2052086	5	3575	259336	1282093	358.6274125874126	1.5553457630174887
dataset_name-FlowCyt_dataset-revision-67990f383ac8f169c9a00148febba1ed357e18e8_name-data_import.data_raw_potential-batches-1_seed-42_transformation-cofactor-150	cygate	unfiltered	num-2	run0	1999862	5	3541	255106	1243222	351.0934764190907	1.5621588020245183
dataset_name-FlowCyt_dataset-revision-67990f383ac8f169c9a00148febba1ed357e18e8_name-data_import.data_raw_potential-batches-1_seed-42_transformation-cofactor-150	cygate	unfiltered	num-3	run0	2054127	5	3552	267066	1277273	359.5926238738739	1.5620428993015403
dataset_name-FlowCyt_dataset-revision-67990f383ac8f169c9a00148febba1ed357e18e8_name-data_import.data_raw_potential-batches-1_seed-42_transformation-cofactor-150	cygate	unfiltered	num-4	run0	1998214	5	3421	265954	1263273	369.2700964630225	1.5379798860595095
dataset_name-FlowCyt_dataset-revision-67990f383ac8f169c9a00148febba1ed357e18e8_name-data_import.data_raw_potential-batches-1_seed-42_transformation-cofactor-150	cygate	unfiltered	num-5	run0	1989122	5	3493	257415	1240455	355.1259662181506	1.5565797119918108
dataset_name-FlowCyt_dataset-revision-67990f383ac8f169c9a00148febba1ed357e18e8_name-data_import.data_raw_potential-batches-1_seed-42_transformation-cofactor-150	dgcytof	drop-both	num-1	run0	2052086	5	3575	259336	1282093	358.6274125874126	1.5553457630174887
dataset_name-FlowCyt_dataset-revision-67990f383ac8f169c9a00148febba1ed357e18e8_name-data_import.data_raw_potential-batches-1_seed-42_transformation-cofactor-150	dgcytof	drop-both	num-2	run0	1999862	5	3541	255106	1243222	351.0934764190907	1.5621588020245183
dataset_name-FlowCyt_dataset-revision-67990f383ac8f169c9a00148febba1ed357e18e8_name-data_import.data_raw_potential-batches-1_seed-42_transformation-cofactor-150	dgcytof	drop-both	num-3	run0	2054127	5	3552	267066	1277273	359.5926238738739	1.5620428993015403
dataset_name-FlowCyt_dataset-revision-67990f383ac8f169c9a00148febba1ed357e18e8_name-data_import.data_raw_potential-batches-1_seed-42_transformation-cofactor-150	dgcytof	drop-both	num-4	run0	1998214	5	3421	265954	1263273	369.2700964630225	1.5379798860595095
dataset_name-FlowCyt_dataset-revision-67990f383ac8f169c9a00148febba1ed357e18e8_name-data_import.data_raw_potential-batches-1_seed-42_transformation-cofactor-150	dgcytof	drop-both	num-5	run0	1989122	5	3493	257415	1240455	355.1259662181506	1.5565797119918108
dataset_name-FlowCyt_dataset-revision-67990f383ac8f169c9a00148febba1ed357e18e8_name-data_import.data_raw_potential-batches-1_seed-42_transformation-cofactor-150	dgcytof	drop-train	num-1	run0	2052086	5	3575	259336	1282093	358.6274125874126	1.5553457630174887
dataset_name-FlowCyt_dataset-revision-67990f383ac8f169c9a00148febba1ed357e18e8_name-data_import.data_raw_potential-batches-1_seed-42_transformation-cofactor-150	dgcytof	drop-train	num-2	run0	1999862	5	3541	255106	1243222	351.0934764190907	1.5621588020245183
dataset_name-FlowCyt_dataset-revision-67990f383ac8f169c9a00148febba1ed357e18e8_name-data_import.data_raw_potential-batches-1_seed-42_transformation-cofactor-150	dgcytof	drop-train	num-3	run0	2054127	5	3552	267066	1277273	359.5926238738739	1.5620428993015403
dataset_name-FlowCyt_dataset-revision-67990f383ac8f169c9a00148febba1ed357e18e8_name-data_import.data_raw_potential-batches-1_seed-42_transformation-cofactor-150	dgcytof	drop-train	num-4	run0	1998214	5	3421	265954	1263273	369.2700964630225	1.5379798860595095
dataset_name-FlowCyt_dataset-revision-67990f383ac8f169c9a00148febba1ed357e18e8_name-data_import.data_raw_potential-batches-1_seed-42_transformation-cofactor-150	dgcytof	drop-train	num-5	run0	1989122	5	3493	257415	1240455	355.1259662181506	1.5565797119918108
dataset_name-FlowCyt_dataset-revision-67990f383ac8f169c9a00148febba1ed357e18e8_name-data_import.data_raw_potential-batches-1_seed-42_transformation-cofactor-150	dgcytof	unfiltered	num-1	run0	2052086	5	3575	259336	1282093	358.6274125874126	1.5553457630174887
dataset_name-FlowCyt_dataset-revision-67990f383ac8f169c9a00148febba1ed357e18e8_name-data_import.data_raw_potential-batches-1_seed-42_transformation-cofactor-150	dgcytof	unfiltered	num-2	run0	1999862	5	3541	255106	1243222	351.0934764190907	1.5621588020245183
dataset_name-FlowCyt_dataset-revision-67990f383ac8f169c9a00148febba1ed357e18e8_name-data_import.data_raw_potential-batches-1_seed-42_transformation-cofactor-150	dgcytof	unfiltered	num-3	run0	2054127	5	3552	267066	1277273	359.5926238738739	1.5620428993015403
dataset_name-FlowCyt_dataset-revision-67990f383ac8f169c9a00148febba1ed357e18e8_name-data_import.data_raw_potential-batches-1_seed-42_transformation-cofactor-150	dgcytof	unfiltered	num-4	run0	1998214	5	3421	265954	1263273	369.2700964630225	1.5379798860595095
dataset_name-FlowCyt_dataset-revision-67990f383ac8f169c9a00148febba1ed357e18e8_name-data_import.data_raw_potential-batches-1_seed-42_transformation-cofactor-150	dgcytof	unfiltered	num-5	run0	1989122	5	3493	257415	1240455	355.1259662181506	1.5565797119918108
dataset_name-FlowCyt_dataset-revision-67990f383ac8f169c9a00148febba1ed357e18e8_name-data_import.data_raw_potential-batches-1_seed-42_transformation-cofactor-150	knn	drop-both	num-1	run0	2052086	5	3575	259336	1282093	358.6274125874126	1.5553457630174887
dataset_name-FlowCyt_dataset-revision-67990f383ac8f169c9a00148febba1ed357e18e8_name-data_import.data_raw_potential-batches-1_seed-42_transformation-cofactor-150	knn	drop-both	num-2	run0	1999862	5	3541	255106	1243222	351.0934764190907	1.5621588020245183
dataset_name-FlowCyt_dataset-revision-67990f383ac8f169c9a00148febba1ed357e18e8_name-data_import.data_raw_potential-batches-1_seed-42_transformation-cofactor-150	knn	drop-both	num-3	run0	2054127	5	3552	267066	1277273	359.5926238738739	1.5620428993015403
dataset_name-FlowCyt_dataset-revision-67990f383ac8f169c9a00148febba1ed357e18e8_name-data_import.data_raw_potential-batches-1_seed-42_transformation-cofactor-150	knn	drop-both	num-4	run0	1998214	5	3421	265954	1263273	369.2700964630225	1.5379798860595095
dataset_name-FlowCyt_dataset-revision-67990f383ac8f169c9a00148febba1ed357e18e8_name-data_import.data_raw_potential-batches-1_seed-42_transformation-cofactor-150	knn	drop-both	num-5	run0	1989122	5	3493	257415	1240455	355.1259662181506	1.5565797119918108
dataset_name-FlowCyt_dataset-revision-67990f383ac8f169c9a00148febba1ed357e18e8_name-data_import.data_raw_potential-batches-1_seed-42_transformation-cofactor-150	knn	drop-train	num-1	run0	2052086	5	3575	259336	1282093	358.6274125874126	1.5553457630174887
dataset_name-FlowCyt_dataset-revision-67990f383ac8f169c9a00148febba1ed357e18e8_name-data_import.data_raw_potential-batches-1_seed-42_transformation-cofactor-150	knn	drop-train	num-2	run0	1999862	5	3541	255106	1243222	351.0934764190907	1.5621588020245183
dataset_name-FlowCyt_dataset-revision-67990f383ac8f169c9a00148febba1ed357e18e8_name-data_import.data_raw_potential-batches-1_seed-42_transformation-cofactor-150	knn	drop-train	num-3	run0	2054127	5	3552	267066	1277273	359.5926238738739	1.5620428993015403
dataset_name-FlowCyt_dataset-revision-67990f383ac8f169c9a00148febba1ed357e18e8_name-data_import.data_raw_potential-batches-1_seed-42_transformation-cofactor-150	knn	drop-train	num-4	run0	1998214	5	3421	265954	1263273	369.2700964630225	1.5379798860595095
dataset_name-FlowCyt_dataset-revision-67990f383ac8f169c9a00148febba1ed357e18e8_name-data_import.data_raw_potential-batches-1_seed-42_transformation-cofactor-150	knn	drop-train	num-5	run0	1989122	5	3493	257415	1240455	355.1259662181506	1.5565797119918108
dataset_name-FlowCyt_dataset-revision-67990f383ac8f169c9a00148febba1ed357e18e8_name-data_import.data_raw_potential-batches-1_seed-42_transformation-cofactor-150	knn	unfiltered	num-1	run0	2052086	5	3575	259336	1282093	358.6274125874126	1.5553457630174887
dataset_name-FlowCyt_dataset-revision-67990f383ac8f169c9a00148febba1ed357e18e8_name-data_import.data_raw_potential-batches-1_seed-42_transformation-cofactor-150	knn	unfiltered	num-2	run0	1999862	5	3541	255106	1243222	351.0934764190907	1.5621588020245183
dataset_name-FlowCyt_dataset-revision-67990f383ac8f169c9a00148febba1ed357e18e8_name-data_import.data_raw_potential-batches-1_seed-42_transformation-cofactor-150	knn	unfiltered	num-3	run0	2054127	5	3552	267066	1277273	359.5926238738739	1.5620428993015403
dataset_name-FlowCyt_dataset-revision-67990f383ac8f169c9a00148febba1ed357e18e8_name-data_import.data_raw_potential-batches-1_seed-42_transformation-cofactor-150	knn	unfiltered	num-4	run0	1998214	5	3421	265954	1263273	369.2700964630225	1.5379798860595095
dataset_name-FlowCyt_dataset-revision-67990f383ac8f169c9a00148febba1ed357e18e8_name-data_import.data_raw_potential-batches-1_seed-42_transformation-cofactor-150	knn	unfiltered	num-5	run0	1989122	5	3493	257415	1240455	355.1259662181506	1.5565797119918108
dataset_name-FlowCyt_dataset-revision-67990f383ac8f169c9a00148febba1ed357e18e8_name-data_import.data_raw_potential-batches-1_seed-42_transformation-cofactor-150	lda	drop-both	num-1	run0	2052086	5	3575	259336	1282093	358.6274125874126	1.5553457630174887
dataset_name-FlowCyt_dataset-revision-67990f383ac8f169c9a00148febba1ed357e18e8_name-data_import.data_raw_potential-batches-1_seed-42_transformation-cofactor-150	lda	drop-both	num-2	run0	1999862	5	3541	255106	1243222	351.0934764190907	1.5621588020245183
dataset_name-FlowCyt_dataset-revision-67990f383ac8f169c9a00148febba1ed357e18e8_name-data_import.data_raw_potential-batches-1_seed-42_transformation-cofactor-150	lda	drop-both	num-3	run0	2054127	5	3552	267066	1277273	359.5926238738739	1.5620428993015403
dataset_name-FlowCyt_dataset-revision-67990f383ac8f169c9a00148febba1ed357e18e8_name-data_import.data_raw_potential-batches-1_seed-42_transformation-cofactor-150	lda	drop-both	num-4	run0	1998214	5	3421	265954	1263273	369.2700964630225	1.5379798860595095
dataset_name-FlowCyt_dataset-revision-67990f383ac8f169c9a00148febba1ed357e18e8_name-data_import.data_raw_potential-batches-1_seed-42_transformation-cofactor-150	lda	drop-both	num-5	run0	1989122	5	3493	257415	1240455	355.1259662181506	1.5565797119918108
dataset_name-FlowCyt_dataset-revision-67990f383ac8f169c9a00148febba1ed357e18e8_name-data_import.data_raw_potential-batches-1_seed-42_transformation-cofactor-150	lda	drop-train	num-1	run0	2052086	5	3575	259336	1282093	358.6274125874126	1.5553457630174887
dataset_name-FlowCyt_dataset-revision-67990f383ac8f169c9a00148febba1ed357e18e8_name-data_import.data_raw_potential-batches-1_seed-42_transformation-cofactor-150	lda	drop-train	num-2	run0	1999862	5	3541	255106	1243222	351.0934764190907	1.5621588020245183
dataset_name-FlowCyt_dataset-revision-67990f383ac8f169c9a00148febba1ed357e18e8_name-data_import.data_raw_potential-batches-1_seed-42_transformation-cofactor-150	lda	drop-train	num-3	run0	2054127	5	3552	267066	1277273	359.5926238738739	1.5620428993015403
dataset_name-FlowCyt_dataset-revision-67990f383ac8f169c9a00148febba1ed357e18e8_name-data_import.data_raw_potential-batches-1_seed-42_transformation-cofactor-150	lda	drop-train	num-4	run0	1998214	5	3421	265954	1263273	369.2700964630225	1.5379798860595095
dataset_name-FlowCyt_dataset-revision-67990f383ac8f169c9a00148febba1ed357e18e8_name-data_import.data_raw_potential-batches-1_seed-42_transformation-cofactor-150	lda	drop-train	num-5	run0	1989122	5	3493	257415	1240455	355.1259662181506	1.5565797119918108
dataset_name-FlowCyt_dataset-revision-67990f383ac8f169c9a00148febba1ed357e18e8_name-data_import.data_raw_potential-batches-1_seed-42_transformation-cofactor-150	lda	unfiltered	num-1	run0	2052086	5	3575	259336	1282093	358.6274125874126	1.5553457630174887
dataset_name-FlowCyt_dataset-revision-67990f383ac8f169c9a00148febba1ed357e18e8_name-data_import.data_raw_potential-batches-1_seed-42_transformation-cofactor-150	lda	unfiltered	num-2	run0	1999862	5	3541	255106	1243222	351.0934764190907	1.5621588020245183
dataset_name-FlowCyt_dataset-revision-67990f383ac8f169c9a00148febba1ed357e18e8_name-data_import.data_raw_potential-batches-1_seed-42_transformation-cofactor-150	lda	unfiltered	num-3	run0	2054127	5	3552	267066	1277273	359.5926238738739	1.5620428993015403
dataset_name-FlowCyt_dataset-revision-67990f383ac8f169c9a00148febba1ed357e18e8_name-data_import.data_raw_potential-batches-1_seed-42_transformation-cofactor-150	lda	unfiltered	num-4	run0	1998214	5	3421	265954	1263273	369.2700964630225	1.5379798860595095
dataset_name-FlowCyt_dataset-revision-67990f383ac8f169c9a00148febba1ed357e18e8_name-data_import.data_raw_potential-batches-1_seed-42_transformation-cofactor-150	lda	unfiltered	num-5	run0	1989122	5	3493	257415	1240455	355.1259662181506	1.5565797119918108
dataset_name-FlowCyt_dataset-revision-67990f383ac8f169c9a00148febba1ed357e18e8_name-data_import.data_raw_potential-batches-1_seed-42_transformation-cofactor-150	random	drop-both	num-1	run0	2052086	5	3575	259336	1282093	358.6274125874126	1.5553457630174887
dataset_name-FlowCyt_dataset-revision-67990f383ac8f169c9a00148febba1ed357e18e8_name-data_import.data_raw_potential-batches-1_seed-42_transformation-cofactor-150	random	drop-both	num-2	run0	1999862	5	3541	255106	1243222	351.0934764190907	1.5621588020245183
dataset_name-FlowCyt_dataset-revision-67990f383ac8f169c9a00148febba1ed357e18e8_name-data_import.data_raw_potential-batches-1_seed-42_transformation-cofactor-150	random	drop-both	num-3	run0	2054127	5	3552	267066	1277273	359.5926238738739	1.5620428993015403
dataset_name-FlowCyt_dataset-revision-67990f383ac8f169c9a00148febba1ed357e18e8_name-data_import.data_raw_potential-batches-1_seed-42_transformation-cofactor-150	random	drop-both	num-4	run0	1998214	5	3421	265954	1263273	369.2700964630225	1.5379798860595095
dataset_name-FlowCyt_dataset-revision-67990f383ac8f169c9a00148febba1ed357e18e8_name-data_import.data_raw_potential-batches-1_seed-42_transformation-cofactor-150	random	drop-both	num-5	run0	1989122	5	3493	257415	1240455	355.1259662181506	1.5565797119918108
dataset_name-FlowCyt_dataset-revision-67990f383ac8f169c9a00148febba1ed357e18e8_name-data_import.data_raw_potential-batches-1_seed-42_transformation-cofactor-150	random	drop-train	num-1	run0	2052086	5	3575	259336	1282093	358.6274125874126	1.5553457630174887
dataset_name-FlowCyt_dataset-revision-67990f383ac8f169c9a00148febba1ed357e18e8_name-data_import.data_raw_potential-batches-1_seed-42_transformation-cofactor-150	random	drop-train	num-2	run0	1999862	5	3541	255106	1243222	351.0934764190907	1.5621588020245183
dataset_name-FlowCyt_dataset-revision-67990f383ac8f169c9a00148febba1ed357e18e8_name-data_import.data_raw_potential-batches-1_seed-42_transformation-cofactor-150	random	drop-train	num-3	run0	2054127	5	3552	267066	1277273	359.5926238738739	1.5620428993015403
dataset_name-FlowCyt_dataset-revision-67990f383ac8f169c9a00148febba1ed357e18e8_name-data_import.data_raw_potential-batches-1_seed-42_transformation-cofactor-150	random	drop-train	num-4	run0	1998214	5	3421	265954	1263273	369.2700964630225	1.5379798860595095
dataset_name-FlowCyt_dataset-revision-67990f383ac8f169c9a00148febba1ed357e18e8_name-data_import.data_raw_potential-batches-1_seed-42_transformation-cofactor-150	random	drop-train	num-5	run0	1989122	5	3493	257415	1240455	355.1259662181506	1.5565797119918108
dataset_name-FlowCyt_dataset-revision-67990f383ac8f169c9a00148febba1ed357e18e8_name-data_import.data_raw_potential-batches-1_seed-42_transformation-cofactor-150	random	unfiltered	num-1	run0	2052086	5	3575	259336	1282093	358.6274125874126	1.5553457630174887
dataset_name-FlowCyt_dataset-revision-67990f383ac8f169c9a00148febba1ed357e18e8_name-data_import.data_raw_potential-batches-1_seed-42_transformation-cofactor-150	random	unfiltered	num-2	run0	1999862	5	3541	255106	1243222	351.0934764190907	1.5621588020245183
dataset_name-FlowCyt_dataset-revision-67990f383ac8f169c9a00148febba1ed357e18e8_name-data_import.data_raw_potential-batches-1_seed-42_transformation-cofactor-150	random	unfiltered	num-3	run0	2054127	5	3552	267066	1277273	359.5926238738739	1.5620428993015403
dataset_name-FlowCyt_dataset-revision-67990f383ac8f169c9a00148febba1ed357e18e8_name-data_import.data_raw_potential-batches-1_seed-42_transformation-cofactor-150	random	unfiltered	num-4	run0	1998214	5	3421	265954	1263273	369.2700964630225	1.5379798860595095
dataset_name-FlowCyt_dataset-revision-67990f383ac8f169c9a00148febba1ed357e18e8_name-data_import.data_raw_potential-batches-1_seed-42_transformation-cofactor-150	random	unfiltered	num-5	run0	1989122	5	3493	257415	1240455	355.1259662181506	1.5565797119918108
dataset_name-Levine_dataset-revision-67990f383ac8f169c9a00148febba1ed357e18e8_name-data_import.data_raw_potential-batches-1_seed-42_transformation-cofactor-5	cyanno	drop-both	num-1	run0	72463	14	182	1922	18131	99.62087912087912	2.798132935879107
dataset_name-Levine_dataset-revision-67990f383ac8f169c9a00148febba1ed357e18e8_name-data_import.data_raw_potential-batches-1_seed-42_transformation-cofactor-5	cyanno	drop-both	num-2	run0	31721	14	87	904.5	8235	94.65517241379311	2.8957608839373443
dataset_name-Levine_dataset-revision-67990f383ac8f169c9a00148febba1ed357e18e8_name-data_import.data_raw_potential-batches-1_seed-42_transformation-cofactor-5	cyanno	drop-train	num-1	run0	72463	14	182	1922	18131	99.62087912087912	2.798132935879107
dataset_name-Levine_dataset-revision-67990f383ac8f169c9a00148febba1ed357e18e8_name-data_import.data_raw_potential-batches-1_seed-42_transformation-cofactor-5	cyanno	drop-train	num-2	run0	31721	14	87	904.5	8235	94.65517241379311	2.8957608839373443
dataset_name-Levine_dataset-revision-67990f383ac8f169c9a00148febba1ed357e18e8_name-data_import.data_raw_potential-batches-1_seed-42_transformation-cofactor-5	cyanno	unfiltered	num-1	run0	72463	14	182	1922	18131	99.62087912087912	2.798132935879107
dataset_name-Levine_dataset-revision-67990f383ac8f169c9a00148febba1ed357e18e8_name-data_import.data_raw_potential-batches-1_seed-42_transformation-cofactor-5	cyanno	unfiltered	num-2	run0	31721	14	87	904.5	8235	94.65517241379311	2.8957608839373443
dataset_name-Levine_dataset-revision-67990f383ac8f169c9a00148febba1ed357e18e8_name-data_import.data_raw_potential-batches-1_seed-42_transformation-cofactor-5	cydefine[3f57bdcdec41]	drop-both	num-1	run0	72463	14	182	1922	18131	99.62087912087912	2.798132935879107
dataset_name-Levine_dataset-revision-67990f383ac8f169c9a00148febba1ed357e18e8_name-data_import.data_raw_potential-batches-1_seed-42_transformation-cofactor-5	cydefine[3f57bdcdec41]	drop-both	num-2	run0	31721	14	87	904.5	8235	94.65517241379311	2.8957608839373443
dataset_name-Levine_dataset-revision-67990f383ac8f169c9a00148febba1ed357e18e8_name-data_import.data_raw_potential-batches-1_seed-42_transformation-cofactor-5	cydefine[3f57bdcdec41]	drop-train	num-1	run0	72463	14	182	1922	18131	99.62087912087912	2.798132935879107
dataset_name-Levine_dataset-revision-67990f383ac8f169c9a00148febba1ed357e18e8_name-data_import.data_raw_potential-batches-1_seed-42_transformation-cofactor-5	cydefine[3f57bdcdec41]	drop-train	num-2	run0	31721	14	87	904.5	8235	94.65517241379311	2.8957608839373443
dataset_name-Levine_dataset-revision-67990f383ac8f169c9a00148febba1ed357e18e8_name-data_import.data_raw_potential-batches-1_seed-42_transformation-cofactor-5	cydefine[3f57bdcdec41]	unfiltered	num-1	run0	72463	14	182	1922	18131	99.62087912087912	2.798132935879107
dataset_name-Levine_dataset-revision-67990f383ac8f169c9a00148febba1ed357e18e8_name-data_import.data_raw_potential-batches-1_seed-42_transformation-cofactor-5	cydefine[3f57bdcdec41]	unfiltered	num-2	run0	31721	14	87	904.5	8235	94.65517241379311	2.8957608839373443
dataset_name-Levine_dataset-revision-67990f383ac8f169c9a00148febba1ed357e18e8_name-data_import.data_raw_potential-batches-1_seed-42_transformation-cofactor-5	cygate	drop-both	num-1	run0	72463	14	182	1922	18131	99.62087912087912	2.798132935879107
dataset_name-Levine_dataset-revision-67990f383ac8f169c9a00148febba1ed357e18e8_name-data_import.data_raw_potential-batches-1_seed-42_transformation-cofactor-5	cygate	drop-both	num-2	run0	31721	14	87	904.5	8235	94.65517241379311	2.8957608839373443
dataset_name-Levine_dataset-revision-67990f383ac8f169c9a00148febba1ed357e18e8_name-data_import.data_raw_potential-batches-1_seed-42_transformation-cofactor-5	cygate	drop-train	num-1	run0	72463	14	182	1922	18131	99.62087912087912	2.798132935879107
dataset_name-Levine_dataset-revision-67990f383ac8f169c9a00148febba1ed357e18e8_name-data_import.data_raw_potential-batches-1_seed-42_transformation-cofactor-5	cygate	drop-train	num-2	run0	31721	14	87	904.5	8235	94.65517241379311	2.8957608839373443
dataset_name-Levine_dataset-revision-67990f383ac8f169c9a00148febba1ed357e18e8_name-data_import.data_raw_potential-batches-1_seed-42_transformation-cofactor-5	cygate	unfiltered	num-1	run0	72463	14	182	1922	18131	99.62087912087912	2.798132935879107
dataset_name-Levine_dataset-revision-67990f383ac8f169c9a00148febba1ed357e18e8_name-data_import.data_raw_potential-batches-1_seed-42_transformation-cofactor-5	cygate	unfiltered	num-2	run0	31721	14	87	904.5	8235	94.65517241379311	2.8957608839373443
dataset_name-Levine_dataset-revision-67990f383ac8f169c9a00148febba1ed357e18e8_name-data_import.data_raw_potential-batches-1_seed-42_transformation-cofactor-5	dgcytof	drop-both	num-1	run0	72463	14	182	1922	18131	99.62087912087912	2.798132935879107
dataset_name-Levine_dataset-revision-67990f383ac8f169c9a00148febba1ed357e18e8_name-data_import.data_raw_potential-batches-1_seed-42_transformation-cofactor-5	dgcytof	drop-both	num-2	run0	31721	14	87	904.5	8235	94.65517241379311	2.8957608839373443
dataset_name-Levine_dataset-revision-67990f383ac8f169c9a00148febba1ed357e18e8_name-data_import.data_raw_potential-batches-1_seed-42_transformation-cofactor-5	dgcytof	drop-train	num-1	run0	72463	14	182	1922	18131	99.62087912087912	2.798132935879107
dataset_name-Levine_dataset-revision-67990f383ac8f169c9a00148febba1ed357e18e8_name-data_import.data_raw_potential-batches-1_seed-42_transformation-cofactor-5	dgcytof	drop-train	num-2	run0	31721	14	87	904.5	8235	94.65517241379311	2.8957608839373443
dataset_name-Levine_dataset-revision-67990f383ac8f169c9a00148febba1ed357e18e8_name-data_import.data_raw_potential-batches-1_seed-42_transformation-cofactor-5	dgcytof	unfiltered	num-1	run0	72463	14	182	1922	18131	99.62087912087912	2.798132935879107
dataset_name-Levine_dataset-revision-67990f383ac8f169c9a00148febba1ed357e18e8_name-data_import.data_raw_potential-batches-1_seed-42_transformation-cofactor-5	dgcytof	unfiltered	num-2	run0	31721	14	87	904.5	8235	94.65517241379311	2.8957608839373443
dataset_name-Levine_dataset-revision-67990f383ac8f169c9a00148febba1ed357e18e8_name-data_import.data_raw_potential-batches-1_seed-42_transformation-cofactor-5	gatemeclass[E]	drop-both	num-1	run0	72463	14	182	1922	18131	99.62087912087912	2.798132935879107
dataset_name-Levine_dataset-revision-67990f383ac8f169c9a00148febba1ed357e18e8_name-data_import.data_raw_potential-batches-1_seed-42_transformation-cofactor-5	gatemeclass[E]	drop-both	num-2	run0	31721	14	87	904.5	8235	94.65517241379311	2.8957608839373443
dataset_name-Levine_dataset-revision-67990f383ac8f169c9a00148febba1ed357e18e8_name-data_import.data_raw_potential-batches-1_seed-42_transformation-cofactor-5	gatemeclass[E]	drop-train	num-1	run0	72463	14	182	1922	18131	99.62087912087912	2.798132935879107
dataset_name-Levine_dataset-revision-67990f383ac8f169c9a00148febba1ed357e18e8_name-data_import.data_raw_potential-batches-1_seed-42_transformation-cofactor-5	gatemeclass[E]	drop-train	num-2	run0	31721	14	87	904.5	8235	94.65517241379311	2.8957608839373443
dataset_name-Levine_dataset-revision-67990f383ac8f169c9a00148febba1ed357e18e8_name-data_import.data_raw_potential-batches-1_seed-42_transformation-cofactor-5	gatemeclass[E]	unfiltered	num-1	run0	72463	14	182	1922	18131	99.62087912087912	2.798132935879107
dataset_name-Levine_dataset-revision-67990f383ac8f169c9a00148febba1ed357e18e8_name-data_import.data_raw_potential-batches-1_seed-42_transformation-cofactor-5	gatemeclass[E]	unfiltered	num-2	run0	31721	14	87	904.5	8235	94.65517241379311	2.8957608839373443
dataset_name-Levine_dataset-revision-67990f383ac8f169c9a00148febba1ed357e18e8_name-data_import.data_raw_potential-batches-1_seed-42_transformation-cofactor-5	gatemeclass[V]	drop-both	num-1	run0	72463	14	182	1922	18131	99.62087912087912	2.798132935879107
dataset_name-Levine_dataset-revision-67990f383ac8f169c9a00148febba1ed357e18e8_name-data_import.data_raw_potential-batches-1_seed-42_transformation-cofactor-5	gatemeclass[V]	drop-both	num-2	run0	31721	14	87	904.5	8235	94.65517241379311	2.8957608839373443
dataset_name-Levine_dataset-revision-67990f383ac8f169c9a00148febba1ed357e18e8_name-data_import.data_raw_potential-batches-1_seed-42_transformation-cofactor-5	gatemeclass[V]	drop-train	num-1	run0	72463	14	182	1922	18131	99.62087912087912	2.798132935879107
dataset_name-Levine_dataset-revision-67990f383ac8f169c9a00148febba1ed357e18e8_name-data_import.data_raw_potential-batches-1_seed-42_transformation-cofactor-5	gatemeclass[V]	drop-train	num-2	run0	31721	14	87	904.5	8235	94.65517241379311	2.8957608839373443
dataset_name-Levine_dataset-revision-67990f383ac8f169c9a00148febba1ed357e18e8_name-data_import.data_raw_potential-batches-1_seed-42_transformation-cofactor-5	gatemeclass[V]	unfiltered	num-1	run0	72463	14	182	1922	18131	99.62087912087912	2.798132935879107
dataset_name-Levine_dataset-revision-67990f383ac8f169c9a00148febba1ed357e18e8_name-data_import.data_raw_potential-batches-1_seed-42_transformation-cofactor-5	gatemeclass[V]	unfiltered	num-2	run0	31721	14	87	904.5	8235	94.65517241379311	2.8957608839373443
dataset_name-Levine_dataset-revision-67990f383ac8f169c9a00148febba1ed357e18e8_name-data_import.data_raw_potential-batches-1_seed-42_transformation-cofactor-5	knn	drop-both	num-1	run0	72463	14	182	1922	18131	99.62087912087912	2.798132935879107
dataset_name-Levine_dataset-revision-67990f383ac8f169c9a00148febba1ed357e18e8_name-data_import.data_raw_potential-batches-1_seed-42_transformation-cofactor-5	knn	drop-both	num-2	run0	31721	14	87	904.5	8235	94.65517241379311	2.8957608839373443
dataset_name-Levine_dataset-revision-67990f383ac8f169c9a00148febba1ed357e18e8_name-data_import.data_raw_potential-batches-1_seed-42_transformation-cofactor-5	knn	drop-train	num-1	run0	72463	14	182	1922	18131	99.62087912087912	2.798132935879107
dataset_name-Levine_dataset-revision-67990f383ac8f169c9a00148febba1ed357e18e8_name-data_import.data_raw_potential-batches-1_seed-42_transformation-cofactor-5	knn	drop-train	num-2	run0	31721	14	87	904.5	8235	94.65517241379311	2.8957608839373443
dataset_name-Levine_dataset-revision-67990f383ac8f169c9a00148febba1ed357e18e8_name-data_import.data_raw_potential-batches-1_seed-42_transformation-cofactor-5	knn	unfiltered	num-1	run0	72463	14	182	1922	18131	99.62087912087912	2.798132935879107
dataset_name-Levine_dataset-revision-67990f383ac8f169c9a00148febba1ed357e18e8_name-data_import.data_raw_potential-batches-1_seed-42_transformation-cofactor-5	knn	unfiltered	num-2	run0	31721	14	87	904.5	8235	94.65517241379311	2.8957608839373443
dataset_name-Levine_dataset-revision-67990f383ac8f169c9a00148febba1ed357e18e8_name-data_import.data_raw_potential-batches-1_seed-42_transformation-cofactor-5	lda	drop-both	num-1	run0	72463	14	182	1922	18131	99.62087912087912	2.798132935879107
dataset_name-Levine_dataset-revision-67990f383ac8f169c9a00148febba1ed357e18e8_name-data_import.data_raw_potential-batches-1_seed-42_transformation-cofactor-5	lda	drop-both	num-2	run0	31721	14	87	904.5	8235	94.65517241379311	2.8957608839373443
dataset_name-Levine_dataset-revision-67990f383ac8f169c9a00148febba1ed357e18e8_name-data_import.data_raw_potential-batches-1_seed-42_transformation-cofactor-5	lda	drop-train	num-1	run0	72463	14	182	1922	18131	99.62087912087912	2.798132935879107
dataset_name-Levine_dataset-revision-67990f383ac8f169c9a00148febba1ed357e18e8_name-data_import.data_raw_potential-batches-1_seed-42_transformation-cofactor-5	lda	drop-train	num-2	run0	31721	14	87	904.5	8235	94.65517241379311	2.8957608839373443
dataset_name-Levine_dataset-revision-67990f383ac8f169c9a00148febba1ed357e18e8_name-data_import.data_raw_potential-batches-1_seed-42_transformation-cofactor-5	lda	unfiltered	num-1	run0	72463	14	182	1922	18131	99.62087912087912	2.798132935879107
dataset_name-Levine_dataset-revision-67990f383ac8f169c9a00148febba1ed357e18e8_name-data_import.data_raw_potential-batches-1_seed-42_transformation-cofactor-5	lda	unfiltered	num-2	run0	31721	14	87	904.5	8235	94.65517241379311	2.8957608839373443
dataset_name-Levine_dataset-revision-67990f383ac8f169c9a00148febba1ed357e18e8_name-data_import.data_raw_potential-batches-1_seed-42_transformation-cofactor-5	random	drop-both	num-1	run0	72463	14	182	1922	18131	99.62087912087912	2.798132935879107
dataset_name-Levine_dataset-revision-67990f383ac8f169c9a00148febba1ed357e18e8_name-data_import.data_raw_potential-batches-1_seed-42_transformation-cofactor-5	random	drop-both	num-2	run0	31721	14	87	904.5	8235	94.65517241379311	2.8957608839373443
dataset_name-Levine_dataset-revision-67990f383ac8f169c9a00148febba1ed357e18e8_name-data_import.data_raw_potential-batches-1_seed-42_transformation-cofactor-5	random	drop-train	num-1	run0	72463	14	182	1922	18131	99.62087912087912	2.798132935879107
dataset_name-Levine_dataset-revision-67990f383ac8f169c9a00148febba1ed357e18e8_name-data_import.data_raw_potential-batches-1_seed-42_transformation-cofactor-5	random	drop-train	num-2	run0	31721	14	87	904.5	8235	94.65517241379311	2.8957608839373443
dataset_name-Levine_dataset-revision-67990f383ac8f169c9a00148febba1ed357e18e8_name-data_import.data_raw_potential-batches-1_seed-42_transformation-cofactor-5	random	unfiltered	num-1	run0	72463	14	182	1922	18131	99.62087912087912	2.798132935879107
dataset_name-Levine_dataset-revision-67990f383ac8f169c9a00148febba1ed357e18e8_name-data_import.data_raw_potential-batches-1_seed-42_transformation-cofactor-5	random	unfiltered	num-2	run0	31721	14	87	904.5	8235	94.65517241379311	2.8957608839373443
dataset_name-Samusik_dataset-revision-67990f383ac8f169c9a00148febba1ed357e18e8_name-data_import.data_raw_potential-batches-1_seed-42_transformation-cofactor-5	cyanno	drop-both	num-1	run0	462641	24	26	5023.5	102572	3945.076923076923	3.2891645003790617
dataset_name-Samusik_dataset-revision-67990f383ac8f169c9a00148febba1ed357e18e8_name-data_import.data_raw_potential-batches-1_seed-42_transformation-cofactor-5	cyanno	drop-both	num-2	run0	463260	24	26	4855.5	105437	4055.269230769231	3.2769716587086353
dataset_name-Samusik_dataset-revision-67990f383ac8f169c9a00148febba1ed357e18e8_name-data_import.data_raw_potential-batches-1_seed-42_transformation-cofactor-5	cyanno	drop-both	num-3	run0	459538	24	28	5023	99973	3570.464285714286	3.3046834834099
dataset_name-Samusik_dataset-revision-67990f383ac8f169c9a00148febba1ed357e18e8_name-data_import.data_raw_potential-batches-1_seed-42_transformation-cofactor-5	cyanno	drop-both	num-4	run0	461932	24	24	4998.5	102735	4280.625	3.2903331971307517
dataset_name-Samusik_dataset-revision-67990f383ac8f169c9a00148febba1ed357e18e8_name-data_import.data_raw_potential-batches-1_seed-42_transformation-cofactor-5	cyanno	drop-both	num-5	run0	468547	24	27	5054	106101	3929.6666666666665	3.289595154172919
dataset_name-Samusik_dataset-revision-67990f383ac8f169c9a00148febba1ed357e18e8_name-data_import.data_raw_potential-batches-1_seed-42_transformation-cofactor-5	cyanno	drop-train	num-1	run0	462641	24	26	5023.5	102572	3945.076923076923	3.2891645003790617
dataset_name-Samusik_dataset-revision-67990f383ac8f169c9a00148febba1ed357e18e8_name-data_import.data_raw_potential-batches-1_seed-42_transformation-cofactor-5	cyanno	drop-train	num-2	run0	463260	24	26	4855.5	105437	4055.269230769231	3.2769716587086353
dataset_name-Samusik_dataset-revision-67990f383ac8f169c9a00148febba1ed357e18e8_name-data_import.data_raw_potential-batches-1_seed-42_transformation-cofactor-5	cyanno	drop-train	num-3	run0	459538	24	28	5023	99973	3570.464285714286	3.3046834834099
dataset_name-Samusik_dataset-revision-67990f383ac8f169c9a00148febba1ed357e18e8_name-data_import.data_raw_potential-batches-1_seed-42_transformation-cofactor-5	cyanno	drop-train	num-4	run0	461932	24	24	4998.5	102735	4280.625	3.2903331971307517
dataset_name-Samusik_dataset-revision-67990f383ac8f169c9a00148febba1ed357e18e8_name-data_import.data_raw_potential-batches-1_seed-42_transformation-cofactor-5	cyanno	drop-train	num-5	run0	468547	24	27	5054	106101	3929.6666666666665	3.289595154172919
dataset_name-Samusik_dataset-revision-67990f383ac8f169c9a00148febba1ed357e18e8_name-data_import.data_raw_potential-batches-1_seed-42_transformation-cofactor-5	cyanno	unfiltered	num-1	run0	462641	24	26	5023.5	102572	3945.076923076923	3.2891645003790617
dataset_name-Samusik_dataset-revision-67990f383ac8f169c9a00148febba1ed357e18e8_name-data_import.data_raw_potential-batches-1_seed-42_transformation-cofactor-5	cyanno	unfiltered	num-2	run0	463260	24	26	4855.5	105437	4055.269230769231	3.2769716587086353
dataset_name-Samusik_dataset-revision-67990f383ac8f169c9a00148febba1ed357e18e8_name-data_import.data_raw_potential-batches-1_seed-42_transformation-cofactor-5	cyanno	unfiltered	num-3	run0	459538	24	28	5023	99973	3570.464285714286	3.3046834834099
dataset_name-Samusik_dataset-revision-67990f383ac8f169c9a00148febba1ed357e18e8_name-data_import.data_raw_potential-batches-1_seed-42_transformation-cofactor-5	cyanno	unfiltered	num-4	run0	461932	24	24	4998.5	102735	4280.625	3.2903331971307517
dataset_name-Samusik_dataset-revision-67990f383ac8f169c9a00148febba1ed357e18e8_name-data_import.data_raw_potential-batches-1_seed-42_transformation-cofactor-5	cyanno	unfiltered	num-5	run0	468547	24	27	5054	106101	3929.6666666666665	3.289595154172919
dataset_name-Samusik_dataset-revision-67990f383ac8f169c9a00148febba1ed357e18e8_name-data_import.data_raw_potential-batches-1_seed-42_transformation-cofactor-5	cydefine[3f57bdcdec41]	drop-both	num-1	run0	462641	24	26	5023.5	102572	3945.076923076923	3.2891645003790617
dataset_name-Samusik_dataset-revision-67990f383ac8f169c9a00148febba1ed357e18e8_name-data_import.data_raw_potential-batches-1_seed-42_transformation-cofactor-5	cydefine[3f57bdcdec41]	drop-both	num-2	run0	463260	24	26	4855.5	105437	4055.269230769231	3.2769716587086353
dataset_name-Samusik_dataset-revision-67990f383ac8f169c9a00148febba1ed357e18e8_name-data_import.data_raw_potential-batches-1_seed-42_transformation-cofactor-5	cydefine[3f57bdcdec41]	drop-both	num-3	run0	459538	24	28	5023	99973	3570.464285714286	3.3046834834099
dataset_name-Samusik_dataset-revision-67990f383ac8f169c9a00148febba1ed357e18e8_name-data_import.data_raw_potential-batches-1_seed-42_transformation-cofactor-5	cydefine[3f57bdcdec41]	drop-both	num-4	run0	461932	24	24	4998.5	102735	4280.625	3.2903331971307517
dataset_name-Samusik_dataset-revision-67990f383ac8f169c9a00148febba1ed357e18e8_name-data_import.data_raw_potential-batches-1_seed-42_transformation-cofactor-5	cydefine[3f57bdcdec41]	drop-both	num-5	run0	468547	24	27	5054	106101	3929.6666666666665	3.289595154172919
dataset_name-Samusik_dataset-revision-67990f383ac8f169c9a00148febba1ed357e18e8_name-data_import.data_raw_potential-batches-1_seed-42_transformation-cofactor-5	cydefine[3f57bdcdec41]	drop-train	num-1	run0	462641	24	26	5023.5	102572	3945.076923076923	3.2891645003790617
dataset_name-Samusik_dataset-revision-67990f383ac8f169c9a00148febba1ed357e18e8_name-data_import.data_raw_potential-batches-1_seed-42_transformation-cofactor-5	cydefine[3f57bdcdec41]	drop-train	num-2	run0	463260	24	26	4855.5	105437	4055.269230769231	3.2769716587086353
dataset_name-Samusik_dataset-revision-67990f383ac8f169c9a00148febba1ed357e18e8_name-data_import.data_raw_potential-batches-1_seed-42_transformation-cofactor-5	cydefine[3f57bdcdec41]	drop-train	num-3	run0	459538	24	28	5023	99973	3570.464285714286	3.3046834834099
dataset_name-Samusik_dataset-revision-67990f383ac8f169c9a00148febba1ed357e18e8_name-data_import.data_raw_potential-batches-1_seed-42_transformation-cofactor-5	cydefine[3f57bdcdec41]	drop-train	num-4	run0	461932	24	24	4998.5	102735	4280.625	3.2903331971307517
dataset_name-Samusik_dataset-revision-67990f383ac8f169c9a00148febba1ed357e18e8_name-data_import.data_raw_potential-batches-1_seed-42_transformation-cofactor-5	cydefine[3f57bdcdec41]	drop-train	num-5	run0	468547	24	27	5054	106101	3929.6666666666665	3.289595154172919
dataset_name-Samusik_dataset-revision-67990f383ac8f169c9a00148febba1ed357e18e8_name-data_import.data_raw_potential-batches-1_seed-42_transformation-cofactor-5	cydefine[3f57bdcdec41]	unfiltered	num-1	run0	462641	24	26	5023.5	102572	3945.076923076923	3.2891645003790617
dataset_name-Samusik_dataset-revision-67990f383ac8f169c9a00148febba1ed357e18e8_name-data_import.data_raw_potential-batches-1_seed-42_transformation-cofactor-5	cydefine[3f57bdcdec41]	unfiltered	num-2	run0	463260	24	26	4855.5	105437	4055.269230769231	3.2769716587086353
dataset_name-Samusik_dataset-revision-67990f383ac8f169c9a00148febba1ed357e18e8_name-data_import.data_raw_potential-batches-1_seed-42_transformation-cofactor-5	cydefine[3f57bdcdec41]	unfiltered	num-3	run0	459538	24	28	5023	99973	3570.464285714286	3.3046834834099
dataset_name-Samusik_dataset-revision-67990f383ac8f169c9a00148febba1ed357e18e8_name-data_import.data_raw_potential-batches-1_seed-42_transformation-cofactor-5	cydefine[3f57bdcdec41]	unfiltered	num-4	run0	461932	24	24	4998.5	102735	4280.625	3.2903331971307517
dataset_name-Samusik_dataset-revision-67990f383ac8f169c9a00148febba1ed357e18e8_name-data_import.data_raw_potential-batches-1_seed-42_transformation-cofactor-5	cydefine[3f57bdcdec41]	unfiltered	num-5	run0	468547	24	27	5054	106101	3929.6666666666665	3.289595154172919
dataset_name-Samusik_dataset-revision-67990f383ac8f169c9a00148febba1ed357e18e8_name-data_import.data_raw_potential-batches-1_seed-42_transformation-cofactor-5	cygate	drop-both	num-1	run0	462641	24	26	5023.5	102572	3945.076923076923	3.2891645003790617
dataset_name-Samusik_dataset-revision-67990f383ac8f169c9a00148febba1ed357e18e8_name-data_import.data_raw_potential-batches-1_seed-42_transformation-cofactor-5	cygate	drop-both	num-2	run0	463260	24	26	4855.5	105437	4055.269230769231	3.2769716587086353
dataset_name-Samusik_dataset-revision-67990f383ac8f169c9a00148febba1ed357e18e8_name-data_import.data_raw_potential-batches-1_seed-42_transformation-cofactor-5	cygate	drop-both	num-3	run0	459538	24	28	5023	99973	3570.464285714286	3.3046834834099
dataset_name-Samusik_dataset-revision-67990f383ac8f169c9a00148febba1ed357e18e8_name-data_import.data_raw_potential-batches-1_seed-42_transformation-cofactor-5	cygate	drop-both	num-4	run0	461932	24	24	4998.5	102735	4280.625	3.2903331971307517
dataset_name-Samusik_dataset-revision-67990f383ac8f169c9a00148febba1ed357e18e8_name-data_import.data_raw_potential-batches-1_seed-42_transformation-cofactor-5	cygate	drop-both	num-5	run0	468547	24	27	5054	106101	3929.6666666666665	3.289595154172919
dataset_name-Samusik_dataset-revision-67990f383ac8f169c9a00148febba1ed357e18e8_name-data_import.data_raw_potential-batches-1_seed-42_transformation-cofactor-5	cygate	drop-train	num-1	run0	462641	24	26	5023.5	102572	3945.076923076923	3.2891645003790617
dataset_name-Samusik_dataset-revision-67990f383ac8f169c9a00148febba1ed357e18e8_name-data_import.data_raw_potential-batches-1_seed-42_transformation-cofactor-5	cygate	drop-train	num-2	run0	463260	24	26	4855.5	105437	4055.269230769231	3.2769716587086353
dataset_name-Samusik_dataset-revision-67990f383ac8f169c9a00148febba1ed357e18e8_name-data_import.data_raw_potential-batches-1_seed-42_transformation-cofactor-5	cygate	drop-train	num-3	run0	459538	24	28	5023	99973	3570.464285714286	3.3046834834099
dataset_name-Samusik_dataset-revision-67990f383ac8f169c9a00148febba1ed357e18e8_name-data_import.data_raw_potential-batches-1_seed-42_transformation-cofactor-5	cygate	drop-train	num-4	run0	461932	24	24	4998.5	102735	4280.625	3.2903331971307517
dataset_name-Samusik_dataset-revision-67990f383ac8f169c9a00148febba1ed357e18e8_name-data_import.data_raw_potential-batches-1_seed-42_transformation-cofactor-5	cygate	drop-train	num-5	run0	468547	24	27	5054	106101	3929.6666666666665	3.289595154172919
dataset_name-Samusik_dataset-revision-67990f383ac8f169c9a00148febba1ed357e18e8_name-data_import.data_raw_potential-batches-1_seed-42_transformation-cofactor-5	cygate	unfiltered	num-1	run0	462641	24	26	5023.5	102572	3945.076923076923	3.2891645003790617
dataset_name-Samusik_dataset-revision-67990f383ac8f169c9a00148febba1ed357e18e8_name-data_import.data_raw_potential-batches-1_seed-42_transformation-cofactor-5	cygate	unfiltered	num-2	run0	463260	24	26	4855.5	105437	4055.269230769231	3.2769716587086353
dataset_name-Samusik_dataset-revision-67990f383ac8f169c9a00148febba1ed357e18e8_name-data_import.data_raw_potential-batches-1_seed-42_transformation-cofactor-5	cygate	unfiltered	num-3	run0	459538	24	28	5023	99973	3570.464285714286	3.3046834834099
dataset_name-Samusik_dataset-revision-67990f383ac8f169c9a00148febba1ed357e18e8_name-data_import.data_raw_potential-batches-1_seed-42_transformation-cofactor-5	cygate	unfiltered	num-4	run0	461932	24	24	4998.5	102735	4280.625	3.2903331971307517
dataset_name-Samusik_dataset-revision-67990f383ac8f169c9a00148febba1ed357e18e8_name-data_import.data_raw_potential-batches-1_seed-42_transformation-cofactor-5	cygate	unfiltered	num-5	run0	468547	24	27	5054	106101	3929.6666666666665	3.289595154172919
dataset_name-Samusik_dataset-revision-67990f383ac8f169c9a00148febba1ed357e18e8_name-data_import.data_raw_potential-batches-1_seed-42_transformation-cofactor-5	dgcytof	drop-both	num-1	run0	462641	24	26	5023.5	102572	3945.076923076923	3.2891645003790617
dataset_name-Samusik_dataset-revision-67990f383ac8f169c9a00148febba1ed357e18e8_name-data_import.data_raw_potential-batches-1_seed-42_transformation-cofactor-5	dgcytof	drop-both	num-2	run0	463260	24	26	4855.5	105437	4055.269230769231	3.2769716587086353
dataset_name-Samusik_dataset-revision-67990f383ac8f169c9a00148febba1ed357e18e8_name-data_import.data_raw_potential-batches-1_seed-42_transformation-cofactor-5	dgcytof	drop-both	num-3	run0	459538	24	28	5023	99973	3570.464285714286	3.3046834834099
dataset_name-Samusik_dataset-revision-67990f383ac8f169c9a00148febba1ed357e18e8_name-data_import.data_raw_potential-batches-1_seed-42_transformation-cofactor-5	dgcytof	drop-both	num-4	run0	461932	24	24	4998.5	102735	4280.625	3.2903331971307517
dataset_name-Samusik_dataset-revision-67990f383ac8f169c9a00148febba1ed357e18e8_name-data_import.data_raw_potential-batches-1_seed-42_transformation-cofactor-5	dgcytof	drop-both	num-5	run0	468547	24	27	5054	106101	3929.6666666666665	3.289595154172919
dataset_name-Samusik_dataset-revision-67990f383ac8f169c9a00148febba1ed357e18e8_name-data_import.data_raw_potential-batches-1_seed-42_transformation-cofactor-5	dgcytof	drop-train	num-1	run0	462641	24	26	5023.5	102572	3945.076923076923	3.2891645003790617
dataset_name-Samusik_dataset-revision-67990f383ac8f169c9a00148febba1ed357e18e8_name-data_import.data_raw_potential-batches-1_seed-42_transformation-cofactor-5	dgcytof	drop-train	num-2	run0	463260	24	26	4855.5	105437	4055.269230769231	3.2769716587086353
dataset_name-Samusik_dataset-revision-67990f383ac8f169c9a00148febba1ed357e18e8_name-data_import.data_raw_potential-batches-1_seed-42_transformation-cofactor-5	dgcytof	drop-train	num-3	run0	459538	24	28	5023	99973	3570.464285714286	3.3046834834099
dataset_name-Samusik_dataset-revision-67990f383ac8f169c9a00148febba1ed357e18e8_name-data_import.data_raw_potential-batches-1_seed-42_transformation-cofactor-5	dgcytof	drop-train	num-4	run0	461932	24	24	4998.5	102735	4280.625	3.2903331971307517
dataset_name-Samusik_dataset-revision-67990f383ac8f169c9a00148febba1ed357e18e8_name-data_import.data_raw_potential-batches-1_seed-42_transformation-cofactor-5	dgcytof	drop-train	num-5	run0	468547	24	27	5054	106101	3929.6666666666665	3.289595154172919
dataset_name-Samusik_dataset-revision-67990f383ac8f169c9a00148febba1ed357e18e8_name-data_import.data_raw_potential-batches-1_seed-42_transformation-cofactor-5	dgcytof	unfiltered	num-1	run0	462641	24	26	5023.5	102572	3945.076923076923	3.2891645003790617
dataset_name-Samusik_dataset-revision-67990f383ac8f169c9a00148febba1ed357e18e8_name-data_import.data_raw_potential-batches-1_seed-42_transformation-cofactor-5	dgcytof	unfiltered	num-2	run0	463260	24	26	4855.5	105437	4055.269230769231	3.2769716587086353
dataset_name-Samusik_dataset-revision-67990f383ac8f169c9a00148febba1ed357e18e8_name-data_import.data_raw_potential-batches-1_seed-42_transformation-cofactor-5	dgcytof	unfiltered	num-3	run0	459538	24	28	5023	99973	3570.464285714286	3.3046834834099
dataset_name-Samusik_dataset-revision-67990f383ac8f169c9a00148febba1ed357e18e8_name-data_import.data_raw_potential-batches-1_seed-42_transformation-cofactor-5	dgcytof	unfiltered	num-4	run0	461932	24	24	4998.5	102735	4280.625	3.2903331971307517
dataset_name-Samusik_dataset-revision-67990f383ac8f169c9a00148febba1ed357e18e8_name-data_import.data_raw_potential-batches-1_seed-42_transformation-cofactor-5	dgcytof	unfiltered	num-5	run0	468547	24	27	5054	106101	3929.6666666666665	3.289595154172919
dataset_name-Samusik_dataset-revision-67990f383ac8f169c9a00148febba1ed357e18e8_name-data_import.data_raw_potential-batches-1_seed-42_transformation-cofactor-5	gatemeclass[E]	drop-both	num-1	run0	462641	24	26	5023.5	102572	3945.076923076923	3.2891645003790617
dataset_name-Samusik_dataset-revision-67990f383ac8f169c9a00148febba1ed357e18e8_name-data_import.data_raw_potential-batches-1_seed-42_transformation-cofactor-5	gatemeclass[E]	drop-both	num-2	run0	463260	24	26	4855.5	105437	4055.269230769231	3.2769716587086353
dataset_name-Samusik_dataset-revision-67990f383ac8f169c9a00148febba1ed357e18e8_name-data_import.data_raw_potential-batches-1_seed-42_transformation-cofactor-5	gatemeclass[E]	drop-both	num-3	run0	459538	24	28	5023	99973	3570.464285714286	3.3046834834099
dataset_name-Samusik_dataset-revision-67990f383ac8f169c9a00148febba1ed357e18e8_name-data_import.data_raw_potential-batches-1_seed-42_transformation-cofactor-5	gatemeclass[E]	drop-both	num-4	run0	461932	24	24	4998.5	102735	4280.625	3.2903331971307517
dataset_name-Samusik_dataset-revision-67990f383ac8f169c9a00148febba1ed357e18e8_name-data_import.data_raw_potential-batches-1_seed-42_transformation-cofactor-5	gatemeclass[E]	drop-both	num-5	run0	468547	24	27	5054	106101	3929.6666666666665	3.289595154172919
dataset_name-Samusik_dataset-revision-67990f383ac8f169c9a00148febba1ed357e18e8_name-data_import.data_raw_potential-batches-1_seed-42_transformation-cofactor-5	gatemeclass[E]	drop-train	num-1	run0	462641	24	26	5023.5	102572	3945.076923076923	3.2891645003790617
dataset_name-Samusik_dataset-revision-67990f383ac8f169c9a00148febba1ed357e18e8_name-data_import.data_raw_potential-batches-1_seed-42_transformation-cofactor-5	gatemeclass[E]	drop-train	num-2	run0	463260	24	26	4855.5	105437	4055.269230769231	3.2769716587086353
dataset_name-Samusik_dataset-revision-67990f383ac8f169c9a00148febba1ed357e18e8_name-data_import.data_raw_potential-batches-1_seed-42_transformation-cofactor-5	gatemeclass[E]	drop-train	num-3	run0	459538	24	28	5023	99973	3570.464285714286	3.3046834834099
dataset_name-Samusik_dataset-revision-67990f383ac8f169c9a00148febba1ed357e18e8_name-data_import.data_raw_potential-batches-1_seed-42_transformation-cofactor-5	gatemeclass[E]	drop-train	num-4	run0	461932	24	24	4998.5	102735	4280.625	3.2903331971307517
dataset_name-Samusik_dataset-revision-67990f383ac8f169c9a00148febba1ed357e18e8_name-data_import.data_raw_potential-batches-1_seed-42_transformation-cofactor-5	gatemeclass[E]	drop-train	num-5	run0	468547	24	27	5054	106101	3929.6666666666665	3.289595154172919
dataset_name-Samusik_dataset-revision-67990f383ac8f169c9a00148febba1ed357e18e8_name-data_import.data_raw_potential-batches-1_seed-42_transformation-cofactor-5	gatemeclass[E]	unfiltered	num-1	run0	462641	24	26	5023.5	102572	3945.076923076923	3.2891645003790617
dataset_name-Samusik_dataset-revision-67990f383ac8f169c9a00148febba1ed357e18e8_name-data_import.data_raw_potential-batches-1_seed-42_transformation-cofactor-5	gatemeclass[E]	unfiltered	num-2	run0	463260	24	26	4855.5	105437	4055.269230769231	3.2769716587086353
dataset_name-Samusik_dataset-revision-67990f383ac8f169c9a00148febba1ed357e18e8_name-data_import.data_raw_potential-batches-1_seed-42_transformation-cofactor-5	gatemeclass[E]	unfiltered	num-3	run0	459538	24	28	5023	99973	3570.464285714286	3.3046834834099
dataset_name-Samusik_dataset-revision-67990f383ac8f169c9a00148febba1ed357e18e8_name-data_import.data_raw_potential-batches-1_seed-42_transformation-cofactor-5	gatemeclass[E]	unfiltered	num-4	run0	461932	24	24	4998.5	102735	4280.625	3.2903331971307517
dataset_name-Samusik_dataset-revision-67990f383ac8f169c9a00148febba1ed357e18e8_name-data_import.data_raw_potential-batches-1_seed-42_transformation-cofactor-5	gatemeclass[E]	unfiltered	num-5	run0	468547	24	27	5054	106101	3929.6666666666665	3.289595154172919
dataset_name-Samusik_dataset-revision-67990f383ac8f169c9a00148febba1ed357e18e8_name-data_import.data_raw_potential-batches-1_seed-42_transformation-cofactor-5	gatemeclass[V]	drop-both	num-1	run0	462641	24	26	5023.5	102572	3945.076923076923	3.2891645003790617
dataset_name-Samusik_dataset-revision-67990f383ac8f169c9a00148febba1ed357e18e8_name-data_import.data_raw_potential-batches-1_seed-42_transformation-cofactor-5	gatemeclass[V]	drop-both	num-2	run0	463260	24	26	4855.5	105437	4055.269230769231	3.2769716587086353
dataset_name-Samusik_dataset-revision-67990f383ac8f169c9a00148febba1ed357e18e8_name-data_import.data_raw_potential-batches-1_seed-42_transformation-cofactor-5	gatemeclass[V]	drop-both	num-3	run0	459538	24	28	5023	99973	3570.464285714286	3.3046834834099
dataset_name-Samusik_dataset-revision-67990f383ac8f169c9a00148febba1ed357e18e8_name-data_import.data_raw_potential-batches-1_seed-42_transformation-cofactor-5	gatemeclass[V]	drop-both	num-4	run0	461932	24	24	4998.5	102735	4280.625	3.2903331971307517
dataset_name-Samusik_dataset-revision-67990f383ac8f169c9a00148febba1ed357e18e8_name-data_import.data_raw_potential-batches-1_seed-42_transformation-cofactor-5	gatemeclass[V]	drop-both	num-5	run0	468547	24	27	5054	106101	3929.6666666666665	3.289595154172919
dataset_name-Samusik_dataset-revision-67990f383ac8f169c9a00148febba1ed357e18e8_name-data_import.data_raw_potential-batches-1_seed-42_transformation-cofactor-5	gatemeclass[V]	drop-train	num-1	run0	462641	24	26	5023.5	102572	3945.076923076923	3.2891645003790617
dataset_name-Samusik_dataset-revision-67990f383ac8f169c9a00148febba1ed357e18e8_name-data_import.data_raw_potential-batches-1_seed-42_transformation-cofactor-5	gatemeclass[V]	drop-train	num-2	run0	463260	24	26	4855.5	105437	4055.269230769231	3.2769716587086353
dataset_name-Samusik_dataset-revision-67990f383ac8f169c9a00148febba1ed357e18e8_name-data_import.data_raw_potential-batches-1_seed-42_transformation-cofactor-5	gatemeclass[V]	drop-train	num-3	run0	459538	24	28	5023	99973	3570.464285714286	3.3046834834099
dataset_name-Samusik_dataset-revision-67990f383ac8f169c9a00148febba1ed357e18e8_name-data_import.data_raw_potential-batches-1_seed-42_transformation-cofactor-5	gatemeclass[V]	drop-train	num-4	run0	461932	24	24	4998.5	102735	4280.625	3.2903331971307517
dataset_name-Samusik_dataset-revision-67990f383ac8f169c9a00148febba1ed357e18e8_name-data_import.data_raw_potential-batches-1_seed-42_transformation-cofactor-5	gatemeclass[V]	drop-train	num-5	run0	468547	24	27	5054	106101	3929.6666666666665	3.289595154172919
dataset_name-Samusik_dataset-revision-67990f383ac8f169c9a00148febba1ed357e18e8_name-data_import.data_raw_potential-batches-1_seed-42_transformation-cofactor-5	gatemeclass[V]	unfiltered	num-1	run0	462641	24	26	5023.5	102572	3945.076923076923	3.2891645003790617
dataset_name-Samusik_dataset-revision-67990f383ac8f169c9a00148febba1ed357e18e8_name-data_import.data_raw_potential-batches-1_seed-42_transformation-cofactor-5	gatemeclass[V]	unfiltered	num-2	run0	463260	24	26	4855.5	105437	4055.269230769231	3.2769716587086353
dataset_name-Samusik_dataset-revision-67990f383ac8f169c9a00148febba1ed357e18e8_name-data_import.data_raw_potential-batches-1_seed-42_transformation-cofactor-5	gatemeclass[V]	unfiltered	num-3	run0	459538	24	28	5023	99973	3570.464285714286	3.3046834834099
dataset_name-Samusik_dataset-revision-67990f383ac8f169c9a00148febba1ed357e18e8_name-data_import.data_raw_potential-batches-1_seed-42_transformation-cofactor-5	gatemeclass[V]	unfiltered	num-4	run0	461932	24	24	4998.5	102735	4280.625	3.2903331971307517
dataset_name-Samusik_dataset-revision-67990f383ac8f169c9a00148febba1ed357e18e8_name-data_import.data_raw_potential-batches-1_seed-42_transformation-cofactor-5	gatemeclass[V]	unfiltered	num-5	run0	468547	24	27	5054	106101	3929.6666666666665	3.289595154172919
dataset_name-Samusik_dataset-revision-67990f383ac8f169c9a00148febba1ed357e18e8_name-data_import.data_raw_potential-batches-1_seed-42_transformation-cofactor-5	knn	drop-both	num-1	run0	462641	24	26	5023.5	102572	3945.076923076923	3.2891645003790617
dataset_name-Samusik_dataset-revision-67990f383ac8f169c9a00148febba1ed357e18e8_name-data_import.data_raw_potential-batches-1_seed-42_transformation-cofactor-5	knn	drop-both	num-2	run0	463260	24	26	4855.5	105437	4055.269230769231	3.2769716587086353
dataset_name-Samusik_dataset-revision-67990f383ac8f169c9a00148febba1ed357e18e8_name-data_import.data_raw_potential-batches-1_seed-42_transformation-cofactor-5	knn	drop-both	num-3	run0	459538	24	28	5023	99973	3570.464285714286	3.3046834834099
dataset_name-Samusik_dataset-revision-67990f383ac8f169c9a00148febba1ed357e18e8_name-data_import.data_raw_potential-batches-1_seed-42_transformation-cofactor-5	knn	drop-both	num-4	run0	461932	24	24	4998.5	102735	4280.625	3.2903331971307517
dataset_name-Samusik_dataset-revision-67990f383ac8f169c9a00148febba1ed357e18e8_name-data_import.data_raw_potential-batches-1_seed-42_transformation-cofactor-5	knn	drop-both	num-5	run0	468547	24	27	5054	106101	3929.6666666666665	3.289595154172919
dataset_name-Samusik_dataset-revision-67990f383ac8f169c9a00148febba1ed357e18e8_name-data_import.data_raw_potential-batches-1_seed-42_transformation-cofactor-5	knn	drop-train	num-1	run0	462641	24	26	5023.5	102572	3945.076923076923	3.2891645003790617
dataset_name-Samusik_dataset-revision-67990f383ac8f169c9a00148febba1ed357e18e8_name-data_import.data_raw_potential-batches-1_seed-42_transformation-cofactor-5	knn	drop-train	num-2	run0	463260	24	26	4855.5	105437	4055.269230769231	3.2769716587086353
dataset_name-Samusik_dataset-revision-67990f383ac8f169c9a00148febba1ed357e18e8_name-data_import.data_raw_potential-batches-1_seed-42_transformation-cofactor-5	knn	drop-train	num-3	run0	459538	24	28	5023	99973	3570.464285714286	3.3046834834099
dataset_name-Samusik_dataset-revision-67990f383ac8f169c9a00148febba1ed357e18e8_name-data_import.data_raw_potential-batches-1_seed-42_transformation-cofactor-5	knn	drop-train	num-4	run0	461932	24	24	4998.5	102735	4280.625	3.2903331971307517
dataset_name-Samusik_dataset-revision-67990f383ac8f169c9a00148febba1ed357e18e8_name-data_import.data_raw_potential-batches-1_seed-42_transformation-cofactor-5	knn	drop-train	num-5	run0	468547	24	27	5054	106101	3929.6666666666665	3.289595154172919
dataset_name-Samusik_dataset-revision-67990f383ac8f169c9a00148febba1ed357e18e8_name-data_import.data_raw_potential-batches-1_seed-42_transformation-cofactor-5	knn	unfiltered	num-1	run0	462641	24	26	5023.5	102572	3945.076923076923	3.2891645003790617
dataset_name-Samusik_dataset-revision-67990f383ac8f169c9a00148febba1ed357e18e8_name-data_import.data_raw_potential-batches-1_seed-42_transformation-cofactor-5	knn	unfiltered	num-2	run0	463260	24	26	4855.5	105437	4055.269230769231	3.2769716587086353
dataset_name-Samusik_dataset-revision-67990f383ac8f169c9a00148febba1ed357e18e8_name-data_import.data_raw_potential-batches-1_seed-42_transformation-cofactor-5	knn	unfiltered	num-3	run0	459538	24	28	5023	99973	3570.464285714286	3.3046834834099
dataset_name-Samusik_dataset-revision-67990f383ac8f169c9a00148febba1ed357e18e8_name-data_import.data_raw_potential-batches-1_seed-42_transformation-cofactor-5	knn	unfiltered	num-4	run0	461932	24	24	4998.5	102735	4280.625	3.2903331971307517
dataset_name-Samusik_dataset-revision-67990f383ac8f169c9a00148febba1ed357e18e8_name-data_import.data_raw_potential-batches-1_seed-42_transformation-cofactor-5	knn	unfiltered	num-5	run0	468547	24	27	5054	106101	3929.6666666666665	3.289595154172919
dataset_name-Samusik_dataset-revision-67990f383ac8f169c9a00148febba1ed357e18e8_name-data_import.data_raw_potential-batches-1_seed-42_transformation-cofactor-5	lda	drop-both	num-1	run0	462641	24	26	5023.5	102572	3945.076923076923	3.2891645003790617
dataset_name-Samusik_dataset-revision-67990f383ac8f169c9a00148febba1ed357e18e8_name-data_import.data_raw_potential-batches-1_seed-42_transformation-cofactor-5	lda	drop-both	num-2	run0	463260	24	26	4855.5	105437	4055.269230769231	3.2769716587086353
dataset_name-Samusik_dataset-revision-67990f383ac8f169c9a00148febba1ed357e18e8_name-data_import.data_raw_potential-batches-1_seed-42_transformation-cofactor-5	lda	drop-both	num-3	run0	459538	24	28	5023	99973	3570.464285714286	3.3046834834099
dataset_name-Samusik_dataset-revision-67990f383ac8f169c9a00148febba1ed357e18e8_name-data_import.data_raw_potential-batches-1_seed-42_transformation-cofactor-5	lda	drop-both	num-4	run0	461932	24	24	4998.5	102735	4280.625	3.2903331971307517
dataset_name-Samusik_dataset-revision-67990f383ac8f169c9a00148febba1ed357e18e8_name-data_import.data_raw_potential-batches-1_seed-42_transformation-cofactor-5	lda	drop-both	num-5	run0	468547	24	27	5054	106101	3929.6666666666665	3.289595154172919
dataset_name-Samusik_dataset-revision-67990f383ac8f169c9a00148febba1ed357e18e8_name-data_import.data_raw_potential-batches-1_seed-42_transformation-cofactor-5	lda	drop-train	num-1	run0	462641	24	26	5023.5	102572	3945.076923076923	3.2891645003790617
dataset_name-Samusik_dataset-revision-67990f383ac8f169c9a00148febba1ed357e18e8_name-data_import.data_raw_potential-batches-1_seed-42_transformation-cofactor-5	lda	drop-train	num-2	run0	463260	24	26	4855.5	105437	4055.269230769231	3.2769716587086353
dataset_name-Samusik_dataset-revision-67990f383ac8f169c9a00148febba1ed357e18e8_name-data_import.data_raw_potential-batches-1_seed-42_transformation-cofactor-5	lda	drop-train	num-3	run0	459538	24	28	5023	99973	3570.464285714286	3.3046834834099
dataset_name-Samusik_dataset-revision-67990f383ac8f169c9a00148febba1ed357e18e8_name-data_import.data_raw_potential-batches-1_seed-42_transformation-cofactor-5	lda	drop-train	num-4	run0	461932	24	24	4998.5	102735	4280.625	3.2903331971307517
dataset_name-Samusik_dataset-revision-67990f383ac8f169c9a00148febba1ed357e18e8_name-data_import.data_raw_potential-batches-1_seed-42_transformation-cofactor-5	lda	drop-train	num-5	run0	468547	24	27	5054	106101	3929.6666666666665	3.289595154172919
dataset_name-Samusik_dataset-revision-67990f383ac8f169c9a00148febba1ed357e18e8_name-data_import.data_raw_potential-batches-1_seed-42_transformation-cofactor-5	lda	unfiltered	num-1	run0	462641	24	26	5023.5	102572	3945.076923076923	3.2891645003790617
dataset_name-Samusik_dataset-revision-67990f383ac8f169c9a00148febba1ed357e18e8_name-data_import.data_raw_potential-batches-1_seed-42_transformation-cofactor-5	lda	unfiltered	num-2	run0	463260	24	26	4855.5	105437	4055.269230769231	3.2769716587086353
dataset_name-Samusik_dataset-revision-67990f383ac8f169c9a00148febba1ed357e18e8_name-data_import.data_raw_potential-batches-1_seed-42_transformation-cofactor-5	lda	unfiltered	num-3	run0	459538	24	28	5023	99973	3570.464285714286	3.3046834834099
dataset_name-Samusik_dataset-revision-67990f383ac8f169c9a00148febba1ed357e18e8_name-data_import.data_raw_potential-batches-1_seed-42_transformation-cofactor-5	lda	unfiltered	num-4	run0	461932	24	24	4998.5	102735	4280.625	3.2903331971307517
dataset_name-Samusik_dataset-revision-67990f383ac8f169c9a00148febba1ed357e18e8_name-data_import.data_raw_potential-batches-1_seed-42_transformation-cofactor-5	lda	unfiltered	num-5	run0	468547	24	27	5054	106101	3929.6666666666665	3.289595154172919
dataset_name-Samusik_dataset-revision-67990f383ac8f169c9a00148febba1ed357e18e8_name-data_import.data_raw_potential-batches-1_seed-42_transformation-cofactor-5	random	drop-both	num-1	run0	462641	24	26	5023.5	102572	3945.076923076923	3.2891645003790617
dataset_name-Samusik_dataset-revision-67990f383ac8f169c9a00148febba1ed357e18e8_name-data_import.data_raw_potential-batches-1_seed-42_transformation-cofactor-5	random	drop-both	num-2	run0	463260	24	26	4855.5	105437	4055.269230769231	3.2769716587086353
dataset_name-Samusik_dataset-revision-67990f383ac8f169c9a00148febba1ed357e18e8_name-data_import.data_raw_potential-batches-1_seed-42_transformation-cofactor-5	random	drop-both	num-3	run0	459538	24	28	5023	99973	3570.464285714286	3.3046834834099
dataset_name-Samusik_dataset-revision-67990f383ac8f169c9a00148febba1ed357e18e8_name-data_import.data_raw_potential-batches-1_seed-42_transformation-cofactor-5	random	drop-both	num-4	run0	461932	24	24	4998.5	102735	4280.625	3.2903331971307517
dataset_name-Samusik_dataset-revision-67990f383ac8f169c9a00148febba1ed357e18e8_name-data_import.data_raw_potential-batches-1_seed-42_transformation-cofactor-5	random	drop-both	num-5	run0	468547	24	27	5054	106101	3929.6666666666665	3.289595154172919
dataset_name-Samusik_dataset-revision-67990f383ac8f169c9a00148febba1ed357e18e8_name-data_import.data_raw_potential-batches-1_seed-42_transformation-cofactor-5	random	drop-train	num-1	run0	462641	24	26	5023.5	102572	3945.076923076923	3.2891645003790617
dataset_name-Samusik_dataset-revision-67990f383ac8f169c9a00148febba1ed357e18e8_name-data_import.data_raw_potential-batches-1_seed-42_transformation-cofactor-5	random	drop-train	num-2	run0	463260	24	26	4855.5	105437	4055.269230769231	3.2769716587086353
dataset_name-Samusik_dataset-revision-67990f383ac8f169c9a00148febba1ed357e18e8_name-data_import.data_raw_potential-batches-1_seed-42_transformation-cofactor-5	random	drop-train	num-3	run0	459538	24	28	5023	99973	3570.464285714286	3.3046834834099
dataset_name-Samusik_dataset-revision-67990f383ac8f169c9a00148febba1ed357e18e8_name-data_import.data_raw_potential-batches-1_seed-42_transformation-cofactor-5	random	drop-train	num-4	run0	461932	24	24	4998.5	102735	4280.625	3.2903331971307517
dataset_name-Samusik_dataset-revision-67990f383ac8f169c9a00148febba1ed357e18e8_name-data_import.data_raw_potential-batches-1_seed-42_transformation-cofactor-5	random	drop-train	num-5	run0	468547	24	27	5054	106101	3929.6666666666665	3.289595154172919
dataset_name-Samusik_dataset-revision-67990f383ac8f169c9a00148febba1ed357e18e8_name-data_import.data_raw_potential-batches-1_seed-42_transformation-cofactor-5	random	unfiltered	num-1	run0	462641	24	26	5023.5	102572	3945.076923076923	3.2891645003790617
dataset_name-Samusik_dataset-revision-67990f383ac8f169c9a00148febba1ed357e18e8_name-data_import.data_raw_potential-batches-1_seed-42_transformation-cofactor-5	random	unfiltered	num-2	run0	463260	24	26	4855.5	105437	4055.269230769231	3.2769716587086353
dataset_name-Samusik_dataset-revision-67990f383ac8f169c9a00148febba1ed357e18e8_name-data_import.data_raw_potential-batches-1_seed-42_transformation-cofactor-5	random	unfiltered	num-3	run0	459538	24	28	5023	99973	3570.464285714286	3.3046834834099
dataset_name-Samusik_dataset-revision-67990f383ac8f169c9a00148febba1ed357e18e8_name-data_import.data_raw_potential-batches-1_seed-42_transformation-cofactor-5	random	unfiltered	num-4	run0	461932	24	24	4998.5	102735	4280.625	3.2903331971307517
dataset_name-Samusik_dataset-revision-67990f383ac8f169c9a00148febba1ed357e18e8_name-data_import.data_raw_potential-batches-1_seed-42_transformation-cofactor-5	random	unfiltered	num-5	run0	468547	24	27	5054	106101	3929.6666666666665	3.289595154172919
