dataset	model	crossvalidation	run_id	population_id	population_name	population	tp	fp	fn	tn	tpr	fpr	fnr	tnr
dataset_name-FR-FCM-Z238_infection_final_seed-42	cyanno	num-1	run0	5	CD4+ CD8+ T Cell	CD4+ CD8+ T Cell	137707	80619	48991	2133175	0.7375922612989962	0.036416667494807556	0.26240773870100376	0.9635833325051925
dataset_name-FR-FCM-Z238_infection_final_seed-42	cyanno	num-1	run0	9	CD4+ T Cell (Naive)	CD4+ T Cell (Naive)	175648	76309	31470	2117065	0.8480576289844437	0.03479069233062852	0.15194237101555635	0.9652093076693715
dataset_name-FR-FCM-Z238_infection_final_seed-42	cyanno	num-1	run0	18	Monocyte (CD14+ CD16+)	Monocyte (CD14+ CD16+)	84689	58606	16079	2241118	0.8404354557002223	0.025483927636533777	0.1595645442997777	0.9745160723634663
dataset_name-FR-FCM-Z238_infection_final_seed-42	cyanno	num-1	run0	6	CD4+ T Cell (Central Memory)	CD4+ T Cell (Central Memory)	120702	20912	76521	2182357	0.6120077272934699	0.009491351260331807	0.3879922727065302	0.9905086487396682
dataset_name-FR-FCM-Z238_infection_final_seed-42	cyanno	num-1	run0	20	Monocyte (CD14- CD16+)	Monocyte (CD14- CD16+)	24217	18439	2597	2355239	0.903147609457746	0.00776811345093985	0.09685239054225404	0.9922318865490601
dataset_name-FR-FCM-Z238_infection_final_seed-42	cyanno	num-2	run0	5	CD4+ CD8+ T Cell	CD4+ CD8+ T Cell	179393	125365	2096	2044707	0.9884510906997118	0.05776997260920375	0.011548909300288172	0.9422300273907962
dataset_name-FR-FCM-Z238_infection_final_seed-42	cyanno	num-2	run0	9	CD4+ T Cell (Naive)	CD4+ T Cell (Naive)	160067	66829	46393	2078272	0.7752930349704543	0.031154244019279277	0.22470696502954568	0.9688457559807208
dataset_name-FR-FCM-Z238_infection_final_seed-42	cyanno	num-2	run0	19	Monocyte (CD14+ CD16-)	Monocyte (CD14+ CD16-)	644635	20132	15525	1671269	0.9764829738245274	0.011902558884616953	0.023517026175472612	0.988097441115383
dataset_name-FR-FCM-Z238_infection_final_seed-42	cyanno	num-2	run0	18	Monocyte (CD14+ CD16+)	Monocyte (CD14+ CD16+)	85497	26084	12650	2227330	0.8711116997972429	0.011575325262024644	0.1288883002027571	0.9884246747379754
dataset_name-FR-FCM-Z238_infection_final_seed-42	cyanno	num-2	run0	21	NK Cell (CD56+ CD16+)	NK Cell (CD56+ CD16+)	195250	17189	5939	2133183	0.9704804934663426	0.00799350065942079	0.029519506533657407	0.9920064993405792
dataset_name-FR-FCM-Z238_infection_final_seed-42	cyanno	num-3	run0	9	CD4+ T Cell (Naive)	CD4+ T Cell (Naive)	206440	178686	1825	2016109	0.991237125777255	0.0814135260924141	0.00876287422274506	0.9185864739075859
dataset_name-FR-FCM-Z238_infection_final_seed-42	cyanno	num-3	run0	11	CD4- CD8- T Cell	CD4- CD8- T Cell	161910	107601	3184	2130365	0.9807140174688359	0.04807981890698965	0.019285982531164064	0.9519201810930104
dataset_name-FR-FCM-Z238_infection_final_seed-42	cyanno	num-3	run0	6	CD4+ T Cell (Central Memory)	CD4+ T Cell (Central Memory)	138367	63573	60585	2140535	0.695479311592746	0.028842960508287253	0.304520688407254	0.9711570394917127
dataset_name-FR-FCM-Z238_infection_final_seed-42	cyanno	num-3	run0	21	NK Cell (CD56+ CD16+)	NK Cell (CD56+ CD16+)	211174	38286	508	2153092	0.9976001738456741	0.017471198487892095	0.0023998261543258285	0.9825288015121079
dataset_name-FR-FCM-Z238_infection_final_seed-42	cyanno	num-3	run0	18	Monocyte (CD14+ CD16+)	Monocyte (CD14+ CD16+)	86799	25920	13398	2276943	0.8662834216593311	0.011255554498899848	0.13371657834066888	0.9887444455011002
dataset_name-FR-FCM-Z238_infection_final_seed-42	cyanno	num-4	run0	11	CD4- CD8- T Cell	CD4- CD8- T Cell	164662	147544	2345	2076447	0.9859586723909777	0.0663419950890089	0.014041327609022377	0.933658004910991
dataset_name-FR-FCM-Z238_infection_final_seed-42	cyanno	num-4	run0	6	CD4+ T Cell (Central Memory)	CD4+ T Cell (Central Memory)	184041	103991	12264	2090702	0.9375257889508672	0.047382936930131	0.06247421104913273	0.952617063069869
dataset_name-FR-FCM-Z238_infection_final_seed-42	cyanno	num-4	run0	9	CD4+ T Cell (Naive)	CD4+ T Cell (Naive)	178797	84091	27757	2100353	0.8656186759878772	0.03849537914453289	0.13438132401212274	0.9615046208554671
dataset_name-FR-FCM-Z238_infection_final_seed-42	cyanno	num-4	run0	19	Monocyte (CD14+ CD16-)	Monocyte (CD14+ CD16-)	666262	23028	12444	1689264	0.9816651097824389	0.013448640769214596	0.018334890217561066	0.9865513592307854
dataset_name-FR-FCM-Z238_infection_final_seed-42	cyanno	num-4	run0	10	CD4+ T Cell (Treg)	CD4+ T Cell (Treg)	47699	27116	6056	2310127	0.8873407124918612	0.011601703374445875	0.11265928750813878	0.9883982966255541
dataset_name-FR-FCM-Z238_infection_final_seed-42	cyanno	num-5	run0	5	CD4+ CD8+ T Cell	CD4+ CD8+ T Cell	173352	107022	12895	2092519	0.9307639854601685	0.04865651515475274	0.06923601453983151	0.9513434848452472
dataset_name-FR-FCM-Z238_infection_final_seed-42	cyanno	num-5	run0	6	CD4+ T Cell (Central Memory)	CD4+ T Cell (Central Memory)	148092	78451	51066	2108179	0.7435905160726659	0.03587758331313482	0.2564094839273341	0.9641224166868652
dataset_name-FR-FCM-Z238_infection_final_seed-42	cyanno	num-5	run0	19	Monocyte (CD14+ CD16-)	Monocyte (CD14+ CD16-)	663954	27257	8536	1686041	0.9873068744516648	0.015909082949959668	0.012693125548335292	0.9840909170500404
dataset_name-FR-FCM-Z238_infection_final_seed-42	cyanno	num-5	run0	21	NK Cell (CD56+ CD16+)	NK Cell (CD56+ CD16+)	207537	28057	1223	2148971	0.9941415980072811	0.012887753395914062	0.0058584019927189115	0.9871122466040859
dataset_name-FR-FCM-Z238_infection_final_seed-42	cyanno	num-5	run0	18	Monocyte (CD14+ CD16+)	Monocyte (CD14+ CD16+)	79886	15735	18854	2271313	0.8090540814259672	0.00688004799199667	0.1909459185740328	0.9931199520080033
dataset_name-FR-FCM-Z238_infection_final_seed-42	cygate	num-1	run0	9	CD4+ T Cell (Naive)	CD4+ T Cell (Naive)	173380	96721	33738	2096653	0.8371073494336562	0.044096902762593156	0.16289265056634383	0.9559030972374069
dataset_name-FR-FCM-Z238_infection_final_seed-42	cygate	num-1	run0	18	Monocyte (CD14+ CD16+)	Monocyte (CD14+ CD16+)	85170	71978	15598	2227746	0.8452087964433154	0.03129853843330765	0.15479120355668466	0.9687014615666923
dataset_name-FR-FCM-Z238_infection_final_seed-42	cygate	num-1	run0	6	CD4+ T Cell (Central Memory)	CD4+ T Cell (Central Memory)	126918	66355	70305	2136914	0.6435253494774951	0.03011661308718999	0.356474650522505	0.9698833869128101
dataset_name-FR-FCM-Z238_infection_final_seed-42	cygate	num-1	run0	5	CD4+ CD8+ T Cell	CD4+ CD8+ T Cell	80422	36208	106276	2177586	0.43075983674168977	0.016355632005507287	0.5692401632583102	0.9836443679944927
dataset_name-FR-FCM-Z238_infection_final_seed-42	cygate	num-1	run0	13	CD8+ T Cell (EMRA)	CD8+ T Cell (EMRA)	33103	26338	7650	2333401	0.8122837582509264	0.011161403867122593	0.1877162417490737	0.9888385961328774
dataset_name-FR-FCM-Z238_infection_final_seed-42	cygate	num-2	run0	9	CD4+ T Cell (Naive)	CD4+ T Cell (Naive)	194048	176338	12412	1968763	0.9398818173011722	0.08220498708452423	0.06011818269882786	0.9177950129154758
dataset_name-FR-FCM-Z238_infection_final_seed-42	cygate	num-2	run0	5	CD4+ CD8+ T Cell	CD4+ CD8+ T Cell	80555	53620	100934	2116452	0.44385610147171456	0.024708857586292068	0.5561438985282855	0.975291142413708
dataset_name-FR-FCM-Z238_infection_final_seed-42	cygate	num-2	run0	18	Monocyte (CD14+ CD16+)	Monocyte (CD14+ CD16+)	84708	30476	13439	2222938	0.8630727378320274	0.013524367914639741	0.13692726216797252	0.9864756320853603
dataset_name-FR-FCM-Z238_infection_final_seed-42	cygate	num-2	run0	13	CD8+ T Cell (EMRA)	CD8+ T Cell (EMRA)	35828	28984	4748	2282001	0.8829850157728707	0.012541838220499051	0.11701498422712933	0.987458161779501
dataset_name-FR-FCM-Z238_infection_final_seed-42	cygate	num-2	run0	7	CD4+ T Cell (EMRA)	CD4+ T Cell (EMRA)	2807	24149	4370	2320235	0.39111049184896196	0.010300786901804483	0.608889508151038	0.9896992130981955
dataset_name-FR-FCM-Z238_infection_final_seed-42	cygate	num-3	run0	9	CD4+ T Cell (Naive)	CD4+ T Cell (Naive)	199595	162078	8670	2032717	0.9583703454733152	0.07384653236407045	0.04162965452668475	0.9261534676359295
dataset_name-FR-FCM-Z238_infection_final_seed-42	cygate	num-3	run0	6	CD4+ T Cell (Central Memory)	CD4+ T Cell (Central Memory)	129966	75855	68986	2128253	0.6532530459608348	0.034415282735691714	0.3467469540391652	0.9655847172643083
dataset_name-FR-FCM-Z238_infection_final_seed-42	cygate	num-3	run0	18	Monocyte (CD14+ CD16+)	Monocyte (CD14+ CD16+)	89286	38648	10911	2264215	0.8911045240875475	0.01678258758771147	0.10889547591245247	0.9832174124122885
dataset_name-FR-FCM-Z238_infection_final_seed-42	cygate	num-3	run0	21	NK Cell (CD56+ CD16+)	NK Cell (CD56+ CD16+)	202941	29311	8741	2162067	0.9587069283170038	0.013375602018455966	0.041293071682996195	0.986624397981544
dataset_name-FR-FCM-Z238_infection_final_seed-42	cygate	num-3	run0	11	CD4- CD8- T Cell	CD4- CD8- T Cell	143081	29891	22013	2208075	0.8666638399941852	0.013356324448181965	0.13333616000581486	0.9866436755518181
dataset_name-FR-FCM-Z238_infection_final_seed-42	cygate	num-4	run0	6	CD4+ T Cell (Central Memory)	CD4+ T Cell (Central Memory)	175868	133638	20437	2061055	0.8958915972593668	0.06089143219575585	0.1041084027406332	0.9391085678042441
dataset_name-FR-FCM-Z238_infection_final_seed-42	cygate	num-4	run0	9	CD4+ T Cell (Naive)	CD4+ T Cell (Naive)	181281	106274	25273	2078170	0.8776445868876904	0.04865036595124434	0.12235541311230962	0.9513496340487556
dataset_name-FR-FCM-Z238_infection_final_seed-42	cygate	num-4	run0	11	CD4- CD8- T Cell	CD4- CD8- T Cell	152385	94319	14622	2129672	0.9124467836677504	0.04240979392452578	0.08755321633224955	0.9575902060754742
dataset_name-FR-FCM-Z238_infection_final_seed-42	cygate	num-4	run0	8	CD4+ T Cell (Effector Memory)	CD4+ T Cell (Effector Memory)	31212	27089	2703	2329994	0.9203007518796993	0.011492594872560703	0.07969924812030076	0.9885074051274393
dataset_name-FR-FCM-Z238_infection_final_seed-42	cygate	num-4	run0	19	Monocyte (CD14+ CD16-)	Monocyte (CD14+ CD16-)	658708	16557	19998	1695735	0.9705351065115086	0.009669495623410025	0.029464893488491337	0.99033050437659
dataset_name-FR-FCM-Z238_infection_final_seed-42	cygate	num-5	run0	6	CD4+ T Cell (Central Memory)	CD4+ T Cell (Central Memory)	138834	87527	60324	2099103	0.6971048112553851	0.04002826266903866	0.30289518874461485	0.9599717373309613
dataset_name-FR-FCM-Z238_infection_final_seed-42	cygate	num-5	run0	5	CD4+ CD8+ T Cell	CD4+ CD8+ T Cell	135252	70691	50995	2128850	0.72619693203112	0.032138978086791746	0.27380306796888004	0.9678610219132082
dataset_name-FR-FCM-Z238_infection_final_seed-42	cygate	num-5	run0	9	CD4+ T Cell (Naive)	CD4+ T Cell (Naive)	123643	34311	85172	2142662	0.5921174245145224	0.015760875307135182	0.40788257548547757	0.9842391246928648
dataset_name-FR-FCM-Z238_infection_final_seed-42	cygate	num-5	run0	21	NK Cell (CD56+ CD16+)	NK Cell (CD56+ CD16+)	200195	24798	8565	2152230	0.9589720252922016	0.01139075841008935	0.041027974707798426	0.9886092415899107
dataset_name-FR-FCM-Z238_infection_final_seed-42	cygate	num-5	run0	19	Monocyte (CD14+ CD16-)	Monocyte (CD14+ CD16-)	656742	18545	15748	1694753	0.9765825514134039	0.010824153182925563	0.023417448586596085	0.9891758468170745
dataset_name-FR-FCM-Z238_infection_final_seed-42	dgcytof	num-1	run0	5	CD4+ CD8+ T Cell	CD4+ CD8+ T Cell	154791	112352	31907	2101442	0.8290983299231914	0.05075088287347423	0.17090167007680854	0.9492491171265258
dataset_name-FR-FCM-Z238_infection_final_seed-42	dgcytof	num-1	run0	9	CD4+ T Cell (Naive)	CD4+ T Cell (Naive)	165252	75119	41866	2118255	0.7978640195444143	0.03424814919844951	0.2021359804555857	0.9657518508015505
dataset_name-FR-FCM-Z238_infection_final_seed-42	dgcytof	num-1	run0	18	Monocyte (CD14+ CD16+)	Monocyte (CD14+ CD16+)	70695	33213	30073	2266511	0.7015620038107335	0.014442167842749825	0.2984379961892664	0.9855578321572501
dataset_name-FR-FCM-Z238_infection_final_seed-42	dgcytof	num-1	run0	20	Monocyte (CD14- CD16+)	Monocyte (CD14- CD16+)	24674	33844	2140	2339834	0.9201909450287163	0.014258041739444019	0.079809054971283655	0.985741958260556
dataset_name-FR-FCM-Z238_infection_final_seed-42	dgcytof	num-1	run0	15	CD8+ T Cell (Naive)	CD8+ T Cell (Naive)	152532	23441	20535	2203984	0.8813465305344174	0.010523811127198447	0.1186534694655827	0.9894761888728015
dataset_name-FR-FCM-Z238_infection_final_seed-42	dgcytof	num-2	run0	5	CD4+ CD8+ T Cell	CD4+ CD8+ T Cell	159404	113350	22085	2056722	0.8783121842095113	0.05223328995535632	0.12168781579048868	0.9477667100446436
dataset_name-FR-FCM-Z238_infection_final_seed-42	dgcytof	num-2	run0	9	CD4+ T Cell (Naive)	CD4+ T Cell (Naive)	169017	90991	37443	2054110	0.8186428363847719	0.042418049313295736	0.18135716361522813	0.9575819506867043
dataset_name-FR-FCM-Z238_infection_final_seed-42	dgcytof	num-2	run0	18	Monocyte (CD14+ CD16+)	Monocyte (CD14+ CD16+)	87845	46719	10302	2206695	0.8950349985226242	0.02073254182320692	0.10496500147737577	0.9792674581767931
dataset_name-FR-FCM-Z238_infection_final_seed-42	dgcytof	num-2	run0	19	Monocyte (CD14+ CD16-)	Monocyte (CD14+ CD16-)	633343	17208	26817	1674193	0.9593780295685894	0.010173814488699013	0.04062197043141057	0.989826185511301
dataset_name-FR-FCM-Z238_infection_final_seed-42	dgcytof	num-2	run0	15	CD8+ T Cell (Naive)	CD8+ T Cell (Naive)	159477	17024	13039	2162021	0.9244186046511628	0.0078125968027278	0.0755813953488372	0.9921874031972722
dataset_name-FR-FCM-Z238_infection_final_seed-42	dgcytof	num-3	run0	9	CD4+ T Cell (Naive)	CD4+ T Cell (Naive)	200618	167857	7647	2026938	0.963282356612969	0.07647958009745785	0.03671764338703094	0.9235204199025422
dataset_name-FR-FCM-Z238_infection_final_seed-42	dgcytof	num-3	run0	11	CD4- CD8- T Cell	CD4- CD8- T Cell	158167	79812	6927	2158154	0.9580420851151465	0.035662740184614065	0.041957914884853474	0.964337259815386
dataset_name-FR-FCM-Z238_infection_final_seed-42	dgcytof	num-3	run0	6	CD4+ T Cell (Central Memory)	CD4+ T Cell (Central Memory)	139394	74475	59558	2129633	0.7006413607302264	0.03378917911463503	0.29935863926977363	0.9662108208853649
dataset_name-FR-FCM-Z238_infection_final_seed-42	dgcytof	num-3	run0	21	NK Cell (CD56+ CD16+)	NK Cell (CD56+ CD16+)	211224	42971	458	2148407	0.9978363772073204	0.019609122661631173	0.0021636227926795856	0.9803908773383688
dataset_name-FR-FCM-Z238_infection_final_seed-42	dgcytof	num-3	run0	19	Monocyte (CD14+ CD16-)	Monocyte (CD14+ CD16-)	662051	28057	17433	1695519	0.9743437667406444	0.01627836544486579	0.025656233259355628	0.9837216345551342
dataset_name-FR-FCM-Z238_infection_final_seed-42	dgcytof	num-4	run0	11	CD4- CD8- T Cell	CD4- CD8- T Cell	162477	155238	4530	2068753	0.9728753884567712	0.06980154146307246	0.027124611543228726	0.9301984585369275
dataset_name-FR-FCM-Z238_infection_final_seed-42	dgcytof	num-4	run0	6	CD4+ T Cell (Central Memory)	CD4+ T Cell (Central Memory)	173427	115407	22878	2079286	0.8834568655918087	0.05258457561034732	0.11654313440819133	0.9474154243896526
dataset_name-FR-FCM-Z238_infection_final_seed-42	dgcytof	num-4	run0	9	CD4+ T Cell (Naive)	CD4+ T Cell (Naive)	163870	72219	42684	2112225	0.7933518595621484	0.0330605865840461	0.2066481404378516	0.9669394134159539
dataset_name-FR-FCM-Z238_infection_final_seed-42	dgcytof	num-4	run0	19	Monocyte (CD14+ CD16-)	Monocyte (CD14+ CD16-)	672727	40652	5979	1671640	0.9911905891505306	0.023741277772716337	0.00880941084946943	0.9762587222272837
dataset_name-FR-FCM-Z238_infection_final_seed-42	dgcytof	num-4	run0	10	CD4+ T Cell (Treg)	CD4+ T Cell (Treg)	50656	45304	3099	2291939	0.942349548879174	0.019383521525147364	0.05765045112082597	0.9806164784748527
dataset_name-FR-FCM-Z238_infection_final_seed-42	dgcytof	num-5	run0	5	CD4+ CD8+ T Cell	CD4+ CD8+ T Cell	145953	94793	40294	2104748	0.7836528910532787	0.04309671881542558	0.2163471089467213	0.9569032811845745
dataset_name-FR-FCM-Z238_infection_final_seed-42	dgcytof	num-5	run0	6	CD4+ T Cell (Central Memory)	CD4+ T Cell (Central Memory)	152538	94172	46620	2092458	0.7659145000451902	0.04306718557780694	0.23408549995480976	0.956932814422193
dataset_name-FR-FCM-Z238_infection_final_seed-42	dgcytof	num-5	run0	19	Monocyte (CD14+ CD16-)	Monocyte (CD14+ CD16-)	665480	32769	7010	1680529	0.9895760531755119	0.019126269919185104	0.010423946824488096	0.9808737300808149
dataset_name-FR-FCM-Z238_infection_final_seed-42	dgcytof	num-5	run0	21	NK Cell (CD56+ CD16+)	NK Cell (CD56+ CD16+)	206082	26743	2678	2150285	0.9871718720061314	0.012284178246673907	0.012828127993868557	0.9877158217533261
dataset_name-FR-FCM-Z238_infection_final_seed-42	dgcytof	num-5	run0	11	CD4- CD8- T Cell	CD4- CD8- T Cell	155676	19812	8788	2201512	0.9465658137951163	0.008919005061845998	0.053434186204883743	0.991080994938154
dataset_name-FR-FCM-Z238_infection_final_seed-42	gatemeclass	num-1	run0	1	B Cell (CD27-)	B Cell (CD27-)	0	0	110209	2290283	0	0	1	1
dataset_name-FR-FCM-Z238_infection_final_seed-42	gatemeclass	num-1	run0	2	B Cell (Memory)	B Cell (Memory)	0	0	39201	2361291	0	0	1	1
dataset_name-FR-FCM-Z238_infection_final_seed-42	gatemeclass	num-1	run0	3	B Cell (Plasmablast)	B Cell (Plasmablast)	0	0	15629	2384863	0	0	1	1
dataset_name-FR-FCM-Z238_infection_final_seed-42	gatemeclass	num-1	run0	4	Basophil	Basophil	0	0	2317	2398175	0	0	1	1
dataset_name-FR-FCM-Z238_infection_final_seed-42	gatemeclass	num-1	run0	5	CD4+ CD8+ T Cell	CD4+ CD8+ T Cell	0	0	186698	2213794	0	0	1	1
dataset_name-FR-FCM-Z238_infection_final_seed-42	gatemeclass	num-2	run0	1	B Cell (CD27-)	B Cell (CD27-)	0	0	109971	2241590	0	0	1	1
dataset_name-FR-FCM-Z238_infection_final_seed-42	gatemeclass	num-2	run0	2	B Cell (Memory)	B Cell (Memory)	0	0	38718	2312843	0	0	1	1
dataset_name-FR-FCM-Z238_infection_final_seed-42	gatemeclass	num-2	run0	3	B Cell (Plasmablast)	B Cell (Plasmablast)	0	0	14868	2336693	0	0	1	1
dataset_name-FR-FCM-Z238_infection_final_seed-42	gatemeclass	num-2	run0	4	Basophil	Basophil	0	0	2149	2349412	0	0	1	1
dataset_name-FR-FCM-Z238_infection_final_seed-42	gatemeclass	num-2	run0	5	CD4+ CD8+ T Cell	CD4+ CD8+ T Cell	0	0	181489	2170072	0	0	1	1
dataset_name-FR-FCM-Z238_infection_final_seed-42	gatemeclass	num-3	run0	1	B Cell (CD27-)	B Cell (CD27-)	0	0	111058	2292002	0	0	1	1
dataset_name-FR-FCM-Z238_infection_final_seed-42	gatemeclass	num-3	run0	2	B Cell (Memory)	B Cell (Memory)	0	0	39089	2363971	0	0	1	1
dataset_name-FR-FCM-Z238_infection_final_seed-42	gatemeclass	num-3	run0	3	B Cell (Plasmablast)	B Cell (Plasmablast)	0	0	15469	2387591	0	0	1	1
dataset_name-FR-FCM-Z238_infection_final_seed-42	gatemeclass	num-3	run0	4	Basophil	Basophil	0	0	2334	2400726	0	0	1	1
dataset_name-FR-FCM-Z238_infection_final_seed-42	gatemeclass	num-3	run0	5	CD4+ CD8+ T Cell	CD4+ CD8+ T Cell	0	0	188644	2214416	0	0	1	1
dataset_name-FR-FCM-Z238_infection_final_seed-42	gatemeclass	num-4	run0	1	B Cell (CD27-)	B Cell (CD27-)	0	0	108994	2282004	0	0	1	1
dataset_name-FR-FCM-Z238_infection_final_seed-42	gatemeclass	num-4	run0	2	B Cell (Memory)	B Cell (Memory)	0	0	38392	2352606	0	0	1	1
dataset_name-FR-FCM-Z238_infection_final_seed-42	gatemeclass	num-4	run0	3	B Cell (Plasmablast)	B Cell (Plasmablast)	0	0	15139	2375859	0	0	1	1
dataset_name-FR-FCM-Z238_infection_final_seed-42	gatemeclass	num-4	run0	4	Basophil	Basophil	0	0	2334	2388664	0	0	1	1
dataset_name-FR-FCM-Z238_infection_final_seed-42	gatemeclass	num-4	run0	5	CD4+ CD8+ T Cell	CD4+ CD8+ T Cell	0	0	188644	2202354	0	0	1	1
dataset_name-FR-FCM-Z238_infection_final_seed-42	gatemeclass	num-5	run0	1	B Cell (CD27-)	B Cell (CD27-)	0	0	110534	2275254	0	0	1	1
dataset_name-FR-FCM-Z238_infection_final_seed-42	gatemeclass	num-5	run0	2	B Cell (Memory)	B Cell (Memory)	0	0	38985	2346803	0	0	1	1
dataset_name-FR-FCM-Z238_infection_final_seed-42	gatemeclass	num-5	run0	3	B Cell (Plasmablast)	B Cell (Plasmablast)	0	0	15601	2370187	0	0	1	1
dataset_name-FR-FCM-Z238_infection_final_seed-42	gatemeclass	num-5	run0	4	Basophil	Basophil	0	0	2334	2383454	0	0	1	1
dataset_name-FR-FCM-Z238_infection_final_seed-42	gatemeclass	num-5	run0	5	CD4+ CD8+ T Cell	CD4+ CD8+ T Cell	0	0	186247	2199541	0	0	1	1
dataset_name-FR-FCM-Z238_infection_final_seed-42	knn	num-1	run0	9	CD4+ T Cell (Naive)	CD4+ T Cell (Naive)	137381	219985	69737	1973389	0.6632982164756323	0.10029525288436901	0.33670178352436775	0.899704747115631
dataset_name-FR-FCM-Z238_infection_final_seed-42	knn	num-1	run0	18	Monocyte (CD14+ CD16+)	Monocyte (CD14+ CD16+)	36345	168293	64423	2131431	0.36067997777072086	0.07317965112335219	0.6393200222292791	0.9268203488766478
dataset_name-FR-FCM-Z238_infection_final_seed-42	knn	num-1	run0	10	CD4+ T Cell (Treg)	CD4+ T Cell (Treg)	14176	89044	39822	2257450	0.26252824178673284	0.03794767853657414	0.7374717582132672	0.9620523214634259
dataset_name-FR-FCM-Z238_infection_final_seed-42	knn	num-1	run0	15	CD8+ T Cell (Naive)	CD8+ T Cell (Naive)	108863	80886	64204	2146539	0.6290222861666291	0.036313680595306236	0.3709777138333709	0.9636863194046937
dataset_name-FR-FCM-Z238_infection_final_seed-42	knn	num-1	run0	20	Monocyte (CD14- CD16+)	Monocyte (CD14- CD16+)	23915	84241	2899	2289437	0.8918848362795555	0.03548964939642192	0.10811516372044454	0.964510350603578
dataset_name-FR-FCM-Z238_infection_final_seed-42	knn	num-2	run0	9	CD4+ T Cell (Naive)	CD4+ T Cell (Naive)	131500	218365	74960	1926736	0.6369272498304757	0.10179707155980068	0.36307275016952434	0.8982029284401993
dataset_name-FR-FCM-Z238_infection_final_seed-42	knn	num-2	run0	18	Monocyte (CD14+ CD16+)	Monocyte (CD14+ CD16+)	47098	114676	51049	2138738	0.4798720286916564	0.050889894178344504	0.5201279713083437	0.9491101058216554
dataset_name-FR-FCM-Z238_infection_final_seed-42	knn	num-2	run0	15	CD8+ T Cell (Naive)	CD8+ T Cell (Naive)	131575	97534	40941	2081511	0.7626828815877947	0.04475997512671836	0.23731711841220524	0.9552400248732816
dataset_name-FR-FCM-Z238_infection_final_seed-42	knn	num-2	run0	5	CD4+ CD8+ T Cell	CD4+ CD8+ T Cell	30438	62351	151051	2107721	0.16771264374149397	0.028732226396174874	0.832287356258506	0.9712677736038251
dataset_name-FR-FCM-Z238_infection_final_seed-42	knn	num-2	run0	6	CD4+ T Cell (Central Memory)	CD4+ T Cell (Central Memory)	43790	54644	154313	2098814	0.2210466272595569	0.02537500150920055	0.7789533727404431	0.9746249984907994
dataset_name-FR-FCM-Z238_infection_final_seed-42	knn	num-3	run0	9	CD4+ T Cell (Naive)	CD4+ T Cell (Naive)	127229	212462	81036	1982333	0.6108995750606199	0.09680266266325556	0.38910042493938013	0.9031973373367445
dataset_name-FR-FCM-Z238_infection_final_seed-42	knn	num-3	run0	6	CD4+ T Cell (Central Memory)	CD4+ T Cell (Central Memory)	54801	109857	144151	2094251	0.27544834935059714	0.049841931520596995	0.7245516506494029	0.950158068479403
dataset_name-FR-FCM-Z238_infection_final_seed-42	knn	num-3	run0	14	CD8+ T Cell (Effector Memory)	CD8+ T Cell (Effector Memory)	3980	98149	3440	2297491	0.5363881401617251	0.04096984521881418	0.4636118598382749	0.9590301547811858
dataset_name-FR-FCM-Z238_infection_final_seed-42	knn	num-3	run0	22	NK Cell (CD56+ CD16-)	NK Cell (CD56+ CD16-)	43242	80993	27558	2251267	0.6107627118644068	0.03472726025400256	0.3892372881355932	0.9652727397459975
dataset_name-FR-FCM-Z238_infection_final_seed-42	knn	num-3	run0	10	CD4+ T Cell (Treg)	CD4+ T Cell (Treg)	14682	77575	39560	2271243	0.2706758600346595	0.033027250302066824	0.7293241399653405	0.9669727496979331
dataset_name-FR-FCM-Z238_infection_final_seed-42	knn	num-4	run0	18	Monocyte (CD14+ CD16+)	Monocyte (CD14+ CD16+)	48345	203864	51841	2086948	0.48255245243846445	0.08899202553505045	0.5174475475615355	0.9110079744649495
dataset_name-FR-FCM-Z238_infection_final_seed-42	knn	num-4	run0	6	CD4+ T Cell (Central Memory)	CD4+ T Cell (Central Memory)	82961	188850	113344	2005843	0.4226127709431752	0.08604848149604523	0.5773872290568248	0.9139515185039547
dataset_name-FR-FCM-Z238_infection_final_seed-42	knn	num-4	run0	9	CD4+ T Cell (Naive)	CD4+ T Cell (Naive)	93762	176439	112792	2008005	0.4539345643270041	0.08077066750166174	0.5460654356729959	0.9192293324983383
dataset_name-FR-FCM-Z238_infection_final_seed-42	knn	num-4	run0	8	CD4+ T Cell (Effector Memory)	CD4+ T Cell (Effector Memory)	23248	113881	10667	2243202	0.6854784018870707	0.04831437840754865	0.3145215981129294	0.9516856215924514
dataset_name-FR-FCM-Z238_infection_final_seed-42	knn	num-4	run0	10	CD4+ T Cell (Treg)	CD4+ T Cell (Treg)	12422	101185	41333	2236058	0.231085480420426	0.04329246039029746	0.768914519579574	0.9567075396097026
dataset_name-FR-FCM-Z238_infection_final_seed-42	knn	num-5	run0	9	CD4+ T Cell (Naive)	CD4+ T Cell (Naive)	92393	124713	116422	2052260	0.4424634245624117	0.05728734348106292	0.5575365754375883	0.9427126565189371
dataset_name-FR-FCM-Z238_infection_final_seed-42	knn	num-5	run0	6	CD4+ T Cell (Central Memory)	CD4+ T Cell (Central Memory)	66980	118116	132178	2068514	0.3363158898964641	0.05401736919369075	0.6636841101035359	0.9459826308063093
dataset_name-FR-FCM-Z238_infection_final_seed-42	knn	num-5	run0	5	CD4+ CD8+ T Cell	CD4+ CD8+ T Cell	41453	96608	144794	2102933	0.22257002797360495	0.04392189097634461	0.7774299720263951	0.9560781090236554
dataset_name-FR-FCM-Z238_infection_final_seed-42	knn	num-5	run0	18	Monocyte (CD14+ CD16+)	Monocyte (CD14+ CD16+)	39812	83099	58928	2203949	0.40320032408345147	0.0363346112543331	0.5967996759165485	0.9636653887456669
dataset_name-FR-FCM-Z238_infection_final_seed-42	knn	num-5	run0	10	CD4+ T Cell (Treg)	CD4+ T Cell (Treg)	17481	78898	36695	2252714	0.32267055522740695	0.0338383916363443	0.677329444772593	0.9661616083636557
dataset_name-FR-FCM-Z238_infection_final_seed-42	lda	num-1	run0	9	CD4+ T Cell (Naive)	CD4+ T Cell (Naive)	129528	91652	77590	2101722	0.6253826321227512	0.04178585138694997	0.3746173678772487	0.95821414861305
dataset_name-FR-FCM-Z238_infection_final_seed-42	lda	num-1	run0	14	CD8+ T Cell (Effector Memory)	CD8+ T Cell (Effector Memory)	3379	59387	4058	2333668	0.45434987226032003	0.02481639577861771	0.54565012773968	0.9751836042213823
dataset_name-FR-FCM-Z238_infection_final_seed-42	lda	num-1	run0	2	B Cell (Memory)	B Cell (Memory)	31020	49727	8181	2311564	0.7913063442259126	0.021059242592293793	0.20869365577408738	0.9789407574077063
dataset_name-FR-FCM-Z238_infection_final_seed-42	lda	num-1	run0	19	Monocyte (CD14+ CD16-)	Monocyte (CD14+ CD16-)	609663	31784	72501	1686544	0.8937191056696043	0.018497050621301636	0.10628089433039563	0.9815029493786983
dataset_name-FR-FCM-Z238_infection_final_seed-42	lda	num-1	run0	20	Monocyte (CD14- CD16+)	Monocyte (CD14- CD16+)	21856	38331	4958	2335347	0.8150965913328858	0.016148357106566265	0.1849034086671142	0.9838516428934337
dataset_name-FR-FCM-Z238_infection_final_seed-42	lda	num-2	run0	9	CD4+ T Cell (Naive)	CD4+ T Cell (Naive)	172415	181214	34045	1963887	0.8351012302625206	0.08447807352660784	0.1648987697374794	0.9155219264733921
dataset_name-FR-FCM-Z238_infection_final_seed-42	lda	num-2	run0	22	NK Cell (CD56+ CD16-)	NK Cell (CD56+ CD16-)	61540	63717	5356	2220948	0.9199354221478115	0.02788899028960482	0.08006457785218847	0.9721110097103952
dataset_name-FR-FCM-Z238_infection_final_seed-42	lda	num-2	run0	14	CD8+ T Cell (Effector Memory)	CD8+ T Cell (Effector Memory)	2912	60179	4505	2283965	0.3926115680194149	0.02567205768928871	0.6073884319805851	0.9743279423107113
dataset_name-FR-FCM-Z238_infection_final_seed-42	lda	num-2	run0	18	Monocyte (CD14+ CD16+)	Monocyte (CD14+ CD16+)	51036	45738	47111	2207676	0.5199955169286886	0.020297202378258057	0.4800044830713114	0.979702797621742
dataset_name-FR-FCM-Z238_infection_final_seed-42	lda	num-2	run0	19	Monocyte (CD14+ CD16-)	Monocyte (CD14+ CD16-)	577116	34021	83044	1657380	0.8742062530295686	0.02011409476522717	0.1257937469704314	0.9798859052347728
dataset_name-FR-FCM-Z238_infection_final_seed-42	lda	num-3	run0	9	CD4+ T Cell (Naive)	CD4+ T Cell (Naive)	147100	161853	61165	2032942	0.7063116702278347	0.07374401709499065	0.29368832977216525	0.9262559829050093
dataset_name-FR-FCM-Z238_infection_final_seed-42	lda	num-3	run0	11	CD4- CD8- T Cell	CD4- CD8- T Cell	149685	109359	15409	2128607	0.9066652937114613	0.048865353629143606	0.09333470628853865	0.9511346463708564
dataset_name-FR-FCM-Z238_infection_final_seed-42	lda	num-3	run0	6	CD4+ T Cell (Central Memory)	CD4+ T Cell (Central Memory)	70109	73042	128843	2131066	0.3523915316257188	0.03313902948494357	0.6476084683742812	0.9668609705150565
dataset_name-FR-FCM-Z238_infection_final_seed-42	lda	num-3	run0	8	CD4+ T Cell (Effector Memory)	CD4+ T Cell (Effector Memory)	21631	52648	12414	2316367	0.6353649581436335	0.022223582374953303	0.3646350418563666	0.9777764176250467
dataset_name-FR-FCM-Z238_infection_final_seed-42	lda	num-3	run0	19	Monocyte (CD14+ CD16-)	Monocyte (CD14+ CD16-)	614824	36947	64660	1686629	0.9048395547209352	0.021436246501459755	0.0951604452790647	0.9785637534985402
dataset_name-FR-FCM-Z238_infection_final_seed-42	lda	num-4	run0	6	CD4+ T Cell (Central Memory)	CD4+ T Cell (Central Memory)	103273	118592	93032	2076101	0.5260844094648633	0.05403580364087369	0.47391559053513665	0.9459641963591263
dataset_name-FR-FCM-Z238_infection_final_seed-42	lda	num-4	run0	11	CD4- CD8- T Cell	CD4- CD8- T Cell	141818	116310	25189	2107681	0.8491739867191196	0.05229787350758164	0.15082601328088044	0.9477021264924184
dataset_name-FR-FCM-Z238_infection_final_seed-42	lda	num-4	run0	9	CD4+ T Cell (Naive)	CD4+ T Cell (Naive)	85272	82770	121282	2101674	0.41283151137232876	0.0378906486044046	0.5871684886276712	0.9621093513955954
dataset_name-FR-FCM-Z238_infection_final_seed-42	lda	num-4	run0	18	Monocyte (CD14+ CD16+)	Monocyte (CD14+ CD16+)	34385	41721	65801	2249091	0.3432116263749426	0.018212319474492013	0.6567883736250574	0.981787680525508
dataset_name-FR-FCM-Z238_infection_final_seed-42	lda	num-4	run0	19	Monocyte (CD14+ CD16-)	Monocyte (CD14+ CD16-)	573050	29720	105656	1682572	0.8443272934083388	0.017356852686340882	0.1556727065916612	0.9826431473136591
dataset_name-FR-FCM-Z238_infection_final_seed-42	lda	num-5	run0	9	CD4+ T Cell (Naive)	CD4+ T Cell (Naive)	100695	79786	108120	2097187	0.48222110480568925	0.03664997223208556	0.5177788951943108	0.9633500277679145
dataset_name-FR-FCM-Z238_infection_final_seed-42	lda	num-5	run0	19	Monocyte (CD14+ CD16-)	Monocyte (CD14+ CD16-)	633563	47972	38927	1665326	0.9421151243884668	0.027999799217649234	0.05788487561153326	0.9720002007823507
dataset_name-FR-FCM-Z238_infection_final_seed-42	lda	num-5	run0	12	CD8+ T Cell (Central Memory)	CD8+ T Cell (Central Memory)	14152	61223	15083	2295330	0.4840773046006499	0.02597989521135319	0.5159226953993501	0.9740201047886468
dataset_name-FR-FCM-Z238_infection_final_seed-42	lda	num-5	run0	11	CD4- CD8- T Cell	CD4- CD8- T Cell	134604	47566	29860	2173758	0.8184405097772157	0.02141335527820345	0.1815594902227843	0.9785866447217966
dataset_name-FR-FCM-Z238_infection_final_seed-42	lda	num-5	run0	5	CD4+ CD8+ T Cell	CD4+ CD8+ T Cell	52682	42289	133565	2157252	0.28286093198816625	0.01922628402925883	0.7171390680118338	0.9807737159707411
dataset_name-FR-FCM-Z238_infection_final_seed-42	random	num-1	run0	8	CD4+ T Cell (Effector Memory)	CD4+ T Cell (Effector Memory)	1449	103573	32252	2263218	0.04299575680246877	0.0437609404463681	0.9570042431975312	0.9562390595536319
dataset_name-FR-FCM-Z238_infection_final_seed-42	random	num-1	run0	6	CD4+ T Cell (Central Memory)	CD4+ T Cell (Central Memory)	8395	96377	188828	2106892	0.04256602931706748	0.04374272955322296	0.9574339706829326	0.956257270446777
dataset_name-FR-FCM-Z238_infection_final_seed-42	random	num-1	run0	11	CD4- CD8- T Cell	CD4- CD8- T Cell	7301	97647	159528	2136016	0.04376337447326304	0.04371608429740744	0.9562366255267369	0.9562839157025925
dataset_name-FR-FCM-Z238_infection_final_seed-42	random	num-1	run0	2	B Cell (Memory)	B Cell (Memory)	1755	102840	37446	2258451	0.044769266090150764	0.043552446521839115	0.95523073390984925	0.9564475534781609
dataset_name-FR-FCM-Z238_infection_final_seed-42	random	num-1	run0	23	Plasmacytoid Dendritic Cell	Plasmacytoid Dendritic Cell	1333	103168	29750	2266241	0.04288517839333398	0.043541659544637505	0.957114821606666	0.9564583404553625
dataset_name-FR-FCM-Z238_infection_final_seed-42	random	num-2	run0	1	B Cell (CD27-)	B Cell (CD27-)	4561	94043	105410	2147547	0.04147457056860445	0.04195370250581061	0.9585254294313955	0.9580462974941893
dataset_name-FR-FCM-Z238_infection_final_seed-42	random	num-2	run0	9	CD4+ T Cell (Naive)	CD4+ T Cell (Naive)	8547	89928	197913	2055173	0.04139784946236559	0.04192250155120901	0.9586021505376344	0.958077498448791
dataset_name-FR-FCM-Z238_infection_final_seed-42	random	num-2	run0	5	CD4+ CD8+ T Cell	CD4+ CD8+ T Cell	7558	90809	173931	2079263	0.041644397181096374	0.041846076996523617	0.9583556028189036	0.9581539230034763
dataset_name-FR-FCM-Z238_infection_final_seed-42	random	num-2	run0	21	NK Cell (CD56+ CD16+)	NK Cell (CD56+ CD16+)	8327	89913	192862	2060459	0.04138894273543782	0.041812765419192585	0.9586110572645622	0.9581872345808075
dataset_name-FR-FCM-Z238_infection_final_seed-42	random	num-2	run0	10	CD4+ T Cell (Treg)	CD4+ T Cell (Treg)	2258	96041	51579	2201683	0.04194141575496406	0.04179831868405431	0.958058584245036	0.9582016813159457
dataset_name-FR-FCM-Z238_infection_final_seed-42	random	num-3	run0	2	B Cell (Memory)	B Cell (Memory)	1986	119107	37103	2244864	0.050807132441351786	0.050384289824198354	0.9491928675586482	0.9496157101758016
dataset_name-FR-FCM-Z238_infection_final_seed-42	random	num-3	run0	19	Monocyte (CD14+ CD16-)	Monocyte (CD14+ CD16-)	34195	86495	645289	1637081	0.05032495246392851	0.0501834557919117	0.9496750475360715	0.9498165442080883
dataset_name-FR-FCM-Z238_infection_final_seed-42	random	num-3	run0	13	CD8+ T Cell (EMRA)	CD8+ T Cell (EMRA)	1994	118339	38519	2244208	0.04921876928393355	0.05008958551935686	0.9507812307160665	0.9499104144806432
dataset_name-FR-FCM-Z238_infection_final_seed-42	random	num-3	run0	20	Monocyte (CD14- CD16+)	Monocyte (CD14- CD16+)	1302	119035	24976	2257747	0.049547149706979224	0.05008242236772241	0.9504528502930207	0.9499175776322776
dataset_name-FR-FCM-Z238_infection_final_seed-42	random	num-3	run0	10	CD4+ T Cell (Treg)	CD4+ T Cell (Treg)	2770	117615	51472	2231203	0.0510674385162789	0.050074122388367254	0.9489325614837211	0.9499258776116327
dataset_name-FR-FCM-Z238_infection_final_seed-42	random	num-4	run0	14	CD8+ T Cell (Effector Memory)	CD8+ T Cell (Effector Memory)	373	114092	6923	2269610	0.05112390350877193	0.04786336547101945	0.9488760964912281	0.9521366345289806
dataset_name-FR-FCM-Z238_infection_final_seed-42	random	num-4	run0	13	CD8+ T Cell (EMRA)	CD8+ T Cell (EMRA)	1787	112565	35343	2241303	0.04812819822246162	0.047821288194580154	0.9518718017775384	0.9521787118054198
dataset_name-FR-FCM-Z238_infection_final_seed-42	random	num-4	run0	18	Monocyte (CD14+ CD16+)	Monocyte (CD14+ CD16+)	4699	109535	95487	2181277	0.04690276086479149	0.04781492326738292	0.9530972391352085	0.9521850767326171
dataset_name-FR-FCM-Z238_infection_final_seed-42	random	num-4	run0	22	NK Cell (CD56+ CD16-)	NK Cell (CD56+ CD16-)	3301	110659	67472	2209566	0.04664208101959787	0.04769321940760056	0.9533579189804021	0.9523067805923995
dataset_name-FR-FCM-Z238_infection_final_seed-42	random	num-4	run0	12	CD8+ T Cell (Central Memory)	CD8+ T Cell (Central Memory)	1484	112635	27462	2249417	0.051267878117874664	0.047685233009264825	0.9487321218821253	0.9523147669907351
dataset_name-FR-FCM-Z238_infection_final_seed-42	random	num-5	run0	1	B Cell (CD27-)	B Cell (CD27-)	5079	104002	105455	2171252	0.04594966254727052	0.045710061382157774	0.9540503374527295	0.9542899386178423
dataset_name-FR-FCM-Z238_infection_final_seed-42	random	num-5	run0	19	Monocyte (CD14+ CD16-)	Monocyte (CD14+ CD16-)	30498	78261	641992	1635037	0.04535086023583994	0.04567856846853262	0.9546491397641601	0.9543214315314674
dataset_name-FR-FCM-Z238_infection_final_seed-42	random	num-5	run0	5	CD4+ CD8+ T Cell	CD4+ CD8+ T Cell	8376	100441	177871	2099100	0.0449725364703861	0.04566452728091906	0.9550274635296139	0.9543354727190809
dataset_name-FR-FCM-Z238_infection_final_seed-42	random	num-5	run0	11	CD4- CD8- T Cell	CD4- CD8- T Cell	7577	101385	156887	2119939	0.046070872652981806	0.04564169837448297	0.9539291273470182	0.954358301625517
dataset_name-FR-FCM-Z238_infection_final_seed-42	random	num-5	run0	21	NK Cell (CD56+ CD16+)	NK Cell (CD56+ CD16+)	9431	99254	199329	2077774	0.04517627898064763	0.04559151283309172	0.9548237210193523	0.9544084871669083
dataset_name-FR-FCM-Z2KP_healthy_final_seed-42	cyanno	num-1	run0	3	CD3+	CD3+	78762	7196	5935	1254806	0.9299266798115636	0.005702051185338851	0.07007332018843643	0.9942979488146612
dataset_name-FR-FCM-Z2KP_healthy_final_seed-42	cyanno	num-1	run0	5	CD8	CD8	192791	4504	6565	1142839	0.9670689620578262	0.003925591562418562	0.0329310379421738	0.9960744084375814
dataset_name-FR-FCM-Z2KP_healthy_final_seed-42	cyanno	num-1	run0	4	CD4	CD4	685701	1491	699	658808	0.9989816433566434	0.00225806793588965	0.0010183566433566433	0.9977419320641103
dataset_name-FR-FCM-Z2KP_healthy_final_seed-42	cyanno	num-1	run0	2	CD19	CD19	174840	167	143	1171549	0.9991827777555534	1.425260045949701e-4	8.172222444466034e-4	0.999857473995405
dataset_name-FR-FCM-Z2KP_healthy_final_seed-42	cyanno	num-1	run0	1	CD14 monocytes	CD14 monocytes	201205	42	58	1145394	0.9997118198575993	3.6667260327071965e-5	2.8818014240073933e-4	0.999963332739673
dataset_name-FR-FCM-Z2KP_healthy_final_seed-42	cyanno	num-2	run0	5	CD8	CD8	199730	3354	1822	969587	0.990960149241883	0.0034472799481160728	0.009039850758117012	0.9965527200518839
dataset_name-FR-FCM-Z2KP_healthy_final_seed-42	cyanno	num-2	run0	4	CD4	CD4	604992	1161	432	567908	0.9992864504875921	0.002040174390100322	7.135495124078332e-4	0.9979598256098997
dataset_name-FR-FCM-Z2KP_healthy_final_seed-42	cyanno	num-2	run0	3	CD3+	CD3+	67388	2183	4456	1100466	0.9379767273537108	0.001979777789668335	0.06202327264628918	0.9980202222103317
dataset_name-FR-FCM-Z2KP_healthy_final_seed-42	cyanno	num-2	run0	2	CD19	CD19	128717	100	145	1045531	0.998874765252751	9.563603221404109e-5	0.001125234747248995	0.9999043639677859
dataset_name-FR-FCM-Z2KP_healthy_final_seed-42	cyanno	num-2	run0	1	CD14 monocytes	CD14 monocytes	166802	66	9	1007616	0.9999460467235374	6.549685317391796e-5	5.39532764625834e-5	0.9999345031468261
dataset_name-FR-FCM-Z2KP_healthy_final_seed-42	cyanno	num-3	run0	5	CD8	CD8	181038	5498	1617	1043080	0.9911472448057814	0.005243291390816897	0.008852755194218609	0.9947567086091831
dataset_name-FR-FCM-Z2KP_healthy_final_seed-42	cyanno	num-3	run0	4	CD4	CD4	660295	1578	946	568414	0.9985693567095809	0.002768459908209238	0.0014306432904190756	0.9972315400917907
dataset_name-FR-FCM-Z2KP_healthy_final_seed-42	cyanno	num-3	run0	3	CD3+	CD3+	66515	2396	7089	1155233	0.9036872996032824	0.002069747734377767	0.09631270039671758	0.9979302522656223
dataset_name-FR-FCM-Z2KP_healthy_final_seed-42	cyanno	num-3	run0	2	CD19	CD19	159353	245	86	1071549	0.9994606087594629	2.28588702679806e-4	5.393912405371334e-4	0.9997714112973202
dataset_name-FR-FCM-Z2KP_healthy_final_seed-42	cyanno	num-3	run0	1	CD14 monocytes	CD14 monocytes	154275	40	19	1076899	0.9998768584650084	3.714230796730363e-5	1.2314153499163935e-4	0.9999628576920327
dataset_name-FR-FCM-Z2KP_healthy_final_seed-42	cyanno	num-4	run0	5	CD8	CD8	179612	4591	1237	1080934	0.99316003959104	0.004229289974896939	0.006839960408959961	0.9957707100251031
dataset_name-FR-FCM-Z2KP_healthy_final_seed-42	cyanno	num-4	run0	3	CD3+	CD3+	59847	2035	5569	1198923	0.9148679222208634	0.0016944805730092142	0.0851320777791366	0.9983055194269908
dataset_name-FR-FCM-Z2KP_healthy_final_seed-42	cyanno	num-4	run0	4	CD4	CD4	669013	1000	950	595411	0.9985820112453971	0.0016766961038612634	0.001417988754602866	0.9983233038961388
dataset_name-FR-FCM-Z2KP_healthy_final_seed-42	cyanno	num-4	run0	2	CD19	CD19	172985	197	128	1093064	0.9992605985685651	1.8019484825672918e-4	7.394014314349587e-4	0.9998198051517433
dataset_name-FR-FCM-Z2KP_healthy_final_seed-42	cyanno	num-4	run0	1	CD14 monocytes	CD14 monocytes	177017	77	16	1089264	0.999909621370027	7.06849370399168e-5	9.037862997294289e-5	0.9999293150629601
dataset_name-FR-FCM-Z2KP_healthy_final_seed-42	cyanno	num-5	run0	5	CD8	CD8	183188	2875	1193	1025454	0.9935297020842712	0.002795797842908252	0.006470297915728844	0.9972042021570917
dataset_name-FR-FCM-Z2KP_healthy_final_seed-42	cyanno	num-5	run0	3	CD3+	CD3+	63331	1564	3522	1144293	0.9473172482910266	0.0013649172627998084	0.05268275170897342	0.9986350827372001
dataset_name-FR-FCM-Z2KP_healthy_final_seed-42	cyanno	num-5	run0	4	CD4	CD4	594320	694	419	617277	0.9992954892818531	0.0011230300450992038	7.045107181469518e-4	0.9988769699549008
dataset_name-FR-FCM-Z2KP_healthy_final_seed-42	cyanno	num-5	run0	2	CD19	CD19	161943	131	146	1050490	0.999099260282931	1.246881606211945e-4	9.007397170690177e-4	0.9998753118393788
dataset_name-FR-FCM-Z2KP_healthy_final_seed-42	cyanno	num-5	run0	1	CD14 monocytes	CD14 monocytes	204615	49	33	1008013	0.999838747507916	4.860812132587083e-5	1.6125249208396856e-4	0.9999513918786741
dataset_name-FR-FCM-Z2KP_healthy_final_seed-42	cygate	num-1	run0	4	CD4	CD4	670743	21770	15657	638529	0.9771896853146853	0.03296991211557188	0.022810314685314685	0.9670300878844281
dataset_name-FR-FCM-Z2KP_healthy_final_seed-42	cygate	num-1	run0	3	CD3+	CD3+	53897	35553	30800	1226449	0.6363507562251319	0.02817190464040469	0.36364924377486807	0.9718280953595954
dataset_name-FR-FCM-Z2KP_healthy_final_seed-42	cygate	num-1	run0	5	CD8	CD8	173311	7186	26045	1140157	0.869354320913341	0.006263166289418247	0.13064567908665906	0.9937368337105817
dataset_name-FR-FCM-Z2KP_healthy_final_seed-42	cygate	num-1	run0	1	CD14 monocytes	CD14 monocytes	199816	1800	1447	1143636	0.9928104023094161	0.0015714540140173699	0.007189597690583962	0.9984285459859826
dataset_name-FR-FCM-Z2KP_healthy_final_seed-42	cygate	num-1	run0	2	CD19	CD19	174440	1293	543	1170423	0.996896841407451	0.0011035097241993794	0.0031031585925489903	0.9988964902758006
dataset_name-FR-FCM-Z2KP_healthy_final_seed-42	cygate	num-2	run0	4	CD4	CD4	580827	20184	24597	548885	0.959372274637279	0.03546845813073634	0.040627725362721	0.9645315418692637
dataset_name-FR-FCM-Z2KP_healthy_final_seed-42	cygate	num-2	run0	3	CD3+	CD3+	16706	33307	55138	1069342	0.23253159623628974	0.03020634852976786	0.7674684037637103	0.9697936514702321
dataset_name-FR-FCM-Z2KP_healthy_final_seed-42	cygate	num-2	run0	5	CD8	CD8	159792	13634	41760	959307	0.7928078113836627	0.014013182710976308	0.20719218861633723	0.9859868172890237
dataset_name-FR-FCM-Z2KP_healthy_final_seed-42	cygate	num-2	run0	2	CD19	CD19	128522	2721	340	1042910	0.997361518523692	0.002602256436544058	0.0026384814763079885	0.9973977435634559
dataset_name-FR-FCM-Z2KP_healthy_final_seed-42	cygate	num-2	run0	1	CD14 monocytes	CD14 monocytes	164217	2167	2594	1005515	0.9844494667617842	0.00215048001254364	0.015550533238215706	0.9978495199874564
dataset_name-FR-FCM-Z2KP_healthy_final_seed-42	cygate	num-3	run0	3	CD3+	CD3+	35489	86028	38115	1071601	0.48216129558176185	0.07431396414568052	0.5178387044182381	0.9256860358543195
dataset_name-FR-FCM-Z2KP_healthy_final_seed-42	cygate	num-3	run0	4	CD4	CD4	633610	19383	27631	550609	0.9582134199180027	0.03400574043144465	0.041786580081997336	0.9659942595685553
dataset_name-FR-FCM-Z2KP_healthy_final_seed-42	cygate	num-3	run0	1	CD14 monocytes	CD14 monocytes	151598	3118	2696	1073821	0.9825268642980285	0.002895242906051318	0.01747313570197156	0.9971047570939486
dataset_name-FR-FCM-Z2KP_healthy_final_seed-42	cygate	num-3	run0	2	CD19	CD19	159066	2801	373	1068993	0.9976605472939494	0.0026133753314536187	0.00233945270605059	0.9973866246685463
dataset_name-FR-FCM-Z2KP_healthy_final_seed-42	cygate	num-3	run0	5	CD8	CD8	84082	0	98573	1048578	0.4603323204949221	0	0.5396676795050779	1
dataset_name-FR-FCM-Z2KP_healthy_final_seed-42	cygate	num-4	run0	5	CD8	CD8	178317	19280	2532	1066245	0.9859993696398653	0.01776099122544391	0.014000630360134698	0.982239008774556
dataset_name-FR-FCM-Z2KP_healthy_final_seed-42	cygate	num-4	run0	3	CD3+	CD3+	36942	12985	28474	1187973	0.5647242264889324	0.010812201592395404	0.4352757735110676	0.9891877984076046
dataset_name-FR-FCM-Z2KP_healthy_final_seed-42	cygate	num-4	run0	4	CD4	CD4	654479	5794	15484	590617	0.9768882759197149	0.00971477722577216	0.023111724080285032	0.9902852227742278
dataset_name-FR-FCM-Z2KP_healthy_final_seed-42	cygate	num-4	run0	2	CD19	CD19	172989	3593	124	1089668	0.9992837048632974	0.003286497917697604	7.162951367026162e-4	0.9967135020823024
dataset_name-FR-FCM-Z2KP_healthy_final_seed-42	cygate	num-4	run0	1	CD14 monocytes	CD14 monocytes	174026	2148	3007	1087193	0.9830144662294601	0.0019718343475550815	0.016985533770539955	0.9980281656524449
dataset_name-FR-FCM-Z2KP_healthy_final_seed-42	cygate	num-5	run0	3	CD3+	CD3+	51411	17566	15442	1128291	0.7690156013941035	0.015330010638325725	0.2309843986058965	0.9846699893616743
dataset_name-FR-FCM-Z2KP_healthy_final_seed-42	cygate	num-5	run0	5	CD8	CD8	177457	9871	6924	1018458	0.9624473237481085	0.009599068002555602	0.037552676251891466	0.9904009319974444
dataset_name-FR-FCM-Z2KP_healthy_final_seed-42	cygate	num-5	run0	4	CD4	CD4	578927	4449	15812	613522	0.9734135477915523	0.007199366960585529	0.026586452208447738	0.9928006330394145
dataset_name-FR-FCM-Z2KP_healthy_final_seed-42	cygate	num-5	run0	1	CD14 monocytes	CD14 monocytes	204554	1954	94	1006108	0.9995406747195184	0.001938372838178604	4.5932528048160746e-4	0.9980616271618213
dataset_name-FR-FCM-Z2KP_healthy_final_seed-42	cygate	num-5	run0	2	CD19	CD19	160863	739	1226	1049882	0.992436254156667	7.033935167867385e-4	0.0075637458433329835	0.9992966064832133
dataset_name-FR-FCM-Z2KP_healthy_final_seed-42	dgcytof	num-1	run0	5	CD8	CD8	198005	62437	1351	1084906	0.9932231786352054	0.054418774507710425	0.006776821364794639	0.9455812254922896
dataset_name-FR-FCM-Z2KP_healthy_final_seed-42	dgcytof	num-1	run0	4	CD4	CD4	683315	21095	3085	639204	0.9955055361305362	0.03194764795948502	0.00449446386946387	0.968052352040515
dataset_name-FR-FCM-Z2KP_healthy_final_seed-42	dgcytof	num-1	run0	3	CD3+	CD3+	3454	1837	81243	1260165	0.04078066519475306	0.00145562368363917	0.9592193348052469	0.9985443763163608
dataset_name-FR-FCM-Z2KP_healthy_final_seed-42	dgcytof	num-1	run0	2	CD19	CD19	174391	1045	592	1170671	0.9966168142048085	8.918543401302022e-4	0.0033831857951915328	0.9991081456598698
dataset_name-FR-FCM-Z2KP_healthy_final_seed-42	dgcytof	num-1	run0	1	CD14 monocytes	CD14 monocytes	200594	526	669	1144910	0.9966759911161018	4.5921378409618694e-4	0.0033240088838981828	0.9995407862159038
dataset_name-FR-FCM-Z2KP_healthy_final_seed-42	dgcytof	num-2	run0	4	CD4	CD4	604411	25362	1013	543707	0.998326792462803	0.04456753047521478	0.0016732075371970719	0.9554324695247852
dataset_name-FR-FCM-Z2KP_healthy_final_seed-42	dgcytof	num-2	run0	5	CD8	CD8	194050	41234	7502	931707	0.9627788362308486	0.042380781568460986	0.03722116376915138	0.957619218431539
dataset_name-FR-FCM-Z2KP_healthy_final_seed-42	dgcytof	num-2	run0	3	CD3+	CD3+	7708	6111	64136	1096538	0.10728801291687545	0.005542108141394043	0.8927119870831246	0.994457891858606
dataset_name-FR-FCM-Z2KP_healthy_final_seed-42	dgcytof	num-2	run0	1	CD14 monocytes	CD14 monocytes	166577	649	234	1007033	0.9985972148119728	6.440523895435267e-4	0.0014027851880271684	0.9993559476104564
dataset_name-FR-FCM-Z2KP_healthy_final_seed-42	dgcytof	num-2	run0	2	CD19	CD19	127834	557	1028	1045074	0.9920224736539864	5.326926994322088e-4	0.007977526346013565	0.9994673073005678
dataset_name-FR-FCM-Z2KP_healthy_final_seed-42	dgcytof	num-3	run0	4	CD4	CD4	658154	21943	3087	548049	0.9953315054571631	0.03849703153728473	0.004668494542836878	0.9615029684627152
dataset_name-FR-FCM-Z2KP_healthy_final_seed-42	dgcytof	num-3	run0	3	CD3+	CD3+	52546	24135	21058	1133494	0.7139014184011738	0.020848648401171704	0.2860985815988262	0.9791513515988283
dataset_name-FR-FCM-Z2KP_healthy_final_seed-42	dgcytof	num-3	run0	5	CD8	CD8	161769	10545	20886	1038033	0.885653280775232	0.010056476485297231	0.11434671922476801	0.9899435235147027
dataset_name-FR-FCM-Z2KP_healthy_final_seed-42	dgcytof	num-3	run0	2	CD19	CD19	151885	1573	7554	1070221	0.9526213787090988	0.0014676327727156525	0.04737862129090122	0.9985323672272843
dataset_name-FR-FCM-Z2KP_healthy_final_seed-42	dgcytof	num-3	run0	1	CD14 monocytes	CD14 monocytes	148561	122	5733	1076817	0.962843662099628	1.1328403930027605e-4	0.03715633790037202	0.9998867159606998
dataset_name-FR-FCM-Z2KP_healthy_final_seed-42	dgcytof	num-4	run0	3	CD3+	CD3+	58613	20329	6803	1180629	0.896004035709918	0.016927319689780992	0.10399596429008194	0.983072680310219
dataset_name-FR-FCM-Z2KP_healthy_final_seed-42	dgcytof	num-4	run0	4	CD4	CD4	668893	8234	1070	588177	0.9984028968763947	0.013805915719193644	0.0015971031236053333	0.9861940842808063
dataset_name-FR-FCM-Z2KP_healthy_final_seed-42	dgcytof	num-4	run0	5	CD8	CD8	166733	1080	14116	1084445	0.9219459327947624	9.949102968609658e-4	0.07805406720523751	0.9990050897031391
dataset_name-FR-FCM-Z2KP_healthy_final_seed-42	dgcytof	num-4	run0	2	CD19	CD19	169317	602	3796	1092659	0.978072126299007	5.50646186043406e-4	0.021927873700992993	0.9994493538139566
dataset_name-FR-FCM-Z2KP_healthy_final_seed-42	dgcytof	num-4	run0	1	CD14 monocytes	CD14 monocytes	172344	229	4689	1089112	0.9735134127535544	2.102188387291032e-4	0.026486587246445578	0.9997897811612709
dataset_name-FR-FCM-Z2KP_healthy_final_seed-42	dgcytof	num-5	run0	3	CD3+	CD3+	24966	42298	41887	1103559	0.37344621782118975	0.036913855742906836	0.6265537821788102	0.9630861442570932
dataset_name-FR-FCM-Z2KP_healthy_final_seed-42	dgcytof	num-5	run0	4	CD4	CD4	589196	18884	5543	599087	0.9906799453205524	0.030558068258866516	0.009320054679447623	0.9694419317411335
dataset_name-FR-FCM-Z2KP_healthy_final_seed-42	dgcytof	num-5	run0	5	CD8	CD8	142729	27628	41652	1000701	0.7740981988382751	0.02686688793178059	0.2259018011617249	0.9731331120682194
dataset_name-FR-FCM-Z2KP_healthy_final_seed-42	dgcytof	num-5	run0	2	CD19	CD19	161296	1450	793	1049171	0.9951076260572895	0.0013801361290132217	0.004892373942710486	0.9986198638709868
dataset_name-FR-FCM-Z2KP_healthy_final_seed-42	dgcytof	num-5	run0	1	CD14 monocytes	CD14 monocytes	204111	152	537	1007910	0.9973759821742699	1.507843763578034e-4	0.002624017825730034	0.9998492156236422
dataset_name-FR-FCM-Z2KP_healthy_final_seed-42	gatemeclass	num-1	run0	1	CD14 monocytes	CD14 monocytes	198752	600918	2511	544518	0.9875237872833059	0.5246194462196054	0.012476212716694078	0.47538055378039457
dataset_name-FR-FCM-Z2KP_healthy_final_seed-42	gatemeclass	num-1	run0	5	CD8	CD8	40129	196055	159227	951288	0.2012931639880415	0.17087740980683197	0.7987068360119585	0.829122590193168
dataset_name-FR-FCM-Z2KP_healthy_final_seed-42	gatemeclass	num-1	run0	4	CD4	CD4	123680	21053	562720	639246	0.18018648018648017	0.03188404041199517	0.8198135198135198	0.9681159595880048
dataset_name-FR-FCM-Z2KP_healthy_final_seed-42	gatemeclass	num-1	run0	2	CD19	CD19	162644	3468	12339	1168248	0.9294845785019116	0.0029597615804512357	0.07051542149808838	0.9970402384195488
dataset_name-FR-FCM-Z2KP_healthy_final_seed-42	gatemeclass	num-1	run0	3	CD3+	CD3+	0	0	84697	1262002	0	0	1	1
dataset_name-FR-FCM-Z2KP_healthy_final_seed-42	gatemeclass	num-2	run0	1	CD14 monocytes	CD14 monocytes	165374	767033	1437	240649	0.9913854601914742	0.761185572432573	0.008614539808525817	0.23881442756742702
dataset_name-FR-FCM-Z2KP_healthy_final_seed-42	gatemeclass	num-2	run0	2	CD19	CD19	117455	4255	11407	1041376	0.9114789464698669	0.004069313170707449	0.08852105353013301	0.9959306868292925
dataset_name-FR-FCM-Z2KP_healthy_final_seed-42	gatemeclass	num-2	run0	3	CD3+	CD3+	0	0	71844	1102649	0	0	1	1
dataset_name-FR-FCM-Z2KP_healthy_final_seed-42	gatemeclass	num-2	run0	4	CD4	CD4	0	0	605424	569069	0	0	1	1
dataset_name-FR-FCM-Z2KP_healthy_final_seed-42	gatemeclass	num-2	run0	5	CD8	CD8	0	0	201552	972941	0	0	1	1
dataset_name-FR-FCM-Z2KP_healthy_final_seed-42	gatemeclass	num-3	run0	4	CD4	CD4	535083	192888	126158	377104	0.8092102576821462	0.33840474954034444	0.19078974231785387	0.6615952504596556
dataset_name-FR-FCM-Z2KP_healthy_final_seed-42	gatemeclass	num-3	run0	3	CD3+	CD3+	20271	194865	53333	962764	0.2754062279223955	0.1683311319947928	0.7245937720776044	0.8316688680052072
dataset_name-FR-FCM-Z2KP_healthy_final_seed-42	gatemeclass	num-3	run0	1	CD14 monocytes	CD14 monocytes	131504	2991	22790	1073948	0.8522949693442389	0.0027773160782551287	0.14770503065576107	0.9972226839217448
dataset_name-FR-FCM-Z2KP_healthy_final_seed-42	gatemeclass	num-3	run0	2	CD19	CD19	150645	2787	8794	1069007	0.9448441096594936	0.0026003131198719157	0.0551558903405064	0.997399686880128
dataset_name-FR-FCM-Z2KP_healthy_final_seed-42	gatemeclass	num-3	run0	5	CD8	CD8	55	144	182600	1048434	3.0111412225233364e-4	1.373288396285255e-4	0.9996988858777477	0.9998626711603715
dataset_name-FR-FCM-Z2KP_healthy_final_seed-42	gatemeclass	num-4	run0	2	CD19	CD19	170498	16983	2615	1076278	0.9848942598187311	0.015534259431187978	0.015105740181268883	0.984465740568812
dataset_name-FR-FCM-Z2KP_healthy_final_seed-42	gatemeclass	num-4	run0	1	CD14 monocytes	CD14 monocytes	168225	15174	8808	1074167	0.950246564199895	0.013929522527840226	0.049753435800105064	0.9860704774721598
dataset_name-FR-FCM-Z2KP_healthy_final_seed-42	gatemeclass	num-4	run0	3	CD3+	CD3+	0	100	65416	1200858	0	8.326685862453142e-5	1	0.9999167331413754
dataset_name-FR-FCM-Z2KP_healthy_final_seed-42	gatemeclass	num-4	run0	4	CD4	CD4	0	0	669963	596411	0	0	1	1
dataset_name-FR-FCM-Z2KP_healthy_final_seed-42	gatemeclass	num-4	run0	5	CD8	CD8	0	0	180849	1085525	0	0	1	1
dataset_name-FR-FCM-Z2KP_healthy_final_seed-42	gatemeclass	num-5	run0	4	CD4	CD4	356707	155468	238032	462503	0.5997706556993908	0.2515781484891686	0.4002293443006092	0.7484218515108314
dataset_name-FR-FCM-Z2KP_healthy_final_seed-42	gatemeclass	num-5	run0	3	CD3+	CD3+	19934	116658	46919	1029199	0.2981765964130256	0.10180851537320974	0.7018234035869744	0.8981914846267902
dataset_name-FR-FCM-Z2KP_healthy_final_seed-42	gatemeclass	num-5	run0	5	CD8	CD8	21307	99957	163074	928372	0.11555962924596352	0.09720332695081049	0.8844403707540365	0.9027966730491895
dataset_name-FR-FCM-Z2KP_healthy_final_seed-42	gatemeclass	num-5	run0	2	CD19	CD19	155164	24509	6925	1026112	0.9572765579403908	0.023328107852403482	0.04272344205960923	0.9766718921475965
dataset_name-FR-FCM-Z2KP_healthy_final_seed-42	gatemeclass	num-5	run0	1	CD14 monocytes	CD14 monocytes	190683	17082	13965	990980	0.9317608772135569	0.016945386295684196	0.06823912278644306	0.9830546137043158
dataset_name-FR-FCM-Z2KP_healthy_final_seed-42	knn	num-1	run0	3	CD3+	CD3+	30705	248159	53992	1013843	0.3625275983801079	0.19663914954175984	0.637472401619892	0.8033608504582401
dataset_name-FR-FCM-Z2KP_healthy_final_seed-42	knn	num-1	run0	4	CD4	CD4	357307	73599	329093	586700	0.5205521561771562	0.11146314018346234	0.47944784382284383	0.8885368598165376
dataset_name-FR-FCM-Z2KP_healthy_final_seed-42	knn	num-1	run0	5	CD8	CD8	114580	121316	84776	1026027	0.5747506972451293	0.10573647113374117	0.42524930275487066	0.8942635288662588
dataset_name-FR-FCM-Z2KP_healthy_final_seed-42	knn	num-1	run0	1	CD14 monocytes	CD14 monocytes	187957	77168	13306	1068268	0.9338875004347545	0.06736997964094021	0.06611249956524548	0.9326300203590597
dataset_name-FR-FCM-Z2KP_healthy_final_seed-42	knn	num-1	run0	2	CD19	CD19	92615	43293	82368	1128423	0.5292799871987565	0.036948373155269706	0.47072001280124354	0.9630516268447303
dataset_name-FR-FCM-Z2KP_healthy_final_seed-42	knn	num-2	run0	4	CD4	CD4	403913	104067	201511	465002	0.667157231956447	0.18287237575759704	0.33284276804355295	0.8171276242424029
dataset_name-FR-FCM-Z2KP_healthy_final_seed-42	knn	num-2	run0	2	CD19	CD19	82502	166151	46360	879480	0.6402352904657695	0.15890022388395142	0.3597647095342304	0.8410997761160486
dataset_name-FR-FCM-Z2KP_healthy_final_seed-42	knn	num-2	run0	3	CD3+	CD3+	19947	92931	51897	1009718	0.2776432269918156	0.08427976627195055	0.7223567730081843	0.9157202337280494
dataset_name-FR-FCM-Z2KP_healthy_final_seed-42	knn	num-2	run0	1	CD14 monocytes	CD14 monocytes	143403	43448	23408	964234	0.8596735227293164	0.043116776919702844	0.1403264772706836	0.9568832230802972
dataset_name-FR-FCM-Z2KP_healthy_final_seed-42	knn	num-2	run0	5	CD8	CD8	86332	31799	115220	941142	0.4283361117726443	0.03268337956772302	0.5716638882273557	0.967316620432277
dataset_name-FR-FCM-Z2KP_healthy_final_seed-42	knn	num-3	run0	3	CD3+	CD3+	25940	206638	47664	950991	0.35242649855986086	0.17850105690164983	0.6475735014401391	0.8214989430983501
dataset_name-FR-FCM-Z2KP_healthy_final_seed-42	knn	num-3	run0	4	CD4	CD4	371227	97410	290014	472582	0.5614095314718839	0.17089713539839155	0.43859046852811606	0.8291028646016084
dataset_name-FR-FCM-Z2KP_healthy_final_seed-42	knn	num-3	run0	2	CD19	CD19	89004	156272	70435	915522	0.5582323020089188	0.14580413773542303	0.44176769799108123	0.854195862264577
dataset_name-FR-FCM-Z2KP_healthy_final_seed-42	knn	num-3	run0	5	CD8	CD8	90395	64518	92260	984060	0.49489474692726726	0.06152904218856394	0.5051052530727328	0.9384709578114361
dataset_name-FR-FCM-Z2KP_healthy_final_seed-42	knn	num-3	run0	1	CD14 monocytes	CD14 monocytes	116378	13451	37916	1063488	0.7542613452240527	0.012490029611705027	0.24573865477594722	0.987509970388295
dataset_name-FR-FCM-Z2KP_healthy_final_seed-42	knn	num-4	run0	3	CD3+	CD3+	25074	257302	40342	943656	0.38330072153601563	0.21424729257809183	0.6166992784639843	0.7857527074219082
dataset_name-FR-FCM-Z2KP_healthy_final_seed-42	knn	num-4	run0	4	CD4	CD4	371636	85014	298327	511397	0.5547112303216745	0.14254264257366145	0.44528876967832554	0.8574573574263386
dataset_name-FR-FCM-Z2KP_healthy_final_seed-42	knn	num-4	run0	2	CD19	CD19	113055	152801	60058	940460	0.6530705377412441	0.13976625892627653	0.3469294622587558	0.8602337410737235
dataset_name-FR-FCM-Z2KP_healthy_final_seed-42	knn	num-4	run0	5	CD8	CD8	72845	38320	108004	1047205	0.40279459659716116	0.0353008912738076	0.5972054034028388	0.9646991087261924
dataset_name-FR-FCM-Z2KP_healthy_final_seed-42	knn	num-4	run0	1	CD14 monocytes	CD14 monocytes	140883	9444	36150	1079897	0.7958007829048821	0.008669461628636028	0.20419921709511785	0.991330538371364
dataset_name-FR-FCM-Z2KP_healthy_final_seed-42	knn	num-5	run0	4	CD4	CD4	395466	112293	199273	505678	0.6649404192427266	0.1817124104529177	0.3350595807572734	0.8182875895470824
dataset_name-FR-FCM-Z2KP_healthy_final_seed-42	knn	num-5	run0	3	CD3+	CD3+	21932	144665	44921	1001192	0.3280630637368555	0.1262504832627457	0.6719369362631445	0.8737495167372543
dataset_name-FR-FCM-Z2KP_healthy_final_seed-42	knn	num-5	run0	1	CD14 monocytes	CD14 monocytes	187797	85853	16851	922209	0.9176586138149407	0.08516638857530588	0.08234138618505922	0.9148336114246941
dataset_name-FR-FCM-Z2KP_healthy_final_seed-42	knn	num-5	run0	2	CD19	CD19	87169	64256	74920	986365	0.5377847972410219	0.061160018693705916	0.4622152027589781	0.9388399813062941
dataset_name-FR-FCM-Z2KP_healthy_final_seed-42	knn	num-5	run0	5	CD8	CD8	80083	33196	104298	995133	0.43433434030621376	0.032281497458498204	0.5656656596937862	0.9677185025415018
dataset_name-FR-FCM-Z2KP_healthy_final_seed-42	lda	num-1	run0	5	CD8	CD8	166516	31772	32840	1115571	0.835269568008989	0.027691806199192395	0.16473043199101106	0.9723081938008076
dataset_name-FR-FCM-Z2KP_healthy_final_seed-42	lda	num-1	run0	3	CD3+	CD3+	25906	28816	58791	1233186	0.305866795754277	0.02283356127803284	0.694133204245723	0.9771664387219672
dataset_name-FR-FCM-Z2KP_healthy_final_seed-42	lda	num-1	run0	4	CD4	CD4	660322	10035	26078	650264	0.9620075757575758	0.015197660453824707	0.037992424242424244	0.9848023395461752
dataset_name-FR-FCM-Z2KP_healthy_final_seed-42	lda	num-1	run0	2	CD19	CD19	173392	3525	1591	1168191	0.9909076881754227	0.003008408180821974	0.009092311824577244	0.9969915918191781
dataset_name-FR-FCM-Z2KP_healthy_final_seed-42	lda	num-1	run0	1	CD14 monocytes	CD14 monocytes	196963	2259	4300	1143177	0.9786349204771866	0.0019721747875917992	0.021365079522813434	0.9980278252124082
dataset_name-FR-FCM-Z2KP_healthy_final_seed-42	lda	num-2	run0	4	CD4	CD4	599691	52968	5733	516101	0.9905306033457544	0.09307834375093355	0.00946939665424562	0.9069216562490665
dataset_name-FR-FCM-Z2KP_healthy_final_seed-42	lda	num-2	run0	3	CD3+	CD3+	19874	32980	51970	1069669	0.2766271365736874	0.02990978996942817	0.7233728634263126	0.9700902100305718
dataset_name-FR-FCM-Z2KP_healthy_final_seed-42	lda	num-2	run0	5	CD8	CD8	116213	10937	85339	962004	0.5765906565055172	0.011241174953054708	0.42340934349448284	0.9887588250469453
dataset_name-FR-FCM-Z2KP_healthy_final_seed-42	lda	num-2	run0	2	CD19	CD19	124716	1681	4146	1043950	0.9678260464683149	0.0016076417015180307	0.032173953531685055	0.9983923582984819
dataset_name-FR-FCM-Z2KP_healthy_final_seed-42	lda	num-2	run0	1	CD14 monocytes	CD14 monocytes	152828	1164	13983	1006518	0.9161745928026329	0.001155126319612735	0.08382540719736709	0.9988448736803872
dataset_name-FR-FCM-Z2KP_healthy_final_seed-42	lda	num-3	run0	4	CD4	CD4	653060	98279	8181	471713	0.9876278089229191	0.17242171819955368	0.012372191077080822	0.8275782818004463
dataset_name-FR-FCM-Z2KP_healthy_final_seed-42	lda	num-3	run0	5	CD8	CD8	128105	19626	54550	1028952	0.7013495387479127	0.01871677643437112	0.2986504612520873	0.9812832235656289
dataset_name-FR-FCM-Z2KP_healthy_final_seed-42	lda	num-3	run0	3	CD3+	CD3+	13677	11458	59927	1146171	0.1858187055051356	0.00989781700354777	0.8141812944948644	0.9901021829964523
dataset_name-FR-FCM-Z2KP_healthy_final_seed-42	lda	num-3	run0	2	CD19	CD19	140764	2218	18675	1069576	0.8828705649182446	0.0020694275205869785	0.1171294350817554	0.997930572479413
dataset_name-FR-FCM-Z2KP_healthy_final_seed-42	lda	num-3	run0	1	CD14 monocytes	CD14 monocytes	108839	310	45455	1076629	0.7054000803660544	2.8785288674660313e-4	0.2945999196339456	0.9997121471132534
dataset_name-FR-FCM-Z2KP_healthy_final_seed-42	lda	num-4	run0	4	CD4	CD4	655876	99065	14087	497346	0.978973465698852	0.16610189952901608	0.021026534301147974	0.8338981004709839
dataset_name-FR-FCM-Z2KP_healthy_final_seed-42	lda	num-4	run0	5	CD8	CD8	122279	18278	58570	1067247	0.6761386571117342	0.016837935561134013	0.3238613428882659	0.983162064438866
dataset_name-FR-FCM-Z2KP_healthy_final_seed-42	lda	num-4	run0	3	CD3+	CD3+	14464	14090	50952	1186868	0.22110798581386817	0.011732300380196476	0.7788920141861319	0.9882676996198035
dataset_name-FR-FCM-Z2KP_healthy_final_seed-42	lda	num-4	run0	2	CD19	CD19	160558	4059	12555	1089202	0.9274751174088601	0.0037127456298175826	0.07252488259113989	0.9962872543701824
dataset_name-FR-FCM-Z2KP_healthy_final_seed-42	lda	num-4	run0	1	CD14 monocytes	CD14 monocytes	129762	915	47271	1088426	0.7329819864093136	8.399573687210892e-4	0.2670180135906865	0.9991600426312789
dataset_name-FR-FCM-Z2KP_healthy_final_seed-42	lda	num-5	run0	4	CD4	CD4	578207	28172	16532	589799	0.9722029327150229	0.04558789975581378	0.027797067284977106	0.9544121002441862
dataset_name-FR-FCM-Z2KP_healthy_final_seed-42	lda	num-5	run0	5	CD8	CD8	125057	17362	59324	1010967	0.6782531822693227	0.01688370161689498	0.32174681773067726	0.983116298383105
dataset_name-FR-FCM-Z2KP_healthy_final_seed-42	lda	num-5	run0	3	CD3+	CD3+	14890	17159	51963	1128698	0.2227274767026162	0.014974817974668741	0.7772725232973838	0.9850251820253313
dataset_name-FR-FCM-Z2KP_healthy_final_seed-42	lda	num-5	run0	2	CD19	CD19	155152	3366	6937	1047255	0.9572025245389878	0.0032038194553506926	0.04279747546101216	0.9967961805446494
dataset_name-FR-FCM-Z2KP_healthy_final_seed-42	lda	num-5	run0	1	CD14 monocytes	CD14 monocytes	190190	2092	14458	1005970	0.9293518627106055	0.002075269179871873	0.07064813728939447	0.9979247308201281
dataset_name-FR-FCM-Z2KP_healthy_final_seed-42	random	num-1	run0	4	CD4	CD4	114656	110550	571744	549749	0.16703962703962705	0.1674241517857819	0.832960372960373	0.8325758482142182
dataset_name-FR-FCM-Z2KP_healthy_final_seed-42	random	num-1	run0	1	CD14 monocytes	CD14 monocytes	33665	191136	167598	954300	0.1672686981710498	0.16686746356845777	0.8327313018289502	0.8331325364315422
dataset_name-FR-FCM-Z2KP_healthy_final_seed-42	random	num-1	run0	5	CD8	CD8	32981	191385	166375	955958	0.1654377094243464	0.16680713613975942	0.8345622905756536	0.8331928638602406
dataset_name-FR-FCM-Z2KP_healthy_final_seed-42	random	num-1	run0	2	CD19	CD19	29120	195435	145863	976281	0.16641616614185378	0.16679383058693403	0.8335838338581463	0.8332061694130659
dataset_name-FR-FCM-Z2KP_healthy_final_seed-42	random	num-1	run0	3	CD3+	CD3+	14034	209911	70663	1052091	0.16569654179014606	0.16633174907805218	0.834303458209854	0.8336682509219479
dataset_name-FR-FCM-Z2KP_healthy_final_seed-42	random	num-2	run0	4	CD4	CD4	101302	95130	504122	473939	0.16732405718967203	0.16716777754542947	0.832675942810328	0.8328322224545706
dataset_name-FR-FCM-Z2KP_healthy_final_seed-42	random	num-2	run0	5	CD8	CD8	33534	162214	168018	810727	0.16637889973803285	0.16672542322710215	0.8336211002619671	0.8332745767728978
dataset_name-FR-FCM-Z2KP_healthy_final_seed-42	random	num-2	run0	3	CD3+	CD3+	12176	183519	59668	919130	0.1694783141250487	0.16643464964825616	0.8305216858749512	0.8335653503517438
dataset_name-FR-FCM-Z2KP_healthy_final_seed-42	random	num-2	run0	2	CD19	CD19	21617	173671	107245	871960	0.16775310021573467	0.1660920535064473	0.8322468997842654	0.8339079464935527
dataset_name-FR-FCM-Z2KP_healthy_final_seed-42	random	num-2	run0	1	CD14 monocytes	CD14 monocytes	27598	167240	139213	840442	0.1654447248682641	0.16596505643645515	0.8345552751317359	0.8340349435635448
dataset_name-FR-FCM-Z2KP_healthy_final_seed-42	random	num-3	run0	4	CD4	CD4	110522	95356	550719	474636	0.16714329571215336	0.16729357605019018	0.8328567042878466	0.8327064239498099
dataset_name-FR-FCM-Z2KP_healthy_final_seed-42	random	num-3	run0	5	CD8	CD8	30576	175361	152079	873217	0.16739755276340643	0.167236962820124	0.8326024472365936	0.832763037179876
dataset_name-FR-FCM-Z2KP_healthy_final_seed-42	random	num-3	run0	3	CD3+	CD3+	12207	192787	61397	964842	0.16584696483886746	0.16653608366756534	0.8341530351611326	0.8334639163324347
dataset_name-FR-FCM-Z2KP_healthy_final_seed-42	random	num-3	run0	1	CD14 monocytes	CD14 monocytes	25343	179248	128951	897691	0.16425136427858503	0.16644211046308102	0.835748635721415	0.833557889536919
dataset_name-FR-FCM-Z2KP_healthy_final_seed-42	random	num-3	run0	2	CD19	CD19	26394	178336	133045	893458	0.16554293491554764	0.16639018318818727	0.8344570650844524	0.8336098168118127
dataset_name-FR-FCM-Z2KP_healthy_final_seed-42	random	num-4	run0	1	CD14 monocytes	CD14 monocytes	29765	181917	147268	907424	0.16813249507154032	0.16699729469468239	0.8318675049284596	0.8330027053053176
dataset_name-FR-FCM-Z2KP_healthy_final_seed-42	random	num-4	run0	4	CD4	CD4	111253	99355	558710	497056	0.16605842412192912	0.16658814139913583	0.8339415758780708	0.8334118586008642
dataset_name-FR-FCM-Z2KP_healthy_final_seed-42	random	num-4	run0	2	CD19	CD19	28912	182065	144201	911196	0.1670122983253713	0.16653388349168222	0.8329877016746287	0.8334661165083178
dataset_name-FR-FCM-Z2KP_healthy_final_seed-42	random	num-4	run0	5	CD8	CD8	30311	180750	150538	904775	0.16760391265641503	0.16650929273853665	0.832396087343585	0.8334907072614633
dataset_name-FR-FCM-Z2KP_healthy_final_seed-42	random	num-4	run0	3	CD3+	CD3+	10945	199816	54471	1001142	0.16731380701968937	0.1663805062291937	0.8326861929803107	0.8336194937708064
dataset_name-FR-FCM-Z2KP_healthy_final_seed-42	random	num-5	run0	4	CD4	CD4	99303	103219	495436	514752	0.1669690402008276	0.1670288735231912	0.8330309597991724	0.8329711264768088
dataset_name-FR-FCM-Z2KP_healthy_final_seed-42	random	num-5	run0	2	CD19	CD19	26921	175098	135168	875523	0.16608776659736318	0.16666143166755662	0.8339122334026369	0.8333385683324434
dataset_name-FR-FCM-Z2KP_healthy_final_seed-42	random	num-5	run0	3	CD3+	CD3+	11252	190868	55601	954989	0.1683095747386056	0.1665722686164155	0.8316904252613944	0.8334277313835845
dataset_name-FR-FCM-Z2KP_healthy_final_seed-42	random	num-5	run0	5	CD8	CD8	30766	171287	153615	857042	0.166861010624739	0.16656828699764376	0.833138989375261	0.8334317130023563
dataset_name-FR-FCM-Z2KP_healthy_final_seed-42	random	num-5	run0	1	CD14 monocytes	CD14 monocytes	34030	167331	170618	840731	0.16628552441265002	0.16599276631794474	0.83371447558735	0.8340072336820553
dataset_name-FR-FCM-Z2KP_healthy_final_seed-420_sub-sampling-1000	cyanno	num-1	run0	4	CD4	CD4	684413	25678	1987	634621	0.9971051864801865	0.03888844296296072	0.00289481351981352	0.9611115570370393
dataset_name-FR-FCM-Z2KP_healthy_final_seed-420_sub-sampling-1000	cyanno	num-1	run0	5	CD8	CD8	198305	44502	1051	1102841	0.9947280242380465	0.03878700615247577	0.00527197576195349	0.9612129938475242
dataset_name-FR-FCM-Z2KP_healthy_final_seed-420_sub-sampling-1000	cyanno	num-1	run0	2	CD19	CD19	174820	2149	163	1169567	0.9990684809381483	0.001834062178889765	9.315190618517228e-4	0.9981659378211102
dataset_name-FR-FCM-Z2KP_healthy_final_seed-420_sub-sampling-1000	cyanno	num-1	run0	3	CD3+	CD3+	14412	1163	70285	1260839	0.1701595097819285	9.215516298706341e-4	0.8298404902180715	0.9990784483701294
dataset_name-FR-FCM-Z2KP_healthy_final_seed-420_sub-sampling-1000	cyanno	num-1	run0	1	CD14 monocytes	CD14 monocytes	200462	795	801	1144641	0.9960201328609829	6.94058856191005e-4	0.003979867139017107	0.999305941143809
dataset_name-FR-FCM-Z2KP_healthy_final_seed-420_sub-sampling-1000	cyanno	num-2	run0	4	CD4	CD4	604417	31587	3156	635201	0.9948055624591613	0.0473718783181461	0.005194437540838714	0.952628121681854
dataset_name-FR-FCM-Z2KP_healthy_final_seed-420_sub-sampling-1000	cyanno	num-2	run0	5	CD8	CD8	197149	43429	1043	1032740	0.9947374263340599	0.04035518584906274	0.005262573665940099	0.9596448141509373
dataset_name-FR-FCM-Z2KP_healthy_final_seed-420_sub-sampling-1000	cyanno	num-2	run0	2	CD19	CD19	175076	4395	38	1094852	0.9997829985038318	0.0039981914892649245	2.1700149616821042e-4	0.996001808510735
dataset_name-FR-FCM-Z2KP_healthy_final_seed-420_sub-sampling-1000	cyanno	num-2	run0	3	CD3+	CD3+	8558	514	74323	1190966	0.10325647615255608	4.313962466847954e-4	0.8967435238474439	0.9995686037533152
dataset_name-FR-FCM-Z2KP_healthy_final_seed-420_sub-sampling-1000	cyanno	num-2	run0	1	CD14 monocytes	CD14 monocytes	208918	318	1683	1063442	0.9920085849544874	2.9893961043844477e-4	0.007991415045512604	0.9997010603895615
dataset_name-FR-FCM-Z2KP_healthy_final_seed-420_sub-sampling-1000	cyanno	num-3	run0	4	CD4	CD4	603018	26991	2406	542078	0.9960259256322842	0.047430100743495074	0.003974074367715848	0.9525698992565049
dataset_name-FR-FCM-Z2KP_healthy_final_seed-420_sub-sampling-1000	cyanno	num-3	run0	5	CD8	CD8	199585	14303	1967	958638	0.9902407319202985	0.01470078863980447	0.009759268079701516	0.9852992113601955
dataset_name-FR-FCM-Z2KP_healthy_final_seed-420_sub-sampling-1000	cyanno	num-3	run0	2	CD19	CD19	128653	2910	209	1042721	0.9983781099160343	0.0027830085374285956	0.0016218900839657928	0.9972169914625714
dataset_name-FR-FCM-Z2KP_healthy_final_seed-420_sub-sampling-1000	cyanno	num-3	run0	1	CD14 monocytes	CD14 monocytes	166428	1536	383	1006146	0.9977039883460923	0.0015242904011384545	0.002296011653907716	0.9984757095988616
dataset_name-FR-FCM-Z2KP_healthy_final_seed-420_sub-sampling-1000	cyanno	num-3	run0	3	CD3+	CD3+	29613	1456	42231	1101193	0.4121847335894438	0.001320456464387126	0.5878152664105563	0.9986795435356128
dataset_name-FR-FCM-Z2KP_healthy_final_seed-420_sub-sampling-1000	cyanno	num-4	run0	4	CD4	CD4	665889	13071	4074	583340	0.9939190671723662	0.021916094773570576	0.006080932827633765	0.9780839052264294
dataset_name-FR-FCM-Z2KP_healthy_final_seed-420_sub-sampling-1000	cyanno	num-4	run0	5	CD8	CD8	179492	16764	1357	1068761	0.9924965026071474	0.015443218719052992	0.007503497392852601	0.984556781280947
dataset_name-FR-FCM-Z2KP_healthy_final_seed-420_sub-sampling-1000	cyanno	num-4	run0	3	CD3+	CD3+	35840	4264	29576	1196694	0.5478781949370185	0.0035504988517500195	0.45212180506298155	0.9964495011482499
dataset_name-FR-FCM-Z2KP_healthy_final_seed-420_sub-sampling-1000	cyanno	num-4	run0	2	CD19	CD19	171641	1770	1472	1091491	0.991496883538498	0.0016190095503269576	0.008503116461502024	0.998380990449673
dataset_name-FR-FCM-Z2KP_healthy_final_seed-420_sub-sampling-1000	cyanno	num-4	run0	1	CD14 monocytes	CD14 monocytes	176062	1581	971	1087760	0.994515146893517	0.0014513361748066033	0.005484853106482972	0.9985486638251934
dataset_name-FR-FCM-Z2KP_healthy_final_seed-420_sub-sampling-1000	cyanno	num-5	run0	4	CD4	CD4	659816	32717	1425	537275	0.9978449612168634	0.05739905121475389	0.002155038783136557	0.9426009487852461
dataset_name-FR-FCM-Z2KP_healthy_final_seed-420_sub-sampling-1000	cyanno	num-5	run0	5	CD8	CD8	179027	9871	3628	1038707	0.9801374175357915	0.009413701222035938	0.01986258246420848	0.9905862987779641
dataset_name-FR-FCM-Z2KP_healthy_final_seed-420_sub-sampling-1000	cyanno	num-5	run0	3	CD3+	CD3+	40721	3447	32883	1154182	0.5532443888919081	0.0029776379133556606	0.446755611108092	0.9970223620866443
dataset_name-FR-FCM-Z2KP_healthy_final_seed-420_sub-sampling-1000	cyanno	num-5	run0	2	CD19	CD19	159035	2314	404	1069480	0.9974661155677093	0.0021589969714329435	0.0025338844322907194	0.997841003028567
dataset_name-FR-FCM-Z2KP_healthy_final_seed-420_sub-sampling-1000	cyanno	num-5	run0	1	CD14 monocytes	CD14 monocytes	142977	1308	11317	1075631	0.9266530130789272	0.0012145534705308287	0.07334698692107276	0.9987854465294692
dataset_name-FR-FCM-Z2KP_healthy_final_seed-420_sub-sampling-1000	cygate	num-1	run0	3	CD3+	CD3+	68810	35898	15887	1226104	0.8124254696152166	0.028445279801458317	0.18757453038478342	0.9715547201985417
dataset_name-FR-FCM-Z2KP_healthy_final_seed-420_sub-sampling-1000	cygate	num-1	run0	4	CD4	CD4	658012	5409	28388	654890	0.9586421911421912	0.008191743437442734	0.041357808857808855	0.9918082565625572
dataset_name-FR-FCM-Z2KP_healthy_final_seed-420_sub-sampling-1000	cygate	num-1	run0	5	CD8	CD8	181991	8884	17365	1138459	0.9128945203555449	0.007743107335818495	0.08710547964445514	0.9922568926641815
dataset_name-FR-FCM-Z2KP_healthy_final_seed-420_sub-sampling-1000	cygate	num-1	run0	2	CD19	CD19	174848	3297	135	1168419	0.9992284964825154	0.0028138217793390206	7.715035174845556e-4	0.997186178220661
dataset_name-FR-FCM-Z2KP_healthy_final_seed-420_sub-sampling-1000	cygate	num-1	run0	1	CD14 monocytes	CD14 monocytes	198201	1696	3062	1143740	0.9847860759304989	0.0014806588932074773	0.015213924069501101	0.9985193411067925
dataset_name-FR-FCM-Z2KP_healthy_final_seed-420_sub-sampling-1000	cygate	num-2	run0	4	CD4	CD4	592962	20641	14611	646147	0.9759518609286456	0.030955866032382106	0.024048139071354387	0.9690441339676179
dataset_name-FR-FCM-Z2KP_healthy_final_seed-420_sub-sampling-1000	cygate	num-2	run0	5	CD8	CD8	195863	19017	2329	1057152	0.9882487688705901	0.017671016355237885	0.011751231129409866	0.9823289836447621
dataset_name-FR-FCM-Z2KP_healthy_final_seed-420_sub-sampling-1000	cygate	num-2	run0	3	CD3+	CD3+	41203	9103	41678	1182377	0.4971344457716485	0.00764007788632625	0.5028655542283514	0.9923599221136737
dataset_name-FR-FCM-Z2KP_healthy_final_seed-420_sub-sampling-1000	cygate	num-2	run0	2	CD19	CD19	174994	3408	120	1095839	0.9993147321173635	0.003100304117273006	6.85267882636454e-4	0.996899695882727
dataset_name-FR-FCM-Z2KP_healthy_final_seed-420_sub-sampling-1000	cygate	num-2	run0	1	CD14 monocytes	CD14 monocytes	207928	2083	2673	1061677	0.9873077525747741	0.001958148454538618	0.012692247425225902	0.9980418515454614
dataset_name-FR-FCM-Z2KP_healthy_final_seed-420_sub-sampling-1000	cygate	num-3	run0	4	CD4	CD4	575771	24946	29653	544123	0.9510211025661355	0.043836511916832584	0.04897889743386453	0.9561634880831674
dataset_name-FR-FCM-Z2KP_healthy_final_seed-420_sub-sampling-1000	cygate	num-3	run0	5	CD8	CD8	179167	16283	22385	956658	0.8889368500436612	0.016735855514363154	0.11106314995633881	0.9832641444856368
dataset_name-FR-FCM-Z2KP_healthy_final_seed-420_sub-sampling-1000	cygate	num-3	run0	3	CD3+	CD3+	8798	8037	63046	1094612	0.12245977395467958	0.007288810854587453	0.8775402260453204	0.9927111891454126
dataset_name-FR-FCM-Z2KP_healthy_final_seed-420_sub-sampling-1000	cygate	num-3	run0	1	CD14 monocytes	CD14 monocytes	166275	3269	536	1004413	0.9967867826462283	0.0032440789852354215	0.003213217353771634	0.9967559210147646
dataset_name-FR-FCM-Z2KP_healthy_final_seed-420_sub-sampling-1000	cygate	num-3	run0	2	CD19	CD19	126776	492	2086	1045139	0.9838121401188868	4.705292784930822e-4	0.01618785988111313	0.9995294707215069
dataset_name-FR-FCM-Z2KP_healthy_final_seed-420_sub-sampling-1000	cygate	num-4	run0	3	CD3+	CD3+	31587	23729	33829	1177229	0.4828635196282255	0.01975839288301506	0.5171364803717745	0.9802416071169849
dataset_name-FR-FCM-Z2KP_healthy_final_seed-420_sub-sampling-1000	cygate	num-4	run0	5	CD8	CD8	149173	9981	31676	1075544	0.8248483541518062	0.009194629326823427	0.1751516458481938	0.9908053706731765
dataset_name-FR-FCM-Z2KP_healthy_final_seed-420_sub-sampling-1000	cygate	num-4	run0	2	CD19	CD19	172708	3432	405	1089829	0.9976604876583504	0.0031392320772441347	0.002339512341649674	0.9968607679227559
dataset_name-FR-FCM-Z2KP_healthy_final_seed-420_sub-sampling-1000	cygate	num-4	run0	1	CD14 monocytes	CD14 monocytes	173745	3100	3288	1086241	0.9814271915405602	0.0028457572055031436	0.018572808459439767	0.9971542427944968
dataset_name-FR-FCM-Z2KP_healthy_final_seed-420_sub-sampling-1000	cygate	num-4	run0	4	CD4	CD4	638881	395	31082	596016	0.9536063931888776	6.622949610251991e-4	0.0463936068111224	0.9993377050389748
dataset_name-FR-FCM-Z2KP_healthy_final_seed-420_sub-sampling-1000	cygate	num-5	run0	3	CD3+	CD3+	52243	92194	21361	1065435	0.7097847943046574	0.07964036837363266	0.29021520569534265	0.9203596316263674
dataset_name-FR-FCM-Z2KP_healthy_final_seed-420_sub-sampling-1000	cygate	num-5	run0	1	CD14 monocytes	CD14 monocytes	151598	3118	2696	1073821	0.9825268642980285	0.002895242906051318	0.01747313570197156	0.9971047570939486
dataset_name-FR-FCM-Z2KP_healthy_final_seed-420_sub-sampling-1000	cygate	num-5	run0	2	CD19	CD19	159066	2801	373	1068993	0.9976605472939494	0.0026133753314536187	0.00233945270605059	0.9973866246685463
dataset_name-FR-FCM-Z2KP_healthy_final_seed-420_sub-sampling-1000	cygate	num-5	run0	4	CD4	CD4	629310	426	31931	569566	0.9517104958706433	7.473789105812012e-4	0.04828950412935677	0.9992526210894188
dataset_name-FR-FCM-Z2KP_healthy_final_seed-420_sub-sampling-1000	cygate	num-5	run0	5	CD8	CD8	80419	0	102236	1048578	0.4402781199529167	0	0.5597218800470833	1
dataset_name-FR-FCM-Z2KP_healthy_final_seed-420_sub-sampling-1000	dgcytof	num-1	run0	1	CD14 monocytes	CD14 monocytes	195037	107335	6226	1038101	0.9690653523002241	0.09370667588586355	0.030934647699775913	0.9062933241141364
dataset_name-FR-FCM-Z2KP_healthy_final_seed-420_sub-sampling-1000	dgcytof	num-1	run0	5	CD8	CD8	160579	86016	38777	1061327	0.8054886735287626	0.07496973442118006	0.1945113264712374	0.92503026557882
dataset_name-FR-FCM-Z2KP_healthy_final_seed-420_sub-sampling-1000	dgcytof	num-1	run0	3	CD3+	CD3+	15610	73036	69087	1188966	0.18430404854953542	0.057873125399167356	0.8156959514504646	0.9421268746008327
dataset_name-FR-FCM-Z2KP_healthy_final_seed-420_sub-sampling-1000	dgcytof	num-1	run0	4	CD4	CD4	517322	36274	169078	624025	0.7536742424242424	0.05493571851539984	0.2463257575757576	0.9450642814846002
dataset_name-FR-FCM-Z2KP_healthy_final_seed-420_sub-sampling-1000	dgcytof	num-1	run0	2	CD19	CD19	150341	5149	24642	1166567	0.8591748912751525	0.00439440956682336	0.14082510872484755	0.9956055904331766
dataset_name-FR-FCM-Z2KP_healthy_final_seed-420_sub-sampling-1000	dgcytof	num-2	run0	5	CD8	CD8	194872	546909	3320	529260	0.9832485670460968	0.5081999202727453	0.016751432953903286	0.49180007972725476
dataset_name-FR-FCM-Z2KP_healthy_final_seed-420_sub-sampling-1000	dgcytof	num-2	run0	4	CD4	CD4	199032	13896	408541	652892	0.32758532719525063	0.02084020708231102	0.6724146728047494	0.979159792917689
dataset_name-FR-FCM-Z2KP_healthy_final_seed-420_sub-sampling-1000	dgcytof	num-2	run0	1	CD14 monocytes	CD14 monocytes	188814	17037	21787	1046723	0.8965484494375621	0.016015830638489884	0.10345155056243797	0.9839841693615101
dataset_name-FR-FCM-Z2KP_healthy_final_seed-420_sub-sampling-1000	dgcytof	num-2	run0	2	CD19	CD19	99321	14464	75793	1084783	0.567179094761127	0.013158098225421584	0.43282090523887295	0.9868419017745784
dataset_name-FR-FCM-Z2KP_healthy_final_seed-420_sub-sampling-1000	dgcytof	num-2	run0	3	CD3+	CD3+	4	12	82877	1191468	4.8261965951183025e-5	1.0071507704703395e-5	0.9999517380340488	0.9999899284922953
dataset_name-FR-FCM-Z2KP_healthy_final_seed-420_sub-sampling-1000	dgcytof	num-3	run0	4	CD4	CD4	590822	106950	14602	462119	0.9758813657866223	0.1879385452379237	0.024118634213377732	0.8120614547620763
dataset_name-FR-FCM-Z2KP_healthy_final_seed-420_sub-sampling-1000	dgcytof	num-3	run0	3	CD3+	CD3+	16187	50258	55657	1052391	0.22530761093480317	0.045579327601077045	0.7746923890651968	0.9544206723989229
dataset_name-FR-FCM-Z2KP_healthy_final_seed-420_sub-sampling-1000	dgcytof	num-3	run0	1	CD14 monocytes	CD14 monocytes	147240	15581	19571	992101	0.8826756029278645	0.015462219231860846	0.11732439707213553	0.9845377807681391
dataset_name-FR-FCM-Z2KP_healthy_final_seed-420_sub-sampling-1000	dgcytof	num-3	run0	5	CD8	CD8	101905	14214	99647	958727	0.50560153211082	0.014609313411604609	0.49439846788917996	0.9853906865883953
dataset_name-FR-FCM-Z2KP_healthy_final_seed-420_sub-sampling-1000	dgcytof	num-3	run0	2	CD19	CD19	121121	10215	7741	1035416	0.939927984976176	0.009769220690664297	0.060072015023823935	0.9902307793093357
dataset_name-FR-FCM-Z2KP_healthy_final_seed-420_sub-sampling-1000	dgcytof	num-4	run0	4	CD4	CD4	647526	175440	22437	420971	0.9665100908557637	0.29415956446142005	0.03348990914423632	0.7058404355385799
dataset_name-FR-FCM-Z2KP_healthy_final_seed-420_sub-sampling-1000	dgcytof	num-4	run0	5	CD8	CD8	102195	29990	78654	1055535	0.5650846839075693	0.027627185002648488	0.4349153160924307	0.9723728149973515
dataset_name-FR-FCM-Z2KP_healthy_final_seed-420_sub-sampling-1000	dgcytof	num-4	run0	2	CD19	CD19	102775	24656	70338	1068605	0.593687360279124	0.0225527115665884	0.40631263972087595	0.9774472884334116
dataset_name-FR-FCM-Z2KP_healthy_final_seed-420_sub-sampling-1000	dgcytof	num-4	run0	3	CD3+	CD3+	9780	25086	55636	1175872	0.14950470832823773	0.020888324154549952	0.8504952916717623	0.97911167584545
dataset_name-FR-FCM-Z2KP_healthy_final_seed-420_sub-sampling-1000	dgcytof	num-4	run0	1	CD14 monocytes	CD14 monocytes	143980	4946	33053	1084395	0.8132946964690199	0.0045403597220705	0.1867053035309801	0.9954596402779295
dataset_name-FR-FCM-Z2KP_healthy_final_seed-420_sub-sampling-1000	dgcytof	num-5	run0	4	CD4	CD4	640422	189610	20819	380382	0.9685152614553544	0.33265379163216324	0.0314847385446456	0.6673462083678368
dataset_name-FR-FCM-Z2KP_healthy_final_seed-420_sub-sampling-1000	dgcytof	num-5	run0	3	CD3+	CD3+	19288	44041	54316	1113588	0.26205097549046247	0.03804414022108983	0.7379490245095375	0.9619558597789102
dataset_name-FR-FCM-Z2KP_healthy_final_seed-420_sub-sampling-1000	dgcytof	num-5	run0	5	CD8	CD8	80001	11296	102654	1037282	0.43798965262379896	0.010772684530859888	0.562010347376201	0.9892273154691401
dataset_name-FR-FCM-Z2KP_healthy_final_seed-420_sub-sampling-1000	dgcytof	num-5	run0	2	CD19	CD19	114388	9937	45051	1061857	0.7174405258437396	0.009271371177670336	0.28255947415626037	0.9907286288223297
dataset_name-FR-FCM-Z2KP_healthy_final_seed-420_sub-sampling-1000	dgcytof	num-5	run0	1	CD14 monocytes	CD14 monocytes	117435	4815	36859	1072124	0.7611119032496403	0.004471005321564174	0.2388880967503597	0.9955289946784358
dataset_name-FR-FCM-Z2KP_healthy_final_seed-420_sub-sampling-1000	gatemeclass	num-1	run0	2	CD19	CD19	171394	16066	3589	1155650	0.9794894361166513	0.013711513711513712	0.020510563883348668	0.9862884862884863
dataset_name-FR-FCM-Z2KP_healthy_final_seed-420_sub-sampling-1000	gatemeclass	num-1	run0	1	CD14 monocytes	CD14 monocytes	0	0	201263	1145436	0	0	1	1
dataset_name-FR-FCM-Z2KP_healthy_final_seed-420_sub-sampling-1000	gatemeclass	num-1	run0	3	CD3+	CD3+	0	0	84697	1262002	0	0	1	1
dataset_name-FR-FCM-Z2KP_healthy_final_seed-420_sub-sampling-1000	gatemeclass	num-1	run0	4	CD4	CD4	0	0	686400	660299	0	0	1	1
dataset_name-FR-FCM-Z2KP_healthy_final_seed-420_sub-sampling-1000	gatemeclass	num-1	run0	5	CD8	CD8	0	0	199356	1147343	0	0	1	1
dataset_name-FR-FCM-Z2KP_healthy_final_seed-420_sub-sampling-1000	gatemeclass	num-2	run0	5	CD8	CD8	154220	449031	43972	627138	0.7781343343828206	0.41724952121832165	0.2218656656171793	0.5827504787816783
dataset_name-FR-FCM-Z2KP_healthy_final_seed-420_sub-sampling-1000	gatemeclass	num-2	run0	4	CD4	CD4	275626	138623	331947	528165	0.4536508370187615	0.20789666280736907	0.5463491629812385	0.7921033371926309
dataset_name-FR-FCM-Z2KP_healthy_final_seed-420_sub-sampling-1000	gatemeclass	num-2	run0	1	CD14 monocytes	CD14 monocytes	24651	40962	185950	1022798	0.11705072625486108	0.038506806046476647	0.8829492737451389	0.9614931939535234
dataset_name-FR-FCM-Z2KP_healthy_final_seed-420_sub-sampling-1000	gatemeclass	num-2	run0	3	CD3+	CD3+	3391	15311	79490	1176169	0.04091408163511541	0.012850404538892806	0.9590859183648845	0.9871495954611071
dataset_name-FR-FCM-Z2KP_healthy_final_seed-420_sub-sampling-1000	gatemeclass	num-2	run0	2	CD19	CD19	168549	3965	6565	1095282	0.9625101362540973	0.00360701462000806	0.03748986374590267	0.996392985379992
dataset_name-FR-FCM-Z2KP_healthy_final_seed-420_sub-sampling-1000	gatemeclass	num-3	run0	3	CD3+	CD3+	65917	708910	5927	393739	0.9175018094760871	0.642915379236729	0.08249819052391293	0.357084620763271
dataset_name-FR-FCM-Z2KP_healthy_final_seed-420_sub-sampling-1000	gatemeclass	num-3	run0	1	CD14 monocytes	CD14 monocytes	146832	5657	19979	1002025	0.8802297210615607	0.005613874218255362	0.1197702789384393	0.9943861257817447
dataset_name-FR-FCM-Z2KP_healthy_final_seed-420_sub-sampling-1000	gatemeclass	num-3	run0	2	CD19	CD19	120316	4980	8546	1040651	0.9336809920690351	0.0047626744042592465	0.0663190079309649	0.9952373255957407
dataset_name-FR-FCM-Z2KP_healthy_final_seed-420_sub-sampling-1000	gatemeclass	num-3	run0	4	CD4	CD4	0	0	605424	569069	0	0	1	1
dataset_name-FR-FCM-Z2KP_healthy_final_seed-420_sub-sampling-1000	gatemeclass	num-3	run0	5	CD8	CD8	0	0	201552	972941	0	0	1	1
dataset_name-FR-FCM-Z2KP_healthy_final_seed-420_sub-sampling-1000	gatemeclass	num-4	run0	5	CD8	CD8	174832	737275	6017	348250	0.9667291497326499	0.6791874899242302	0.03327085026735011	0.3208125100757698
dataset_name-FR-FCM-Z2KP_healthy_final_seed-420_sub-sampling-1000	gatemeclass	num-4	run0	4	CD4	CD4	6392	25731	663571	570680	0.009540825388864757	0.04314306744845417	0.9904591746111352	0.9568569325515458
dataset_name-FR-FCM-Z2KP_healthy_final_seed-420_sub-sampling-1000	gatemeclass	num-4	run0	3	CD3+	CD3+	1002	6239	64414	1194719	0.01531735355264767	0.005195019309584515	0.9846826464473524	0.9948049806904155
dataset_name-FR-FCM-Z2KP_healthy_final_seed-420_sub-sampling-1000	gatemeclass	num-4	run0	2	CD19	CD19	167116	4782	5997	1088479	0.9653578876225356	0.00437406986986639	0.03464211237746443	0.9956259301301336
dataset_name-FR-FCM-Z2KP_healthy_final_seed-420_sub-sampling-1000	gatemeclass	num-4	run0	1	CD14 monocytes	CD14 monocytes	140566	2427	36467	1086914	0.7940101562985432	0.0022279524960503645	0.2059898437014568	0.9977720475039497
dataset_name-FR-FCM-Z2KP_healthy_final_seed-420_sub-sampling-1000	gatemeclass	num-5	run0	5	CD8	CD8	137135	485921	45520	562657	0.7507870028195232	0.4634094936189773	0.24921299718047685	0.5365905063810227
dataset_name-FR-FCM-Z2KP_healthy_final_seed-420_sub-sampling-1000	gatemeclass	num-5	run0	3	CD3+	CD3+	22707	308083	50897	849546	0.3085022553122113	0.26613275928643804	0.6914977446877887	0.7338672407135619
dataset_name-FR-FCM-Z2KP_healthy_final_seed-420_sub-sampling-1000	gatemeclass	num-5	run0	2	CD19	CD19	149562	2950	9877	1068844	0.9380515432234271	0.00275239458328746	0.06194845677657286	0.9972476054167125
dataset_name-FR-FCM-Z2KP_healthy_final_seed-420_sub-sampling-1000	gatemeclass	num-5	run0	1	CD14 monocytes	CD14 monocytes	121484	1840	32810	1075099	0.7873540124697007	0.0017085461664959668	0.21264598753029929	0.998291453833504
dataset_name-FR-FCM-Z2KP_healthy_final_seed-420_sub-sampling-1000	gatemeclass	num-5	run0	4	CD4	CD4	913	638	660328	569354	0.001380737129125387	0.001119313955283583	0.9986192628708747	0.9988806860447165
dataset_name-FR-FCM-Z2KP_healthy_final_seed-420_sub-sampling-1000	knn	num-1	run0	3	CD3+	CD3+	23158	177857	61539	1084145	0.2734217268616362	0.14093242324497107	0.7265782731383638	0.8590675767550289
dataset_name-FR-FCM-Z2KP_healthy_final_seed-420_sub-sampling-1000	knn	num-1	run0	4	CD4	CD4	419058	91354	267342	568945	0.6105157342657342	0.13835247365208792	0.38948426573426576	0.8616475263479121
dataset_name-FR-FCM-Z2KP_healthy_final_seed-420_sub-sampling-1000	knn	num-1	run0	5	CD8	CD8	104356	119056	95000	1028287	0.523465559100303	0.1037667027209823	0.47653444089969704	0.8962332972790177
dataset_name-FR-FCM-Z2KP_healthy_final_seed-420_sub-sampling-1000	knn	num-1	run0	1	CD14 monocytes	CD14 monocytes	184834	113742	16429	1031694	0.9183704903534181	0.0993001791457576	0.08162950964658183	0.9006998208542424
dataset_name-FR-FCM-Z2KP_healthy_final_seed-420_sub-sampling-1000	knn	num-1	run0	2	CD19	CD19	80678	32606	94305	1139110	0.46106193173051097	0.027827562310320932	0.5389380682694891	0.9721724376896791
dataset_name-FR-FCM-Z2KP_healthy_final_seed-420_sub-sampling-1000	knn	num-2	run0	4	CD4	CD4	390585	119498	216988	547290	0.6428610224614985	0.17921438298229722	0.35713897753850155	0.8207856170177028
dataset_name-FR-FCM-Z2KP_healthy_final_seed-420_sub-sampling-1000	knn	num-2	run0	2	CD19	CD19	82963	135797	92151	963450	0.47376566122640107	0.12353638445226596	0.5262343387735989	0.876463615547734
dataset_name-FR-FCM-Z2KP_healthy_final_seed-420_sub-sampling-1000	knn	num-2	run0	3	CD3+	CD3+	20087	101918	62794	1089562	0.24235952751535333	0.08553899352066338	0.7576404724846466	0.9144610064793366
dataset_name-FR-FCM-Z2KP_healthy_final_seed-420_sub-sampling-1000	knn	num-2	run0	1	CD14 monocytes	CD14 monocytes	189134	73464	21467	990296	0.8980679104087825	0.06906069038128901	0.10193208959121751	0.930939309618711
dataset_name-FR-FCM-Z2KP_healthy_final_seed-420_sub-sampling-1000	knn	num-2	run0	5	CD8	CD8	90527	70388	107665	1005781	0.45676414789698877	0.06540608398866721	0.5432358521030112	0.9345939160113328
dataset_name-FR-FCM-Z2KP_healthy_final_seed-420_sub-sampling-1000	knn	num-3	run0	4	CD4	CD4	356921	116590	248503	452479	0.589538901662306	0.2048784945235112	0.4104610983376939	0.7951215054764887
dataset_name-FR-FCM-Z2KP_healthy_final_seed-420_sub-sampling-1000	knn	num-3	run0	2	CD19	CD19	76595	164739	52267	880892	0.5943955549347364	0.15754984310908915	0.4056044450652636	0.8424501568909109
dataset_name-FR-FCM-Z2KP_healthy_final_seed-420_sub-sampling-1000	knn	num-3	run0	3	CD3+	CD3+	18194	143124	53650	959525	0.2532431379099159	0.1298001449237246	0.7467568620900841	0.8701998550762754
dataset_name-FR-FCM-Z2KP_healthy_final_seed-420_sub-sampling-1000	knn	num-3	run0	5	CD8	CD8	80581	46219	120971	926722	0.39980253234897195	0.04750442215920595	0.600197467651028	0.9524955778407941
dataset_name-FR-FCM-Z2KP_healthy_final_seed-420_sub-sampling-1000	knn	num-3	run0	1	CD14 monocytes	CD14 monocytes	143712	27818	23099	979864	0.8615259185545318	0.02760593123624318	0.13847408144546822	0.9723940687637568
dataset_name-FR-FCM-Z2KP_healthy_final_seed-420_sub-sampling-1000	knn	num-4	run0	2	CD19	CD19	120508	274764	52605	818497	0.6961233414012813	0.2513251638904159	0.30387665859871876	0.7486748361095841
dataset_name-FR-FCM-Z2KP_healthy_final_seed-420_sub-sampling-1000	knn	num-4	run0	3	CD3+	CD3+	13580	135916	51836	1065042	0.20759447230035466	0.11317298356811811	0.7924055276996453	0.8868270164318819
dataset_name-FR-FCM-Z2KP_healthy_final_seed-420_sub-sampling-1000	knn	num-4	run0	4	CD4	CD4	315472	65946	354491	530465	0.47087973514955306	0.11057140126523488	0.5291202648504469	0.8894285987347651
dataset_name-FR-FCM-Z2KP_healthy_final_seed-420_sub-sampling-1000	knn	num-4	run0	5	CD8	CD8	75044	104983	105805	980542	0.4149539118269938	0.09671172934755072	0.5850460881730062	0.9032882706524493
dataset_name-FR-FCM-Z2KP_healthy_final_seed-420_sub-sampling-1000	knn	num-4	run0	1	CD14 monocytes	CD14 monocytes	138511	21650	38522	1067691	0.7824021510113933	0.019874401128755825	0.21759784898860665	0.9801255988712442
dataset_name-FR-FCM-Z2KP_healthy_final_seed-420_sub-sampling-1000	knn	num-5	run0	4	CD4	CD4	383354	112785	277887	457207	0.5797492895933555	0.19787119819225532	0.42025071040664447	0.8021288018077447
dataset_name-FR-FCM-Z2KP_healthy_final_seed-420_sub-sampling-1000	knn	num-5	run0	3	CD3+	CD3+	27908	176316	45696	981313	0.3791641758600076	0.1523078637456387	0.6208358241399924	0.8476921362543612
dataset_name-FR-FCM-Z2KP_healthy_final_seed-420_sub-sampling-1000	knn	num-5	run0	2	CD19	CD19	70797	147812	88642	923982	0.44403815879427244	0.1379108298796224	0.5559618412057276	0.8620891701203776
dataset_name-FR-FCM-Z2KP_healthy_final_seed-420_sub-sampling-1000	knn	num-5	run0	5	CD8	CD8	88172	101213	94483	947365	0.4827242615860502	0.09652405448140243	0.5172757384139498	0.9034759455185976
dataset_name-FR-FCM-Z2KP_healthy_final_seed-420_sub-sampling-1000	knn	num-5	run0	1	CD14 monocytes	CD14 monocytes	114832	8044	39462	1068895	0.7442415129557857	0.007469318132224759	0.2557584870442143	0.9925306818677753
dataset_name-FR-FCM-Z2KP_healthy_final_seed-420_sub-sampling-1000	lda	num-1	run0	5	CD8	CD8	125739	43780	73617	1103563	0.6307259375188106	0.03815772615512537	0.36927406248118944	0.9618422738448746
dataset_name-FR-FCM-Z2KP_healthy_final_seed-420_sub-sampling-1000	lda	num-1	run0	3	CD3+	CD3+	22564	39943	62133	1222059	0.266408491445978	0.031650504515840706	0.733591508554022	0.9683494954841593
dataset_name-FR-FCM-Z2KP_healthy_final_seed-420_sub-sampling-1000	lda	num-1	run0	4	CD4	CD4	621593	17313	64807	642986	0.9055842074592074	0.026219939754565734	0.09441579254079253	0.9737800602454343
dataset_name-FR-FCM-Z2KP_healthy_final_seed-420_sub-sampling-1000	lda	num-1	run0	2	CD19	CD19	168956	3560	6027	1168156	0.9655566540749673	0.003038278900347866	0.03444334592503272	0.9969617210996521
dataset_name-FR-FCM-Z2KP_healthy_final_seed-420_sub-sampling-1000	lda	num-1	run0	1	CD14 monocytes	CD14 monocytes	196100	2152	5163	1143284	0.9743469987031893	0.0018787605767585443	0.02565300129681064	0.9981212394232415
dataset_name-FR-FCM-Z2KP_healthy_final_seed-420_sub-sampling-1000	lda	num-2	run0	4	CD4	CD4	598542	46359	9031	620429	0.9851359425122578	0.06952584629597414	0.014864057487742213	0.9304741537040259
dataset_name-FR-FCM-Z2KP_healthy_final_seed-420_sub-sampling-1000	lda	num-2	run0	3	CD3+	CD3+	25361	41284	57520	1150196	0.30599292962198815	0.03464934367341458	0.6940070703780119	0.9653506563265855
dataset_name-FR-FCM-Z2KP_healthy_final_seed-420_sub-sampling-1000	lda	num-2	run0	5	CD8	CD8	108610	11349	89582	1064820	0.548003955760071	0.010545741421654034	0.45199604423992895	0.989454258578346
dataset_name-FR-FCM-Z2KP_healthy_final_seed-420_sub-sampling-1000	lda	num-2	run0	2	CD19	CD19	171091	9879	4023	1089368	0.9770263942346129	0.008987061142764092	0.02297360576538712	0.991012938857236
dataset_name-FR-FCM-Z2KP_healthy_final_seed-420_sub-sampling-1000	lda	num-2	run0	1	CD14 monocytes	CD14 monocytes	200441	1702	10160	1062058	0.9517571141637504	0.0015999849590133113	0.04824288583624959	0.9984000150409867
dataset_name-FR-FCM-Z2KP_healthy_final_seed-420_sub-sampling-1000	lda	num-3	run0	4	CD4	CD4	599410	49594	6014	519475	0.9900664658156928	0.0871493615009779	0.009933534184307197	0.912850638499022
dataset_name-FR-FCM-Z2KP_healthy_final_seed-420_sub-sampling-1000	lda	num-3	run0	3	CD3+	CD3+	19258	44472	52586	1058177	0.26805300373030455	0.04033196420619798	0.7319469962696955	0.959668035793802
dataset_name-FR-FCM-Z2KP_healthy_final_seed-420_sub-sampling-1000	lda	num-3	run0	5	CD8	CD8	118735	14829	82817	958112	0.589103556402318	0.01524141751658117	0.410896443597682	0.9847585824834189
dataset_name-FR-FCM-Z2KP_healthy_final_seed-420_sub-sampling-1000	lda	num-3	run0	1	CD14 monocytes	CD14 monocytes	154519	3698	12292	1003984	0.9263118139691028	0.0036698085308658882	0.07368818603089725	0.9963301914691342
dataset_name-FR-FCM-Z2KP_healthy_final_seed-420_sub-sampling-1000	lda	num-3	run0	2	CD19	CD19	124102	1674	4760	1043957	0.9630612593316882	0.001600947179263048	0.036938740668311834	0.9983990528207369
dataset_name-FR-FCM-Z2KP_healthy_final_seed-420_sub-sampling-1000	lda	num-4	run0	4	CD4	CD4	656624	116468	13339	479943	0.9800899452656341	0.19528144182451362	0.01991005473436593	0.8047185581754863
dataset_name-FR-FCM-Z2KP_healthy_final_seed-420_sub-sampling-1000	lda	num-4	run0	5	CD8	CD8	109053	16517	71796	1069008	0.6030058225370336	0.015215679049307939	0.39699417746296634	0.984784320950692
dataset_name-FR-FCM-Z2KP_healthy_final_seed-420_sub-sampling-1000	lda	num-4	run0	3	CD3+	CD3+	13499	15300	51917	1185658	0.206356243120949	0.012739829369553306	0.793643756879051	0.9872601706304467
dataset_name-FR-FCM-Z2KP_healthy_final_seed-420_sub-sampling-1000	lda	num-4	run0	2	CD19	CD19	156955	4342	16158	1088919	0.9066621224287026	0.0039716042189376554	0.09333787757129736	0.9960283957810624
dataset_name-FR-FCM-Z2KP_healthy_final_seed-420_sub-sampling-1000	lda	num-4	run0	1	CD14 monocytes	CD14 monocytes	127965	1231	49068	1088110	0.7228313365304774	0.001130041006443345	0.2771686634695226	0.9988699589935567
dataset_name-FR-FCM-Z2KP_healthy_final_seed-420_sub-sampling-1000	lda	num-5	run0	4	CD4	CD4	646280	60142	14961	509850	0.9773743612389432	0.10551376159665399	0.02262563876105686	0.894486238403346
dataset_name-FR-FCM-Z2KP_healthy_final_seed-420_sub-sampling-1000	lda	num-5	run0	5	CD8	CD8	154110	43689	28545	1004889	0.8437217705510388	0.04166499773979618	0.15627822944896116	0.9583350022602038
dataset_name-FR-FCM-Z2KP_healthy_final_seed-420_sub-sampling-1000	lda	num-5	run0	3	CD3+	CD3+	14622	17460	58982	1140169	0.19865768164773653	0.015082552354856348	0.8013423183522634	0.9849174476451437
dataset_name-FR-FCM-Z2KP_healthy_final_seed-420_sub-sampling-1000	lda	num-5	run0	2	CD19	CD19	142764	2386	16675	1069408	0.8954145472563174	0.002226174059567417	0.10458545274368254	0.9977738259404326
dataset_name-FR-FCM-Z2KP_healthy_final_seed-420_sub-sampling-1000	lda	num-5	run0	1	CD14 monocytes	CD14 monocytes	109060	928	45234	1076011	0.7068324108520098	8.617015448414441e-4	0.2931675891479902	0.9991382984551586
dataset_name-FR-FCM-Z2KP_healthy_final_seed-420_sub-sampling-1000	random	num-1	run0	4	CD4	CD4	114613	110555	571787	549744	0.16697698135198136	0.16743172411286403	0.8330230186480186	0.832568275887136
dataset_name-FR-FCM-Z2KP_healthy_final_seed-420_sub-sampling-1000	random	num-1	run0	2	CD19	CD19	29511	195479	145472	976237	0.16865066892212385	0.16683138234862374	0.8313493310778761	0.8331686176513763
dataset_name-FR-FCM-Z2KP_healthy_final_seed-420_sub-sampling-1000	random	num-1	run0	1	CD14 monocytes	CD14 monocytes	33580	190822	167683	954614	0.16684636520373838	0.16659333214601252	0.8331536347962616	0.8334066678539874
dataset_name-FR-FCM-Z2KP_healthy_final_seed-420_sub-sampling-1000	random	num-1	run0	3	CD3+	CD3+	14069	210213	70628	1051789	0.16610977956716294	0.1665710513929455	0.833890220432837	0.8334289486070545
dataset_name-FR-FCM-Z2KP_healthy_final_seed-420_sub-sampling-1000	random	num-1	run0	5	CD8	CD8	33247	190644	166109	956699	0.16677200585886554	0.16616129614247876	0.8332279941411345	0.8338387038575212
dataset_name-FR-FCM-Z2KP_healthy_final_seed-420_sub-sampling-1000	random	num-2	run0	2	CD19	CD19	29182	183789	145932	915458	0.16664572792580834	0.16719536191592974	0.8333542720741917	0.8328046380840702
dataset_name-FR-FCM-Z2KP_healthy_final_seed-420_sub-sampling-1000	random	num-2	run0	4	CD4	CD4	101446	111342	506127	555446	0.16696923661848043	0.16698260916513194	0.8330307633815196	0.833017390834868
dataset_name-FR-FCM-Z2KP_healthy_final_seed-420_sub-sampling-1000	random	num-2	run0	3	CD3+	CD3+	13953	198410	68928	993070	0.16834980272921418	0.16652398697418336	0.8316501972707858	0.8334760130258166
dataset_name-FR-FCM-Z2KP_healthy_final_seed-420_sub-sampling-1000	random	num-2	run0	1	CD14 monocytes	CD14 monocytes	35022	177139	175579	886621	0.16629550666900916	0.16652158381589832	0.8337044933309908	0.8334784161841017
dataset_name-FR-FCM-Z2KP_healthy_final_seed-420_sub-sampling-1000	random	num-2	run0	5	CD8	CD8	33103	178746	165089	897423	0.1670249051424881	0.16609473047448867	0.8329750948575119	0.8339052695255114
dataset_name-FR-FCM-Z2KP_healthy_final_seed-420_sub-sampling-1000	random	num-3	run0	5	CD8	CD8	33815	162738	167737	810203	0.16777308089227594	0.16726399648077325	0.8322269191077241	0.8327360035192267
dataset_name-FR-FCM-Z2KP_healthy_final_seed-420_sub-sampling-1000	random	num-3	run0	4	CD4	CD4	100979	95013	504445	474056	0.16679054679034858	0.16696217857588447	0.8332094532096515	0.8330378214241155
dataset_name-FR-FCM-Z2KP_healthy_final_seed-420_sub-sampling-1000	random	num-3	run0	2	CD19	CD19	21252	174532	107610	871099	0.16492061274852168	0.16691547974381019	0.8350793872514783	0.8330845202561898
dataset_name-FR-FCM-Z2KP_healthy_final_seed-420_sub-sampling-1000	random	num-3	run0	3	CD3+	CD3+	12059	183450	59785	919199	0.1678497856466789	0.16637207307130375	0.832150214353321	0.8336279269286963
dataset_name-FR-FCM-Z2KP_healthy_final_seed-420_sub-sampling-1000	random	num-3	run0	1	CD14 monocytes	CD14 monocytes	27750	167373	139061	840309	0.16635593575963215	0.16609704251936622	0.8336440642403679	0.8339029574806338
dataset_name-FR-FCM-Z2KP_healthy_final_seed-420_sub-sampling-1000	random	num-4	run0	3	CD3+	CD3+	11074	200677	54342	1000281	0.16928580163874282	0.16709743388195092	0.83071419836125715	0.8329025661180491
dataset_name-FR-FCM-Z2KP_healthy_final_seed-420_sub-sampling-1000	random	num-4	run0	4	CD4	CD4	112001	99574	557962	496837	0.16717490368871116	0.16695533784588146	0.8328250963112889	0.8330446621541185
dataset_name-FR-FCM-Z2KP_healthy_final_seed-420_sub-sampling-1000	random	num-4	run0	1	CD14 monocytes	CD14 monocytes	29664	181235	147369	908106	0.16756197996983613	0.1663712281094717	0.8324380200301639	0.8336287718905283
dataset_name-FR-FCM-Z2KP_healthy_final_seed-420_sub-sampling-1000	random	num-4	run0	5	CD8	CD8	30383	180586	150466	904939	0.1680020348467506	0.16635821376753185	0.8319979651532494	0.8336417862324682
dataset_name-FR-FCM-Z2KP_healthy_final_seed-420_sub-sampling-1000	random	num-4	run0	2	CD19	CD19	28976	181745	144137	911516	0.16738199904108877	0.16624118120009768	0.8326180009589113	0.8337588187999023
dataset_name-FR-FCM-Z2KP_healthy_final_seed-420_sub-sampling-1000	random	num-5	run0	2	CD19	CD19	26646	179199	132793	892595	0.16712347669014482	0.16719537523068798	0.8328765233098552	0.832804624769312
dataset_name-FR-FCM-Z2KP_healthy_final_seed-420_sub-sampling-1000	random	num-5	run0	5	CD8	CD8	30213	174826	152442	873752	0.16541019955654102	0.16672674803400414	0.834589800443459	0.8332732519659959
dataset_name-FR-FCM-Z2KP_healthy_final_seed-420_sub-sampling-1000	random	num-5	run0	4	CD4	CD4	110716	95001	550525	474991	0.16743668344824353	0.1666707602913725	0.8325633165517564	0.8333292397086275
dataset_name-FR-FCM-Z2KP_healthy_final_seed-420_sub-sampling-1000	random	num-5	run0	1	CD14 monocytes	CD14 monocytes	25642	179212	128652	897727	0.1661892231713482	0.16640868238591044	0.8338107768286518	0.8335913176140896
dataset_name-FR-FCM-Z2KP_healthy_final_seed-420_sub-sampling-1000	random	num-5	run0	3	CD3+	CD3+	12206	192504	61398	965125	0.16583337862072714	0.16629161847189383	0.8341666213792729	0.8337083815281061
dataset_name-FR-FCM-Z2KP_healthy_final_seed-420_sub-sampling-10000	cyanno	num-1	run0	4	CD4	CD4	685647	4357	753	655942	0.9989029720279721	0.006598525819363652	0.001097027972027972	0.9934014741806364
dataset_name-FR-FCM-Z2KP_healthy_final_seed-420_sub-sampling-10000	cyanno	num-1	run0	3	CD3+	CD3+	73661	8210	11036	1253792	0.8697002255097583	0.006505536441305164	0.1302997744902417	0.9934944635586949
dataset_name-FR-FCM-Z2KP_healthy_final_seed-420_sub-sampling-10000	cyanno	num-1	run0	5	CD8	CD8	191439	6566	7917	1140777	0.960287124541022	0.005722787344325106	0.039712875458977906	0.9942772126556749
dataset_name-FR-FCM-Z2KP_healthy_final_seed-420_sub-sampling-10000	cyanno	num-1	run0	2	CD19	CD19	174836	833	147	1170883	0.9991599183920724	7.109231247162281e-4	8.400816079276273e-4	0.9992890768752838
dataset_name-FR-FCM-Z2KP_healthy_final_seed-420_sub-sampling-10000	cyanno	num-1	run0	1	CD14 monocytes	CD14 monocytes	200957	193	306	1145243	0.9984796013176789	1.6849479150297353e-4	0.001520398682321142	0.9998315052084971
dataset_name-FR-FCM-Z2KP_healthy_final_seed-420_sub-sampling-10000	cyanno	num-2	run0	5	CD8	CD8	194771	10360	3421	1065809	0.9827389602002099	0.009626740781420019	0.0172610397997901	0.99037325921858
dataset_name-FR-FCM-Z2KP_healthy_final_seed-420_sub-sampling-10000	cyanno	num-2	run0	4	CD4	CD4	605869	3845	1704	662943	0.9971953987422087	0.005766450506007907	0.002804601257791245	0.9942335494939921
dataset_name-FR-FCM-Z2KP_healthy_final_seed-420_sub-sampling-10000	cyanno	num-2	run0	3	CD3+	CD3+	68480	4484	14401	1186996	0.8262448570842533	0.0037633867123241685	0.17375514291574667	0.9962366132876759
dataset_name-FR-FCM-Z2KP_healthy_final_seed-420_sub-sampling-10000	cyanno	num-2	run0	2	CD19	CD19	175030	1027	84	1098220	0.9995203124821544	9.342759179693008e-4	4.796875178455178e-4	0.9990657240820306
dataset_name-FR-FCM-Z2KP_healthy_final_seed-420_sub-sampling-10000	cyanno	num-2	run0	1	CD14 monocytes	CD14 monocytes	210230	265	371	1063495	0.9982383749364913	2.491163420320373e-4	0.0017616250635087204	0.9997508836579679
dataset_name-FR-FCM-Z2KP_healthy_final_seed-420_sub-sampling-10000	cyanno	num-3	run0	4	CD4	CD4	604674	11420	750	557649	0.9987611987631808	0.020067865232511348	0.0012388012368191549	0.9799321347674886
dataset_name-FR-FCM-Z2KP_healthy_final_seed-420_sub-sampling-10000	cyanno	num-3	run0	5	CD8	CD8	198258	7589	3294	965352	0.9836568230531079	0.007800061874255479	0.016343176946892118	0.9921999381257445
dataset_name-FR-FCM-Z2KP_healthy_final_seed-420_sub-sampling-10000	cyanno	num-3	run0	3	CD3+	CD3+	52758	3528	19086	1099121	0.7343410723233673	0.0031995675867841898	0.2656589276766327	0.9968004324132158
dataset_name-FR-FCM-Z2KP_healthy_final_seed-420_sub-sampling-10000	cyanno	num-3	run0	2	CD19	CD19	128772	492	90	1045139	0.999301578432742	4.705292784930822e-4	6.984215672579969e-4	0.9995294707215069
dataset_name-FR-FCM-Z2KP_healthy_final_seed-420_sub-sampling-10000	cyanno	num-3	run0	1	CD14 monocytes	CD14 monocytes	166755	247	56	1007435	0.9996642907242328	2.451170111205718e-4	3.357092757671856e-4	0.9997548829888794
dataset_name-FR-FCM-Z2KP_healthy_final_seed-420_sub-sampling-10000	cyanno	num-4	run0	5	CD8	CD8	178643	7394	2206	1078131	0.987801978446107	0.006811450680546279	0.012198021553893027	0.9931885493194538
dataset_name-FR-FCM-Z2KP_healthy_final_seed-420_sub-sampling-10000	cyanno	num-4	run0	4	CD4	CD4	668059	2038	1904	594373	0.9971580520118275	0.003417106659669255	0.002841947988172481	0.9965828933403308
dataset_name-FR-FCM-Z2KP_healthy_final_seed-420_sub-sampling-10000	cyanno	num-4	run0	3	CD3+	CD3+	55922	3642	9494	1197316	0.8548673107496637	0.003032578991105434	0.14513268925033632	0.9969674210088946
dataset_name-FR-FCM-Z2KP_healthy_final_seed-420_sub-sampling-10000	cyanno	num-4	run0	2	CD19	CD19	172891	756	222	1092505	0.998717600642355	6.915091638684633e-4	0.0012823993576450065	0.9993084908361315
dataset_name-FR-FCM-Z2KP_healthy_final_seed-420_sub-sampling-10000	cyanno	num-4	run0	1	CD14 monocytes	CD14 monocytes	176887	142	146	1089199	0.9991752950014969	1.3035403973595046e-4	8.24704998503104e-4	0.9998696459602641
dataset_name-FR-FCM-Z2KP_healthy_final_seed-420_sub-sampling-10000	cyanno	num-5	run0	5	CD8	CD8	180156	9006	2499	1039572	0.9863184692452985	0.008588774511767365	0.013681530754701486	0.9914112254882327
dataset_name-FR-FCM-Z2KP_healthy_final_seed-420_sub-sampling-10000	cyanno	num-5	run0	4	CD4	CD4	659588	2676	1653	567316	0.9975001550115616	0.0046948027340734605	0.002499844988438406	0.9953051972659266
dataset_name-FR-FCM-Z2KP_healthy_final_seed-420_sub-sampling-10000	cyanno	num-5	run0	3	CD3+	CD3+	61832	3736	11772	1153893	0.840063040052171	0.0032272861167092393	0.15993695994782892	0.9967727138832908
dataset_name-FR-FCM-Z2KP_healthy_final_seed-420_sub-sampling-10000	cyanno	num-5	run0	2	CD19	CD19	159201	634	238	1071160	0.9985072661017693	5.915315816285592e-4	0.0014927338982306713	0.9994084684183714
dataset_name-FR-FCM-Z2KP_healthy_final_seed-420_sub-sampling-10000	cyanno	num-5	run0	1	CD14 monocytes	CD14 monocytes	154097	307	197	1076632	0.9987232167161393	2.8506721364905533e-4	0.0012767832838606816	0.9997149327863509
dataset_name-FR-FCM-Z2KP_healthy_final_seed-420_sub-sampling-10000	cygate	num-1	run0	4	CD4	CD4	669781	27333	16619	632966	0.9757881701631702	0.04139488322714407	0.024211829836829835	0.958605116772856
dataset_name-FR-FCM-Z2KP_healthy_final_seed-420_sub-sampling-10000	cygate	num-1	run0	3	CD3+	CD3+	46445	24924	38252	1237078	0.5483665301014203	0.019749572504639455	0.45163346989857966	0.9802504274953605
dataset_name-FR-FCM-Z2KP_healthy_final_seed-420_sub-sampling-10000	cygate	num-1	run0	5	CD8	CD8	182280	8865	17076	1138478	0.9143441882862818	0.007726547335888222	0.08565581171371817	0.9922734526641118
dataset_name-FR-FCM-Z2KP_healthy_final_seed-420_sub-sampling-10000	cygate	num-1	run0	2	CD19	CD19	174030	4581	953	1167135	0.994553756650646	0.003909650461374599	0.005446243349353937	0.9960903495386254
dataset_name-FR-FCM-Z2KP_healthy_final_seed-420_sub-sampling-10000	cygate	num-1	run0	1	CD14 monocytes	CD14 monocytes	199892	1849	1371	1143587	0.9931880176684239	0.0016142324843989538	0.006811982331576097	0.998385767515601
dataset_name-FR-FCM-Z2KP_healthy_final_seed-420_sub-sampling-10000	cygate	num-2	run0	3	CD3+	CD3+	38505	82157	44376	1109323	0.46458174973757554	0.06895373820794307	0.5354182502624244	0.931046261792057
dataset_name-FR-FCM-Z2KP_healthy_final_seed-420_sub-sampling-10000	cygate	num-2	run0	4	CD4	CD4	576451	23898	31122	642890	0.9487765256191437	0.03584047703317996	0.05122347438085629	0.9641595229668201
dataset_name-FR-FCM-Z2KP_healthy_final_seed-420_sub-sampling-10000	cygate	num-2	run0	2	CD19	CD19	171399	4549	3715	1094698	0.9787852484667131	0.004138287391277848	0.021214751533286887	0.9958617126087221
dataset_name-FR-FCM-Z2KP_healthy_final_seed-420_sub-sampling-10000	cygate	num-2	run0	1	CD14 monocytes	CD14 monocytes	206287	3652	4314	1060108	0.9795157667817341	0.0034331052117018875	0.02048423321826582	0.9965668947882981
dataset_name-FR-FCM-Z2KP_healthy_final_seed-420_sub-sampling-10000	cygate	num-2	run0	5	CD8	CD8	103685	279	94507	1075890	0.5231543150076693	2.592529611984735e-4	0.47684568499233065	0.9997407470388016
dataset_name-FR-FCM-Z2KP_healthy_final_seed-420_sub-sampling-10000	cygate	num-3	run0	4	CD4	CD4	578542	21260	26882	547809	0.95559806020243665	0.0373592657480903	0.044401939797563364	0.9626407342519097
dataset_name-FR-FCM-Z2KP_healthy_final_seed-420_sub-sampling-10000	cygate	num-3	run0	3	CD3+	CD3+	21988	29600	49856	1073049	0.30605200155893325	0.02684444460567234	0.6939479984410668	0.9731555553943276
dataset_name-FR-FCM-Z2KP_healthy_final_seed-420_sub-sampling-10000	cygate	num-3	run0	5	CD8	CD8	156901	6822	44651	966119	0.7784641184408986	0.007011730413252191	0.22153588155910137	0.9929882695867478
dataset_name-FR-FCM-Z2KP_healthy_final_seed-420_sub-sampling-10000	cygate	num-3	run0	1	CD14 monocytes	CD14 monocytes	161829	3590	4982	1004092	0.9701338640737122	0.003562631862035841	0.029866135926287833	0.9964373681379641
dataset_name-FR-FCM-Z2KP_healthy_final_seed-420_sub-sampling-10000	cygate	num-3	run0	2	CD19	CD19	128519	2761	343	1042870	0.9973382378047834	0.0026405108494296746	0.0026617621952165884	0.9973594891505704
dataset_name-FR-FCM-Z2KP_healthy_final_seed-420_sub-sampling-10000	cygate	num-4	run0	5	CD8	CD8	176900	18278	3949	1067247	0.9781641037550663	0.016837935561134013	0.02183589624493362	0.983162064438866
dataset_name-FR-FCM-Z2KP_healthy_final_seed-420_sub-sampling-10000	cygate	num-4	run0	4	CD4	CD4	655118	6880	14845	589531	0.9778420599346531	0.011535669194565492	0.022157940065346892	0.9884643308054345
dataset_name-FR-FCM-Z2KP_healthy_final_seed-420_sub-sampling-10000	cygate	num-4	run0	3	CD3+	CD3+	37789	13216	27627	1187742	0.5776721291427174	0.011004548035818072	0.42232787085728263	0.9889954519641819
dataset_name-FR-FCM-Z2KP_healthy_final_seed-420_sub-sampling-10000	cygate	num-4	run0	1	CD14 monocytes	CD14 monocytes	177032	2969	1	1086372	0.9999943513356266	0.0027255010139157526	5.648664373308931e-6	0.9972744989860842
dataset_name-FR-FCM-Z2KP_healthy_final_seed-420_sub-sampling-10000	cygate	num-4	run0	2	CD19	CD19	171330	684	1783	1092577	0.9897003691230584	6.256511482619429e-4	0.01029963087694165	0.999374348851738
dataset_name-FR-FCM-Z2KP_healthy_final_seed-420_sub-sampling-10000	cygate	num-5	run0	3	CD3+	CD3+	51517	77877	22087	1079752	0.6999211999347862	0.06727284820957319	0.30007880006521387	0.9327271517904269
dataset_name-FR-FCM-Z2KP_healthy_final_seed-420_sub-sampling-10000	cygate	num-5	run0	1	CD14 monocytes	CD14 monocytes	151598	3118	2696	1073821	0.9825268642980285	0.002895242906051318	0.01747313570197156	0.9971047570939486
dataset_name-FR-FCM-Z2KP_healthy_final_seed-420_sub-sampling-10000	cygate	num-5	run0	2	CD19	CD19	159066	2801	373	1068993	0.9976605472939494	0.0026133753314536187	0.00233945270605059	0.9973866246685463
dataset_name-FR-FCM-Z2KP_healthy_final_seed-420_sub-sampling-10000	cygate	num-5	run0	4	CD4	CD4	629310	426	31931	569566	0.9517104958706433	7.473789105812012e-4	0.04828950412935677	0.9992526210894188
dataset_name-FR-FCM-Z2KP_healthy_final_seed-420_sub-sampling-10000	cygate	num-5	run0	5	CD8	CD8	91665	0	90990	1048578	0.5018477457501848	0	0.49815225424981524	1
dataset_name-FR-FCM-Z2KP_healthy_final_seed-420_sub-sampling-10000	dgcytof	num-1	run0	4	CD4	CD4	667225	21886	19175	638413	0.9720643939393939	0.03314559010387718	0.02793560606060606	0.9668544098961228
dataset_name-FR-FCM-Z2KP_healthy_final_seed-420_sub-sampling-10000	dgcytof	num-1	run0	5	CD8	CD8	175586	37654	23770	1109689	0.8807660667348863	0.03281843354602765	0.11923393326511367	0.9671815664539724
dataset_name-FR-FCM-Z2KP_healthy_final_seed-420_sub-sampling-10000	dgcytof	num-1	run0	3	CD3+	CD3+	28645	34994	56052	1227008	0.3382056035042563	0.027728957640320698	0.6617943964957437	0.9722710423596793
dataset_name-FR-FCM-Z2KP_healthy_final_seed-420_sub-sampling-10000	dgcytof	num-1	run0	2	CD19	CD19	168431	7369	6552	1164347	0.9625563626180829	0.00628906663389422	0.037443637381917104	0.9937109333661058
dataset_name-FR-FCM-Z2KP_healthy_final_seed-420_sub-sampling-10000	dgcytof	num-1	run0	1	CD14 monocytes	CD14 monocytes	197738	7171	3525	1138265	0.9824856034144378	0.006260498185843644	0.017514396585562173	0.9937395018141564
dataset_name-FR-FCM-Z2KP_healthy_final_seed-420_sub-sampling-10000	dgcytof	num-2	run0	4	CD4	CD4	592229	42990	15344	623798	0.9747454215378234	0.06447326586561246	0.02525457846217656	0.9355267341343876
dataset_name-FR-FCM-Z2KP_healthy_final_seed-420_sub-sampling-10000	dgcytof	num-2	run0	5	CD8	CD8	177051	37608	21141	1038561	0.8933307096149189	0.034946184103054445	0.10666929038508113	0.9650538158969455
dataset_name-FR-FCM-Z2KP_healthy_final_seed-420_sub-sampling-10000	dgcytof	num-2	run0	1	CD14 monocytes	CD14 monocytes	209855	29931	746	1033829	0.9964577566108423	0.02813698578626758	0.003542243389157696	0.9718630142137324
dataset_name-FR-FCM-Z2KP_healthy_final_seed-420_sub-sampling-10000	dgcytof	num-2	run0	3	CD3+	CD3+	9081	11599	73800	1179881	0.10956672820067326	0.009734951488904556	0.8904332717993267	0.9902650485110954
dataset_name-FR-FCM-Z2KP_healthy_final_seed-420_sub-sampling-10000	dgcytof	num-2	run0	2	CD19	CD19	162135	1882	12979	1097365	0.9258825679271788	0.001712081088235856	0.074117432072821135	0.9982879189117642
dataset_name-FR-FCM-Z2KP_healthy_final_seed-420_sub-sampling-10000	dgcytof	num-3	run0	4	CD4	CD4	600462	41613	4962	527456	0.9918040910172045	0.07312470016816941	0.008195908982795529	0.9268752998318306
dataset_name-FR-FCM-Z2KP_healthy_final_seed-420_sub-sampling-10000	dgcytof	num-3	run0	3	CD3+	CD3+	30690	74365	41154	1028284	0.42717554701854016	0.06744213253718999	0.5728244529814598	0.93255786746281
dataset_name-FR-FCM-Z2KP_healthy_final_seed-420_sub-sampling-10000	dgcytof	num-3	run0	5	CD8	CD8	119357	11376	82195	961565	0.592189608636977	0.011692384224737163	0.40781039136302294	0.9883076157752628
dataset_name-FR-FCM-Z2KP_healthy_final_seed-420_sub-sampling-10000	dgcytof	num-3	run0	1	CD14 monocytes	CD14 monocytes	164555	2889	2256	1004793	0.9864757120333791	0.0028669758912037726	0.013524287966620906	0.9971330241087962
dataset_name-FR-FCM-Z2KP_healthy_final_seed-420_sub-sampling-10000	dgcytof	num-3	run0	2	CD19	CD19	126588	2598	2274	1043033	0.9823532150672812	0.0024846241169207877	0.017646784932718724	0.9975153758830793
dataset_name-FR-FCM-Z2KP_healthy_final_seed-420_sub-sampling-10000	dgcytof	num-4	run0	5	CD8	CD8	178116	99376	2733	986149	0.9848879451918451	0.09154648672301421	0.01511205480815487	0.9084535132769858
dataset_name-FR-FCM-Z2KP_healthy_final_seed-420_sub-sampling-10000	dgcytof	num-4	run0	4	CD4	CD4	621153	22575	48810	573836	0.9271452304082465	0.037851414544668026	0.07285476959175358	0.962148585455332
dataset_name-FR-FCM-Z2KP_healthy_final_seed-420_sub-sampling-10000	dgcytof	num-4	run0	2	CD19	CD19	170394	4855	2719	1088406	0.9842934961556902	0.004440842580134112	0.015706503844309785	0.9955591574198659
dataset_name-FR-FCM-Z2KP_healthy_final_seed-420_sub-sampling-10000	dgcytof	num-4	run0	3	CD3+	CD3+	3100	1605	62316	1199353	0.04738901797725327	0.0013364330809237292	0.9526109820227467	0.9986635669190763
dataset_name-FR-FCM-Z2KP_healthy_final_seed-420_sub-sampling-10000	dgcytof	num-4	run0	1	CD14 monocytes	CD14 monocytes	163984	1216	13049	1088125	0.9262905785926917	0.0011162712135134912	0.07370942140730824	0.9988837287864865
dataset_name-FR-FCM-Z2KP_healthy_final_seed-420_sub-sampling-10000	dgcytof	num-5	run0	4	CD4	CD4	655700	45110	5541	524882	0.9916203018264143	0.07914146163454926	0.008379698173585727	0.9208585383654507
dataset_name-FR-FCM-Z2KP_healthy_final_seed-420_sub-sampling-10000	dgcytof	num-5	run0	5	CD8	CD8	161687	30768	20968	1017810	0.8852043469929649	0.02934259540062828	0.11479565300703512	0.9706574045993718
dataset_name-FR-FCM-Z2KP_healthy_final_seed-420_sub-sampling-10000	dgcytof	num-5	run0	3	CD3+	CD3+	22050	21255	51554	1136374	0.29957610999402207	0.01836080471377272	0.7004238900059779	0.9816391952862272
dataset_name-FR-FCM-Z2KP_healthy_final_seed-420_sub-sampling-10000	dgcytof	num-5	run0	2	CD19	CD19	157354	6846	2085	1064948	0.986922898412559	0.006387421463452865	0.013077101587440965	0.9936125785365472
dataset_name-FR-FCM-Z2KP_healthy_final_seed-420_sub-sampling-10000	dgcytof	num-5	run0	1	CD14 monocytes	CD14 monocytes	129034	1429	25260	1075510	0.8362865697953258	0.001326908952131922	0.1637134302046742	0.9986730910478681
dataset_name-FR-FCM-Z2KP_healthy_final_seed-420_sub-sampling-10000	gatemeclass	num-1	run0	5	CD8	CD8	159328	443187	40028	704156	0.799213467364915	0.38627245732095805	0.20078653263508497	0.613727542679042
dataset_name-FR-FCM-Z2KP_healthy_final_seed-420_sub-sampling-10000	gatemeclass	num-1	run0	3	CD3+	CD3+	13688	227819	71009	1034183	0.1616113911944933	0.18052190091616335	0.8383886088055067	0.8194780990838366
dataset_name-FR-FCM-Z2KP_healthy_final_seed-420_sub-sampling-10000	gatemeclass	num-1	run0	4	CD4	CD4	125852	21579	560548	638720	0.18335081585081586	0.03268064922103471	0.8166491841491842	0.9673193507789652
dataset_name-FR-FCM-Z2KP_healthy_final_seed-420_sub-sampling-10000	gatemeclass	num-1	run0	1	CD14 monocytes	CD14 monocytes	182104	4178	19159	1141258	0.9048061491680041	0.003647519372535873	0.09519385083199594	0.9963524806274642
dataset_name-FR-FCM-Z2KP_healthy_final_seed-420_sub-sampling-10000	gatemeclass	num-1	run0	2	CD19	CD19	164916	4047	10067	1167669	0.9424686969591332	0.0034539086263224196	0.05753130304086683	0.9965460913736776
dataset_name-FR-FCM-Z2KP_healthy_final_seed-420_sub-sampling-10000	gatemeclass	num-2	run0	5	CD8	CD8	156687	491001	41505	585168	0.7905818600145313	0.4562489720480705	0.20941813998546863	0.5437510279519295
dataset_name-FR-FCM-Z2KP_healthy_final_seed-420_sub-sampling-10000	gatemeclass	num-2	run0	4	CD4	CD4	287964	75566	319609	591222	0.47395786185363736	0.11332837423588907	0.5260421381463627	0.886671625764111
dataset_name-FR-FCM-Z2KP_healthy_final_seed-420_sub-sampling-10000	gatemeclass	num-2	run0	3	CD3+	CD3+	1538	72740	81343	1118740	0.018556725908229873	0.061050122536677076	0.9814432740917701	0.9389498774633229
dataset_name-FR-FCM-Z2KP_healthy_final_seed-420_sub-sampling-10000	gatemeclass	num-2	run0	2	CD19	CD19	162978	4106	12136	1095141	0.9306965748027	0.003735284244578334	0.06930342519730004	0.9962647157554216
dataset_name-FR-FCM-Z2KP_healthy_final_seed-420_sub-sampling-10000	gatemeclass	num-2	run0	1	CD14 monocytes	CD14 monocytes	21627	151	188974	1063609	0.10269182007682774	1.41949311874859e-4	0.8973081799231722	0.9998580506881252
dataset_name-FR-FCM-Z2KP_healthy_final_seed-420_sub-sampling-10000	gatemeclass	num-3	run0	1	CD14 monocytes	CD14 monocytes	158665	17778	8146	989904	0.9511662899928662	0.01764247054130172	0.048833710007133824	0.9823575294586983
dataset_name-FR-FCM-Z2KP_healthy_final_seed-420_sub-sampling-10000	gatemeclass	num-3	run0	2	CD19	CD19	125421	12057	3441	1033574	0.9732970154118359	0.011530836404046934	0.026702984588164082	0.988469163595953
dataset_name-FR-FCM-Z2KP_healthy_final_seed-420_sub-sampling-10000	gatemeclass	num-3	run0	3	CD3+	CD3+	1	85	71843	1102564	1.3919046823673514e-5	7.70870875500726e-5	0.9999860809531763	0.99992291291245
dataset_name-FR-FCM-Z2KP_healthy_final_seed-420_sub-sampling-10000	gatemeclass	num-3	run0	4	CD4	CD4	0	0	605424	569069	0	0	1	1
dataset_name-FR-FCM-Z2KP_healthy_final_seed-420_sub-sampling-10000	gatemeclass	num-3	run0	5	CD8	CD8	0	0	201552	972941	0	0	1	1
dataset_name-FR-FCM-Z2KP_healthy_final_seed-420_sub-sampling-10000	gatemeclass	num-4	run0	4	CD4	CD4	537213	186042	132750	410369	0.8018547292910205	0.31193589655455717	0.19814527070897944	0.6880641034454428
dataset_name-FR-FCM-Z2KP_healthy_final_seed-420_sub-sampling-10000	gatemeclass	num-4	run0	3	CD3+	CD3+	10231	129342	55185	1071616	0.15639904610492847	0.10769902028214143	0.8436009538950715	0.8923009797178586
dataset_name-FR-FCM-Z2KP_healthy_final_seed-420_sub-sampling-10000	gatemeclass	num-4	run0	5	CD8	CD8	23317	52290	157532	1033235	0.12893076544520568	0.048170240206351765	0.8710692345547943	0.9518297597936483
dataset_name-FR-FCM-Z2KP_healthy_final_seed-420_sub-sampling-10000	gatemeclass	num-4	run0	2	CD19	CD19	165481	4127	7632	1089134	0.9559131896506906	0.003774944866779296	0.04408681034930941	0.9962250551332207
dataset_name-FR-FCM-Z2KP_healthy_final_seed-420_sub-sampling-10000	gatemeclass	num-4	run0	1	CD14 monocytes	CD14 monocytes	155090	3241	21943	1086100	0.8760513576564821	0.0029751932590437705	0.12394864234351788	0.9970248067409563
dataset_name-FR-FCM-Z2KP_healthy_final_seed-420_sub-sampling-10000	gatemeclass	num-5	run0	1	CD14 monocytes	CD14 monocytes	146881	13070	7413	1063869	0.9519553579529988	0.01213624912831646	0.04804464204700118	0.9878637508716835
dataset_name-FR-FCM-Z2KP_healthy_final_seed-420_sub-sampling-10000	gatemeclass	num-5	run0	2	CD19	CD19	155232	11148	4207	1060646	0.9736137331518637	0.010401252479487663	0.02638626684813628	0.9895987475205124
dataset_name-FR-FCM-Z2KP_healthy_final_seed-420_sub-sampling-10000	gatemeclass	num-5	run0	3	CD3+	CD3+	1	104	73603	1157525	1.3586218140318461e-5	8.983879982274114e-5	0.9999864137818597	0.9999101612001773
dataset_name-FR-FCM-Z2KP_healthy_final_seed-420_sub-sampling-10000	gatemeclass	num-5	run0	4	CD4	CD4	0	0	661241	569992	0	0	1	1
dataset_name-FR-FCM-Z2KP_healthy_final_seed-420_sub-sampling-10000	gatemeclass	num-5	run0	5	CD8	CD8	0	0	182655	1048578	0	0	1	1
dataset_name-FR-FCM-Z2KP_healthy_final_seed-420_sub-sampling-10000	knn	num-1	run0	3	CD3+	CD3+	23033	195292	61664	1066710	0.27194587765800443	0.1547477737753189	0.7280541223419956	0.8452522262246811
dataset_name-FR-FCM-Z2KP_healthy_final_seed-420_sub-sampling-10000	knn	num-1	run0	4	CD4	CD4	408647	85233	277753	575066	0.5953481934731935	0.1290824308381506	0.40465180652680655	0.8709175691618494
dataset_name-FR-FCM-Z2KP_healthy_final_seed-420_sub-sampling-10000	knn	num-1	run0	5	CD8	CD8	114901	127838	84455	1019505	0.5763608820401693	0.11142090900454354	0.42363911795983067	0.8885790909954565
dataset_name-FR-FCM-Z2KP_healthy_final_seed-420_sub-sampling-10000	knn	num-1	run0	1	CD14 monocytes	CD14 monocytes	173206	86292	28057	1059144	0.8605953404252148	0.0753355054319927	0.13940465957478523	0.9246644945680073
dataset_name-FR-FCM-Z2KP_healthy_final_seed-420_sub-sampling-10000	knn	num-1	run0	2	CD19	CD19	94414	37843	80569	1133873	0.539560985924347	0.03229707540052368	0.4604390140756531	0.9677029245994764
dataset_name-FR-FCM-Z2KP_healthy_final_seed-420_sub-sampling-10000	knn	num-2	run0	4	CD4	CD4	391395	108164	216178	558624	0.6441941955946034	0.16221647660125857	0.35580580440539655	0.8377835233987414
dataset_name-FR-FCM-Z2KP_healthy_final_seed-420_sub-sampling-10000	knn	num-2	run0	3	CD3+	CD3+	23327	127436	59554	1064044	0.2814517199358116	0.10695605465471514	0.7185482800641884	0.8930439453452849
dataset_name-FR-FCM-Z2KP_healthy_final_seed-420_sub-sampling-10000	knn	num-2	run0	2	CD19	CD19	98530	90742	76584	1008505	0.5626620373014151	0.08254923597699153	0.43733796269858494	0.9174507640230085
dataset_name-FR-FCM-Z2KP_healthy_final_seed-420_sub-sampling-10000	knn	num-2	run0	5	CD8	CD8	98555	78430	99637	997739	0.49727032372648744	0.07287888798134866	0.5027296762735125	0.9271211120186513
dataset_name-FR-FCM-Z2KP_healthy_final_seed-420_sub-sampling-10000	knn	num-2	run0	1	CD14 monocytes	CD14 monocytes	184601	73181	26000	990579	0.8765437960883377	0.06879465292923216	0.12345620391166234	0.9312053470707679
dataset_name-FR-FCM-Z2KP_healthy_final_seed-420_sub-sampling-10000	knn	num-3	run0	4	CD4	CD4	361457	93433	243967	475636	0.5970311715425883	0.1641857138589521	0.40296882845741167	0.8358142861410479
dataset_name-FR-FCM-Z2KP_healthy_final_seed-420_sub-sampling-10000	knn	num-3	run0	2	CD19	CD19	81138	164960	47724	880671	0.6296503236019928	0.1577611987402822	0.37034967639800714	0.8422388012597178
dataset_name-FR-FCM-Z2KP_healthy_final_seed-420_sub-sampling-10000	knn	num-3	run0	3	CD3+	CD3+	19408	105864	52436	996785	0.27014086075385557	0.09600879336942218	0.7298591392461444	0.9039912066305779
dataset_name-FR-FCM-Z2KP_healthy_final_seed-420_sub-sampling-10000	knn	num-3	run0	5	CD8	CD8	97879	53219	103673	919722	0.4856265380646186	0.054699103028857866	0.5143734619353815	0.9453008969711422
dataset_name-FR-FCM-Z2KP_healthy_final_seed-420_sub-sampling-10000	knn	num-3	run0	1	CD14 monocytes	CD14 monocytes	142033	55102	24778	952580	0.851460635090012	0.05468193338771557	0.14853936490998795	0.9453180666122845
dataset_name-FR-FCM-Z2KP_healthy_final_seed-420_sub-sampling-10000	knn	num-4	run0	3	CD3+	CD3+	19179	205514	46237	995444	0.2931851534792711	0.1711250518336195	0.7068148465207289	0.8288749481663805
dataset_name-FR-FCM-Z2KP_healthy_final_seed-420_sub-sampling-10000	knn	num-4	run0	4	CD4	CD4	381737	92495	288226	503916	0.5697881823324572	0.15508600612664755	0.43021181766754285	0.8449139938733524
dataset_name-FR-FCM-Z2KP_healthy_final_seed-420_sub-sampling-10000	knn	num-4	run0	2	CD19	CD19	117611	149598	55502	943663	0.6793886074413822	0.13683649192644756	0.32061139255861776	0.8631635080735525
dataset_name-FR-FCM-Z2KP_healthy_final_seed-420_sub-sampling-10000	knn	num-4	run0	5	CD8	CD8	80594	71849	100255	1013676	0.4456424973320284	0.06618824992515142	0.5543575026679716	0.9338117500748486
dataset_name-FR-FCM-Z2KP_healthy_final_seed-420_sub-sampling-10000	knn	num-4	run0	1	CD14 monocytes	CD14 monocytes	136226	11571	40807	1077770	0.7694949529183824	0.010622018266089314	0.23050504708161756	0.9893779817339107
dataset_name-FR-FCM-Z2KP_healthy_final_seed-420_sub-sampling-10000	knn	num-5	run0	3	CD3+	CD3+	26498	247332	47106	910297	0.36000760828215855	0.21365394267075202	0.6399923917178414	0.786346057329248
dataset_name-FR-FCM-Z2KP_healthy_final_seed-420_sub-sampling-10000	knn	num-5	run0	4	CD4	CD4	341994	105271	319247	464721	0.5172002341052657	0.1846885570323794	0.4827997658947343	0.8153114429676206
dataset_name-FR-FCM-Z2KP_healthy_final_seed-420_sub-sampling-10000	knn	num-5	run0	2	CD19	CD19	77048	138691	82391	933103	0.4832443755919192	0.12940079903414275	0.5167556244080809	0.8705992009658572
dataset_name-FR-FCM-Z2KP_healthy_final_seed-420_sub-sampling-10000	knn	num-5	run0	5	CD8	CD8	98314	81280	84341	967298	0.5382497057293806	0.07751450059032328	0.4617502942706195	0.9224854994096767
dataset_name-FR-FCM-Z2KP_healthy_final_seed-420_sub-sampling-10000	knn	num-5	run0	1	CD14 monocytes	CD14 monocytes	103101	11704	51193	1065235	0.6682113367985794	0.010867839311233042	0.33178866320142064	0.989132160688767
dataset_name-FR-FCM-Z2KP_healthy_final_seed-420_sub-sampling-10000	lda	num-1	run0	5	CD8	CD8	170533	35463	28823	1111880	0.855419450631032	0.030908804080383982	0.14458054936896808	0.969091195919616
dataset_name-FR-FCM-Z2KP_healthy_final_seed-420_sub-sampling-10000	lda	num-1	run0	3	CD3+	CD3+	29197	33203	55500	1228799	0.3447229535874942	0.026309783978155345	0.6552770464125057	0.9736902160218447
dataset_name-FR-FCM-Z2KP_healthy_final_seed-420_sub-sampling-10000	lda	num-1	run0	4	CD4	CD4	662361	10154	24039	650145	0.9649781468531469	0.01537788183837928	0.035021853146853146	0.9846221181616207
dataset_name-FR-FCM-Z2KP_healthy_final_seed-420_sub-sampling-10000	lda	num-1	run0	2	CD19	CD19	173396	3274	1587	1168442	0.9909305475389037	0.002794192449364863	0.00906945246109622	0.9972058075506351
dataset_name-FR-FCM-Z2KP_healthy_final_seed-420_sub-sampling-10000	lda	num-1	run0	1	CD14 monocytes	CD14 monocytes	196492	1866	4771	1143570	0.9762946989759668	0.00162907399453134	0.023705301024033232	0.9983709260054686
dataset_name-FR-FCM-Z2KP_healthy_final_seed-420_sub-sampling-10000	lda	num-2	run0	4	CD4	CD4	588038	31263	19535	635525	0.9678474849935728	0.04688596675405076	0.03215251500642721	0.9531140332459492
dataset_name-FR-FCM-Z2KP_healthy_final_seed-420_sub-sampling-10000	lda	num-2	run0	3	CD3+	CD3+	25911	34635	56970	1156845	0.3126289499402758	0.029068889112700173	0.6873710500597242	0.9709311108872998
dataset_name-FR-FCM-Z2KP_healthy_final_seed-420_sub-sampling-10000	lda	num-2	run0	5	CD8	CD8	127830	15836	70362	1060333	0.6449806248486316	0.01471516090874203	0.3550193751513684	0.985284839091258
dataset_name-FR-FCM-Z2KP_healthy_final_seed-420_sub-sampling-10000	lda	num-2	run0	2	CD19	CD19	170857	6120	4257	1093127	0.9756901218634718	0.005567447534539553	0.024309878136528205	0.9944325524654605
dataset_name-FR-FCM-Z2KP_healthy_final_seed-420_sub-sampling-10000	lda	num-2	run0	1	CD14 monocytes	CD14 monocytes	200881	1221	9720	1062539	0.9538463729991785	0.0011478152966834625	0.04615362700082146	0.9988521847033165
dataset_name-FR-FCM-Z2KP_healthy_final_seed-420_sub-sampling-10000	lda	num-3	run0	4	CD4	CD4	600415	44091	5009	524978	0.9917264594730305	0.07747918090776339	0.008273540526969528	0.9225208190922366
dataset_name-FR-FCM-Z2KP_healthy_final_seed-420_sub-sampling-10000	lda	num-3	run0	3	CD3+	CD3+	20510	36987	51334	1065662	0.2854796503535438	0.03354376596722983	0.7145203496464562	0.9664562340327701
dataset_name-FR-FCM-Z2KP_healthy_final_seed-420_sub-sampling-10000	lda	num-3	run0	5	CD8	CD8	120734	11720	80818	961221	0.5990215924426451	0.012045951398902913	0.4009784075573549	0.987954048601097
dataset_name-FR-FCM-Z2KP_healthy_final_seed-420_sub-sampling-10000	lda	num-3	run0	1	CD14 monocytes	CD14 monocytes	156065	1828	10746	1005854	0.9355797879036755	0.0018140643576048793	0.06442021209632458	0.9981859356423951
dataset_name-FR-FCM-Z2KP_healthy_final_seed-420_sub-sampling-10000	lda	num-3	run0	2	CD19	CD19	125396	1708	3466	1043923	0.9731030094209309	0.0016334634302158219	0.02689699057906908	0.9983665365697841
dataset_name-FR-FCM-Z2KP_healthy_final_seed-420_sub-sampling-10000	lda	num-4	run0	4	CD4	CD4	655814	95751	14149	500660	0.9788809232748674	0.16054532864081983	0.021119076725132583	0.8394546713591802
dataset_name-FR-FCM-Z2KP_healthy_final_seed-420_sub-sampling-10000	lda	num-4	run0	5	CD8	CD8	120634	18314	60215	1067211	0.6670426709575391	0.016871099237696047	0.33295732904246084	0.983128900762304
dataset_name-FR-FCM-Z2KP_healthy_final_seed-420_sub-sampling-10000	lda	num-4	run0	3	CD3+	CD3+	16726	17223	48690	1183735	0.2556866821572704	0.014341051060903045	0.7443133178427296	0.985658948939097
dataset_name-FR-FCM-Z2KP_healthy_final_seed-420_sub-sampling-10000	lda	num-4	run0	2	CD19	CD19	161269	4134	11844	1089127	0.931582261297534	0.003781347729407708	0.06841773870246602	0.9962186522705923
dataset_name-FR-FCM-Z2KP_healthy_final_seed-420_sub-sampling-10000	lda	num-4	run0	1	CD14 monocytes	CD14 monocytes	131120	344	45913	1088997	0.7406528726282671	3.157872511913166e-4	0.25934712737173293	0.9996842127488087
dataset_name-FR-FCM-Z2KP_healthy_final_seed-420_sub-sampling-10000	lda	num-5	run0	4	CD4	CD4	652091	86950	9150	483042	0.9861623825503864	0.1525460006456231	0.013837617449613681	0.8474539993543769
dataset_name-FR-FCM-Z2KP_healthy_final_seed-420_sub-sampling-10000	lda	num-5	run0	5	CD8	CD8	139314	21092	43341	1027486	0.7627165968629384	0.020114860315589303	0.23728340313706167	0.9798851396844107
dataset_name-FR-FCM-Z2KP_healthy_final_seed-420_sub-sampling-10000	lda	num-5	run0	3	CD3+	CD3+	15340	13388	58264	1144241	0.20841258627248518	0.011565017807950561	0.7915874137275148	0.9884349821920494
dataset_name-FR-FCM-Z2KP_healthy_final_seed-420_sub-sampling-10000	lda	num-5	run0	2	CD19	CD19	141295	2027	18144	1069767	0.886200992229003	0.0018912216340080277	0.11379900777099705	0.998108778365992
dataset_name-FR-FCM-Z2KP_healthy_final_seed-420_sub-sampling-10000	lda	num-5	run0	1	CD14 monocytes	CD14 monocytes	109848	909	44446	1076030	0.7119395439874525	8.440589485569749e-4	0.2880604560125475	0.999155941051443
dataset_name-FR-FCM-Z2KP_healthy_final_seed-420_sub-sampling-10000	random	num-1	run0	2	CD19	CD19	29307	195861	145676	975855	0.16748484138459166	0.1671573999160206	0.8325151586154084	0.8328426000839794
dataset_name-FR-FCM-Z2KP_healthy_final_seed-420_sub-sampling-10000	random	num-1	run0	1	CD14 monocytes	CD14 monocytes	33580	190822	167683	954614	0.16684636520373838	0.16659333214601252	0.8331536347962616	0.8334066678539874
dataset_name-FR-FCM-Z2KP_healthy_final_seed-420_sub-sampling-10000	random	num-1	run0	3	CD3+	CD3+	14069	210213	70628	1051789	0.16610977956716294	0.1665710513929455	0.833890220432837	0.8334289486070545
dataset_name-FR-FCM-Z2KP_healthy_final_seed-420_sub-sampling-10000	random	num-1	run0	4	CD4	CD4	114202	109764	572198	550535	0.16637820512820511	0.16623378196847186	0.8336217948717949	0.8337662180315282
dataset_name-FR-FCM-Z2KP_healthy_final_seed-420_sub-sampling-10000	random	num-1	run0	5	CD8	CD8	33247	190644	166109	956699	0.16677200585886554	0.16616129614247876	0.8332279941411345	0.8338387038575212
dataset_name-FR-FCM-Z2KP_healthy_final_seed-420_sub-sampling-10000	random	num-2	run0	2	CD19	CD19	29190	183598	145924	915649	0.16669141245131744	0.1670216066088877	0.8333085875486825	0.8329783933911122
dataset_name-FR-FCM-Z2KP_healthy_final_seed-420_sub-sampling-10000	random	num-2	run0	5	CD8	CD8	33274	179697	164918	896472	0.16788770485186083	0.16697842067556304	0.8321122951481392	0.833021579324437
dataset_name-FR-FCM-Z2KP_healthy_final_seed-420_sub-sampling-10000	random	num-2	run0	4	CD4	CD4	100762	111087	506811	555701	0.1658434459727473	0.16660017876746433	0.8341565540272526	0.8333998212325356
dataset_name-FR-FCM-Z2KP_healthy_final_seed-420_sub-sampling-10000	random	num-2	run0	3	CD3+	CD3+	13953	198410	68928	993070	0.16834980272921418	0.16652398697418336	0.8316501972707858	0.8334760130258166
dataset_name-FR-FCM-Z2KP_healthy_final_seed-420_sub-sampling-10000	random	num-2	run0	1	CD14 monocytes	CD14 monocytes	35022	177139	175579	886621	0.16629550666900916	0.16652158381589832	0.8337044933309908	0.8334784161841017
dataset_name-FR-FCM-Z2KP_healthy_final_seed-420_sub-sampling-10000	random	num-3	run0	1	CD14 monocytes	CD14 monocytes	27697	168856	139114	838826	0.1660382109093525	0.1675687369626529	0.8339617890906476	0.832431263037347
dataset_name-FR-FCM-Z2KP_healthy_final_seed-420_sub-sampling-10000	random	num-3	run0	5	CD8	CD8	33775	162217	167777	810724	0.167574620941494	0.1667285066617606	0.832425379058506	0.8332714933382395
dataset_name-FR-FCM-Z2KP_healthy_final_seed-420_sub-sampling-10000	random	num-3	run0	3	CD3+	CD3+	12010	183774	59834	918875	0.16716775235231893	0.16666591091090638	0.832832247647681	0.8333340890890937
dataset_name-FR-FCM-Z2KP_healthy_final_seed-420_sub-sampling-10000	random	num-3	run0	2	CD19	CD19	21463	174069	107399	871562	0.16655802331175987	0.1664726849146592	0.8334419766882402	0.8335273150853408
dataset_name-FR-FCM-Z2KP_healthy_final_seed-420_sub-sampling-10000	random	num-3	run0	4	CD4	CD4	100601	94522	504823	474547	0.16616619096699173	0.16609936580625548	0.8338338090330083	0.8339006341937445
dataset_name-FR-FCM-Z2KP_healthy_final_seed-420_sub-sampling-10000	random	num-4	run0	3	CD3+	CD3+	10849	200726	54567	1000232	0.1658462761403938	0.16713823464267694	0.8341537238596062	0.832861765357323
dataset_name-FR-FCM-Z2KP_healthy_final_seed-420_sub-sampling-10000	random	num-4	run0	5	CD8	CD8	30445	181306	150404	904219	0.16834486228842846	0.16702148729877248	0.8316551377115715	0.8329785127012275
dataset_name-FR-FCM-Z2KP_healthy_final_seed-420_sub-sampling-10000	random	num-4	run0	2	CD19	CD19	28489	182410	144624	910851	0.16456880765742607	0.1668494531497968	0.8354311923425739	0.8331505468502032
dataset_name-FR-FCM-Z2KP_healthy_final_seed-420_sub-sampling-10000	random	num-4	run0	1	CD14 monocytes	CD14 monocytes	29673	181296	147360	908045	0.1676128179491959	0.16642722526738643	0.8323871820508041	0.8335727747326136
dataset_name-FR-FCM-Z2KP_healthy_final_seed-420_sub-sampling-10000	random	num-4	run0	4	CD4	CD4	111538	98921	558425	497490	0.16648382074830997	0.16586045529006005	0.83351617925169	0.83413954470994
dataset_name-FR-FCM-Z2KP_healthy_final_seed-420_sub-sampling-10000	random	num-5	run0	5	CD8	CD8	30296	175549	152359	873029	0.1658646081410309	0.16741625324963905	0.8341353918589691	0.832583746750361
dataset_name-FR-FCM-Z2KP_healthy_final_seed-420_sub-sampling-10000	random	num-5	run0	2	CD19	CD19	26502	179215	132937	892579	0.16622030996180356	0.16721030347249566	0.8337796900381964	0.8327896965275043
dataset_name-FR-FCM-Z2KP_healthy_final_seed-420_sub-sampling-10000	random	num-5	run0	3	CD3+	CD3+	12246	192822	61358	964807	0.16637682734633988	0.16656631787904416	0.8336231726536601	0.8334336821209558
dataset_name-FR-FCM-Z2KP_healthy_final_seed-420_sub-sampling-10000	random	num-5	run0	1	CD14 monocytes	CD14 monocytes	25901	179138	128393	897801	0.16786783672728686	0.16633996911617094	0.8321321632727131	0.8336600308838291
dataset_name-FR-FCM-Z2KP_healthy_final_seed-420_sub-sampling-10000	random	num-5	run0	4	CD4	CD4	110420	94434	550821	475558	0.16698904030451833	0.16567600948785247	0.8330109596954817	0.8343239905121476
dataset_name-FR-FCM-Z2KP_healthy_final_seed-420_sub-sampling-100000	cyanno	num-1	run0	3	CD3+	CD3+	77971	7448	6726	1254554	0.9205875060509817	0.005901733911673674	0.07941249394901827	0.9940982660883263
dataset_name-FR-FCM-Z2KP_healthy_final_seed-420_sub-sampling-100000	cyanno	num-1	run0	5	CD8	CD8	192622	5049	6734	1142294	0.9662212323682257	0.004400602086734307	0.033778767631774315	0.9955993979132657
dataset_name-FR-FCM-Z2KP_healthy_final_seed-420_sub-sampling-100000	cyanno	num-1	run0	4	CD4	CD4	685575	1709	825	658590	0.9987980769230769	0.0025882213966702964	0.001201923076923077	0.9974117786033297
dataset_name-FR-FCM-Z2KP_healthy_final_seed-420_sub-sampling-100000	cyanno	num-1	run0	2	CD19	CD19	174870	230	113	1171486	0.9993542229816611	1.962932997415756e-4	6.457770183389244e-4	0.9998037067002584
dataset_name-FR-FCM-Z2KP_healthy_final_seed-420_sub-sampling-100000	cyanno	num-1	run0	1	CD14 monocytes	CD14 monocytes	201177	48	86	1145388	0.9995726984095438	4.190544037379653e-5	4.2730159045626867e-4	0.9999580945596263
dataset_name-FR-FCM-Z2KP_healthy_final_seed-420_sub-sampling-100000	cyanno	num-2	run0	5	CD8	CD8	195267	6963	2925	1069206	0.9852415839186244	0.006470173364964053	0.014758416081375635	0.993529826635036
dataset_name-FR-FCM-Z2KP_healthy_final_seed-420_sub-sampling-100000	cyanno	num-2	run0	4	CD4	CD4	606939	2615	634	664173	0.9989565039921129	0.003921786234905247	0.0010434960078871181	0.9960782137650948
dataset_name-FR-FCM-Z2KP_healthy_final_seed-420_sub-sampling-100000	cyanno	num-2	run0	3	CD3+	CD3+	73387	3411	9494	1188069	0.885450223814867	0.00286282606506194	0.1145497761851329	0.9971371739349381
dataset_name-FR-FCM-Z2KP_healthy_final_seed-420_sub-sampling-100000	cyanno	num-2	run0	2	CD19	CD19	174953	193	161	1099054	0.9990805989241294	1.7557473434087151e-4	9.194010758705757e-4	0.9998244252656592
dataset_name-FR-FCM-Z2KP_healthy_final_seed-420_sub-sampling-100000	cyanno	num-2	run0	1	CD14 monocytes	CD14 monocytes	210568	65	33	1063695	0.9998433055873429	6.110400842295255e-5	1.566944126571099e-4	0.999938895991577
dataset_name-FR-FCM-Z2KP_healthy_final_seed-420_sub-sampling-100000	cyanno	num-3	run0	5	CD8	CD8	198662	4162	2890	968779	0.9856612685560054	0.004277751682784465	0.014338731443994602	0.9957222483172156
dataset_name-FR-FCM-Z2KP_healthy_final_seed-420_sub-sampling-100000	cyanno	num-3	run0	4	CD4	CD4	605030	1717	394	567352	0.9993492164169243	0.003017208809476531	6.507835830756627e-4	0.9969827911905235
dataset_name-FR-FCM-Z2KP_healthy_final_seed-420_sub-sampling-100000	cyanno	num-3	run0	3	CD3+	CD3+	66005	3170	5839	1099479	0.9187266855965703	0.002874894912161531	0.08127331440342965	0.9971251050878385
dataset_name-FR-FCM-Z2KP_healthy_final_seed-420_sub-sampling-100000	cyanno	num-3	run0	2	CD19	CD19	128710	134	152	1045497	0.9988204435752976	1.2815228316681506e-4	0.0011795564247023948	0.9998718477168332
dataset_name-FR-FCM-Z2KP_healthy_final_seed-420_sub-sampling-100000	cyanno	num-3	run0	1	CD14 monocytes	CD14 monocytes	166804	99	7	1007583	0.9999580363405292	9.824527976087695e-5	4.19636594708982e-5	0.9999017547202391
dataset_name-FR-FCM-Z2KP_healthy_final_seed-420_sub-sampling-100000	cyanno	num-4	run0	5	CD8	CD8	179176	5544	1673	1079981	0.9907491885495634	0.005107206190552958	0.009250811450436552	0.9948927938094471
dataset_name-FR-FCM-Z2KP_healthy_final_seed-420_sub-sampling-100000	cyanno	num-4	run0	4	CD4	CD4	668909	1313	1054	595098	0.9984267787922617	0.002201501984369839	0.0015732212077383377	0.9977984980156301
dataset_name-FR-FCM-Z2KP_healthy_final_seed-420_sub-sampling-100000	cyanno	num-4	run0	3	CD3+	CD3+	58539	2501	6877	1198457	0.894872813990461	0.0020825041341995306	0.10512718600953895	0.9979174958658005
dataset_name-FR-FCM-Z2KP_healthy_final_seed-420_sub-sampling-100000	cyanno	num-4	run0	2	CD19	CD19	172961	305	152	1092956	0.999121960800171	2.789818716665096e-4	8.780391998290134e-4	0.9997210181283335
dataset_name-FR-FCM-Z2KP_healthy_final_seed-420_sub-sampling-100000	cyanno	num-4	run0	1	CD14 monocytes	CD14 monocytes	177019	107	14	1089234	0.9999209186987736	9.822452289962464e-5	7.908130122632504e-5	0.9999017754771004
dataset_name-FR-FCM-Z2KP_healthy_final_seed-420_sub-sampling-100000	cyanno	num-5	run0	5	CD8	CD8	180695	6258	1960	1042320	0.9892693876433714	0.005968082488856337	0.010730612356628616	0.9940319175111436
dataset_name-FR-FCM-Z2KP_healthy_final_seed-420_sub-sampling-100000	cyanno	num-5	run0	4	CD4	CD4	659994	1696	1247	568296	0.9981141520262657	0.002975480357619054	0.001885847973734236	0.9970245196423809
dataset_name-FR-FCM-Z2KP_healthy_final_seed-420_sub-sampling-100000	cyanno	num-5	run0	3	CD3+	CD3+	65603	2992	8001	1154637	0.891296668659312	0.002584593164131168	0.108703331340688	0.9974154068358688
dataset_name-FR-FCM-Z2KP_healthy_final_seed-420_sub-sampling-100000	cyanno	num-5	run0	2	CD19	CD19	159342	307	97	1071487	0.9993916168566035	2.864356396844916e-4	6.083831433965341e-4	0.9997135643603156
dataset_name-FR-FCM-Z2KP_healthy_final_seed-420_sub-sampling-100000	cyanno	num-5	run0	1	CD14 monocytes	CD14 monocytes	154278	68	16	1076871	0.9998963018652702	6.314192354441617e-5	1.0369813472980154e-4	0.9999368580764556
dataset_name-FR-FCM-Z2KP_healthy_final_seed-420_sub-sampling-100000	cygate	num-1	run0	4	CD4	CD4	671370	27112	15030	633187	0.9781031468531468	0.041060186370114146	0.02189685314685315	0.9589398136298859
dataset_name-FR-FCM-Z2KP_healthy_final_seed-420_sub-sampling-100000	cygate	num-1	run0	3	CD3+	CD3+	49785	44234	34912	1217768	0.5878012208224612	0.035050657605930895	0.4121987791775388	0.9649493423940692
dataset_name-FR-FCM-Z2KP_healthy_final_seed-420_sub-sampling-100000	cygate	num-1	run0	5	CD8	CD8	163980	6005	35376	1141338	0.8225486065129718	0.005233831556910183	0.17745139348702824	0.9947661684430898
dataset_name-FR-FCM-Z2KP_healthy_final_seed-420_sub-sampling-100000	cygate	num-1	run0	1	CD14 monocytes	CD14 monocytes	199714	1754	1549	1143682	0.9923036027486424	0.001531294633659148	0.007696397251357677	0.9984687053663408
dataset_name-FR-FCM-Z2KP_healthy_final_seed-420_sub-sampling-100000	cygate	num-1	run0	2	CD19	CD19	174455	1317	528	1170399	0.9969825640205049	0.001123992503302848	0.003017435979495151	0.9988760074966971
dataset_name-FR-FCM-Z2KP_healthy_final_seed-420_sub-sampling-100000	cygate	num-2	run0	3	CD3+	CD3+	39369	98816	43512	1092664	0.4750063343830311	0.08293550877899755	0.5249936656169689	0.9170644912210024
dataset_name-FR-FCM-Z2KP_healthy_final_seed-420_sub-sampling-100000	cygate	num-2	run0	4	CD4	CD4	577113	22586	30460	644202	0.9498661066242245	0.03387283514400379	0.050133893375775423	0.9661271648559963
dataset_name-FR-FCM-Z2KP_healthy_final_seed-420_sub-sampling-100000	cygate	num-2	run0	1	CD14 monocytes	CD14 monocytes	209032	4608	1569	1059152	0.9925498929254847	0.004331804166353313	0.007450107074515316	0.9956681958336467
dataset_name-FR-FCM-Z2KP_healthy_final_seed-420_sub-sampling-100000	cygate	num-2	run0	2	CD19	CD19	173306	595	1808	1098652	0.9896752972349441	5.412796214135676e-4	0.010324702765055906	0.9994587203785864
dataset_name-FR-FCM-Z2KP_healthy_final_seed-420_sub-sampling-100000	cygate	num-2	run0	5	CD8	CD8	85741	1	112451	1076168	0.43261584725922336	9.292220831486505e-7	0.5673841527407766	0.9999990707779168
dataset_name-FR-FCM-Z2KP_healthy_final_seed-420_sub-sampling-100000	cygate	num-3	run0	4	CD4	CD4	581045	20403	24379	548666	0.9597323528634477	0.03585329722757697	0.04026764713655223	0.964146702772423
dataset_name-FR-FCM-Z2KP_healthy_final_seed-420_sub-sampling-100000	cygate	num-3	run0	3	CD3+	CD3+	23919	36686	47925	1065963	0.3329296809754468	0.03327078698661133	0.6670703190245532	0.9667292130133887
dataset_name-FR-FCM-Z2KP_healthy_final_seed-420_sub-sampling-100000	cygate	num-3	run0	5	CD8	CD8	150533	6144	51019	966797	0.746869294276415	0.006314874180448763	0.253130705723585	0.9936851258195513
dataset_name-FR-FCM-Z2KP_healthy_final_seed-420_sub-sampling-100000	cygate	num-3	run0	2	CD19	CD19	128351	2715	511	1042916	0.9960345175459018	0.0025965182746112156	0.003965482454098183	0.9974034817253887
dataset_name-FR-FCM-Z2KP_healthy_final_seed-420_sub-sampling-100000	cygate	num-3	run0	1	CD14 monocytes	CD14 monocytes	164217	2167	2594	1005515	0.9844494667617842	0.00215048001254364	0.015550533238215706	0.9978495199874564
dataset_name-FR-FCM-Z2KP_healthy_final_seed-420_sub-sampling-100000	cygate	num-4	run0	5	CD8	CD8	178321	19513	2528	1066012	0.9860214875393284	0.017975633909859283	0.01397851246067161	0.9820243660901408
dataset_name-FR-FCM-Z2KP_healthy_final_seed-420_sub-sampling-100000	cygate	num-4	run0	3	CD3+	CD3+	36689	12908	28727	1188050	0.5608566711507887	0.010748086111254515	0.4391433288492112	0.9892519138887454
dataset_name-FR-FCM-Z2KP_healthy_final_seed-420_sub-sampling-100000	cygate	num-4	run0	4	CD4	CD4	654511	5825	15452	590586	0.9769360397514489	0.00976675480499186	0.02306396024855104	0.9902332451950081
dataset_name-FR-FCM-Z2KP_healthy_final_seed-420_sub-sampling-100000	cygate	num-4	run0	2	CD19	CD19	173063	4149	50	1089112	0.9997111713158457	0.0037950681493257327	2.8882868415428073e-4	0.9962049318506743
dataset_name-FR-FCM-Z2KP_healthy_final_seed-420_sub-sampling-100000	cygate	num-4	run0	1	CD14 monocytes	CD14 monocytes	173473	2074	3560	1087267	0.9798907548310202	0.0019039033691011355	0.020109245168979793	0.9980960966308988
dataset_name-FR-FCM-Z2KP_healthy_final_seed-420_sub-sampling-100000	cygate	num-5	run0	3	CD3+	CD3+	35489	82052	38115	1075577	0.48216129558176185	0.07087935772168803	0.5178387044182381	0.9291206422783119
dataset_name-FR-FCM-Z2KP_healthy_final_seed-420_sub-sampling-100000	cygate	num-5	run0	4	CD4	CD4	633610	19383	27631	550609	0.9582134199180027	0.03400574043144465	0.041786580081997336	0.9659942595685553
dataset_name-FR-FCM-Z2KP_healthy_final_seed-420_sub-sampling-100000	cygate	num-5	run0	1	CD14 monocytes	CD14 monocytes	151598	3118	2696	1073821	0.9825268642980285	0.002895242906051318	0.01747313570197156	0.9971047570939486
dataset_name-FR-FCM-Z2KP_healthy_final_seed-420_sub-sampling-100000	cygate	num-5	run0	2	CD19	CD19	159066	2801	373	1068993	0.9976605472939494	0.0026133753314536187	0.00233945270605059	0.9973866246685463
dataset_name-FR-FCM-Z2KP_healthy_final_seed-420_sub-sampling-100000	cygate	num-5	run0	5	CD8	CD8	85945	0	96710	1048578	0.47053187703594207	0	0.5294681229640579	1
dataset_name-FR-FCM-Z2KP_healthy_final_seed-420_sub-sampling-100000	dgcytof	num-1	run0	5	CD8	CD8	196980	64633	2376	1082710	0.988081622825498	0.05633276186807258	0.011918377174501896	0.9436672381319274
dataset_name-FR-FCM-Z2KP_healthy_final_seed-420_sub-sampling-100000	dgcytof	num-1	run0	4	CD4	CD4	676849	19549	9551	640750	0.9860853729603729	0.029606284425691996	0.01391462703962704	0.970393715574308
dataset_name-FR-FCM-Z2KP_healthy_final_seed-420_sub-sampling-100000	dgcytof	num-1	run0	3	CD3+	CD3+	6419	4289	78278	1257713	0.07578780830489863	0.0033985683065478503	0.9242121916951014	0.9966014316934522
dataset_name-FR-FCM-Z2KP_healthy_final_seed-420_sub-sampling-100000	dgcytof	num-1	run0	1	CD14 monocytes	CD14 monocytes	200221	2901	1042	1142535	0.9948226946830764	0.0025326600525913275	0.005177305316923627	0.9974673399474087
dataset_name-FR-FCM-Z2KP_healthy_final_seed-420_sub-sampling-100000	dgcytof	num-1	run0	2	CD19	CD19	172464	2394	2519	1169322	0.9856043158478253	0.002043157215571009	0.014395684152174782	0.997956842784429
dataset_name-FR-FCM-Z2KP_healthy_final_seed-420_sub-sampling-100000	dgcytof	num-2	run0	5	CD8	CD8	196893	67948	1299	1008221	0.9934457495761686	0.0631387821057845	0.006554250423831436	0.9368612178942155
dataset_name-FR-FCM-Z2KP_healthy_final_seed-420_sub-sampling-100000	dgcytof	num-2	run0	4	CD4	CD4	599708	22255	7865	644533	0.9870550534668262	0.03337642549056072	0.012944946533173792	0.9666235745094393
dataset_name-FR-FCM-Z2KP_healthy_final_seed-420_sub-sampling-100000	dgcytof	num-2	run0	1	CD14 monocytes	CD14 monocytes	202661	9349	7940	1054411	0.9622983746515924	0.008788636534556667	0.03770162534840765	0.9912113634654434
dataset_name-FR-FCM-Z2KP_healthy_final_seed-420_sub-sampling-100000	dgcytof	num-2	run0	2	CD19	CD19	167786	7704	7328	1091543	0.9581529746336672	0.007008433955243908	0.041847025366332787	0.9929915660447561
dataset_name-FR-FCM-Z2KP_healthy_final_seed-420_sub-sampling-100000	dgcytof	num-2	run0	3	CD3+	CD3+	34	23	82847	1191457	4.1022671058505567e-4	1.9303723100681506e-5	0.9995897732894149	0.9999806962768993
dataset_name-FR-FCM-Z2KP_healthy_final_seed-420_sub-sampling-100000	dgcytof	num-3	run0	4	CD4	CD4	603133	35268	2291	533801	0.9962158751552631	0.06197490989669091	0.0037841248447369118	0.938025090103309
dataset_name-FR-FCM-Z2KP_healthy_final_seed-420_sub-sampling-100000	dgcytof	num-3	run0	5	CD8	CD8	193036	36693	8516	936248	0.9577478764785267	0.037713489307162514	0.04225212352147337	0.9622865106928374
dataset_name-FR-FCM-Z2KP_healthy_final_seed-420_sub-sampling-100000	dgcytof	num-3	run0	3	CD3+	CD3+	6282	3625	65562	1099024	0.08743945214631701	0.003287537557282508	0.912560547853683	0.9967124624427175
dataset_name-FR-FCM-Z2KP_healthy_final_seed-420_sub-sampling-100000	dgcytof	num-3	run0	2	CD19	CD19	127087	2396	1775	1043235	0.986225574645745	0.0022914393318484243	0.01377442535425494	0.9977085606681516
dataset_name-FR-FCM-Z2KP_healthy_final_seed-420_sub-sampling-100000	dgcytof	num-3	run0	1	CD14 monocytes	CD14 monocytes	164965	2008	1846	1005674	0.9889335835166746	0.001992692138988292	0.01106641648332544	0.9980073078610117
dataset_name-FR-FCM-Z2KP_healthy_final_seed-420_sub-sampling-100000	dgcytof	num-4	run0	4	CD4	CD4	667872	29154	2091	567257	0.996878932120132	0.048882398211971274	0.0031210678798679926	0.9511176017880287
dataset_name-FR-FCM-Z2KP_healthy_final_seed-420_sub-sampling-100000	dgcytof	num-4	run0	5	CD8	CD8	163431	22055	17418	1063470	0.9036876067879833	0.02031735796043389	0.09631239321201665	0.9796826420395661
dataset_name-FR-FCM-Z2KP_healthy_final_seed-420_sub-sampling-100000	dgcytof	num-4	run0	3	CD3+	CD3+	28205	17120	37211	1183838	0.43116362969304145	0.014255286196519779	0.5688363703069585	0.9857447138034803
dataset_name-FR-FCM-Z2KP_healthy_final_seed-420_sub-sampling-100000	dgcytof	num-4	run0	1	CD14 monocytes	CD14 monocytes	168917	2495	8116	1086846	0.9541554399462248	0.002290375557332369	0.04584456005377528	0.9977096244426676
dataset_name-FR-FCM-Z2KP_healthy_final_seed-420_sub-sampling-100000	dgcytof	num-4	run0	2	CD19	CD19	165922	1203	7191	1092058	0.9584606586449314	0.0011003776774256102	0.041539341355068655	0.9988996223225743
dataset_name-FR-FCM-Z2KP_healthy_final_seed-420_sub-sampling-100000	dgcytof	num-5	run0	5	CD8	CD8	181144	32833	1511	1015745	0.991727573841395	0.03131192910780123	0.0082724261586050209	0.9686880708921988
dataset_name-FR-FCM-Z2KP_healthy_final_seed-420_sub-sampling-100000	dgcytof	num-5	run0	4	CD4	CD4	653478	14700	7763	555292	0.9882599536326392	0.025789835646816094	0.011740046367360766	0.9742101643531839
dataset_name-FR-FCM-Z2KP_healthy_final_seed-420_sub-sampling-100000	dgcytof	num-5	run0	3	CD3+	CD3+	32289	12127	41315	1145502	0.43868539753274277	0.010475722360099825	0.5613146024672572	0.9895242776399001
dataset_name-FR-FCM-Z2KP_healthy_final_seed-420_sub-sampling-100000	dgcytof	num-5	run0	2	CD19	CD19	153772	2751	5667	1069043	0.9644566260450705	0.002566724575804679	0.03554337395492947	0.9974332754241954
dataset_name-FR-FCM-Z2KP_healthy_final_seed-420_sub-sampling-100000	dgcytof	num-5	run0	1	CD14 monocytes	CD14 monocytes	146736	1403	7558	1075536	0.95101559360701	0.0013027664519531747	0.04898440639299	0.9986972335480468
dataset_name-FR-FCM-Z2KP_healthy_final_seed-420_sub-sampling-100000	gatemeclass	num-1	run0	5	CD8	CD8	158359	521733	40997	625610	0.7943528160677381	0.4547314970327095	0.2056471839322619	0.5452685029672906
dataset_name-FR-FCM-Z2KP_healthy_final_seed-420_sub-sampling-100000	gatemeclass	num-1	run0	3	CD3+	CD3+	19345	316351	65352	945651	0.22840242275405268	0.25067392920138004	0.7715975772459474	0.74932607079862
dataset_name-FR-FCM-Z2KP_healthy_final_seed-420_sub-sampling-100000	gatemeclass	num-1	run0	4	CD4	CD4	116267	15512	570133	644787	0.169386655011655	0.02349238753958434	0.8306133449883449	0.9765076124604156
dataset_name-FR-FCM-Z2KP_healthy_final_seed-420_sub-sampling-100000	gatemeclass	num-1	run0	2	CD19	CD19	162550	4200	12433	1167516	0.9289473834601075	0.003584486343107033	0.07105261653989245	0.996415513656893
dataset_name-FR-FCM-Z2KP_healthy_final_seed-420_sub-sampling-100000	gatemeclass	num-1	run0	1	CD14 monocytes	CD14 monocytes	31974	341	169289	1145095	0.1588667564331248	2.977032326555128e-4	0.8411332435668751	0.9997022967673445
dataset_name-FR-FCM-Z2KP_healthy_final_seed-420_sub-sampling-100000	gatemeclass	num-2	run0	5	CD8	CD8	94961	388349	103231	687820	0.4791363929926536	0.36086246676869527	0.5208636070073465	0.6391375332313047
dataset_name-FR-FCM-Z2KP_healthy_final_seed-420_sub-sampling-100000	gatemeclass	num-2	run0	4	CD4	CD4	653	25233	606920	641555	0.0010747679702685932	0.0378426126444987	0.9989252320297314	0.9621573873555013
dataset_name-FR-FCM-Z2KP_healthy_final_seed-420_sub-sampling-100000	gatemeclass	num-2	run0	3	CD3+	CD3+	222	19902	82659	1171578	0.002678539110290658	0.01670359552825058	0.9973214608897093	0.9832964044717494
dataset_name-FR-FCM-Z2KP_healthy_final_seed-420_sub-sampling-100000	gatemeclass	num-2	run0	2	CD19	CD19	167340	13499	7774	1085748	0.9556060623365351	0.012280224553717226	0.044393937663464944	0.9877197754462828
dataset_name-FR-FCM-Z2KP_healthy_final_seed-420_sub-sampling-100000	gatemeclass	num-2	run0	1	CD14 monocytes	CD14 monocytes	20401	636	190200	1063124	0.09687038523083936	5.978792208768895e-4	0.9031296147691606	0.9994021207791232
dataset_name-FR-FCM-Z2KP_healthy_final_seed-420_sub-sampling-100000	gatemeclass	num-3	run0	1	CD14 monocytes	CD14 monocytes	165374	767033	1437	240649	0.9913854601914742	0.761185572432573	0.008614539808525817	0.23881442756742702
dataset_name-FR-FCM-Z2KP_healthy_final_seed-420_sub-sampling-100000	gatemeclass	num-3	run0	2	CD19	CD19	117455	4255	11407	1041376	0.9114789464698669	0.004069313170707449	0.08852105353013301	0.9959306868292925
dataset_name-FR-FCM-Z2KP_healthy_final_seed-420_sub-sampling-100000	gatemeclass	num-3	run0	3	CD3+	CD3+	0	0	71844	1102649	0	0	1	1
dataset_name-FR-FCM-Z2KP_healthy_final_seed-420_sub-sampling-100000	gatemeclass	num-3	run0	4	CD4	CD4	0	0	605424	569069	0	0	1	1
dataset_name-FR-FCM-Z2KP_healthy_final_seed-420_sub-sampling-100000	gatemeclass	num-3	run0	5	CD8	CD8	0	0	201552	972941	0	0	1	1
dataset_name-FR-FCM-Z2KP_healthy_final_seed-420_sub-sampling-100000	gatemeclass	num-4	run0	2	CD19	CD19	170498	16983	2615	1076278	0.9848942598187311	0.015534259431187978	0.015105740181268883	0.984465740568812
dataset_name-FR-FCM-Z2KP_healthy_final_seed-420_sub-sampling-100000	gatemeclass	num-4	run0	1	CD14 monocytes	CD14 monocytes	168225	15174	8808	1074167	0.950246564199895	0.013929522527840226	0.049753435800105064	0.9860704774721598
dataset_name-FR-FCM-Z2KP_healthy_final_seed-420_sub-sampling-100000	gatemeclass	num-4	run0	3	CD3+	CD3+	0	100	65416	1200858	0	8.326685862453142e-5	1	0.9999167331413754
dataset_name-FR-FCM-Z2KP_healthy_final_seed-420_sub-sampling-100000	gatemeclass	num-4	run0	4	CD4	CD4	0	0	669963	596411	0	0	1	1
dataset_name-FR-FCM-Z2KP_healthy_final_seed-420_sub-sampling-100000	gatemeclass	num-4	run0	5	CD8	CD8	0	0	180849	1085525	0	0	1	1
dataset_name-FR-FCM-Z2KP_healthy_final_seed-420_sub-sampling-100000	gatemeclass	num-5	run0	4	CD4	CD4	535083	192888	126158	377104	0.8092102576821462	0.33840474954034444	0.19078974231785387	0.6615952504596556
dataset_name-FR-FCM-Z2KP_healthy_final_seed-420_sub-sampling-100000	gatemeclass	num-5	run0	3	CD3+	CD3+	20271	194865	53333	962764	0.2754062279223955	0.1683311319947928	0.7245937720776044	0.8316688680052072
dataset_name-FR-FCM-Z2KP_healthy_final_seed-420_sub-sampling-100000	gatemeclass	num-5	run0	1	CD14 monocytes	CD14 monocytes	131504	2991	22790	1073948	0.8522949693442389	0.0027773160782551287	0.14770503065576107	0.9972226839217448
dataset_name-FR-FCM-Z2KP_healthy_final_seed-420_sub-sampling-100000	gatemeclass	num-5	run0	2	CD19	CD19	150645	2787	8794	1069007	0.9448441096594936	0.0026003131198719157	0.0551558903405064	0.997399686880128
dataset_name-FR-FCM-Z2KP_healthy_final_seed-420_sub-sampling-100000	gatemeclass	num-5	run0	5	CD8	CD8	55	144	182600	1048434	3.0111412225233364e-4	1.373288396285255e-4	0.9996988858777477	0.9998626711603715
dataset_name-FR-FCM-Z2KP_healthy_final_seed-420_sub-sampling-100000	knn	num-1	run0	3	CD3+	CD3+	30394	249476	54303	1012526	0.35885568556147207	0.19768272950439064	0.6411443144385279	0.8023172704956093
dataset_name-FR-FCM-Z2KP_healthy_final_seed-420_sub-sampling-100000	knn	num-1	run0	5	CD8	CD8	101995	122556	97361	1024787	0.5116224242059432	0.10681722902392746	0.4883775757940569	0.8931827709760726
dataset_name-FR-FCM-Z2KP_healthy_final_seed-420_sub-sampling-100000	knn	num-1	run0	4	CD4	CD4	334334	62186	352066	598113	0.4870833333333333	0.094178546385804	0.5129166666666667	0.905821453614196
dataset_name-FR-FCM-Z2KP_healthy_final_seed-420_sub-sampling-100000	knn	num-1	run0	1	CD14 monocytes	CD14 monocytes	184642	101033	16621	1044403	0.9174165147096088	0.08820484077678718	0.08258348529039118	0.9117951592232129
dataset_name-FR-FCM-Z2KP_healthy_final_seed-420_sub-sampling-100000	knn	num-1	run0	2	CD19	CD19	91172	68911	83811	1102805	0.5210334718229771	0.05881203294996398	0.4789665281770229	0.941187967050036
dataset_name-FR-FCM-Z2KP_healthy_final_seed-420_sub-sampling-100000	knn	num-2	run0	4	CD4	CD4	408988	101373	198585	565415	0.6731503868670925	0.15203183020690234	0.3268496131329075	0.8479681697930976
dataset_name-FR-FCM-Z2KP_healthy_final_seed-420_sub-sampling-100000	knn	num-2	run0	3	CD3+	CD3+	21766	97196	61115	1094284	0.2626174877233624	0.08157585523886259	0.7373825122766375	0.9184241447611374
dataset_name-FR-FCM-Z2KP_healthy_final_seed-420_sub-sampling-100000	knn	num-2	run0	2	CD19	CD19	103395	88361	71719	1010886	0.5904439393766346	0.08038320777768782	0.40955606062336536	0.9196167922223122
dataset_name-FR-FCM-Z2KP_healthy_final_seed-420_sub-sampling-100000	knn	num-2	run0	5	CD8	CD8	102104	83116	96088	993053	0.5151772019052232	0.07723322266298323	0.4848227980947768	0.9227667773370167
dataset_name-FR-FCM-Z2KP_healthy_final_seed-420_sub-sampling-100000	knn	num-2	run0	1	CD14 monocytes	CD14 monocytes	191001	77061	19600	986699	0.9069330155127469	0.0724420922012484	0.09306698448725315	0.9275579077987516
dataset_name-FR-FCM-Z2KP_healthy_final_seed-420_sub-sampling-100000	knn	num-3	run0	4	CD4	CD4	377311	103335	228113	465734	0.6232177779539628	0.18158606425582838	0.3767822220460372	0.81841393574417165
dataset_name-FR-FCM-Z2KP_healthy_final_seed-420_sub-sampling-100000	knn	num-3	run0	2	CD19	CD19	81883	169704	46979	875927	0.6354317021309618	0.1622981721085163	0.3645682978690382	0.8377018278914837
dataset_name-FR-FCM-Z2KP_healthy_final_seed-420_sub-sampling-100000	knn	num-3	run0	3	CD3+	CD3+	17979	104749	53865	997900	0.2502505428428261	0.0949975921621477	0.7497494571571739	0.9050024078378524
dataset_name-FR-FCM-Z2KP_healthy_final_seed-420_sub-sampling-100000	knn	num-3	run0	5	CD8	CD8	95464	46792	106088	926149	0.4736445185361594	0.0480933581789646	0.5263554814638406	0.9519066418210353
dataset_name-FR-FCM-Z2KP_healthy_final_seed-420_sub-sampling-100000	knn	num-3	run0	1	CD14 monocytes	CD14 monocytes	139281	37995	27530	969687	0.8349629221094532	0.03770534752034868	0.16503707789054678	0.9622946524796513
dataset_name-FR-FCM-Z2KP_healthy_final_seed-420_sub-sampling-100000	knn	num-4	run0	2	CD19	CD19	118329	181404	54784	911857	0.6835361873458377	0.16592927032062793	0.3164638126541623	0.8340707296793721
dataset_name-FR-FCM-Z2KP_healthy_final_seed-420_sub-sampling-100000	knn	num-4	run0	3	CD3+	CD3+	20829	173047	44587	1027911	0.318408340467164	0.14409080084399287	0.681591659532836	0.8559091991560072
dataset_name-FR-FCM-Z2KP_healthy_final_seed-420_sub-sampling-100000	knn	num-4	run0	4	CD4	CD4	356471	72949	313492	523462	0.5320756519389876	0.12231330408057531	0.46792434806101235	0.8776866959194247
dataset_name-FR-FCM-Z2KP_healthy_final_seed-420_sub-sampling-100000	knn	num-4	run0	5	CD8	CD8	92165	103145	88684	982380	0.5096240510038762	0.09501853941641142	0.49037594899612386	0.9049814605835886
dataset_name-FR-FCM-Z2KP_healthy_final_seed-420_sub-sampling-100000	knn	num-4	run0	1	CD14 monocytes	CD14 monocytes	137946	10089	39087	1079252	0.7792106556404738	0.009261562724619747	0.22078934435952619	0.9907384372753802
dataset_name-FR-FCM-Z2KP_healthy_final_seed-420_sub-sampling-100000	knn	num-5	run0	3	CD3+	CD3+	26078	193947	47526	963682	0.3543013966632248	0.1675381318194344	0.6456986033367752	0.8324618681805657
dataset_name-FR-FCM-Z2KP_healthy_final_seed-420_sub-sampling-100000	knn	num-5	run0	4	CD4	CD4	367161	95212	294080	474780	0.5552604874773343	0.1670409409254867	0.4447395125226657	0.8329590590745133
dataset_name-FR-FCM-Z2KP_healthy_final_seed-420_sub-sampling-100000	knn	num-5	run0	2	CD19	CD19	91448	144133	67991	927661	0.5735610484260438	0.13447826727897338	0.42643895157395617	0.8655217327210266
dataset_name-FR-FCM-Z2KP_healthy_final_seed-420_sub-sampling-100000	knn	num-5	run0	5	CD8	CD8	99497	95393	83158	953185	0.5447263967589171	0.09097368054641619	0.4552736032410829	0.9090263194535838
dataset_name-FR-FCM-Z2KP_healthy_final_seed-420_sub-sampling-100000	knn	num-5	run0	1	CD14 monocytes	CD14 monocytes	102375	15989	51919	1060950	0.6635060339352146	0.014846709052230442	0.33649396606478543	0.9851532909477696
dataset_name-FR-FCM-Z2KP_healthy_final_seed-420_sub-sampling-100000	lda	num-1	run0	5	CD8	CD8	164793	30801	34563	1116542	0.8266267380966713	0.026845503044861038	0.17337326190332872	0.973154496955139
dataset_name-FR-FCM-Z2KP_healthy_final_seed-420_sub-sampling-100000	lda	num-1	run0	3	CD3+	CD3+	27581	30670	57116	1231332	0.3256431750829427	0.0243026556217819	0.6743568249170573	0.9756973443782181
dataset_name-FR-FCM-Z2KP_healthy_final_seed-420_sub-sampling-100000	lda	num-1	run0	4	CD4	CD4	659218	9618	27182	650681	0.9603991841491841	0.014566128375175489	0.03960081585081585	0.9854338716248245
dataset_name-FR-FCM-Z2KP_healthy_final_seed-420_sub-sampling-100000	lda	num-1	run0	2	CD19	CD19	173405	3443	1578	1168273	0.9909819811067361	0.0029384253522184555	0.009018018893263917	0.9970615746477816
dataset_name-FR-FCM-Z2KP_healthy_final_seed-420_sub-sampling-100000	lda	num-1	run0	1	CD14 monocytes	CD14 monocytes	196978	2304	4285	1143132	0.9787094498243591	0.002011461137942233	0.021290550175640827	0.9979885388620577
dataset_name-FR-FCM-Z2KP_healthy_final_seed-420_sub-sampling-100000	lda	num-2	run0	4	CD4	CD4	597917	42612	9656	624176	0.984107259539183	0.06390636904083456	0.015892740460817054	0.9360936309591654
dataset_name-FR-FCM-Z2KP_healthy_final_seed-420_sub-sampling-100000	lda	num-2	run0	3	CD3+	CD3+	24251	36050	58630	1155430	0.29260023407053487	0.030256487729546446	0.7073997659294652	0.9697435122704535
dataset_name-FR-FCM-Z2KP_healthy_final_seed-420_sub-sampling-100000	lda	num-2	run0	5	CD8	CD8	122116	16156	76076	1060013	0.6161499959635102	0.015012511975349597	0.3838500040364899	0.9849874880246504
dataset_name-FR-FCM-Z2KP_healthy_final_seed-420_sub-sampling-100000	lda	num-2	run0	2	CD19	CD19	171449	6014	3665	1093233	0.979070776751145	0.0054710178876994885	0.02092922324885503	0.9945289821123006
dataset_name-FR-FCM-Z2KP_healthy_final_seed-420_sub-sampling-100000	lda	num-2	run0	1	CD14 monocytes	CD14 monocytes	201754	1471	8847	1062289	0.9579916524612894	0.0013828307136948183	0.04200834753871064	0.9986171692863052
dataset_name-FR-FCM-Z2KP_healthy_final_seed-420_sub-sampling-100000	lda	num-3	run0	4	CD4	CD4	596087	52477	9337	516592	0.9845777504690927	0.09221553098130456	0.015422249530907265	0.9077844690186955
dataset_name-FR-FCM-Z2KP_healthy_final_seed-420_sub-sampling-100000	lda	num-3	run0	3	CD3+	CD3+	21490	30458	50354	1072191	0.2991203162407438	0.027622570736471896	0.7008796837592561	0.9723774292635281
dataset_name-FR-FCM-Z2KP_healthy_final_seed-420_sub-sampling-100000	lda	num-3	run0	5	CD8	CD8	112381	10175	89171	962766	0.5575781932206081	0.010457982549815456	0.4424218067793919	0.9895420174501846
dataset_name-FR-FCM-Z2KP_healthy_final_seed-420_sub-sampling-100000	lda	num-3	run0	2	CD19	CD19	124441	1700	4421	1043931	0.9656919805683599	0.0016258125476386986	0.03430801943164005	0.9983741874523613
dataset_name-FR-FCM-Z2KP_healthy_final_seed-420_sub-sampling-100000	lda	num-3	run0	1	CD14 monocytes	CD14 monocytes	153445	1496	13366	1006186	0.9198733896445678	0.0014845953386088072	0.0801266103554322	0.9985154046613912
dataset_name-FR-FCM-Z2KP_healthy_final_seed-420_sub-sampling-100000	lda	num-4	run0	4	CD4	CD4	656152	99415	13811	496996	0.9793854287475577	0.1666887431653675	0.020614571252442298	0.8333112568346325
dataset_name-FR-FCM-Z2KP_healthy_final_seed-420_sub-sampling-100000	lda	num-4	run0	5	CD8	CD8	122198	18160	58651	1067365	0.6756907696476065	0.016729232399069576	0.32430923035239345	0.9832707676009305
dataset_name-FR-FCM-Z2KP_healthy_final_seed-420_sub-sampling-100000	lda	num-4	run0	3	CD3+	CD3+	14491	14051	50925	1186907	0.22152072887367005	0.01169982630533291	0.77847927112633	0.988300173694667
dataset_name-FR-FCM-Z2KP_healthy_final_seed-420_sub-sampling-100000	lda	num-4	run0	2	CD19	CD19	160509	4060	12604	1089201	0.9271920652983889	0.0037136603244787843	0.07280793470161108	0.9962863396755213
dataset_name-FR-FCM-Z2KP_healthy_final_seed-420_sub-sampling-100000	lda	num-4	run0	1	CD14 monocytes	CD14 monocytes	129372	760	47661	1088581	0.730779007303723	6.97669508445932e-4	0.269220992696277	0.999302330491554
dataset_name-FR-FCM-Z2KP_healthy_final_seed-420_sub-sampling-100000	lda	num-5	run0	4	CD4	CD4	652757	103885	8484	466107	0.9871695796237681	0.18225694395710818	0.012830420376231964	0.8177430560428919
dataset_name-FR-FCM-Z2KP_healthy_final_seed-420_sub-sampling-100000	lda	num-5	run0	5	CD8	CD8	123645	18670	59010	1029908	0.6769319208343598	0.017805065526837298	0.3230680791656401	0.9821949344731628
dataset_name-FR-FCM-Z2KP_healthy_final_seed-420_sub-sampling-100000	lda	num-5	run0	3	CD3+	CD3+	12895	10032	60709	1147597	0.17519428291940656	0.008665988844439799	0.8248057170805935	0.9913340111555602
dataset_name-FR-FCM-Z2KP_healthy_final_seed-420_sub-sampling-100000	lda	num-5	run0	2	CD19	CD19	140410	2237	19029	1069557	0.8806502800444057	0.0020871548077335757	0.1193497199555943	0.9979128451922664
dataset_name-FR-FCM-Z2KP_healthy_final_seed-420_sub-sampling-100000	lda	num-5	run0	1	CD14 monocytes	CD14 monocytes	108049	319	46245	1076620	0.7002799849637704	2.962099060392464e-4	0.2997200150362295	0.9997037900939607
dataset_name-FR-FCM-Z2KP_healthy_final_seed-420_sub-sampling-100000	random	num-1	run0	4	CD4	CD4	114482	110508	571918	549791	0.16678613053613053	0.16736054423829205	0.8332138694638694	0.832639455761708
dataset_name-FR-FCM-Z2KP_healthy_final_seed-420_sub-sampling-100000	random	num-1	run0	5	CD8	CD8	33454	191714	165902	955629	0.16781034932482594	0.16709388561223626	0.832189650675174	0.8329061143877637
dataset_name-FR-FCM-Z2KP_healthy_final_seed-420_sub-sampling-100000	random	num-1	run0	3	CD3+	CD3+	14073	210329	70624	1051673	0.16615700674167916	0.1666629688384012	0.8338429932583208	0.8333370311615987
dataset_name-FR-FCM-Z2KP_healthy_final_seed-420_sub-sampling-100000	random	num-1	run0	2	CD19	CD19	29098	194793	145885	976923	0.16629043964270815	0.16624591624591625	0.8337095603572918	0.8337540837540838
dataset_name-FR-FCM-Z2KP_healthy_final_seed-420_sub-sampling-100000	random	num-1	run0	1	CD14 monocytes	CD14 monocytes	33636	190330	167627	955106	0.16712460809984944	0.16616380138218112	0.8328753919001506	0.8338361986178189
dataset_name-FR-FCM-Z2KP_healthy_final_seed-420_sub-sampling-100000	random	num-2	run0	4	CD4	CD4	101376	111595	506197	555193	0.16685402412549602	0.1673620401087002	0.833145975874504	0.8326379598912997
dataset_name-FR-FCM-Z2KP_healthy_final_seed-420_sub-sampling-100000	random	num-2	run0	5	CD8	CD8	32961	179827	165231	896342	0.16630842819084524	0.16709921954637236	0.8336915718091548	0.8329007804536276
dataset_name-FR-FCM-Z2KP_healthy_final_seed-420_sub-sampling-100000	random	num-2	run0	3	CD3+	CD3+	13953	198410	68928	993070	0.16834980272921418	0.16652398697418336	0.8316501972707858	0.8334760130258166
dataset_name-FR-FCM-Z2KP_healthy_final_seed-420_sub-sampling-100000	random	num-2	run0	1	CD14 monocytes	CD14 monocytes	35022	177139	175579	886621	0.16629550666900916	0.16652158381589832	0.8337044933309908	0.8334784161841017
dataset_name-FR-FCM-Z2KP_healthy_final_seed-420_sub-sampling-100000	random	num-2	run0	2	CD19	CD19	29437	182792	145677	916455	0.1681019221764108	0.16628837740744346	0.8318980778235892	0.8337116225925565
dataset_name-FR-FCM-Z2KP_healthy_final_seed-420_sub-sampling-100000	random	num-3	run0	2	CD19	CD19	21424	174568	107438	871063	0.16625537396594806	0.16694990871540724	0.833744626034052	0.8330500912845927
dataset_name-FR-FCM-Z2KP_healthy_final_seed-420_sub-sampling-100000	random	num-3	run0	4	CD4	CD4	101566	94987	503858	474082	0.16776011522503237	0.1669164899159856	0.8322398847749676	0.8330835100840144
dataset_name-FR-FCM-Z2KP_healthy_final_seed-420_sub-sampling-100000	random	num-3	run0	3	CD3+	CD3+	12010	183774	59834	918875	0.16716775235231893	0.16666591091090638	0.832832247647681	0.8333340890890937
dataset_name-FR-FCM-Z2KP_healthy_final_seed-420_sub-sampling-100000	random	num-3	run0	1	CD14 monocytes	CD14 monocytes	27600	167909	139211	839773	0.16545671448525576	0.1666289563572635	0.8345432855147442	0.8333710436427365
dataset_name-FR-FCM-Z2KP_healthy_final_seed-420_sub-sampling-100000	random	num-3	run0	5	CD8	CD8	33320	161803	168232	811138	0.16531713900134953	0.1663029926788983	0.8346828609986505	0.8336970073211016
dataset_name-FR-FCM-Z2KP_healthy_final_seed-420_sub-sampling-100000	random	num-4	run0	5	CD8	CD8	29991	181584	150858	903941	0.165834480699368	0.1672775845788904	0.834165519300632	0.8327224154211096
dataset_name-FR-FCM-Z2KP_healthy_final_seed-420_sub-sampling-100000	random	num-4	run0	3	CD3+	CD3+	10831	200068	54585	1000890	0.16557111410052586	0.1665903387129275	0.8344288858994742	0.8334096612870725
dataset_name-FR-FCM-Z2KP_healthy_final_seed-420_sub-sampling-100000	random	num-4	run0	1	CD14 monocytes	CD14 monocytes	29673	181296	147360	908045	0.1676128179491959	0.16642722526738643	0.8323871820508041	0.8335727747326136
dataset_name-FR-FCM-Z2KP_healthy_final_seed-420_sub-sampling-100000	random	num-4	run0	2	CD19	CD19	28976	181745	144137	911516	0.16738199904108877	0.16624118120009768	0.8326180009589113	0.8337588187999023
dataset_name-FR-FCM-Z2KP_healthy_final_seed-420_sub-sampling-100000	random	num-4	run0	4	CD4	CD4	111538	98921	558425	497490	0.16648382074830997	0.16586045529006005	0.83351617925169	0.83413954470994
dataset_name-FR-FCM-Z2KP_healthy_final_seed-420_sub-sampling-100000	random	num-5	run0	1	CD14 monocytes	CD14 monocytes	25659	180058	128635	896881	0.16629940243949862	0.16719424219941892	0.8337005975605014	0.8328057578005811
dataset_name-FR-FCM-Z2KP_healthy_final_seed-420_sub-sampling-100000	random	num-5	run0	4	CD4	CD4	110782	95063	550459	474929	0.1675364957708309	0.16677953374784207	0.832463504229169	0.833220466252158
dataset_name-FR-FCM-Z2KP_healthy_final_seed-420_sub-sampling-100000	random	num-5	run0	3	CD3+	CD3+	12246	192822	61358	964807	0.16637682734633988	0.16656631787904416	0.8336231726536601	0.8334336821209558
dataset_name-FR-FCM-Z2KP_healthy_final_seed-420_sub-sampling-100000	random	num-5	run0	5	CD8	CD8	30271	174583	152384	873995	0.16572773808546165	0.16649500561713101	0.8342722619145383	0.833504994382869
dataset_name-FR-FCM-Z2KP_healthy_final_seed-420_sub-sampling-100000	random	num-5	run0	2	CD19	CD19	26669	178370	132770	893424	0.16726773248703267	0.16642190570202856	0.8327322675129674	0.8335780942979715
dataset_name-FR-FCM-Z2KP_healthy_final_seed-420_sub-sampling-5000	cyanno	num-1	run0	4	CD4	CD4	684922	6216	1478	654083	0.9978467365967366	0.009413917028497696	0.0021532634032634035	0.9905860829715023
dataset_name-FR-FCM-Z2KP_healthy_final_seed-420_sub-sampling-5000	cyanno	num-1	run0	3	CD3+	CD3+	70715	10473	13982	1251529	0.8349174114785648	0.008298719019462726	0.16508258852143523	0.9917012809805372
dataset_name-FR-FCM-Z2KP_healthy_final_seed-420_sub-sampling-5000	cyanno	num-1	run0	5	CD8	CD8	189651	7600	9705	1139743	0.9513182447480888	0.006623999972109474	0.04868175525191115	0.9933760000278905
dataset_name-FR-FCM-Z2KP_healthy_final_seed-420_sub-sampling-5000	cyanno	num-1	run0	2	CD19	CD19	174888	1524	95	1170192	0.9994570901173256	0.0013006564730702662	5.429098826743169e-4	0.9986993435269297
dataset_name-FR-FCM-Z2KP_healthy_final_seed-420_sub-sampling-5000	cyanno	num-1	run0	1	CD14 monocytes	CD14 monocytes	200511	199	752	1145237	0.99626359539508	1.737329715496981e-4	0.0037364046049199306	0.9998262670284503
dataset_name-FR-FCM-Z2KP_healthy_final_seed-420_sub-sampling-5000	cyanno	num-2	run0	4	CD4	CD4	606296	10194	1277	656594	0.9978981949494135	0.015288217544406919	0.0021018050505865137	0.9847117824555931
dataset_name-FR-FCM-Z2KP_healthy_final_seed-420_sub-sampling-5000	cyanno	num-2	run0	5	CD8	CD8	193859	11080	4333	1065089	0.978137361750222	0.010295780681287047	0.021862638249777994	0.989704219318713
dataset_name-FR-FCM-Z2KP_healthy_final_seed-420_sub-sampling-5000	cyanno	num-2	run0	3	CD3+	CD3+	61582	4617	21299	1186863	0.7430170968014382	0.0038750125893846307	0.2569829031985618	0.9961249874106154
dataset_name-FR-FCM-Z2KP_healthy_final_seed-420_sub-sampling-5000	cyanno	num-2	run0	2	CD19	CD19	175010	1832	104	1097415	0.9994061011683817	0.0016665954057641277	5.938988316182601e-4	0.9983334045942359
dataset_name-FR-FCM-Z2KP_healthy_final_seed-420_sub-sampling-5000	cyanno	num-2	run0	1	CD14 monocytes	CD14 monocytes	209654	237	947	1063523	0.9955033451882944	2.2279461532676543e-4	0.0044966548117055475	0.9997772053846732
dataset_name-FR-FCM-Z2KP_healthy_final_seed-420_sub-sampling-5000	cyanno	num-3	run0	4	CD4	CD4	604643	18855	781	550214	0.9987099949787257	0.03313306470744321	0.0012900050212743465	0.9668669352925567
dataset_name-FR-FCM-Z2KP_healthy_final_seed-420_sub-sampling-5000	cyanno	num-3	run0	5	CD8	CD8	197751	8656	3801	964285	0.9811413431769469	0.008896736801100992	0.018858656823053106	0.991103263198899
dataset_name-FR-FCM-Z2KP_healthy_final_seed-420_sub-sampling-5000	cyanno	num-3	run0	3	CD3+	CD3+	44012	3308	27832	1099341	0.6126050888035187	0.0030000480660663546	0.3873949111964813	0.9969999519339336
dataset_name-FR-FCM-Z2KP_healthy_final_seed-420_sub-sampling-5000	cyanno	num-3	run0	2	CD19	CD19	128728	1818	134	1043813	0.9989601278887492	0.001738663065651267	0.0010398721112507955	0.9982613369343487
dataset_name-FR-FCM-Z2KP_healthy_final_seed-420_sub-sampling-5000	cyanno	num-3	run0	1	CD14 monocytes	CD14 monocytes	166245	477	566	1007205	0.9966069383913531	4.7336362066604344e-4	0.0033930616086469117	0.9995266363793339
dataset_name-FR-FCM-Z2KP_healthy_final_seed-420_sub-sampling-5000	cyanno	num-4	run0	5	CD8	CD8	178998	8276	1851	1077249	0.989764942023456	0.007623960756316068	0.010235057976543968	0.9923760392436839
dataset_name-FR-FCM-Z2KP_healthy_final_seed-420_sub-sampling-5000	cyanno	num-4	run0	4	CD4	CD4	667606	2473	2357	593938	0.9964818952688432	0.004146469464848905	0.003518104731156795	0.9958535305351511
dataset_name-FR-FCM-Z2KP_healthy_final_seed-420_sub-sampling-5000	cyanno	num-4	run0	3	CD3+	CD3+	54842	3650	10574	1197308	0.8383575883575883	0.0030392403397953966	0.16164241164241164	0.9969607596602046
dataset_name-FR-FCM-Z2KP_healthy_final_seed-420_sub-sampling-5000	cyanno	num-4	run0	2	CD19	CD19	172504	1381	609	1091880	0.9964820666270009	0.0012631933271195076	0.0035179333729991394	0.9987368066728805
dataset_name-FR-FCM-Z2KP_healthy_final_seed-420_sub-sampling-5000	cyanno	num-4	run0	1	CD14 monocytes	CD14 monocytes	176283	361	750	1088980	0.9957635017200183	3.313930165118177e-4	0.004236498279981698	0.9996686069834881
dataset_name-FR-FCM-Z2KP_healthy_final_seed-420_sub-sampling-5000	cyanno	num-5	run0	5	CD8	CD8	181532	11124	1123	1037454	0.9938517971038296	0.010608652861303594	0.006148202896170376	0.9893913471386964
dataset_name-FR-FCM-Z2KP_healthy_final_seed-420_sub-sampling-5000	cyanno	num-5	run0	4	CD4	CD4	659176	3355	2065	566637	0.9968770841493495	0.005886047523474013	0.003122915850650519	0.994113952476526
dataset_name-FR-FCM-Z2KP_healthy_final_seed-420_sub-sampling-5000	cyanno	num-5	run0	3	CD3+	CD3+	58902	2473	14702	1155156	0.800255420901038	0.0021362629996311425	0.199744579098962	0.9978637370003689
dataset_name-FR-FCM-Z2KP_healthy_final_seed-420_sub-sampling-5000	cyanno	num-5	run0	2	CD19	CD19	159156	1306	283	1070488	0.9982250264991627	0.0012185177375503128	0.0017749735008373109	0.9987814822624497
dataset_name-FR-FCM-Z2KP_healthy_final_seed-420_sub-sampling-5000	cyanno	num-5	run0	1	CD14 monocytes	CD14 monocytes	153568	641	726	1076298	0.9952946971366352	5.952054851760406e-4	0.004705302863364745	0.999404794514824
dataset_name-FR-FCM-Z2KP_healthy_final_seed-420_sub-sampling-5000	cygate	num-1	run0	3	CD3+	CD3+	50557	52088	34140	1209914	0.596916065504091	0.04127410257669956	0.40308393449590896	0.9587258974233004
dataset_name-FR-FCM-Z2KP_healthy_final_seed-420_sub-sampling-5000	cygate	num-1	run0	4	CD4	CD4	671485	26381	14915	633918	0.9782706876456877	0.03995311215070748	0.021729312354312354	0.9600468878492925
dataset_name-FR-FCM-Z2KP_healthy_final_seed-420_sub-sampling-5000	cygate	num-1	run0	5	CD8	CD8	155579	6259	43777	1141084	0.7804079134814101	0.0054552126086096315	0.21959208651858986	0.9945447873913904
dataset_name-FR-FCM-Z2KP_healthy_final_seed-420_sub-sampling-5000	cygate	num-1	run0	1	CD14 monocytes	CD14 monocytes	201212	1606	51	1143830	0.9997466002196131	0.0014020861925066088	2.53399780386857e-4	0.9985979138074934
dataset_name-FR-FCM-Z2KP_healthy_final_seed-420_sub-sampling-5000	cygate	num-1	run0	2	CD19	CD19	174167	808	816	1170908	0.9953366898498711	6.895868964834482e-4	0.00466331015012887	0.9993104131035165
dataset_name-FR-FCM-Z2KP_healthy_final_seed-420_sub-sampling-5000	cygate	num-2	run0	3	CD3+	CD3+	36910	76624	45971	1114856	0.4453372908145413	0.06430993386376607	0.5546627091854587	0.935690066136234
dataset_name-FR-FCM-Z2KP_healthy_final_seed-420_sub-sampling-5000	cygate	num-2	run0	4	CD4	CD4	576851	22467	30722	644321	0.9494348827219116	0.03369436762509223	0.05056511727808839	0.9663056323749077
dataset_name-FR-FCM-Z2KP_healthy_final_seed-420_sub-sampling-5000	cygate	num-2	run0	2	CD19	CD19	174938	3319	176	1095928	0.9989949404387999	0.0030193396024733293	0.0010050595612001326	0.9969806603975266
dataset_name-FR-FCM-Z2KP_healthy_final_seed-420_sub-sampling-5000	cygate	num-2	run0	1	CD14 monocytes	CD14 monocytes	205848	3120	4753	1060640	0.9774312562618411	0.002932992404301722	0.022568743738158887	0.9970670075956983
dataset_name-FR-FCM-Z2KP_healthy_final_seed-420_sub-sampling-5000	cygate	num-2	run0	5	CD8	CD8	108402	717	89790	1075452	0.5469544683942843	6.662522336175824e-4	0.45304553160571565	0.9993337477663824
dataset_name-FR-FCM-Z2KP_healthy_final_seed-420_sub-sampling-5000	cygate	num-3	run0	3	CD3+	CD3+	16535	40330	55309	1062319	0.23015143922944156	0.036575555775228565	0.7698485607705584	0.9634244442247715
dataset_name-FR-FCM-Z2KP_healthy_final_seed-420_sub-sampling-5000	cygate	num-3	run0	4	CD4	CD4	580833	20355	24591	548714	0.9593821850471735	0.03576894893237902	0.04061781495282645	0.964231051067621
dataset_name-FR-FCM-Z2KP_healthy_final_seed-420_sub-sampling-5000	cygate	num-3	run0	5	CD8	CD8	150552	14419	51000	958522	0.7469635627530364	0.014820014779930129	0.25303643724696356	0.9851799852200699
dataset_name-FR-FCM-Z2KP_healthy_final_seed-420_sub-sampling-5000	cygate	num-3	run0	2	CD19	CD19	128351	2715	511	1042916	0.9960345175459018	0.0025965182746112156	0.003965482454098183	0.9974034817253887
dataset_name-FR-FCM-Z2KP_healthy_final_seed-420_sub-sampling-5000	cygate	num-3	run0	1	CD14 monocytes	CD14 monocytes	164217	2167	2594	1005515	0.9844494667617842	0.00215048001254364	0.015550533238215706	0.9978495199874564
dataset_name-FR-FCM-Z2KP_healthy_final_seed-420_sub-sampling-5000	cygate	num-4	run0	5	CD8	CD8	160998	17782	19851	1067743	0.8902343944395601	0.016381013795168237	0.10976560556043992	0.9836189862048318
dataset_name-FR-FCM-Z2KP_healthy_final_seed-420_sub-sampling-5000	cygate	num-4	run0	2	CD19	CD19	172925	3996	188	1089265	0.9989140041475799	0.003655119866161877	0.0010859958524200956	0.9963448801338382
dataset_name-FR-FCM-Z2KP_healthy_final_seed-420_sub-sampling-5000	cygate	num-4	run0	1	CD14 monocytes	CD14 monocytes	173159	2889	3874	1086452	0.9781170742178013	0.002652062118289865	0.0218829257821988	0.9973479378817102
dataset_name-FR-FCM-Z2KP_healthy_final_seed-420_sub-sampling-5000	cygate	num-4	run0	3	CD3+	CD3+	8894	3111	56522	1197847	0.1359606212547389	0.0025904319718091724	0.864039378745261	0.9974095680281908
dataset_name-FR-FCM-Z2KP_healthy_final_seed-420_sub-sampling-5000	cygate	num-4	run0	4	CD4	CD4	639566	393	30397	596018	0.9546288377119333	6.589415688174765e-4	0.045371162288066653	0.9993410584311825
dataset_name-FR-FCM-Z2KP_healthy_final_seed-420_sub-sampling-5000	cygate	num-5	run0	3	CD3+	CD3+	35602	76008	38002	1081621	0.48369653823161785	0.06565834131660489	0.5163034617683822	0.9343416586833951
dataset_name-FR-FCM-Z2KP_healthy_final_seed-420_sub-sampling-5000	cygate	num-5	run0	4	CD4	CD4	633070	19364	28171	550628	0.9573967736422878	0.033972406630268494	0.04260322635771224	0.9660275933697315
dataset_name-FR-FCM-Z2KP_healthy_final_seed-420_sub-sampling-5000	cygate	num-5	run0	2	CD19	CD19	159247	3783	192	1068011	0.998795777695545	0.0035295961723988004	0.0012042223044549953	0.9964704038276012
dataset_name-FR-FCM-Z2KP_healthy_final_seed-420_sub-sampling-5000	cygate	num-5	run0	1	CD14 monocytes	CD14 monocytes	148717	3150	5577	1073789	0.9638547189132436	0.0029249567524251606	0.03614528108675645	0.9970750432475748
dataset_name-FR-FCM-Z2KP_healthy_final_seed-420_sub-sampling-5000	cygate	num-5	run0	5	CD8	CD8	91054	0	91601	1048578	0.49850264159207247	0	0.5014973584079275	1
dataset_name-FR-FCM-Z2KP_healthy_final_seed-420_sub-sampling-5000	dgcytof	num-1	run0	3	CD3+	CD3+	33526	65049	51171	1196953	0.3958345632076697	0.051544292322833085	0.6041654367923303	0.9484557076771669
dataset_name-FR-FCM-Z2KP_healthy_final_seed-420_sub-sampling-5000	dgcytof	num-1	run0	4	CD4	CD4	655601	28011	30799	632288	0.955129662004662	0.04242169077948021	0.044870337995337996	0.9575783092205198
dataset_name-FR-FCM-Z2KP_healthy_final_seed-420_sub-sampling-5000	dgcytof	num-1	run0	1	CD14 monocytes	CD14 monocytes	198302	26747	2961	1118689	0.9852879068681277	0.02335093361829033	0.014712093131872227	0.9766490663817097
dataset_name-FR-FCM-Z2KP_healthy_final_seed-420_sub-sampling-5000	dgcytof	num-1	run0	5	CD8	CD8	137554	25199	61802	1122144	0.6899917735107045	0.021962917802261398	0.31000822648929555	0.9780370821977385
dataset_name-FR-FCM-Z2KP_healthy_final_seed-420_sub-sampling-5000	dgcytof	num-1	run0	2	CD19	CD19	168298	8412	6685	1163304	0.9617962887823388	0.0071792140757658	0.03820371121766115	0.9928207859242342
dataset_name-FR-FCM-Z2KP_healthy_final_seed-420_sub-sampling-5000	dgcytof	num-2	run0	4	CD4	CD4	603677	75810	3896	590978	0.9935876018190407	0.11369430763601025	0.006412398180959325	0.8863056923639897
dataset_name-FR-FCM-Z2KP_healthy_final_seed-420_sub-sampling-5000	dgcytof	num-2	run0	5	CD8	CD8	167744	32190	30448	1043979	0.846371195608299	0.029911658856555057	0.15362880439170098	0.9700883411434449
dataset_name-FR-FCM-Z2KP_healthy_final_seed-420_sub-sampling-5000	dgcytof	num-2	run0	2	CD19	CD19	174036	10391	1078	1088856	0.9938440101876492	0.00945283453127459	0.006155989812350811	0.9905471654687255
dataset_name-FR-FCM-Z2KP_healthy_final_seed-420_sub-sampling-5000	dgcytof	num-2	run0	1	CD14 monocytes	CD14 monocytes	204414	1707	6187	1062053	0.9706221717845595	0.0016046852673535384	0.029377828215440573	0.9983953147326464
dataset_name-FR-FCM-Z2KP_healthy_final_seed-420_sub-sampling-5000	dgcytof	num-2	run0	3	CD3+	CD3+	2497	1895	80384	1189585	0.030127532245026	0.001590458925034411	0.969872467754974	0.9984095410749656
dataset_name-FR-FCM-Z2KP_healthy_final_seed-420_sub-sampling-5000	dgcytof	num-3	run0	4	CD4	CD4	596506	47245	8918	521824	0.9852698274267291	0.08302156680472843	0.014730172573270963	0.9169784331952716
dataset_name-FR-FCM-Z2KP_healthy_final_seed-420_sub-sampling-5000	dgcytof	num-3	run0	5	CD8	CD8	188143	40275	13409	932666	0.9334712629991267	0.04139511028931867	0.06652873700087322	0.9586048897106814
dataset_name-FR-FCM-Z2KP_healthy_final_seed-420_sub-sampling-5000	dgcytof	num-3	run0	2	CD19	CD19	127513	6968	1349	1038663	0.9895314367307663	0.0066639187246743834	0.010468563269233754	0.9933360812753256
dataset_name-FR-FCM-Z2KP_healthy_final_seed-420_sub-sampling-5000	dgcytof	num-3	run0	1	CD14 monocytes	CD14 monocytes	160628	4682	6183	1003000	0.9629340990702052	0.004646307069095211	0.037065900929794796	0.9953536929309048
dataset_name-FR-FCM-Z2KP_healthy_final_seed-420_sub-sampling-5000	dgcytof	num-3	run0	3	CD3+	CD3+	1834	699	70010	1101950	0.025527531874617225	6.339279317353029e-4	0.9744724681253828	0.9993660720682647
dataset_name-FR-FCM-Z2KP_healthy_final_seed-420_sub-sampling-5000	dgcytof	num-4	run0	4	CD4	CD4	637817	48622	32146	547789	0.9520182457837224	0.08152431796194236	0.047981754216277615	0.9184756820380576
dataset_name-FR-FCM-Z2KP_healthy_final_seed-420_sub-sampling-5000	dgcytof	num-4	run0	5	CD8	CD8	174168	65801	6681	1019724	0.9630575784217773	0.060616752262730014	0.036942421578222716	0.93938324773727
dataset_name-FR-FCM-Z2KP_healthy_final_seed-420_sub-sampling-5000	dgcytof	num-4	run0	1	CD14 monocytes	CD14 monocytes	158435	10340	18598	1079001	0.8949461399852005	0.00949197725964597	0.1050538600147995	0.990508022740354
dataset_name-FR-FCM-Z2KP_healthy_final_seed-420_sub-sampling-5000	dgcytof	num-4	run0	3	CD3+	CD3+	4796	4002	60620	1196956	0.0733153968448086	0.0033323396821537473	0.9266846031551914	0.9966676603178463
dataset_name-FR-FCM-Z2KP_healthy_final_seed-420_sub-sampling-5000	dgcytof	num-4	run0	2	CD19	CD19	159380	3013	13733	1090248	0.9206703136101853	0.0027559750142006345	0.07932968638981475	0.9972440249857993
dataset_name-FR-FCM-Z2KP_healthy_final_seed-420_sub-sampling-5000	dgcytof	num-5	run0	4	CD4	CD4	642584	40183	18657	529809	0.97178487117405	0.07049748066639532	0.028215128825949995	0.9295025193336047
dataset_name-FR-FCM-Z2KP_healthy_final_seed-420_sub-sampling-5000	dgcytof	num-5	run0	3	CD3+	CD3+	36559	64450	37045	1093179	0.49669854899190263	0.0556741408516891	0.5033014510080974	0.9443258591483109
dataset_name-FR-FCM-Z2KP_healthy_final_seed-420_sub-sampling-5000	dgcytof	num-5	run0	5	CD8	CD8	130976	23485	51679	1025093	0.7170676959294845	0.02239699860191612	0.28293230407051545	0.9776030013980839
dataset_name-FR-FCM-Z2KP_healthy_final_seed-420_sub-sampling-5000	dgcytof	num-5	run0	2	CD19	CD19	156908	4265	2531	1067529	0.9841255903511688	0.003979309456854582	0.015874409648831213	0.9960206905431455
dataset_name-FR-FCM-Z2KP_healthy_final_seed-420_sub-sampling-5000	dgcytof	num-5	run0	1	CD14 monocytes	CD14 monocytes	129377	2446	24917	1074493	0.838509598558596	0.002271252132200617	0.16149040144140409	0.9977287478677994
dataset_name-FR-FCM-Z2KP_healthy_final_seed-420_sub-sampling-5000	gatemeclass	num-1	run0	1	CD14 monocytes	CD14 monocytes	198752	600918	2511	544518	0.9875237872833059	0.5246194462196054	0.012476212716694078	0.47538055378039457
dataset_name-FR-FCM-Z2KP_healthy_final_seed-420_sub-sampling-5000	gatemeclass	num-1	run0	5	CD8	CD8	40129	196055	159227	951288	0.2012931639880415	0.17087740980683197	0.7987068360119585	0.829122590193168
dataset_name-FR-FCM-Z2KP_healthy_final_seed-420_sub-sampling-5000	gatemeclass	num-1	run0	4	CD4	CD4	123680	21053	562720	639246	0.18018648018648017	0.03188404041199517	0.8198135198135198	0.9681159595880048
dataset_name-FR-FCM-Z2KP_healthy_final_seed-420_sub-sampling-5000	gatemeclass	num-1	run0	2	CD19	CD19	162644	3468	12339	1168248	0.9294845785019116	0.0029597615804512357	0.07051542149808838	0.9970402384195488
dataset_name-FR-FCM-Z2KP_healthy_final_seed-420_sub-sampling-5000	gatemeclass	num-1	run0	3	CD3+	CD3+	0	0	84697	1262002	0	0	1	1
dataset_name-FR-FCM-Z2KP_healthy_final_seed-420_sub-sampling-5000	gatemeclass	num-2	run0	5	CD8	CD8	156447	503020	41745	573149	0.7893709130540082	0.46741729226543416	0.21062908694599178	0.5325827077345658
dataset_name-FR-FCM-Z2KP_healthy_final_seed-420_sub-sampling-5000	gatemeclass	num-2	run0	4	CD4	CD4	286858	77612	320715	589176	0.4721375044644841	0.11639681577952812	0.5278624955355159	0.8836031842204719
dataset_name-FR-FCM-Z2KP_healthy_final_seed-420_sub-sampling-5000	gatemeclass	num-2	run0	3	CD3+	CD3+	1551	31534	81330	1159946	0.018713577297571216	0.02646624366334307	0.9812864227024288	0.973533756336657
dataset_name-FR-FCM-Z2KP_healthy_final_seed-420_sub-sampling-5000	gatemeclass	num-2	run0	2	CD19	CD19	162999	5431	12115	1093816	0.9308164966821614	0.004940654830079136	0.06918350331783867	0.9950593451699209
dataset_name-FR-FCM-Z2KP_healthy_final_seed-420_sub-sampling-5000	gatemeclass	num-2	run0	1	CD14 monocytes	CD14 monocytes	48569	315	162032	1063445	0.2306209372225203	2.961194254343085e-4	0.7693790627774797	0.9997038805745657
dataset_name-FR-FCM-Z2KP_healthy_final_seed-420_sub-sampling-5000	gatemeclass	num-3	run0	4	CD4	CD4	513911	260916	91513	308153	0.8488447765532916	0.4584962456222356	0.15115522344670843	0.5415037543777644
dataset_name-FR-FCM-Z2KP_healthy_final_seed-420_sub-sampling-5000	gatemeclass	num-3	run0	1	CD14 monocytes	CD14 monocytes	146832	5657	19979	1002025	0.8802297210615607	0.005613874218255362	0.1197702789384393	0.9943861257817447
dataset_name-FR-FCM-Z2KP_healthy_final_seed-420_sub-sampling-5000	gatemeclass	num-3	run0	2	CD19	CD19	120316	4980	8546	1040651	0.9336809920690351	0.0047626744042592465	0.0663190079309649	0.9952373255957407
dataset_name-FR-FCM-Z2KP_healthy_final_seed-420_sub-sampling-5000	gatemeclass	num-3	run0	3	CD3+	CD3+	0	0	71844	1102649	0	0	1	1
dataset_name-FR-FCM-Z2KP_healthy_final_seed-420_sub-sampling-5000	gatemeclass	num-3	run0	5	CD8	CD8	0	0	201552	972941	0	0	1	1
dataset_name-FR-FCM-Z2KP_healthy_final_seed-420_sub-sampling-5000	gatemeclass	num-4	run0	2	CD19	CD19	170498	16983	2615	1076278	0.9848942598187311	0.015534259431187978	0.015105740181268883	0.984465740568812
dataset_name-FR-FCM-Z2KP_healthy_final_seed-420_sub-sampling-5000	gatemeclass	num-4	run0	1	CD14 monocytes	CD14 monocytes	168225	15174	8808	1074167	0.950246564199895	0.013929522527840226	0.049753435800105064	0.9860704774721598
dataset_name-FR-FCM-Z2KP_healthy_final_seed-420_sub-sampling-5000	gatemeclass	num-4	run0	3	CD3+	CD3+	0	100	65416	1200858	0	8.326685862453142e-5	1	0.9999167331413754
dataset_name-FR-FCM-Z2KP_healthy_final_seed-420_sub-sampling-5000	gatemeclass	num-4	run0	4	CD4	CD4	0	0	669963	596411	0	0	1	1
dataset_name-FR-FCM-Z2KP_healthy_final_seed-420_sub-sampling-5000	gatemeclass	num-4	run0	5	CD8	CD8	0	0	180849	1085525	0	0	1	1
dataset_name-FR-FCM-Z2KP_healthy_final_seed-420_sub-sampling-5000	gatemeclass	num-5	run0	5	CD8	CD8	68903	196676	113752	851902	0.3772302975555008	0.18756449210263804	0.6227697024444991	0.812435507897362
dataset_name-FR-FCM-Z2KP_healthy_final_seed-420_sub-sampling-5000	gatemeclass	num-5	run0	4	CD4	CD4	289516	102147	371725	467845	0.43783733918495676	0.17920777835478394	0.5621626608150432	0.820792221645216
dataset_name-FR-FCM-Z2KP_healthy_final_seed-420_sub-sampling-5000	gatemeclass	num-5	run0	3	CD3+	CD3+	9231	41029	64373	1116600	0.1254143796532797	0.03544227036468506	0.8745856203467203	0.9645577296353149
dataset_name-FR-FCM-Z2KP_healthy_final_seed-420_sub-sampling-5000	gatemeclass	num-5	run0	2	CD19	CD19	155483	23743	3956	1048051	0.9751880029352918	0.02215257782745565	0.024811997064708134	0.9778474221725444
dataset_name-FR-FCM-Z2KP_healthy_final_seed-420_sub-sampling-5000	gatemeclass	num-5	run0	1	CD14 monocytes	CD14 monocytes	143916	15295	10378	1061644	0.9327387973608825	0.014202290008997724	0.06726120263911753	0.9857977099910022
dataset_name-FR-FCM-Z2KP_healthy_final_seed-420_sub-sampling-5000	knn	num-1	run0	3	CD3+	CD3+	27912	217349	56785	1044653	0.32955122377415963	0.17222555907201414	0.6704487762258403	0.8277744409279858
dataset_name-FR-FCM-Z2KP_healthy_final_seed-420_sub-sampling-5000	knn	num-1	run0	4	CD4	CD4	370550	98993	315850	561306	0.5398455710955711	0.14992147496815836	0.4601544289044289	0.8500785250318417
dataset_name-FR-FCM-Z2KP_healthy_final_seed-420_sub-sampling-5000	knn	num-1	run0	5	CD8	CD8	102439	124783	96917	1022560	0.513849595698148	0.10875823533154427	0.48615040430185197	0.8912417646684557
dataset_name-FR-FCM-Z2KP_healthy_final_seed-420_sub-sampling-5000	knn	num-1	run0	1	CD14 monocytes	CD14 monocytes	186316	70014	14947	1075422	0.9257339898540715	0.06112432296522896	0.07426601014592846	0.938875677034771
dataset_name-FR-FCM-Z2KP_healthy_final_seed-420_sub-sampling-5000	knn	num-1	run0	2	CD19	CD19	89486	58857	85497	1112859	0.5113982501157255	0.050231455403869196	0.48860174988427446	0.9497685445961308
dataset_name-FR-FCM-Z2KP_healthy_final_seed-420_sub-sampling-5000	knn	num-2	run0	4	CD4	CD4	389570	88307	218003	578481	0.6411904413132249	0.1324363965758232	0.3588095586867751	0.8675636034241768
dataset_name-FR-FCM-Z2KP_healthy_final_seed-420_sub-sampling-5000	knn	num-2	run0	2	CD19	CD19	106063	109746	69051	989501	0.6056797286339185	0.09983743417084605	0.3943202713660815	0.900162565829154
dataset_name-FR-FCM-Z2KP_healthy_final_seed-420_sub-sampling-5000	knn	num-2	run0	3	CD3+	CD3+	18549	111209	64332	1080271	0.22380280160712346	0.09333685836102998	0.7761971983928765	0.90666314163897
dataset_name-FR-FCM-Z2KP_healthy_final_seed-420_sub-sampling-5000	knn	num-2	run0	1	CD14 monocytes	CD14 monocytes	189410	82908	21191	980852	0.8993784454964602	0.07793863277431	0.10062155450353986	0.92206136722569
dataset_name-FR-FCM-Z2KP_healthy_final_seed-420_sub-sampling-5000	knn	num-2	run0	5	CD8	CD8	113210	65389	84982	1010780	0.571213772503431	0.06076090279500711	0.428786227496569	0.9392390972049929
dataset_name-FR-FCM-Z2KP_healthy_final_seed-420_sub-sampling-5000	knn	num-3	run0	4	CD4	CD4	384085	99525	221339	469544	0.6344066307249134	0.1748909183244914	0.36559336927508657	0.8251090816755086
dataset_name-FR-FCM-Z2KP_healthy_final_seed-420_sub-sampling-5000	knn	num-3	run0	2	CD19	CD19	80835	135542	48027	910089	0.6272989709922242	0.12962699078355558	0.37270102900777574	0.8703730092164444
dataset_name-FR-FCM-Z2KP_healthy_final_seed-420_sub-sampling-5000	knn	num-3	run0	3	CD3+	CD3+	22832	111071	49012	991578	0.3177996770781137	0.1007310576620484	0.6822003229218863	0.8992689423379516
dataset_name-FR-FCM-Z2KP_healthy_final_seed-420_sub-sampling-5000	knn	num-3	run0	5	CD8	CD8	85762	64779	115790	908162	0.4255080574740017	0.06658060457931159	0.5744919425259982	0.9334193954206884
dataset_name-FR-FCM-Z2KP_healthy_final_seed-420_sub-sampling-5000	knn	num-3	run0	1	CD14 monocytes	CD14 monocytes	138587	51475	28224	956207	0.8308025250133384	0.051082583592839806	0.16919747498666154	0.9489174164071602
dataset_name-FR-FCM-Z2KP_healthy_final_seed-420_sub-sampling-5000	knn	num-4	run0	2	CD19	CD19	120122	272801	52991	820460	0.6938935839596102	0.24952961827047704	0.3061064160403898	0.750470381729523
dataset_name-FR-FCM-Z2KP_healthy_final_seed-420_sub-sampling-5000	knn	num-4	run0	3	CD3+	CD3+	23772	201931	41644	999027	0.3633973339855693	0.16814160028910252	0.6366026660144307	0.8318583997108975
dataset_name-FR-FCM-Z2KP_healthy_final_seed-420_sub-sampling-5000	knn	num-4	run0	4	CD4	CD4	297851	76330	372112	520081	0.4445782826812824	0.12798221360773024	0.5554217173187176	0.8720177863922698
dataset_name-FR-FCM-Z2KP_healthy_final_seed-420_sub-sampling-5000	knn	num-4	run0	5	CD8	CD8	61659	62913	119190	1022612	0.3409418907486356	0.05795628843186477	0.6590581092513644	0.9420437115681353
dataset_name-FR-FCM-Z2KP_healthy_final_seed-420_sub-sampling-5000	knn	num-4	run0	1	CD14 monocytes	CD14 monocytes	142149	6846	34884	1082495	0.8029519920014913	0.0062845334931853295	0.19704800799850875	0.9937154665068146
dataset_name-FR-FCM-Z2KP_healthy_final_seed-420_sub-sampling-5000	knn	num-5	run0	3	CD3+	CD3+	24114	182765	49490	974864	0.3276180642356394	0.15787873316926235	0.6723819357643607	0.8421212668307376
dataset_name-FR-FCM-Z2KP_healthy_final_seed-420_sub-sampling-5000	knn	num-5	run0	4	CD4	CD4	405069	83868	256172	486124	0.6125890560325207	0.14713890721273282	0.3874109439674793	0.8528610927872672
dataset_name-FR-FCM-Z2KP_healthy_final_seed-420_sub-sampling-5000	knn	num-5	run0	5	CD8	CD8	104615	125340	78040	923238	0.5727464345350525	0.1195333108266624	0.4272535654649476	0.8804666891733376
dataset_name-FR-FCM-Z2KP_healthy_final_seed-420_sub-sampling-5000	knn	num-5	run0	2	CD19	CD19	94938	89895	64501	981899	0.595450297605981	0.08387339358122922	0.40454970239401905	0.9161266064187708
dataset_name-FR-FCM-Z2KP_healthy_final_seed-420_sub-sampling-5000	knn	num-5	run0	1	CD14 monocytes	CD14 monocytes	110996	9633	43298	1067306	0.7193798851543158	0.008944796316225896	0.2806201148456842	0.9910552036837741
dataset_name-FR-FCM-Z2KP_healthy_final_seed-420_sub-sampling-5000	lda	num-1	run0	5	CD8	CD8	166463	35528	32893	1111815	0.835003711952487	0.030965456711724394	0.16499628804751298	0.9690345432882757
dataset_name-FR-FCM-Z2KP_healthy_final_seed-420_sub-sampling-5000	lda	num-1	run0	3	CD3+	CD3+	30867	38152	53830	1223850	0.36444029894801466	0.03023133085367535	0.6355597010519853	0.9697686691463246
dataset_name-FR-FCM-Z2KP_healthy_final_seed-420_sub-sampling-5000	lda	num-1	run0	4	CD4	CD4	662318	10223	24082	650076	0.9649155011655012	0.015482379952112603	0.03508449883449884	0.9845176200478873
dataset_name-FR-FCM-Z2KP_healthy_final_seed-420_sub-sampling-5000	lda	num-1	run0	2	CD19	CD19	173563	3596	1420	1168120	0.9918849259642365	0.003069003069003069	0.008115074035763474	0.996930996930997
dataset_name-FR-FCM-Z2KP_healthy_final_seed-420_sub-sampling-5000	lda	num-1	run0	1	CD14 monocytes	CD14 monocytes	197282	2928	3981	1142508	0.9802199112603907	0.0025562318628015884	0.019780088739609368	0.9974437681371984
dataset_name-FR-FCM-Z2KP_healthy_final_seed-420_sub-sampling-5000	lda	num-2	run0	4	CD4	CD4	598089	43149	9484	623639	0.9843903530933732	0.06471172246651109	0.015609646906626858	0.9352882775334889
dataset_name-FR-FCM-Z2KP_healthy_final_seed-420_sub-sampling-5000	lda	num-2	run0	3	CD3+	CD3+	28305	44709	54576	1146771	0.34151373656205886	0.03752391983079867	0.6584862634379411	0.9624760801692013
dataset_name-FR-FCM-Z2KP_healthy_final_seed-420_sub-sampling-5000	lda	num-2	run0	5	CD8	CD8	116353	14716	81839	1061453	0.5870721320739485	0.01367443217561554	0.4129278679260515	0.9863255678243844
dataset_name-FR-FCM-Z2KP_healthy_final_seed-420_sub-sampling-5000	lda	num-2	run0	2	CD19	CD19	170274	6436	4840	1092811	0.9723608620669963	0.005854917047760876	0.027639137933003644	0.9941450829522391
dataset_name-FR-FCM-Z2KP_healthy_final_seed-420_sub-sampling-5000	lda	num-2	run0	1	CD14 monocytes	CD14 monocytes	200591	1179	10010	1062581	0.95246936149401	0.0011083327066255546	0.04753063850599	0.9988916672933744
dataset_name-FR-FCM-Z2KP_healthy_final_seed-420_sub-sampling-5000	lda	num-3	run0	4	CD4	CD4	599728	56547	5696	512522	0.9905917175401041	0.0993675635116304	0.009408282459895875	0.9006324364883695
dataset_name-FR-FCM-Z2KP_healthy_final_seed-420_sub-sampling-5000	lda	num-3	run0	3	CD3+	CD3+	21735	42216	50109	1060433	0.30253048271254385	0.03828598221192782	0.6974695172874562	0.9617140177880722
dataset_name-FR-FCM-Z2KP_healthy_final_seed-420_sub-sampling-5000	lda	num-3	run0	5	CD8	CD8	114423	11507	87129	961434	0.5677095737080258	0.011827027538154934	0.4322904262919743	0.9881729724618451
dataset_name-FR-FCM-Z2KP_healthy_final_seed-420_sub-sampling-5000	lda	num-3	run0	1	CD14 monocytes	CD14 monocytes	153028	1777	13783	1005905	0.9173735545018015	0.0017634531528795791	0.08262644549819856	0.9982365468471204
dataset_name-FR-FCM-Z2KP_healthy_final_seed-420_sub-sampling-5000	lda	num-3	run0	2	CD19	CD19	123227	1654	5635	1043977	0.9562710496500132	0.0015818199728202397	0.043728950349986806	0.9984181800271797
dataset_name-FR-FCM-Z2KP_healthy_final_seed-420_sub-sampling-5000	lda	num-4	run0	4	CD4	CD4	654239	87319	15724	509092	0.97653004718171	0.14640742709306168	0.023469952818289966	0.8535925729069384
dataset_name-FR-FCM-Z2KP_healthy_final_seed-420_sub-sampling-5000	lda	num-4	run0	5	CD8	CD8	127437	18678	53412	1066847	0.7046596884693861	0.017206420856267706	0.29534031153061396	0.9827935791437323
dataset_name-FR-FCM-Z2KP_healthy_final_seed-420_sub-sampling-5000	lda	num-4	run0	3	CD3+	CD3+	16820	16665	48596	1184293	0.2571236394765807	0.01387642198977816	0.7428763605234193	0.9861235780102219
dataset_name-FR-FCM-Z2KP_healthy_final_seed-420_sub-sampling-5000	lda	num-4	run0	2	CD19	CD19	160211	4008	12902	1089253	0.9254706463408294	0.0036660962020962974	0.0745293536591706	0.9963339037979037
dataset_name-FR-FCM-Z2KP_healthy_final_seed-420_sub-sampling-5000	lda	num-4	run0	1	CD14 monocytes	CD14 monocytes	133548	1465	43485	1087876	0.7543678297266612	0.0013448497761490662	0.24563217027333886	0.998655150223851
dataset_name-FR-FCM-Z2KP_healthy_final_seed-420_sub-sampling-5000	lda	num-5	run0	4	CD4	CD4	650423	100266	10818	469726	0.983639852943178	0.1759077320383444	0.016360147056821945	0.8240922679616556
dataset_name-FR-FCM-Z2KP_healthy_final_seed-420_sub-sampling-5000	lda	num-5	run0	5	CD8	CD8	129450	21402	53205	1027176	0.708713147737538	0.0204104987897896	0.29128685226246204	0.9795895012102104
dataset_name-FR-FCM-Z2KP_healthy_final_seed-420_sub-sampling-5000	lda	num-5	run0	3	CD3+	CD3+	14862	14111	58742	1143518	0.20191837400141296	0.012189570233641348	0.798081625998587	0.9878104297663587
dataset_name-FR-FCM-Z2KP_healthy_final_seed-420_sub-sampling-5000	lda	num-5	run0	2	CD19	CD19	137951	2194	21488	1069600	0.8652274537597451	0.0020470351578754874	0.1347725462402549	0.9979529648421245
dataset_name-FR-FCM-Z2KP_healthy_final_seed-420_sub-sampling-5000	lda	num-5	run0	1	CD14 monocytes	CD14 monocytes	110116	749	44178	1076190	0.7136764877441767	6.954897166877604e-4	0.2863235122558233	0.9993045102833122
dataset_name-FR-FCM-Z2KP_healthy_final_seed-420_sub-sampling-5000	random	num-1	run0	4	CD4	CD4	114482	110508	571918	549791	0.16678613053613053	0.16736054423829205	0.8332138694638694	0.832639455761708
dataset_name-FR-FCM-Z2KP_healthy_final_seed-420_sub-sampling-5000	random	num-1	run0	2	CD19	CD19	29307	195861	145676	975855	0.16748484138459166	0.1671573999160206	0.8325151586154084	0.8328426000839794
dataset_name-FR-FCM-Z2KP_healthy_final_seed-420_sub-sampling-5000	random	num-1	run0	3	CD3+	CD3+	14069	210213	70628	1051789	0.16610977956716294	0.1665710513929455	0.833890220432837	0.8334289486070545
dataset_name-FR-FCM-Z2KP_healthy_final_seed-420_sub-sampling-5000	random	num-1	run0	1	CD14 monocytes	CD14 monocytes	33636	190330	167627	955106	0.16712460809984944	0.16616380138218112	0.8328753919001506	0.8338361986178189
dataset_name-FR-FCM-Z2KP_healthy_final_seed-420_sub-sampling-5000	random	num-1	run0	5	CD8	CD8	33247	190644	166109	956699	0.16677200585886554	0.16616129614247876	0.8332279941411345	0.8338387038575212
dataset_name-FR-FCM-Z2KP_healthy_final_seed-420_sub-sampling-5000	random	num-2	run0	4	CD4	CD4	101376	111595	506197	555193	0.16685402412549602	0.1673620401087002	0.833145975874504	0.8326379598912997
dataset_name-FR-FCM-Z2KP_healthy_final_seed-420_sub-sampling-5000	random	num-2	run0	5	CD8	CD8	32650	179579	165542	896590	0.1647392427545007	0.1668687724697515	0.8352607572454993	0.8331312275302485
dataset_name-FR-FCM-Z2KP_healthy_final_seed-420_sub-sampling-5000	random	num-2	run0	2	CD19	CD19	29045	183116	146069	916131	0.16586338042646503	0.16658312462986025	0.8341366195735349	0.8334168753701398
dataset_name-FR-FCM-Z2KP_healthy_final_seed-420_sub-sampling-5000	random	num-2	run0	3	CD3+	CD3+	13953	198410	68928	993070	0.16834980272921418	0.16652398697418336	0.8316501972707858	0.8334760130258166
dataset_name-FR-FCM-Z2KP_healthy_final_seed-420_sub-sampling-5000	random	num-2	run0	1	CD14 monocytes	CD14 monocytes	34983	176866	175618	886894	0.1661103223631417	0.1662649469805219	0.8338896776368583	0.833735053019478
dataset_name-FR-FCM-Z2KP_healthy_final_seed-420_sub-sampling-5000	random	num-3	run0	1	CD14 monocytes	CD14 monocytes	27697	168856	139114	838826	0.1660382109093525	0.1675687369626529	0.8339617890906476	0.832431263037347
dataset_name-FR-FCM-Z2KP_healthy_final_seed-420_sub-sampling-5000	random	num-3	run0	5	CD8	CD8	33775	162217	167777	810724	0.167574620941494	0.1667285066617606	0.832425379058506	0.8332714933382395
dataset_name-FR-FCM-Z2KP_healthy_final_seed-420_sub-sampling-5000	random	num-3	run0	3	CD3+	CD3+	12010	183774	59834	918875	0.16716775235231893	0.16666591091090638	0.832832247647681	0.8333340890890937
dataset_name-FR-FCM-Z2KP_healthy_final_seed-420_sub-sampling-5000	random	num-3	run0	2	CD19	CD19	21463	174069	107399	871562	0.16655802331175987	0.1664726849146592	0.8334419766882402	0.8335273150853408
dataset_name-FR-FCM-Z2KP_healthy_final_seed-420_sub-sampling-5000	random	num-3	run0	4	CD4	CD4	100601	94522	504823	474547	0.16616619096699173	0.16609936580625548	0.8338338090330083	0.8339006341937445
dataset_name-FR-FCM-Z2KP_healthy_final_seed-420_sub-sampling-5000	random	num-4	run0	1	CD14 monocytes	CD14 monocytes	29530	182045	147503	907296	0.16680505894381273	0.1671147969276838	0.8331949410561873	0.8328852030723162
dataset_name-FR-FCM-Z2KP_healthy_final_seed-420_sub-sampling-5000	random	num-4	run0	5	CD8	CD8	30445	181306	150404	904219	0.16834486228842846	0.16702148729877248	0.8316551377115715	0.8329785127012275
dataset_name-FR-FCM-Z2KP_healthy_final_seed-420_sub-sampling-5000	random	num-4	run0	3	CD3+	CD3+	10831	200068	54585	1000890	0.16557111410052586	0.1665903387129275	0.8344288858994742	0.8334096612870725
dataset_name-FR-FCM-Z2KP_healthy_final_seed-420_sub-sampling-5000	random	num-4	run0	2	CD19	CD19	28886	182083	144227	911178	0.16686210740961108	0.16655034799558385	0.833137892590389	0.8334496520044161
dataset_name-FR-FCM-Z2KP_healthy_final_seed-420_sub-sampling-5000	random	num-4	run0	4	CD4	CD4	111538	98921	558425	497490	0.16648382074830997	0.16586045529006005	0.83351617925169	0.83413954470994
dataset_name-FR-FCM-Z2KP_healthy_final_seed-420_sub-sampling-5000	random	num-5	run0	4	CD4	CD4	110782	95063	550459	474929	0.1675364957708309	0.16677953374784207	0.832463504229169	0.833220466252158
dataset_name-FR-FCM-Z2KP_healthy_final_seed-420_sub-sampling-5000	random	num-5	run0	3	CD3+	CD3+	12246	192822	61358	964807	0.16637682734633988	0.16656631787904416	0.8336231726536601	0.8334336821209558
dataset_name-FR-FCM-Z2KP_healthy_final_seed-420_sub-sampling-5000	random	num-5	run0	5	CD8	CD8	30271	174583	152384	873995	0.16572773808546165	0.16649500561713101	0.8342722619145383	0.833504994382869
dataset_name-FR-FCM-Z2KP_healthy_final_seed-420_sub-sampling-5000	random	num-5	run0	1	CD14 monocytes	CD14 monocytes	25901	179138	128393	897801	0.16786783672728686	0.16633996911617094	0.8321321632727131	0.8336600308838291
dataset_name-FR-FCM-Z2KP_healthy_final_seed-420_sub-sampling-5000	random	num-5	run0	2	CD19	CD19	26783	177927	132656	893867	0.16798273948030282	0.16600858000697896	0.8320172605196972	0.8339914199930211
dataset_name-FR-FCM-Z2KP_healthy_final_seed-420_sub-sampling-50000	cyanno	num-1	run0	3	CD3+	CD3+	76274	6896	8423	1255106	0.9005513772624768	0.00546433365398787	0.09944862273752317	0.9945356663460121
dataset_name-FR-FCM-Z2KP_healthy_final_seed-420_sub-sampling-50000	cyanno	num-1	run0	5	CD8	CD8	193245	6211	6111	1141132	0.9693462950701258	0.0054133768193120975	0.030653704929874195	0.9945866231806879
dataset_name-FR-FCM-Z2KP_healthy_final_seed-420_sub-sampling-50000	cyanno	num-1	run0	4	CD4	CD4	685388	2221	1012	658078	0.998525641025641	0.0033636276898798877	0.0014743589743589744	0.9966363723101201
dataset_name-FR-FCM-Z2KP_healthy_final_seed-420_sub-sampling-50000	cyanno	num-1	run0	2	CD19	CD19	174884	393	99	1171323	0.9994342307538446	3.354055078193009e-4	5.657692461553408e-4	0.9996645944921807
dataset_name-FR-FCM-Z2KP_healthy_final_seed-420_sub-sampling-50000	cyanno	num-1	run0	1	CD14 monocytes	CD14 monocytes	201114	73	149	1145363	0.9992596751514188	6.373119056848222e-5	7.403248485812096e-4	0.9999362688094315
dataset_name-FR-FCM-Z2KP_healthy_final_seed-420_sub-sampling-50000	cyanno	num-2	run0	5	CD8	CD8	195378	8575	2814	1067594	0.9858016468878663	0.007968079362999678	0.014198353112133688	0.9920319206370003
dataset_name-FR-FCM-Z2KP_healthy_final_seed-420_sub-sampling-50000	cyanno	num-2	run0	4	CD4	CD4	606627	3012	946	663776	0.9984429854519539	0.0045171778736269996	0.0015570145480460784	0.995482822126373
dataset_name-FR-FCM-Z2KP_healthy_final_seed-420_sub-sampling-50000	cyanno	num-2	run0	3	CD3+	CD3+	71163	3413	11718	1188067	0.8586165707460094	0.0028645046496793905	0.14138342925399067	0.9971354953503206
dataset_name-FR-FCM-Z2KP_healthy_final_seed-420_sub-sampling-50000	cyanno	num-2	run0	2	CD19	CD19	175031	515	83	1098732	0.9995260230478431	4.6850252945880225e-4	4.7397695215688066e-4	0.9995314974705412
dataset_name-FR-FCM-Z2KP_healthy_final_seed-420_sub-sampling-50000	cyanno	num-2	run0	1	CD14 monocytes	CD14 monocytes	210572	75	29	1063685	0.9998622988494832	7.050462510340678e-5	1.3770115051685414e-4	0.9999294953748966
dataset_name-FR-FCM-Z2KP_healthy_final_seed-420_sub-sampling-50000	cyanno	num-3	run0	5	CD8	CD8	198498	5202	3054	967739	0.9848475827577995	0.005346675697704177	0.015152417242200523	0.9946533243022958
dataset_name-FR-FCM-Z2KP_healthy_final_seed-420_sub-sampling-50000	cyanno	num-3	run0	3	CD3+	CD3+	64889	3440	6955	1099209	0.9031930293413507	0.0031197597784970556	0.0968069706586493	0.9968802402215029
dataset_name-FR-FCM-Z2KP_healthy_final_seed-420_sub-sampling-50000	cyanno	num-3	run0	4	CD4	CD4	604835	1701	589	567368	0.9990271280953513	0.0029890927110772154	9.728719046486429e-4	0.9970109072889228
dataset_name-FR-FCM-Z2KP_healthy_final_seed-420_sub-sampling-50000	cyanno	num-3	run0	2	CD19	CD19	128769	253	93	1045378	0.9992782977138334	2.4195916150152397e-4	7.217022861665968e-4	0.9997580408384985
dataset_name-FR-FCM-Z2KP_healthy_final_seed-420_sub-sampling-50000	cyanno	num-3	run0	1	CD14 monocytes	CD14 monocytes	166801	105	10	1007577	0.9999400519150415	1.0419953914032403e-4	5.9948084958426005e-5	0.9998958004608597
dataset_name-FR-FCM-Z2KP_healthy_final_seed-420_sub-sampling-50000	cyanno	num-4	run0	5	CD8	CD8	179199	6645	1650	1078880	0.9908763664714763	0.006121461965408443	0.009123633528523797	0.9938785380345916
dataset_name-FR-FCM-Z2KP_healthy_final_seed-420_sub-sampling-50000	cyanno	num-4	run0	4	CD4	CD4	668459	1704	1504	594707	0.9977550999085024	0.002857090160979593	0.00224490009149759	0.9971429098390204
dataset_name-FR-FCM-Z2KP_healthy_final_seed-420_sub-sampling-50000	cyanno	num-4	run0	3	CD3+	CD3+	57026	2871	8390	1198087	0.871743915861563	0.002390591511110297	0.1282560841384371	0.9976094084888897
dataset_name-FR-FCM-Z2KP_healthy_final_seed-420_sub-sampling-50000	cyanno	num-4	run0	2	CD19	CD19	172889	494	224	1092767	0.9987060474949888	4.5185916263362546e-4	0.0012939525050111777	0.9995481408373664
dataset_name-FR-FCM-Z2KP_healthy_final_seed-420_sub-sampling-50000	cyanno	num-4	run0	1	CD14 monocytes	CD14 monocytes	176981	106	52	1089235	0.9997062694525879	9.730653670430104e-5	2.9373054741206443e-4	0.9999026934632957
dataset_name-FR-FCM-Z2KP_healthy_final_seed-420_sub-sampling-50000	cyanno	num-5	run0	5	CD8	CD8	179980	6993	2675	1041585	0.9853549040540911	0.006669031774460269	0.014645095945908954	0.9933309682255397
dataset_name-FR-FCM-Z2KP_healthy_final_seed-420_sub-sampling-50000	cyanno	num-5	run0	4	CD4	CD4	659927	2141	1314	567851	0.9980128273957604	0.0037561930693764123	0.001987172604239604	0.9962438069306235
dataset_name-FR-FCM-Z2KP_healthy_final_seed-420_sub-sampling-50000	cyanno	num-5	run0	3	CD3+	CD3+	64406	3778	9198	1153851	0.8750339655453508	0.003263567170483808	0.12496603445464921	0.9967364328295162
dataset_name-FR-FCM-Z2KP_healthy_final_seed-420_sub-sampling-50000	cyanno	num-5	run0	2	CD19	CD19	159349	345	90	1071449	0.9994355207947867	3.21890213977686e-4	5.644792052132791e-4	0.9996781097860223
dataset_name-FR-FCM-Z2KP_healthy_final_seed-420_sub-sampling-50000	cyanno	num-5	run0	1	CD14 monocytes	CD14 monocytes	154256	58	38	1076881	0.9997537169300167	5.3856346552590255e-5	2.462830699832787e-4	0.9999461436534474
dataset_name-FR-FCM-Z2KP_healthy_final_seed-420_sub-sampling-50000	cygate	num-1	run0	4	CD4	CD4	671618	27190	14782	633109	0.9784644522144522	0.04117831467259529	0.021535547785547785	0.9588216853274047
dataset_name-FR-FCM-Z2KP_healthy_final_seed-420_sub-sampling-50000	cygate	num-1	run0	3	CD3+	CD3+	46671	25347	38026	1236655	0.5510348654615866	0.020084754223844335	0.4489651345384134	0.9799152457761556
dataset_name-FR-FCM-Z2KP_healthy_final_seed-420_sub-sampling-50000	cygate	num-1	run0	5	CD8	CD8	182614	9076	16742	1138267	0.916019583057445	0.00791045049300863	0.08398041694255502	0.9920895495069914
dataset_name-FR-FCM-Z2KP_healthy_final_seed-420_sub-sampling-50000	cygate	num-1	run0	1	CD14 monocytes	CD14 monocytes	199822	1840	1441	1143596	0.992840214048285	0.0016063752143288669	0.0071597859517149205	0.9983936247856712
dataset_name-FR-FCM-Z2KP_healthy_final_seed-420_sub-sampling-50000	cygate	num-1	run0	2	CD19	CD19	174446	1291	537	1170425	0.9969311304526726	0.001101802825940757	0.0030688695473274547	0.9988981971740593
dataset_name-FR-FCM-Z2KP_healthy_final_seed-420_sub-sampling-50000	cygate	num-2	run0	3	CD3+	CD3+	39153	92855	43728	1098625	0.4724001882216672	0.07793248732668615	0.5275998117783328	0.9220675126733139
dataset_name-FR-FCM-Z2KP_healthy_final_seed-420_sub-sampling-50000	cygate	num-2	run0	4	CD4	CD4	577113	22586	30460	644202	0.9498661066242245	0.03387283514400379	0.050133893375775423	0.9661271648559963
dataset_name-FR-FCM-Z2KP_healthy_final_seed-420_sub-sampling-50000	cygate	num-2	run0	1	CD14 monocytes	CD14 monocytes	209032	4676	1569	1059084	0.9925498929254847	0.0043957283597804014	0.007450107074515316	0.9956042716402196
dataset_name-FR-FCM-Z2KP_healthy_final_seed-420_sub-sampling-50000	cygate	num-2	run0	2	CD19	CD19	173325	598	1789	1098649	0.9897837979830282	5.440087623618713e-4	0.010216202016971801	0.9994559912376382
dataset_name-FR-FCM-Z2KP_healthy_final_seed-420_sub-sampling-50000	cygate	num-2	run0	5	CD8	CD8	89398	1	108794	1076168	0.45106765157019457	9.292220831486505e-7	0.5489323484298054	0.9999990707779168
dataset_name-FR-FCM-Z2KP_healthy_final_seed-420_sub-sampling-50000	cygate	num-3	run0	4	CD4	CD4	580853	20422	24571	548647	0.9594152197468221	0.035886685094426156	0.04058478025317794	0.9641133149055738
dataset_name-FR-FCM-Z2KP_healthy_final_seed-420_sub-sampling-50000	cygate	num-3	run0	3	CD3+	CD3+	16827	28919	55017	1073730	0.23421580090195424	0.026226840998359407	0.7657841990980457	0.9737731590016406
dataset_name-FR-FCM-Z2KP_healthy_final_seed-420_sub-sampling-50000	cygate	num-3	run0	5	CD8	CD8	159044	13034	42508	959907	0.7890966103040407	0.013396495779291858	0.21090338969595934	0.9866035042207082
dataset_name-FR-FCM-Z2KP_healthy_final_seed-420_sub-sampling-50000	cygate	num-3	run0	2	CD19	CD19	128732	3377	130	1042254	0.998991168847294	0.0032296288078681678	0.0010088311527059956	0.9967703711921319
dataset_name-FR-FCM-Z2KP_healthy_final_seed-420_sub-sampling-50000	cygate	num-3	run0	1	CD14 monocytes	CD14 monocytes	161968	2002	4843	1005680	0.9709671424546343	0.0019867378796088447	0.029032857545365713	0.9980132621203912
dataset_name-FR-FCM-Z2KP_healthy_final_seed-420_sub-sampling-50000	cygate	num-4	run0	5	CD8	CD8	178228	19204	2621	1066321	0.9855072463768116	0.01769097901936851	0.014492753623188406	0.9823090209806314
dataset_name-FR-FCM-Z2KP_healthy_final_seed-420_sub-sampling-50000	cygate	num-4	run0	3	CD3+	CD3+	36926	13229	28490	1187729	0.5644796380090498	0.01101537272743926	0.43552036199095023	0.9889846272725608
dataset_name-FR-FCM-Z2KP_healthy_final_seed-420_sub-sampling-50000	cygate	num-4	run0	4	CD4	CD4	654390	5819	15573	590592	0.9767554327627048	0.009756694628368692	0.023244567237295195	0.9902433053716313
dataset_name-FR-FCM-Z2KP_healthy_final_seed-420_sub-sampling-50000	cygate	num-4	run0	2	CD19	CD19	173062	4145	51	1089116	0.9997053947421626	0.003791409370680926	2.9460525783736634e-4	0.9962085906293191
dataset_name-FR-FCM-Z2KP_healthy_final_seed-420_sub-sampling-50000	cygate	num-4	run0	1	CD14 monocytes	CD14 monocytes	173473	2077	3560	1087264	0.9798907548310202	0.0019066573276871062	0.020109245168979793	0.9980933426723129
dataset_name-FR-FCM-Z2KP_healthy_final_seed-420_sub-sampling-50000	cygate	num-5	run0	3	CD3+	CD3+	35633	85955	37971	1071674	0.4841177109939677	0.07425090421888186	0.5158822890060323	0.9257490957811181
dataset_name-FR-FCM-Z2KP_healthy_final_seed-420_sub-sampling-50000	cygate	num-5	run0	4	CD4	CD4	633070	19364	28171	550628	0.9573967736422878	0.033972406630268494	0.04260322635771224	0.9660275933697315
dataset_name-FR-FCM-Z2KP_healthy_final_seed-420_sub-sampling-50000	cygate	num-5	run0	2	CD19	CD19	159247	3783	192	1068011	0.998795777695545	0.0035295961723988004	0.0012042223044549953	0.9964704038276012
dataset_name-FR-FCM-Z2KP_healthy_final_seed-420_sub-sampling-50000	cygate	num-5	run0	1	CD14 monocytes	CD14 monocytes	148717	3150	5577	1073789	0.9638547189132436	0.0029249567524251606	0.03614528108675645	0.9970750432475748
dataset_name-FR-FCM-Z2KP_healthy_final_seed-420_sub-sampling-50000	cygate	num-5	run0	5	CD8	CD8	81935	0	100720	1048578	0.4485779201226356	0	0.5514220798773645	1
dataset_name-FR-FCM-Z2KP_healthy_final_seed-420_sub-sampling-50000	dgcytof	num-1	run0	5	CD8	CD8	184932	49591	14424	1097752	0.9276470234153976	0.043222471396958013	0.07235297658460242	0.956777528603042
dataset_name-FR-FCM-Z2KP_healthy_final_seed-420_sub-sampling-50000	dgcytof	num-1	run0	4	CD4	CD4	673711	17650	12689	642649	0.9815136946386946	0.026730314599900953	0.018486305361305362	0.9732696854000991
dataset_name-FR-FCM-Z2KP_healthy_final_seed-420_sub-sampling-50000	dgcytof	num-1	run0	3	CD3+	CD3+	21555	18458	63142	1243544	0.2544954366742624	0.014625967312254656	0.7455045633257377	0.9853740326877454
dataset_name-FR-FCM-Z2KP_healthy_final_seed-420_sub-sampling-50000	dgcytof	num-1	run0	1	CD14 monocytes	CD14 monocytes	199893	5062	1370	1140374	0.9931929862915687	0.004419277899419959	0.006807013708431257	0.99558072210058
dataset_name-FR-FCM-Z2KP_healthy_final_seed-420_sub-sampling-50000	dgcytof	num-1	run0	2	CD19	CD19	172955	2892	2028	1168824	0.9884103027151209	0.0024681748819679853	0.011589697284879102	0.9975318251180321
dataset_name-FR-FCM-Z2KP_healthy_final_seed-420_sub-sampling-50000	dgcytof	num-2	run0	4	CD4	CD4	603709	32590	3864	634198	0.9936402703872621	0.04887610454897209	0.006359729612737893	0.9511238954510279
dataset_name-FR-FCM-Z2KP_healthy_final_seed-420_sub-sampling-50000	dgcytof	num-2	run0	3	CD3+	CD3+	31749	45009	51132	1146471	0.38306728924602745	0.03777570752341625	0.6169327107539726	0.9622242924765837
dataset_name-FR-FCM-Z2KP_healthy_final_seed-420_sub-sampling-50000	dgcytof	num-2	run0	5	CD8	CD8	152432	25894	45760	1050275	0.7691127795269234	0.024061276621051154	0.2308872204730766	0.9759387233789488
dataset_name-FR-FCM-Z2KP_healthy_final_seed-420_sub-sampling-50000	dgcytof	num-2	run0	2	CD19	CD19	173943	3196	1171	1096051	0.9933129275786059	0.002907444823592878	0.006687072421394063	0.9970925551764072
dataset_name-FR-FCM-Z2KP_healthy_final_seed-420_sub-sampling-50000	dgcytof	num-2	run0	1	CD14 monocytes	CD14 monocytes	205288	551	5313	1063209	0.9747721995622053	5.179739790930285e-4	0.02522780043779469	0.999482026020907
dataset_name-FR-FCM-Z2KP_healthy_final_seed-420_sub-sampling-50000	dgcytof	num-3	run0	5	CD8	CD8	194079	46655	7473	926286	0.9629227196951655	0.047952547996229986	0.03707728030483448	0.9520474520037701
dataset_name-FR-FCM-Z2KP_healthy_final_seed-420_sub-sampling-50000	dgcytof	num-3	run0	4	CD4	CD4	589052	11516	16372	557553	0.972957794867729	0.02023656182290724	0.027042205132270937	0.9797634381770928
dataset_name-FR-FCM-Z2KP_healthy_final_seed-420_sub-sampling-50000	dgcytof	num-3	run0	3	CD3+	CD3+	18892	15842	52952	1086807	0.26295863259284	0.014367219305508825	0.73704136740716	0.9856327806944912
dataset_name-FR-FCM-Z2KP_healthy_final_seed-420_sub-sampling-50000	dgcytof	num-3	run0	1	CD14 monocytes	CD14 monocytes	165822	2441	989	1005241	0.9940711343976116	0.0024223911908717232	0.005928865602388332	0.9975776088091283
dataset_name-FR-FCM-Z2KP_healthy_final_seed-420_sub-sampling-50000	dgcytof	num-3	run0	2	CD19	CD19	127868	2326	994	1043305	0.9922863218016172	0.002224494109298596	0.007713678198382766	0.9977755058907014
dataset_name-FR-FCM-Z2KP_healthy_final_seed-420_sub-sampling-50000	dgcytof	num-4	run0	3	CD3+	CD3+	38685	95768	26731	1105190	0.5913690840161429	0.07974300516754125	0.40863091598385715	0.9202569948324587
dataset_name-FR-FCM-Z2KP_healthy_final_seed-420_sub-sampling-50000	dgcytof	num-4	run0	4	CD4	CD4	658488	24712	11475	571699	0.982872188464139	0.04143451411861954	0.017127811535860935	0.9585654858813805
dataset_name-FR-FCM-Z2KP_healthy_final_seed-420_sub-sampling-50000	dgcytof	num-4	run0	5	CD8	CD8	94491	16208	86358	1069317	0.5224856095416618	0.014931024158817162	0.47751439045833816	0.9850689758411828
dataset_name-FR-FCM-Z2KP_healthy_final_seed-420_sub-sampling-50000	dgcytof	num-4	run0	2	CD19	CD19	168408	1453	4705	1091808	0.9728212208210821	0.0013290513427260278	0.027178779178917818	0.998670948657274
dataset_name-FR-FCM-Z2KP_healthy_final_seed-420_sub-sampling-50000	dgcytof	num-4	run0	1	CD14 monocytes	CD14 monocytes	166992	1169	10041	1088172	0.943281761027605	0.0010731258623332823	0.056718238972394974	0.9989268741376667
dataset_name-FR-FCM-Z2KP_healthy_final_seed-420_sub-sampling-50000	dgcytof	num-5	run0	4	CD4	CD4	659704	46038	1537	523954	0.9976755827300485	0.08076955466041628	0.0023244172699515005	0.9192304453395838
dataset_name-FR-FCM-Z2KP_healthy_final_seed-420_sub-sampling-50000	dgcytof	num-5	run0	5	CD8	CD8	177417	44697	5238	1003881	0.9713229859571323	0.042626299617195856	0.028677014042867703	0.9573737003828041
dataset_name-FR-FCM-Z2KP_healthy_final_seed-420_sub-sampling-50000	dgcytof	num-5	run0	2	CD19	CD19	155315	1963	4124	1069831	0.9741343084188937	0.0018315086667773845	0.025865691581106253	0.9981684913332226
dataset_name-FR-FCM-Z2KP_healthy_final_seed-420_sub-sampling-50000	dgcytof	num-5	run0	1	CD14 monocytes	CD14 monocytes	143401	467	10893	1076472	0.929401013649267	4.3363644551826984e-4	0.07059898635073301	0.9995663635544817
dataset_name-FR-FCM-Z2KP_healthy_final_seed-420_sub-sampling-50000	dgcytof	num-5	run0	3	CD3+	CD3+	1823	408	71781	1157221	0.024767675669800555	3.524445223815229e-4	0.9752323243301995	0.9996475554776185
dataset_name-FR-FCM-Z2KP_healthy_final_seed-420_sub-sampling-50000	gatemeclass	num-1	run0	4	CD4	CD4	586253	168607	100147	491692	0.8540981934731935	0.25534947046716716	0.14590180652680654	0.7446505295328328
dataset_name-FR-FCM-Z2KP_healthy_final_seed-420_sub-sampling-50000	gatemeclass	num-1	run0	1	CD14 monocytes	CD14 monocytes	188356	15604	12907	1129832	0.9358699810695458	0.013622760241515021	0.06413001893045418	0.986377239758485
dataset_name-FR-FCM-Z2KP_healthy_final_seed-420_sub-sampling-50000	gatemeclass	num-1	run0	2	CD19	CD19	171449	12187	3534	1159529	0.9798037523645154	0.010400984538915574	0.02019624763548459	0.9895990154610844
dataset_name-FR-FCM-Z2KP_healthy_final_seed-420_sub-sampling-50000	gatemeclass	num-1	run0	3	CD3+	CD3+	0	0	84697	1262002	0	0	1	1
dataset_name-FR-FCM-Z2KP_healthy_final_seed-420_sub-sampling-50000	gatemeclass	num-1	run0	5	CD8	CD8	0	0	199356	1147343	0	0	1	1
dataset_name-FR-FCM-Z2KP_healthy_final_seed-420_sub-sampling-50000	gatemeclass	num-2	run0	5	CD8	CD8	163694	732015	34498	344154	0.8259364656494712	0.6802045031960594	0.1740635343505288	0.31979549680394065
dataset_name-FR-FCM-Z2KP_healthy_final_seed-420_sub-sampling-50000	gatemeclass	num-2	run0	3	CD3+	CD3+	16358	77314	66523	1114166	0.19736730975736297	0.06488904555678651	0.8026326902426371	0.9351109544432135
dataset_name-FR-FCM-Z2KP_healthy_final_seed-420_sub-sampling-50000	gatemeclass	num-2	run0	4	CD4	CD4	65073	32615	542500	634173	0.10710317937103854	0.04891359772521401	0.8928968206289615	0.951086402274786
dataset_name-FR-FCM-Z2KP_healthy_final_seed-420_sub-sampling-50000	gatemeclass	num-2	run0	2	CD19	CD19	165681	3235	9433	1096012	0.9461322338590861	0.002942923655920826	0.05386776614091392	0.9970570763440791
dataset_name-FR-FCM-Z2KP_healthy_final_seed-420_sub-sampling-50000	gatemeclass	num-2	run0	1	CD14 monocytes	CD14 monocytes	18171	205	192430	1063555	0.08628164158764678	1.9271264194931187e-4	0.9137183584123533	0.9998072873580507
dataset_name-FR-FCM-Z2KP_healthy_final_seed-420_sub-sampling-50000	gatemeclass	num-3	run0	1	CD14 monocytes	CD14 monocytes	164930	664868	1881	342814	0.98872376521932	0.6597994208490376	0.011276234780679932	0.3402005791509623
dataset_name-FR-FCM-Z2KP_healthy_final_seed-420_sub-sampling-50000	gatemeclass	num-3	run0	3	CD3+	CD3+	11049	211106	60795	891543	0.15379154835476866	0.1914534906393603	0.8462084516452313	0.8085465093606397
dataset_name-FR-FCM-Z2KP_healthy_final_seed-420_sub-sampling-50000	gatemeclass	num-3	run0	2	CD19	CD19	117749	4625	11113	1041006	0.9137604569229097	0.004423166489899401	0.08623954307709022	0.9955768335101006
dataset_name-FR-FCM-Z2KP_healthy_final_seed-420_sub-sampling-50000	gatemeclass	num-3	run0	4	CD4	CD4	0	0	605424	569069	0	0	1	1
dataset_name-FR-FCM-Z2KP_healthy_final_seed-420_sub-sampling-50000	gatemeclass	num-3	run0	5	CD8	CD8	0	0	201552	972941	0	0	1	1
dataset_name-FR-FCM-Z2KP_healthy_final_seed-420_sub-sampling-50000	gatemeclass	num-4	run0	4	CD4	CD4	534306	184390	135657	412021	0.7975156837019358	0.3091659945909784	0.2024843162980642	0.6908340054090216
dataset_name-FR-FCM-Z2KP_healthy_final_seed-420_sub-sampling-50000	gatemeclass	num-4	run0	3	CD3+	CD3+	17249	203108	48167	997850	0.2636816680934328	0.16912165121511327	0.7363183319065671	0.8308783487848868
dataset_name-FR-FCM-Z2KP_healthy_final_seed-420_sub-sampling-50000	gatemeclass	num-4	run0	2	CD19	CD19	165287	4084	7826	1089177	0.954792534356172	0.0037356129963476243	0.04520746564382802	0.9962643870036524
dataset_name-FR-FCM-Z2KP_healthy_final_seed-420_sub-sampling-50000	gatemeclass	num-4	run0	1	CD14 monocytes	CD14 monocytes	154673	3227	22360	1086114	0.8736958646128123	0.0029623414523092403	0.1263041353871877	0.9970376585476908
dataset_name-FR-FCM-Z2KP_healthy_final_seed-420_sub-sampling-50000	gatemeclass	num-4	run0	5	CD8	CD8	13	37	180836	1085488	7.188317325503597e-5	3.4084889799866425e-5	0.999928116826745	0.9999659151102002
dataset_name-FR-FCM-Z2KP_healthy_final_seed-420_sub-sampling-50000	gatemeclass	num-5	run0	4	CD4	CD4	549081	200642	112160	369350	0.8303795439181781	0.35200844924139285	0.1696204560818219	0.6479915507586071
dataset_name-FR-FCM-Z2KP_healthy_final_seed-420_sub-sampling-50000	gatemeclass	num-5	run0	5	CD8	CD8	44153	115271	138502	933307	0.24172894254195068	0.10993078245013724	0.7582710574580493	0.8900692175498628
dataset_name-FR-FCM-Z2KP_healthy_final_seed-420_sub-sampling-50000	gatemeclass	num-5	run0	3	CD3+	CD3+	8265	22729	65339	1134900	0.11229009292973208	0.01963409693433734	0.8877099070702679	0.9803659030656626
dataset_name-FR-FCM-Z2KP_healthy_final_seed-420_sub-sampling-50000	gatemeclass	num-5	run0	1	CD14 monocytes	CD14 monocytes	133712	3166	20582	1073773	0.8666053119369516	0.0029398136756120822	0.13339468806304847	0.9970601863243879
dataset_name-FR-FCM-Z2KP_healthy_final_seed-420_sub-sampling-50000	gatemeclass	num-5	run0	2	CD19	CD19	151371	2843	8068	1068951	0.949397575248214	0.0026525619661987286	0.05060242475178595	0.9973474380338013
dataset_name-FR-FCM-Z2KP_healthy_final_seed-420_sub-sampling-50000	knn	num-1	run0	3	CD3+	CD3+	27842	203866	56855	1058136	0.3287247482201259	0.1615417408213299	0.6712752517798741	0.8384582591786701
dataset_name-FR-FCM-Z2KP_healthy_final_seed-420_sub-sampling-50000	knn	num-1	run0	4	CD4	CD4	391395	83408	295005	576891	0.5702141608391609	0.126318531453175	0.4297858391608392	0.873681468546825
dataset_name-FR-FCM-Z2KP_healthy_final_seed-420_sub-sampling-50000	knn	num-1	run0	5	CD8	CD8	104433	137350	94923	1009993	0.5238518028050322	0.11971136791700476	0.4761481971949678	0.8802886320829952
dataset_name-FR-FCM-Z2KP_healthy_final_seed-420_sub-sampling-50000	knn	num-1	run0	1	CD14 monocytes	CD14 monocytes	184213	98329	17050	1047107	0.9152849753804723	0.08584416763572998	0.08471502461952768	0.91415583236427
dataset_name-FR-FCM-Z2KP_healthy_final_seed-420_sub-sampling-50000	knn	num-1	run0	2	CD19	CD19	87097	28766	87886	1142950	0.49774549527668405	0.02455031765376593	0.502254504723316	0.9754496823462341
dataset_name-FR-FCM-Z2KP_healthy_final_seed-420_sub-sampling-50000	knn	num-2	run0	4	CD4	CD4	373743	98141	233830	568647	0.6151408966494561	0.1471847123823464	0.3848591033505439	0.8528152876176536
dataset_name-FR-FCM-Z2KP_healthy_final_seed-420_sub-sampling-50000	knn	num-2	run0	3	CD3+	CD3+	22637	147646	60244	1043834	0.2731265308092325	0.12391815221405311	0.7268734691907675	0.8760818477859469
dataset_name-FR-FCM-Z2KP_healthy_final_seed-420_sub-sampling-50000	knn	num-2	run0	2	CD19	CD19	99915	122579	75199	976668	0.5705711707801775	0.11151178943403985	0.4294288292198225	0.8884882105659602
dataset_name-FR-FCM-Z2KP_healthy_final_seed-420_sub-sampling-50000	knn	num-2	run0	1	CD14 monocytes	CD14 monocytes	191379	69548	19222	994212	0.908727878785001	0.06537940888922314	0.09127212121499897	0.9346205911107769
dataset_name-FR-FCM-Z2KP_healthy_final_seed-420_sub-sampling-50000	knn	num-2	run0	5	CD8	CD8	99765	49008	98427	1027161	0.5033755146524582	0.04553931585094906	0.4966244853475418	0.9544606841490509
dataset_name-FR-FCM-Z2KP_healthy_final_seed-420_sub-sampling-50000	knn	num-3	run0	4	CD4	CD4	402012	104218	203412	464851	0.6640172837548561	0.1831377214362406	0.3359827162451439	0.8168622785637594
dataset_name-FR-FCM-Z2KP_healthy_final_seed-420_sub-sampling-50000	knn	num-3	run0	2	CD19	CD19	87000	157035	41862	888596	0.675140848349397	0.15018204318731943	0.324859151650603	0.8498179568126806
dataset_name-FR-FCM-Z2KP_healthy_final_seed-420_sub-sampling-50000	knn	num-3	run0	3	CD3+	CD3+	19868	107702	51976	994947	0.2765436222927454	0.09767568827432846	0.7234563777072546	0.9023243117256715
dataset_name-FR-FCM-Z2KP_healthy_final_seed-420_sub-sampling-50000	knn	num-3	run0	5	CD8	CD8	82191	37203	119361	935738	0.40779054536794473	0.03823767319909429	0.5922094546320552	0.9617623268009057
dataset_name-FR-FCM-Z2KP_healthy_final_seed-420_sub-sampling-50000	knn	num-3	run0	1	CD14 monocytes	CD14 monocytes	141362	35902	25449	971780	0.8474381185893016	0.03562830337348489	0.15256188141069835	0.9643716966265151
dataset_name-FR-FCM-Z2KP_healthy_final_seed-420_sub-sampling-50000	knn	num-4	run0	3	CD3+	CD3+	19742	213321	45674	987637	0.30179161061514004	0.17762569548643667	0.69820838938486	0.8223743045135633
dataset_name-FR-FCM-Z2KP_healthy_final_seed-420_sub-sampling-50000	knn	num-4	run0	2	CD19	CD19	117514	189271	55599	903990	0.678828279794123	0.17312517322030146	0.3211717202058771	0.8268748267796985
dataset_name-FR-FCM-Z2KP_healthy_final_seed-420_sub-sampling-50000	knn	num-4	run0	4	CD4	CD4	336081	73871	333882	522540	0.5016411354059851	0.1238592178883354	0.4983588645940149	0.8761407821116646
dataset_name-FR-FCM-Z2KP_healthy_final_seed-420_sub-sampling-50000	knn	num-4	run0	5	CD8	CD8	91621	71785	89228	1013740	0.5066160166768962	0.06612929227793003	0.4933839833231038	0.9338707077220699
dataset_name-FR-FCM-Z2KP_healthy_final_seed-420_sub-sampling-50000	knn	num-4	run0	1	CD14 monocytes	CD14 monocytes	143010	10158	34023	1079183	0.8078154920269103	0.009324903772097074	0.19218450797308975	0.990675096227903
dataset_name-FR-FCM-Z2KP_healthy_final_seed-420_sub-sampling-50000	knn	num-5	run0	4	CD4	CD4	392400	115728	268841	454264	0.5934296270194982	0.20303442855338322	0.4065703729805018	0.7969655714466168
dataset_name-FR-FCM-Z2KP_healthy_final_seed-420_sub-sampling-50000	knn	num-5	run0	3	CD3+	CD3+	21878	174118	51726	983511	0.2972392804738873	0.15040915526476964	0.7027607195261127	0.8495908447352304
dataset_name-FR-FCM-Z2KP_healthy_final_seed-420_sub-sampling-50000	knn	num-5	run0	2	CD19	CD19	85217	134764	74222	937030	0.5344802714517778	0.125736848685475	0.4655197285482222	0.874263151314525
dataset_name-FR-FCM-Z2KP_healthy_final_seed-420_sub-sampling-50000	knn	num-5	run0	5	CD8	CD8	99060	83887	83595	964691	0.5423339081875668	0.08000072479109804	0.4576660918124333	0.919999275208902
dataset_name-FR-FCM-Z2KP_healthy_final_seed-420_sub-sampling-50000	knn	num-5	run0	1	CD14 monocytes	CD14 monocytes	115314	8867	38980	1068072	0.7473654192645209	0.008233521118652031	0.252634580735479	0.991766478881348
dataset_name-FR-FCM-Z2KP_healthy_final_seed-420_sub-sampling-50000	lda	num-1	run0	3	CD3+	CD3+	31300	36035	53397	1225967	0.36955264058939513	0.028553837474108598	0.6304473594106048	0.9714461625258914
dataset_name-FR-FCM-Z2KP_healthy_final_seed-420_sub-sampling-50000	lda	num-1	run0	5	CD8	CD8	162507	30176	36849	1117167	0.8151598146030218	0.026300766205049404	0.18484018539697827	0.9736992337949506
dataset_name-FR-FCM-Z2KP_healthy_final_seed-420_sub-sampling-50000	lda	num-1	run0	4	CD4	CD4	656977	8748	29423	651551	0.957134324009324	0.013248543462885754	0.04286567599067599	0.9867514565371143
dataset_name-FR-FCM-Z2KP_healthy_final_seed-420_sub-sampling-50000	lda	num-1	run0	2	CD19	CD19	173448	3687	1535	1168029	0.9912277192641571	0.003146666939770388	0.008772280735842911	0.9968533330602296
dataset_name-FR-FCM-Z2KP_healthy_final_seed-420_sub-sampling-50000	lda	num-1	run0	1	CD14 monocytes	CD14 monocytes	197079	2251	4184	1143185	0.979211280761988	0.0019651905475294995	0.020788719238011955	0.9980348094524705
dataset_name-FR-FCM-Z2KP_healthy_final_seed-420_sub-sampling-50000	lda	num-2	run0	4	CD4	CD4	591175	44327	16398	622461	0.9730106505720301	0.06647840093103055	0.02698934942796997	0.9335215990689695
dataset_name-FR-FCM-Z2KP_healthy_final_seed-420_sub-sampling-50000	lda	num-2	run0	3	CD3+	CD3+	21646	28234	61235	1163246	0.2611696287448269	0.023696579044549637	0.738830371255173	0.9763034209554504
dataset_name-FR-FCM-Z2KP_healthy_final_seed-420_sub-sampling-50000	lda	num-2	run0	5	CD8	CD8	118926	17021	79266	1059148	0.6000544926132235	0.015816289077273178	0.3999455073867765	0.9841837109227268
dataset_name-FR-FCM-Z2KP_healthy_final_seed-420_sub-sampling-50000	lda	num-2	run0	2	CD19	CD19	171236	5172	3878	1094075	0.9778544262594653	0.004705038994875583	0.022145573740534736	0.9952949610051244
dataset_name-FR-FCM-Z2KP_healthy_final_seed-420_sub-sampling-50000	lda	num-2	run0	1	CD14 monocytes	CD14 monocytes	200852	1409	9749	1062351	0.9537086718486617	0.001324546890276002	0.04629132815133831	0.9986754531097239
dataset_name-FR-FCM-Z2KP_healthy_final_seed-420_sub-sampling-50000	lda	num-3	run0	4	CD4	CD4	596601	49096	8823	519973	0.9854267422500594	0.08627424793829923	0.014573257749940538	0.9137257520617008
dataset_name-FR-FCM-Z2KP_healthy_final_seed-420_sub-sampling-50000	lda	num-3	run0	3	CD3+	CD3+	21725	32455	50119	1070194	0.3023912922443071	0.029433663840442426	0.6976087077556928	0.9705663361595576
dataset_name-FR-FCM-Z2KP_healthy_final_seed-420_sub-sampling-50000	lda	num-3	run0	5	CD8	CD8	116303	10441	85249	962500	0.5770371913947765	0.010731380422862228	0.42296280860522345	0.9892686195771377
dataset_name-FR-FCM-Z2KP_healthy_final_seed-420_sub-sampling-50000	lda	num-3	run0	2	CD19	CD19	124168	1693	4694	1043938	0.9635734351476773	0.0016191180253837156	0.03642656485232264	0.9983808819746163
dataset_name-FR-FCM-Z2KP_healthy_final_seed-420_sub-sampling-50000	lda	num-3	run0	1	CD14 monocytes	CD14 monocytes	151639	1020	15172	1006662	0.9090467655010761	0.001012224094506005	0.09095323449892394	0.998987775905494
dataset_name-FR-FCM-Z2KP_healthy_final_seed-420_sub-sampling-50000	lda	num-4	run0	4	CD4	CD4	656049	98762	13914	497649	0.9792316889141639	0.1655938606095461	0.020768311085836082	0.8344061393904539
dataset_name-FR-FCM-Z2KP_healthy_final_seed-420_sub-sampling-50000	lda	num-4	run0	5	CD8	CD8	123885	18682	56964	1066843	0.6850189937461639	0.01721010570921904	0.31498100625383607	0.982789894290781
dataset_name-FR-FCM-Z2KP_healthy_final_seed-420_sub-sampling-50000	lda	num-4	run0	3	CD3+	CD3+	14519	14259	50897	1186699	0.2219487587134646	0.011873021371271934	0.7780512412865354	0.9881269786287281
dataset_name-FR-FCM-Z2KP_healthy_final_seed-420_sub-sampling-50000	lda	num-4	run0	2	CD19	CD19	160188	4042	12925	1089219	0.9253377851461184	0.003697195820577154	0.07466221485388157	0.9963028041794229
dataset_name-FR-FCM-Z2KP_healthy_final_seed-420_sub-sampling-50000	lda	num-4	run0	1	CD14 monocytes	CD14 monocytes	128835	472	48198	1088869	0.7277456745352562	4.332894841927367e-4	0.2722543254647439	0.9995667105158073
dataset_name-FR-FCM-Z2KP_healthy_final_seed-420_sub-sampling-50000	lda	num-5	run0	4	CD4	CD4	652449	97395	8792	472597	0.986703788785027	0.17087081923956826	0.013296211214973059	0.8291291807604317
dataset_name-FR-FCM-Z2KP_healthy_final_seed-420_sub-sampling-50000	lda	num-5	run0	5	CD8	CD8	125106	19231	57549	1029347	0.6849306068818264	0.018340075797890095	0.3150693931181736	0.9816599242021099
dataset_name-FR-FCM-Z2KP_healthy_final_seed-420_sub-sampling-50000	lda	num-5	run0	3	CD3+	CD3+	13999	11681	59605	1145948	0.19019346774631812	0.010090452122398454	0.8098065322536818	0.9899095478776015
dataset_name-FR-FCM-Z2KP_healthy_final_seed-420_sub-sampling-50000	lda	num-5	run0	2	CD19	CD19	141108	2223	18331	1069571	0.8850281298803931	0.0020740925961518723	0.11497187011960687	0.9979259074038481
dataset_name-FR-FCM-Z2KP_healthy_final_seed-420_sub-sampling-50000	lda	num-5	run0	1	CD14 monocytes	CD14 monocytes	110730	345	43564	1076594	0.7176559036644329	3.203524062179938e-4	0.2823440963355672	0.999679647593782
dataset_name-FR-FCM-Z2KP_healthy_final_seed-420_sub-sampling-50000	random	num-1	run0	4	CD4	CD4	114613	110555	571787	549744	0.16697698135198136	0.16743172411286403	0.8330230186480186	0.832568275887136
dataset_name-FR-FCM-Z2KP_healthy_final_seed-420_sub-sampling-50000	random	num-1	run0	1	CD14 monocytes	CD14 monocytes	33548	191442	167715	953994	0.1666873692631035	0.16713461075084074	0.8333126307368965	0.8328653892491593
dataset_name-FR-FCM-Z2KP_healthy_final_seed-420_sub-sampling-50000	random	num-1	run0	3	CD3+	CD3+	14069	210213	70628	1051789	0.16610977956716294	0.1665710513929455	0.833890220432837	0.8334289486070545
dataset_name-FR-FCM-Z2KP_healthy_final_seed-420_sub-sampling-50000	random	num-1	run0	5	CD8	CD8	33104	190862	166252	956481	0.16605469612151127	0.16635130035220505	0.8339453038784888	0.833648699647795
dataset_name-FR-FCM-Z2KP_healthy_final_seed-420_sub-sampling-50000	random	num-1	run0	2	CD19	CD19	29098	194793	145885	976923	0.16629043964270815	0.16624591624591625	0.8337095603572918	0.8337540837540838
dataset_name-FR-FCM-Z2KP_healthy_final_seed-420_sub-sampling-50000	random	num-2	run0	4	CD4	CD4	101376	111595	506197	555193	0.16685402412549602	0.1673620401087002	0.833145975874504	0.8326379598912997
dataset_name-FR-FCM-Z2KP_healthy_final_seed-420_sub-sampling-50000	random	num-2	run0	5	CD8	CD8	32961	179827	165231	896342	0.16630842819084524	0.16709921954637236	0.8336915718091548	0.8329007804536276
dataset_name-FR-FCM-Z2KP_healthy_final_seed-420_sub-sampling-50000	random	num-2	run0	1	CD14 monocytes	CD14 monocytes	34846	177517	175755	886243	0.1654598031348379	0.1668769271264195	0.8345401968651621	0.8331230728735806
dataset_name-FR-FCM-Z2KP_healthy_final_seed-420_sub-sampling-50000	random	num-2	run0	3	CD3+	CD3+	13663	198498	69218	992982	0.1648508101977534	0.1665978446973512	0.8351491898022466	0.8334021553026488
dataset_name-FR-FCM-Z2KP_healthy_final_seed-420_sub-sampling-50000	random	num-2	run0	2	CD19	CD19	29437	182792	145677	916455	0.1681019221764108	0.16628837740744346	0.8318980778235892	0.8337116225925565
dataset_name-FR-FCM-Z2KP_healthy_final_seed-420_sub-sampling-50000	random	num-3	run0	4	CD4	CD4	101566	94987	503858	474082	0.16776011522503237	0.1669164899159856	0.8322398847749676	0.8330835100840144
dataset_name-FR-FCM-Z2KP_healthy_final_seed-420_sub-sampling-50000	random	num-3	run0	3	CD3+	CD3+	12010	183774	59834	918875	0.16716775235231893	0.16666591091090638	0.832832247647681	0.8333340890890937
dataset_name-FR-FCM-Z2KP_healthy_final_seed-420_sub-sampling-50000	random	num-3	run0	1	CD14 monocytes	CD14 monocytes	27600	167909	139211	839773	0.16545671448525576	0.1666289563572635	0.8345432855147442	0.8333710436427365
dataset_name-FR-FCM-Z2KP_healthy_final_seed-420_sub-sampling-50000	random	num-3	run0	5	CD8	CD8	33428	162104	168124	810837	0.16585298086846073	0.16661236395629334	0.8341470191315392	0.8333876360437067
dataset_name-FR-FCM-Z2KP_healthy_final_seed-420_sub-sampling-50000	random	num-3	run0	2	CD19	CD19	21461	173662	107401	871969	0.16654250283248748	0.16608344626354804	0.8334574971675125	0.833916553736452
dataset_name-FR-FCM-Z2KP_healthy_final_seed-420_sub-sampling-50000	random	num-4	run0	1	CD14 monocytes	CD14 monocytes	29323	182428	147710	906913	0.1656357854185378	0.16746638564049274	0.8343642145814623	0.8325336143595072
dataset_name-FR-FCM-Z2KP_healthy_final_seed-420_sub-sampling-50000	random	num-4	run0	5	CD8	CD8	29991	181584	150858	903941	0.165834480699368	0.1672775845788904	0.834165519300632	0.8327224154211096
dataset_name-FR-FCM-Z2KP_healthy_final_seed-420_sub-sampling-50000	random	num-4	run0	2	CD19	CD19	28489	182410	144624	910851	0.16456880765742607	0.1668494531497968	0.8354311923425739	0.8331505468502032
dataset_name-FR-FCM-Z2KP_healthy_final_seed-420_sub-sampling-50000	random	num-4	run0	3	CD3+	CD3+	11020	199949	54396	1001009	0.16846031551913904	0.1664912511511643	0.8315396844808609	0.8335087488488356
dataset_name-FR-FCM-Z2KP_healthy_final_seed-420_sub-sampling-50000	random	num-4	run0	4	CD4	CD4	111538	98921	558425	497490	0.16648382074830997	0.16586045529006005	0.83351617925169	0.83413954470994
dataset_name-FR-FCM-Z2KP_healthy_final_seed-420_sub-sampling-50000	random	num-5	run0	5	CD8	CD8	30623	175094	152032	873484	0.1676548684678766	0.1669823322633128	0.8323451315321234	0.8330176677366872
dataset_name-FR-FCM-Z2KP_healthy_final_seed-420_sub-sampling-50000	random	num-5	run0	4	CD4	CD4	110782	95063	550459	474929	0.1675364957708309	0.16677953374784207	0.832463504229169	0.833220466252158
dataset_name-FR-FCM-Z2KP_healthy_final_seed-420_sub-sampling-50000	random	num-5	run0	3	CD3+	CD3+	12246	192822	61358	964807	0.16637682734633988	0.16656631787904416	0.8336231726536601	0.8334336821209558
dataset_name-FR-FCM-Z2KP_healthy_final_seed-420_sub-sampling-50000	random	num-5	run0	1	CD14 monocytes	CD14 monocytes	25901	179138	128393	897801	0.16786783672728686	0.16633996911617094	0.8321321632727131	0.8336600308838291
dataset_name-FR-FCM-Z2KP_healthy_final_seed-420_sub-sampling-50000	random	num-5	run0	2	CD19	CD19	26783	177927	132656	893867	0.16798273948030282	0.16600858000697896	0.8320172605196972	0.8339914199930211
dataset_name-FR-FCM-Z2KP_virus_final_seed-42	cyanno	num-1	run0	3	CD3+	CD3+	143485	16576	4627	3151173	0.968760127471103	0.005232737821083678	0.03123987252889705	0.9947672621789163
dataset_name-FR-FCM-Z2KP_virus_final_seed-42	cyanno	num-1	run0	4	CD4	CD4	1496468	3175	579	1815639	0.9996132385957154	0.0017456430399150214	3.8676140428456823e-4	0.998254356960085
dataset_name-FR-FCM-Z2KP_virus_final_seed-42	cyanno	num-1	run0	5	CD8	CD8	329087	1635	15929	2969210	0.9538311266723862	5.503484698797817e-4	0.04616887332761379	0.9994496515301202
dataset_name-FR-FCM-Z2KP_virus_final_seed-42	cyanno	num-1	run0	1	CD14 monocytes	CD14 monocytes	915197	283	201	2400180	0.9997804233786833	1.178939229640282e-4	2.195766213166295e-4	0.999882106077036
dataset_name-FR-FCM-Z2KP_virus_final_seed-42	cyanno	num-1	run0	2	CD19	CD19	409745	210	543	2905363	0.9986765394064657	7.227490068224064e-5	0.001323460593534298	0.9999277250993177
dataset_name-FR-FCM-Z2KP_virus_final_seed-42	cyanno	num-2	run0	5	CD8	CD8	356498	13741	7926	3112349	0.978250609180515	0.004395586819317422	0.021749390819484994	0.9956044131806826
dataset_name-FR-FCM-Z2KP_virus_final_seed-42	cyanno	num-2	run0	3	CD3+	CD3+	165696	13638	19091	3292089	0.8966864552160054	0.0041255675377912335	0.10331354478399454	0.9958744324622087
dataset_name-FR-FCM-Z2KP_virus_final_seed-42	cyanno	num-2	run0	4	CD4	CD4	1674793	5410	6032	1804279	0.9964112861243735	0.002989463935515992	0.0035887138756265525	0.997010536064484
dataset_name-FR-FCM-Z2KP_virus_final_seed-42	cyanno	num-2	run0	1	CD14 monocytes	CD14 monocytes	850227	699	84	2639504	0.9999012126151491	2.6475236942007866e-4	9.878738485095453e-5	0.99973524763058
dataset_name-FR-FCM-Z2KP_virus_final_seed-42	cyanno	num-2	run0	2	CD19	CD19	409562	250	605	3080097	0.9985249910402348	8.115968752871023e-5	0.001475008959765169	0.9999188403124712
dataset_name-FR-FCM-Z2KP_virus_final_seed-42	cyanno	num-3	run0	5	CD8	CD8	333983	24335	1132	3030614	0.9966220551154081	0.007965763094572118	0.0033779448845918567	0.9920342369054279
dataset_name-FR-FCM-Z2KP_virus_final_seed-42	cyanno	num-3	run0	4	CD4	CD4	1568497	3234	1288	1817045	0.9991795054736795	0.0017766507222244502	8.204945263204834e-4	0.9982233492777756
dataset_name-FR-FCM-Z2KP_virus_final_seed-42	cyanno	num-3	run0	3	CD3+	CD3+	149856	2288	27554	3210366	0.8446874471563046	7.121837583505725e-4	0.15531255284369538	0.9992878162416494
dataset_name-FR-FCM-Z2KP_virus_final_seed-42	cyanno	num-3	run0	2	CD19	CD19	405964	480	367	2983253	0.9990967954697033	1.6087230325233524e-4	9.032045302967285e-4	0.9998391276967477
dataset_name-FR-FCM-Z2KP_virus_final_seed-42	cyanno	num-3	run0	1	CD14 monocytes	CD14 monocytes	901240	187	183	2488454	0.9997969876517462	7.514141252193467e-5	2.0301234825381646e-4	0.999924858587478
dataset_name-FR-FCM-Z2KP_virus_final_seed-42	cyanno	num-4	run0	5	CD8	CD8	339956	10364	3798	3069685	0.9889514012927849	0.0033648815327288624	0.011048598707215043	0.9966351184672712
dataset_name-FR-FCM-Z2KP_virus_final_seed-42	cyanno	num-4	run0	4	CD4	CD4	1628335	3552	847	1791069	0.999480107194899	0.0019792479860650243	5.198928051009647e-4	0.998020752013935
dataset_name-FR-FCM-Z2KP_virus_final_seed-42	cyanno	num-4	run0	3	CD3+	CD3+	155788	4549	13927	3249539	0.9179388975635624	0.0013979339218853331	0.08206110243643756	0.9986020660781146
dataset_name-FR-FCM-Z2KP_virus_final_seed-42	cyanno	num-4	run0	2	CD19	CD19	389554	417	315	3033517	0.9991920362993724	1.374453102803159e-4	8.079637006276467e-4	0.9998625546897196
dataset_name-FR-FCM-Z2KP_virus_final_seed-42	cyanno	num-4	run0	1	CD14 monocytes	CD14 monocytes	891082	206	201	2532314	0.9997744824034566	8.134190450618357e-5	2.255175965434099e-4	0.9999186580954939
dataset_name-FR-FCM-Z2KP_virus_final_seed-42	cyanno	num-5	run0	5	CD8	CD8	348427	11166	5326	3131960	0.9849442972921785	0.0035525142803692882	0.015055702707821559	0.9964474857196307
dataset_name-FR-FCM-Z2KP_virus_final_seed-42	cyanno	num-5	run0	3	CD3+	CD3+	167639	7027	14946	3307267	0.9181422351233672	0.0021202102167158375	0.08185776487663281	0.9978797897832842
dataset_name-FR-FCM-Z2KP_virus_final_seed-42	cyanno	num-5	run0	4	CD4	CD4	1656195	3413	2021	1835250	0.9987812202994061	0.0018562401049023122	0.0012187797005938912	0.9981437598950977
dataset_name-FR-FCM-Z2KP_virus_final_seed-42	cyanno	num-5	run0	2	CD19	CD19	418849	716	445	3076869	0.9989386921825736	2.3264995117925255e-4	0.0010613078174264358	0.9997673500488208
dataset_name-FR-FCM-Z2KP_virus_final_seed-42	cyanno	num-5	run0	1	CD14 monocytes	CD14 monocytes	882973	474	58	2613374	0.9999343171417538	1.813418377809268e-4	6.568285824619973e-5	0.999818658162219
dataset_name-FR-FCM-Z2KP_virus_final_seed-42	cygate	num-1	run0	3	CD3+	CD3+	121639	45145	26473	3122604	0.821263638327752	0.014251444795657736	0.17873636167224802	0.9857485552043422
dataset_name-FR-FCM-Z2KP_virus_final_seed-42	cygate	num-1	run0	5	CD8	CD8	324333	15935	20683	2954910	0.9400520555568438	0.005363793802773285	0.05994794444315626	0.9946362061972267
dataset_name-FR-FCM-Z2KP_virus_final_seed-42	cygate	num-1	run0	4	CD4	CD4	1461361	9687	35686	1809127	0.9761624050547512	0.005325998150443091	0.02383759494524888	0.9946740018495569
dataset_name-FR-FCM-Z2KP_virus_final_seed-42	cygate	num-1	run0	1	CD14 monocytes	CD14 monocytes	906058	7513	9340	2392950	0.989796787845287	0.0031298128735998015	0.010203212154713032	0.9968701871264002
dataset_name-FR-FCM-Z2KP_virus_final_seed-42	cygate	num-1	run0	2	CD19	CD19	407605	7001	2683	2898572	0.9934606910267909	0.002409507522268413	0.006539308973209063	0.9975904924777316
dataset_name-FR-FCM-Z2KP_virus_final_seed-42	cygate	num-2	run0	5	CD8	CD8	352776	119830	11648	3006260	0.968037231356881	0.03833222971827427	0.031962768643119005	0.9616677702817258
dataset_name-FR-FCM-Z2KP_virus_final_seed-42	cygate	num-2	run0	4	CD4	CD4	1607354	27626	73471	1782063	0.95628872726191	0.015265606410825286	0.043711272738089925	0.9847343935891747
dataset_name-FR-FCM-Z2KP_virus_final_seed-42	cygate	num-2	run0	2	CD19	CD19	407925	9182	2242	3071165	0.9945339337391843	0.0029808330035544697	0.005466066260815717	0.9970191669964455
dataset_name-FR-FCM-Z2KP_virus_final_seed-42	cygate	num-2	run0	1	CD14 monocytes	CD14 monocytes	846877	6134	3434	2634069	0.9959614776240693	0.0023233062003186877	0.004038522375930689	0.9976766937996813
dataset_name-FR-FCM-Z2KP_virus_final_seed-42	cygate	num-2	run0	3	CD3+	CD3+	4262	7071	180525	3298656	0.02306439305795321	0.0021390151092331583	0.9769356069420468	0.9978609848907668
dataset_name-FR-FCM-Z2KP_virus_final_seed-42	cygate	num-3	run0	5	CD8	CD8	322138	114804	12977	2940145	0.9612759798875014	0.0375796780895524	0.038724020112498696	0.9624203219104476
dataset_name-FR-FCM-Z2KP_virus_final_seed-42	cygate	num-3	run0	4	CD4	CD4	1476698	21842	93087	1798437	0.9407007966059047	0.011999259454182573	0.05929920339409537	0.9880007405458174
dataset_name-FR-FCM-Z2KP_virus_final_seed-42	cygate	num-3	run0	1	CD14 monocytes	CD14 monocytes	889284	9885	12139	2478756	0.9865335142324968	0.00397204739454184	0.013466485767503159	0.9960279526054582
dataset_name-FR-FCM-Z2KP_virus_final_seed-42	cygate	num-3	run0	3	CD3+	CD3+	4606	9236	172804	3203418	0.0259624598387915	0.0028748816399151605	0.9740375401612085	0.9971251183600849
dataset_name-FR-FCM-Z2KP_virus_final_seed-42	cygate	num-3	run0	2	CD19	CD19	400661	5553	5670	2978180	0.9860458591640805	0.0018610914582504535	0.013954140835919485	0.9981389085417496
dataset_name-FR-FCM-Z2KP_virus_final_seed-42	cygate	num-4	run0	5	CD8	CD8	320003	60597	23751	3019452	0.9309069858096197	0.019674037653297075	0.06909301419038033	0.9803259623467029
dataset_name-FR-FCM-Z2KP_virus_final_seed-42	cygate	num-4	run0	3	CD3+	CD3+	61960	15585	107755	3238503	0.3650826385410836	0.004789360336905455	0.6349173614589164	0.9952106396630945
dataset_name-FR-FCM-Z2KP_virus_final_seed-42	cygate	num-4	run0	1	CD14 monocytes	CD14 monocytes	885352	7419	5931	2525101	0.993345547934831	0.0029294931530649314	0.006654452065168975	0.9970705068469351
dataset_name-FR-FCM-Z2KP_virus_final_seed-42	cygate	num-4	run0	2	CD19	CD19	384540	5551	5329	3028383	0.9863313061566834	0.0018296376915252605	0.013668693843316601	0.9981703623084748
dataset_name-FR-FCM-Z2KP_virus_final_seed-42	cygate	num-4	run0	4	CD4	CD4	1552925	3274	76257	1791347	0.9531930748068662	0.0018243406267952956	0.04680692519313373	0.9981756593732047
dataset_name-FR-FCM-Z2KP_virus_final_seed-42	cygate	num-5	run0	5	CD8	CD8	332788	97476	20965	3045650	0.9407354849287497	0.03101243793599111	0.05926451507125028	0.9689875620640089
dataset_name-FR-FCM-Z2KP_virus_final_seed-42	cygate	num-5	run0	3	CD3+	CD3+	32795	99420	149790	3214874	0.17961497384779693	0.02999733879975645	0.8203850261522031	0.9700026612002436
dataset_name-FR-FCM-Z2KP_virus_final_seed-42	cygate	num-5	run0	1	CD14 monocytes	CD14 monocytes	873585	13844	9446	2600004	0.9893027538104551	0.005296405911896943	0.010697246189544875	0.994703594088103
dataset_name-FR-FCM-Z2KP_virus_final_seed-42	cygate	num-5	run0	4	CD4	CD4	1447535	1894	210681	1836769	0.8729471914394747	0.0010300963254277701	0.12705280856052528	0.9989699036745723
dataset_name-FR-FCM-Z2KP_virus_final_seed-42	cygate	num-5	run0	2	CD19	CD19	416514	2674	2780	3074911	0.9933698073428191	8.688630858286611e-4	0.00663019265718088	0.9991311369141713
dataset_name-FR-FCM-Z2KP_virus_final_seed-42	dgcytof	num-1	run0	3	CD3+	CD3+	106239	344082	41873	2823667	0.7172882683374744	0.10862034839250206	0.28271173166252567	0.891379651607498
dataset_name-FR-FCM-Z2KP_virus_final_seed-42	dgcytof	num-1	run0	4	CD4	CD4	1495734	47199	1313	1771615	0.999122940027935	0.025950427036519404	8.770599720650053e-4	0.9740495729634806
dataset_name-FR-FCM-Z2KP_virus_final_seed-42	dgcytof	num-1	run0	1	CD14 monocytes	CD14 monocytes	912430	14713	2968	2385750	0.9967576944673247	0.006129234235228787	0.0032423055326754047	0.9938707657647712
dataset_name-FR-FCM-Z2KP_virus_final_seed-42	dgcytof	num-1	run0	2	CD19	CD19	393582	1471	16706	2904102	0.9592822602659595	5.062684709694095e-4	0.04071773973404048	0.9994937315290305
dataset_name-FR-FCM-Z2KP_virus_final_seed-42	dgcytof	num-1	run0	5	CD8	CD8	2	409	345014	2970436	5.796832610661535e-6	1.3767126861212887e-4	0.9999942031673893	0.9998623287313879
dataset_name-FR-FCM-Z2KP_virus_final_seed-42	dgcytof	num-2	run0	1	CD14 monocytes	CD14 monocytes	845922	464343	4389	2175860	0.9948383591415376	0.17587397635712101	0.005161640858462374	0.824126023642879
dataset_name-FR-FCM-Z2KP_virus_final_seed-42	dgcytof	num-2	run0	4	CD4	CD4	1677745	86278	3080	1723411	0.9981675665223922	0.04767559508843785	0.0018324334776077223	0.9523244049115621
dataset_name-FR-FCM-Z2KP_virus_final_seed-42	dgcytof	num-2	run0	2	CD19	CD19	409242	6572	925	3073775	0.9977448210119293	0.0021335258657547347	0.0022551789880707125	0.9978664741342452
dataset_name-FR-FCM-Z2KP_virus_final_seed-42	dgcytof	num-2	run0	5	CD8	CD8	321	74	364103	3126016	8.808420960200207e-4	2.3671743295938377e-5	0.99911915790398	0.999976328256704
dataset_name-FR-FCM-Z2KP_virus_final_seed-42	dgcytof	num-2	run0	3	CD3+	CD3+	9	8	184778	3305719	4.8704724899478856e-5	2.4200425503981424e-6	0.9999512952751005	0.9999975799574496
dataset_name-FR-FCM-Z2KP_virus_final_seed-42	dgcytof	num-3	run0	4	CD4	CD4	1559579	38533	10206	1781746	0.9934984727207866	0.02116873292500765	0.0065015272792133955	0.9788312670749924
dataset_name-FR-FCM-Z2KP_virus_final_seed-42	dgcytof	num-3	run0	3	CD3+	CD3+	143089	39885	34321	3172769	0.806544163237698	0.012414969056736268	0.19345583676230202	0.9875850309432638
dataset_name-FR-FCM-Z2KP_virus_final_seed-42	dgcytof	num-3	run0	5	CD8	CD8	318375	24403	16740	3030546	0.9500469987914596	0.007988022058633385	0.04995300120854035	0.9920119779413666
dataset_name-FR-FCM-Z2KP_virus_final_seed-42	dgcytof	num-3	run0	2	CD19	CD19	366831	2254	39500	2981479	0.902788613224194	7.554295240224243e-4	0.09721138677580593	0.9992445704759776
dataset_name-FR-FCM-Z2KP_virus_final_seed-42	dgcytof	num-3	run0	1	CD14 monocytes	CD14 monocytes	896010	1105	5413	2487536	0.9939950500486453	4.440174376296139e-4	0.006004949951354691	0.9995559825623704
dataset_name-FR-FCM-Z2KP_virus_final_seed-42	dgcytof	num-4	run0	4	CD4	CD4	1622981	38658	6201	1755963	0.9961937954138949	0.02154103846996107	0.003806204586105174	0.978458961530039
dataset_name-FR-FCM-Z2KP_virus_final_seed-42	dgcytof	num-4	run0	5	CD8	CD8	303868	43519	39886	3036530	0.8839693501748344	0.014129320669898433	0.11603064982516567	0.9858706793301015
dataset_name-FR-FCM-Z2KP_virus_final_seed-42	dgcytof	num-4	run0	3	CD3+	CD3+	91523	42723	78192	3211365	0.5392746663524144	0.013129024168983752	0.46072533364758567	0.9868709758310162
dataset_name-FR-FCM-Z2KP_virus_final_seed-42	dgcytof	num-4	run0	1	CD14 monocytes	CD14 monocytes	888403	5287	2880	2527233	0.9967687030943034	0.0020876439277873423	0.0032312969056966195	0.9979123560722126
dataset_name-FR-FCM-Z2KP_virus_final_seed-42	dgcytof	num-4	run0	2	CD19	CD19	384135	2706	5734	3031228	0.9852924956844479	8.919112940492443e-4	0.014707504315552147	0.9991080887059508
dataset_name-FR-FCM-Z2KP_virus_final_seed-42	dgcytof	num-5	run0	5	CD8	CD8	346258	77057	7495	3066069	0.9788129005266386	0.02451603912792551	0.021187099473361358	0.9754839608720745
dataset_name-FR-FCM-Z2KP_virus_final_seed-42	dgcytof	num-5	run0	4	CD4	CD4	1654878	42241	3338	1796422	0.9979869932505777	0.022973758649627474	0.0020130067494222707	0.9770262413503725
dataset_name-FR-FCM-Z2KP_virus_final_seed-42	dgcytof	num-5	run0	2	CD19	CD19	417455	11236	1839	3066349	0.9956140560084332	0.003650914596997321	0.004385943991566776	0.9963490854030027
dataset_name-FR-FCM-Z2KP_virus_final_seed-42	dgcytof	num-5	run0	3	CD3+	CD3+	66291	8757	116294	3305537	0.363069255415286	0.002642191670382893	0.636930744584714	0.9973578083296171
dataset_name-FR-FCM-Z2KP_virus_final_seed-42	dgcytof	num-5	run0	1	CD14 monocytes	CD14 monocytes	872028	678	11003	2613170	0.9875395088054666	2.593876920157561e-4	0.012460491194533374	0.9997406123079843
dataset_name-FR-FCM-Z2KP_virus_final_seed-42	gatemeclass	num-1	run0	1	CD14 monocytes	CD14 monocytes	0	0	915398	2400463	0	0	1	1
dataset_name-FR-FCM-Z2KP_virus_final_seed-42	gatemeclass	num-1	run0	2	CD19	CD19	0	0	410288	2905573	0	0	1	1
dataset_name-FR-FCM-Z2KP_virus_final_seed-42	gatemeclass	num-1	run0	3	CD3+	CD3+	0	0	148112	3167749	0	0	1	1
dataset_name-FR-FCM-Z2KP_virus_final_seed-42	gatemeclass	num-1	run0	4	CD4	CD4	0	0	1497047	1818814	0	0	1	1
dataset_name-FR-FCM-Z2KP_virus_final_seed-42	gatemeclass	num-1	run0	5	CD8	CD8	0	0	345016	2970845	0	0	1	1
dataset_name-FR-FCM-Z2KP_virus_final_seed-42	gatemeclass	num-2	run0	1	CD14 monocytes	CD14 monocytes	0	0	850311	2640203	0	0	1	1
dataset_name-FR-FCM-Z2KP_virus_final_seed-42	gatemeclass	num-2	run0	2	CD19	CD19	0	0	410167	3080347	0	0	1	1
dataset_name-FR-FCM-Z2KP_virus_final_seed-42	gatemeclass	num-2	run0	3	CD3+	CD3+	0	0	184787	3305727	0	0	1	1
dataset_name-FR-FCM-Z2KP_virus_final_seed-42	gatemeclass	num-2	run0	4	CD4	CD4	0	0	1680825	1809689	0	0	1	1
dataset_name-FR-FCM-Z2KP_virus_final_seed-42	gatemeclass	num-2	run0	5	CD8	CD8	0	0	364424	3126090	0	0	1	1
dataset_name-FR-FCM-Z2KP_virus_final_seed-42	gatemeclass	num-3	run0	1	CD14 monocytes	CD14 monocytes	0	0	901423	2488641	0	0	1	1
dataset_name-FR-FCM-Z2KP_virus_final_seed-42	gatemeclass	num-3	run0	2	CD19	CD19	0	0	406331	2983733	0	0	1	1
dataset_name-FR-FCM-Z2KP_virus_final_seed-42	gatemeclass	num-3	run0	3	CD3+	CD3+	0	0	177410	3212654	0	0	1	1
dataset_name-FR-FCM-Z2KP_virus_final_seed-42	gatemeclass	num-3	run0	4	CD4	CD4	0	0	1569785	1820279	0	0	1	1
dataset_name-FR-FCM-Z2KP_virus_final_seed-42	gatemeclass	num-3	run0	5	CD8	CD8	0	0	335115	3054949	0	0	1	1
dataset_name-FR-FCM-Z2KP_virus_final_seed-42	gatemeclass	num-4	run0	1	CD14 monocytes	CD14 monocytes	0	0	891283	2532520	0	0	1	1
dataset_name-FR-FCM-Z2KP_virus_final_seed-42	gatemeclass	num-4	run0	2	CD19	CD19	0	0	389869	3033934	0	0	1	1
dataset_name-FR-FCM-Z2KP_virus_final_seed-42	gatemeclass	num-4	run0	3	CD3+	CD3+	0	0	169715	3254088	0	0	1	1
dataset_name-FR-FCM-Z2KP_virus_final_seed-42	gatemeclass	num-4	run0	4	CD4	CD4	0	0	1629182	1794621	0	0	1	1
dataset_name-FR-FCM-Z2KP_virus_final_seed-42	gatemeclass	num-4	run0	5	CD8	CD8	0	0	343754	3080049	0	0	1	1
dataset_name-FR-FCM-Z2KP_virus_final_seed-42	gatemeclass	num-5	run0	1	CD14 monocytes	CD14 monocytes	0	0	883031	2613848	0	0	1	1
dataset_name-FR-FCM-Z2KP_virus_final_seed-42	gatemeclass	num-5	run0	2	CD19	CD19	0	0	419294	3077585	0	0	1	1
dataset_name-FR-FCM-Z2KP_virus_final_seed-42	gatemeclass	num-5	run0	3	CD3+	CD3+	0	0	182585	3314294	0	0	1	1
dataset_name-FR-FCM-Z2KP_virus_final_seed-42	gatemeclass	num-5	run0	4	CD4	CD4	0	0	1658216	1838663	0	0	1	1
dataset_name-FR-FCM-Z2KP_virus_final_seed-42	gatemeclass	num-5	run0	5	CD8	CD8	0	0	353753	3143126	0	0	1	1
dataset_name-FR-FCM-Z2KP_virus_final_seed-42	knn	num-1	run0	4	CD4	CD4	854444	244410	642603	1574404	0.570752955652027	0.13437877649941116	0.42924704434797306	0.8656212235005889
dataset_name-FR-FCM-Z2KP_virus_final_seed-42	knn	num-1	run0	3	CD3+	CD3+	45940	357745	102172	2810004	0.3101706816463217	0.11293350577965615	0.6898293183536783	0.8870664942203439
dataset_name-FR-FCM-Z2KP_virus_final_seed-42	knn	num-1	run0	5	CD8	CD8	168228	326365	176788	2644480	0.4875947782131843	0.10985595007481036	0.5124052217868157	0.8901440499251896
dataset_name-FR-FCM-Z2KP_virus_final_seed-42	knn	num-1	run0	1	CD14 monocytes	CD14 monocytes	804990	191414	110408	2209049	0.8793879820580774	0.07974045007150704	0.12061201794192253	0.920259549928493
dataset_name-FR-FCM-Z2KP_virus_final_seed-42	knn	num-1	run0	2	CD19	CD19	141819	180506	268469	2725067	0.345657196895839	0.06212406296451681	0.6543428031041609	0.9378759370354832
dataset_name-FR-FCM-Z2KP_virus_final_seed-42	knn	num-2	run0	4	CD4	CD4	1052903	314047	627922	1495642	0.6264203590498714	0.17353644742273397	0.37357964095012863	0.826463552577266
dataset_name-FR-FCM-Z2KP_virus_final_seed-42	knn	num-2	run0	2	CD19	CD19	148503	417217	261664	2663130	0.3620549678545568	0.1354448054066636	0.6379450321454432	0.8645551945933364
dataset_name-FR-FCM-Z2KP_virus_final_seed-42	knn	num-2	run0	3	CD3+	CD3+	46909	379126	137878	2926601	0.25385443781218375	0.11468763149528076	0.7461455621878162	0.8853123685047193
dataset_name-FR-FCM-Z2KP_virus_final_seed-42	knn	num-2	run0	5	CD8	CD8	159735	204236	204689	2921854	0.4383218448839813	0.06533273194309824	0.5616781551160187	0.9346672680569017
dataset_name-FR-FCM-Z2KP_virus_final_seed-42	knn	num-2	run0	1	CD14 monocytes	CD14 monocytes	631683	136155	218628	2504048	0.7428846622000657	0.05156989822373507	0.2571153377999344	0.948430101776265
dataset_name-FR-FCM-Z2KP_virus_final_seed-42	knn	num-3	run0	2	CD19	CD19	224882	521028	181449	2462705	0.5534453438206782	0.1746228633728286	0.4465546561793218	0.8253771366271714
dataset_name-FR-FCM-Z2KP_virus_final_seed-42	knn	num-3	run0	4	CD4	CD4	873705	242057	696080	1578222	0.5565762190363649	0.13297796656446623	0.44342378096363516	0.8670220334355337
dataset_name-FR-FCM-Z2KP_virus_final_seed-42	knn	num-3	run0	3	CD3+	CD3+	46342	320440	131068	2892214	0.261214136745392	0.09974307846409854	0.7387858632546079	0.9002569215359014
dataset_name-FR-FCM-Z2KP_virus_final_seed-42	knn	num-3	run0	1	CD14 monocytes	CD14 monocytes	810968	114764	90455	2373877	0.8996531040366177	0.04611512869875567	0.10034689596338234	0.9538848713012443
dataset_name-FR-FCM-Z2KP_virus_final_seed-42	knn	num-3	run0	5	CD8	CD8	154414	81464	180701	2973485	0.46077913552064215	0.02666623894539647	0.5392208644793578	0.9733337610546036
dataset_name-FR-FCM-Z2KP_virus_final_seed-42	knn	num-4	run0	2	CD19	CD19	220497	690820	169372	2343114	0.5655668955469658	0.22769776798045047	0.43443310445303424	0.7723022320195495
dataset_name-FR-FCM-Z2KP_virus_final_seed-42	knn	num-4	run0	4	CD4	CD4	871920	242924	757262	1551697	0.5351888248212907	0.1353622854073367	0.4648111751787093	0.8646377145926633
dataset_name-FR-FCM-Z2KP_virus_final_seed-42	knn	num-4	run0	3	CD3+	CD3+	39885	300109	129830	2953979	0.23501163715640927	0.09222522562389217	0.7649883628435907	0.9077747743761079
dataset_name-FR-FCM-Z2KP_virus_final_seed-42	knn	num-4	run0	5	CD8	CD8	160574	127212	183180	2952837	0.4671189280706552	0.04130194032627403	0.5328810719293449	0.958698059673726
dataset_name-FR-FCM-Z2KP_virus_final_seed-42	knn	num-4	run0	1	CD14 monocytes	CD14 monocytes	713432	56430	177851	2476090	0.8004550743142189	0.02228215374409679	0.19954492568578105	0.9777178462559032
dataset_name-FR-FCM-Z2KP_virus_final_seed-42	knn	num-5	run0	2	CD19	CD19	120012	568012	299282	2509573	0.2862239860336661	0.18456419562741566	0.7137760139663338	0.8154358043725843
dataset_name-FR-FCM-Z2KP_virus_final_seed-42	knn	num-5	run0	3	CD3+	CD3+	43117	562475	139468	2751819	0.23614754771750143	0.1697118602031081	0.7638524522824985	0.8302881397968919
dataset_name-FR-FCM-Z2KP_virus_final_seed-42	knn	num-5	run0	4	CD4	CD4	904260	256344	753956	1582319	0.5453209955759684	0.13941869717289138	0.4546790044240316	0.8605813028271087
dataset_name-FR-FCM-Z2KP_virus_final_seed-42	knn	num-5	run0	5	CD8	CD8	200801	202839	152952	2940287	0.5676305218612987	0.06453416121402705	0.4323694781387013	0.9354658387859729
dataset_name-FR-FCM-Z2KP_virus_final_seed-42	knn	num-5	run0	1	CD14 monocytes	CD14 monocytes	615149	23870	267882	2589978	0.6966335270222677	0.009132130100908699	0.3033664729777324	0.9908678698990913
dataset_name-FR-FCM-Z2KP_virus_final_seed-42	lda	num-1	run0	4	CD4	CD4	1491761	153268	5286	1665546	0.9964690487339409	0.08426809998163638	0.003530951266059115	0.9157319000183636
dataset_name-FR-FCM-Z2KP_virus_final_seed-42	lda	num-1	run0	3	CD3+	CD3+	46863	84300	101249	3083449	0.3164024521983364	0.02661195694482107	0.6835975478016636	0.9733880430551789
dataset_name-FR-FCM-Z2KP_virus_final_seed-42	lda	num-1	run0	5	CD8	CD8	173526	26108	171490	2944737	0.5029505877988267	0.008788072080502349	0.49704941220117327	0.9912119279194976
dataset_name-FR-FCM-Z2KP_virus_final_seed-42	lda	num-1	run0	2	CD19	CD19	353980	8108	56308	2897465	0.862759817494053	0.002790499498721939	0.13724018250594705	0.9972095005012781
dataset_name-FR-FCM-Z2KP_virus_final_seed-42	lda	num-1	run0	1	CD14 monocytes	CD14 monocytes	851952	4995	63446	2395468	0.9306902571340554	0.002080848569630109	0.06930974286594464	0.9979191514303699
dataset_name-FR-FCM-Z2KP_virus_final_seed-42	lda	num-2	run0	5	CD8	CD8	314821	103290	49603	3022800	0.8638865716857287	0.03304127520320912	0.13611342831427128	0.9669587247967909
dataset_name-FR-FCM-Z2KP_virus_final_seed-42	lda	num-2	run0	4	CD4	CD4	1645362	50896	35463	1758793	0.9789014323323368	0.028124169401482796	0.0210985676676632	0.9718758305985172
dataset_name-FR-FCM-Z2KP_virus_final_seed-42	lda	num-2	run0	3	CD3+	CD3+	34051	51267	150736	3254460	0.1842716208391283	0.015508540178907695	0.8157283791608717	0.9844914598210923
dataset_name-FR-FCM-Z2KP_virus_final_seed-42	lda	num-2	run0	2	CD19	CD19	405929	8806	4238	3071541	0.9896676231876285	0.0028587688335112893	0.010332376812371546	0.9971412311664887
dataset_name-FR-FCM-Z2KP_virus_final_seed-42	lda	num-2	run0	1	CD14 monocytes	CD14 monocytes	840678	7048	9633	2633155	0.9886712038301281	0.0026694917019638264	0.011328796169871964	0.9973305082980362
dataset_name-FR-FCM-Z2KP_virus_final_seed-42	lda	num-3	run0	4	CD4	CD4	1533810	112324	35975	1707955	0.9770828489251713	0.061707024033128985	0.02291715107482872	0.938292975966871
dataset_name-FR-FCM-Z2KP_virus_final_seed-42	lda	num-3	run0	3	CD3+	CD3+	41848	52594	135562	3160060	0.23588298292091764	0.01637088836830857	0.7641170170790823	0.9836291116316914
dataset_name-FR-FCM-Z2KP_virus_final_seed-42	lda	num-3	run0	5	CD8	CD8	206460	49818	128655	3005131	0.616087014905331	0.01630730987653149	0.383912985094669	0.9836926901234685
dataset_name-FR-FCM-Z2KP_virus_final_seed-42	lda	num-3	run0	1	CD14 monocytes	CD14 monocytes	881813	12929	19610	2475712	0.9782455073811074	0.005195204933134188	0.021754492618892573	0.9948047950668658
dataset_name-FR-FCM-Z2KP_virus_final_seed-42	lda	num-3	run0	2	CD19	CD19	373358	8646	32973	2975087	0.9188518719959836	0.002897712362332689	0.08114812800401643	0.9971022876376673
dataset_name-FR-FCM-Z2KP_virus_final_seed-42	lda	num-4	run0	4	CD4	CD4	1614702	105624	14480	1688997	0.9911121041111429	0.05885588099102819	0.008887895888857108	0.9411441190089718
dataset_name-FR-FCM-Z2KP_virus_final_seed-42	lda	num-4	run0	5	CD8	CD8	241582	49637	102172	3030412	0.7027758222449775	0.01611565270552514	0.29722417775502247	0.9838843472944748
dataset_name-FR-FCM-Z2KP_virus_final_seed-42	lda	num-4	run0	3	CD3+	CD3+	31027	28662	138688	3225426	0.18281825413192707	0.00880799781689985	0.8171817458680729	0.9911920021831001
dataset_name-FR-FCM-Z2KP_virus_final_seed-42	lda	num-4	run0	2	CD19	CD19	384106	10504	5763	3023430	0.9852181117247075	0.0034621715567972142	0.01478188827529247	0.9965378284432028
dataset_name-FR-FCM-Z2KP_virus_final_seed-42	lda	num-4	run0	1	CD14 monocytes	CD14 monocytes	835477	3557	55806	2528963	0.9373868905835745	0.0014045298753810433	0.06261310941642553	0.9985954701246189
dataset_name-FR-FCM-Z2KP_virus_final_seed-42	lda	num-5	run0	4	CD4	CD4	1631769	200424	26447	1638239	0.9840509318448261	0.10900529352034603	0.015949068155173995	0.890994706479654
dataset_name-FR-FCM-Z2KP_virus_final_seed-42	lda	num-5	run0	5	CD8	CD8	287716	88616	66037	3054510	0.8133245513112256	0.028193588166685015	0.18667544868877436	0.971806411833315
dataset_name-FR-FCM-Z2KP_virus_final_seed-42	lda	num-5	run0	3	CD3+	CD3+	34464	39337	148121	3274957	0.18875592189938933	0.011868892741561249	0.8112440781006107	0.9881311072584388
dataset_name-FR-FCM-Z2KP_virus_final_seed-42	lda	num-5	run0	2	CD19	CD19	347265	9433	72029	3068152	0.8282136162215534	0.003065065627756829	0.17178638377844663	0.9969349343722431
dataset_name-FR-FCM-Z2KP_virus_final_seed-42	lda	num-5	run0	1	CD14 monocytes	CD14 monocytes	758215	2858	124816	2610990	0.8586504890541782	0.0010934071147212846	0.14134951094582182	0.9989065928852787
dataset_name-FR-FCM-Z2KP_virus_final_seed-42	random	num-1	run0	2	CD19	CD19	67779	484854	342509	2420719	0.16519859220839994	0.16687035569231956	0.8348014077916001	0.8331296443076804
dataset_name-FR-FCM-Z2KP_virus_final_seed-42	random	num-1	run0	1	CD14 monocytes	CD14 monocytes	152579	400504	762819	1999959	0.16668050399935327	0.16684447958581325	0.8333194960006467	0.8331555204141867
dataset_name-FR-FCM-Z2KP_virus_final_seed-42	random	num-1	run0	3	CD3+	CD3+	24994	527611	123118	2640138	0.1687506751647402	0.16655707254583618	0.8312493248352598	0.8334429274541638
dataset_name-FR-FCM-Z2KP_virus_final_seed-42	random	num-1	run0	5	CD8	CD8	57976	494605	287040	2476240	0.16803858371785657	0.1664863027185868	0.8319614162821435	0.8335136972814132
dataset_name-FR-FCM-Z2KP_virus_final_seed-42	random	num-1	run0	4	CD4	CD4	249023	302688	1248024	1516126	0.16634280687246292	0.1664205355797789	0.833657193127537	0.8335794644202211
dataset_name-FR-FCM-Z2KP_virus_final_seed-42	random	num-2	run0	2	CD19	CD19	68391	514100	341776	2566247	0.1667394012682639	0.16689678143403974	0.8332605987317361	0.8331032185659603
dataset_name-FR-FCM-Z2KP_virus_final_seed-42	random	num-2	run0	1	CD14 monocytes	CD14 monocytes	142088	440539	708223	2199664	0.1671012135559813	0.166858002964166	0.8328987864440187	0.833141997035834
dataset_name-FR-FCM-Z2KP_virus_final_seed-42	random	num-2	run0	5	CD8	CD8	60603	520697	303821	2605393	0.16629804842710688	0.1665649421481787	0.8337019515728931	0.8334350578518213
dataset_name-FR-FCM-Z2KP_virus_final_seed-42	random	num-2	run0	3	CD3+	CD3+	31042	550468	153745	2755259	0.16798800781440254	0.16651949782907058	0.8320119921855975	0.8334805021709294
dataset_name-FR-FCM-Z2KP_virus_final_seed-42	random	num-2	run0	4	CD4	CD4	279474	301199	1401351	1508490	0.16627192003926644	0.16643688501173406	0.8337280799607336	0.833563114988266
dataset_name-FR-FCM-Z2KP_virus_final_seed-42	random	num-3	run0	2	CD19	CD19	67704	498050	338627	2485683	0.16662277798149785	0.1669217721558866	0.8333772220185022	0.8330782278441135
dataset_name-FR-FCM-Z2KP_virus_final_seed-42	random	num-3	run0	4	CD4	CD4	262096	303803	1307689	1516476	0.1669629917472775	0.1668991401867516	0.8330370082527225	0.8331008598132484
dataset_name-FR-FCM-Z2KP_virus_final_seed-42	random	num-3	run0	5	CD8	CD8	55528	509139	279587	2545810	0.16569834236008535	0.16666039269395333	0.8343016576399147	0.8333396073060467
dataset_name-FR-FCM-Z2KP_virus_final_seed-42	random	num-3	run0	1	CD14 monocytes	CD14 monocytes	150092	414643	751331	2073998	0.16650562499514657	0.16661422840819548	0.8334943750048535	0.8333857715918045
dataset_name-FR-FCM-Z2KP_virus_final_seed-42	random	num-3	run0	3	CD3+	CD3+	29347	535151	148063	2677503	0.16541908573361142	0.16657598359487202	0.8345809142663886	0.833424016405128
dataset_name-FR-FCM-Z2KP_virus_final_seed-42	random	num-4	run0	1	CD14 monocytes	CD14 monocytes	148663	422792	742620	2109728	0.16679662912901963	0.1669451771358173	0.8332033708709804	0.8330548228641828
dataset_name-FR-FCM-Z2KP_virus_final_seed-42	random	num-4	run0	3	CD3+	CD3+	28267	543003	141448	2711085	0.16655569631440945	0.16686795194229534	0.8334443036855905	0.8331320480577047
dataset_name-FR-FCM-Z2KP_virus_final_seed-42	random	num-4	run0	2	CD19	CD19	64966	505792	324903	2528142	0.16663545960309745	0.1667116028232651	0.8333645403969026	0.8332883971767349
dataset_name-FR-FCM-Z2KP_virus_final_seed-42	random	num-4	run0	5	CD8	CD8	57036	512871	286718	2567178	0.16592097837406983	0.16651390935663685	0.8340790216259302	0.8334860906433631
dataset_name-FR-FCM-Z2KP_virus_final_seed-42	random	num-4	run0	4	CD4	CD4	271675	298668	1357507	1495953	0.16675546378489328	0.1664239970445013	0.8332445362151067	0.8335760029554987
dataset_name-FR-FCM-Z2KP_virus_final_seed-42	random	num-5	run0	4	CD4	CD4	275461	307224	1382755	1531439	0.1661188892158802	0.16709097860782535	0.83388111078411975	0.8329090213921746
dataset_name-FR-FCM-Z2KP_virus_final_seed-42	random	num-5	run0	5	CD8	CD8	58738	524392	295015	2618734	0.16604240812092053	0.1668377277907408	0.8339575918790795	0.8331622722092592
dataset_name-FR-FCM-Z2KP_virus_final_seed-42	random	num-5	run0	2	CD19	CD19	69560	513333	349734	2564252	0.16589791411277052	0.166797342721647	0.8341020858872294	0.833202657278353
dataset_name-FR-FCM-Z2KP_virus_final_seed-42	random	num-5	run0	3	CD3+	CD3+	30168	552446	152417	2761848	0.16522715447599748	0.16668587638875731	0.8347728455240025	0.8333141236112427
dataset_name-FR-FCM-Z2KP_virus_final_seed-42	random	num-5	run0	1	CD14 monocytes	CD14 monocytes	146804	434995	736227	2178853	0.1662501089995708	0.16641939393568408	0.8337498910004292	0.8335806060643159
dataset_name-FR-FCM-Z3YR_seed-42	cyanno	num-1	run0	10	/PBMC/CD3-CD19-/CD7hi cells/NK cells CD56 mid	/PBMC/CD3-CD19-/CD7hi cells/NK cells CD56 mid	630845	14053	3258	16017572	0.9948620334551327	8.765798850709145e-4	0.005137966544867316	0.999123420114929
dataset_name-FR-FCM-Z3YR_seed-42	cyanno	num-1	run0	1	/Granulocytes	/Granulocytes	10045171	5234	209	6615114	0.9999791944157413	7.905928812201412e-4	2.0805584258634316e-5	0.9992094071187798
dataset_name-FR-FCM-Z3YR_seed-42	cyanno	num-1	run0	11	/PBMC/CD3-CD19-/CD7low cells/CD11c hi HLADR hi/Monocytes CD14hi	/PBMC/CD3-CD19-/CD7low cells/CD11c hi HLADR hi/Monocytes CD14hi	1041653	9152	1838	15613085	0.9982386048370326	5.8583159377239e-4	0.0017613951629673855	0.9994141684062277
dataset_name-FR-FCM-Z3YR_seed-42	cyanno	num-1	run0	21	/PBMC/T cells/T cells CD4/T cells Naive	/PBMC/T cells/T cells CD4/T cells Naive	1385123	5694	1704	15273207	0.9987712959150636	3.7267078306221107e-4	0.001228704084936333	0.9996273292169378
dataset_name-FR-FCM-Z3YR_seed-42	cyanno	num-1	run0	5	/PBMC/B cells/B cells SWME/B cells CD27hi CD20hi	/PBMC/B cells/B cells SWME/B cells CD27hi CD20hi	101710	5279	1097	16557642	0.9893295203633994	3.1872397386910193e-4	0.010670479636600621	0.9996812760261309
dataset_name-FR-FCM-Z3YR_seed-42	cyanno	num-2	run0	1	/Granulocytes	/Granulocytes	10047336	5692	1794	6616959	0.9998214770830908	8.594745518071238e-4	1.7852291690922497e-4	0.9991405254481929
dataset_name-FR-FCM-Z3YR_seed-42	cyanno	num-2	run0	11	/PBMC/CD3-CD19-/CD7low cells/CD11c hi HLADR hi/Monocytes CD14hi	/PBMC/CD3-CD19-/CD7low cells/CD11c hi HLADR hi/Monocytes CD14hi	1042200	13393	990	15615198	0.9990509878353895	8.569550511623216e-4	9.490121646104736e-4	0.9991430449488377
dataset_name-FR-FCM-Z3YR_seed-42	cyanno	num-2	run0	24	/PBMC/T cells/T cells CD4lowCD8low	/PBMC/T cells/T cells CD4lowCD8low	473221	9263	4331	16184966	0.9909308305692365	5.719938874521287e-4	0.00906916943076356	0.9994280061125479
dataset_name-FR-FCM-Z3YR_seed-42	cyanno	num-2	run0	10	/PBMC/CD3-CD19-/CD7hi cells/NK cells CD56 mid	/PBMC/CD3-CD19-/CD7hi cells/NK cells CD56 mid	631041	7746	2907	16030087	0.9954144503965625	4.829829566126546e-4	0.004585549603437506	0.9995170170433874
dataset_name-FR-FCM-Z3YR_seed-42	cyanno	num-2	run0	21	/PBMC/T cells/T cells CD4/T cells Naive	/PBMC/T cells/T cells CD4/T cells Naive	1386701	5738	569	15278773	0.9995898419197417	3.7541272991985155e-4	4.101580802583491e-4	0.9996245872700802
dataset_name-FR-FCM-Z3YR_seed-42	cyanno	num-3	run0	11	/PBMC/CD3-CD19-/CD7low cells/CD11c hi HLADR hi/Monocytes CD14hi	/PBMC/CD3-CD19-/CD7low cells/CD11c hi HLADR hi/Monocytes CD14hi	999074	3207	343	15025762	0.9996567999143501	2.1338789107888906e-4	3.432000856499339e-4	0.9997866121089211
dataset_name-FR-FCM-Z3YR_seed-42	cyanno	num-3	run0	24	/PBMC/T cells/T cells CD4lowCD8low	/PBMC/T cells/T cells CD4lowCD8low	458957	1110	325	15567994	0.9992923737485901	7.129504690828708e-5	7.076262514098092e-4	0.9999287049530917
dataset_name-FR-FCM-Z3YR_seed-42	cyanno	num-3	run0	5	/PBMC/B cells/B cells SWME/B cells CD27hi CD20hi	/PBMC/B cells/B cells SWME/B cells CD27hi CD20hi	98496	955	112	15928823	0.9988641895180919	5.9950615758738134e-5	0.0011358104819081617	0.9999400493842413
dataset_name-FR-FCM-Z3YR_seed-42	cyanno	num-3	run0	21	/PBMC/T cells/T cells CD4/T cells Naive	/PBMC/T cells/T cells CD4/T cells Naive	1333106	871	276	14694133	0.9997930075552243	5.927184504339026e-5	2.069924447757657e-4	0.9999407281549566
dataset_name-FR-FCM-Z3YR_seed-42	cyanno	num-3	run0	10	/PBMC/CD3-CD19-/CD7hi cells/NK cells CD56 mid	/PBMC/CD3-CD19-/CD7hi cells/NK cells CD56 mid	608280	853	160	15419093	0.9997370324107554	5.531796285149118e-5	2.629675892446256e-4	0.9999446820371485
dataset_name-FR-FCM-Z3YR_seed-42	cyanno	num-4	run0	11	/PBMC/CD3-CD19-/CD7low cells/CD11c hi HLADR hi/Monocytes CD14hi	/PBMC/CD3-CD19-/CD7low cells/CD11c hi HLADR hi/Monocytes CD14hi	1012559	4385	348	15146664	0.9996564344011839	2.8941890426200853e-4	3.4356559881608086e-4	0.999710581095738
dataset_name-FR-FCM-Z3YR_seed-42	cyanno	num-4	run0	24	/PBMC/T cells/T cells CD4lowCD8low	/PBMC/T cells/T cells CD4lowCD8low	461647	1493	223	15700593	0.9995171801589192	9.508290809259356e-5	4.828198410808236e-4	0.9999049170919074
dataset_name-FR-FCM-Z3YR_seed-42	cyanno	num-4	run0	10	/PBMC/CD3-CD19-/CD7hi cells/NK cells CD56 mid	/PBMC/CD3-CD19-/CD7hi cells/NK cells CD56 mid	614684	1049	175	15548048	0.9997153819005659	6.746372474234356e-5	2.846180994341792e-4	0.9999325362752577
dataset_name-FR-FCM-Z3YR_seed-42	cyanno	num-4	run0	21	/PBMC/T cells/T cells CD4/T cells Naive	/PBMC/T cells/T cells CD4/T cells Naive	1344298	987	307	14818364	0.9997716801588571	6.66021069343725e-5	2.283198411429379e-4	0.9999333978930657
dataset_name-FR-FCM-Z3YR_seed-42	cyanno	num-4	run0	25	/PBMC/T cells/T cells CD8/T cells CM	/PBMC/T cells/T cells CD8/T cells CM	464736	697	211	15698312	0.9995461848339703	4.439770688710351e-5	4.538151660296765e-4	0.9999556022931129
dataset_name-FR-FCM-Z3YR_seed-42	cyanno	num-5	run0	11	/PBMC/CD3-CD19-/CD7low cells/CD11c hi HLADR hi/Monocytes CD14hi	/PBMC/CD3-CD19-/CD7low cells/CD11c hi HLADR hi/Monocytes CD14hi	1006863	4668	257	15102592	0.999744816903646	3.089905118466221e-4	2.5518309635395983e-4	0.9996910094881534
dataset_name-FR-FCM-Z3YR_seed-42	cyanno	num-5	run0	24	/PBMC/T cells/T cells CD4lowCD8low	/PBMC/T cells/T cells CD4lowCD8low	461856	1358	179	15650987	0.9996125834622919	8.67601627743319e-5	3.874165377081823e-4	0.9999132398372257
dataset_name-FR-FCM-Z3YR_seed-42	cyanno	num-5	run0	25	/PBMC/T cells/T cells CD8/T cells CM	/PBMC/T cells/T cells CD8/T cells CM	464477	771	162	15648970	0.999651342224824	4.926599104739177e-5	3.4865777517599684e-4	0.9999507340089526
dataset_name-FR-FCM-Z3YR_seed-42	cyanno	num-5	run0	10	/PBMC/CD3-CD19-/CD7hi cells/NK cells CD56 mid	/PBMC/CD3-CD19-/CD7hi cells/NK cells CD56 mid	611515	587	142	15502136	0.9997678437424896	3.7864315836643665e-5	2.3215625751033667e-4	0.9999621356841634
dataset_name-FR-FCM-Z3YR_seed-42	cyanno	num-5	run0	21	/PBMC/T cells/T cells CD4/T cells Naive	/PBMC/T cells/T cells CD4/T cells Naive	1339548	465	187	14774180	0.9998604201577178	3.147283741842867e-5	1.3957984228224238e-4	0.9999685271625816
dataset_name-FR-FCM-Z3YR_seed-42	cygate	num-1	run0	21	/PBMC/T cells/T cells CD4/T cells Naive	/PBMC/T cells/T cells CD4/T cells Naive	1351372	57914	35455	15220987	0.9744344464017501	0.003790455871138899	0.02556555359824982	0.9962095441288611
dataset_name-FR-FCM-Z3YR_seed-42	cygate	num-1	run0	27	/PBMC/T cells/T cells CD8/T cells Naive	/PBMC/T cells/T cells CD8/T cells Naive	414375	55583	42275	16153495	0.9074236285995839	0.0034291278011000996	0.09257637140041608	0.9965708721989
dataset_name-FR-FCM-Z3YR_seed-42	cygate	num-1	run0	18	/PBMC/T cells/NKT cells	/PBMC/T cells/NKT cells	111	55320	1176	16609121	0.08624708624708624	0.003319643305166972	0.9137529137529138	0.996680356694833
dataset_name-FR-FCM-Z3YR_seed-42	cygate	num-1	run0	28	/PBMC/T cells/T cells CD8/T cells TEMRA	/PBMC/T cells/T cells CD8/T cells TEMRA	27290	48035	2168	16588235	0.9264036933939847	0.0028873659780708056	0.07359630660601535	0.9971126340219292
dataset_name-FR-FCM-Z3YR_seed-42	cygate	num-1	run0	11	/PBMC/CD3-CD19-/CD7low cells/CD11c hi HLADR hi/Monocytes CD14hi	/PBMC/CD3-CD19-/CD7low cells/CD11c hi HLADR hi/Monocytes CD14hi	991211	38814	52280	15583423	0.9498989449837133	0.0024845353453541896	0.05010105501628668	0.9975154646546458
dataset_name-FR-FCM-Z3YR_seed-42	cygate	num-2	run0	12	/PBMC/CD3-CD19-/CD7low cells/CD11c hi HLADR hi/Monocytes CD14mid	/PBMC/CD3-CD19-/CD7low cells/CD11c hi HLADR hi/Monocytes CD14mid	38336	81344	12498	16539603	0.7541409292992879	0.004894065302055292	0.2458590707007121	0.9951059346979447
dataset_name-FR-FCM-Z3YR_seed-42	cygate	num-2	run0	21	/PBMC/T cells/T cells CD4/T cells Naive	/PBMC/T cells/T cells CD4/T cells Naive	1348058	52833	39212	15231678	0.9717344136325301	0.003456636591121561	0.02826558636746992	0.9965433634088784
dataset_name-FR-FCM-Z3YR_seed-42	cygate	num-2	run0	27	/PBMC/T cells/T cells CD8/T cells Naive	/PBMC/T cells/T cells CD8/T cells Naive	419601	32877	37140	16182163	0.9186847688295993	0.002027562065835175	0.08131523117040074	0.9979724379341648
dataset_name-FR-FCM-Z3YR_seed-42	cygate	num-2	run0	18	/PBMC/T cells/NKT cells	/PBMC/T cells/NKT cells	242	30793	1049	16639697	0.18745158791634392	0.001847156262353416	0.8125484120836561	0.9981528437376466
dataset_name-FR-FCM-Z3YR_seed-42	cygate	num-2	run0	9	/PBMC/CD3-CD19-/CD7hi cells/NK cells CD56 hi	/PBMC/CD3-CD19-/CD7hi cells/NK cells CD56 hi	9512	22713	14901	16624655	0.389628476631303	0.0013643598195222212	0.610371523368697	0.9986356401804778
dataset_name-FR-FCM-Z3YR_seed-42	cygate	num-3	run0	21	/PBMC/T cells/T cells CD4/T cells Naive	/PBMC/T cells/T cells CD4/T cells Naive	1290927	41910	42455	14653094	0.9681599121632061	0.002851989696634312	0.03184008783679396	0.9971480103033656
dataset_name-FR-FCM-Z3YR_seed-42	cygate	num-3	run0	12	/PBMC/CD3-CD19-/CD7low cells/CD11c hi HLADR hi/Monocytes CD14mid	/PBMC/CD3-CD19-/CD7low cells/CD11c hi HLADR hi/Monocytes CD14mid	37920	33094	11745	15945627	0.7635155542132286	0.0020711294727531696	0.23648444578677136	0.9979288705272469
dataset_name-FR-FCM-Z3YR_seed-42	cygate	num-3	run0	18	/PBMC/T cells/NKT cells	/PBMC/T cells/NKT cells	279	29608	974	15997525	0.22266560255387072	0.0018473672115904946	0.7773343974461293	0.9981526327884095
dataset_name-FR-FCM-Z3YR_seed-42	cygate	num-3	run0	28	/PBMC/T cells/T cells CD8/T cells TEMRA	/PBMC/T cells/T cells CD8/T cells TEMRA	7784	20172	20721	15979709	0.27307489914050165	0.0012607593768978657	0.7269251008594984	0.9987392406231022
dataset_name-FR-FCM-Z3YR_seed-42	cygate	num-3	run0	11	/PBMC/CD3-CD19-/CD7low cells/CD11c hi HLADR hi/Monocytes CD14hi	/PBMC/CD3-CD19-/CD7low cells/CD11c hi HLADR hi/Monocytes CD14hi	952576	18863	46841	15010106	0.9531316757669721	0.001255109382420045	0.04686832423302786	0.99874489061758
dataset_name-FR-FCM-Z3YR_seed-42	cygate	num-4	run0	12	/PBMC/CD3-CD19-/CD7low cells/CD11c hi HLADR hi/Monocytes CD14mid	/PBMC/CD3-CD19-/CD7low cells/CD11c hi HLADR hi/Monocytes CD14mid	36686	66951	11341	16048978	0.7638619942948758	0.004154336991680716	0.2361380057051242	0.9958456630083193
dataset_name-FR-FCM-Z3YR_seed-42	cygate	num-4	run0	21	/PBMC/T cells/T cells CD4/T cells Naive	/PBMC/T cells/T cells CD4/T cells Naive	1305414	48528	39191	14770823	0.9708531501816519	0.0032746373306091476	0.029146849818348138	0.9967253626693908
dataset_name-FR-FCM-Z3YR_seed-42	cygate	num-4	run0	11	/PBMC/CD3-CD19-/CD7low cells/CD11c hi HLADR hi/Monocytes CD14hi	/PBMC/CD3-CD19-/CD7low cells/CD11c hi HLADR hi/Monocytes CD14hi	922513	32245	90394	15118804	0.9107578484500551	0.0021282354772926945	0.08924215154994486	0.9978717645227073
dataset_name-FR-FCM-Z3YR_seed-42	cygate	num-4	run0	28	/PBMC/T cells/T cells CD8/T cells TEMRA	/PBMC/T cells/T cells CD8/T cells TEMRA	17065	21645	11516	16113730	0.5970749798817396	0.0013414624698837182	0.40292502011826037	0.9986585375301162
dataset_name-FR-FCM-Z3YR_seed-42	cygate	num-4	run0	13	/PBMC/CD3-CD19-/CD7low cells/CD11c hi HLADR hi/Monocytes non-class	/PBMC/CD3-CD19-/CD7low cells/CD11c hi HLADR hi/Monocytes non-class	33989	15725	57724	16056518	0.37060176856061844	9.783948637411717e-4	0.6293982314393816	0.9990216051362588
dataset_name-FR-FCM-Z3YR_seed-42	cygate	num-5	run0	12	/PBMC/CD3-CD19-/CD7low cells/CD11c hi HLADR hi/Monocytes CD14mid	/PBMC/CD3-CD19-/CD7low cells/CD11c hi HLADR hi/Monocytes CD14mid	38188	168839	11892	15895461	0.7625399361022365	0.010510199635215977	0.23746006389776358	0.9894898003647841
dataset_name-FR-FCM-Z3YR_seed-42	cygate	num-5	run0	21	/PBMC/T cells/T cells CD4/T cells Naive	/PBMC/T cells/T cells CD4/T cells Naive	1292931	46745	46804	14727900	0.9650647329509194	0.0031638662045687053	0.0349352670490806	0.9968361337954313
dataset_name-FR-FCM-Z3YR_seed-42	cygate	num-5	run0	27	/PBMC/T cells/T cells CD8/T cells Naive	/PBMC/T cells/T cells CD8/T cells Naive	402989	38379	37698	15635314	0.9144562921075503	0.0024486252218925047	0.08554370789244975	0.9975513747781075
dataset_name-FR-FCM-Z3YR_seed-42	cygate	num-5	run0	28	/PBMC/T cells/T cells CD8/T cells TEMRA	/PBMC/T cells/T cells CD8/T cells TEMRA	17739	31689	10420	16054532	0.6299584502290564	0.0019699468259201463	0.37004154977094356	0.9980300531740799
dataset_name-FR-FCM-Z3YR_seed-42	cygate	num-5	run0	9	/PBMC/CD3-CD19-/CD7hi cells/NK cells CD56 hi	/PBMC/CD3-CD19-/CD7hi cells/NK cells CD56 hi	10149	18571	13000	16072660	0.4384206661194868	0.0011541068548453503	0.5615793338805132	0.9988458931451546
dataset_name-FR-FCM-Z3YR_seed-42	dgcytof	num-1	run0	12	/PBMC/CD3-CD19-/CD7low cells/CD11c hi HLADR hi/Monocytes CD14mid	/PBMC/CD3-CD19-/CD7low cells/CD11c hi HLADR hi/Monocytes CD14mid	49382	65067	1035	16550244	0.9794712101077018	0.00391608679488455	0.020528789892298234	0.9960839132051155
dataset_name-FR-FCM-Z3YR_seed-42	dgcytof	num-1	run0	1	/Granulocytes	/Granulocytes	10042577	13634	2803	6606714	0.9997209662551342	0.0020594083573854424	2.79033744865799e-4	0.9979405916426145
dataset_name-FR-FCM-Z3YR_seed-42	dgcytof	num-1	run0	21	/PBMC/T cells/T cells CD4/T cells Naive	/PBMC/T cells/T cells CD4/T cells Naive	1376502	31321	10325	15247580	0.9925549473726716	0.0020499511057765216	0.007445052627328427	0.9979500488942235
dataset_name-FR-FCM-Z3YR_seed-42	dgcytof	num-1	run0	25	/PBMC/T cells/T cells CD8/T cells CM	/PBMC/T cells/T cells CD8/T cells CM	471926	23475	8468	16161859	0.9823728023247584	0.0014503871220698937	0.01762719767524157	0.9985496128779301
dataset_name-FR-FCM-Z3YR_seed-42	dgcytof	num-1	run0	10	/PBMC/CD3-CD19-/CD7hi cells/NK cells CD56 mid	/PBMC/CD3-CD19-/CD7hi cells/NK cells CD56 mid	629282	17032	4821	16014593	0.9923971342195196	0.0010624000998027336	0.007602865780480458	0.9989375999001973
dataset_name-FR-FCM-Z3YR_seed-42	dgcytof	num-2	run0	21	/PBMC/T cells/T cells CD4/T cells Naive	/PBMC/T cells/T cells CD4/T cells Naive	1381991	62958	5279	15221553	0.9961946845242815	0.004119071915352738	0.0038053154757184977	0.9958809280846472
dataset_name-FR-FCM-Z3YR_seed-42	dgcytof	num-2	run0	25	/PBMC/T cells/T cells CD8/T cells CM	/PBMC/T cells/T cells CD8/T cells CM	473247	29209	7242	16162083	0.9849278547479755	0.0018039943940236518	0.0150721452520245	0.9981960056059763
dataset_name-FR-FCM-Z3YR_seed-42	dgcytof	num-2	run0	1	/Granulocytes	/Granulocytes	10042275	9520	6855	6613131	0.999317851396091	0.0014374908174989139	6.821486039089951e-4	0.9985625091825011
dataset_name-FR-FCM-Z3YR_seed-42	dgcytof	num-2	run0	11	/PBMC/CD3-CD19-/CD7low cells/CD11c hi HLADR hi/Monocytes CD14hi	/PBMC/CD3-CD19-/CD7low cells/CD11c hi HLADR hi/Monocytes CD14hi	1027554	21483	15636	15607108	0.985011359388031	0.0013745960848294	0.014988640611969056	0.9986254039151706
dataset_name-FR-FCM-Z3YR_seed-42	dgcytof	num-2	run0	13	/PBMC/CD3-CD19-/CD7low cells/CD11c hi HLADR hi/Monocytes non-class	/PBMC/CD3-CD19-/CD7low cells/CD11c hi HLADR hi/Monocytes non-class	91307	19980	3686	16556808	0.9611971408419567	0.0012052998445778518	0.038802859158043226	0.9987947001554222
dataset_name-FR-FCM-Z3YR_seed-42	dgcytof	num-3	run0	1	/Granulocytes	/Granulocytes	9665726	7616	1500	6353544	0.9998448365642844	0.001197265907475995	1.5516343571568515e-4	0.998802734092524
dataset_name-FR-FCM-Z3YR_seed-42	dgcytof	num-3	run0	27	/PBMC/T cells/T cells CD8/T cells Naive	/PBMC/T cells/T cells CD8/T cells Naive	437907	16028	1338	15573113	0.996953864016665	0.001028151583207824	0.0030461359833350407	0.9989718484167922
dataset_name-FR-FCM-Z3YR_seed-42	dgcytof	num-3	run0	11	/PBMC/CD3-CD19-/CD7low cells/CD11c hi HLADR hi/Monocytes CD14hi	/PBMC/CD3-CD19-/CD7low cells/CD11c hi HLADR hi/Monocytes CD14hi	996017	14069	3400	15014900	0.9965980166437033	9.361254255032397e-4	0.0034019833562967208	0.9990638745744967
dataset_name-FR-FCM-Z3YR_seed-42	dgcytof	num-3	run0	21	/PBMC/T cells/T cells CD4/T cells Naive	/PBMC/T cells/T cells CD4/T cells Naive	1326783	13136	6599	14681868	0.9950509306410316	8.939092497014632e-4	0.004949069358968398	0.9991060907502985
dataset_name-FR-FCM-Z3YR_seed-42	dgcytof	num-3	run0	12	/PBMC/CD3-CD19-/CD7low cells/CD11c hi HLADR hi/Monocytes CD14mid	/PBMC/CD3-CD19-/CD7low cells/CD11c hi HLADR hi/Monocytes CD14mid	40390	9401	9275	15969320	0.8132487667371389	5.88344962027937e-4	0.18675123326286117	0.999411655037972
dataset_name-FR-FCM-Z3YR_seed-42	dgcytof	num-4	run0	19	/PBMC/T cells/T cells CD4/T cells CM	/PBMC/T cells/T cells CD4/T cells CM	1016373	46035	6424	15095124	0.9937191837676489	0.003040388123524758	0.006280816232351092	0.9969596118764752
dataset_name-FR-FCM-Z3YR_seed-42	dgcytof	num-4	run0	25	/PBMC/T cells/T cells CD8/T cells CM	/PBMC/T cells/T cells CD8/T cells CM	463303	29206	1644	15669803	0.9964641131139679	0.0018603722056596056	0.0035358868860321715	0.9981396277943404
dataset_name-FR-FCM-Z3YR_seed-42	dgcytof	num-4	run0	1	/Granulocytes	/Granulocytes	9746642	7679	1526	6408109	0.9998434577656027	0.0011968911690972332	1.5654223439727342e-4	0.9988031088309027
dataset_name-FR-FCM-Z3YR_seed-42	dgcytof	num-4	run0	20	/PBMC/T cells/T cells CD4/T cells EM	/PBMC/T cells/T cells CD4/T cells EM	141769	9407	559	16012221	0.9960724523635546	5.871438283300549e-4	0.003927547636445394	0.99941285617167
dataset_name-FR-FCM-Z3YR_seed-42	dgcytof	num-4	run0	11	/PBMC/CD3-CD19-/CD7low cells/CD11c hi HLADR hi/Monocytes CD14hi	/PBMC/CD3-CD19-/CD7low cells/CD11c hi HLADR hi/Monocytes CD14hi	1000975	8422	11932	15142627	0.9882200438934671	5.558691018687881e-4	0.011779956106532978	0.9994441308981312
dataset_name-FR-FCM-Z3YR_seed-42	dgcytof	num-5	run0	21	/PBMC/T cells/T cells CD4/T cells Naive	/PBMC/T cells/T cells CD4/T cells Naive	1335845	23210	3890	14751435	0.9970964407140218	0.0015709345300682351	0.0029035592859781973	0.9984290654699318
dataset_name-FR-FCM-Z3YR_seed-42	dgcytof	num-5	run0	11	/PBMC/CD3-CD19-/CD7low cells/CD11c hi HLADR hi/Monocytes CD14hi	/PBMC/CD3-CD19-/CD7low cells/CD11c hi HLADR hi/Monocytes CD14hi	1005109	18835	2011	15088425	0.9980032170942886	0.001246751561831861	0.0019967829057113353	0.9987532484381682
dataset_name-FR-FCM-Z3YR_seed-42	dgcytof	num-5	run0	1	/Granulocytes	/Granulocytes	9714058	7545	1356	6391421	0.999860427975586	0.0011790967478183193	1.3957202441398792e-4	0.9988209032521816
dataset_name-FR-FCM-Z3YR_seed-42	dgcytof	num-5	run0	27	/PBMC/T cells/T cells CD8/T cells Naive	/PBMC/T cells/T cells CD8/T cells Naive	437546	12065	3141	15661628	0.9928724922677546	7.69761153290421e-4	0.0071275077322453355	0.9992302388467096
dataset_name-FR-FCM-Z3YR_seed-42	dgcytof	num-5	run0	28	/PBMC/T cells/T cells CD8/T cells TEMRA	/PBMC/T cells/T cells CD8/T cells TEMRA	27538	9169	621	16077052	0.9779466600376434	5.699909257743009e-4	0.022053339962356616	0.9994300090742257
dataset_name-FR-FCM-Z3YR_seed-42	gatemeclass	num-1	run0	1	/Granulocytes	/Granulocytes	0	0	10045380	6620348	0	0	1	1
dataset_name-FR-FCM-Z3YR_seed-42	gatemeclass	num-1	run0	2	/PBMC/B cells/B cells DN	/PBMC/B cells/B cells DN	0	0	53534	16612194	0	0	1	1
dataset_name-FR-FCM-Z3YR_seed-42	gatemeclass	num-1	run0	3	/PBMC/B cells/B cells NSM	/PBMC/B cells/B cells NSM	0	0	51222	16614506	0	0	1	1
dataset_name-FR-FCM-Z3YR_seed-42	gatemeclass	num-1	run0	4	/PBMC/B cells/B cells Naive/B cells TR	/PBMC/B cells/B cells Naive/B cells TR	0	0	66033	16599695	0	0	1	1
dataset_name-FR-FCM-Z3YR_seed-42	gatemeclass	num-1	run0	5	/PBMC/B cells/B cells SWME/B cells CD27hi CD20hi	/PBMC/B cells/B cells SWME/B cells CD27hi CD20hi	0	0	102807	16562921	0	0	1	1
dataset_name-FR-FCM-Z3YR_seed-42	gatemeclass	num-2	run0	1	/Granulocytes	/Granulocytes	0	0	10049130	6622651	0	0	1	1
dataset_name-FR-FCM-Z3YR_seed-42	gatemeclass	num-2	run0	2	/PBMC/B cells/B cells DN	/PBMC/B cells/B cells DN	0	0	53647	16618134	0	0	1	1
dataset_name-FR-FCM-Z3YR_seed-42	gatemeclass	num-2	run0	3	/PBMC/B cells/B cells NSM	/PBMC/B cells/B cells NSM	0	0	51162	16620619	0	0	1	1
dataset_name-FR-FCM-Z3YR_seed-42	gatemeclass	num-2	run0	4	/PBMC/B cells/B cells Naive/B cells TR	/PBMC/B cells/B cells Naive/B cells TR	0	0	65966	16605815	0	0	1	1
dataset_name-FR-FCM-Z3YR_seed-42	gatemeclass	num-2	run0	5	/PBMC/B cells/B cells SWME/B cells CD27hi CD20hi	/PBMC/B cells/B cells SWME/B cells CD27hi CD20hi	0	0	102822	16568959	0	0	1	1
dataset_name-FR-FCM-Z3YR_seed-42	gatemeclass	num-3	run0	1	/Granulocytes	/Granulocytes	0	0	9667226	6361160	0	0	1	1
dataset_name-FR-FCM-Z3YR_seed-42	gatemeclass	num-3	run0	2	/PBMC/B cells/B cells DN	/PBMC/B cells/B cells DN	0	0	51434	15976952	0	0	1	1
dataset_name-FR-FCM-Z3YR_seed-42	gatemeclass	num-3	run0	3	/PBMC/B cells/B cells NSM	/PBMC/B cells/B cells NSM	0	0	49341	15979045	0	0	1	1
dataset_name-FR-FCM-Z3YR_seed-42	gatemeclass	num-3	run0	4	/PBMC/B cells/B cells Naive/B cells TR	/PBMC/B cells/B cells Naive/B cells TR	0	0	63884	15964502	0	0	1	1
dataset_name-FR-FCM-Z3YR_seed-42	gatemeclass	num-3	run0	5	/PBMC/B cells/B cells SWME/B cells CD27hi CD20hi	/PBMC/B cells/B cells SWME/B cells CD27hi CD20hi	0	0	98608	15929778	0	0	1	1
dataset_name-FR-FCM-Z3YR_seed-42	gatemeclass	num-4	run0	1	/Granulocytes	/Granulocytes	0	0	9748168	6415788	0	0	1	1
dataset_name-FR-FCM-Z3YR_seed-42	gatemeclass	num-4	run0	2	/PBMC/B cells/B cells DN	/PBMC/B cells/B cells DN	0	0	51864	16112092	0	0	1	1
dataset_name-FR-FCM-Z3YR_seed-42	gatemeclass	num-4	run0	3	/PBMC/B cells/B cells NSM	/PBMC/B cells/B cells NSM	0	0	49699	16114257	0	0	1	1
dataset_name-FR-FCM-Z3YR_seed-42	gatemeclass	num-4	run0	4	/PBMC/B cells/B cells Naive/B cells TR	/PBMC/B cells/B cells Naive/B cells TR	0	0	64592	16099364	0	0	1	1
dataset_name-FR-FCM-Z3YR_seed-42	gatemeclass	num-4	run0	5	/PBMC/B cells/B cells SWME/B cells CD27hi CD20hi	/PBMC/B cells/B cells SWME/B cells CD27hi CD20hi	0	0	99743	16064213	0	0	1	1
dataset_name-FR-FCM-Z3YR_seed-42	gatemeclass	num-5	run0	1	/Granulocytes	/Granulocytes	0	0	9715414	6398966	0	0	1	1
dataset_name-FR-FCM-Z3YR_seed-42	gatemeclass	num-5	run0	2	/PBMC/B cells/B cells DN	/PBMC/B cells/B cells DN	0	0	52090	16062290	0	0	1	1
dataset_name-FR-FCM-Z3YR_seed-42	gatemeclass	num-5	run0	3	/PBMC/B cells/B cells NSM	/PBMC/B cells/B cells NSM	0	0	49105	16065275	0	0	1	1
dataset_name-FR-FCM-Z3YR_seed-42	gatemeclass	num-5	run0	4	/PBMC/B cells/B cells Naive/B cells TR	/PBMC/B cells/B cells Naive/B cells TR	0	0	62967	16051413	0	0	1	1
dataset_name-FR-FCM-Z3YR_seed-42	gatemeclass	num-5	run0	5	/PBMC/B cells/B cells SWME/B cells CD27hi CD20hi	/PBMC/B cells/B cells SWME/B cells CD27hi CD20hi	0	0	99255	16015125	0	0	1	1
dataset_name-FR-FCM-Z3YR_seed-42	knn	num-1	run0	12	/PBMC/CD3-CD19-/CD7low cells/CD11c hi HLADR hi/Monocytes CD14mid	/PBMC/CD3-CD19-/CD7low cells/CD11c hi HLADR hi/Monocytes CD14mid	41835	79571	8582	16535740	0.8297796378205764	0.004789016588374421	0.1702203621794236	0.9952109834116256
dataset_name-FR-FCM-Z3YR_seed-42	knn	num-1	run0	9	/PBMC/CD3-CD19-/CD7hi cells/NK cells CD56 hi	/PBMC/CD3-CD19-/CD7hi cells/NK cells CD56 hi	22096	50766	2341	16590525	0.9042026435323485	0.0030506046676306545	0.09579735646765151	0.9969493953323694
dataset_name-FR-FCM-Z3YR_seed-42	knn	num-1	run0	24	/PBMC/T cells/T cells CD4lowCD8low	/PBMC/T cells/T cells CD4lowCD8low	433474	46141	43595	16142518	0.9086190886433618	0.0028502051961190856	0.09138091135663814	0.9971497948038809
dataset_name-FR-FCM-Z3YR_seed-42	knn	num-1	run0	11	/PBMC/CD3-CD19-/CD7low cells/CD11c hi HLADR hi/Monocytes CD14hi	/PBMC/CD3-CD19-/CD7low cells/CD11c hi HLADR hi/Monocytes CD14hi	955813	40502	87678	15581735	0.915976275789633	0.0025925864522475237	0.08402372421036693	0.9974074135477525
dataset_name-FR-FCM-Z3YR_seed-42	knn	num-1	run0	19	/PBMC/T cells/T cells CD4/T cells CM	/PBMC/T cells/T cells CD4/T cells CM	1012376	40395	44901	15568056	0.9575314699931995	0.0025880210662800555	0.04246853000680049	0.9974119789337199
dataset_name-FR-FCM-Z3YR_seed-42	knn	num-2	run0	12	/PBMC/CD3-CD19-/CD7low cells/CD11c hi HLADR hi/Monocytes CD14mid	/PBMC/CD3-CD19-/CD7low cells/CD11c hi HLADR hi/Monocytes CD14mid	43972	112422	6862	16508525	0.865011606405162	0.006763874525320368	0.1349883935948381	0.9932361254746797
dataset_name-FR-FCM-Z3YR_seed-42	knn	num-2	run0	19	/PBMC/T cells/T cells CD4/T cells CM	/PBMC/T cells/T cells CD4/T cells CM	1012722	69036	45354	15544669	0.9571354042620757	0.00442150021407475	0.04286459573792431	0.9955784997859253
dataset_name-FR-FCM-Z3YR_seed-42	knn	num-2	run0	24	/PBMC/T cells/T cells CD4lowCD8low	/PBMC/T cells/T cells CD4lowCD8low	455489	39739	22063	16154490	0.9537997956243509	0.002453898854956293	0.046200204375649145	0.9975461011450437
dataset_name-FR-FCM-Z3YR_seed-42	knn	num-2	run0	20	/PBMC/T cells/T cells CD4/T cells EM	/PBMC/T cells/T cells CD4/T cells EM	143375	35605	3795	16489006	0.9742134945980838	0.0021546649418857726	0.02578650540191615	0.9978453350581142
dataset_name-FR-FCM-Z3YR_seed-42	knn	num-2	run0	2	/PBMC/B cells/B cells DN	/PBMC/B cells/B cells DN	43824	32662	9823	16585472	0.8168956325610006	0.0019654432922492984	0.18310436743899938	0.9980345567077507
dataset_name-FR-FCM-Z3YR_seed-42	knn	num-3	run0	12	/PBMC/CD3-CD19-/CD7low cells/CD11c hi HLADR hi/Monocytes CD14mid	/PBMC/CD3-CD19-/CD7low cells/CD11c hi HLADR hi/Monocytes CD14mid	46566	146387	3099	15832334	0.9376019329507702	0.009161371551577877	0.06239806704922984	0.9908386284484221
dataset_name-FR-FCM-Z3YR_seed-42	knn	num-3	run0	19	/PBMC/T cells/T cells CD4/T cells CM	/PBMC/T cells/T cells CD4/T cells CM	971145	51498	44642	14961101	0.9560518100743561	0.0034303187609287375	0.04394818992564386	0.9965696812390713
dataset_name-FR-FCM-Z3YR_seed-42	knn	num-3	run0	4	/PBMC/B cells/B cells Naive/B cells TR	/PBMC/B cells/B cells Naive/B cells TR	63309	50593	575	15913909	0.9909993112516436	0.003169093530133292	0.009000688748356396	0.9968309064698667
dataset_name-FR-FCM-Z3YR_seed-42	knn	num-3	run0	18	/PBMC/T cells/NKT cells	/PBMC/T cells/NKT cells	310	47189	943	15979944	0.24740622505985635	0.0029443194862112895	0.7525937749401437	0.9970556805137887
dataset_name-FR-FCM-Z3YR_seed-42	knn	num-3	run0	27	/PBMC/T cells/T cells CD8/T cells Naive	/PBMC/T cells/T cells CD8/T cells Naive	428429	29525	10816	15559616	0.9753759291511571	0.0018939465619048541	0.0246240708488429	0.9981060534380951
dataset_name-FR-FCM-Z3YR_seed-42	knn	num-4	run0	12	/PBMC/CD3-CD19-/CD7low cells/CD11c hi HLADR hi/Monocytes CD14mid	/PBMC/CD3-CD19-/CD7low cells/CD11c hi HLADR hi/Monocytes CD14mid	43727	79218	4300	16036711	0.910467028962875	0.004915509369642916	0.08953297103712494	0.9950844906303571
dataset_name-FR-FCM-Z3YR_seed-42	knn	num-4	run0	16	/PBMC/CD3-CD19-/CD7low cells/CD11c low HLADR hi/pDC	/PBMC/CD3-CD19-/CD7low cells/CD11c low HLADR hi/pDC	42363	72377	347	16048869	0.9918754390072583	0.004489541317091743	0.008124560992741746	0.9955104586829082
dataset_name-FR-FCM-Z3YR_seed-42	knn	num-4	run0	11	/PBMC/CD3-CD19-/CD7low cells/CD11c hi HLADR hi/Monocytes CD14hi	/PBMC/CD3-CD19-/CD7low cells/CD11c hi HLADR hi/Monocytes CD14hi	933123	58161	79784	15092888	0.9212326501840742	0.003838744102801067	0.07876734981592584	0.996161255897199
dataset_name-FR-FCM-Z3YR_seed-42	knn	num-4	run0	19	/PBMC/T cells/T cells CD4/T cells CM	/PBMC/T cells/T cells CD4/T cells CM	982628	51238	40169	15089921	0.9607263220365332	0.003384020998656708	0.03927367796346685	0.9966159790013432
dataset_name-FR-FCM-Z3YR_seed-42	knn	num-4	run0	18	/PBMC/T cells/NKT cells	/PBMC/T cells/NKT cells	409	48285	846	16114416	0.3258964143426295	0.002987433845370276	0.6741035856573705	0.9970125661546297
dataset_name-FR-FCM-Z3YR_seed-42	knn	num-5	run0	12	/PBMC/CD3-CD19-/CD7low cells/CD11c hi HLADR hi/Monocytes CD14mid	/PBMC/CD3-CD19-/CD7low cells/CD11c hi HLADR hi/Monocytes CD14mid	48142	190552	1938	15873748	0.9613019169329073	0.011861830269604029	0.03869808306709265	0.9881381697303959
dataset_name-FR-FCM-Z3YR_seed-42	knn	num-5	run0	19	/PBMC/T cells/T cells CD4/T cells CM	/PBMC/T cells/T cells CD4/T cells CM	975048	64733	49054	15025545	0.9521004743668111	0.004289715537381087	0.04789952563318888	0.9957102844626189
dataset_name-FR-FCM-Z3YR_seed-42	knn	num-5	run0	18	/PBMC/T cells/NKT cells	/PBMC/T cells/NKT cells	454	68123	790	16045013	0.364951768488746	0.00422779277727191	0.635048231511254	0.9957722072227281
dataset_name-FR-FCM-Z3YR_seed-42	knn	num-5	run0	9	/PBMC/CD3-CD19-/CD7hi cells/NK cells CD56 hi	/PBMC/CD3-CD19-/CD7hi cells/NK cells CD56 hi	22545	63220	604	16028011	0.9739081601797054	0.003928847954516345	0.026091839820294612	0.9960711520454837
dataset_name-FR-FCM-Z3YR_seed-42	knn	num-5	run0	20	/PBMC/T cells/T cells CD4/T cells EM	/PBMC/T cells/T cells CD4/T cells EM	138707	38049	3884	15933740	0.9727612542166055	0.0023822628761248975	0.027238745783394466	0.9976177371238751
dataset_name-FR-FCM-Z3YR_seed-42	lda	num-1	run0	27	/PBMC/T cells/T cells CD8/T cells Naive	/PBMC/T cells/T cells CD8/T cells Naive	424453	61557	32197	16147521	0.9294930471915034	0.003797686703710106	0.07050695280849666	0.9962023132962899
dataset_name-FR-FCM-Z3YR_seed-42	lda	num-1	run0	11	/PBMC/CD3-CD19-/CD7low cells/CD11c hi HLADR hi/Monocytes CD14hi	/PBMC/CD3-CD19-/CD7low cells/CD11c hi HLADR hi/Monocytes CD14hi	937661	55961	105830	15566276	0.898580821492471	0.003582137436527176	0.10141917850752906	0.9964178625634729
dataset_name-FR-FCM-Z3YR_seed-42	lda	num-1	run0	19	/PBMC/T cells/T cells CD4/T cells CM	/PBMC/T cells/T cells CD4/T cells CM	991222	46529	66055	15561922	0.9375234683058461	0.0029810132985009213	0.062476531694153944	0.9970189867014991
dataset_name-FR-FCM-Z3YR_seed-42	lda	num-1	run0	13	/PBMC/CD3-CD19-/CD7low cells/CD11c hi HLADR hi/Monocytes non-class	/PBMC/CD3-CD19-/CD7low cells/CD11c hi HLADR hi/Monocytes non-class	85696	43977	9145	16526910	0.9035754578715957	0.0026538712140152785	0.09642454212840439	0.9973461287859847
dataset_name-FR-FCM-Z3YR_seed-42	lda	num-1	run0	12	/PBMC/CD3-CD19-/CD7low cells/CD11c hi HLADR hi/Monocytes CD14mid	/PBMC/CD3-CD19-/CD7low cells/CD11c hi HLADR hi/Monocytes CD14mid	31104	34417	19313	16580894	0.6169347640676756	0.002071402695983241	0.3830652359323244	0.9979285973040167
dataset_name-FR-FCM-Z3YR_seed-42	lda	num-2	run0	11	/PBMC/CD3-CD19-/CD7low cells/CD11c hi HLADR hi/Monocytes CD14hi	/PBMC/CD3-CD19-/CD7low cells/CD11c hi HLADR hi/Monocytes CD14hi	973482	78306	69708	15550285	0.9331780404336698	0.0050104324823651725	0.0668219595663302	0.9949895675176348
dataset_name-FR-FCM-Z3YR_seed-42	lda	num-2	run0	19	/PBMC/T cells/T cells CD4/T cells CM	/PBMC/T cells/T cells CD4/T cells CM	999050	47660	59026	15566045	0.9442138371912793	0.0030524465525639173	0.055786162808720736	0.9969475534474361
dataset_name-FR-FCM-Z3YR_seed-42	lda	num-2	run0	12	/PBMC/CD3-CD19-/CD7low cells/CD11c hi HLADR hi/Monocytes CD14mid	/PBMC/CD3-CD19-/CD7low cells/CD11c hi HLADR hi/Monocytes CD14mid	11578	45783	39256	16575164	0.22776094739741118	0.002754536188581794	0.7722390526025888	0.9972454638114182
dataset_name-FR-FCM-Z3YR_seed-42	lda	num-2	run0	24	/PBMC/T cells/T cells CD4lowCD8low	/PBMC/T cells/T cells CD4lowCD8low	458862	29465	18690	16164764	0.9608629007940497	0.001819475320498432	0.03913709920595035	0.9981805246795016
dataset_name-FR-FCM-Z3YR_seed-42	lda	num-2	run0	17	/PBMC/CD3-CD19-/CD7low cells/CD11c low HLADR low/Basophils	/PBMC/CD3-CD19-/CD7low cells/CD11c low HLADR low/Basophils	146240	20738	186	16504617	0.998729733790447	0.0012549200909753528	0.0012702662095529483	0.9987450799090246
dataset_name-FR-FCM-Z3YR_seed-42	lda	num-3	run0	19	/PBMC/T cells/T cells CD4/T cells CM	/PBMC/T cells/T cells CD4/T cells CM	954237	51605	61550	14960994	0.9394065881922096	0.0034374461077658837	0.06059341180779041	0.9965625538922341
dataset_name-FR-FCM-Z3YR_seed-42	lda	num-3	run0	11	/PBMC/CD3-CD19-/CD7low cells/CD11c hi HLADR hi/Monocytes CD14hi	/PBMC/CD3-CD19-/CD7low cells/CD11c hi HLADR hi/Monocytes CD14hi	944618	51148	54799	14977821	0.9451690335465577	0.0034032939984106696	0.054830966453442355	0.9965967060015893
dataset_name-FR-FCM-Z3YR_seed-42	lda	num-3	run0	24	/PBMC/T cells/T cells CD4lowCD8low	/PBMC/T cells/T cells CD4lowCD8low	443348	33146	15934	15535958	0.9653067178770341	0.0021289600223622375	0.034693282122965845	0.9978710399776377
dataset_name-FR-FCM-Z3YR_seed-42	lda	num-3	run0	17	/PBMC/CD3-CD19-/CD7low cells/CD11c low HLADR low/Basophils	/PBMC/CD3-CD19-/CD7low cells/CD11c low HLADR low/Basophils	140629	23908	178	15863671	0.9987358583024991	0.0015048233591788906	0.0012641416975008345	0.9984951766408211
dataset_name-FR-FCM-Z3YR_seed-42	lda	num-3	run0	27	/PBMC/T cells/T cells CD8/T cells Naive	/PBMC/T cells/T cells CD8/T cells Naive	402281	22486	36964	15566655	0.9158465093512732	0.0014424143062148197	0.08415349064872679	0.9985575856937852
dataset_name-FR-FCM-Z3YR_seed-42	lda	num-4	run0	19	/PBMC/T cells/T cells CD4/T cells CM	/PBMC/T cells/T cells CD4/T cells CM	967207	51437	55590	15089722	0.9456490388610839	0.0033971639819646566	0.05435096113891613	0.9966028360180353
dataset_name-FR-FCM-Z3YR_seed-42	lda	num-4	run0	11	/PBMC/CD3-CD19-/CD7low cells/CD11c hi HLADR hi/Monocytes CD14hi	/PBMC/CD3-CD19-/CD7low cells/CD11c hi HLADR hi/Monocytes CD14hi	931104	45443	81803	15105606	0.9192393773564602	0.0029993302773953143	0.08076062264353984	0.9970006697226047
dataset_name-FR-FCM-Z3YR_seed-42	lda	num-4	run0	13	/PBMC/CD3-CD19-/CD7low cells/CD11c hi HLADR hi/Monocytes non-class	/PBMC/CD3-CD19-/CD7low cells/CD11c hi HLADR hi/Monocytes non-class	81086	31780	10627	16040463	0.884127659110486	0.0019773220203303295	0.11587234088951402	0.9980226779796697
dataset_name-FR-FCM-Z3YR_seed-42	lda	num-4	run0	27	/PBMC/T cells/T cells CD8/T cells Naive	/PBMC/T cells/T cells CD8/T cells Naive	407199	26066	35656	15695035	0.9194860620293324	0.001658026368509432	0.0805139379706676	0.9983419736314906
dataset_name-FR-FCM-Z3YR_seed-42	lda	num-4	run0	24	/PBMC/T cells/T cells CD4lowCD8low	/PBMC/T cells/T cells CD4lowCD8low	446061	25788	15809	15676298	0.9657717539567411	0.0016423295605437391	0.03422824604325893	0.9983576704394562
dataset_name-FR-FCM-Z3YR_seed-42	lda	num-5	run0	11	/PBMC/CD3-CD19-/CD7low cells/CD11c hi HLADR hi/Monocytes CD14hi	/PBMC/CD3-CD19-/CD7low cells/CD11c hi HLADR hi/Monocytes CD14hi	952531	63635	54589	15043625	0.9457969258876797	0.00421221320080544	0.05420307411232028	0.9957877867991946
dataset_name-FR-FCM-Z3YR_seed-42	lda	num-5	run0	19	/PBMC/T cells/T cells CD4/T cells CM	/PBMC/T cells/T cells CD4/T cells CM	962267	41351	61835	15048927	0.9396202721994489	0.00274024110092604	0.06037972780055112	0.9972597588990739
dataset_name-FR-FCM-Z3YR_seed-42	lda	num-5	run0	24	/PBMC/T cells/T cells CD4lowCD8low	/PBMC/T cells/T cells CD4lowCD8low	443484	28742	18551	15623603	0.9598493620613157	0.0018362743729453956	0.0401506379386843	0.9981637256270546
dataset_name-FR-FCM-Z3YR_seed-42	lda	num-5	run0	12	/PBMC/CD3-CD19-/CD7low cells/CD11c hi HLADR hi/Monocytes CD14mid	/PBMC/CD3-CD19-/CD7low cells/CD11c hi HLADR hi/Monocytes CD14mid	13594	26108	36486	16038192	0.2714456869009585	0.0016252186525401045	0.7285543130990415	0.9983747813474599
dataset_name-FR-FCM-Z3YR_seed-42	lda	num-5	run0	17	/PBMC/CD3-CD19-/CD7low cells/CD11c low HLADR low/Basophils	/PBMC/CD3-CD19-/CD7low cells/CD11c low HLADR low/Basophils	141436	19472	188	15953284	0.9986725413771678	0.0012190757812865858	0.0013274586228322882	0.9987809242187135
dataset_name-FR-FCM-Z3YR_seed-42	random	num-1	run0	1	/Granulocytes	/Granulocytes	359291	237380	9686089	6382968	0.03576679030559322	0.03585612115858562	0.9642332096944067	0.9641438788414144
dataset_name-FR-FCM-Z3YR_seed-42	random	num-1	run0	19	/PBMC/T cells/T cells CD4/T cells CM	/PBMC/T cells/T cells CD4/T cells CM	37684	558619	1019593	15049832	0.03564250428222689	0.03578952197114243	0.9643574957177731	0.9642104780288576
dataset_name-FR-FCM-Z3YR_seed-42	random	num-1	run0	4	/PBMC/B cells/B cells Naive/B cells TR	/PBMC/B cells/B cells Naive/B cells TR	2398	593916	63635	16005779	0.0363151757454606	0.03577872966943067	0.9636848242545394	0.9642212703305694
dataset_name-FR-FCM-Z3YR_seed-42	random	num-1	run0	6	/PBMC/B cells/B cells SWME/B cells PB	/PBMC/B cells/B cells SWME/B cells PB	248	595861	7311	16062308	0.03280857256250827	0.035769897640010734	0.9671914274374918	0.9642301023599893
dataset_name-FR-FCM-Z3YR_seed-42	random	num-1	run0	10	/PBMC/CD3-CD19-/CD7hi cells/NK cells CD56 mid	/PBMC/CD3-CD19-/CD7hi cells/NK cells CD56 mid	22539	573223	611564	15458402	0.0355446985742064	0.03575576399772325	0.9644553014257936	0.9642442360022767
dataset_name-FR-FCM-Z3YR_seed-42	random	num-2	run0	1	/Granulocytes	/Granulocytes	346505	229197	9702625	6393454	0.03448109438329487	0.03460804442209019	0.9655189056167052	0.9653919555779098
dataset_name-FR-FCM-Z3YR_seed-42	random	num-2	run0	19	/PBMC/T cells/T cells CD4/T cells CM	/PBMC/T cells/T cells CD4/T cells CM	36541	539727	1021535	15073978	0.03453532638487217	0.03456751616608614	0.9654646736151279	0.9654324838339139
dataset_name-FR-FCM-Z3YR_seed-42	random	num-2	run0	2	/PBMC/B cells/B cells DN	/PBMC/B cells/B cells DN	1849	573910	51798	16044224	0.034466046563647545	0.0345351650191291	0.9655339534363524	0.9654648349808709
dataset_name-FR-FCM-Z3YR_seed-42	random	num-2	run0	20	/PBMC/T cells/T cells CD4/T cells EM	/PBMC/T cells/T cells CD4/T cells EM	5101	570617	142069	15953994	0.03466059658897873	0.034531342371690324	0.9653394034110213	0.9654686576283097
dataset_name-FR-FCM-Z3YR_seed-42	random	num-2	run0	22	/PBMC/T cells/T cells CD4/T cells TEMRA	/PBMC/T cells/T cells CD4/T cells TEMRA	174	575422	5094	16091091	0.03302961275626424	0.03452563832638537	0.9669703872437357	0.9654743616736147
dataset_name-FR-FCM-Z3YR_seed-42	random	num-3	run0	27	/PBMC/T cells/T cells CD8/T cells Naive	/PBMC/T cells/T cells CD8/T cells Naive	15235	539145	424010	15049996	0.034684515475418044	0.03458465094388459	0.9653154845245819	0.9654153490561154
dataset_name-FR-FCM-Z3YR_seed-42	random	num-3	run0	1	/Granulocytes	/Granulocytes	333704	219807	9333522	6141353	0.034519106101378	0.034554546655012605	0.965480893898622	0.9654454533449874
dataset_name-FR-FCM-Z3YR_seed-42	random	num-3	run0	23	/PBMC/T cells/T cells CD4hiCD8hi	/PBMC/T cells/T cells CD4hiCD8hi	1524	552282	41723	15432857	0.0352394385737739	0.03454971520735603	0.9647605614262261	0.9654502847926439
dataset_name-FR-FCM-Z3YR_seed-42	random	num-3	run0	16	/PBMC/CD3-CD19-/CD7low cells/CD11c low HLADR hi/pDC	/PBMC/CD3-CD19-/CD7low cells/CD11c low HLADR hi/pDC	1536	552177	40790	15433883	0.03628975098048481	0.034541156482585454	0.9637102490195152	0.9654588435174145
dataset_name-FR-FCM-Z3YR_seed-42	random	num-3	run0	10	/PBMC/CD3-CD19-/CD7hi cells/NK cells CD56 mid	/PBMC/CD3-CD19-/CD7hi cells/NK cells CD56 mid	21143	532170	587297	14887776	0.03474952337124449	0.034511794010173576	0.9652504766287555	0.9654882059898264
dataset_name-FR-FCM-Z3YR_seed-42	random	num-4	run0	1	/Granulocytes	/Granulocytes	336704	221886	9411464	6193902	0.03454023361107441	0.03458437217688615	0.9654597663889256	0.9654156278231139
dataset_name-FR-FCM-Z3YR_seed-42	random	num-4	run0	10	/PBMC/CD3-CD19-/CD7hi cells/NK cells CD56 mid	/PBMC/CD3-CD19-/CD7hi cells/NK cells CD56 mid	21187	537175	593672	15011922	0.034458306701211174	0.03454702224830162	0.9655416932987888	0.9654529777516984
dataset_name-FR-FCM-Z3YR_seed-42	random	num-4	run0	26	/PBMC/T cells/T cells CD8/T cells EM	/PBMC/T cells/T cells CD8/T cells EM	3312	554687	92477	15513480	0.03457599515602	0.03452086351853326	0.9654240048439799	0.9654791364814668
dataset_name-FR-FCM-Z3YR_seed-42	random	num-4	run0	13	/PBMC/CD3-CD19-/CD7low cells/CD11c hi HLADR hi/Monocytes non-class	/PBMC/CD3-CD19-/CD7low cells/CD11c hi HLADR hi/Monocytes non-class	3169	554810	88544	15517433	0.034553443895630934	0.0345197618030041	0.965446556104369	0.9654802381969959
dataset_name-FR-FCM-Z3YR_seed-42	random	num-4	run0	11	/PBMC/CD3-CD19-/CD7low cells/CD11c hi HLADR hi/Monocytes CD14hi	/PBMC/CD3-CD19-/CD7low cells/CD11c hi HLADR hi/Monocytes CD14hi	34907	522936	978000	14628113	0.03446219643066935	0.034514837883502326	0.9655378035693306	0.9654851621164977
dataset_name-FR-FCM-Z3YR_seed-42	random	num-5	run0	12	/PBMC/CD3-CD19-/CD7low cells/CD11c hi HLADR hi/Monocytes CD14mid	/PBMC/CD3-CD19-/CD7low cells/CD11c hi HLADR hi/Monocytes CD14mid	1765	555071	48315	15509229	0.035243610223642176	0.03455307732051817	0.9647563897763578	0.9654469226794818
dataset_name-FR-FCM-Z3YR_seed-42	random	num-5	run0	21	/PBMC/T cells/T cells CD4/T cells Naive	/PBMC/T cells/T cells CD4/T cells Naive	46165	510335	1293570	14264310	0.034458307053260535	0.034541269857922136	0.9655416929467394	0.9654587301420778
dataset_name-FR-FCM-Z3YR_seed-42	random	num-5	run0	19	/PBMC/T cells/T cells CD4/T cells CM	/PBMC/T cells/T cells CD4/T cells CM	35276	521115	988826	14569163	0.03444578762662313	0.03453316101929998	0.9655542123733769	0.9654668389807001
dataset_name-FR-FCM-Z3YR_seed-42	random	num-5	run0	2	/PBMC/B cells/B cells DN	/PBMC/B cells/B cells DN	1797	554672	50293	15507618	0.03449798425801497	0.03453256042569273	0.965502015741985	0.9654674395743073
dataset_name-FR-FCM-Z3YR_seed-42	random	num-5	run0	1	/Granulocytes	/Granulocytes	334895	220958	9380519	6178008	0.03447048164905788	0.03453026629614847	0.9655295183509421	0.9654697337038515
dataset_name-Levine_seed-42	cyanno	num-1	run0	14	pDCs	pDCs	657	149	1	71656	0.9984802431610942	0.002075064410556368	0.001519756838905775	0.9979249355894436
dataset_name-Levine_seed-42	cyanno	num-1	run0	12	Pre_B_cells	Pre_B_cells	3330	54	22	69057	0.9934367541766109	7.813517385076181e-4	0.0065632458233890216	0.9992186482614924
dataset_name-Levine_seed-42	cyanno	num-1	run0	7	CD4_T_cells	CD4_T_cells	18124	21	7	54311	0.9996139209089405	3.86512552455275e-4	3.8607909105951133e-4	0.9996134874475447
dataset_name-Levine_seed-42	cyanno	num-1	run0	5	CD34+CD38+CD123-_HSPCs	CD34+CD38+CD123-_HSPCs	2066	19	0	70378	1	2.698978649658366e-4	0	0.9997301021350342
dataset_name-Levine_seed-42	cyanno	num-1	run0	2	CD16+_NK_cells	CD16+_NK_cells	1769	11	9	70674	0.9949381327334084	1.5562000424418194e-4	0.005061867266591676	0.9998443799957558
dataset_name-Levine_seed-42	cyanno	num-2	run0	12	Pre_B_cells	Pre_B_cells	2783	23	0	28915	1	7.948026815951344e-4	0	0.9992051973184048
dataset_name-Levine_seed-42	cyanno	num-2	run0	8	CD8_T_cells	CD8_T_cells	6901	7	2	24811	0.9997102708967116	2.820533483761786e-4	2.897291032884253e-4	0.9997179466516238
dataset_name-Levine_seed-42	cyanno	num-2	run0	3	CD16-_NK_cells	CD16-_NK_cells	1293	8	10	30410	0.9923254029163469	2.630021697679006e-4	0.007674597083653108	0.9997369978302321
dataset_name-Levine_seed-42	cyanno	num-2	run0	5	CD34+CD38+CD123-_HSPCs	CD34+CD38+CD123-_HSPCs	1227	7	2	30485	0.9983726606997559	2.295684113865932e-4	0.0016273393002441008	0.9997704315886135
dataset_name-Levine_seed-42	cyanno	num-2	run0	2	CD16+_NK_cells	CD16+_NK_cells	462	6	8	31245	0.9829787234042553	1.919938561966017e-4	0.01702127659574468	0.9998080061438034
dataset_name-Levine_seed-42	cygate	num-1	run0	3	CD16-_NK_cells	CD16-_NK_cells	2309	139	293	69722	0.8873943120676403	0.001989665192310445	0.11260568793235973	0.9980103348076895
dataset_name-Levine_seed-42	cygate	num-1	run0	7	CD4_T_cells	CD4_T_cells	18104	54	27	54278	0.9985108377916276	9.938894205992785e-4	0.0014891622083724008	0.9990061105794007
dataset_name-Levine_seed-42	cygate	num-1	run0	12	Pre_B_cells	Pre_B_cells	3184	43	168	69068	0.9498806682577565	6.221874954782886e-4	0.050119331742243436	0.9993778125045217
dataset_name-Levine_seed-42	cygate	num-1	run0	9	Mature_B_cells	Mature_B_cells	11402	35	918	60108	0.925487012987013	5.819463611725388e-4	0.07451298701298702	0.9994180536388274
dataset_name-Levine_seed-42	cygate	num-1	run0	10	Monocytes	Monocytes	16057	21	54	56331	0.9966482527465707	3.726575809199319e-4	0.003351747253429334	0.99962734241908
dataset_name-Levine_seed-42	cygate	num-2	run0	3	CD16-_NK_cells	CD16-_NK_cells	951	72	352	30346	0.7298541826554106	0.002367019527911105	0.2701458173445894	0.9976329804720889
dataset_name-Levine_seed-42	cygate	num-2	run0	12	Pre_B_cells	Pre_B_cells	2777	19	6	28919	0.9978440531800216	6.565761282742415e-4	0.0021559468199784403	0.9993434238717258
dataset_name-Levine_seed-42	cygate	num-2	run0	7	CD4_T_cells	CD4_T_cells	8228	13	7	23473	0.9991499696417729	5.535212467001618e-4	8.500303582270795e-4	0.9994464787532998
dataset_name-Levine_seed-42	cygate	num-2	run0	8	CD8_T_cells	CD8_T_cells	6893	12	10	24806	0.9985513544835579	4.835200257877347e-4	0.0014486455164421266	0.9995164799742122
dataset_name-Levine_seed-42	cygate	num-2	run0	4	CD34+CD38+CD123+_HSPCs	CD34+CD38+CD123+_HSPCs	118	8	4	31591	0.9672131147540983	2.531725687521757e-4	0.03278688524590164	0.9997468274312479
dataset_name-Levine_seed-42	dgcytof	num-1	run0	8	CD8_T_cells	CD8_T_cells	13128	160	77	59098	0.994168875425975	0.0027000573762192446	0.005831124574024991	0.9972999426237807
dataset_name-Levine_seed-42	dgcytof	num-1	run0	9	Mature_B_cells	Mature_B_cells	12252	161	68	59982	0.9944805194805195	0.0026769532613936785	0.00551948051948052	0.9973230467386063
dataset_name-Levine_seed-42	dgcytof	num-1	run0	14	pDCs	pDCs	646	183	12	71622	0.9817629179331308	0.002548569041153123	0.0182370820668693	0.9974514309588469
dataset_name-Levine_seed-42	dgcytof	num-1	run0	5	CD34+CD38+CD123-_HSPCs	CD34+CD38+CD123-_HSPCs	1960	160	106	70237	0.9486931268151017	0.002272824126028098	0.051306873184898356	0.9977271758739719
dataset_name-Levine_seed-42	dgcytof	num-1	run0	12	Pre_B_cells	Pre_B_cells	3231	111	121	69000	0.9639021479713604	0.0016061119069323262	0.03609785202863962	0.9983938880930677
dataset_name-Levine_seed-42	dgcytof	num-2	run0	5	CD34+CD38+CD123-_HSPCs	CD34+CD38+CD123-_HSPCs	1213	158	16	30334	0.9869812855980472	0.005181686999868818	0.013018714401952807	0.9948183130001311
dataset_name-Levine_seed-42	dgcytof	num-2	run0	3	CD16-_NK_cells	CD16-_NK_cells	1290	71	13	30347	0.990023023791251	0.0023341442566901177	0.009976976208749041	0.9976658557433099
dataset_name-Levine_seed-42	dgcytof	num-2	run0	12	Pre_B_cells	Pre_B_cells	2738	39	45	28899	0.9838303988501617	0.0013477088948787063	0.016169601149838304	0.9986522911051213
dataset_name-Levine_seed-42	dgcytof	num-2	run0	8	CD8_T_cells	CD8_T_cells	6901	20	2	24798	0.9997102708967116	8.058667096462245e-4	2.897291032884253e-4	0.9991941332903538
dataset_name-Levine_seed-42	dgcytof	num-2	run0	11	Plasma_B_cells	Plasma_B_cells	64	18	23	31616	0.735632183908046	5.690080293355251e-4	0.26436781609195403	0.9994309919706644
dataset_name-Levine_seed-42	gatemeclass	num-1	run0	7	CD4_T_cells	CD4_T_cells	18127	614	4	53718	0.9997793833765374	0.011300890819406611	2.206166234625779e-4	0.9886991091805933
dataset_name-Levine_seed-42	gatemeclass	num-1	run0	11	Plasma_B_cells	Plasma_B_cells	228	755	15	71465	0.9382716049382716	0.010454167820548324	0.06172839506172839	0.9895458321794517
dataset_name-Levine_seed-42	gatemeclass	num-1	run0	6	CD34+CD38lo_HSCs	CD34+CD38lo_HSCs	663	653	3	71144	0.9954954954954955	0.009095087538476538	0.0045045045045045045	0.9909049124615235
dataset_name-Levine_seed-42	gatemeclass	num-1	run0	13	Pro_B_cells	Pro_B_cells	164	617	39	71643	0.8078817733990148	0.008538610572931081	0.1921182266009852	0.991461389427069
dataset_name-Levine_seed-42	gatemeclass	num-1	run0	12	Pre_B_cells	Pre_B_cells	2582	132	770	68979	0.7702863961813843	0.0019099709163519555	0.22971360381861575	0.9980900290836481
dataset_name-Levine_seed-42	gatemeclass	num-2	run0	12	Pre_B_cells	Pre_B_cells	2710	407	73	28531	0.9737693136902623	0.014064551800400856	0.026230686309737693	0.9859354481995991
dataset_name-Levine_seed-42	gatemeclass	num-2	run0	13	Pro_B_cells	Pro_B_cells	293	343	17	31068	0.9451612903225807	0.01091974149183407	0.054838709677419356	0.9890802585081659
dataset_name-Levine_seed-42	gatemeclass	num-2	run0	2	CD16+_NK_cells	CD16+_NK_cells	466	334	4	30917	0.9914893617021276	0.010687657994944161	0.00851063829787234	0.9893123420050558
dataset_name-Levine_seed-42	gatemeclass	num-2	run0	14	pDCs	pDCs	560	180	20	30961	0.9655172413793104	0.00578016120227353	0.034482758620689655	0.9942198387977265
dataset_name-Levine_seed-42	gatemeclass	num-2	run0	6	CD34+CD38lo_HSCs	CD34+CD38lo_HSCs	247	167	3	31304	0.988	0.005306472625591815	0.012	0.9946935273744082
dataset_name-Levine_seed-42	knn	num-1	run0	8	CD8_T_cells	CD8_T_cells	7946	7692	5259	51566	0.6017417644831503	0.1298052583617402	0.3982582355168497	0.8701947416382598
dataset_name-Levine_seed-42	knn	num-1	run0	7	CD4_T_cells	CD4_T_cells	9156	4304	8975	50028	0.5049914511058409	0.07921666789369064	0.4950085488941592	0.9207833321063094
dataset_name-Levine_seed-42	knn	num-1	run0	9	Mature_B_cells	Mature_B_cells	9264	3641	3056	56502	0.7519480519480519	0.06053904860083468	0.24805194805194805	0.9394609513991653
dataset_name-Levine_seed-42	knn	num-1	run0	10	Monocytes	Monocytes	12025	2502	4086	53850	0.7463844578238471	0.04439948892674617	0.25361554217615295	0.9556005110732538
dataset_name-Levine_seed-42	knn	num-1	run0	2	CD16+_NK_cells	CD16+_NK_cells	1123	2953	655	67732	0.6316085489313836	0.0417768975030063	0.3683914510686164	0.9582231024969937
dataset_name-Levine_seed-42	knn	num-2	run0	8	CD8_T_cells	CD8_T_cells	4566	3626	2337	21192	0.661451542807475	0.14610363445886052	0.33854845719252497	0.8538963655411395
dataset_name-Levine_seed-42	knn	num-2	run0	7	CD4_T_cells	CD4_T_cells	4116	1592	4119	21894	0.49981785063752276	0.06778506344205058	0.5001821493624772	0.9322149365579494
dataset_name-Levine_seed-42	knn	num-2	run0	2	CD16+_NK_cells	CD16+_NK_cells	307	1497	163	29754	0.6531914893617021	0.047902467121052124	0.3468085106382979	0.9520975328789478
dataset_name-Levine_seed-42	knn	num-2	run0	13	Pro_B_cells	Pro_B_cells	254	1189	56	30222	0.8193548387096774	0.03785298143962306	0.18064516129032257	0.962147018560377
dataset_name-Levine_seed-42	knn	num-2	run0	10	Monocytes	Monocytes	3705	915	1283	25818	0.7427826784282278	0.03422735944338458	0.25721732157177224	0.9657726405566154
dataset_name-Levine_seed-42	lda	num-1	run0	9	Mature_B_cells	Mature_B_cells	12236	775	84	59368	0.9931818181818182	0.012885955140249074	0.006818181818181818	0.987114044859751
dataset_name-Levine_seed-42	lda	num-1	run0	7	CD4_T_cells	CD4_T_cells	17766	700	365	53632	0.9798687331090398	0.012883751748509167	0.020131266890960235	0.9871162482514908
dataset_name-Levine_seed-42	lda	num-1	run0	14	pDCs	pDCs	431	418	227	71387	0.6550151975683891	0.005821321634983636	0.34498480243161095	0.9941786783650164
dataset_name-Levine_seed-42	lda	num-1	run0	5	CD34+CD38+CD123-_HSPCs	CD34+CD38+CD123-_HSPCs	1355	396	711	70001	0.6558567279767668	0.005625239711919542	0.3441432720232333	0.9943747602880805
dataset_name-Levine_seed-42	lda	num-1	run0	3	CD16-_NK_cells	CD16-_NK_cells	2259	359	343	69502	0.8681783243658724	0.005138775568629135	0.13182167563412758	0.9948612244313708
dataset_name-Levine_seed-42	lda	num-2	run0	7	CD4_T_cells	CD4_T_cells	8220	1259	15	22227	0.9981785063752276	0.05360640381503875	0.0018214936247723133	0.9463935961849612
dataset_name-Levine_seed-42	lda	num-2	run0	6	CD34+CD38lo_HSCs	CD34+CD38lo_HSCs	168	334	82	31137	0.672	0.01061294525118363	0.328	0.9893870547488164
dataset_name-Levine_seed-42	lda	num-2	run0	13	Pro_B_cells	Pro_B_cells	247	285	63	31126	0.7967741935483871	0.009073254592340263	0.2032258064516129	0.9909267454076598
dataset_name-Levine_seed-42	lda	num-2	run0	3	CD16-_NK_cells	CD16-_NK_cells	680	199	623	30219	0.5218726016884113	0.006542178972976527	0.4781273983115886	0.9934578210270235
dataset_name-Levine_seed-42	lda	num-2	run0	12	Pre_B_cells	Pre_B_cells	2560	122	223	28816	0.9198706431908013	0.004215909876287235	0.0801293568091987	0.9957840901237127
dataset_name-Levine_seed-42	random	num-1	run0	11	Plasma_B_cells	Plasma_B_cells	14	4947	229	67273	0.05761316872427984	0.06849903073940737	0.9423868312757202	0.9315009692605927
dataset_name-Levine_seed-42	random	num-1	run0	4	CD34+CD38+CD123+_HSPCs	CD34+CD38+CD123+_HSPCs	9	4905	173	67376	0.04945054945054945	0.06786015688770217	0.9505494505494505	0.9321398431122978
dataset_name-Levine_seed-42	random	num-1	run0	12	Pre_B_cells	Pre_B_cells	235	4660	3117	64451	0.07010739856801909	0.06742776113787964	0.9298926014319809	0.9325722388621204
dataset_name-Levine_seed-42	random	num-1	run0	13	Pro_B_cells	Pro_B_cells	12	4863	191	67397	0.059113300492610835	0.06729864378632715	0.9408866995073891	0.9327013562136729
dataset_name-Levine_seed-42	random	num-1	run0	9	Mature_B_cells	Mature_B_cells	830	4045	11490	56098	0.06737012987012987	0.06725637231265484	0.9326298701298701	0.9327436276873452
dataset_name-Levine_seed-42	random	num-2	run0	11	Plasma_B_cells	Plasma_B_cells	2	2186	85	29448	0.022988505747126436	0.06910286400708099	0.9770114942528736	0.930897135992919
dataset_name-Levine_seed-42	random	num-2	run0	13	Pro_B_cells	Pro_B_cells	16	2159	294	29252	0.05161290322580645	0.06873388303460572	0.9483870967741935	0.9312661169653943
dataset_name-Levine_seed-42	random	num-2	run0	10	Monocytes	Monocytes	358	1812	4630	24921	0.07177225340817964	0.06778139378296487	0.9282277465918204	0.9322186062170351
dataset_name-Levine_seed-42	random	num-2	run0	12	Pre_B_cells	Pre_B_cells	184	1959	2599	26979	0.06611570247933884	0.06769645448890732	0.9338842975206612	0.9323035455110927
dataset_name-Levine_seed-42	random	num-2	run0	4	CD34+CD38+CD123+_HSPCs	CD34+CD38+CD123+_HSPCs	6	2130	116	29469	0.04918032786885246	0.06740719643026678	0.9508196721311475	0.9325928035697332
dataset_name-Samusik_seed-42	cyanno	num-1	run0	11	IgD- IgMpos B cells	IgD- IgMpos B cells	43620	542	10	418469	0.99977079990832	0.0012935221271040617	2.2920009168003668e-4	0.9987064778728959
dataset_name-Samusik_seed-42	cyanno	num-1	run0	14	Intermediate Monocytes	Intermediate Monocytes	75541	404	154	386542	0.9979655195191228	0.0010440733332299596	0.0020344804808772048	0.99895592666677
dataset_name-Samusik_seed-42	cyanno	num-1	run0	12	IgDpos IgMpos B cells	IgDpos IgMpos B cells	102572	213	0	359856	1	5.915532856202562e-4	0	0.9994084467143798
dataset_name-Samusik_seed-42	cyanno	num-1	run0	7	Classical Monocytes	Classical Monocytes	90326	164	249	371902	0.9972508970466464	4.4078201179360653e-4	0.0027491029533535743	0.99955921798820635
dataset_name-Samusik_seed-42	cyanno	num-1	run0	8	Eosinophils	Eosinophils	47199	145	50	415247	0.9989417765455354	3.4906786842307986e-4	0.0010582234544646448	0.999650932131577
dataset_name-Samusik_seed-42	cyanno	num-2	run0	11	IgD- IgMpos B cells	IgD- IgMpos B cells	44640	342	7	418271	0.9998432145496898	8.169837057138694e-4	1.567854503102112e-4	0.9991830162942862
dataset_name-Samusik_seed-42	cyanno	num-2	run0	7	Classical Monocytes	Classical Monocytes	89682	276	44	373258	0.9995096181708758	7.388885616838092e-4	4.903818291242226e-4	0.9992611114383162
dataset_name-Samusik_seed-42	cyanno	num-2	run0	14	Intermediate Monocytes	Intermediate Monocytes	75229	225	142	387664	0.9981159862546602	5.800628530326975e-4	0.0018840137453397196	0.9994199371469673
dataset_name-Samusik_seed-42	cyanno	num-2	run0	12	IgDpos IgMpos B cells	IgDpos IgMpos B cells	105437	148	0	357675	1	4.136123167040688e-4	0	0.9995863876832959
dataset_name-Samusik_seed-42	cyanno	num-2	run0	17	Macrophages	Macrophages	2473	160	121	460506	0.9533538936006168	3.4732322333317413e-4	0.04664610639938319	0.9996526767766668
dataset_name-Samusik_seed-42	cyanno	num-3	run0	14	Intermediate Monocytes	Intermediate Monocytes	73677	325	78	385458	0.9989424445800285	8.42442513018977e-4	0.0010575554199715273	0.999157557486981
dataset_name-Samusik_seed-42	cyanno	num-3	run0	7	Classical Monocytes	Classical Monocytes	87509	208	85	371736	0.9990296139004955	5.592239691996645e-4	9.703860995045323e-4	0.9994407760308003
dataset_name-Samusik_seed-42	cyanno	num-3	run0	12	IgDpos IgMpos B cells	IgDpos IgMpos B cells	99973	152	0	359413	1	4.227330246269798e-4	0	0.999577266975373
dataset_name-Samusik_seed-42	cyanno	num-3	run0	17	Macrophages	Macrophages	2496	177	211	456654	0.9220539342445512	3.874518147848986e-4	0.07794606575544884	0.999612548185215
dataset_name-Samusik_seed-42	cyanno	num-3	run0	19	NKT cells	NKT cells	7620	150	52	451716	0.9932221063607924	3.319568190569771e-4	0.006777893639207508	0.999668043180943
dataset_name-Samusik_seed-42	cyanno	num-4	run0	7	Classical Monocytes	Classical Monocytes	88129	335	75	373393	0.9991496984263752	8.963738333761452e-4	8.503015736247789e-4	0.9991036261666238
dataset_name-Samusik_seed-42	cyanno	num-4	run0	14	Intermediate Monocytes	Intermediate Monocytes	75246	338	203	386145	0.9973094408143249	8.745533438728224e-4	0.002690559185675092	0.9991254466561271
dataset_name-Samusik_seed-42	cyanno	num-4	run0	11	IgD- IgMpos B cells	IgD- IgMpos B cells	43975	240	25	417692	0.9994318181818181	5.74256099078319e-4	5.681818181818182e-4	0.9994257439009216
dataset_name-Samusik_seed-42	cyanno	num-4	run0	12	IgDpos IgMpos B cells	IgDpos IgMpos B cells	102734	145	1	359052	0.9999902662189127	4.0367820443934667e-4	9.733781087263348e-6	0.9995963217955607
dataset_name-Samusik_seed-42	cyanno	num-4	run0	17	Macrophages	Macrophages	2475	159	175	459123	0.9339622641509434	3.4619253530510666e-4	0.0660377358490566	0.9996538074646949
dataset_name-Samusik_seed-42	cyanno	num-5	run0	11	IgD- IgMpos B cells	IgD- IgMpos B cells	45848	555	21	422123	0.9995421744533345	0.0013130562745162985	4.578255466655039e-4	0.9986869437254837
dataset_name-Samusik_seed-42	cyanno	num-5	run0	12	IgDpos IgMpos B cells	IgDpos IgMpos B cells	106101	208	0	362238	1	5.738785915695028e-4	0	0.9994261214084305
dataset_name-Samusik_seed-42	cyanno	num-5	run0	14	Intermediate Monocytes	Intermediate Monocytes	74152	211	78	394106	0.9989492119089317	5.35102468318637e-4	0.0010507880910683013	0.9994648975316813
dataset_name-Samusik_seed-42	cyanno	num-5	run0	7	Classical Monocytes	Classical Monocytes	89151	190	113	379093	0.9987340921312063	5.009452045042883e-4	0.0012659078687936906	0.9994990547954957
dataset_name-Samusik_seed-42	cyanno	num-5	run0	17	Macrophages	Macrophages	2440	131	99	465877	0.9610082709728239	2.8111105388748693e-4	0.038991729027176056	0.9997188889461125
dataset_name-Samusik_seed-42	cygate	num-1	run0	14	Intermediate Monocytes	Intermediate Monocytes	74278	1999	1417	384947	0.9812801373934871	0.005166095527541311	0.01871986260651298	0.9948339044724587
dataset_name-Samusik_seed-42	cygate	num-1	run0	7	Classical Monocytes	Classical Monocytes	88117	489	2458	371577	0.9728622688379795	0.0013142829497992292	0.027137731162020427	0.9986857170502008
dataset_name-Samusik_seed-42	cygate	num-1	run0	12	IgDpos IgMpos B cells	IgDpos IgMpos B cells	102550	409	22	359660	0.9997855165152283	0.0011358933982097876	2.1448348477167258e-4	0.9988641066017903
dataset_name-Samusik_seed-42	cygate	num-1	run0	3	CD4 T cells	CD4 T cells	4910	478	163	457090	0.9678691109796964	0.0010446534722707882	0.03213088902030357	0.9989553465277292
dataset_name-Samusik_seed-42	cygate	num-1	run0	11	IgD- IgMpos B cells	IgD- IgMpos B cells	42931	321	699	418690	0.9839789135915654	7.660896730634757e-4	0.016021086408434564	0.9992339103269365
dataset_name-Samusik_seed-42	cygate	num-2	run0	14	Intermediate Monocytes	Intermediate Monocytes	69922	1429	5449	386460	0.9277042894481963	0.0036840436310387765	0.07229571055180374	0.9963159563689612
dataset_name-Samusik_seed-42	cygate	num-2	run0	7	Classical Monocytes	Classical Monocytes	84338	517	5388	373017	0.9399505160154248	0.001384077486922208	0.06004948398457526	0.9986159225130778
dataset_name-Samusik_seed-42	cygate	num-2	run0	12	IgDpos IgMpos B cells	IgDpos IgMpos B cells	105415	388	22	357435	0.9997913445944023	0.0010843349924403965	2.0865540559765548e-4	0.9989156650075596
dataset_name-Samusik_seed-42	cygate	num-2	run0	3	CD4 T cells	CD4 T cells	4738	397	186	457939	0.962225832656377	8.661767786078336e-4	0.03777416734362307	0.9991338232213922
dataset_name-Samusik_seed-42	cygate	num-2	run0	11	IgD- IgMpos B cells	IgD- IgMpos B cells	43985	359	662	418254	0.9851725759849486	8.575940068750851e-4	0.014827424015051403	0.9991424059931249
dataset_name-Samusik_seed-42	cygate	num-3	run0	7	Classical Monocytes	Classical Monocytes	85046	738	2548	371206	0.97091124962897	0.0019841696599488096	0.029088750371029978	0.9980158303400511
dataset_name-Samusik_seed-42	cygate	num-3	run0	14	Intermediate Monocytes	Intermediate Monocytes	70861	762	2894	385021	0.9607619822384923	0.0019752036766783397	0.0392380177615077	0.9980247963233216
dataset_name-Samusik_seed-42	cygate	num-3	run0	12	IgDpos IgMpos B cells	IgDpos IgMpos B cells	99961	379	12	359186	0.9998799675912496	0.0010540514232475352	1.200324087503626e-4	0.9989459485767525
dataset_name-Samusik_seed-42	cygate	num-3	run0	11	IgD- IgMpos B cells	IgD- IgMpos B cells	44638	240	783	413877	0.9827612778230334	5.795463600866422e-4	0.017238722176966603	0.9994204536399134
dataset_name-Samusik_seed-42	cygate	num-3	run0	13	IgM- IgD- B-cells	IgM- IgD- B-cells	19128	218	402	439790	0.9794162826420891	4.954455373538663e-4	0.020583717357910907	0.9995045544626462
dataset_name-Samusik_seed-42	cygate	num-4	run0	14	Intermediate Monocytes	Intermediate Monocytes	70123	1508	5326	384975	0.9294092698379037	0.003901853380355669	0.07059073016209624	0.9960981466196444
dataset_name-Samusik_seed-42	cygate	num-4	run0	7	Classical Monocytes	Classical Monocytes	85121	808	3083	372920	0.9650469366468641	0.002162000171247538	0.03495306335313591	0.9978379998287524
dataset_name-Samusik_seed-42	cygate	num-4	run0	12	IgDpos IgMpos B cells	IgDpos IgMpos B cells	102721	377	14	358820	0.9998637270647783	0.0010495633315423013	1.3627293522168688e-4	0.9989504366684577
dataset_name-Samusik_seed-42	cygate	num-4	run0	3	CD4 T cells	CD4 T cells	5024	475	88	456345	0.9827856025039123	0.0010397968565299242	0.017214397496087636	0.9989602031434701
dataset_name-Samusik_seed-42	cygate	num-4	run0	11	IgD- IgMpos B cells	IgD- IgMpos B cells	43405	346	595	417586	0.9864772727272727	8.278858761712432e-4	0.013522727272727273	0.9991721141238288
dataset_name-Samusik_seed-42	cygate	num-5	run0	14	Intermediate Monocytes	Intermediate Monocytes	71367	928	2863	393389	0.9614306884009161	0.0023534364483397876	0.03856931159908393	0.9976465635516603
dataset_name-Samusik_seed-42	cygate	num-5	run0	7	Classical Monocytes	Classical Monocytes	87600	747	1664	378536	0.9813586664276752	0.0019695056198142285	0.018641333572324788	0.9980304943801858
dataset_name-Samusik_seed-42	cygate	num-5	run0	12	IgDpos IgMpos B cells	IgDpos IgMpos B cells	105840	389	261	362057	0.9975400797353465	0.0010732633275025796	0.0024599202646534905	0.9989267366724974
dataset_name-Samusik_seed-42	cygate	num-5	run0	11	IgD- IgMpos B cells	IgD- IgMpos B cells	45188	378	681	422300	0.985153371558133	8.942977869678574e-4	0.014846628441867056	0.9991057022130322
dataset_name-Samusik_seed-42	cygate	num-5	run0	17	Macrophages	Macrophages	2060	203	479	465805	0.8113430484442694	4.356148392302278e-4	0.1886569515557306	0.9995643851607697
dataset_name-Samusik_seed-42	dgcytof	num-1	run0	7	Classical Monocytes	Classical Monocytes	90507	781	68	371285	0.9992492409605299	0.002099089946407358	7.507590394700525e-4	0.9979009100535926
dataset_name-Samusik_seed-42	dgcytof	num-1	run0	11	IgD- IgMpos B cells	IgD- IgMpos B cells	43359	668	271	418343	0.993788677515471	0.0015942302230729027	0.006211322484528994	0.9984057697769271
dataset_name-Samusik_seed-42	dgcytof	num-1	run0	8	Eosinophils	Eosinophils	46711	306	538	415086	0.9886135156299605	7.366535706031892e-4	0.011386484370039578	0.9992633464293968
dataset_name-Samusik_seed-42	dgcytof	num-1	run0	17	Macrophages	Macrophages	2477	291	160	459713	0.9393249905195298	6.326031947548282e-4	0.06067500948047023	0.9993673968052452
dataset_name-Samusik_seed-42	dgcytof	num-1	run0	14	Intermediate Monocytes	Intermediate Monocytes	75608	235	87	386711	0.9988506506374265	6.073198844283182e-4	0.0011493493625734858	0.9993926801155717
dataset_name-Samusik_seed-42	dgcytof	num-2	run0	1	B-cell Frac A-C (pro-B cells)	B-cell Frac A-C (pro-B cells)	3205	667	559	458829	0.8514877789585548	0.0014515904382192664	0.14851222104144526	0.9985484095617807
dataset_name-Samusik_seed-42	dgcytof	num-2	run0	8	Eosinophils	Eosinophils	45566	578	166	416950	0.9963701565643314	0.0013843382958747678	0.0036298434356686784	0.9986156617041252
dataset_name-Samusik_seed-42	dgcytof	num-2	run0	11	IgD- IgMpos B cells	IgD- IgMpos B cells	44331	516	316	418097	0.9929222568145676	0.0012326420823051362	0.007077743185432392	0.9987673579176949
dataset_name-Samusik_seed-42	dgcytof	num-2	run0	13	IgM- IgD- B-cells	IgM- IgD- B-cells	18932	458	224	443646	0.9883065358112341	0.0010312899681155765	0.011693464188765922	0.9989687100318845
dataset_name-Samusik_seed-42	dgcytof	num-2	run0	16	MPP	MPP	1002	368	98	461792	0.9109090909090909	7.962610351393457e-4	0.0890909090909091	0.9992037389648607
dataset_name-Samusik_seed-42	dgcytof	num-3	run0	13	IgM- IgD- B-cells	IgM- IgD- B-cells	19328	644	202	439364	0.9896569380440349	0.0014636097525499536	0.010343061955965183	0.99853639024745
dataset_name-Samusik_seed-42	dgcytof	num-3	run0	1	B-cell Frac A-C (pro-B cells)	B-cell Frac A-C (pro-B cells)	3323	532	574	455109	0.8527072106748781	0.0011675858845011753	0.14729278932512188	0.9988324141154988
dataset_name-Samusik_seed-42	dgcytof	num-3	run0	7	Classical Monocytes	Classical Monocytes	87450	381	144	371563	0.9983560517843688	0.0010243477512743855	0.0016439482156312077	0.9989756522487256
dataset_name-Samusik_seed-42	dgcytof	num-3	run0	11	IgD- IgMpos B cells	IgD- IgMpos B cells	44843	331	578	413786	0.987274608661192	7.99291021619494e-4	0.01272539133880804	0.9992007089783805
dataset_name-Samusik_seed-42	dgcytof	num-3	run0	3	CD4 T cells	CD4 T cells	4907	326	160	454145	0.9684231300572331	7.173174966059441e-4	0.03157686994276692	0.999282682503394
dataset_name-Samusik_seed-42	dgcytof	num-4	run0	11	IgD- IgMpos B cells	IgD- IgMpos B cells	43766	536	234	417396	0.9946818181818182	0.001282505287941579	0.005318181818181818	0.9987174947120584
dataset_name-Samusik_seed-42	dgcytof	num-4	run0	1	B-cell Frac A-C (pro-B cells)	B-cell Frac A-C (pro-B cells)	3311	419	450	457752	0.8803509704865727	9.145057194802814e-4	0.11964902951342728	0.9990854942805197
dataset_name-Samusik_seed-42	dgcytof	num-4	run0	2	Basophils	Basophils	3566	386	51	457929	0.9858999170583357	8.422155068020903e-4	0.014100082941664363	0.9991577844931979
dataset_name-Samusik_seed-42	dgcytof	num-4	run0	17	Macrophages	Macrophages	2587	386	63	458896	0.9762264150943396	8.404422555205734e-4	0.023773584905660377	0.9991595577444794
dataset_name-Samusik_seed-42	dgcytof	num-4	run0	13	IgM- IgD- B-cells	IgM- IgD- B-cells	18570	346	178	442838	0.9905056539364199	7.807141052023538e-4	0.009494346063580116	0.9992192858947977
dataset_name-Samusik_seed-42	dgcytof	num-5	run0	11	IgD- IgMpos B cells	IgD- IgMpos B cells	45480	830	389	421848	0.9915193267784342	0.001963669743871221	0.008480673221565763	0.9980363302561288
dataset_name-Samusik_seed-42	dgcytof	num-5	run0	8	Eosinophils	Eosinophils	48506	498	185	419358	0.9962005298720503	0.0011861209557562592	0.003799470127949724	0.9988138790442438
dataset_name-Samusik_seed-42	dgcytof	num-5	run0	19	NKT cells	NKT cells	7459	514	238	460336	0.9690788618942445	0.001115330367798633	0.03092113810575549	0.9988846696322013
dataset_name-Samusik_seed-42	dgcytof	num-5	run0	1	B-cell Frac A-C (pro-B cells)	B-cell Frac A-C (pro-B cells)	3166	396	653	464332	0.8290128305839225	8.521113425487597e-4	0.1709871694160775	0.9991478886574512
dataset_name-Samusik_seed-42	dgcytof	num-5	run0	13	IgM- IgD- B-cells	IgM- IgD- B-cells	18516	289	354	449388	0.9812400635930048	6.426835261754548e-4	0.01875993640699523	0.9993573164738245
dataset_name-Samusik_seed-42	gatemeclass	num-1	run0	13	IgM- IgD- B-cells	IgM- IgD- B-cells	12942	12693	5475	431531	0.7027203127545203	0.02857342241751909	0.2972796872454797	0.971426577582481
dataset_name-Samusik_seed-42	gatemeclass	num-1	run0	1	B-cell Frac A-C (pro-B cells)	B-cell Frac A-C (pro-B cells)	1075	7341	2720	451505	0.28326745718050067	0.01599883185208109	0.7167325428194994	0.9840011681479189
dataset_name-Samusik_seed-42	gatemeclass	num-1	run0	20	Non-Classical Monocytes	Non-Classical Monocytes	7024	4803	53	450761	0.9925109509679243	0.010542975300945641	0.007489049032075738	0.9894570246990544
dataset_name-Samusik_seed-42	gatemeclass	num-1	run0	12	IgDpos IgMpos B cells	IgDpos IgMpos B cells	102041	2407	531	357662	0.9948231486175565	0.006684829852056134	0.005176851382443552	0.9933151701479439
dataset_name-Samusik_seed-42	gatemeclass	num-1	run0	7	Classical Monocytes	Classical Monocytes	88613	1600	1962	370466	0.978338393596467	0.004300312310181527	0.021661606403532985	0.9956996876898184
dataset_name-Samusik_seed-42	gatemeclass	num-2	run0	13	IgM- IgD- B-cells	IgM- IgD- B-cells	13191	12349	5965	431755	0.6886093130089789	0.027806549817159944	0.31139068699102107	0.9721934501828401
dataset_name-Samusik_seed-42	gatemeclass	num-2	run0	1	B-cell Frac A-C (pro-B cells)	B-cell Frac A-C (pro-B cells)	1164	8056	2600	451440	0.30924548352816156	0.017532252729077075	0.6907545164718385	0.9824677472709229
dataset_name-Samusik_seed-42	gatemeclass	num-2	run0	20	Non-Classical Monocytes	Non-Classical Monocytes	7036	5876	53	450295	0.9925236281562985	0.012881134486848134	0.00747637184370151	0.9871188655131519
dataset_name-Samusik_seed-42	gatemeclass	num-2	run0	12	IgDpos IgMpos B cells	IgDpos IgMpos B cells	105000	2459	437	355364	0.9958553448979011	0.006872112748481791	0.004144655102098884	0.9931278872515182
dataset_name-Samusik_seed-42	gatemeclass	num-2	run0	7	Classical Monocytes	Classical Monocytes	89007	2077	719	371457	0.9919867151104473	0.005560404139917652	0.008013284889552639	0.9944395958600823
dataset_name-Samusik_seed-42	gatemeclass	num-3	run0	13	IgM- IgD- B-cells	IgM- IgD- B-cells	13609	13037	5921	426971	0.6968253968253968	0.029629006745331903	0.30317460317460315	0.9703709932546681
dataset_name-Samusik_seed-42	gatemeclass	num-3	run0	1	B-cell Frac A-C (pro-B cells)	B-cell Frac A-C (pro-B cells)	1184	8499	2713	447142	0.3038234539389274	0.018652842917999037	0.6961765460610726	0.9813471570820009
dataset_name-Samusik_seed-42	gatemeclass	num-3	run0	20	Non-Classical Monocytes	Non-Classical Monocytes	6889	5214	53	447382	0.9923653125900317	0.011520207867502142	0.007634687409968309	0.9884797921324978
dataset_name-Samusik_seed-42	gatemeclass	num-3	run0	12	IgDpos IgMpos B cells	IgDpos IgMpos B cells	99482	2300	491	357265	0.9950886739419643	0.006396618135802984	0.00491132605803567	0.993603381864197
dataset_name-Samusik_seed-42	gatemeclass	num-3	run0	7	Classical Monocytes	Classical Monocytes	85745	1453	1849	370491	0.9788912482590132	0.003906502054072656	0.021108751740986826	0.9960934979459274
dataset_name-Samusik_seed-42	gatemeclass	num-4	run0	13	IgM- IgD- B-cells	IgM- IgD- B-cells	12899	12113	5849	431071	0.6880200554725837	0.027331762879526336	0.31197994452741623	0.9726682371204737
dataset_name-Samusik_seed-42	gatemeclass	num-4	run0	1	B-cell Frac A-C (pro-B cells)	B-cell Frac A-C (pro-B cells)	1115	8421	2646	449750	0.2964637064610476	0.018379600629459307	0.7035362935389524	0.9816203993705407
dataset_name-Samusik_seed-42	gatemeclass	num-4	run0	20	Non-Classical Monocytes	Non-Classical Monocytes	7085	5514	52	449281	0.9927140255009107	0.012124143845029078	0.007285974499089253	0.9878758561549709
dataset_name-Samusik_seed-42	gatemeclass	num-4	run0	12	IgDpos IgMpos B cells	IgDpos IgMpos B cells	102262	2450	473	356747	0.9953959215457244	0.006820769661216547	0.0046040784542755635	0.9931792303387834
dataset_name-Samusik_seed-42	gatemeclass	num-4	run0	7	Classical Monocytes	Classical Monocytes	86385	1486	1819	372242	0.9793773525010203	0.003976153780289408	0.02062264749897964	0.9960238462197106
dataset_name-Samusik_seed-42	gatemeclass	num-5	run0	20	Non-Classical Monocytes	Non-Classical Monocytes	7404	4638	49	456456	0.9934254662551992	0.010058686515114055	0.006574533744800751	0.9899413134848859
dataset_name-Samusik_seed-42	gatemeclass	num-5	run0	12	IgDpos IgMpos B cells	IgDpos IgMpos B cells	105638	2734	463	359712	0.9956362334002508	0.007543192641110676	0.004363766599749295	0.9924568073588893
dataset_name-Samusik_seed-42	gatemeclass	num-5	run0	7	Classical Monocytes	Classical Monocytes	87379	1538	1885	377745	0.9788828643126009	0.004055019602776818	0.021117135687399174	0.9959449803972232
dataset_name-Samusik_seed-42	gatemeclass	num-5	run0	9	GMP	GMP	5390	1828	17	461312	0.9968559275013871	0.003946970678412575	0.003144072498612909	0.9960530293215875
dataset_name-Samusik_seed-42	gatemeclass	num-5	run0	14	Intermediate Monocytes	Intermediate Monocytes	68398	1487	5832	392830	0.9214333827293547	0.003771077584785845	0.07856661727064529	0.9962289224152141
dataset_name-Samusik_seed-42	knn	num-1	run0	13	IgM- IgD- B-cells	IgM- IgD- B-cells	16775	24568	1642	419656	0.9108432426562415	0.055305431494021035	0.08915675734375848	0.944694568505979
dataset_name-Samusik_seed-42	knn	num-1	run0	11	IgD- IgMpos B cells	IgD- IgMpos B cells	18057	14632	25573	404379	0.41386660554664223	0.03492032428742921	0.5861333944533578	0.9650796757125708
dataset_name-Samusik_seed-42	knn	num-1	run0	1	B-cell Frac A-C (pro-B cells)	B-cell Frac A-C (pro-B cells)	1226	15968	2569	442878	0.3230566534914361	0.03480034695736696	0.6769433465085639	0.965199653042633
dataset_name-Samusik_seed-42	knn	num-1	run0	14	Intermediate Monocytes	Intermediate Monocytes	62095	11281	13600	375665	0.8203315938965585	0.02915393879249301	0.17966840610344145	0.9708460612075069
dataset_name-Samusik_seed-42	knn	num-1	run0	7	Classical Monocytes	Classical Monocytes	76645	7966	13930	364100	0.8462048026497377	0.021410179914316277	0.1537951973502622	0.9785898200856837
dataset_name-Samusik_seed-42	knn	num-2	run0	13	IgM- IgD- B-cells	IgM- IgD- B-cells	16677	25445	2479	418659	0.8705888494466486	0.057295138075766035	0.12941115055335142	0.942704861924234
dataset_name-Samusik_seed-42	knn	num-2	run0	11	IgD- IgMpos B cells	IgD- IgMpos B cells	20851	19847	23796	398766	0.46701906063117343	0.04741133218509697	0.5329809393688266	0.952588667814903
dataset_name-Samusik_seed-42	knn	num-2	run0	1	B-cell Frac A-C (pro-B cells)	B-cell Frac A-C (pro-B cells)	1537	17369	2227	442127	0.4083421891604676	0.03780011142643244	0.5916578108395324	0.9621998885735675
dataset_name-Samusik_seed-42	knn	num-2	run0	14	Intermediate Monocytes	Intermediate Monocytes	58408	10049	16963	377840	0.7749399636464953	0.025906896045002566	0.22506003635350466	0.9740931039549975
dataset_name-Samusik_seed-42	knn	num-2	run0	8	Eosinophils	Eosinophils	38472	9854	7260	407674	0.8412490160062975	0.023600812400605468	0.15875098399370244	0.9763991875993945
dataset_name-Samusik_seed-42	knn	num-3	run0	13	IgM- IgD- B-cells	IgM- IgD- B-cells	17240	26678	2290	413330	0.8827444956477215	0.06063071580516718	0.11725550435227855	0.9393692841948328
dataset_name-Samusik_seed-42	knn	num-3	run0	1	B-cell Frac A-C (pro-B cells)	B-cell Frac A-C (pro-B cells)	1503	22483	2394	433158	0.3856812933025404	0.049343671882029934	0.6143187066974596	0.9506563281179701
dataset_name-Samusik_seed-42	knn	num-3	run0	11	IgD- IgMpos B cells	IgD- IgMpos B cells	15840	15920	29581	398197	0.34873736817771517	0.03844324188574726	0.6512626318222848	0.9615567581142528
dataset_name-Samusik_seed-42	knn	num-3	run0	14	Intermediate Monocytes	Intermediate Monocytes	60791	10421	12964	375362	0.8242288658396041	0.027012595163602337	0.17577113416039591	0.9729874048363977
dataset_name-Samusik_seed-42	knn	num-3	run0	8	Eosinophils	Eosinophils	42496	8690	6349	402003	0.8700174019858736	0.021159357476265725	0.12998259801412632	0.9788406425237343
dataset_name-Samusik_seed-42	knn	num-4	run0	11	IgD- IgMpos B cells	IgD- IgMpos B cells	23930	23600	20070	394332	0.5438636363636363	0.05646851640936803	0.4561363636363636	0.943531483590632
dataset_name-Samusik_seed-42	knn	num-4	run0	1	B-cell Frac A-C (pro-B cells)	B-cell Frac A-C (pro-B cells)	1804	22094	1957	436077	0.47965966498271734	0.04822217032505331	0.5203403350172826	0.9517778296749467
dataset_name-Samusik_seed-42	knn	num-4	run0	13	IgM- IgD- B-cells	IgM- IgD- B-cells	14682	17541	4066	425643	0.7831235331768722	0.03957949745478176	0.2168764668231278	0.9604205025452183
dataset_name-Samusik_seed-42	knn	num-4	run0	14	Intermediate Monocytes	Intermediate Monocytes	63165	10311	12284	376172	0.8371880343013162	0.026679051859978316	0.1628119656986839	0.9733209481400217
dataset_name-Samusik_seed-42	knn	num-4	run0	7	Classical Monocytes	Classical Monocytes	71533	7537	16671	366191	0.8109949662146841	0.020167073379570168	0.18900503378531586	0.9798329266204299
dataset_name-Samusik_seed-42	knn	num-5	run0	1	B-cell Frac A-C (pro-B cells)	B-cell Frac A-C (pro-B cells)	1650	24654	2169	440074	0.43205027494108406	0.053050386462619	0.5679497250589159	0.946949613537381
dataset_name-Samusik_seed-42	knn	num-5	run0	11	IgD- IgMpos B cells	IgD- IgMpos B cells	23375	15920	22494	406758	0.5096034358717216	0.037664605207746796	0.49039656412827837	0.9623353947922532
dataset_name-Samusik_seed-42	knn	num-5	run0	13	IgM- IgD- B-cells	IgM- IgD- B-cells	15247	15153	3623	434524	0.8080021197668257	0.03369752066483276	0.19199788023317435	0.9663024793351672
dataset_name-Samusik_seed-42	knn	num-5	run0	14	Intermediate Monocytes	Intermediate Monocytes	54584	11842	19646	382475	0.7353361174727199	0.030031675022887675	0.26466388252728007	0.9699683249771123
dataset_name-Samusik_seed-42	knn	num-5	run0	7	Classical Monocytes	Classical Monocytes	70053	7680	19211	371603	0.78478445958057	0.02024873247680492	0.21521554041943	0.9797512675231951
dataset_name-Samusik_seed-42	lda	num-1	run0	7	Classical Monocytes	Classical Monocytes	79232	6689	11343	365377	0.8747667678719293	0.017977993151752646	0.12523323212807067	0.9820220068482474
dataset_name-Samusik_seed-42	lda	num-1	run0	14	Intermediate Monocytes	Intermediate Monocytes	65226	4909	10469	382037	0.8616949600369905	0.012686524734717505	0.13830503996300944	0.9873134752652825
dataset_name-Samusik_seed-42	lda	num-1	run0	11	IgD- IgMpos B cells	IgD- IgMpos B cells	22588	5142	21042	413869	0.5177171670868669	0.012271754202156983	0.4822828329131332	0.987728245797843
dataset_name-Samusik_seed-42	lda	num-1	run0	13	IgM- IgD- B-cells	IgM- IgD- B-cells	4088	3414	14329	440810	0.22196883314329152	0.007685311914709696	0.7780311668567085	0.9923146880852903
dataset_name-Samusik_seed-42	lda	num-1	run0	16	MPP	MPP	508	1433	613	460087	0.45316681534344333	0.0031049575316345985	0.5468331846565566	0.9968950424683654
dataset_name-Samusik_seed-42	lda	num-2	run0	11	IgD- IgMpos B cells	IgD- IgMpos B cells	25957	10790	18690	407823	0.5813828476717361	0.025775597031148102	0.41861715232826396	0.9742244029688519
dataset_name-Samusik_seed-42	lda	num-2	run0	7	Classical Monocytes	Classical Monocytes	71120	8333	18606	365201	0.7926353565298798	0.022308544871417327	0.20736464347012015	0.9776914551285827
dataset_name-Samusik_seed-42	lda	num-2	run0	14	Intermediate Monocytes	Intermediate Monocytes	51293	2797	24078	385092	0.6805402608430298	0.007210825777477578	0.3194597391569702	0.9927891742225224
dataset_name-Samusik_seed-42	lda	num-2	run0	13	IgM- IgD- B-cells	IgM- IgD- B-cells	1755	1485	17401	442619	0.09161620380037586	0.0033438113595013782	0.9083837961996242	0.9966561886404987
dataset_name-Samusik_seed-42	lda	num-2	run0	19	NKT cells	NKT cells	5929	1375	1625	454331	0.7848821816256288	0.0030172962392419674	0.2151178183743712	0.996982703760758
dataset_name-Samusik_seed-42	lda	num-3	run0	11	IgD- IgMpos B cells	IgD- IgMpos B cells	31585	9407	13836	404710	0.6953831927962837	0.02271580253889601	0.30461680720371637	0.977284197461104
dataset_name-Samusik_seed-42	lda	num-3	run0	7	Classical Monocytes	Classical Monocytes	76555	5883	11039	366061	0.8739753864419938	0.01581689716731551	0.12602461355800626	0.9841831028326845
dataset_name-Samusik_seed-42	lda	num-3	run0	14	Intermediate Monocytes	Intermediate Monocytes	62984	5401	10771	380382	0.8539624432241882	0.014000098500970753	0.14603755677581182	0.9859999014990293
dataset_name-Samusik_seed-42	lda	num-3	run0	13	IgM- IgD- B-cells	IgM- IgD- B-cells	3296	3367	16234	436641	0.16876600102406555	0.007652133597570953	0.8312339989759344	0.992347866402429
dataset_name-Samusik_seed-42	lda	num-3	run0	16	MPP	MPP	453	1485	667	456933	0.4044642857142857	0.003239401594178239	0.5955357142857143	0.9967605984058218
dataset_name-Samusik_seed-42	lda	num-4	run0	7	Classical Monocytes	Classical Monocytes	77196	11641	11008	362087	0.8751984037005125	0.031148321774124497	0.12480159629948755	0.9688516782258755
dataset_name-Samusik_seed-42	lda	num-4	run0	11	IgD- IgMpos B cells	IgD- IgMpos B cells	28464	9089	15536	408843	0.6469090909090909	0.021747557018845173	0.35309090909090907	0.9782524429811549
dataset_name-Samusik_seed-42	lda	num-4	run0	14	Intermediate Monocytes	Intermediate Monocytes	52989	3681	22460	382802	0.702315471378017	0.009524351653242186	0.2976845286219831	0.9904756483467578
dataset_name-Samusik_seed-42	lda	num-4	run0	16	MPP	MPP	409	1436	716	459371	0.3635555555555556	0.003116272105241457	0.6364444444444445	0.9968837278947585
dataset_name-Samusik_seed-42	lda	num-4	run0	13	IgM- IgD- B-cells	IgM- IgD- B-cells	1751	1291	16997	441893	0.0933966289737572	0.002913011300046933	0.9066033710262428	0.997086988699953
dataset_name-Samusik_seed-42	lda	num-5	run0	7	Classical Monocytes	Classical Monocytes	82237	9257	7027	370026	0.9212784549202366	0.02440657767419051	0.0787215450797634	0.9755934223258095
dataset_name-Samusik_seed-42	lda	num-5	run0	11	IgD- IgMpos B cells	IgD- IgMpos B cells	22507	8012	23362	414666	0.4906799799428808	0.018955327696260512	0.5093200200571192	0.9810446723037395
dataset_name-Samusik_seed-42	lda	num-5	run0	14	Intermediate Monocytes	Intermediate Monocytes	60233	4283	13997	390034	0.8114374242220127	0.01086181929767167	0.18856257577798732	0.9891381807023283
dataset_name-Samusik_seed-42	lda	num-5	run0	13	IgM- IgD- B-cells	IgM- IgD- B-cells	3463	2616	15407	447061	0.18351881293057765	0.0058175090120241866	0.8164811870694224	0.9941824909879758
dataset_name-Samusik_seed-42	lda	num-5	run0	12	IgDpos IgMpos B cells	IgDpos IgMpos B cells	86842	1056	19259	361390	0.8184842744177717	0.002913537464891322	0.18151572558222825	0.9970864625351087
dataset_name-Samusik_seed-42	random	num-1	run0	20	Non-Classical Monocytes	Non-Classical Monocytes	285	18401	6792	437163	0.04027130139889784	0.04039169030037492	0.9597286986011022	0.9596083096996251
dataset_name-Samusik_seed-42	random	num-1	run0	8	Eosinophils	Eosinophils	1914	16733	45335	398659	0.0405087938369066	0.04028243201602342	0.9594912061630934	0.9597175679839766
dataset_name-Samusik_seed-42	random	num-1	run0	24	pDCs	pDCs	960	17650	22656	421375	0.04065040650406504	0.040202721940663974	0.959349593495935	0.959797278059336
dataset_name-Samusik_seed-42	random	num-1	run0	7	Classical Monocytes	Classical Monocytes	3693	14955	86882	357111	0.04077284018768976	0.04019448162422796	0.9592271598123102	0.959805518375772
dataset_name-Samusik_seed-42	random	num-1	run0	19	NKT cells	NKT cells	285	18268	7355	436733	0.037303664921465966	0.04014936230909383	0.962696335078534	0.9598506376909062
dataset_name-Samusik_seed-42	random	num-2	run0	1	B-cell Frac A-C (pro-B cells)	B-cell Frac A-C (pro-B cells)	154	18720	3610	440776	0.04091392136025505	0.04074028936051674	0.9590860786397449	0.9592597106394832
dataset_name-Samusik_seed-42	random	num-2	run0	24	pDCs	pDCs	951	17770	22660	421879	0.04027783660158401	0.04041860666122293	0.959722163398416	0.9595813933387771
dataset_name-Samusik_seed-42	random	num-2	run0	3	CD4 T cells	CD4 T cells	192	18503	4732	439833	0.03899268887083672	0.04036994693849054	0.9610073111291633	0.9596300530615095
dataset_name-Samusik_seed-42	random	num-2	run0	4	CD8 T cells	CD8 T cells	414	18238	10470	434138	0.038037486218302094	0.04031602030169593	0.961962513781698	0.9596839796983041
dataset_name-Samusik_seed-42	random	num-2	run0	14	Intermediate Monocytes	Intermediate Monocytes	3080	15606	72291	372283	0.04086452349046715	0.0402331594863479	0.9591354765095328	0.9597668405136521
dataset_name-Samusik_seed-42	random	num-3	run0	7	Classical Monocytes	Classical Monocytes	3390	15065	84204	356879	0.038701280909651345	0.0405034091153507	0.9612987190903487	0.9594965908846493
dataset_name-Samusik_seed-42	random	num-3	run0	20	Non-Classical Monocytes	Non-Classical Monocytes	274	18272	6668	434324	0.039469893402477675	0.04037154548427295	0.9605301065975224	0.9596284545157271
dataset_name-Samusik_seed-42	random	num-3	run0	5	CLP	CLP	17	18528	411	440582	0.0397196261682243	0.040356341617477295	0.9602803738317757	0.9596436583825227
dataset_name-Samusik_seed-42	random	num-3	run0	19	NKT cells	NKT cells	309	18215	7363	433651	0.04027632950990615	0.040310623060818916	0.9597236704900939	0.9596893769391811
dataset_name-Samusik_seed-42	random	num-3	run0	11	IgD- IgMpos B cells	IgD- IgMpos B cells	1781	16665	43640	397452	0.039210937672001935	0.04024225037851622	0.9607890623279981	0.9597577496214837
dataset_name-Samusik_seed-42	random	num-4	run0	12	IgDpos IgMpos B cells	IgDpos IgMpos B cells	4158	14531	98577	344666	0.040473061760841	0.04045412406005618	0.959526938239159	0.9595458759399438
dataset_name-Samusik_seed-42	random	num-4	run0	18	NK cells	NK cells	94	18539	2697	440602	0.03367968470082408	0.04037757464482588	0.966320315299176	0.9596224253551742
dataset_name-Samusik_seed-42	random	num-4	run0	21	Plasma Cells	Plasma Cells	70	18551	1428	441883	0.04672897196261682	0.04029024789654978	0.9532710280373832	0.9597097521034502
dataset_name-Samusik_seed-42	random	num-4	run0	20	Non-Classical Monocytes	Non-Classical Monocytes	315	18307	6822	436488	0.044136191677175286	0.040253300937785154	0.9558638083228247	0.9597466990622149
dataset_name-Samusik_seed-42	random	num-4	run0	24	pDCs	pDCs	991	17602	22813	420526	0.04163165854478239	0.040175473834130664	0.9583683414552177	0.9598245261658693
dataset_name-Samusik_seed-42	random	num-5	run0	4	CD8 T cells	CD8 T cells	431	18521	11107	438488	0.03735482752643439	0.040526554181646315	0.9626451724735656	0.9594734458183537
dataset_name-Samusik_seed-42	random	num-5	run0	1	B-cell Frac A-C (pro-B cells)	B-cell Frac A-C (pro-B cells)	139	18826	3680	445902	0.036396962555642835	0.04050971751217917	0.9636030374443572	0.9594902824878209
dataset_name-Samusik_seed-42	random	num-5	run0	17	Macrophages	Macrophages	98	18840	2441	447168	0.0385978731784167	0.0404284904980172	0.9614021268215833	0.9595715095019828
dataset_name-Samusik_seed-42	random	num-5	run0	22	gd T cells	gd T cells	19	18882	327	449319	0.05491329479768786	0.04032883312936111	0.9450867052023122	0.9596711668706389
dataset_name-Samusik_seed-42	random	num-5	run0	14	Intermediate Monocytes	Intermediate Monocytes	2995	15900	71235	378417	0.04034756836858413	0.04032288742306317	0.9596524316314159	0.9596771125769368
dataset_name-Transformed_seed-42	cyanno	num-1	run0	4	CD8 T-cells	CD8 T-cells	45437	7190	4497	104955	0.9099411222814114	0.06411342458424361	0.09005887771858853	0.9358865754157564
dataset_name-Transformed_seed-42	cyanno	num-1	run0	3	CD4 T-cells	CD4 T-cells	58439	3147	2215	98278	0.9634813862234972	0.03102785309341878	0.036518613776502784	0.9689721469065812
dataset_name-Transformed_seed-42	cyanno	num-1	run0	6	NK cells	NK cells	21369	2477	2149	136084	0.908623182243388	0.017876603084562036	0.09137681775661195	0.9821233969154379
dataset_name-Transformed_seed-42	cyanno	num-1	run0	7	monocytes	monocytes	13239	2102	3340	143398	0.7985403220942155	0.014446735395189004	0.20145967790578442	0.985553264604811
dataset_name-Transformed_seed-42	cyanno	num-1	run0	2	B-cells IgM-	B-cells IgM-	1645	253	1521	158660	0.5195830701200252	0.0015920660990604923	0.48041692987997475	0.9984079339009395
dataset_name-Transformed_seed-42	cyanno	num-2	run0	4	CD8 T-cells	CD8 T-cells	43511	4611	4525	104561	0.9057998168040636	0.042236104495658226	0.094200183195936385	0.9577638955043418
dataset_name-Transformed_seed-42	cyanno	num-2	run0	3	CD4 T-cells	CD4 T-cells	57061	3266	1238	95643	0.9787646443335221	0.033020250937730644	0.021235355666477985	0.9669797490622694
dataset_name-Transformed_seed-42	cyanno	num-2	run0	7	monocytes	monocytes	15060	2566	1642	137940	0.9016884205484373	0.018262565299702504	0.09831157945156269	0.9817374347002975
dataset_name-Transformed_seed-42	cyanno	num-2	run0	6	NK cells	NK cells	20182	1073	3119	132834	0.8661430839878117	0.008013023964393198	0.13385691601218833	0.9919869760356068
dataset_name-Transformed_seed-42	cyanno	num-2	run0	2	B-cells IgM-	B-cells IgM-	2315	347	652	153894	0.7802494101786316	0.0022497260780207596	0.2197505898213684	0.9977502739219792
dataset_name-Transformed_seed-42	cyanno	num-3	run0	4	CD8 T-cells	CD8 T-cells	44962	4833	4729	105124	0.9048318609003643	0.04395354547686823	0.09516813909963574	0.9560464545231318
dataset_name-Transformed_seed-42	cyanno	num-3	run0	6	NK cells	NK cells	21870	2936	1225	133617	0.9469582160640831	0.02150080920961092	0.05304178393591687	0.978499190790389
dataset_name-Transformed_seed-42	cyanno	num-3	run0	3	CD4 T-cells	CD4 T-cells	56854	1818	2289	98687	0.9612971949343118	0.01808865230585543	0.038702805065688246	0.9819113476941446
dataset_name-Transformed_seed-42	cyanno	num-3	run0	7	monocytes	monocytes	14686	2063	2343	140556	0.8624111809266546	0.014465113343944356	0.13758881907334547	0.9855348866560556
dataset_name-Transformed_seed-42	cyanno	num-3	run0	2	B-cells IgM-	B-cells IgM-	2307	415	650	156276	0.7801826175177545	0.0026485248035943354	0.21981738248224553	0.9973514751964057
dataset_name-Transformed_seed-42	cyanno	num-4	run0	4	CD8 T-cells	CD8 T-cells	45119	8530	3706	102720	0.9240962621607783	0.07667415730337078	0.0759037378392217	0.9233258426966292
dataset_name-Transformed_seed-42	cyanno	num-4	run0	3	CD4 T-cells	CD4 T-cells	56011	3262	4021	96781	0.9330190565031983	0.0326059794288456	0.06698094349680171	0.9673940205711544
dataset_name-Transformed_seed-42	cyanno	num-4	run0	7	monocytes	monocytes	13745	2146	3281	140903	0.8072947257136145	0.015001852512076282	0.19270527428638554	0.9849981474879237
dataset_name-Transformed_seed-42	cyanno	num-4	run0	6	NK cells	NK cells	20666	1734	2203	135472	0.90366872185054	0.012637931285803828	0.09633127814945996	0.9873620687141962
dataset_name-Transformed_seed-42	cyanno	num-4	run0	1	B-cells IgM+	B-cells IgM+	5670	351	640	153414	0.8985736925515055	0.0022827041264266903	0.10142630744849446	0.9977172958735733
dataset_name-Transformed_seed-42	cyanno	num-5	run0	3	CD4 T-cells	CD4 T-cells	57915	4239	1307	94056	0.9779304988011212	0.043125286128490765	0.022069501198878794	0.9568747138715092
dataset_name-Transformed_seed-42	cyanno	num-5	run0	4	CD8 T-cells	CD8 T-cells	41681	4748	4841	106247	0.8959417049997851	0.042776701653227625	0.10405829500021495	0.9572232983467723
dataset_name-Transformed_seed-42	cyanno	num-5	run0	7	monocytes	monocytes	14930	2140	2593	137854	0.8520230554128859	0.015286369415832108	0.14797694458711408	0.9847136305841679
dataset_name-Transformed_seed-42	cyanno	num-5	run0	6	NK cells	NK cells	20588	1523	2421	132985	0.8947803033595549	0.011322746602432569	0.10521969664044505	0.9886772533975674
dataset_name-Transformed_seed-42	cyanno	num-5	run0	2	B-cells IgM-	B-cells IgM-	2476	428	586	154027	0.8086218158066623	0.002771033634391894	0.19137818419333769	0.9972289663656081
dataset_name-Transformed_seed-42	cygate	num-1	run0	4	CD8 T-cells	CD8 T-cells	33221	6033	16713	106112	0.6652981936155725	0.05379642427214767	0.3347018063844274	0.9462035757278523
dataset_name-Transformed_seed-42	cygate	num-1	run0	6	NK cells	NK cells	21737	7252	1781	131309	0.9242707713240922	0.05233795945468061	0.07572922867590781	0.9476620405453194
dataset_name-Transformed_seed-42	cygate	num-1	run0	7	monocytes	monocytes	10543	1770	6036	143730	0.6359249653175704	0.012164948453608248	0.3640750346824296	0.9878350515463917
dataset_name-Transformed_seed-42	cygate	num-1	run0	2	B-cells IgM-	B-cells IgM-	2748	1890	418	157023	0.8679722046746684	0.011893300107606048	0.13202779532533165	0.988106699892394
dataset_name-Transformed_seed-42	cygate	num-1	run0	3	CD4 T-cells	CD4 T-cells	34037	322	26617	101103	0.5611666172057902	0.003174759674636431	0.4388333827942098	0.9968252403253636
dataset_name-Transformed_seed-42	cygate	num-2	run0	4	CD8 T-cells	CD8 T-cells	37819	9450	10217	99722	0.7873053543175952	0.0865606565786099	0.21269464568240487	0.9134393434213901
dataset_name-Transformed_seed-42	cygate	num-2	run0	7	monocytes	monocytes	14191	5698	2511	134808	0.8496587235061669	0.040553428323345624	0.15034127649383308	0.9594465716766544
dataset_name-Transformed_seed-42	cygate	num-2	run0	3	CD4 T-cells	CD4 T-cells	53142	3515	5157	95394	0.9115422219935162	0.03553771648687177	0.08845777800648381	0.9644622835131282
dataset_name-Transformed_seed-42	cygate	num-2	run0	6	NK cells	NK cells	16583	4109	6718	129798	0.7116861937255912	0.030685475740625957	0.28831380627440883	0.969314524259374
dataset_name-Transformed_seed-42	cygate	num-2	run0	2	B-cells IgM-	B-cells IgM-	1990	1279	977	152962	0.6707111560498821	0.008292218022445393	0.329288843950118	0.9917077819775546
dataset_name-Transformed_seed-42	cygate	num-3	run0	4	CD8 T-cells	CD8 T-cells	36726	9809	12965	100148	0.7390875611277696	0.08920759933428522	0.26091243887223037	0.9107924006657148
dataset_name-Transformed_seed-42	cygate	num-3	run0	6	NK cells	NK cells	20127	5166	2968	131387	0.8714873349209785	0.037831464706011585	0.12851266507902143	0.9621685352939884
dataset_name-Transformed_seed-42	cygate	num-3	run0	7	monocytes	monocytes	12366	3437	4663	139182	0.726172999001703	0.024099173321927653	0.27382700099829704	0.9759008266780723
dataset_name-Transformed_seed-42	cygate	num-3	run0	2	B-cells IgM-	B-cells IgM-	2543	1392	414	155299	0.8599932363882313	0.00888372657012847	0.1400067636117687	0.9911162734298715
dataset_name-Transformed_seed-42	cygate	num-3	run0	3	CD4 T-cells	CD4 T-cells	34264	274	24879	100231	0.5793415957932468	0.002726232525744988	0.4206584042067531	0.997273767474255
dataset_name-Transformed_seed-42	cygate	num-4	run0	4	CD8 T-cells	CD8 T-cells	32738	7365	16087	103885	0.6705171530977982	0.06620224719101124	0.32948284690220175	0.9337977528089888
dataset_name-Transformed_seed-42	cygate	num-4	run0	6	NK cells	NK cells	20692	5500	2177	131706	0.9048056320783594	0.040085710537440054	0.09519436792164065	0.95991428946256
dataset_name-Transformed_seed-42	cygate	num-4	run0	7	monocytes	monocytes	12165	2119	4861	140930	0.7144954775049923	0.014813105998643822	0.28550452249500763	0.9851868940013562
dataset_name-Transformed_seed-42	cygate	num-4	run0	3	CD4 T-cells	CD4 T-cells	46545	1039	13487	99004	0.775336487206823	0.010385534220285278	0.22466351279317698	0.9896144657797147
dataset_name-Transformed_seed-42	cygate	num-4	run0	2	B-cells IgM-	B-cells IgM-	2701	1131	461	155782	0.8542061986084757	0.007207815796014352	0.14579380139152434	0.9927921842039856
dataset_name-Transformed_seed-42	cygate	num-5	run0	3	CD4 T-cells	CD4 T-cells	55395	5803	3827	92492	0.9353787443855324	0.059036573579531	0.06462125561446759	0.940963426420469
dataset_name-Transformed_seed-42	cygate	num-5	run0	6	NK cells	NK cells	21475	6650	1534	127858	0.9333304359163805	0.04943943854640616	0.06666956408361946	0.9505605614535938
dataset_name-Transformed_seed-42	cygate	num-5	run0	4	CD8 T-cells	CD8 T-cells	30908	5340	15614	105655	0.6643738446326469	0.04811027523762332	0.3356261553673531	0.9518897247623767
dataset_name-Transformed_seed-42	cygate	num-5	run0	7	monocytes	monocytes	10390	3237	7133	136757	0.5929349997146607	0.023122419532265667	0.40706500028533926	0.9768775804677343
dataset_name-Transformed_seed-42	cygate	num-5	run0	2	B-cells IgM-	B-cells IgM-	2265	1116	797	153339	0.739712606139778	0.007225405457900359	0.2602873938602221	0.9927745945420996
dataset_name-Transformed_seed-42	dgcytof	num-1	run0	4	CD8 T-cells	CD8 T-cells	42165	11789	7769	100356	0.8444146273080466	0.10512283204779527	0.15558537269195338	0.8948771679522047
dataset_name-Transformed_seed-42	dgcytof	num-1	run0	6	NK cells	NK cells	20492	4983	3026	133578	0.87133259630921	0.03596250027063892	0.12866740369079002	0.964037499729361
dataset_name-Transformed_seed-42	dgcytof	num-1	run0	3	CD4 T-cells	CD4 T-cells	53692	2663	6962	98762	0.8852177927259538	0.026255854079368993	0.11478220727404623	0.973744145920631
dataset_name-Transformed_seed-42	dgcytof	num-1	run0	7	monocytes	monocytes	12159	2787	4420	142713	0.733397671753423	0.019154639175257733	0.266602328246577	0.9808453608247423
dataset_name-Transformed_seed-42	dgcytof	num-1	run0	1	B-cells IgM+	B-cells IgM+	5711	839	617	154912	0.9024968394437421	0.005386803295002921	0.0975031605562579	0.994613196704997
dataset_name-Transformed_seed-42	dgcytof	num-2	run0	4	CD8 T-cells	CD8 T-cells	41676	7398	6360	101774	0.8675993005246065	0.06776462829296889	0.13240069947539346	0.9322353717070311
dataset_name-Transformed_seed-42	dgcytof	num-2	run0	7	monocytes	monocytes	13864	3311	2838	137195	0.8300802299125853	0.023564829971673806	0.16991977008741468	0.9764351700283261
dataset_name-Transformed_seed-42	dgcytof	num-2	run0	3	CD4 T-cells	CD4 T-cells	54592	2196	3707	96713	0.9364140036707319	0.02220222628881093	0.06358599632926808	0.977797773711189
dataset_name-Transformed_seed-42	dgcytof	num-2	run0	6	NK cells	NK cells	20426	2593	2875	131314	0.8766147375649114	0.019364185591492604	0.12338526243508863	0.9806358144085074
dataset_name-Transformed_seed-42	dgcytof	num-2	run0	2	B-cells IgM-	B-cells IgM-	2343	1227	624	153014	0.7896865520728008	0.00795508327876505	0.2103134479271992	0.992044916721235
dataset_name-Transformed_seed-42	dgcytof	num-3	run0	3	CD4 T-cells	CD4 T-cells	55471	6595	3672	93910	0.9379131934463927	0.06561862593900801	0.062086806553607356	0.934381374060992
dataset_name-Transformed_seed-42	dgcytof	num-3	run0	4	CD8 T-cells	CD8 T-cells	39168	6605	10523	103352	0.7882312692439275	0.06006893603863328	0.21176873075607253	0.9399310639613667
dataset_name-Transformed_seed-42	dgcytof	num-3	run0	6	NK cells	NK cells	21993	4744	1102	131809	0.9522840441654038	0.034741089540325	0.04771595583459623	0.965258910459675
dataset_name-Transformed_seed-42	dgcytof	num-3	run0	7	monocytes	monocytes	13323	2428	3706	140191	0.7823712490457455	0.017024379640861315	0.21762875095425452	0.9829756203591387
dataset_name-Transformed_seed-42	dgcytof	num-3	run0	2	B-cells IgM-	B-cells IgM-	1967	796	990	155895	0.6652012174501184	0.005080062032918291	0.33479878254988166	0.9949199379670817
dataset_name-Transformed_seed-42	dgcytof	num-4	run0	4	CD8 T-cells	CD8 T-cells	44549	15282	4276	95968	0.9124219150025602	0.13736629213483145	0.08757808499743984	0.8626337078651686
dataset_name-Transformed_seed-42	dgcytof	num-4	run0	7	monocytes	monocytes	12402	2929	4624	140120	0.7284153647362857	0.020475501401617628	0.27158463526371435	0.9795244985983824
dataset_name-Transformed_seed-42	dgcytof	num-4	run0	3	CD4 T-cells	CD4 T-cells	52059	1902	7973	98141	0.8671875	0.019011824915286427	0.1328125	0.9809881750847136
dataset_name-Transformed_seed-42	dgcytof	num-4	run0	1	B-cells IgM+	B-cells IgM+	6052	2197	258	151568	0.9591125198098257	0.014288036939485578	0.040887480190174325	0.9857119630605145
dataset_name-Transformed_seed-42	dgcytof	num-4	run0	6	NK cells	NK cells	18438	1674	4431	135532	0.8062442607897153	0.012200632625395391	0.19375573921028466	0.9877993673746046
dataset_name-Transformed_seed-42	dgcytof	num-5	run0	4	CD8 T-cells	CD8 T-cells	38329	5415	8193	105580	0.8238897725807145	0.048785981350511286	0.1761102274192855	0.9512140186494887
dataset_name-Transformed_seed-42	dgcytof	num-5	run0	3	CD4 T-cells	CD4 T-cells	57159	4678	2063	93617	0.9651649724764446	0.04759143394882751	0.03483502752355543	0.9524085660511725
dataset_name-Transformed_seed-42	dgcytof	num-5	run0	7	monocytes	monocytes	15058	5142	2465	134852	0.8593277406836729	0.036730145577667614	0.14067225931632713	0.9632698544223324
dataset_name-Transformed_seed-42	dgcytof	num-5	run0	6	NK cells	NK cells	19107	1634	3902	132874	0.8304141857534009	0.012147976328545513	0.16958581424659916	0.9878520236714545
dataset_name-Transformed_seed-42	dgcytof	num-5	run0	2	B-cells IgM-	B-cells IgM-	2324	891	738	153564	0.75898105813194	0.0057686704865494804	0.24101894186806008	0.9942313295134505
dataset_name-Transformed_seed-42	gatemeclass	num-1	run0	2	B-cells IgM-	B-cells IgM-	1858	27322	1308	131591	0.5868603916614024	0.1719305531957738	0.4131396083385976	0.8280694468042262
dataset_name-Transformed_seed-42	gatemeclass	num-1	run0	5	DC	DC	1627	6825	273	153354	0.8563157894736843	0.042608581649279866	0.1436842105263158	0.9573914183507202
dataset_name-Transformed_seed-42	gatemeclass	num-1	run0	4	CD8 T-cells	CD8 T-cells	22785	4458	27149	107687	0.45630231906116075	0.03975210664764368	0.5436976809388393	0.9602478933523563
dataset_name-Transformed_seed-42	gatemeclass	num-1	run0	6	NK cells	NK cells	19767	4074	3751	134487	0.8405051449953227	0.02940221274384567	0.15949485500467728	0.9705977872561543
dataset_name-Transformed_seed-42	gatemeclass	num-1	run0	3	CD4 T-cells	CD4 T-cells	54221	2277	6433	99148	0.8939393939393939	0.02245008627064333	0.10606060606060606	0.9775499137293566
dataset_name-Transformed_seed-42	gatemeclass	num-2	run0	6	NK cells	NK cells	22529	31390	772	102517	0.9668683747478649	0.23441642333858573	0.0331316252521351	0.7655835766614143
dataset_name-Transformed_seed-42	gatemeclass	num-2	run0	4	CD8 T-cells	CD8 T-cells	17144	7443	30892	101729	0.3568989924223499	0.06817682189572417	0.6431010075776501	0.9318231781042758
dataset_name-Transformed_seed-42	gatemeclass	num-2	run0	5	DC	DC	1373	5444	411	149980	0.7696188340807175	0.03502676549310274	0.2303811659192825	0.9649732345068973
dataset_name-Transformed_seed-42	gatemeclass	num-2	run0	3	CD4 T-cells	CD4 T-cells	52048	1842	6251	97067	0.8927768915418789	0.018623178881598236	0.10722310845812107	0.9813768211184017
dataset_name-Transformed_seed-42	gatemeclass	num-2	run0	1	B-cells IgM+	B-cells IgM+	5770	1523	349	149566	0.9429645366890015	0.010080151433923053	0.05703546331099853	0.989919848566077
dataset_name-Transformed_seed-42	gatemeclass	num-3	run0	4	CD8 T-cells	CD8 T-cells	39739	8767	9952	101190	0.7997222837133485	0.07973116763825859	0.2002777162866515	0.9202688323617414
dataset_name-Transformed_seed-42	gatemeclass	num-3	run0	6	NK cells	NK cells	19916	6463	3179	130090	0.8623511582593635	0.047329608283963	0.1376488417406365	0.952670391716037
dataset_name-Transformed_seed-42	gatemeclass	num-3	run0	5	DC	DC	1544	5834	321	151949	0.8278820375335121	0.036974832523148884	0.17211796246648794	0.9630251674768511
dataset_name-Transformed_seed-42	gatemeclass	num-3	run0	3	CD4 T-cells	CD4 T-cells	53947	2453	5196	98052	0.9121451397460393	0.024406745933038158	0.08785486025396073	0.9755932540669618
dataset_name-Transformed_seed-42	gatemeclass	num-3	run0	7	monocytes	monocytes	9702	2821	7327	139798	0.5697339832051207	0.019779973215349987	0.4302660167948793	0.98022002678465
dataset_name-Transformed_seed-42	gatemeclass	num-4	run0	4	CD8 T-cells	CD8 T-cells	38784	8907	10041	102343	0.794347158218126	0.08006292134831461	0.20565284178187404	0.9199370786516854
dataset_name-Transformed_seed-42	gatemeclass	num-4	run0	3	CD4 T-cells	CD4 T-cells	55355	6627	4677	93416	0.9220915511727079	0.06624151614805633	0.07790844882729211	0.9337584838519437
dataset_name-Transformed_seed-42	gatemeclass	num-4	run0	6	NK cells	NK cells	19257	4987	3612	132219	0.8420569329660239	0.036346806990947916	0.15794306703397612	0.9636531930090521
dataset_name-Transformed_seed-42	gatemeclass	num-4	run0	5	DC	DC	1545	5188	306	153036	0.8346839546191248	0.032788957427444636	0.16531604538087522	0.9672110425725554
dataset_name-Transformed_seed-42	gatemeclass	num-4	run0	7	monocytes	monocytes	7827	2219	9199	140830	0.4597086808410666	0.015512167159504785	0.5402913191589334	0.9844878328404952
dataset_name-Transformed_seed-42	gatemeclass	num-5	run0	4	CD8 T-cells	CD8 T-cells	36093	8391	10429	102604	0.7758264906925756	0.07559799990990586	0.22417350930742444	0.9244020000900941
dataset_name-Transformed_seed-42	gatemeclass	num-5	run0	5	DC	DC	1702	7213	136	148466	0.926006528835691	0.04633251755214255	0.07399347116430903	0.9536674824478575
dataset_name-Transformed_seed-42	gatemeclass	num-5	run0	6	NK cells	NK cells	19663	5329	3346	129179	0.854578643139641	0.03961846135545841	0.14542135686035898	0.9603815386445416
dataset_name-Transformed_seed-42	gatemeclass	num-5	run0	3	CD4 T-cells	CD4 T-cells	52872	2320	6350	95975	0.8927763331194488	0.023602421282872984	0.10722366688055114	0.9763975787171271
dataset_name-Transformed_seed-42	gatemeclass	num-5	run0	7	monocytes	monocytes	10451	3211	7072	136783	0.5964161387890201	0.022936697287026585	0.40358386121097983	0.9770633027129734
dataset_name-Transformed_seed-42	knn	num-1	run0	4	CD8 T-cells	CD8 T-cells	28446	32812	21488	79333	0.5696719669964353	0.2925854919969682	0.4303280330035647	0.7074145080030317
dataset_name-Transformed_seed-42	knn	num-1	run0	6	NK cells	NK cells	18383	24743	5135	113818	0.7816566034526745	0.17857117082007204	0.21834339654732546	0.821428829179928
dataset_name-Transformed_seed-42	knn	num-1	run0	2	B-cells IgM-	B-cells IgM-	2039	13945	1127	144968	0.6440303221730891	0.08775241798971764	0.3559696778269109	0.9122475820102823
dataset_name-Transformed_seed-42	knn	num-1	run0	5	DC	DC	1722	2770	178	157409	0.9063157894736842	0.01729315328476267	0.09368421052631579	0.9827068467152373
dataset_name-Transformed_seed-42	knn	num-1	run0	7	monocytes	monocytes	4335	2391	12244	143109	0.2614753603956813	0.01643298969072165	0.7385246396043187	0.9835670103092784
dataset_name-Transformed_seed-42	knn	num-2	run0	4	CD8 T-cells	CD8 T-cells	21242	15969	26794	93203	0.4422100091597968	0.14627376983109222	0.5577899908402032	0.8537262301689078
dataset_name-Transformed_seed-42	knn	num-2	run0	6	NK cells	NK cells	16138	13996	7163	119911	0.6925883009312905	0.10452030140321268	0.3074116990687095	0.8954796985967873
dataset_name-Transformed_seed-42	knn	num-2	run0	2	B-cells IgM-	B-cells IgM-	1647	15354	1320	138887	0.5551061678463094	0.09954551643207707	0.4448938321536906	0.9004544835679229
dataset_name-Transformed_seed-42	knn	num-2	run0	3	CD4 T-cells	CD4 T-cells	43070	6695	15229	92214	0.7387776805777114	0.06768848133132475	0.2612223194222886	0.9323115186686752
dataset_name-Transformed_seed-42	knn	num-2	run0	7	monocytes	monocytes	7900	7703	8802	132803	0.4729972458388217	0.05482328156804692	0.5270027541611783	0.9451767184319531
dataset_name-Transformed_seed-42	knn	num-3	run0	4	CD8 T-cells	CD8 T-cells	22505	21724	27186	88233	0.4528989152965326	0.1975681402730158	0.5471010847034674	0.8024318597269842
dataset_name-Transformed_seed-42	knn	num-3	run0	2	B-cells IgM-	B-cells IgM-	2121	23723	836	132968	0.7172810280689889	0.15139988895341788	0.28271897193101114	0.8486001110465822
dataset_name-Transformed_seed-42	knn	num-3	run0	6	NK cells	NK cells	16376	19243	6719	117310	0.7090712275384282	0.14091964292252826	0.2909287724615718	0.8590803570774718
dataset_name-Transformed_seed-42	knn	num-3	run0	7	monocytes	monocytes	7065	4520	9964	138099	0.4148804979740443	0.03169283195086209	0.5851195020259558	0.968307168049138
dataset_name-Transformed_seed-42	knn	num-3	run0	5	DC	DC	1767	3267	98	154516	0.9474530831099196	0.020705652700227527	0.05254691689008043	0.9792943472997725
dataset_name-Transformed_seed-42	knn	num-4	run0	4	CD8 T-cells	CD8 T-cells	27166	25921	21659	85329	0.5563952892985151	0.23299775280898877	0.4436047107014849	0.7670022471910113
dataset_name-Transformed_seed-42	knn	num-4	run0	6	NK cells	NK cells	19325	25686	3544	111520	0.8450303904849359	0.18720755652085186	0.15496960951506406	0.8127924434791481
dataset_name-Transformed_seed-42	knn	num-4	run0	5	DC	DC	1715	4073	136	154151	0.9265262020529443	0.025741986045100616	0.07347379794705565	0.9742580139548994
dataset_name-Transformed_seed-42	knn	num-4	run0	7	monocytes	monocytes	6114	3268	10912	139781	0.35909785034652886	0.022845318736936293	0.6409021496534711	0.9771546812630637
dataset_name-Transformed_seed-42	knn	num-4	run0	2	B-cells IgM-	B-cells IgM-	1008	2877	2154	154036	0.3187855787476281	0.01833500092407895	0.681214421252372	0.9816649990759211
dataset_name-Transformed_seed-42	knn	num-5	run0	4	CD8 T-cells	CD8 T-cells	23615	21748	22907	89247	0.5076093031254031	0.1959367539078337	0.49239069687459697	0.8040632460921663
dataset_name-Transformed_seed-42	knn	num-5	run0	6	NK cells	NK cells	17362	14263	5647	120245	0.7545742970142119	0.1060383025544949	0.24542570298578817	0.8939616974455051
dataset_name-Transformed_seed-42	knn	num-5	run0	2	B-cells IgM-	B-cells IgM-	1461	8733	1601	145722	0.47713912475506204	0.05654074002136544	0.522860875244938	0.9434592599786346
dataset_name-Transformed_seed-42	knn	num-5	run0	7	monocytes	monocytes	7803	7311	9720	132683	0.4453004622496148	0.052223666728574085	0.5546995377503852	0.947776333271426
dataset_name-Transformed_seed-42	knn	num-5	run0	3	CD4 T-cells	CD4 T-cells	39545	5073	19677	93222	0.6677417176049442	0.05160994964138563	0.3322582823950559	0.9483900503586143
dataset_name-Transformed_seed-42	lda	num-1	run0	4	CD8 T-cells	CD8 T-cells	14675	4178	35259	107967	0.2938879320703328	0.037255339069954076	0.7061120679296672	0.962744660930046
dataset_name-Transformed_seed-42	lda	num-1	run0	6	NK cells	NK cells	8572	3262	14946	135299	0.3644867760864019	0.023541977901429697	0.6355132239135981	0.9764580220985704
dataset_name-Transformed_seed-42	lda	num-1	run0	7	monocytes	monocytes	5893	1815	10686	143685	0.355449665239158	0.012474226804123712	0.644550334760842	0.9875257731958763
dataset_name-Transformed_seed-42	lda	num-1	run0	2	B-cells IgM-	B-cells IgM-	610	884	2556	158029	0.19267214150347442	0.005562792219642194	0.8073278584965256	0.9944372077803578
dataset_name-Transformed_seed-42	lda	num-1	run0	5	DC	DC	1179	582	721	159597	0.6205263157894737	0.0036334350944880415	0.3794736842105263	0.996366564905512
dataset_name-Transformed_seed-42	lda	num-2	run0	4	CD8 T-cells	CD8 T-cells	32654	14194	15382	94978	0.6797818302939462	0.13001502216685598	0.32021816970605377	0.869984977833144
dataset_name-Transformed_seed-42	lda	num-2	run0	6	NK cells	NK cells	7081	3311	16220	130596	0.30389253680099565	0.02472611588639877	0.6961074631990043	0.9752738841136013
dataset_name-Transformed_seed-42	lda	num-2	run0	7	monocytes	monocytes	8703	2074	7999	138432	0.5210753203209196	0.014760935476065079	0.47892467967908037	0.985239064523935
dataset_name-Transformed_seed-42	lda	num-2	run0	1	B-cells IgM+	B-cells IgM+	3720	765	2399	150324	0.6079424742605001	0.0050632408712745465	0.3920575257394999	0.9949367591287255
dataset_name-Transformed_seed-42	lda	num-2	run0	3	CD4 T-cells	CD4 T-cells	41030	432	17269	98477	0.7037856567008011	0.004367651073208707	0.29621434329919893	0.9956323489267913
dataset_name-Transformed_seed-42	lda	num-3	run0	6	NK cells	NK cells	8545	4491	14550	132062	0.3699935050876813	0.032888329073693	0.6300064949123186	0.967111670926307
dataset_name-Transformed_seed-42	lda	num-3	run0	4	CD8 T-cells	CD8 T-cells	6882	1921	42809	108036	0.13849590469099032	0.017470465727511663	0.8615040953090097	0.9825295342724883
dataset_name-Transformed_seed-42	lda	num-3	run0	7	monocytes	monocytes	6306	1437	10723	141182	0.37030947207704507	0.01007579635251965	0.629690527922955	0.9899242036474803
dataset_name-Transformed_seed-42	lda	num-3	run0	5	DC	DC	1178	514	687	157269	0.6316353887399464	0.003257638655621962	0.3683646112600536	0.996742361344378
dataset_name-Transformed_seed-42	lda	num-3	run0	1	B-cells IgM+	B-cells IgM+	2417	427	3451	153353	0.411895023858214	0.002776693978410717	0.5881049761417859	0.9972233060215893
dataset_name-Transformed_seed-42	lda	num-4	run0	4	CD8 T-cells	CD8 T-cells	25250	9868	23575	101382	0.5171530977982591	0.08870112359550562	0.4828469022017409	0.9112988764044944
dataset_name-Transformed_seed-42	lda	num-4	run0	6	NK cells	NK cells	10859	4750	12010	132456	0.4748349293803839	0.03461947728233459	0.525165070619616	0.9653805227176654
dataset_name-Transformed_seed-42	lda	num-4	run0	7	monocytes	monocytes	7489	2332	9537	140717	0.4398566897685892	0.016302106271277674	0.5601433102314107	0.9836978937287223
dataset_name-Transformed_seed-42	lda	num-4	run0	2	B-cells IgM-	B-cells IgM-	500	629	2662	156284	0.15812776723592664	0.004008590747739193	0.8418722327640734	0.9959914092522608
dataset_name-Transformed_seed-42	lda	num-4	run0	1	B-cells IgM+	B-cells IgM+	2464	499	3846	153266	0.39049128367670366	0.0032452118492504794	0.6095087163232964	0.9967547881507495
dataset_name-Transformed_seed-42	lda	num-5	run0	4	CD8 T-cells	CD8 T-cells	34624	22416	11898	88579	0.7442500322428098	0.20195504301995584	0.25574996775719017	0.7980449569800442
dataset_name-Transformed_seed-42	lda	num-5	run0	7	monocytes	monocytes	9132	3320	8391	136674	0.5211436397877076	0.023715302084375046	0.47885636021229244	0.976284697915625
dataset_name-Transformed_seed-42	lda	num-5	run0	6	NK cells	NK cells	2873	1311	20136	133197	0.12486418358033813	0.009746632170577215	0.8751358164196619	0.9902533678294227
dataset_name-Transformed_seed-42	lda	num-5	run0	2	B-cells IgM-	B-cells IgM-	1105	614	1957	153841	0.36087524493794904	0.003975267877375287	0.6391247550620509	0.9960247321226248
dataset_name-Transformed_seed-42	lda	num-5	run0	5	DC	DC	866	294	972	155385	0.47116430903155604	0.0018885013392943171	0.528835690968444	0.9981114986607057
dataset_name-Transformed_seed-42	random	num-1	run0	4	CD8 T-cells	CD8 T-cells	6217	14227	43717	97918	0.12450434573637201	0.12686254402782113	0.875495654263628	0.8731374559721788
dataset_name-Transformed_seed-42	random	num-1	run0	2	B-cells IgM-	B-cells IgM-	387	20109	2779	138804	0.12223626026531902	0.12654093749410056	0.877763739734681	0.8734590625058994
dataset_name-Transformed_seed-42	random	num-1	run0	1	B-cells IgM+	B-cells IgM+	802	19558	5526	136193	0.12673830594184576	0.12557222746563426	0.8732616940581542	0.8744277725343658
dataset_name-Transformed_seed-42	random	num-1	run0	5	DC	DC	234	20094	1666	140085	0.1231578947368421	0.12544715599423145	0.8768421052631579	0.8745528440057685
dataset_name-Transformed_seed-42	random	num-1	run0	6	NK cells	NK cells	2943	17277	20575	121284	0.12513819202313123	0.12468876523697144	0.8748618079768687	0.8753112347630285
dataset_name-Transformed_seed-42	random	num-2	run0	7	monocytes	monocytes	2160	17701	14542	122805	0.12932582924200695	0.1259803851792806	0.870674170757993	0.8740196148207194
dataset_name-Transformed_seed-42	random	num-2	run0	2	B-cells IgM-	B-cells IgM-	365	19419	2602	134822	0.12301988540613414	0.12590037668324247	0.8769801145938658	0.8740996233167575
dataset_name-Transformed_seed-42	random	num-2	run0	1	B-cells IgM+	B-cells IgM+	749	18950	5370	132139	0.12240562183363295	0.12542276406621264	0.8775943781663671	0.8745772359337873
dataset_name-Transformed_seed-42	random	num-2	run0	6	NK cells	NK cells	2919	16690	20382	117217	0.12527359340800823	0.12463874181334807	0.8747264065919917	0.8753612581866519
dataset_name-Transformed_seed-42	random	num-2	run0	4	CD8 T-cells	CD8 T-cells	6003	13586	42033	95586	0.12496877341993505	0.12444582860074012	0.8750312265800649	0.8755541713992598
dataset_name-Transformed_seed-42	random	num-3	run0	6	NK cells	NK cells	2927	17234	20168	119319	0.1267373890452479	0.1262074066479682	0.8732626109547521	0.8737925933520319
dataset_name-Transformed_seed-42	random	num-3	run0	5	DC	DC	225	19908	1640	137875	0.12064343163538874	0.12617328863058758	0.8793565683646113	0.8738267113694124
dataset_name-Transformed_seed-42	random	num-3	run0	1	B-cells IgM+	B-cells IgM+	720	19322	5148	134458	0.12269938650306748	0.12564702822213553	0.8773006134969326	0.8743529717778645
dataset_name-Transformed_seed-42	random	num-3	run0	4	CD8 T-cells	CD8 T-cells	6151	13733	43540	96224	0.12378499124589966	0.12489427685367917	0.8762150087541003	0.8751057231463208
dataset_name-Transformed_seed-42	random	num-3	run0	3	CD4 T-cells	CD4 T-cells	7400	12533	51743	87972	0.12512047072350066	0.12470026366847421	0.8748795292764994	0.8752997363315258
dataset_name-Transformed_seed-42	random	num-4	run0	5	DC	DC	227	19923	1624	138301	0.12263641274986493	0.12591642228739003	0.8773635872501351	0.8740835777126099
dataset_name-Transformed_seed-42	random	num-4	run0	1	B-cells IgM+	B-cells IgM+	826	19361	5484	134404	0.13090332805071314	0.12591291906480667	0.8690966719492869	0.8740870809351933
dataset_name-Transformed_seed-42	random	num-4	run0	2	B-cells IgM-	B-cells IgM-	408	19750	2754	137163	0.12903225806451613	0.12586592570405256	0.8709677419354839	0.8741340742959475
dataset_name-Transformed_seed-42	random	num-4	run0	6	NK cells	NK cells	2930	17174	19939	120032	0.12812103721194631	0.12516945323090828	0.8718789627880537	0.8748305467690918
dataset_name-Transformed_seed-42	random	num-4	run0	3	CD4 T-cells	CD4 T-cells	7493	12485	52539	87558	0.1248167643923241	0.12479633757484282	0.8751832356076759	0.8752036624251572
dataset_name-Transformed_seed-42	random	num-5	run0	5	DC	DC	222	19595	1616	136084	0.12078346028291621	0.12586797191657192	0.8792165397170838	0.874132028083428
dataset_name-Transformed_seed-42	random	num-5	run0	6	NK cells	NK cells	2970	16912	20039	117596	0.1290799252466426	0.1257322984506498	0.8709200747533574	0.8742677015493502
dataset_name-Transformed_seed-42	random	num-5	run0	1	B-cells IgM+	B-cells IgM+	786	18998	5555	132178	0.12395521211165432	0.1256680954648886	0.8760447878883457	0.8743319045351114
dataset_name-Transformed_seed-42	random	num-5	run0	3	CD4 T-cells	CD4 T-cells	7374	12264	51848	86031	0.124514538516092	0.12476728216084236	0.875485461483908	0.8752327178391577
dataset_name-Transformed_seed-42	random	num-5	run0	4	CD8 T-cells	CD8 T-cells	5900	13795	40622	97200	0.12682171875671724	0.12428487769719357	0.8731782812432828	0.8757151223028065
dataset_name-flowcyt_seed-42	cyanno	num-1	run0	1	B_Lymphocytes	B_Lymphocytes	258575	126558	761	1666192	0.9970655828731838	0.07059433830707014	0.002934417126816177	0.9294056616929298
dataset_name-flowcyt_seed-42	cyanno	num-1	run0	2	HSPCs	HSPCs	177566	32833	25230	1816457	0.8755892621156236	0.017754381411244316	0.12441073788437641	0.9822456185887557
dataset_name-flowcyt_seed-42	cyanno	num-1	run0	4	Monocytes	Monocytes	266412	1699	37874	1746101	0.8755315722708241	9.720791852614716e-4	0.12446842772917584	0.9990279208147386
dataset_name-flowcyt_seed-42	cyanno	num-1	run0	5	T_Lymphocytes	T_Lymphocytes	1187988	195	94105	769798	0.9266004884201068	2.5324905551089426e-4	0.07339951157989319	0.9997467509444891
dataset_name-flowcyt_seed-42	cyanno	num-1	run0	3	Mast_cells	Mast_cells	256	4	3319	2048507	0.07160839160839161	1.952637793987926e-6	0.9283916083916084	0.999998047362206
dataset_name-flowcyt_seed-42	cyanno	num-2	run0	5	T_Lymphocytes	T_Lymphocytes	1242219	29789	1003	726851	0.9991932253451113	0.039370109959822375	8.067746548886683e-4	0.9606298900401776
dataset_name-flowcyt_seed-42	cyanno	num-2	run0	1	B_Lymphocytes	B_Lymphocytes	253534	3196	1572	1741560	0.9938378556364805	0.0018317747581896838	0.006162144363519478	0.9981682252418104
dataset_name-flowcyt_seed-42	cyanno	num-2	run0	2	HSPCs	HSPCs	173343	3265	24018	1799236	0.8783042242388314	0.0018113720880043895	0.12169577576116862	0.9981886279119956
dataset_name-flowcyt_seed-42	cyanno	num-2	run0	4	Monocytes	Monocytes	289986	1711	10646	1697519	0.9645879347507916	0.001006926666784367	0.035412065249208334	0.9989930733332156
dataset_name-flowcyt_seed-42	cyanno	num-2	run0	3	Mast_cells	Mast_cells	2700	119	841	1996202	0.7624964699237503	5.96096519547708e-5	0.23750353007624964	0.9999403903480453
dataset_name-flowcyt_seed-42	cyanno	num-3	run0	5	T_Lymphocytes	T_Lymphocytes	1276260	34022	1013	742832	0.9992069040839351	0.04379458688505176	7.930959160649289e-4	0.9562054131149482
dataset_name-flowcyt_seed-42	cyanno	num-3	run0	1	B_Lymphocytes	B_Lymphocytes	265280	18186	1786	1768875	0.993312514509522	0.01017648530184476	0.006687485490478009	0.9898235146981552
dataset_name-flowcyt_seed-42	cyanno	num-3	run0	4	Monocytes	Monocytes	283820	2613	19873	1747821	0.9345622059118913	0.0014927726495257748	0.06543779408810871	0.9985072273504743
dataset_name-flowcyt_seed-42	cyanno	num-3	run0	2	HSPCs	HSPCs	169377	1861	33166	1849723	0.8362520551191599	0.0010050853755487195	0.16374794488084013	0.9989949146244513
dataset_name-flowcyt_seed-42	cyanno	num-3	run0	3	Mast_cells	Mast_cells	2657	51	895	2050524	0.7480292792792793	2.4871072747887788e-5	0.25197072072072074	0.9999751289272522
dataset_name-flowcyt_seed-42	cyanno	num-4	run0	5	T_Lymphocytes	T_Lymphocytes	1262022	23003	1251	711938	0.9990097152396988	0.03129911108510751	9.902847603012175e-4	0.9687008889148925
dataset_name-flowcyt_seed-42	cyanno	num-4	run0	4	Monocytes	Monocytes	272307	3432	3882	1718593	0.9859444076339029	0.0019930024244711893	0.014055592366097129	0.9980069975755288
dataset_name-flowcyt_seed-42	cyanno	num-4	run0	2	HSPCs	HSPCs	164921	3562	24456	1805275	0.8708607697872498	0.001969221107263949	0.12913923021275023	0.9980307788927361
dataset_name-flowcyt_seed-42	cyanno	num-4	run0	1	B_Lymphocytes	B_Lymphocytes	264074	1556	1880	1730704	0.9929311083871647	8.982485308210084e-4	0.007068891612835302	0.999101751469179
dataset_name-flowcyt_seed-42	cyanno	num-4	run0	3	Mast_cells	Mast_cells	3116	221	305	1994572	0.9108447822274189	1.1078843769754556e-4	0.08915521777258112	0.9998892115623025
dataset_name-flowcyt_seed-42	cyanno	num-5	run0	5	T_Lymphocytes	T_Lymphocytes	1239577	30005	878	718662	0.9992921952025668	0.04007789845151449	7.078047974331999e-4	0.9599221015484856
dataset_name-flowcyt_seed-42	cyanno	num-5	run0	1	B_Lymphocytes	B_Lymphocytes	255964	21587	1451	1710120	0.9943631878484159	0.01246573467682466	0.005636812151584018	0.9875342653231753
dataset_name-flowcyt_seed-42	cyanno	num-5	run0	2	HSPCs	HSPCs	166369	8043	24015	1790695	0.8738601983359946	0.004471468329462101	0.12613980166400537	0.9955285316705379
dataset_name-flowcyt_seed-42	cyanno	num-5	run0	4	Monocytes	Monocytes	263135	1421	34240	1690326	0.8848591845313156	8.39960112239005e-4	0.11514081546868432	0.999160039887761
dataset_name-flowcyt_seed-42	cyanno	num-5	run0	3	Mast_cells	Mast_cells	2852	169	641	1985460	0.8164901231033496	8.511156918034537e-5	0.18350987689665044	0.9999148884308197
dataset_name-flowcyt_seed-42	cygate	num-1	run0	2	HSPCs	HSPCs	161875	14863	40921	1834427	0.7982159411428233	0.008037138577508124	0.20178405885717668	0.9919628614224919
dataset_name-flowcyt_seed-42	cygate	num-1	run0	4	Monocytes	Monocytes	293875	10023	10411	1737777	0.9657854781357013	0.00573463783041538	0.03421452186429872	0.9942653621695846
dataset_name-flowcyt_seed-42	cygate	num-1	run0	1	B_Lymphocytes	B_Lymphocytes	254081	8438	5255	1784312	0.9797367122188975	0.004706735462278623	0.020263287781102507	0.9952932645377214
dataset_name-flowcyt_seed-42	cygate	num-1	run0	5	T_Lymphocytes	T_Lymphocytes	1160704	1162	121389	768831	0.9053196608982343	0.0015091046282238929	0.09468033910176563	0.9984908953717762
dataset_name-flowcyt_seed-42	cygate	num-1	run0	3	Mast_cells	Mast_cells	2643	2571	932	2045940	0.7393006993006993	0.0012550579420857392	0.2606993006993007	0.9987449420579143
dataset_name-flowcyt_seed-42	cygate	num-2	run0	1	B_Lymphocytes	B_Lymphocytes	251510	24345	3596	1720411	0.9859038987714911	0.013953240453106338	0.014096101228508934	0.9860467595468937
dataset_name-flowcyt_seed-42	cygate	num-2	run0	3	Mast_cells	Mast_cells	2962	20658	579	1975663	0.8364868681163513	0.010348035210770212	0.1635131318836487	0.9896519647892298
dataset_name-flowcyt_seed-42	cygate	num-2	run0	4	Monocytes	Monocytes	287628	7589	13004	1691641	0.9567444583410948	0.004466140546012017	0.04325554165890524	0.995533859453988
dataset_name-flowcyt_seed-42	cygate	num-2	run0	2	HSPCs	HSPCs	118696	1526	78665	1800975	0.6014156798962308	8.466014720657576e-4	0.3985843201037692	0.9991533985279343
dataset_name-flowcyt_seed-42	cygate	num-2	run0	5	T_Lymphocytes	T_Lymphocytes	1143244	421	99978	756219	0.9195815389367306	5.564072742651723e-4	0.08041846106326947	0.9994435927257348
dataset_name-flowcyt_seed-42	cygate	num-3	run0	5	T_Lymphocytes	T_Lymphocytes	1167781	8256	109492	768598	0.9142767442825457	0.010627479552142358	0.08572325571745429	0.9893725204478576
dataset_name-flowcyt_seed-42	cygate	num-3	run0	1	B_Lymphocytes	B_Lymphocytes	263310	16408	3756	1770653	0.9859360607490283	0.009181555638000046	0.01406393925097167	0.990818444362
dataset_name-flowcyt_seed-42	cygate	num-3	run0	3	Mast_cells	Mast_cells	2997	11938	555	2038637	0.84375	0.005821781695378126	0.15625	0.9941782183046218
dataset_name-flowcyt_seed-42	cygate	num-3	run0	4	Monocytes	Monocytes	291575	5714	12118	1744720	0.9600978619856236	0.0032643333024838413	0.03990213801437636	0.9967356666975161
dataset_name-flowcyt_seed-42	cygate	num-3	run0	2	HSPCs	HSPCs	148602	3679	53941	1847905	0.7336812429953146	0.0019869473920707892	0.26631875700468544	0.9980130526079292
dataset_name-flowcyt_seed-42	cygate	num-4	run0	3	Mast_cells	Mast_cells	2881	74031	540	1920762	0.8421514177141187	0.03711212140808595	0.15784858228588133	0.962887878591914
dataset_name-flowcyt_seed-42	cygate	num-4	run0	1	B_Lymphocytes	B_Lymphocytes	261018	16728	4936	1715532	0.9814403994675771	0.00965674898687264	0.0185596005324229	0.9903432510131274
dataset_name-flowcyt_seed-42	cygate	num-4	run0	4	Monocytes	Monocytes	269405	11349	6784	1710676	0.9754371100948988	0.006590496653649047	0.024562889905101217	0.9934095033463509
dataset_name-flowcyt_seed-42	cygate	num-4	run0	5	T_Lymphocytes	T_Lymphocytes	1134016	628	129257	734313	0.8976808654977981	8.544903604507029e-4	0.10231913450220181	0.9991455096395493
dataset_name-flowcyt_seed-42	cygate	num-4	run0	2	HSPCs	HSPCs	79311	713	110066	1808124	0.4187995374306278	3.941759262996058e-4	0.5812004625693722	0.9996058240737004
dataset_name-flowcyt_seed-42	cygate	num-5	run0	1	B_Lymphocytes	B_Lymphocytes	253819	39814	3596	1691893	0.9860303401122701	0.022991187308245564	0.01396965988772993	0.9770088126917544
dataset_name-flowcyt_seed-42	cygate	num-5	run0	3	Mast_cells	Mast_cells	3144	12737	349	1972892	0.9000858860578299	0.006414592051183781	0.09991411394217005	0.9935854079488162
dataset_name-flowcyt_seed-42	cygate	num-5	run0	2	HSPCs	HSPCs	122084	8885	68300	1789853	0.64125136566098	0.004939574301538079	0.3587486343390201	0.9950604256984619
dataset_name-flowcyt_seed-42	cygate	num-5	run0	4	Monocytes	Monocytes	276961	7085	20414	1684662	0.9313526691887347	0.004187978462500599	0.06864733081126524	0.9958120215374994
dataset_name-flowcyt_seed-42	cygate	num-5	run0	5	T_Lymphocytes	T_Lymphocytes	1099698	625	140757	748042	0.8865279272525001	8.348170815596253e-4	0.1134720727474999	0.9991651829184404
dataset_name-flowcyt_seed-42	dgcytof	num-1	run0	1	B_Lymphocytes	B_Lymphocytes	258263	136347	1073	1656403	0.995862510411204	0.07605466462139171	0.004137489588796002	0.9239453353786082
dataset_name-flowcyt_seed-42	dgcytof	num-1	run0	2	HSPCs	HSPCs	167028	4509	35768	1844781	0.8236257125387089	0.0024382330516035883	0.17637428746129116	0.9975617669483964
dataset_name-flowcyt_seed-42	dgcytof	num-1	run0	5	T_Lymphocytes	T_Lymphocytes	1187169	1440	94924	768553	0.9259616892066332	0.0018701468714650653	0.074038310793366785	0.998129853128535
dataset_name-flowcyt_seed-42	dgcytof	num-1	run0	4	Monocytes	Monocytes	291340	3162	12946	1744638	0.9574545000427229	0.001809131479574322	0.042545499957277036	0.9981908685204257
dataset_name-flowcyt_seed-42	dgcytof	num-1	run0	3	Mast_cells	Mast_cells	2687	141	888	2048370	0.7516083916083917	6.883048223807439e-5	0.2483916083916084	0.999931169517762
dataset_name-flowcyt_seed-42	dgcytof	num-2	run0	1	B_Lymphocytes	B_Lymphocytes	253456	125898	1650	1618858	0.9935321003818021	0.07215794070918799	0.006467899618197925	0.927842059290812
dataset_name-flowcyt_seed-42	dgcytof	num-2	run0	4	Monocytes	Monocytes	289964	3173	10668	1696057	0.9645147555815748	0.0018673163727099922	0.03548524441842518	0.99813268362729
dataset_name-flowcyt_seed-42	dgcytof	num-2	run0	2	HSPCs	HSPCs	169689	2549	27672	1799952	0.8597899281012966	0.0014141462334833657	0.14021007189870338	0.9985858537665167
dataset_name-flowcyt_seed-42	dgcytof	num-2	run0	5	T_Lymphocytes	T_Lymphocytes	1150331	1022	92891	755618	0.9252820493845829	0.0013507083950095157	0.07471795061541704	0.9986492916049905
dataset_name-flowcyt_seed-42	dgcytof	num-2	run0	3	Mast_cells	Mast_cells	3079	701	462	1995620	0.8695283818130471	3.511459329436498e-4	0.13047161818695283	0.9996488540670564
dataset_name-flowcyt_seed-42	dgcytof	num-3	run0	1	B_Lymphocytes	B_Lymphocytes	253359	124907	13707	1662154	0.9486756082766058	0.06989520783006288	0.051324391723394217	0.9301047921699371
dataset_name-flowcyt_seed-42	dgcytof	num-3	run0	5	T_Lymphocytes	T_Lymphocytes	1184635	23603	92638	753251	0.9274720439561472	0.030382800371755826	0.0725279560438528	0.9696171996282442
dataset_name-flowcyt_seed-42	dgcytof	num-3	run0	4	Monocytes	Monocytes	293954	13829	9739	1736605	0.9679314307540839	0.007900326433330248	0.032068569245916105	0.9920996735666697
dataset_name-flowcyt_seed-42	dgcytof	num-3	run0	2	HSPCs	HSPCs	155757	1406	46786	1850178	0.7690070750408555	7.593498323597525e-4	0.23099292495914447	0.9992406501676403
dataset_name-flowcyt_seed-42	dgcytof	num-3	run0	3	Mast_cells	Mast_cells	2594	83	958	2050492	0.7302927927927928	4.047645172695463e-5	0.2697072072072072	0.999959523548273
dataset_name-flowcyt_seed-42	dgcytof	num-4	run0	1	B_Lymphocytes	B_Lymphocytes	261850	121630	4104	1610630	0.9845687600111297	0.07021463290730029	0.015431239988870256	0.9297853670926997
dataset_name-flowcyt_seed-42	dgcytof	num-4	run0	4	Monocytes	Monocytes	266444	6954	9745	1715071	0.9647161907244677	0.0040382688985351545	0.03528380927553233	0.9959617311014648
dataset_name-flowcyt_seed-42	dgcytof	num-4	run0	5	T_Lymphocytes	T_Lymphocytes	1169656	2367	93617	732574	0.9258932946401925	0.0032206666929726333	0.07410670535980741	0.9967793333070274
dataset_name-flowcyt_seed-42	dgcytof	num-4	run0	2	HSPCs	HSPCs	162232	4043	27145	1804794	0.8566615798116983	0.002235137826128059	0.14333842018830165	0.997764862173872
dataset_name-flowcyt_seed-42	dgcytof	num-4	run0	3	Mast_cells	Mast_cells	2794	244	627	1994549	0.8167202572347267	1.2231845610045754e-4	0.1832797427652733	0.9998776815438996
dataset_name-flowcyt_seed-42	dgcytof	num-5	run0	1	B_Lymphocytes	B_Lymphocytes	252793	121417	4622	1610290	0.9820445583979177	0.07011405509130586	0.01795544160208224	0.9298859449086941
dataset_name-flowcyt_seed-42	dgcytof	num-5	run0	2	HSPCs	HSPCs	164922	24272	25462	1774466	0.8662597697285486	0.013493905171292318	0.13374023027145138	0.9865060948287077
dataset_name-flowcyt_seed-42	dgcytof	num-5	run0	4	Monocytes	Monocytes	276287	4383	21088	1687364	0.9290861706599411	0.0025908129288835743	0.07091382934005885	0.9974091870711165
dataset_name-flowcyt_seed-42	dgcytof	num-5	run0	5	T_Lymphocytes	T_Lymphocytes	1140105	1472	100350	747195	0.9191022648947362	0.0019661611904892295	0.0808977351052638	0.9980338388095108
dataset_name-flowcyt_seed-42	dgcytof	num-5	run0	3	Mast_cells	Mast_cells	2834	637	659	1984992	0.8113369596335528	3.20805145372071e-4	0.18866304036644718	0.999679194854628
dataset_name-flowcyt_seed-42	gatemeclass	num-1	run0	1	B_Lymphocytes	B_Lymphocytes	0	0	259336	1792750	0	0	1	1
dataset_name-flowcyt_seed-42	gatemeclass	num-1	run0	2	HSPCs	HSPCs	0	0	202796	1849290	0	0	1	1
dataset_name-flowcyt_seed-42	gatemeclass	num-1	run0	3	Mast_cells	Mast_cells	0	0	3575	2048511	0	0	1	1
dataset_name-flowcyt_seed-42	gatemeclass	num-1	run0	4	Monocytes	Monocytes	0	0	304286	1747800	0	0	1	1
dataset_name-flowcyt_seed-42	gatemeclass	num-1	run0	5	T_Lymphocytes	T_Lymphocytes	0	0	1282093	769993	0	0	1	1
dataset_name-flowcyt_seed-42	gatemeclass	num-2	run0	1	B_Lymphocytes	B_Lymphocytes	0	0	255106	1744756	0	0	1	1
dataset_name-flowcyt_seed-42	gatemeclass	num-2	run0	2	HSPCs	HSPCs	0	0	197361	1802501	0	0	1	1
dataset_name-flowcyt_seed-42	gatemeclass	num-2	run0	3	Mast_cells	Mast_cells	0	0	3541	1996321	0	0	1	1
dataset_name-flowcyt_seed-42	gatemeclass	num-2	run0	4	Monocytes	Monocytes	0	0	300632	1699230	0	0	1	1
dataset_name-flowcyt_seed-42	gatemeclass	num-2	run0	5	T_Lymphocytes	T_Lymphocytes	0	0	1243222	756640	0	0	1	1
dataset_name-flowcyt_seed-42	gatemeclass	num-3	run0	1	B_Lymphocytes	B_Lymphocytes	0	0	267066	1787061	0	0	1	1
dataset_name-flowcyt_seed-42	gatemeclass	num-3	run0	2	HSPCs	HSPCs	0	0	202543	1851584	0	0	1	1
dataset_name-flowcyt_seed-42	gatemeclass	num-3	run0	3	Mast_cells	Mast_cells	0	0	3552	2050575	0	0	1	1
dataset_name-flowcyt_seed-42	gatemeclass	num-3	run0	4	Monocytes	Monocytes	0	0	303693	1750434	0	0	1	1
dataset_name-flowcyt_seed-42	gatemeclass	num-3	run0	5	T_Lymphocytes	T_Lymphocytes	0	0	1277273	776854	0	0	1	1
dataset_name-flowcyt_seed-42	gatemeclass	num-4	run0	1	B_Lymphocytes	B_Lymphocytes	0	0	265954	1732260	0	0	1	1
dataset_name-flowcyt_seed-42	gatemeclass	num-4	run0	2	HSPCs	HSPCs	0	0	189377	1808837	0	0	1	1
dataset_name-flowcyt_seed-42	gatemeclass	num-4	run0	3	Mast_cells	Mast_cells	0	0	3421	1994793	0	0	1	1
dataset_name-flowcyt_seed-42	gatemeclass	num-4	run0	4	Monocytes	Monocytes	0	0	276189	1722025	0	0	1	1
dataset_name-flowcyt_seed-42	gatemeclass	num-4	run0	5	T_Lymphocytes	T_Lymphocytes	0	0	1263273	734941	0	0	1	1
dataset_name-flowcyt_seed-42	gatemeclass	num-5	run0	1	B_Lymphocytes	B_Lymphocytes	0	0	257415	1731707	0	0	1	1
dataset_name-flowcyt_seed-42	gatemeclass	num-5	run0	2	HSPCs	HSPCs	0	0	190384	1798738	0	0	1	1
dataset_name-flowcyt_seed-42	gatemeclass	num-5	run0	3	Mast_cells	Mast_cells	0	0	3493	1985629	0	0	1	1
dataset_name-flowcyt_seed-42	gatemeclass	num-5	run0	4	Monocytes	Monocytes	0	0	297375	1691747	0	0	1	1
dataset_name-flowcyt_seed-42	gatemeclass	num-5	run0	5	T_Lymphocytes	T_Lymphocytes	0	0	1240455	748667	0	0	1	1
dataset_name-flowcyt_seed-42	knn	num-1	run0	2	HSPCs	HSPCs	101588	315250	101208	1534040	0.5009369021085228	0.17047082934531632	0.4990630978914771	0.8295291706546837
dataset_name-flowcyt_seed-42	knn	num-1	run0	1	B_Lymphocytes	B_Lymphocytes	150749	216114	108587	1576636	0.581288367214733	0.12054887742295356	0.41871163278526696	0.8794511225770464
dataset_name-flowcyt_seed-42	knn	num-1	run0	5	T_Lymphocytes	T_Lymphocytes	828533	55515	453560	714478	0.646234711522487	0.07209805803429382	0.35376528847751293	0.9279019419657062
dataset_name-flowcyt_seed-42	knn	num-1	run0	4	Monocytes	Monocytes	269661	101988	34625	1645812	0.8862090270337775	0.05835221421215242	0.11379097296622256	0.9416477857878476
dataset_name-flowcyt_seed-42	knn	num-1	run0	3	Mast_cells	Mast_cells	1658	11030	1917	2037481	0.4637762237762238	0.0053843987169217055	0.5362237762237763	0.9946156012830782
dataset_name-flowcyt_seed-42	knn	num-2	run0	2	HSPCs	HSPCs	107390	414157	89971	1388344	0.5441297926135356	0.2297679723894744	0.4558702073864644	0.7702320276105256
dataset_name-flowcyt_seed-42	knn	num-2	run0	1	B_Lymphocytes	B_Lymphocytes	140277	252429	114829	1492327	0.5498773059042124	0.14467868286453808	0.45012269409578765	0.8553213171354619
dataset_name-flowcyt_seed-42	knn	num-2	run0	5	T_Lymphocytes	T_Lymphocytes	734928	88253	508294	668387	0.5911478400478756	0.11663803129625713	0.40885215995212437	0.8833619687037428
dataset_name-flowcyt_seed-42	knn	num-2	run0	3	Mast_cells	Mast_cells	2880	23060	661	1973261	0.8133295679186671	0.011551248521655585	0.18667043208133297	0.9884487514783444
dataset_name-flowcyt_seed-42	knn	num-2	run0	4	Monocytes	Monocytes	220145	16343	80487	1682887	0.7322740094201549	0.009617885748250678	0.26772599057984514	0.9903821142517493
dataset_name-flowcyt_seed-42	knn	num-3	run0	1	B_Lymphocytes	B_Lymphocytes	214493	520574	52573	1266487	0.8031460388068867	0.2913017518708091	0.19685396119311332	0.7086982481291909
dataset_name-flowcyt_seed-42	knn	num-3	run0	2	HSPCs	HSPCs	125633	305939	76910	1545645	0.6202781631554781	0.16523095900591062	0.37972183684452193	0.8347690409940894
dataset_name-flowcyt_seed-42	knn	num-3	run0	4	Monocytes	Monocytes	239730	34740	63963	1715694	0.7893826989756102	0.0198465066377824	0.21061730102438977	0.9801534933622176
dataset_name-flowcyt_seed-42	knn	num-3	run0	5	T_Lymphocytes	T_Lymphocytes	591798	10004	685475	766850	0.4633292960862713	0.012877580600730638	0.5366707039137287	0.9871224193992694
dataset_name-flowcyt_seed-42	knn	num-3	run0	3	Mast_cells	Mast_cells	2588	8628	964	2041947	0.7286036036036037	0.004207600307230898	0.2713963963963964	0.9957923996927691
dataset_name-flowcyt_seed-42	knn	num-4	run0	2	HSPCs	HSPCs	107377	413154	82000	1395683	0.5670012725938208	0.22840864046898643	0.43299872740617923	0.7715913595310135
dataset_name-flowcyt_seed-42	knn	num-4	run0	5	T_Lymphocytes	T_Lymphocytes	876787	138516	386486	596425	0.6940597954678046	0.18847227192386873	0.30594020453219534	0.8115277280761313
dataset_name-flowcyt_seed-42	knn	num-4	run0	1	B_Lymphocytes	B_Lymphocytes	84286	225790	181668	1506470	0.3169194672762959	0.13034417466200224	0.6830805327237041	0.8696558253379978
dataset_name-flowcyt_seed-42	knn	num-4	run0	4	Monocytes	Monocytes	146096	3428	130093	1718597	0.5289711031214133	0.0019906795778226218	0.4710288968785868	0.9980093204221774
dataset_name-flowcyt_seed-42	knn	num-4	run0	3	Mast_cells	Mast_cells	2651	129	770	1994664	0.77491961414791	6.466836408589763e-5	0.22508038585209003	0.9999353316359141
dataset_name-flowcyt_seed-42	knn	num-5	run0	1	B_Lymphocytes	B_Lymphocytes	181299	388928	76116	1342779	0.7043062758580503	0.22459226647464034	0.2956937241419498	0.7754077335253596
dataset_name-flowcyt_seed-42	knn	num-5	run0	4	Monocytes	Monocytes	269497	150259	27878	1541488	0.9062530474989492	0.0888188363862918	0.09374695250105086	0.9111811636137082
dataset_name-flowcyt_seed-42	knn	num-5	run0	2	HSPCs	HSPCs	60385	145468	129999	1653270	0.3171747625850912	0.08087225599281274	0.6828252374149089	0.9191277440071872
dataset_name-flowcyt_seed-42	knn	num-5	run0	5	T_Lymphocytes	T_Lymphocytes	721471	55161	518984	693506	0.5816180353176859	0.07367895205745678	0.41838196468231414	0.9263210479425432
dataset_name-flowcyt_seed-42	knn	num-5	run0	3	Mast_cells	Mast_cells	2975	13679	518	1971950	0.8517034068136272	0.006889000916082511	0.14829659318637275	0.9931109990839175
dataset_name-flowcyt_seed-42	lda	num-1	run0	1	B_Lymphocytes	B_Lymphocytes	254013	9931	4456	1662399	0.9827600215112837	0.005938421244610813	0.017239978488716248	0.9940615787553891
dataset_name-flowcyt_seed-42	lda	num-1	run0	2	HSPCs	HSPCs	165447	7265	14659	1743428	0.9186090413423207	0.00414978525646701	0.08139095865767937	0.995850214743533
dataset_name-flowcyt_seed-42	lda	num-1	run0	4	Monocytes	Monocytes	294225	2556	4252	1629766	0.9857543462310329	0.0015658675187861218	0.014245653768967123	0.9984341324812139
dataset_name-flowcyt_seed-42	lda	num-1	run0	5	T_Lymphocytes	T_Lymphocytes	1184355	779	5966	739699	0.9949879066235074	0.0010520231526122315	0.00501209337649256	0.9989479768473878
dataset_name-flowcyt_seed-42	lda	num-1	run0	3	Mast_cells	Mast_cells	3063	144	363	1927229	0.8940455341506129	7.471309393666924e-5	0.10595446584938704	0.9999252869060633
dataset_name-flowcyt_seed-42	lda	num-2	run0	1	B_Lymphocytes	B_Lymphocytes	250678	15898	3561	1608438	0.9859934943104717	0.009787383891017623	0.014006505689528357	0.9902126161089824
dataset_name-flowcyt_seed-42	lda	num-2	run0	5	T_Lymphocytes	T_Lymphocytes	1149612	3591	1838	723534	0.9984037517912198	0.004938628158844765	0.0015962482087802335	0.9950613718411553
dataset_name-flowcyt_seed-42	lda	num-2	run0	4	Monocytes	Monocytes	280513	3504	14310	1580248	0.951462402865448	0.002212467608564977	0.04853759713455192	0.997787532391435
dataset_name-flowcyt_seed-42	lda	num-2	run0	2	HSPCs	HSPCs	147318	3116	27353	1700788	0.8434027400083586	0.0018287415253441508	0.15659725999164142	0.9981712584746558
dataset_name-flowcyt_seed-42	lda	num-2	run0	3	Mast_cells	Mast_cells	3379	982	13	1874201	0.9961674528301887	5.236822219484711e-4	0.0038325471698113208	0.9994763177780516
dataset_name-flowcyt_seed-42	lda	num-3	run0	5	T_Lymphocytes	T_Lymphocytes	1184286	101481	1215	645858	0.998975116849332	0.13578978214705775	0.0010248831506679454	0.8642102178529423
dataset_name-flowcyt_seed-42	lda	num-3	run0	1	B_Lymphocytes	B_Lymphocytes	211071	15429	55128	1651212	0.7929068103185962	0.009257542566155519	0.20709318968140375	0.9907424574338445
dataset_name-flowcyt_seed-42	lda	num-3	run0	4	Monocytes	Monocytes	279095	6830	18789	1628126	0.9369251117884814	0.004177482452127152	0.06307488821151858	0.9958225175478729
dataset_name-flowcyt_seed-42	lda	num-3	run0	2	HSPCs	HSPCs	102114	2092	77739	1750895	0.5677636736668279	0.001193391622413629	0.4322363263331721	0.9988066083775864
dataset_name-flowcyt_seed-42	lda	num-3	run0	3	Mast_cells	Mast_cells	2323	60	1080	1929377	0.6826329709080223	3.109715424758621e-5	0.31736702909197767	0.9999689028457525
dataset_name-flowcyt_seed-42	lda	num-4	run0	1	B_Lymphocytes	B_Lymphocytes	259780	10987	5307	1600853	0.9799801574577403	0.0068164333928925945	0.020019842542259712	0.9931835666071074
dataset_name-flowcyt_seed-42	lda	num-4	run0	5	T_Lymphocytes	T_Lymphocytes	1169467	3304	2034	702122	0.9982637658866702	0.004683694675274231	0.0017362341133298222	0.9953163053247258
dataset_name-flowcyt_seed-42	lda	num-4	run0	4	Monocytes	Monocytes	262864	4902	7516	1601645	0.9722020859531031	0.003051264606637714	0.02779791404689696	0.9969487353933623
dataset_name-flowcyt_seed-42	lda	num-4	run0	2	HSPCs	HSPCs	147893	2358	18794	1707882	0.8872497555298253	0.0013787538591074936	0.11275024447017463	0.9986212461408925
dataset_name-flowcyt_seed-42	lda	num-4	run0	3	Mast_cells	Mast_cells	2769	102	503	1873553	0.8462713936430318	5.443905094587851e-5	0.15372860635696822	0.9999455609490541
dataset_name-flowcyt_seed-42	lda	num-5	run0	5	T_Lymphocytes	T_Lymphocytes	1147824	29813	859	689339	0.9992521870698878	0.04145577012926335	7.478129301121371e-4	0.9585442298707366
dataset_name-flowcyt_seed-42	lda	num-5	run0	1	B_Lymphocytes	B_Lymphocytes	233640	22362	22908	1588925	0.9107067683240563	0.01387834693633102	0.08929323167594368	0.986121653063669
dataset_name-flowcyt_seed-42	lda	num-5	run0	2	HSPCs	HSPCs	124814	17596	42880	1682545	0.7442961584791347	0.010349729816526982	0.2557038415208654	0.9896502701834731
dataset_name-flowcyt_seed-42	lda	num-5	run0	4	Monocytes	Monocytes	239154	1289	52412	1574980	0.8202396712922632	8.177538224757322e-4	0.17976032870773684	0.9991822461775243
dataset_name-flowcyt_seed-42	lda	num-5	run0	3	Mast_cells	Mast_cells	2864	111	480	1864380	0.8564593301435407	5.953367433792923e-5	0.14354066985645933	0.999940466325662
dataset_name-flowcyt_seed-42	random	num-1	run0	4	Monocytes	Monocytes	50602	291564	253684	1456236	0.16629749643427566	0.16681771369721937	0.8337025035657244	0.8331822863027807
dataset_name-flowcyt_seed-42	random	num-1	run0	3	Mast_cells	Mast_cells	547	341404	3028	1707107	0.153006993006993	0.16665958835466346	0.846993006993007	0.8333404116453366
dataset_name-flowcyt_seed-42	random	num-1	run0	2	HSPCs	HSPCs	33622	308090	169174	1541200	0.165792224698712	0.1665990731578065	0.834207775301288	0.8334009268421935
dataset_name-flowcyt_seed-42	random	num-1	run0	5	T_Lymphocytes	T_Lymphocytes	213927	128208	1068166	641785	0.16685763045270507	0.16650540978943965	0.8331423695472949	0.8334945902105604
dataset_name-flowcyt_seed-42	random	num-1	run0	1	B_Lymphocytes	B_Lymphocytes	43419	297855	215917	1494895	0.16742372829071167	0.16614419188397714	0.8325762717092884	0.8338558081160229
dataset_name-flowcyt_seed-42	random	num-2	run0	5	T_Lymphocytes	T_Lymphocytes	207332	126284	1035890	630356	0.16676989306817286	0.16690103615986465	0.8332301069318271	0.8330989638401354
dataset_name-flowcyt_seed-42	random	num-2	run0	2	HSPCs	HSPCs	32756	300739	164605	1501762	0.1659699738043484	0.16684539980837737	0.8340300261956516	0.8331546001916227
dataset_name-flowcyt_seed-42	random	num-2	run0	1	B_Lymphocytes	B_Lymphocytes	42199	290922	212907	1453834	0.16541751272020258	0.16674079355508736	0.8345824872797974	0.8332592064449127
dataset_name-flowcyt_seed-42	random	num-2	run0	3	Mast_cells	Mast_cells	615	332640	2926	1663681	0.173679751482632	0.16662650946415933	0.826320248517368	0.8333734905358406
dataset_name-flowcyt_seed-42	random	num-2	run0	4	Monocytes	Monocytes	50175	282738	250457	1416492	0.16689840070252002	0.16639183630232518	0.83310159929748	0.8336081636976749
dataset_name-flowcyt_seed-42	random	num-3	run0	5	T_Lymphocytes	T_Lymphocytes	212887	129901	1064386	646953	0.1666730604968554	0.1672141740919143	0.8333269395031446	0.8327858259080857
dataset_name-flowcyt_seed-42	random	num-3	run0	1	B_Lymphocytes	B_Lymphocytes	44463	298298	222603	1488763	0.16648693581361912	0.1669209948625145	0.8335130641863809	0.8330790051374856
dataset_name-flowcyt_seed-42	random	num-3	run0	3	Mast_cells	Mast_cells	590	341913	2962	1708662	0.1661036036036036	0.1667400607146776	0.8338963963963963	0.8332599392853224
dataset_name-flowcyt_seed-42	random	num-3	run0	4	Monocytes	Monocytes	50287	291637	253406	1458797	0.16558498220242152	0.16660839540365419	0.8344150177975784	0.8333916045963459
dataset_name-flowcyt_seed-42	random	num-3	run0	2	HSPCs	HSPCs	33790	308147	168753	1543437	0.16682877216196068	0.16642345148802323	0.8331712278380393	0.8335765485119768
dataset_name-flowcyt_seed-42	random	num-4	run0	5	T_Lymphocytes	T_Lymphocytes	210630	122737	1052643	612204	0.16673355640467263	0.1670025212908247	0.8332664435953274	0.8329974787091753
dataset_name-flowcyt_seed-42	random	num-4	run0	3	Mast_cells	Mast_cells	597	333086	2824	1661707	0.17451037708272435	0.1669777265109713	0.8254896229172757	0.8330222734890287
dataset_name-flowcyt_seed-42	random	num-4	run0	4	Monocytes	Monocytes	46157	287137	230032	1434888	0.16712106564707502	0.16674380453245452	0.832878934352925	0.8332561954675455
dataset_name-flowcyt_seed-42	random	num-4	run0	2	HSPCs	HSPCs	31355	301287	158022	1507550	0.16556920851000914	0.16656393030438896	0.8344307914899909	0.833436069695611
dataset_name-flowcyt_seed-42	random	num-4	run0	1	B_Lymphocytes	B_Lymphocytes	44211	288442	221743	1443818	0.16623551441226678	0.16651195548012424	0.8337644855877332	0.8334880445198758
dataset_name-flowcyt_seed-42	random	num-5	run0	3	Mast_cells	Mast_cells	608	331317	2885	1654312	0.17406241053535643	0.16685745423742301	0.8259375894646436	0.833142545762577
dataset_name-flowcyt_seed-42	random	num-5	run0	5	T_Lymphocytes	T_Lymphocytes	207551	124898	1032904	623769	0.16731844363560144	0.16682717416421453	0.8326815563643986	0.8331728258357854
dataset_name-flowcyt_seed-42	random	num-5	run0	1	B_Lymphocytes	B_Lymphocytes	43012	288476	214403	1443231	0.16709204980284753	0.16658476289580165	0.8329079501971525	0.8334152371041983
dataset_name-flowcyt_seed-42	random	num-5	run0	2	HSPCs	HSPCs	31946	299364	158438	1499374	0.16779771409362132	0.1664300192690653	0.8322022859063787	0.8335699807309347
dataset_name-flowcyt_seed-42	random	num-5	run0	4	Monocytes	Monocytes	49524	281487	247851	1410260	0.16653720050441362	0.16638835475990205	0.8334627994955863	0.833611645240098
