model	median_f1_macro	mean_f1_macro	n_runs
cyanno	0.9376499750806196	0.847925289995535	67
cygate	0.7678177493554369	0.7183325966189718	67
dgcytof	0.7555597917449473	0.724413390478667	67
lda	0.7688201263155787	0.6949398108474526	67
random	0.1460036455545438	0.104404257386656	67
