model	median_f1_macro	mean_f1_macro	n_runs
cyanno	0.8529674130637104	0.7594126628260132	36
cygate	0.7466278900163308	0.6987024788189558	36
dgcytof	0.7883902170400714	0.7203955052524154	36
random	0.03697913017109876	0.07018025019664668	36
