model	median_f1_macro	mean_f1_macro	n_runs
cyanno	0.9333840840319183	0.8416535839213036	67
cygate	0.8029001976049417	0.7963354735097536	67
dgcytof	0.8066867016769599	0.8015472021108787	67
gatemeclass	0.522645778693538	0.531753100476362	67
lda	0.761876783069791	0.7209437504330802	67
random	0.15722081019639395	0.1157485346203584	67
