model	median_f1_macro	mean_f1_macro	n_runs
cyanno	0.9529655936652921	0.874484723058049	62
cygate	0.8069042853181343	0.7598941647575285	62
dgcytof	0.7731499571430569	0.7383736445511162	62
lda	0.7770310360173317	0.7147371684172971	62
random	0.14621485595380793	0.10421696439825037	62
