model	median_f1_macro	mean_f1_macro	n_runs
cygate	0.7715193861091445	0.7464999611943269	30
dgcytof	0.009089464307513895	0.013034797028258207	30
random	0.06536855483405202	0.07696745350116975	30
