model	median_f1_weighted	mean_f1_weighted	n_runs
cygate	0.880139722915504	0.8402693036058061	30
dgcytof	0.8962798033340561	0.8921799327611795	30
random	0.10559706734460905	0.11536284129342346	30
