model	median_f1_weighted	mean_f1_weighted	n_runs
cyanno	0.9790795632839662	0.9180458708651734	67
cygate	0.8626332516885025	0.8152263897766036	67
dgcytof	0.8759048170393685	0.8318156823873777	67
lda	0.8653795424051175	0.8253163688011845	67
random	0.18407906984941955	0.1567152873453785	67
