model	median_f1_weighted	mean_f1_weighted	n_runs
cyanno	0.9730644876313048	0.9062292915468668	67
cygate	0.9152886883208549	0.8914606713055419	67
dgcytof	0.9002809743288016	0.8878665602544299	67
gatemeclass	0.6185679803001116	0.5378508981624356	67
lda	0.8713728323792482	0.8238349713446118	67
random	0.19947408563921798	0.1603981787953146	67
