model	median_f1_weighted	mean_f1_weighted	n_runs
cyanno	0.9209568326298838	0.868863974491847	36
cygate	0.8428630345615564	0.7479030583097537	36
dgcytof	0.8887384993316416	0.8355088770982659	36
lda	0.8188023630732305	0.7659017664944706	36
random	0.09728497480085668	0.11234986354466232	36
