model	median_f1_weighted	mean_f1_weighted	n_runs
cyanno	0.9810765473088573	0.9413252082728205	62
cygate	0.907751109188907	0.8500882166755334	62
dgcytof	0.8820378758576852	0.8590710550775256	62
lda	0.877503555298448	0.8429972988965687	62
random	0.18402053341185604	0.15438215912688721	62
