dataset	model	crossvalidation	run_id	population_id	population_name	population	tp	fp	fn	tn	tpr	fpr	fnr	tnr
dataset_name-FR-FCM-Z238_infection_final_seed-42	cyanno	num-1	run0	1	B Cell (CD27-)	B Cell (CD27-)	108271	2733	1938	2291015	0.9824152292462504	0.0011914996765119796	0.017584770753749694	0.998808500323488
dataset_name-FR-FCM-Z238_infection_final_seed-42	cyanno	num-1	run0	2	B Cell (Memory)	B Cell (Memory)	37222	1998	1979	2362758	0.9495165939644397	8.449074661402698e-4	0.05048340603556032	0.9991550925338597
dataset_name-FR-FCM-Z238_infection_final_seed-42	cyanno	num-1	run0	3	B Cell (Plasmablast)	B Cell (Plasmablast)	11632	758	3997	2387570	0.7442574700876575	3.1737684271172133e-4	0.2557425299123424	0.9996826231572883
dataset_name-FR-FCM-Z238_infection_final_seed-42	cyanno	num-1	run0	4	Basophil	Basophil	2196	50	121	2401590	0.9477772982304704	2.081910694358855e-5	0.05222270176952956	0.9999791808930564
dataset_name-FR-FCM-Z238_infection_final_seed-42	cyanno	num-1	run0	5	CD4+ CD8+ T Cell	CD4+ CD8+ T Cell	137707	80993	48991	2136266	0.7375922612989962	0.03652843443188189	0.26240773870100376	0.9634715655681181
dataset_name-FR-FCM-Z238_infection_final_seed-42	cyanno	num-1	run0	6	CD4+ T Cell (Central Memory)	CD4+ T Cell (Central Memory)	120702	20934	76521	2185800	0.6120077272934699	0.009486417483937802	0.3879922727065302	0.9905135825160623
dataset_name-FR-FCM-Z238_infection_final_seed-42	cyanno	num-1	run0	7	CD4+ T Cell (EMRA)	CD4+ T Cell (EMRA)	4079	4805	3465	2391608	0.540694591728526	0.0020050800926217642	0.45930540827147404	0.9979949199073782
dataset_name-FR-FCM-Z238_infection_final_seed-42	cyanno	num-1	run0	8	CD4+ T Cell (Effector Memory)	CD4+ T Cell (Effector Memory)	20919	3740	12782	2366516	0.6207234206700097	0.0015778886331265483	0.3792765793299902	0.9984221113668734
dataset_name-FR-FCM-Z238_infection_final_seed-42	cyanno	num-1	run0	9	CD4+ T Cell (Naive)	CD4+ T Cell (Naive)	175648	76418	31470	2120421	0.8480576289844437	0.034785434890768054	0.15194237101555635	0.965214565109232
dataset_name-FR-FCM-Z238_infection_final_seed-42	cyanno	num-1	run0	10	CD4+ T Cell (Treg)	CD4+ T Cell (Treg)	35845	5640	18153	2344319	0.6638208822548983	0.002400041873070977	0.3361791177451017	0.997599958126929
dataset_name-FR-FCM-Z238_infection_final_seed-42	cyanno	num-1	run0	11	CD4- CD8- T Cell	CD4- CD8- T Cell	151095	6670	15734	2230458	0.9056878600243363	0.002981501282000851	0.0943121399756637	0.9970184987179992
dataset_name-FR-FCM-Z238_infection_final_seed-42	cyanno	num-1	run0	12	CD8+ T Cell (Central Memory)	CD8+ T Cell (Central Memory)	26187	16957	2587	2358226	0.9100924445680127	0.007139239376502779	0.08990755543198721	0.9928607606234973
dataset_name-FR-FCM-Z238_infection_final_seed-42	cyanno	num-1	run0	13	CD8+ T Cell (EMRA)	CD8+ T Cell (EMRA)	31979	5269	8774	2357935	0.7847029666527617	0.0022296001530126047	0.21529703334723824	0.9977703998469873
dataset_name-FR-FCM-Z238_infection_final_seed-42	cyanno	num-1	run0	14	CD8+ T Cell (Effector Memory)	CD8+ T Cell (Effector Memory)	5793	4541	1644	2391979	0.7789431222267044	0.0018948308380485038	0.2210568777732957	0.9981051691619515
dataset_name-FR-FCM-Z238_infection_final_seed-42	cyanno	num-1	run0	15	CD8+ T Cell (Naive)	CD8+ T Cell (Naive)	154943	8045	18124	2222845	0.8952775514685064	0.003606184078999861	0.10472244853149358	0.9963938159210002
dataset_name-FR-FCM-Z238_infection_final_seed-42	cyanno	num-1	run0	16	Debris	Debris	0	0	3465	2400492	0	0	1	1
dataset_name-FR-FCM-Z238_infection_final_seed-42	cyanno	num-1	run0	17	Dendritic Cell (Type 1, CD141+)	Dendritic Cell (Type 1, CD141+)	3946	5303	3402	2391306	0.5370168753402287	0.0022127097077579197	0.4629831246597714	0.9977872902922421
dataset_name-FR-FCM-Z238_infection_final_seed-42	cyanno	num-1	run0	18	Dendritic Cell (Type 2, CD1c+)	Dendritic Cell (Type 2, CD1c+)	0	0	461	2403496	0	0	1	1
dataset_name-FR-FCM-Z238_infection_final_seed-42	cyanno	num-1	run0	19	Monocyte (CD14+ CD16+)	Monocyte (CD14+ CD16+)	84689	59210	16079	2243979	0.8404354557002223	0.02570783379045315	0.1595645442997777	0.9742921662095468
dataset_name-FR-FCM-Z238_infection_final_seed-42	cyanno	num-1	run0	20	Monocyte (CD14+ CD16-)	Monocyte (CD14+ CD16-)	615414	8168	66750	1713625	0.9021496297078122	0.004743891977723222	0.09785037029218781	0.9952561080222768
dataset_name-FR-FCM-Z238_infection_final_seed-42	cyanno	num-1	run0	21	Monocyte (CD14- CD16+)	Monocyte (CD14- CD16+)	24217	18448	2597	2358695	0.903147609457746	0.007760576456696126	0.09685239054225404	0.9922394235433039
dataset_name-FR-FCM-Z238_infection_final_seed-42	cyanno	num-1	run0	22	NK Cell (CD56+ CD16+)	NK Cell (CD56+ CD16+)	201658	16593	9928	2175778	0.953078180976057	0.007568518284542169	0.04692181902394298	0.9924314817154578
dataset_name-FR-FCM-Z238_infection_final_seed-42	cyanno	num-1	run0	23	NK Cell (CD56+ CD16-)	NK Cell (CD56+ CD16-)	59680	11441	10090	2322746	0.8553819693277913	0.004901492468255542	0.14461803067220869	0.9950985075317444
dataset_name-FR-FCM-Z238_infection_final_seed-42	cyanno	num-1	run0	24	Plasmacytoid Dendritic Cell	Plasmacytoid Dendritic Cell	31022	399	61	2372475	0.9980375124666216	1.6815052126661594e-4	0.001962487533378374	0.9998318494787334
dataset_name-FR-FCM-Z238_infection_final_seed-42	cyanno	num-2	run0	1	B Cell (CD27-)	B Cell (CD27-)	107366	1022	2605	2244033	0.9763119367833338	4.5522270055744737e-4	0.02368806321666621	0.9995447772994426
dataset_name-FR-FCM-Z238_infection_final_seed-42	cyanno	num-2	run0	2	B Cell (Memory)	B Cell (Memory)	38169	2647	549	2313661	0.9858205485820548	0.0011427668513859124	0.014179451417945141	0.9988572331486141
dataset_name-FR-FCM-Z238_infection_final_seed-42	cyanno	num-2	run0	3	B Cell (Plasmablast)	B Cell (Plasmablast)	13394	2537	1474	2337621	0.9008609093354856	0.0010841148332719414	0.09913909066451439	0.998915885166728
dataset_name-FR-FCM-Z238_infection_final_seed-42	cyanno	num-2	run0	4	Basophil	Basophil	2104	101	45	2352776	0.9790600279199628	4.292617081130888e-5	0.020939972080037228	0.9999570738291886
dataset_name-FR-FCM-Z238_infection_final_seed-42	cyanno	num-2	run0	5	CD4+ CD8+ T Cell	CD4+ CD8+ T Cell	179393	125706	2096	2047831	0.9884510906997118	0.057834764257521265	0.011548909300288172	0.9421652357424787
dataset_name-FR-FCM-Z238_infection_final_seed-42	cyanno	num-2	run0	6	CD4+ T Cell (Central Memory)	CD4+ T Cell (Central Memory)	83368	2990	114735	2153933	0.4208315876084663	0.001386234000935592	0.5791684123915337	0.9986137659990644
dataset_name-FR-FCM-Z238_infection_final_seed-42	cyanno	num-2	run0	7	CD4+ T Cell (EMRA)	CD4+ T Cell (EMRA)	3674	6113	3503	2341736	0.5119130555942595	0.0026036597753944144	0.4880869444057406	0.9973963402246055
dataset_name-FR-FCM-Z238_infection_final_seed-42	cyanno	num-2	run0	8	CD4+ T Cell (Effector Memory)	CD4+ T Cell (Effector Memory)	16486	5505	16338	2316697	0.5022544479649037	0.0023705948061365895	0.4977455520350963	0.99762940519386345
dataset_name-FR-FCM-Z238_infection_final_seed-42	cyanno	num-2	run0	9	CD4+ T Cell (Naive)	CD4+ T Cell (Naive)	160067	66918	46393	2081648	0.7752930349704543	0.0311454244365777	0.22470696502954568	0.9688545755634222
dataset_name-FR-FCM-Z238_infection_final_seed-42	cyanno	num-2	run0	10	CD4+ T Cell (Treg)	CD4+ T Cell (Treg)	28704	385	25133	2300804	0.5331649237513234	1.6730481503257665e-4	0.46683507624867654	0.9998326951849674
dataset_name-FR-FCM-Z238_infection_final_seed-42	cyanno	num-2	run0	11	CD4- CD8- T Cell	CD4- CD8- T Cell	155329	10186	9397	2180114	0.9429537535058218	0.004650504497100854	0.057046246494178214	0.9953494955028992
dataset_name-FR-FCM-Z238_infection_final_seed-42	cyanno	num-2	run0	12	CD8+ T Cell (Central Memory)	CD8+ T Cell (Central Memory)	23025	5715	5824	2320462	0.7981212520364658	0.002456820783629105	0.20187874796353428	0.9975431792163709
dataset_name-FR-FCM-Z238_infection_final_seed-42	cyanno	num-2	run0	13	CD8+ T Cell (EMRA)	CD8+ T Cell (EMRA)	31686	2599	8890	2311851	0.7809049684542587	0.0011229449761282378	0.21909503154574134	0.9988770550238718
dataset_name-FR-FCM-Z238_infection_final_seed-42	cyanno	num-2	run0	14	CD8+ T Cell (Effector Memory)	CD8+ T Cell (Effector Memory)	5179	2042	2238	2345567	0.6982607523257381	8.69821166983088e-4	0.30173924767426186	0.9991301788330169
dataset_name-FR-FCM-Z238_infection_final_seed-42	cyanno	num-2	run0	15	CD8+ T Cell (Naive)	CD8+ T Cell (Naive)	163343	10080	9173	2172430	0.946828120290292	0.004618535539356062	0.05317187970970808	0.9953814644606439
dataset_name-FR-FCM-Z238_infection_final_seed-42	cyanno	num-2	run0	16	Debris	Debris	0	0	3465	2351561	0	0	1	1
dataset_name-FR-FCM-Z238_infection_final_seed-42	cyanno	num-2	run0	17	Dendritic Cell (Type 1, CD141+)	Dendritic Cell (Type 1, CD141+)	1112	310	6351	2347253	0.14900174192683907	1.3205183417867806e-4	0.8509982580731609	0.9998679481658214
dataset_name-FR-FCM-Z238_infection_final_seed-42	cyanno	num-2	run0	18	Dendritic Cell (Type 2, CD1c+)	Dendritic Cell (Type 2, CD1c+)	137	534	269	2354086	0.3374384236453202	2.2678818662884032e-4	0.6625615763546798	0.9997732118133712
dataset_name-FR-FCM-Z238_infection_final_seed-42	cyanno	num-2	run0	19	Monocyte (CD14+ CD16+)	Monocyte (CD14+ CD16+)	85497	26505	12650	2230374	0.8711116997972429	0.011744094388755445	0.1288883002027571	0.9882559056112445
dataset_name-FR-FCM-Z238_infection_final_seed-42	cyanno	num-2	run0	20	Monocyte (CD14+ CD16-)	Monocyte (CD14+ CD16-)	644635	21037	15525	1673829	0.9764829738245274	0.012412190698261692	0.023517026175472612	0.9875878093017383
dataset_name-FR-FCM-Z238_infection_final_seed-42	cyanno	num-2	run0	21	Monocyte (CD14- CD16+)	Monocyte (CD14- CD16+)	14203	1179	13216	2326428	0.517998468215471	5.065288083426454e-4	0.482001531784529	0.9994934711916573
dataset_name-FR-FCM-Z238_infection_final_seed-42	cyanno	num-2	run0	22	NK Cell (CD56+ CD16+)	NK Cell (CD56+ CD16+)	195250	17464	5939	2136373	0.9704804934663426	0.008108320174646456	0.029519506533657407	0.9918916798253535
dataset_name-FR-FCM-Z238_infection_final_seed-42	cyanno	num-2	run0	23	NK Cell (CD56+ CD16-)	NK Cell (CD56+ CD16-)	53345	7182	13551	2280948	0.7974318344893566	0.0031388076726409776	0.20256816551064338	0.996861192327359
dataset_name-FR-FCM-Z238_infection_final_seed-42	cyanno	num-2	run0	24	Plasmacytoid Dendritic Cell	Plasmacytoid Dendritic Cell	30165	638	36	2324187	0.9988079864905136	2.744292581162023e-4	0.001192013509486441	0.9997255707418838
dataset_name-FR-FCM-Z238_infection_final_seed-42	cyanno	num-3	run0	1	B Cell (CD27-)	B Cell (CD27-)	107688	712	3370	2294755	0.9696554953267662	3.1017653488375134e-4	0.030344504673233807	0.9996898234651163
dataset_name-FR-FCM-Z238_infection_final_seed-42	cyanno	num-3	run0	2	B Cell (Memory)	B Cell (Memory)	38080	2800	1009	2364636	0.97418711146358306	0.0011827141261685637	0.025812888536416896	0.9988172858738315
dataset_name-FR-FCM-Z238_infection_final_seed-42	cyanno	num-3	run0	3	B Cell (Plasmablast)	B Cell (Plasmablast)	14634	3311	835	2387745	0.9460210744068783	0.00138474381193916	0.05397892559312173	0.9986152561880608
dataset_name-FR-FCM-Z238_infection_final_seed-42	cyanno	num-3	run0	4	Basophil	Basophil	0	0	2334	2404191	0	0	1	1
dataset_name-FR-FCM-Z238_infection_final_seed-42	cyanno	num-3	run0	5	CD4+ CD8+ T Cell	CD4+ CD8+ T Cell	0	0	188644	2217881	0	0	1	1
dataset_name-FR-FCM-Z238_infection_final_seed-42	cyanno	num-3	run0	6	CD4+ T Cell (Central Memory)	CD4+ T Cell (Central Memory)	138367	63627	60585	2143946	0.695479311592746	0.028822149935698614	0.304520688407254	0.9711778500643014
dataset_name-FR-FCM-Z238_infection_final_seed-42	cyanno	num-3	run0	7	CD4+ T Cell (EMRA)	CD4+ T Cell (EMRA)	4493	10369	3056	2388607	0.5951781692939462	0.004322260831288016	0.40482183070605376	0.9956777391687119
dataset_name-FR-FCM-Z238_infection_final_seed-42	cyanno	num-3	run0	8	CD4+ T Cell (Effector Memory)	CD4+ T Cell (Effector Memory)	27545	15028	6500	2357452	0.8090762226464973	0.006334299973024008	0.19092377735350272	0.993665700026976
dataset_name-FR-FCM-Z238_infection_final_seed-42	cyanno	num-3	run0	9	CD4+ T Cell (Naive)	CD4+ T Cell (Naive)	206440	179064	1825	2019196	0.991237125777255	0.08145715247513943	0.00876287422274506	0.9185428475248606
dataset_name-FR-FCM-Z238_infection_final_seed-42	cyanno	num-3	run0	10	CD4+ T Cell (Treg)	CD4+ T Cell (Treg)	31115	10358	23127	2341925	0.5736329781350246	0.00440338173595609	0.4263670218649755	0.9955966182640439
dataset_name-FR-FCM-Z238_infection_final_seed-42	cyanno	num-3	run0	11	CD4- CD8- T Cell	CD4- CD8- T Cell	161910	107746	3184	2133685	0.9807140174688359	0.048070183735301246	0.019285982531164064	0.9519298162646987
dataset_name-FR-FCM-Z238_infection_final_seed-42	cyanno	num-3	run0	12	CD8+ T Cell (Central Memory)	CD8+ T Cell (Central Memory)	14569	7977	14532	2369447	0.5006357169856706	0.0033553123044101517	0.4993642830143294	0.9966446876955899
dataset_name-FR-FCM-Z238_infection_final_seed-42	cyanno	num-3	run0	13	CD8+ T Cell (EMRA)	CD8+ T Cell (EMRA)	21985	6897	18528	2359115	0.5426653173055562	0.002915031707362431	0.4573346826944438	0.9970849682926376
dataset_name-FR-FCM-Z238_infection_final_seed-42	cyanno	num-3	run0	14	CD8+ T Cell (Effector Memory)	CD8+ T Cell (Effector Memory)	3603	3173	3817	2395932	0.48557951482479783	0.0013225765441695965	0.5144204851752021	0.9986774234558304
dataset_name-FR-FCM-Z238_infection_final_seed-42	cyanno	num-3	run0	15	CD8+ T Cell (Naive)	CD8+ T Cell (Naive)	89819	1549	84021	2231136	0.5166762540266913	6.937834938650101e-4	0.4833237459733088	0.9993062165061349
dataset_name-FR-FCM-Z238_infection_final_seed-42	cyanno	num-3	run0	16	Debris	Debris	0	0	3465	2403060	0	0	1	1
dataset_name-FR-FCM-Z238_infection_final_seed-42	cyanno	num-3	run0	17	Dendritic Cell (Type 1, CD141+)	Dendritic Cell (Type 1, CD141+)	0	0	7514	2399011	0	0	1	1
dataset_name-FR-FCM-Z238_infection_final_seed-42	cyanno	num-3	run0	18	Dendritic Cell (Type 2, CD1c+)	Dendritic Cell (Type 2, CD1c+)	0	0	461	2406064	0	0	1	1
dataset_name-FR-FCM-Z238_infection_final_seed-42	cyanno	num-3	run0	19	Monocyte (CD14+ CD16+)	Monocyte (CD14+ CD16+)	86799	26376	13398	2279952	0.8662834216593311	0.011436361176727682	0.13371657834066888	0.9885636388232724
dataset_name-FR-FCM-Z238_infection_final_seed-42	cyanno	num-3	run0	20	Monocyte (CD14+ CD16-)	Monocyte (CD14+ CD16-)	657256	18633	22228	1708408	0.9672869412671968	0.010788973741793044	0.03271305873280313	0.989211026258207
dataset_name-FR-FCM-Z238_infection_final_seed-42	cyanno	num-3	run0	21	Monocyte (CD14- CD16+)	Monocyte (CD14- CD16+)	20402	6764	5876	2373483	0.7763908973285638	0.002841721888526695	0.2236091026714362	0.9971582781114733
dataset_name-FR-FCM-Z238_infection_final_seed-42	cyanno	num-3	run0	22	NK Cell (CD56+ CD16+)	NK Cell (CD56+ CD16+)	211174	38568	508	2156275	0.9976001738456741	0.017572099690046167	0.0023998261543258285	0.9824279003099539
dataset_name-FR-FCM-Z238_infection_final_seed-42	cyanno	num-3	run0	23	NK Cell (CD56+ CD16-)	NK Cell (CD56+ CD16-)	33559	2023	37241	2333702	0.47399717514124295	8.661122349591669e-4	0.526002824858757	0.9991338877650409
dataset_name-FR-FCM-Z238_infection_final_seed-42	cyanno	num-3	run0	24	Plasmacytoid Dendritic Cell	Plasmacytoid Dendritic Cell	30997	1115	32	2374381	0.9989687066937382	4.693756588097812e-4	0.001031293306261884	0.9995306243411902
dataset_name-FR-FCM-Z238_infection_final_seed-42	cyanno	num-4	run0	1	B Cell (CD27-)	B Cell (CD27-)	107943	1694	1051	2283775	0.990357267372516	7.412045405122537e-4	0.009642732627484081	0.9992587954594877
dataset_name-FR-FCM-Z238_infection_final_seed-42	cyanno	num-4	run0	2	B Cell (Memory)	B Cell (Memory)	37065	1214	1327	2354857	0.9654355073973745	5.152646079001863e-4	0.03456449260262555	0.9994847353920998
dataset_name-FR-FCM-Z238_infection_final_seed-42	cyanno	num-4	run0	3	B Cell (Plasmablast)	B Cell (Plasmablast)	13796	2916	1343	2376408	0.9112887244864258	0.0012255581837530324	0.08871127551357422	0.998774441816247
dataset_name-FR-FCM-Z238_infection_final_seed-42	cyanno	num-4	run0	4	Basophil	Basophil	0	0	2334	2392129	0	0	1	1
dataset_name-FR-FCM-Z238_infection_final_seed-42	cyanno	num-4	run0	5	CD4+ CD8+ T Cell	CD4+ CD8+ T Cell	0	0	188644	2205819	0	0	1	1
dataset_name-FR-FCM-Z238_infection_final_seed-42	cyanno	num-4	run0	6	CD4+ T Cell (Central Memory)	CD4+ T Cell (Central Memory)	184041	104062	12264	2094096	0.9375257889508672	0.047340546039001744	0.06247421104913273	0.9526594539609983
dataset_name-FR-FCM-Z238_infection_final_seed-42	cyanno	num-4	run0	7	CD4+ T Cell (EMRA)	CD4+ T Cell (EMRA)	3713	2745	3809	2384196	0.49361871842595056	0.0011500074781907051	0.5063812815740495	0.9988499925218093
dataset_name-FR-FCM-Z238_infection_final_seed-42	cyanno	num-4	run0	8	CD4+ T Cell (Effector Memory)	CD4+ T Cell (Effector Memory)	32318	19789	1597	2340759	0.9529116909921863	0.008383222878755273	0.047088309007813654	0.9916167771212447
dataset_name-FR-FCM-Z238_infection_final_seed-42	cyanno	num-4	run0	9	CD4+ T Cell (Naive)	CD4+ T Cell (Naive)	178797	84433	27757	2103476	0.8656186759878772	0.03859072749369375	0.13438132401212274	0.9614092725063063
dataset_name-FR-FCM-Z238_infection_final_seed-42	cyanno	num-4	run0	10	CD4+ T Cell (Treg)	CD4+ T Cell (Treg)	47699	27191	6056	2313517	0.8873407124918612	0.011616570712792882	0.11265928750813878	0.9883834292872071
dataset_name-FR-FCM-Z238_infection_final_seed-42	cyanno	num-4	run0	11	CD4- CD8- T Cell	CD4- CD8- T Cell	164662	147697	2345	2079759	0.9859586723909777	0.06630748261694058	0.014041327609022377	0.9336925173830595
dataset_name-FR-FCM-Z238_infection_final_seed-42	cyanno	num-4	run0	12	CD8+ T Cell (Central Memory)	CD8+ T Cell (Central Memory)	10691	2600	18255	2362917	0.3693429143923167	0.0010991254765871478	0.6306570856076833	0.9989008745234128
dataset_name-FR-FCM-Z238_infection_final_seed-42	cyanno	num-4	run0	13	CD8+ T Cell (EMRA)	CD8+ T Cell (EMRA)	14705	1685	22425	2355648	0.3960409372475088	7.147908250552637e-4	0.6039590627524912	0.9992852091749448
dataset_name-FR-FCM-Z238_infection_final_seed-42	cyanno	num-4	run0	14	CD8+ T Cell (Effector Memory)	CD8+ T Cell (Effector Memory)	2190	496	5106	2386671	0.3001644736842105	2.077776711893219e-4	0.6998355263157895	0.9997922223288107
dataset_name-FR-FCM-Z238_infection_final_seed-42	cyanno	num-4	run0	15	CD8+ T Cell (Naive)	CD8+ T Cell (Naive)	69445	2232	102352	2220434	0.4042270819630145	0.001004199461367565	0.5957729180369855	0.9989958005386325
dataset_name-FR-FCM-Z238_infection_final_seed-42	cyanno	num-4	run0	16	Debris	Debris	0	0	3465	2390998	0	0	1	1
dataset_name-FR-FCM-Z238_infection_final_seed-42	cyanno	num-4	run0	17	Dendritic Cell (Type 1, CD141+)	Dendritic Cell (Type 1, CD141+)	4136	2582	3255	2384490	0.5595995129211203	0.001081659874524103	0.44040048707887974	0.9989183401254759
dataset_name-FR-FCM-Z238_infection_final_seed-42	cyanno	num-4	run0	18	Dendritic Cell (Type 2, CD1c+)	Dendritic Cell (Type 2, CD1c+)	0	0	461	2394002	0	0	1	1
dataset_name-FR-FCM-Z238_infection_final_seed-42	cyanno	num-4	run0	19	Monocyte (CD14+ CD16+)	Monocyte (CD14+ CD16+)	78341	12927	21845	2281350	0.7819555626534646	0.005634454775949024	0.21804443734653545	0.994365545224051
dataset_name-FR-FCM-Z238_infection_final_seed-42	cyanno	num-4	run0	20	Monocyte (CD14+ CD16-)	Monocyte (CD14+ CD16-)	666262	23972	12444	1691785	0.9816651097824389	0.013971675476189228	0.018334890217561066	0.9860283245238107
dataset_name-FR-FCM-Z238_infection_final_seed-42	cyanno	num-4	run0	21	Monocyte (CD14- CD16+)	Monocyte (CD14- CD16+)	22354	7216	4833	2360060	0.8222312134476036	0.0030482292728013127	0.17776878655239636	0.9969517707271986
dataset_name-FR-FCM-Z238_infection_final_seed-42	cyanno	num-4	run0	22	NK Cell (CD56+ CD16+)	NK Cell (CD56+ CD16+)	208967	22697	2680	2160119	0.9873374061526976	0.01039803629806635	0.012662593847302348	0.9896019637019337
dataset_name-FR-FCM-Z238_infection_final_seed-42	cyanno	num-4	run0	23	NK Cell (CD56+ CD16-)	NK Cell (CD56+ CD16-)	45632	2228	25141	2321462	0.6447656592203241	9.588198081499684e-4	0.35523434077967586	0.9990411801918501
dataset_name-FR-FCM-Z238_infection_final_seed-42	cyanno	num-4	run0	24	Plasmacytoid Dendritic Cell	Plasmacytoid Dendritic Cell	30887	443	30	2363103	0.9990296600575735	1.8743024252542578e-4	9.703399424264967e-4	0.9998125697574746
dataset_name-FR-FCM-Z238_infection_final_seed-42	cyanno	num-5	run0	1	B Cell (CD27-)	B Cell (CD27-)	106740	1328	3794	2277391	0.9656757196880598	5.827835727002759e-4	0.034324280311940215	0.9994172164272997
dataset_name-FR-FCM-Z238_infection_final_seed-42	cyanno	num-5	run0	2	B Cell (Memory)	B Cell (Memory)	37648	3643	1337	2346625	0.9657047582403488	0.0015500359958949361	0.034295241759651145	0.998449964004105
dataset_name-FR-FCM-Z238_infection_final_seed-42	cyanno	num-5	run0	3	B Cell (Plasmablast)	B Cell (Plasmablast)	11703	1027	3898	2372625	0.7501442215242613	4.326666250992142e-4	0.24985577847573873	0.9995673333749008
dataset_name-FR-FCM-Z238_infection_final_seed-42	cyanno	num-5	run0	4	Basophil	Basophil	0	0	2334	2386919	0	0	1	1
dataset_name-FR-FCM-Z238_infection_final_seed-42	cyanno	num-5	run0	5	CD4+ CD8+ T Cell	CD4+ CD8+ T Cell	173352	107420	12895	2095586	0.9307639854601685	0.048760647951026914	0.06923601453983151	0.951239352048973
dataset_name-FR-FCM-Z238_infection_final_seed-42	cyanno	num-5	run0	6	CD4+ T Cell (Central Memory)	CD4+ T Cell (Central Memory)	148092	78495	51066	2111600	0.7435905160726659	0.03584091101070958	0.2564094839273341	0.9641590889892904
dataset_name-FR-FCM-Z238_infection_final_seed-42	cyanno	num-5	run0	7	CD4+ T Cell (EMRA)	CD4+ T Cell (EMRA)	799	130	6687	2381637	0.10673256745925729	5.458132554527794e-5	0.8932674325407427	0.9999454186744547
dataset_name-FR-FCM-Z238_infection_final_seed-42	cyanno	num-5	run0	8	CD4+ T Cell (Effector Memory)	CD4+ T Cell (Effector Memory)	23808	9624	10048	2345773	0.7032136105860114	0.004085935407067259	0.29678638941398866	0.9959140645929327
dataset_name-FR-FCM-Z238_infection_final_seed-42	cyanno	num-5	run0	9	CD4+ T Cell (Naive)	CD4+ T Cell (Naive)	100680	5619	108135	2174819	0.48214927088571224	0.0025770051705207853	0.5178507291142878	0.9974229948294792
dataset_name-FR-FCM-Z238_infection_final_seed-42	cyanno	num-5	run0	10	CD4+ T Cell (Treg)	CD4+ T Cell (Treg)	35819	4727	18357	2330350	0.6611599232132309	0.002024344379221756	0.33884007678676903	0.9979756556207783
dataset_name-FR-FCM-Z238_infection_final_seed-42	cyanno	num-5	run0	11	CD4- CD8- T Cell	CD4- CD8- T Cell	157882	13941	6582	2210848	0.9599790835684405	0.006266212211585008	0.04002091643155949	0.993733787788415
dataset_name-FR-FCM-Z238_infection_final_seed-42	cyanno	num-5	run0	12	CD8+ T Cell (Central Memory)	CD8+ T Cell (Central Memory)	23218	10329	6017	2349689	0.7941850521635027	0.004376661533937453	0.20581494783649734	0.9956233384660625
dataset_name-FR-FCM-Z238_infection_final_seed-42	cyanno	num-5	run0	13	CD8+ T Cell (EMRA)	CD8+ T Cell (EMRA)	33462	7596	4569	2343626	0.8798611658909836	0.003230660482081233	0.12013883410901632	0.9967693395179188
dataset_name-FR-FCM-Z238_infection_final_seed-42	cyanno	num-5	run0	14	CD8+ T Cell (Effector Memory)	CD8+ T Cell (Effector Memory)	6041	5571	1461	2376180	0.8052519328179152	0.0023390354407324693	0.1947480671820848	0.9976609645592676
dataset_name-FR-FCM-Z238_infection_final_seed-42	cyanno	num-5	run0	15	CD8+ T Cell (Naive)	CD8+ T Cell (Naive)	153525	5355	19418	2210955	0.8877202315213684	0.0024161782422134088	0.11227976847863169	0.9975838217577866
dataset_name-FR-FCM-Z238_infection_final_seed-42	cyanno	num-5	run0	16	Debris	Debris	0	0	3465	2385788	0	0	1	1
dataset_name-FR-FCM-Z238_infection_final_seed-42	cyanno	num-5	run0	17	Dendritic Cell (Type 1, CD141+)	Dendritic Cell (Type 1, CD141+)	1859	1083	5621	2380690	0.2485294117647059	4.547032819668373e-4	0.7514705882352941	0.9995452967180332
dataset_name-FR-FCM-Z238_infection_final_seed-42	cyanno	num-5	run0	18	Dendritic Cell (Type 2, CD1c+)	Dendritic Cell (Type 2, CD1c+)	0	0	461	2388792	0	0	1	1
dataset_name-FR-FCM-Z238_infection_final_seed-42	cyanno	num-5	run0	19	Monocyte (CD14+ CD16+)	Monocyte (CD14+ CD16+)	79886	16095	18854	2274418	0.8090540814259672	0.007026810151263057	0.1909459185740328	0.992973189848737
dataset_name-FR-FCM-Z238_infection_final_seed-42	cyanno	num-5	run0	20	Monocyte (CD14+ CD16-)	Monocyte (CD14+ CD16-)	663954	28226	8536	1688537	0.9873068744516648	0.01644140746276568	0.012693125548335292	0.9835585925372343
dataset_name-FR-FCM-Z238_infection_final_seed-42	cyanno	num-5	run0	21	Monocyte (CD14- CD16+)	Monocyte (CD14- CD16+)	16779	971	10316	2361187	0.6192655471489205	4.1106479752836176e-4	0.38073445285107954	0.9995889352024716
dataset_name-FR-FCM-Z238_infection_final_seed-42	cyanno	num-5	run0	22	NK Cell (CD56+ CD16+)	NK Cell (CD56+ CD16+)	207537	28325	1223	2152168	0.9941415980072811	0.012990181578202727	0.0058584019927189115	0.9870098184217972
dataset_name-FR-FCM-Z238_infection_final_seed-42	cyanno	num-5	run0	23	NK Cell (CD56+ CD16-)	NK Cell (CD56+ CD16-)	42808	2649	27590	2316206	0.6080854569732095	0.0011423741458607805	0.3919145430267905	0.9988576258541392
dataset_name-FR-FCM-Z238_infection_final_seed-42	cyanno	num-5	run0	24	Plasmacytoid Dendritic Cell	Plasmacytoid Dendritic Cell	30918	589	79	2357667	0.9974513662612511	2.497608402141243e-4	0.0025486337387489112	0.9997502391597859
dataset_name-FR-FCM-Z238_infection_final_seed-42	cygate	num-1	run0	1	B Cell (CD27-)	B Cell (CD27-)	106075	2039	4134	2291709	0.9624894518596485	8.889381047961677e-4	0.03751054814035151	0.9991110618952038
dataset_name-FR-FCM-Z238_infection_final_seed-42	cygate	num-1	run0	2	B Cell (Memory)	B Cell (Memory)	38406	4635	795	2360121	0.9797199051044616	0.0019600330858659414	0.020280094895538378	0.9980399669141341
dataset_name-FR-FCM-Z238_infection_final_seed-42	cygate	num-1	run0	3	B Cell (Plasmablast)	B Cell (Plasmablast)	12753	5989	2876	2382339	0.815983108324269	0.0025076120197895764	0.18401689167573101	0.9974923879802104
dataset_name-FR-FCM-Z238_infection_final_seed-42	cygate	num-1	run0	4	Basophil	Basophil	2069	293	248	2401347	0.8929650410012948	1.2199996668942889e-4	0.10703495899870523	0.9998780000333106
dataset_name-FR-FCM-Z238_infection_final_seed-42	cygate	num-1	run0	5	CD4+ CD8+ T Cell	CD4+ CD8+ T Cell	80422	36337	106276	2180922	0.43075983674168977	0.01638825234219367	0.5692401632583102	0.9836117476578063
dataset_name-FR-FCM-Z238_infection_final_seed-42	cygate	num-1	run0	6	CD4+ T Cell (Central Memory)	CD4+ T Cell (Central Memory)	126918	66406	70305	2140328	0.6435253494774951	0.030092435245933583	0.356474650522505	0.9699075647540664
dataset_name-FR-FCM-Z238_infection_final_seed-42	cygate	num-1	run0	7	CD4+ T Cell (EMRA)	CD4+ T Cell (EMRA)	3710	16584	3834	2379829	0.4917815482502651	0.00692034302935262	0.5082184517497349	0.9930796569706474
dataset_name-FR-FCM-Z238_infection_final_seed-42	cygate	num-1	run0	8	CD4+ T Cell (Effector Memory)	CD4+ T Cell (Effector Memory)	14768	11415	18933	2358841	0.4382065814070799	0.0048159354938875805	0.5617934185929201	0.9951840645061124
dataset_name-FR-FCM-Z238_infection_final_seed-42	cygate	num-1	run0	9	CD4+ T Cell (Naive)	CD4+ T Cell (Naive)	173380	96849	33738	2099990	0.8371073494336562	0.0440856157415268	0.16289265056634383	0.9559143842584732
dataset_name-FR-FCM-Z238_infection_final_seed-42	cygate	num-1	run0	10	CD4+ T Cell (Treg)	CD4+ T Cell (Treg)	24748	8958	29250	2341001	0.4583132708618838	0.0038119814005265623	0.5416867291381162	0.9961880185994735
dataset_name-FR-FCM-Z238_infection_final_seed-42	cygate	num-1	run0	11	CD4- CD8- T Cell	CD4- CD8- T Cell	120841	1613	45988	2235515	0.724340492360441	7.21013728315948e-4	0.27565950763955904	0.9992789862716841
dataset_name-FR-FCM-Z238_infection_final_seed-42	cygate	num-1	run0	12	CD8+ T Cell (Central Memory)	CD8+ T Cell (Central Memory)	24074	14484	4700	2360699	0.8366580941127406	0.006098056444492909	0.16334190588725933	0.9939019435555071
dataset_name-FR-FCM-Z238_infection_final_seed-42	cygate	num-1	run0	13	CD8+ T Cell (EMRA)	CD8+ T Cell (EMRA)	33103	26397	7650	2336807	0.8122837582509264	0.011170004790106991	0.1877162417490737	0.988829995209893
dataset_name-FR-FCM-Z238_infection_final_seed-42	cygate	num-1	run0	14	CD8+ T Cell (Effector Memory)	CD8+ T Cell (Effector Memory)	3350	4375	4087	2392145	0.45045045045045046	0.0018255637340810842	0.5495495495495496	0.998174436265919
dataset_name-FR-FCM-Z238_infection_final_seed-42	cygate	num-1	run0	15	CD8+ T Cell (Naive)	CD8+ T Cell (Naive)	151333	10588	21734	2220302	0.874418577776237	0.0047460878842076485	0.12558142222376306	0.9952539121157924
dataset_name-FR-FCM-Z238_infection_final_seed-42	cygate	num-1	run0	16	Debris	Debris	0	0	3465	2400492	0	0	1	1
dataset_name-FR-FCM-Z238_infection_final_seed-42	cygate	num-1	run0	17	Dendritic Cell (Type 1, CD141+)	Dendritic Cell (Type 1, CD141+)	4050	6078	3298	2390531	0.5511703864997278	0.0025360832743263504	0.4488296135002722	0.9974639167256737
dataset_name-FR-FCM-Z238_infection_final_seed-42	cygate	num-1	run0	18	Dendritic Cell (Type 2, CD1c+)	Dendritic Cell (Type 2, CD1c+)	0	0	461	2403496	0	0	1	1
dataset_name-FR-FCM-Z238_infection_final_seed-42	cygate	num-1	run0	19	Monocyte (CD14+ CD16+)	Monocyte (CD14+ CD16+)	85170	72397	15598	2230792	0.8452087964433154	0.031433373466094185	0.15479120355668466	0.9685666265339058
dataset_name-FR-FCM-Z238_infection_final_seed-42	cygate	num-1	run0	20	Monocyte (CD14+ CD16-)	Monocyte (CD14+ CD16-)	598828	6561	83336	1715232	0.8778358283345354	0.003810562593761271	0.12216417166546462	0.9961894374062388
dataset_name-FR-FCM-Z238_infection_final_seed-42	cygate	num-1	run0	21	Monocyte (CD14- CD16+)	Monocyte (CD14- CD16+)	21529	17912	5285	2359231	0.8029014693816663	0.007535095701015884	0.1970985306183337	0.9924649042989842
dataset_name-FR-FCM-Z238_infection_final_seed-42	cygate	num-1	run0	22	NK Cell (CD56+ CD16+)	NK Cell (CD56+ CD16+)	195622	16923	15964	2175448	0.9245507736806783	0.007719040253679692	0.07544922631932169	0.9922809597463204
dataset_name-FR-FCM-Z238_infection_final_seed-42	cygate	num-1	run0	23	NK Cell (CD56+ CD16-)	NK Cell (CD56+ CD16-)	59563	10485	10207	2323702	0.8537050308155367	0.004491928024618422	0.14629496918446325	0.9955080719753816
dataset_name-FR-FCM-Z238_infection_final_seed-42	cygate	num-1	run0	24	Plasmacytoid Dendritic Cell	Plasmacytoid Dendritic Cell	30951	892	132	2371982	0.9957533056654763	3.75915451052184e-4	0.004246694334523695	0.9996240845489478
dataset_name-FR-FCM-Z238_infection_final_seed-42	cygate	num-2	run0	1	B Cell (CD27-)	B Cell (CD27-)	103801	662	6170	2244393	0.9438942994062071	2.948702815743935e-4	0.05610570059379291	0.9997051297184256
dataset_name-FR-FCM-Z238_infection_final_seed-42	cygate	num-2	run0	2	B Cell (Memory)	B Cell (Memory)	37111	4904	1607	2311404	0.9584947569605868	0.0021171623117478334	0.04150524303941319	0.9978828376882521
dataset_name-FR-FCM-Z238_infection_final_seed-42	cygate	num-2	run0	3	B Cell (Plasmablast)	B Cell (Plasmablast)	10683	4540	4185	2335618	0.7185230024213075	0.0019400399460207387	0.2814769975786925	0.9980599600539792
dataset_name-FR-FCM-Z238_infection_final_seed-42	cygate	num-2	run0	4	Basophil	Basophil	2007	273	142	2352604	0.9339227547696604	1.1602816466819132e-4	0.0660772452303397	0.9998839718353318
dataset_name-FR-FCM-Z238_infection_final_seed-42	cygate	num-2	run0	5	CD4+ CD8+ T Cell	CD4+ CD8+ T Cell	80555	53716	100934	2119821	0.44385610147171456	0.024713634964576174	0.5561438985282855	0.9752863650354239
dataset_name-FR-FCM-Z238_infection_final_seed-42	cygate	num-2	run0	6	CD4+ T Cell (Central Memory)	CD4+ T Cell (Central Memory)	85006	13655	113097	2143268	0.42910001362927364	0.006330777686546993	0.5708999863707264	0.993669222313453
dataset_name-FR-FCM-Z238_infection_final_seed-42	cygate	num-2	run0	7	CD4+ T Cell (EMRA)	CD4+ T Cell (EMRA)	2807	24164	4370	2323685	0.39111049184896196	0.01029197363203511	0.608889508151038	0.9897080263679648
dataset_name-FR-FCM-Z238_infection_final_seed-42	cygate	num-2	run0	8	CD4+ T Cell (Effector Memory)	CD4+ T Cell (Effector Memory)	12859	8214	19965	2313988	0.3917560321715818	0.00353715998866593	0.6082439678284183	0.9964628400113341
dataset_name-FR-FCM-Z238_infection_final_seed-42	cygate	num-2	run0	9	CD4+ T Cell (Naive)	CD4+ T Cell (Naive)	194048	176562	12412	1972004	0.9398818173011722	0.08217667039318317	0.06011818269882786	0.9178233296068168
dataset_name-FR-FCM-Z238_infection_final_seed-42	cygate	num-2	run0	10	CD4+ T Cell (Treg)	CD4+ T Cell (Treg)	4296	2860	49541	2298329	0.07979642253468804	0.0012428357688134264	0.920203577465312	0.9987571642311865
dataset_name-FR-FCM-Z238_infection_final_seed-42	cygate	num-2	run0	11	CD4- CD8- T Cell	CD4- CD8- T Cell	127291	4177	37435	2186123	0.7727438291465828	0.0019070446970734603	0.22725617085341718	0.9980929553029265
dataset_name-FR-FCM-Z238_infection_final_seed-42	cygate	num-2	run0	12	CD8+ T Cell (Central Memory)	CD8+ T Cell (Central Memory)	22933	7031	5916	2319146	0.7949322333529758	0.00302255589321019	0.20506776664702417	0.9969774441067898
dataset_name-FR-FCM-Z238_infection_final_seed-42	cygate	num-2	run0	13	CD8+ T Cell (EMRA)	CD8+ T Cell (EMRA)	35828	29017	4748	2285433	0.8829850157728707	0.012537319881613343	0.11701498422712933	0.9874626801183867
dataset_name-FR-FCM-Z238_infection_final_seed-42	cygate	num-2	run0	14	CD8+ T Cell (Effector Memory)	CD8+ T Cell (Effector Memory)	5366	5705	2051	2341904	0.7234731023324794	0.002430132104622192	0.2765268976675206	0.9975698678953778
dataset_name-FR-FCM-Z238_infection_final_seed-42	cygate	num-2	run0	15	CD8+ T Cell (Naive)	CD8+ T Cell (Naive)	156126	16712	16390	2165798	0.904994319367479	0.007657238683900646	0.09500568063252104	0.9923427613160993
dataset_name-FR-FCM-Z238_infection_final_seed-42	cygate	num-2	run0	16	Debris	Debris	0	0	3465	2351561	0	0	1	1
dataset_name-FR-FCM-Z238_infection_final_seed-42	cygate	num-2	run0	17	Dendritic Cell (Type 1, CD141+)	Dendritic Cell (Type 1, CD141+)	3498	3277	3965	2344286	0.4687123140828085	0.0013959156793662193	0.5312876859171914	0.9986040843206337
dataset_name-FR-FCM-Z238_infection_final_seed-42	cygate	num-2	run0	18	Dendritic Cell (Type 2, CD1c+)	Dendritic Cell (Type 2, CD1c+)	56	1154	350	2353466	0.13793103448275862	4.901003134263703e-4	0.8620689655172413	0.9995098996865737
dataset_name-FR-FCM-Z238_infection_final_seed-42	cygate	num-2	run0	19	Monocyte (CD14+ CD16+)	Monocyte (CD14+ CD16+)	84708	30937	13439	2225942	0.8630727378320274	0.013707868255232115	0.13692726216797252	0.9862921317447679
dataset_name-FR-FCM-Z238_infection_final_seed-42	cygate	num-2	run0	20	Monocyte (CD14+ CD16-)	Monocyte (CD14+ CD16-)	633845	14566	26315	1680300	0.9601384512845371	0.008594189747154053	0.039861548715462915	0.9914058102528459
dataset_name-FR-FCM-Z238_infection_final_seed-42	cygate	num-2	run0	21	Monocyte (CD14- CD16+)	Monocyte (CD14- CD16+)	16230	3673	11189	2323934	0.5919253072686823	0.001578015532690871	0.4080746927313177	0.9984219844673091
dataset_name-FR-FCM-Z238_infection_final_seed-42	cygate	num-2	run0	22	NK Cell (CD56+ CD16+)	NK Cell (CD56+ CD16+)	193725	19859	7464	2133978	0.9629005561934301	0.009220289186229042	0.03709944380656994	0.9907797108137709
dataset_name-FR-FCM-Z238_infection_final_seed-42	cygate	num-2	run0	23	NK Cell (CD56+ CD16-)	NK Cell (CD56+ CD16-)	51553	5448	15343	2282682	0.7706439846926573	0.002380983597959906	0.22935601530734273	0.9976190164020401
dataset_name-FR-FCM-Z238_infection_final_seed-42	cygate	num-2	run0	24	Plasmacytoid Dendritic Cell	Plasmacytoid Dendritic Cell	30043	1087	158	2323738	0.9947683851528095	4.675620745647522e-4	0.00523161484719049	0.9995324379254352
dataset_name-FR-FCM-Z238_infection_final_seed-42	cygate	num-3	run0	1	B Cell (CD27-)	B Cell (CD27-)	106213	993	4845	2294474	0.9563741468421906	4.3259171227467004e-4	0.04362585315780943	0.9995674082877253
dataset_name-FR-FCM-Z238_infection_final_seed-42	cygate	num-3	run0	2	B Cell (Memory)	B Cell (Memory)	35967	2084	3122	2365352	0.9201309831410371	8.802772281911739e-4	0.07986901685896287	0.9991197227718088
dataset_name-FR-FCM-Z238_infection_final_seed-42	cygate	num-3	run0	3	B Cell (Plasmablast)	B Cell (Plasmablast)	13837	6378	1632	2384678	0.8944986747688927	0.002667440662201136	0.10550132523110738	0.9973325593377989
dataset_name-FR-FCM-Z238_infection_final_seed-42	cygate	num-3	run0	4	Basophil	Basophil	0	0	2334	2404191	0	0	1	1
dataset_name-FR-FCM-Z238_infection_final_seed-42	cygate	num-3	run0	5	CD4+ CD8+ T Cell	CD4+ CD8+ T Cell	0	0	188644	2217881	0	0	1	1
dataset_name-FR-FCM-Z238_infection_final_seed-42	cygate	num-3	run0	6	CD4+ T Cell (Central Memory)	CD4+ T Cell (Central Memory)	129966	75907	68986	2131666	0.6532530459608348	0.03438481989044077	0.3467469540391652	0.9656151801095593
dataset_name-FR-FCM-Z238_infection_final_seed-42	cygate	num-3	run0	7	CD4+ T Cell (EMRA)	CD4+ T Cell (EMRA)	2893	19597	4656	2379379	0.3832295668300437	0.008168902064881016	0.6167704331699563	0.991831097935119
dataset_name-FR-FCM-Z238_infection_final_seed-42	cygate	num-3	run0	8	CD4+ T Cell (Effector Memory)	CD4+ T Cell (Effector Memory)	25161	16931	8884	2355549	0.7390512556909972	0.007136414216347451	0.2609487443090028	0.9928635857836525
dataset_name-FR-FCM-Z238_infection_final_seed-42	cygate	num-3	run0	9	CD4+ T Cell (Naive)	CD4+ T Cell (Naive)	199595	162418	8670	2035842	0.9583703454733152	0.07388479979620245	0.04162965452668475	0.9261152002037976
dataset_name-FR-FCM-Z238_infection_final_seed-42	cygate	num-3	run0	10	CD4+ T Cell (Treg)	CD4+ T Cell (Treg)	21114	6880	33128	2345403	0.38925555842336196	0.002924818144755542	0.610744441576638	0.9970751818552445
dataset_name-FR-FCM-Z238_infection_final_seed-42	cygate	num-3	run0	11	CD4- CD8- T Cell	CD4- CD8- T Cell	143081	29932	22013	2211499	0.8666638399941852	0.013353968960008138	0.13333616000581486	0.9866460310399918
dataset_name-FR-FCM-Z238_infection_final_seed-42	cygate	num-3	run0	12	CD8+ T Cell (Central Memory)	CD8+ T Cell (Central Memory)	16282	9846	12819	2367578	0.559499673550737	0.004141457308414485	0.4405003264492629	0.9958585426915855
dataset_name-FR-FCM-Z238_infection_final_seed-42	cygate	num-3	run0	13	CD8+ T Cell (EMRA)	CD8+ T Cell (EMRA)	32023	14730	8490	2351282	0.7904376373016069	0.006225665803892795	0.2095623626983931	0.9937743341961072
dataset_name-FR-FCM-Z238_infection_final_seed-42	cygate	num-3	run0	14	CD8+ T Cell (Effector Memory)	CD8+ T Cell (Effector Memory)	5122	7832	2298	2391273	0.6902964959568734	0.0032645507387129786	0.3097035040431267	0.996735449261287
dataset_name-FR-FCM-Z238_infection_final_seed-42	cygate	num-3	run0	15	CD8+ T Cell (Naive)	CD8+ T Cell (Naive)	126981	11499	46859	2221186	0.7304475379659457	0.005150301094870078	0.2695524620340543	0.99484969890513
dataset_name-FR-FCM-Z238_infection_final_seed-42	cygate	num-3	run0	16	Debris	Debris	0	0	3465	2403060	0	0	1	1
dataset_name-FR-FCM-Z238_infection_final_seed-42	cygate	num-3	run0	17	Dendritic Cell (Type 1, CD141+)	Dendritic Cell (Type 1, CD141+)	0	0	7514	2399011	0	0	1	1
dataset_name-FR-FCM-Z238_infection_final_seed-42	cygate	num-3	run0	18	Dendritic Cell (Type 2, CD1c+)	Dendritic Cell (Type 2, CD1c+)	0	0	461	2406064	0	0	1	1
dataset_name-FR-FCM-Z238_infection_final_seed-42	cygate	num-3	run0	19	Monocyte (CD14+ CD16+)	Monocyte (CD14+ CD16+)	89286	39142	10911	2267186	0.8911045240875475	0.016971566923698625	0.10889547591245247	0.9830284330763014
dataset_name-FR-FCM-Z238_infection_final_seed-42	cygate	num-3	run0	20	Monocyte (CD14+ CD16-)	Monocyte (CD14+ CD16-)	646893	12995	32591	1714046	0.9520356623555521	0.007524430514388483	0.047964337644447845	0.9924755694856116
dataset_name-FR-FCM-Z238_infection_final_seed-42	cygate	num-3	run0	21	Monocyte (CD14- CD16+)	Monocyte (CD14- CD16+)	14874	2635	11404	2377612	0.5660248116294999	0.001107027968105831	0.43397518837050003	0.9988929720318942
dataset_name-FR-FCM-Z238_infection_final_seed-42	cygate	num-3	run0	22	NK Cell (CD56+ CD16+)	NK Cell (CD56+ CD16+)	202941	29695	8741	2165148	0.9587069283170038	0.013529441513584343	0.041293071682996195	0.9864705584864156
dataset_name-FR-FCM-Z238_infection_final_seed-42	cygate	num-3	run0	23	NK Cell (CD56+ CD16-)	NK Cell (CD56+ CD16-)	41490	2511	29310	2333214	0.5860169491525423	0.0010750409401791734	0.4139830508474576	0.9989249590598208
dataset_name-FR-FCM-Z238_infection_final_seed-42	cygate	num-3	run0	24	Plasmacytoid Dendritic Cell	Plasmacytoid Dendritic Cell	30866	2285	163	2373211	0.9947468497212285	9.619043770227355e-4	0.005253150278771472	0.9990380956229773
dataset_name-FR-FCM-Z238_infection_final_seed-42	cygate	num-4	run0	1	B Cell (CD27-)	B Cell (CD27-)	106792	2946	2202	2282523	0.9797970530487917	0.0012890133272426797	0.020202946951208323	0.9987109866727574
dataset_name-FR-FCM-Z238_infection_final_seed-42	cygate	num-4	run0	2	B Cell (Memory)	B Cell (Memory)	36082	1917	2310	2354154	0.9398312148364243	8.136427128044953e-4	0.060168785163575746	0.9991863572871955
dataset_name-FR-FCM-Z238_infection_final_seed-42	cygate	num-4	run0	3	B Cell (Plasmablast)	B Cell (Plasmablast)	12654	6056	2485	2373268	0.8358544157474074	0.0025452607547353785	0.16414558425259265	0.9974547392452646
dataset_name-FR-FCM-Z238_infection_final_seed-42	cygate	num-4	run0	4	Basophil	Basophil	0	0	2334	2392129	0	0	1	1
dataset_name-FR-FCM-Z238_infection_final_seed-42	cygate	num-4	run0	5	CD4+ CD8+ T Cell	CD4+ CD8+ T Cell	0	0	188644	2205819	0	0	1	1
dataset_name-FR-FCM-Z238_infection_final_seed-42	cygate	num-4	run0	6	CD4+ T Cell (Central Memory)	CD4+ T Cell (Central Memory)	175868	133715	20437	2064443	0.8958915972593668	0.06083047715405353	0.1041084027406332	0.9391695228459465
dataset_name-FR-FCM-Z238_infection_final_seed-42	cygate	num-4	run0	7	CD4+ T Cell (EMRA)	CD4+ T Cell (EMRA)	2610	5766	4912	2381175	0.3469821855889391	0.0024156441235874703	0.6530178144110609	0.9975843558764125
dataset_name-FR-FCM-Z238_infection_final_seed-42	cygate	num-4	run0	8	CD4+ T Cell (Effector Memory)	CD4+ T Cell (Effector Memory)	31212	27113	2703	2333435	0.9203007518796993	0.01148589225891615	0.07969924812030076	0.9885141077410838
dataset_name-FR-FCM-Z238_infection_final_seed-42	cygate	num-4	run0	9	CD4+ T Cell (Naive)	CD4+ T Cell (Naive)	181281	106559	25273	2081350	0.8776445868876904	0.04870357953644324	0.12235541311230962	0.9512964204635568
dataset_name-FR-FCM-Z238_infection_final_seed-42	cygate	num-4	run0	10	CD4+ T Cell (Treg)	CD4+ T Cell (Treg)	1874	1437	51881	2339271	0.034861873314110316	6.139168149124111e-4	0.9651381266858897	0.9993860831850876
dataset_name-FR-FCM-Z238_infection_final_seed-42	cygate	num-4	run0	11	CD4- CD8- T Cell	CD4- CD8- T Cell	152385	94365	14622	2133091	0.9124467836677504	0.042364473192736465	0.08755321633224955	0.9576355268072635
dataset_name-FR-FCM-Z238_infection_final_seed-42	cygate	num-4	run0	12	CD8+ T Cell (Central Memory)	CD8+ T Cell (Central Memory)	13379	4379	15567	2361138	0.46220548607752365	0.0018511809469135077	0.5377945139224763	0.9981488190530865
dataset_name-FR-FCM-Z238_infection_final_seed-42	cygate	num-4	run0	13	CD8+ T Cell (EMRA)	CD8+ T Cell (EMRA)	27943	16067	9187	2341266	0.7525720441691355	0.0068157532262094495	0.24742795583086452	0.9931842467737906
dataset_name-FR-FCM-Z238_infection_final_seed-42	cygate	num-4	run0	14	CD8+ T Cell (Effector Memory)	CD8+ T Cell (Effector Memory)	3318	2898	3978	2384269	0.45476973684210525	0.00121399131271503	0.5452302631578947	0.998786008687285
dataset_name-FR-FCM-Z238_infection_final_seed-42	cygate	num-4	run0	15	CD8+ T Cell (Naive)	CD8+ T Cell (Naive)	89903	3777	81894	2218889	0.523309487360082	0.0016993106476636615	0.476690512639918	0.9983006893523363
dataset_name-FR-FCM-Z238_infection_final_seed-42	cygate	num-4	run0	16	Debris	Debris	0	0	3465	2390998	0	0	1	1
dataset_name-FR-FCM-Z238_infection_final_seed-42	cygate	num-4	run0	17	Dendritic Cell (Type 1, CD141+)	Dendritic Cell (Type 1, CD141+)	4881	4761	2510	2382311	0.6603977810851035	0.00199449367258298	0.3396022189148965	0.998005506327417
dataset_name-FR-FCM-Z238_infection_final_seed-42	cygate	num-4	run0	18	Dendritic Cell (Type 2, CD1c+)	Dendritic Cell (Type 2, CD1c+)	0	0	461	2394002	0	0	1	1
dataset_name-FR-FCM-Z238_infection_final_seed-42	cygate	num-4	run0	19	Monocyte (CD14+ CD16+)	Monocyte (CD14+ CD16+)	80855	16893	19331	2277384	0.80704888906633665	0.007363103932088409	0.19295111093366338	0.9926368960679116
dataset_name-FR-FCM-Z238_infection_final_seed-42	cygate	num-4	run0	20	Monocyte (CD14+ CD16-)	Monocyte (CD14+ CD16-)	658708	17480	19998	1698277	0.9705351065115086	0.010187922881853316	0.029464893488491337	0.9898120771181467
dataset_name-FR-FCM-Z238_infection_final_seed-42	cygate	num-4	run0	21	Monocyte (CD14- CD16+)	Monocyte (CD14- CD16+)	21005	6597	6182	2360679	0.7726119101040939	0.0027867472994276966	0.22738808989590614	0.9972132527005723
dataset_name-FR-FCM-Z238_infection_final_seed-42	cygate	num-4	run0	22	NK Cell (CD56+ CD16+)	NK Cell (CD56+ CD16+)	190401	8012	21246	2174804	0.8996158698209755	0.0036704880301408824	0.1003841301790245	0.9963295119698591
dataset_name-FR-FCM-Z238_infection_final_seed-42	cygate	num-4	run0	23	NK Cell (CD56+ CD16-)	NK Cell (CD56+ CD16-)	46438	4283	24335	2319407	0.6561541830924222	0.001843189065667107	0.34384581690757776	0.9981568109343328
dataset_name-FR-FCM-Z238_infection_final_seed-42	cygate	num-4	run0	24	Plasmacytoid Dendritic Cell	Plasmacytoid Dendritic Cell	30803	1970	114	2361576	0.9963127082187793	8.334934035555051e-4	0.0036872917812206876	0.9991665065964445
dataset_name-FR-FCM-Z238_infection_final_seed-42	cygate	num-5	run0	1	B Cell (CD27-)	B Cell (CD27-)	103042	551	7492	2278168	0.9322199504224944	2.4180252150440663e-4	0.06778004957750557	0.9997581974784956
dataset_name-FR-FCM-Z238_infection_final_seed-42	cygate	num-5	run0	2	B Cell (Memory)	B Cell (Memory)	36976	4868	2009	2345400	0.9484673592407337	0.0020712531507045156	0.051532640759266383	0.9979287468492954
dataset_name-FR-FCM-Z238_infection_final_seed-42	cygate	num-5	run0	3	B Cell (Plasmablast)	B Cell (Plasmablast)	12438	6415	3163	2367237	0.7972565861162746	0.002702586562815442	0.2027434138837254	0.9972974134371846
dataset_name-FR-FCM-Z238_infection_final_seed-42	cygate	num-5	run0	4	Basophil	Basophil	0	0	2334	2386919	0	0	1	1
dataset_name-FR-FCM-Z238_infection_final_seed-42	cygate	num-5	run0	5	CD4+ CD8+ T Cell	CD4+ CD8+ T Cell	135252	70816	50995	2132190	0.72619693203112	0.03214516891919495	0.27380306796888004	0.9678548310808051
dataset_name-FR-FCM-Z238_infection_final_seed-42	cygate	num-5	run0	6	CD4+ T Cell (Central Memory)	CD4+ T Cell (Central Memory)	138834	87568	60324	2102527	0.6971048112553851	0.039983653677123594	0.30289518874461485	0.9600163463228764
dataset_name-FR-FCM-Z238_infection_final_seed-42	cygate	num-5	run0	7	CD4+ T Cell (EMRA)	CD4+ T Cell (EMRA)	1466	6505	6020	2375262	0.1958322201442693	0.0027311655590156383	0.8041677798557307	0.9972688344409844
dataset_name-FR-FCM-Z238_infection_final_seed-42	cygate	num-5	run0	8	CD4+ T Cell (Effector Memory)	CD4+ T Cell (Effector Memory)	28992	22885	4864	2332512	0.8563327032136105	0.009715984184407129	0.14366729678638943	0.9902840158155929
dataset_name-FR-FCM-Z238_infection_final_seed-42	cygate	num-5	run0	9	CD4+ T Cell (Naive)	CD4+ T Cell (Naive)	123643	34452	85172	2145986	0.5921174245145224	0.015800495129877575	0.40788257548547757	0.9841995048701224
dataset_name-FR-FCM-Z238_infection_final_seed-42	cygate	num-5	run0	10	CD4+ T Cell (Treg)	CD4+ T Cell (Treg)	5747	12069	48429	2323008	0.10608018310691081	0.005168566175762084	0.8939198168930892	0.9948314338242379
dataset_name-FR-FCM-Z238_infection_final_seed-42	cygate	num-5	run0	11	CD4- CD8- T Cell	CD4- CD8- T Cell	133619	4404	30845	2220385	0.8124513571359082	0.0019795135628592193	0.18754864286409184	0.9980204864371408
dataset_name-FR-FCM-Z238_infection_final_seed-42	cygate	num-5	run0	12	CD8+ T Cell (Central Memory)	CD8+ T Cell (Central Memory)	22510	11805	6725	2348213	0.7699675047032666	0.005002080492606412	0.23003249529673336	0.9949979195073936
dataset_name-FR-FCM-Z238_infection_final_seed-42	cygate	num-5	run0	13	CD8+ T Cell (EMRA)	CD8+ T Cell (EMRA)	30175	19350	7856	2331872	0.7934316741605533	0.008229763076391765	0.20656832583944676	0.9917702369236082
dataset_name-FR-FCM-Z238_infection_final_seed-42	cygate	num-5	run0	14	CD8+ T Cell (Effector Memory)	CD8+ T Cell (Effector Memory)	4177	4569	3325	2377182	0.5567848573713676	0.0019183365515538777	0.4432151426286324	0.9980816634484462
dataset_name-FR-FCM-Z238_infection_final_seed-42	cygate	num-5	run0	15	CD8+ T Cell (Naive)	CD8+ T Cell (Naive)	150842	16731	22101	2199579	0.8722064495238315	0.007549034205503743	0.12779355047616844	0.9924509657944962
dataset_name-FR-FCM-Z238_infection_final_seed-42	cygate	num-5	run0	16	Debris	Debris	0	0	3465	2385788	0	0	1	1
dataset_name-FR-FCM-Z238_infection_final_seed-42	cygate	num-5	run0	17	Dendritic Cell (Type 1, CD141+)	Dendritic Cell (Type 1, CD141+)	1903	3393	5577	2378380	0.25441176470588234	0.001424569008045687	0.7455882352941177	0.9985754309919543
dataset_name-FR-FCM-Z238_infection_final_seed-42	cygate	num-5	run0	18	Dendritic Cell (Type 2, CD1c+)	Dendritic Cell (Type 2, CD1c+)	0	0	461	2388792	0	0	1	1
dataset_name-FR-FCM-Z238_infection_final_seed-42	cygate	num-5	run0	19	Monocyte (CD14+ CD16+)	Monocyte (CD14+ CD16+)	82167	20614	16573	2269899	0.8321551549524002	0.008999730628029615	0.16784484504759975	0.9910002693719704
dataset_name-FR-FCM-Z238_infection_final_seed-42	cygate	num-5	run0	20	Monocyte (CD14+ CD16-)	Monocyte (CD14+ CD16-)	656742	19475	15748	1697288	0.9765825514134039	0.011344023607218935	0.023417448586596085	0.988655976392781
dataset_name-FR-FCM-Z238_infection_final_seed-42	cygate	num-5	run0	21	Monocyte (CD14- CD16+)	Monocyte (CD14- CD16+)	16232	2655	10863	2359503	0.5990773205388448	0.0011239722321707522	0.4009226794611552	0.9988760277678292
dataset_name-FR-FCM-Z238_infection_final_seed-42	cygate	num-5	run0	22	NK Cell (CD56+ CD16+)	NK Cell (CD56+ CD16+)	200195	25145	8565	2155348	0.9589720252922016	0.011531795791135308	0.041027974707798426	0.9884682042088647
dataset_name-FR-FCM-Z238_infection_final_seed-42	cygate	num-5	run0	23	NK Cell (CD56+ CD16-)	NK Cell (CD56+ CD16-)	44036	2253	26362	2316602	0.6255291343504077	9.716002078612074e-4	0.3744708656495923	0.9990283997921388
dataset_name-FR-FCM-Z238_infection_final_seed-42	cygate	num-5	run0	24	Plasmacytoid Dendritic Cell	Plasmacytoid Dendritic Cell	30700	1958	297	2356298	0.9904184275897667	8.302745757882096e-4	0.009581572410233248	0.9991697254242118
dataset_name-FR-FCM-Z238_infection_final_seed-42	dgcytof	num-1	run0	1	B Cell (CD27-)	B Cell (CD27-)	104171	5250	6038	2288498	0.9452131858559646	0.002288830333585032	0.054786814144035426	0.9977111696664149
dataset_name-FR-FCM-Z238_infection_final_seed-42	dgcytof	num-1	run0	2	B Cell (Memory)	B Cell (Memory)	34543	6391	4658	2358365	0.8811765005994745	0.002702604412463696	0.1188234994005255	0.9972973955875363
dataset_name-FR-FCM-Z238_infection_final_seed-42	dgcytof	num-1	run0	3	B Cell (Plasmablast)	B Cell (Plasmablast)	5128	2740	10501	2385588	0.32810800435088616	0.0011472461068998898	0.6718919956491138	0.9988527538931001
dataset_name-FR-FCM-Z238_infection_final_seed-42	dgcytof	num-1	run0	4	Basophil	Basophil	2186	160	131	2401480	0.9434613724643937	6.662114221948335e-5	0.05653862753560639	0.9999333788577806
dataset_name-FR-FCM-Z238_infection_final_seed-42	dgcytof	num-1	run0	5	CD4+ CD8+ T Cell	CD4+ CD8+ T Cell	145333	109396	41365	2107863	0.7784389763146901	0.04933839483795082	0.22156102368530997	0.9506616051620492
dataset_name-FR-FCM-Z238_infection_final_seed-42	dgcytof	num-1	run0	6	CD4+ T Cell (Central Memory)	CD4+ T Cell (Central Memory)	100967	18574	96256	2188160	0.5119433331812212	0.008416963711983411	0.48805666681877874	0.9915830362880166
dataset_name-FR-FCM-Z238_infection_final_seed-42	dgcytof	num-1	run0	7	CD4+ T Cell (EMRA)	CD4+ T Cell (EMRA)	2974	5232	4570	2391181	0.394220572640509	0.0021832630685946035	0.605779427359491	0.9978167369314054
dataset_name-FR-FCM-Z238_infection_final_seed-42	dgcytof	num-1	run0	8	CD4+ T Cell (Effector Memory)	CD4+ T Cell (Effector Memory)	17428	3901	16273	2366355	0.5171359900299695	0.001645813785515151	0.48286400997003054	0.9983541862144848
dataset_name-FR-FCM-Z238_infection_final_seed-42	dgcytof	num-1	run0	9	CD4+ T Cell (Naive)	CD4+ T Cell (Naive)	165852	85930	41266	2110909	0.8007609188964745	0.03911529247250254	0.19923908110352553	0.9608847075274974
dataset_name-FR-FCM-Z238_infection_final_seed-42	dgcytof	num-1	run0	10	CD4+ T Cell (Treg)	CD4+ T Cell (Treg)	35979	12985	18019	2336974	0.6663024556465055	0.005525628319472808	0.3336975443534946	0.9944743716805272
dataset_name-FR-FCM-Z238_infection_final_seed-42	dgcytof	num-1	run0	11	CD4- CD8- T Cell	CD4- CD8- T Cell	126970	12725	39859	2224403	0.7610787093371056	0.005688096523757246	0.23892129066289433	0.9943119034762428
dataset_name-FR-FCM-Z238_infection_final_seed-42	dgcytof	num-1	run0	12	CD8+ T Cell (Central Memory)	CD8+ T Cell (Central Memory)	15385	7621	13389	2367562	0.5346840898032946	0.0032085948745844005	0.4653159101967054	0.9967914051254156
dataset_name-FR-FCM-Z238_infection_final_seed-42	dgcytof	num-1	run0	13	CD8+ T Cell (EMRA)	CD8+ T Cell (EMRA)	29831	10823	10922	2352381	0.7319951905381199	0.004579799289439253	0.2680048094618801	0.9954202007105607
dataset_name-FR-FCM-Z238_infection_final_seed-42	dgcytof	num-1	run0	14	CD8+ T Cell (Effector Memory)	CD8+ T Cell (Effector Memory)	6499	20472	938	2376048	0.8738738738738738	0.008542386460367533	0.12612612612612611	0.9914576135396325
dataset_name-FR-FCM-Z238_infection_final_seed-42	dgcytof	num-1	run0	15	CD8+ T Cell (Naive)	CD8+ T Cell (Naive)	153924	19463	19143	2211427	0.8893896583404115	0.0087243207867712	0.11061034165958848	0.9912756792132288
dataset_name-FR-FCM-Z238_infection_final_seed-42	dgcytof	num-1	run0	16	Debris	Debris	0	0	3465	2400492	0	0	1	1
dataset_name-FR-FCM-Z238_infection_final_seed-42	dgcytof	num-1	run0	17	Dendritic Cell (Type 1, CD141+)	Dendritic Cell (Type 1, CD141+)	1861	1662	5487	2394947	0.25326619488296137	6.934798292086861e-4	0.7467338051170387	0.9993065201707914
dataset_name-FR-FCM-Z238_infection_final_seed-42	dgcytof	num-1	run0	18	Dendritic Cell (Type 2, CD1c+)	Dendritic Cell (Type 2, CD1c+)	0	0	461	2403496	0	0	1	1
dataset_name-FR-FCM-Z238_infection_final_seed-42	dgcytof	num-1	run0	19	Monocyte (CD14+ CD16+)	Monocyte (CD14+ CD16+)	83250	52591	17518	2250598	0.8261551286122578	0.022833992347132605	0.17384487138774213	0.9771660076528674
dataset_name-FR-FCM-Z238_infection_final_seed-42	dgcytof	num-1	run0	20	Monocyte (CD14+ CD16-)	Monocyte (CD14+ CD16-)	626334	10103	55830	1711690	0.918157510510669	0.005867720451877781	0.08184248948933101	0.9941322795481222
dataset_name-FR-FCM-Z238_infection_final_seed-42	dgcytof	num-1	run0	21	Monocyte (CD14- CD16+)	Monocyte (CD14- CD16+)	23094	18717	3720	2358426	0.8612665025732826	0.00787373750758789	0.1387334974267174	0.9921262624924121
dataset_name-FR-FCM-Z238_infection_final_seed-42	dgcytof	num-1	run0	22	NK Cell (CD56+ CD16+)	NK Cell (CD56+ CD16+)	202507	16044	9079	2176327	0.9570907337914607	0.007318104463158836	0.04290926620853932	0.9926818955368412
dataset_name-FR-FCM-Z238_infection_final_seed-42	dgcytof	num-1	run0	23	NK Cell (CD56+ CD16-)	NK Cell (CD56+ CD16-)	55517	11736	14253	2322451	0.7957144904686828	0.005027874801804654	0.2042855095313172	0.9949721251981953
dataset_name-FR-FCM-Z238_infection_final_seed-42	dgcytof	num-1	run0	24	Plasmacytoid Dendritic Cell	Plasmacytoid Dendritic Cell	30984	724	99	2372150	0.9968149792491072	3.0511523157150357e-4	0.003185020750892771	0.9996948847684285
dataset_name-FR-FCM-Z238_infection_final_seed-42	dgcytof	num-2	run0	1	B Cell (CD27-)	B Cell (CD27-)	105116	1579	4855	2243476	0.9558519973447546	7.033235265951169e-4	0.044148002655245475	0.9992966764734049
dataset_name-FR-FCM-Z238_infection_final_seed-42	dgcytof	num-2	run0	2	B Cell (Memory)	B Cell (Memory)	37767	5693	951	2310615	0.9754377808771114	0.0024577905874348317	0.024562219122888578	0.9975422094125652
dataset_name-FR-FCM-Z238_infection_final_seed-42	dgcytof	num-2	run0	3	B Cell (Plasmablast)	B Cell (Plasmablast)	12092	2319	2776	2337839	0.8132902878665591	9.90958730137025e-4	0.18670971213344095	0.999009041269863
dataset_name-FR-FCM-Z238_infection_final_seed-42	dgcytof	num-2	run0	4	Basophil	Basophil	2052	93	97	2352784	0.9548627268496975	3.9526078073779464e-5	0.045137273150302464	0.9999604739219262
dataset_name-FR-FCM-Z238_infection_final_seed-42	dgcytof	num-2	run0	5	CD4+ CD8+ T Cell	CD4+ CD8+ T Cell	173988	140027	7501	2033510	0.9586696714401424	0.06442356398809866	0.041330328559857625	0.9355764360119013
dataset_name-FR-FCM-Z238_infection_final_seed-42	dgcytof	num-2	run0	6	CD4+ T Cell (Central Memory)	CD4+ T Cell (Central Memory)	71930	1916	126173	2155007	0.3630939460785551	8.883024567868208e-4	0.636906053921445	0.9991116975432132
dataset_name-FR-FCM-Z238_infection_final_seed-42	dgcytof	num-2	run0	7	CD4+ T Cell (EMRA)	CD4+ T Cell (EMRA)	3671	7417	3506	2340432	0.5114950536435837	0.0031590617624898364	0.48850494635641634	0.9968409382375102
dataset_name-FR-FCM-Z238_infection_final_seed-42	dgcytof	num-2	run0	8	CD4+ T Cell (Effector Memory)	CD4+ T Cell (Effector Memory)	13729	3876	19095	2318326	0.4182610285157202	0.0016691054438847267	0.5817389714842798	0.9983308945561152
dataset_name-FR-FCM-Z238_infection_final_seed-42	dgcytof	num-2	run0	9	CD4+ T Cell (Naive)	CD4+ T Cell (Naive)	152832	62592	53628	2085974	0.7402499273467016	0.029131988498375196	0.25975007265329847	0.9708680115016248
dataset_name-FR-FCM-Z238_infection_final_seed-42	dgcytof	num-2	run0	10	CD4+ T Cell (Treg)	CD4+ T Cell (Treg)	36301	10528	17536	2290661	0.6742760555008637	0.004575026214709005	0.3257239444991363	0.995424973785291
dataset_name-FR-FCM-Z238_infection_final_seed-42	dgcytof	num-2	run0	11	CD4- CD8- T Cell	CD4- CD8- T Cell	148779	8589	15947	2181711	0.9031907531294392	0.003921380632790029	0.0968092468705608	0.99607861936721
dataset_name-FR-FCM-Z238_infection_final_seed-42	dgcytof	num-2	run0	12	CD8+ T Cell (Central Memory)	CD8+ T Cell (Central Memory)	19969	5704	8880	2320473	0.6921903705501057	0.0024520919947192323	0.30780962944989426	0.9975479080052808
dataset_name-FR-FCM-Z238_infection_final_seed-42	dgcytof	num-2	run0	13	CD8+ T Cell (EMRA)	CD8+ T Cell (EMRA)	21560	3357	19016	2311093	0.5313485804416404	0.0014504525913283934	0.4686514195583596	0.9985495474086716
dataset_name-FR-FCM-Z238_infection_final_seed-42	dgcytof	num-2	run0	14	CD8+ T Cell (Effector Memory)	CD8+ T Cell (Effector Memory)	4603	2463	2814	2345146	0.6206013212889309	0.0010491525633101594	0.3793986787110692	0.9989508474366898
dataset_name-FR-FCM-Z238_infection_final_seed-42	dgcytof	num-2	run0	15	CD8+ T Cell (Naive)	CD8+ T Cell (Naive)	166831	34268	5685	2148242	0.9670465348141621	0.015701188081612454	0.03295346518583783	0.9842988119183875
dataset_name-FR-FCM-Z238_infection_final_seed-42	dgcytof	num-2	run0	16	Debris	Debris	0	0	3465	2351561	0	0	1	1
dataset_name-FR-FCM-Z238_infection_final_seed-42	dgcytof	num-2	run0	17	Dendritic Cell (Type 1, CD141+)	Dendritic Cell (Type 1, CD141+)	311	79	7152	2347484	0.04167224976550985	3.365191903263086e-5	0.9583277502344901	0.9999663480809674
dataset_name-FR-FCM-Z238_infection_final_seed-42	dgcytof	num-2	run0	18	Dendritic Cell (Type 2, CD1c+)	Dendritic Cell (Type 2, CD1c+)	171	1501	235	2353119	0.4211822660098522	6.374701650372459e-4	0.5788177339901478	0.9993625298349628
dataset_name-FR-FCM-Z238_infection_final_seed-42	dgcytof	num-2	run0	19	Monocyte (CD14+ CD16+)	Monocyte (CD14+ CD16+)	85794	36500	12353	2220379	0.8741377729324381	0.01617277665306824	0.12586222706756192	0.9838272233469317
dataset_name-FR-FCM-Z238_infection_final_seed-42	dgcytof	num-2	run0	20	Monocyte (CD14+ CD16-)	Monocyte (CD14+ CD16-)	638415	19975	21745	1674891	0.9670610155113912	0.01178559248931774	0.032938984488608825	0.9882144075106822
dataset_name-FR-FCM-Z238_infection_final_seed-42	dgcytof	num-2	run0	21	Monocyte (CD14- CD16+)	Monocyte (CD14- CD16+)	10911	1525	16508	2326082	0.3979357379919034	6.55179332249817e-4	0.6020642620080966	0.9993448206677502
dataset_name-FR-FCM-Z238_infection_final_seed-42	dgcytof	num-2	run0	22	NK Cell (CD56+ CD16+)	NK Cell (CD56+ CD16+)	194589	13773	6600	2140064	0.9671950255729687	0.006394634320053003	0.0328049744270313	0.993605365679947
dataset_name-FR-FCM-Z238_infection_final_seed-42	dgcytof	num-2	run0	23	NK Cell (CD56+ CD16-)	NK Cell (CD56+ CD16-)	53119	6203	13777	2281927	0.7940534561109782	0.0027109473675009724	0.20594654388902175	0.997289052632499
dataset_name-FR-FCM-Z238_infection_final_seed-42	dgcytof	num-2	run0	24	Plasmacytoid Dendritic Cell	Plasmacytoid Dendritic Cell	30124	395	77	2324430	0.997450415549154	1.6990526168636348e-4	0.0025495844508459987	0.9998300947383136
dataset_name-FR-FCM-Z238_infection_final_seed-42	dgcytof	num-3	run0	1	B Cell (CD27-)	B Cell (CD27-)	107939	10001	3119	2285466	0.9719155756451584	0.0043568476479949395	0.028084424354841615	0.9956431523520051
dataset_name-FR-FCM-Z238_infection_final_seed-42	dgcytof	num-3	run0	2	B Cell (Memory)	B Cell (Memory)	29600	3261	9489	2364175	0.7572462841208524	0.0013774395590841738	0.2427537158791476	0.9986225604409158
dataset_name-FR-FCM-Z238_infection_final_seed-42	dgcytof	num-3	run0	3	B Cell (Plasmablast)	B Cell (Plasmablast)	3074	544	12395	2390512	0.19872002068653435	2.2751453750978647e-4	0.8012799793134656	0.9997724854624902
dataset_name-FR-FCM-Z238_infection_final_seed-42	dgcytof	num-3	run0	4	Basophil	Basophil	0	0	2334	2404191	0	0	1	1
dataset_name-FR-FCM-Z238_infection_final_seed-42	dgcytof	num-3	run0	5	CD4+ CD8+ T Cell	CD4+ CD8+ T Cell	0	0	188644	2217881	0	0	1	1
dataset_name-FR-FCM-Z238_infection_final_seed-42	dgcytof	num-3	run0	6	CD4+ T Cell (Central Memory)	CD4+ T Cell (Central Memory)	130575	65836	68377	2141737	0.6563140858096426	0.02982279634693847	0.3436859141903575	0.9701772036530615
dataset_name-FR-FCM-Z238_infection_final_seed-42	dgcytof	num-3	run0	7	CD4+ T Cell (EMRA)	CD4+ T Cell (EMRA)	4269	9224	3280	2389752	0.5655053649489998	0.003844973855511685	0.4344946350510001	0.9961550261444884
dataset_name-FR-FCM-Z238_infection_final_seed-42	dgcytof	num-3	run0	8	CD4+ T Cell (Effector Memory)	CD4+ T Cell (Effector Memory)	24935	17574	9110	2354906	0.7324129828168601	0.007407438629619638	0.26758701718314	0.9925925613703803
dataset_name-FR-FCM-Z238_infection_final_seed-42	dgcytof	num-3	run0	9	CD4+ T Cell (Naive)	CD4+ T Cell (Naive)	200319	160177	7946	2038083	0.9618466857129139	0.07286535714610647	0.03815331428708616	0.9271346428538936
dataset_name-FR-FCM-Z238_infection_final_seed-42	dgcytof	num-3	run0	10	CD4+ T Cell (Treg)	CD4+ T Cell (Treg)	40871	27808	13371	2324475	0.7534936027432617	0.011821706826942167	0.2465063972567383	0.9881782931730578
dataset_name-FR-FCM-Z238_infection_final_seed-42	dgcytof	num-3	run0	11	CD4- CD8- T Cell	CD4- CD8- T Cell	163486	129242	1608	2112189	0.9902600942493367	0.05766048564510797	0.009739905750663259	0.942339514354892
dataset_name-FR-FCM-Z238_infection_final_seed-42	dgcytof	num-3	run0	12	CD8+ T Cell (Central Memory)	CD8+ T Cell (Central Memory)	10830	2829	18271	2374595	0.37215215971959725	0.0011899434009246983	0.6278478402804027	0.9988100565990753
dataset_name-FR-FCM-Z238_infection_final_seed-42	dgcytof	num-3	run0	13	CD8+ T Cell (EMRA)	CD8+ T Cell (EMRA)	25853	14686	14660	2351326	0.6381408436798065	0.006207069110384901	0.3618591563201935	0.9937929308896151
dataset_name-FR-FCM-Z238_infection_final_seed-42	dgcytof	num-3	run0	14	CD8+ T Cell (Effector Memory)	CD8+ T Cell (Effector Memory)	2783	2384	4637	2396721	0.37506738544474394	9.937039020801507e-4	0.6249326145552561	0.9990062960979198
dataset_name-FR-FCM-Z238_infection_final_seed-42	dgcytof	num-3	run0	15	CD8+ T Cell (Naive)	CD8+ T Cell (Naive)	88073	3884	85767	2228801	0.5066325356649793	0.0017396094836486114	0.4933674643350207	0.9982603905163514
dataset_name-FR-FCM-Z238_infection_final_seed-42	dgcytof	num-3	run0	16	Debris	Debris	0	0	3465	2403060	0	0	1	1
dataset_name-FR-FCM-Z238_infection_final_seed-42	dgcytof	num-3	run0	17	Dendritic Cell (Type 1, CD141+)	Dendritic Cell (Type 1, CD141+)	0	0	7514	2399011	0	0	1	1
dataset_name-FR-FCM-Z238_infection_final_seed-42	dgcytof	num-3	run0	18	Dendritic Cell (Type 2, CD1c+)	Dendritic Cell (Type 2, CD1c+)	0	0	461	2406064	0	0	1	1
dataset_name-FR-FCM-Z238_infection_final_seed-42	dgcytof	num-3	run0	19	Monocyte (CD14+ CD16+)	Monocyte (CD14+ CD16+)	78493	29211	21704	2277117	0.7833867281455532	0.012665587895563858	0.21661327185444673	0.9873344121044362
dataset_name-FR-FCM-Z238_infection_final_seed-42	dgcytof	num-3	run0	20	Monocyte (CD14+ CD16-)	Monocyte (CD14+ CD16-)	655981	22489	23503	1704552	0.9654105173926096	0.013021694331518476	0.034589482607390316	0.9869783056684815
dataset_name-FR-FCM-Z238_infection_final_seed-42	dgcytof	num-3	run0	21	Monocyte (CD14- CD16+)	Monocyte (CD14- CD16+)	18887	8933	7391	2371314	0.7187381079229774	0.003752971855441893	0.2812618920770226	0.9962470281445581
dataset_name-FR-FCM-Z238_infection_final_seed-42	dgcytof	num-3	run0	22	NK Cell (CD56+ CD16+)	NK Cell (CD56+ CD16+)	207488	24671	4194	2170172	0.9801872620251132	0.01124043952118671	0.01981273797488686	0.9887595604788133
dataset_name-FR-FCM-Z238_infection_final_seed-42	dgcytof	num-3	run0	23	NK Cell (CD56+ CD16-)	NK Cell (CD56+ CD16-)	43640	3424	27160	2332301	0.6163841807909605	0.001465925997281358	0.38361581920903953	0.9985340740027187
dataset_name-FR-FCM-Z238_infection_final_seed-42	dgcytof	num-3	run0	24	Plasmacytoid Dendritic Cell	Plasmacytoid Dendritic Cell	30736	2515	293	2372981	0.9905572206645397	0.001058726261799641	0.009442779335460377	0.9989412737382004
dataset_name-FR-FCM-Z238_infection_final_seed-42	dgcytof	num-4	run0	1	B Cell (CD27-)	B Cell (CD27-)	106585	1638	2409	2283831	0.9778978659375746	7.167019110738321e-4	0.022102134062425456	0.9992832980889261
dataset_name-FR-FCM-Z238_infection_final_seed-42	dgcytof	num-4	run0	2	B Cell (Memory)	B Cell (Memory)	37046	2489	1346	2353582	0.9649406126276308	0.001056419776823364	0.035059387372369244	0.9989435802231766
dataset_name-FR-FCM-Z238_infection_final_seed-42	dgcytof	num-4	run0	3	B Cell (Plasmablast)	B Cell (Plasmablast)	14136	5620	1003	2373704	0.933747275249356	0.002362015429592607	0.06625272475064403	0.9976379845704074
dataset_name-FR-FCM-Z238_infection_final_seed-42	dgcytof	num-4	run0	4	Basophil	Basophil	0	0	2334	2392129	0	0	1	1
dataset_name-FR-FCM-Z238_infection_final_seed-42	dgcytof	num-4	run0	5	CD4+ CD8+ T Cell	CD4+ CD8+ T Cell	0	0	188644	2205819	0	0	1	1
dataset_name-FR-FCM-Z238_infection_final_seed-42	dgcytof	num-4	run0	6	CD4+ T Cell (Central Memory)	CD4+ T Cell (Central Memory)	170178	114710	26127	2083448	0.86690609001299	0.05218460183480896	0.13309390998701	0.947815398165191
dataset_name-FR-FCM-Z238_infection_final_seed-42	dgcytof	num-4	run0	7	CD4+ T Cell (EMRA)	CD4+ T Cell (EMRA)	2461	2352	5061	2384589	0.32717362403616057	9.853615987994676e-4	0.6728263759638394	0.9990146384012005
dataset_name-FR-FCM-Z238_infection_final_seed-42	dgcytof	num-4	run0	8	CD4+ T Cell (Effector Memory)	CD4+ T Cell (Effector Memory)	32121	36330	1794	2324218	0.9471030517470146	0.015390494071715551	0.0528969482529854	0.9846095059282844
dataset_name-FR-FCM-Z238_infection_final_seed-42	dgcytof	num-4	run0	9	CD4+ T Cell (Naive)	CD4+ T Cell (Naive)	162376	74188	44178	2113721	0.7861188841658839	0.033908174425901626	0.213881115834116	0.9660918255740983
dataset_name-FR-FCM-Z238_infection_final_seed-42	dgcytof	num-4	run0	10	CD4+ T Cell (Treg)	CD4+ T Cell (Treg)	49731	43603	4024	2297105	0.9251418472700214	0.018628124481994336	0.0748581527299786	0.9813718755180056
dataset_name-FR-FCM-Z238_infection_final_seed-42	dgcytof	num-4	run0	11	CD4- CD8- T Cell	CD4- CD8- T Cell	159340	149163	7667	2078293	0.9540917446574095	0.06696563254223653	0.04590825534259043	0.9330343674577635
dataset_name-FR-FCM-Z238_infection_final_seed-42	dgcytof	num-4	run0	12	CD8+ T Cell (Central Memory)	CD8+ T Cell (Central Memory)	7598	2951	21348	2362566	0.26248877219650385	0.0012475074159264128	0.7375112278034962	0.9987524925840736
dataset_name-FR-FCM-Z238_infection_final_seed-42	dgcytof	num-4	run0	13	CD8+ T Cell (EMRA)	CD8+ T Cell (EMRA)	16998	3692	20132	2353641	0.4577969297064368	0.0015661766920498717	0.5422030702935632	0.9984338233079502
dataset_name-FR-FCM-Z238_infection_final_seed-42	dgcytof	num-4	run0	14	CD8+ T Cell (Effector Memory)	CD8+ T Cell (Effector Memory)	1339	501	5957	2386666	0.1835252192982456	2.0987220416502072e-4	0.8164747807017544	0.999790127795835
dataset_name-FR-FCM-Z238_infection_final_seed-42	dgcytof	num-4	run0	15	CD8+ T Cell (Naive)	CD8+ T Cell (Naive)	57238	2451	114559	2220215	0.33317229055222153	0.0011027297848619632	0.6668277094477785	0.9988972702151381
dataset_name-FR-FCM-Z238_infection_final_seed-42	dgcytof	num-4	run0	16	Debris	Debris	0	0	3465	2390998	0	0	1	1
dataset_name-FR-FCM-Z238_infection_final_seed-42	dgcytof	num-4	run0	17	Dendritic Cell (Type 1, CD141+)	Dendritic Cell (Type 1, CD141+)	3350	5776	4041	2381296	0.4532539575158977	0.0024197007882460187	0.5467460424841023	0.997580299211754
dataset_name-FR-FCM-Z238_infection_final_seed-42	dgcytof	num-4	run0	18	Dendritic Cell (Type 2, CD1c+)	Dendritic Cell (Type 2, CD1c+)	0	0	461	2394002	0	0	1	1
dataset_name-FR-FCM-Z238_infection_final_seed-42	dgcytof	num-4	run0	19	Monocyte (CD14+ CD16+)	Monocyte (CD14+ CD16+)	66565	9423	33621	2284854	0.6644141896073303	0.004107176247680642	0.33558581039266966	0.9958928237523194
dataset_name-FR-FCM-Z238_infection_final_seed-42	dgcytof	num-4	run0	20	Monocyte (CD14+ CD16-)	Monocyte (CD14+ CD16-)	672813	39694	5893	1676063	0.9913173008637024	0.023134977738689104	0.008682699136297602	0.9768650222613109
dataset_name-FR-FCM-Z238_infection_final_seed-42	dgcytof	num-4	run0	21	Monocyte (CD14- CD16+)	Monocyte (CD14- CD16+)	18398	3673	8789	2363603	0.6767204914113363	0.0015515723557371426	0.3232795085886637	0.9984484276442629
dataset_name-FR-FCM-Z238_infection_final_seed-42	dgcytof	num-4	run0	22	NK Cell (CD56+ CD16+)	NK Cell (CD56+ CD16+)	203607	15522	8040	2167294	0.9620122184580929	0.007110997903625409	0.037987781541907045	0.9928890020963745
dataset_name-FR-FCM-Z238_infection_final_seed-42	dgcytof	num-4	run0	23	NK Cell (CD56+ CD16-)	NK Cell (CD56+ CD16-)	55224	10823	15549	2312867	0.7802975711076258	0.004657678089590264	0.2197024288923742	0.9953423219104097
dataset_name-FR-FCM-Z238_infection_final_seed-42	dgcytof	num-4	run0	24	Plasmacytoid Dendritic Cell	Plasmacytoid Dendritic Cell	30644	2116	273	2361430	0.9911699065239189	8.952649959002278e-4	0.00883009347608112	0.9991047350040998
dataset_name-FR-FCM-Z238_infection_final_seed-42	dgcytof	num-5	run0	1	B Cell (CD27-)	B Cell (CD27-)	105245	3097	5289	2275622	0.9521504695387845	0.0013590969312144235	0.04784953046121555	0.9986409030687856
dataset_name-FR-FCM-Z238_infection_final_seed-42	dgcytof	num-5	run0	2	B Cell (Memory)	B Cell (Memory)	35848	5249	3137	2345019	0.9195331537770938	0.0022333623229350867	0.08046684622290624	0.9977666376770649
dataset_name-FR-FCM-Z238_infection_final_seed-42	dgcytof	num-5	run0	3	B Cell (Plasmablast)	B Cell (Plasmablast)	8880	1983	6721	2371669	0.5691942824177937	8.354215360971195e-4	0.43080571758220626	0.9991645784639028
dataset_name-FR-FCM-Z238_infection_final_seed-42	dgcytof	num-5	run0	4	Basophil	Basophil	0	0	2334	2386919	0	0	1	1
dataset_name-FR-FCM-Z238_infection_final_seed-42	dgcytof	num-5	run0	5	CD4+ CD8+ T Cell	CD4+ CD8+ T Cell	157490	110677	28757	2092329	0.8455975129800748	0.05023908241738788	0.15440248701992515	0.9497609175826122
dataset_name-FR-FCM-Z238_infection_final_seed-42	dgcytof	num-5	run0	6	CD4+ T Cell (Central Memory)	CD4+ T Cell (Central Memory)	138218	68548	60940	2121547	0.6940117896343606	0.03129909889753641	0.30598821036563933	0.9687009011024635
dataset_name-FR-FCM-Z238_infection_final_seed-42	dgcytof	num-5	run0	7	CD4+ T Cell (EMRA)	CD4+ T Cell (EMRA)	897	362	6589	2381405	0.11982367085225755	1.5198799882608165e-4	0.8801763291477425	0.9998480120011739
dataset_name-FR-FCM-Z238_infection_final_seed-42	dgcytof	num-5	run0	8	CD4+ T Cell (Effector Memory)	CD4+ T Cell (Effector Memory)	25625	17539	8231	2337858	0.7568820888468809	0.0074463031072893445	0.2431179111531191	0.9925536968927107
dataset_name-FR-FCM-Z238_infection_final_seed-42	dgcytof	num-5	run0	9	CD4+ T Cell (Naive)	CD4+ T Cell (Naive)	102832	8228	105983	2172210	0.4924550439384144	0.0037735537538788077	0.5075449560615856	0.9962264462461212
dataset_name-FR-FCM-Z238_infection_final_seed-42	dgcytof	num-5	run0	10	CD4+ T Cell (Treg)	CD4+ T Cell (Treg)	40308	23496	13868	2311581	0.7440194920259894	0.010062194951172916	0.2559805079740106	0.9899378050488271
dataset_name-FR-FCM-Z238_infection_final_seed-42	dgcytof	num-5	run0	11	CD4- CD8- T Cell	CD4- CD8- T Cell	154975	18950	9489	2205839	0.942303482829069	0.008517661674882427	0.05769651717093102	0.9914823383251176
dataset_name-FR-FCM-Z238_infection_final_seed-42	dgcytof	num-5	run0	12	CD8+ T Cell (Central Memory)	CD8+ T Cell (Central Memory)	20581	10845	8654	2349173	0.7039849495467762	0.0045953039341225365	0.29601505045322385	0.9954046960658774
dataset_name-FR-FCM-Z238_infection_final_seed-42	dgcytof	num-5	run0	13	CD8+ T Cell (EMRA)	CD8+ T Cell (EMRA)	34341	15675	3690	2335547	0.9029738897215429	0.006666746058007283	0.09702611027845705	0.9933332539419927
dataset_name-FR-FCM-Z238_infection_final_seed-42	dgcytof	num-5	run0	14	CD8+ T Cell (Effector Memory)	CD8+ T Cell (Effector Memory)	4646	4343	2856	2377408	0.6193015195947748	0.0018234483789447344	0.38069848040522525	0.9981765516210552
dataset_name-FR-FCM-Z238_infection_final_seed-42	dgcytof	num-5	run0	15	CD8+ T Cell (Naive)	CD8+ T Cell (Naive)	144383	7467	28560	2208843	0.8348588841410176	0.0033691135265373527	0.16514111585898245	0.9966308864734627
dataset_name-FR-FCM-Z238_infection_final_seed-42	dgcytof	num-5	run0	16	Debris	Debris	0	0	3465	2385788	0	0	1	1
dataset_name-FR-FCM-Z238_infection_final_seed-42	dgcytof	num-5	run0	17	Dendritic Cell (Type 1, CD141+)	Dendritic Cell (Type 1, CD141+)	552	607	6928	2381166	0.07379679144385026	2.548521626536198e-4	0.9262032085561497	0.9997451478373464
dataset_name-FR-FCM-Z238_infection_final_seed-42	dgcytof	num-5	run0	18	Dendritic Cell (Type 2, CD1c+)	Dendritic Cell (Type 2, CD1c+)	0	0	461	2388792	0	0	1	1
dataset_name-FR-FCM-Z238_infection_final_seed-42	dgcytof	num-5	run0	19	Monocyte (CD14+ CD16+)	Monocyte (CD14+ CD16+)	72724	15057	26016	2275456	0.7365201539396394	0.006573636560892691	0.26347984606036057	0.9934263634391073
dataset_name-FR-FCM-Z238_infection_final_seed-42	dgcytof	num-5	run0	20	Monocyte (CD14+ CD16-)	Monocyte (CD14+ CD16-)	666617	35896	5873	1680867	0.9912667846362028	0.020909117915518916	0.008733215363797231	0.979090882084481
dataset_name-FR-FCM-Z238_infection_final_seed-42	dgcytof	num-5	run0	21	Monocyte (CD14- CD16+)	Monocyte (CD14- CD16+)	14117	675	12978	2361483	0.5210186381251153	2.8575565224680144e-4	0.47898136187488466	0.9997142443477532
dataset_name-FR-FCM-Z238_infection_final_seed-42	dgcytof	num-5	run0	22	NK Cell (CD56+ CD16+)	NK Cell (CD56+ CD16+)	204823	21827	3937	2158666	0.9811410231845181	0.010010121564251753	0.018858976815481893	0.9899898784357483
dataset_name-FR-FCM-Z238_infection_final_seed-42	dgcytof	num-5	run0	23	NK Cell (CD56+ CD16-)	NK Cell (CD56+ CD16-)	48596	3704	21802	2315151	0.6903037018097105	0.0015973400665414612	0.3096962981902895	0.9984026599334586
dataset_name-FR-FCM-Z238_infection_final_seed-42	dgcytof	num-5	run0	24	Plasmacytoid Dendritic Cell	Plasmacytoid Dendritic Cell	30913	2417	84	2355839	0.9972900603284188	0.0010249099334423404	0.0027099396715811208	0.9989750900665577
dataset_name-FR-FCM-Z238_infection_final_seed-42	gatemeclass	num-1	run0	1	B Cell (CD27-)	B Cell (CD27-)	0	0	110209	2293748	0	0	1	1
dataset_name-FR-FCM-Z238_infection_final_seed-42	gatemeclass	num-1	run0	2	B Cell (Memory)	B Cell (Memory)	0	0	39201	2364756	0	0	1	1
dataset_name-FR-FCM-Z238_infection_final_seed-42	gatemeclass	num-1	run0	3	B Cell (Plasmablast)	B Cell (Plasmablast)	0	0	15629	2388328	0	0	1	1
dataset_name-FR-FCM-Z238_infection_final_seed-42	gatemeclass	num-1	run0	4	Basophil	Basophil	0	0	2317	2401640	0	0	1	1
dataset_name-FR-FCM-Z238_infection_final_seed-42	gatemeclass	num-1	run0	5	CD4+ CD8+ T Cell	CD4+ CD8+ T Cell	0	0	186698	2217259	0	0	1	1
dataset_name-FR-FCM-Z238_infection_final_seed-42	gatemeclass	num-1	run0	6	CD4+ T Cell (Central Memory)	CD4+ T Cell (Central Memory)	0	0	197223	2206734	0	0	1	1
dataset_name-FR-FCM-Z238_infection_final_seed-42	gatemeclass	num-1	run0	7	CD4+ T Cell (EMRA)	CD4+ T Cell (EMRA)	0	0	7544	2396413	0	0	1	1
dataset_name-FR-FCM-Z238_infection_final_seed-42	gatemeclass	num-1	run0	8	CD4+ T Cell (Effector Memory)	CD4+ T Cell (Effector Memory)	0	0	33701	2370256	0	0	1	1
dataset_name-FR-FCM-Z238_infection_final_seed-42	gatemeclass	num-1	run0	9	CD4+ T Cell (Naive)	CD4+ T Cell (Naive)	0	0	207118	2196839	0	0	1	1
dataset_name-FR-FCM-Z238_infection_final_seed-42	gatemeclass	num-1	run0	10	CD4+ T Cell (Treg)	CD4+ T Cell (Treg)	0	0	53998	2349959	0	0	1	1
dataset_name-FR-FCM-Z238_infection_final_seed-42	gatemeclass	num-1	run0	11	CD4- CD8- T Cell	CD4- CD8- T Cell	0	0	166829	2237128	0	0	1	1
dataset_name-FR-FCM-Z238_infection_final_seed-42	gatemeclass	num-1	run0	12	CD8+ T Cell (Central Memory)	CD8+ T Cell (Central Memory)	0	0	28774	2375183	0	0	1	1
dataset_name-FR-FCM-Z238_infection_final_seed-42	gatemeclass	num-1	run0	13	CD8+ T Cell (EMRA)	CD8+ T Cell (EMRA)	0	0	40753	2363204	0	0	1	1
dataset_name-FR-FCM-Z238_infection_final_seed-42	gatemeclass	num-1	run0	14	CD8+ T Cell (Effector Memory)	CD8+ T Cell (Effector Memory)	0	0	7437	2396520	0	0	1	1
dataset_name-FR-FCM-Z238_infection_final_seed-42	gatemeclass	num-1	run0	15	CD8+ T Cell (Naive)	CD8+ T Cell (Naive)	0	0	173067	2230890	0	0	1	1
dataset_name-FR-FCM-Z238_infection_final_seed-42	gatemeclass	num-1	run0	16	Debris	Debris	0	0	3465	2400492	0	0	1	1
dataset_name-FR-FCM-Z238_infection_final_seed-42	gatemeclass	num-1	run0	17	Dendritic Cell (Type 1, CD141+)	Dendritic Cell (Type 1, CD141+)	0	0	7348	2396609	0	0	1	1
dataset_name-FR-FCM-Z238_infection_final_seed-42	gatemeclass	num-1	run0	18	Dendritic Cell (Type 2, CD1c+)	Dendritic Cell (Type 2, CD1c+)	0	0	461	2403496	0	0	1	1
dataset_name-FR-FCM-Z238_infection_final_seed-42	gatemeclass	num-1	run0	19	Monocyte (CD14+ CD16+)	Monocyte (CD14+ CD16+)	0	0	100768	2303189	0	0	1	1
dataset_name-FR-FCM-Z238_infection_final_seed-42	gatemeclass	num-1	run0	20	Monocyte (CD14+ CD16-)	Monocyte (CD14+ CD16-)	0	0	682164	1721793	0	0	1	1
dataset_name-FR-FCM-Z238_infection_final_seed-42	gatemeclass	num-1	run0	21	Monocyte (CD14- CD16+)	Monocyte (CD14- CD16+)	0	0	26814	2377143	0	0	1	1
dataset_name-FR-FCM-Z238_infection_final_seed-42	gatemeclass	num-1	run0	22	NK Cell (CD56+ CD16+)	NK Cell (CD56+ CD16+)	0	0	211586	2192371	0	0	1	1
dataset_name-FR-FCM-Z238_infection_final_seed-42	gatemeclass	num-1	run0	23	NK Cell (CD56+ CD16-)	NK Cell (CD56+ CD16-)	0	0	69770	2334187	0	0	1	1
dataset_name-FR-FCM-Z238_infection_final_seed-42	gatemeclass	num-1	run0	24	Plasmacytoid Dendritic Cell	Plasmacytoid Dendritic Cell	0	0	31083	2372874	0	0	1	1
dataset_name-FR-FCM-Z238_infection_final_seed-42	gatemeclass	num-2	run0	1	B Cell (CD27-)	B Cell (CD27-)	0	0	109971	2245055	0	0	1	1
dataset_name-FR-FCM-Z238_infection_final_seed-42	gatemeclass	num-2	run0	2	B Cell (Memory)	B Cell (Memory)	0	0	38718	2316308	0	0	1	1
dataset_name-FR-FCM-Z238_infection_final_seed-42	gatemeclass	num-2	run0	3	B Cell (Plasmablast)	B Cell (Plasmablast)	0	0	14868	2340158	0	0	1	1
dataset_name-FR-FCM-Z238_infection_final_seed-42	gatemeclass	num-2	run0	4	Basophil	Basophil	0	0	2149	2352877	0	0	1	1
dataset_name-FR-FCM-Z238_infection_final_seed-42	gatemeclass	num-2	run0	5	CD4+ CD8+ T Cell	CD4+ CD8+ T Cell	0	0	181489	2173537	0	0	1	1
dataset_name-FR-FCM-Z238_infection_final_seed-42	gatemeclass	num-2	run0	6	CD4+ T Cell (Central Memory)	CD4+ T Cell (Central Memory)	0	0	198103	2156923	0	0	1	1
dataset_name-FR-FCM-Z238_infection_final_seed-42	gatemeclass	num-2	run0	7	CD4+ T Cell (EMRA)	CD4+ T Cell (EMRA)	0	0	7177	2347849	0	0	1	1
dataset_name-FR-FCM-Z238_infection_final_seed-42	gatemeclass	num-2	run0	8	CD4+ T Cell (Effector Memory)	CD4+ T Cell (Effector Memory)	0	0	32824	2322202	0	0	1	1
dataset_name-FR-FCM-Z238_infection_final_seed-42	gatemeclass	num-2	run0	9	CD4+ T Cell (Naive)	CD4+ T Cell (Naive)	0	0	206460	2148566	0	0	1	1
dataset_name-FR-FCM-Z238_infection_final_seed-42	gatemeclass	num-2	run0	10	CD4+ T Cell (Treg)	CD4+ T Cell (Treg)	0	0	53837	2301189	0	0	1	1
dataset_name-FR-FCM-Z238_infection_final_seed-42	gatemeclass	num-2	run0	11	CD4- CD8- T Cell	CD4- CD8- T Cell	0	0	164726	2190300	0	0	1	1
dataset_name-FR-FCM-Z238_infection_final_seed-42	gatemeclass	num-2	run0	12	CD8+ T Cell (Central Memory)	CD8+ T Cell (Central Memory)	0	0	28849	2326177	0	0	1	1
dataset_name-FR-FCM-Z238_infection_final_seed-42	gatemeclass	num-2	run0	13	CD8+ T Cell (EMRA)	CD8+ T Cell (EMRA)	0	0	40576	2314450	0	0	1	1
dataset_name-FR-FCM-Z238_infection_final_seed-42	gatemeclass	num-2	run0	14	CD8+ T Cell (Effector Memory)	CD8+ T Cell (Effector Memory)	0	0	7417	2347609	0	0	1	1
dataset_name-FR-FCM-Z238_infection_final_seed-42	gatemeclass	num-2	run0	15	CD8+ T Cell (Naive)	CD8+ T Cell (Naive)	0	0	172516	2182510	0	0	1	1
dataset_name-FR-FCM-Z238_infection_final_seed-42	gatemeclass	num-2	run0	16	Debris	Debris	0	0	3465	2351561	0	0	1	1
dataset_name-FR-FCM-Z238_infection_final_seed-42	gatemeclass	num-2	run0	17	Dendritic Cell (Type 1, CD141+)	Dendritic Cell (Type 1, CD141+)	0	0	7463	2347563	0	0	1	1
dataset_name-FR-FCM-Z238_infection_final_seed-42	gatemeclass	num-2	run0	18	Dendritic Cell (Type 2, CD1c+)	Dendritic Cell (Type 2, CD1c+)	0	0	406	2354620	0	0	1	1
dataset_name-FR-FCM-Z238_infection_final_seed-42	gatemeclass	num-2	run0	19	Monocyte (CD14+ CD16+)	Monocyte (CD14+ CD16+)	0	0	98147	2256879	0	0	1	1
dataset_name-FR-FCM-Z238_infection_final_seed-42	gatemeclass	num-2	run0	20	Monocyte (CD14+ CD16-)	Monocyte (CD14+ CD16-)	0	0	660160	1694866	0	0	1	1
dataset_name-FR-FCM-Z238_infection_final_seed-42	gatemeclass	num-2	run0	21	Monocyte (CD14- CD16+)	Monocyte (CD14- CD16+)	0	0	27419	2327607	0	0	1	1
dataset_name-FR-FCM-Z238_infection_final_seed-42	gatemeclass	num-2	run0	22	NK Cell (CD56+ CD16+)	NK Cell (CD56+ CD16+)	0	0	201189	2153837	0	0	1	1
dataset_name-FR-FCM-Z238_infection_final_seed-42	gatemeclass	num-2	run0	23	NK Cell (CD56+ CD16-)	NK Cell (CD56+ CD16-)	0	0	66896	2288130	0	0	1	1
dataset_name-FR-FCM-Z238_infection_final_seed-42	gatemeclass	num-2	run0	24	Plasmacytoid Dendritic Cell	Plasmacytoid Dendritic Cell	0	0	30201	2324825	0	0	1	1
dataset_name-FR-FCM-Z238_infection_final_seed-42	gatemeclass	num-3	run0	1	B Cell (CD27-)	B Cell (CD27-)	0	0	111058	2295467	0	0	1	1
dataset_name-FR-FCM-Z238_infection_final_seed-42	gatemeclass	num-3	run0	2	B Cell (Memory)	B Cell (Memory)	0	0	39089	2367436	0	0	1	1
dataset_name-FR-FCM-Z238_infection_final_seed-42	gatemeclass	num-3	run0	3	B Cell (Plasmablast)	B Cell (Plasmablast)	0	0	15469	2391056	0	0	1	1
dataset_name-FR-FCM-Z238_infection_final_seed-42	gatemeclass	num-3	run0	4	Basophil	Basophil	0	0	2334	2404191	0	0	1	1
dataset_name-FR-FCM-Z238_infection_final_seed-42	gatemeclass	num-3	run0	5	CD4+ CD8+ T Cell	CD4+ CD8+ T Cell	0	0	188644	2217881	0	0	1	1
dataset_name-FR-FCM-Z238_infection_final_seed-42	gatemeclass	num-3	run0	6	CD4+ T Cell (Central Memory)	CD4+ T Cell (Central Memory)	0	0	198952	2207573	0	0	1	1
dataset_name-FR-FCM-Z238_infection_final_seed-42	gatemeclass	num-3	run0	7	CD4+ T Cell (EMRA)	CD4+ T Cell (EMRA)	0	0	7549	2398976	0	0	1	1
dataset_name-FR-FCM-Z238_infection_final_seed-42	gatemeclass	num-3	run0	8	CD4+ T Cell (Effector Memory)	CD4+ T Cell (Effector Memory)	0	0	34045	2372480	0	0	1	1
dataset_name-FR-FCM-Z238_infection_final_seed-42	gatemeclass	num-3	run0	9	CD4+ T Cell (Naive)	CD4+ T Cell (Naive)	0	0	208265	2198260	0	0	1	1
dataset_name-FR-FCM-Z238_infection_final_seed-42	gatemeclass	num-3	run0	10	CD4+ T Cell (Treg)	CD4+ T Cell (Treg)	0	0	54242	2352283	0	0	1	1
dataset_name-FR-FCM-Z238_infection_final_seed-42	gatemeclass	num-3	run0	11	CD4- CD8- T Cell	CD4- CD8- T Cell	0	0	165094	2241431	0	0	1	1
dataset_name-FR-FCM-Z238_infection_final_seed-42	gatemeclass	num-3	run0	12	CD8+ T Cell (Central Memory)	CD8+ T Cell (Central Memory)	0	0	29101	2377424	0	0	1	1
dataset_name-FR-FCM-Z238_infection_final_seed-42	gatemeclass	num-3	run0	13	CD8+ T Cell (EMRA)	CD8+ T Cell (EMRA)	0	0	40513	2366012	0	0	1	1
dataset_name-FR-FCM-Z238_infection_final_seed-42	gatemeclass	num-3	run0	14	CD8+ T Cell (Effector Memory)	CD8+ T Cell (Effector Memory)	0	0	7420	2399105	0	0	1	1
dataset_name-FR-FCM-Z238_infection_final_seed-42	gatemeclass	num-3	run0	15	CD8+ T Cell (Naive)	CD8+ T Cell (Naive)	0	0	173840	2232685	0	0	1	1
dataset_name-FR-FCM-Z238_infection_final_seed-42	gatemeclass	num-3	run0	16	Debris	Debris	0	0	3465	2403060	0	0	1	1
dataset_name-FR-FCM-Z238_infection_final_seed-42	gatemeclass	num-3	run0	17	Dendritic Cell (Type 1, CD141+)	Dendritic Cell (Type 1, CD141+)	0	0	7514	2399011	0	0	1	1
dataset_name-FR-FCM-Z238_infection_final_seed-42	gatemeclass	num-3	run0	18	Dendritic Cell (Type 2, CD1c+)	Dendritic Cell (Type 2, CD1c+)	0	0	461	2406064	0	0	1	1
dataset_name-FR-FCM-Z238_infection_final_seed-42	gatemeclass	num-3	run0	19	Monocyte (CD14+ CD16+)	Monocyte (CD14+ CD16+)	0	0	100197	2306328	0	0	1	1
dataset_name-FR-FCM-Z238_infection_final_seed-42	gatemeclass	num-3	run0	20	Monocyte (CD14+ CD16-)	Monocyte (CD14+ CD16-)	0	0	679484	1727041	0	0	1	1
dataset_name-FR-FCM-Z238_infection_final_seed-42	gatemeclass	num-3	run0	21	Monocyte (CD14- CD16+)	Monocyte (CD14- CD16+)	0	0	26278	2380247	0	0	1	1
dataset_name-FR-FCM-Z238_infection_final_seed-42	gatemeclass	num-3	run0	22	NK Cell (CD56+ CD16+)	NK Cell (CD56+ CD16+)	0	0	211682	2194843	0	0	1	1
dataset_name-FR-FCM-Z238_infection_final_seed-42	gatemeclass	num-3	run0	23	NK Cell (CD56+ CD16-)	NK Cell (CD56+ CD16-)	0	0	70800	2335725	0	0	1	1
dataset_name-FR-FCM-Z238_infection_final_seed-42	gatemeclass	num-3	run0	24	Plasmacytoid Dendritic Cell	Plasmacytoid Dendritic Cell	0	0	31029	2375496	0	0	1	1
dataset_name-FR-FCM-Z238_infection_final_seed-42	gatemeclass	num-4	run0	1	B Cell (CD27-)	B Cell (CD27-)	0	0	108994	2285469	0	0	1	1
dataset_name-FR-FCM-Z238_infection_final_seed-42	gatemeclass	num-4	run0	2	B Cell (Memory)	B Cell (Memory)	0	0	38392	2356071	0	0	1	1
dataset_name-FR-FCM-Z238_infection_final_seed-42	gatemeclass	num-4	run0	3	B Cell (Plasmablast)	B Cell (Plasmablast)	0	0	15139	2379324	0	0	1	1
dataset_name-FR-FCM-Z238_infection_final_seed-42	gatemeclass	num-4	run0	4	Basophil	Basophil	0	0	2334	2392129	0	0	1	1
dataset_name-FR-FCM-Z238_infection_final_seed-42	gatemeclass	num-4	run0	5	CD4+ CD8+ T Cell	CD4+ CD8+ T Cell	0	0	188644	2205819	0	0	1	1
dataset_name-FR-FCM-Z238_infection_final_seed-42	gatemeclass	num-4	run0	6	CD4+ T Cell (Central Memory)	CD4+ T Cell (Central Memory)	0	0	196305	2198158	0	0	1	1
dataset_name-FR-FCM-Z238_infection_final_seed-42	gatemeclass	num-4	run0	7	CD4+ T Cell (EMRA)	CD4+ T Cell (EMRA)	0	0	7522	2386941	0	0	1	1
dataset_name-FR-FCM-Z238_infection_final_seed-42	gatemeclass	num-4	run0	8	CD4+ T Cell (Effector Memory)	CD4+ T Cell (Effector Memory)	0	0	33915	2360548	0	0	1	1
dataset_name-FR-FCM-Z238_infection_final_seed-42	gatemeclass	num-4	run0	9	CD4+ T Cell (Naive)	CD4+ T Cell (Naive)	0	0	206554	2187909	0	0	1	1
dataset_name-FR-FCM-Z238_infection_final_seed-42	gatemeclass	num-4	run0	10	CD4+ T Cell (Treg)	CD4+ T Cell (Treg)	0	0	53755	2340708	0	0	1	1
dataset_name-FR-FCM-Z238_infection_final_seed-42	gatemeclass	num-4	run0	11	CD4- CD8- T Cell	CD4- CD8- T Cell	0	0	167007	2227456	0	0	1	1
dataset_name-FR-FCM-Z238_infection_final_seed-42	gatemeclass	num-4	run0	12	CD8+ T Cell (Central Memory)	CD8+ T Cell (Central Memory)	0	0	28946	2365517	0	0	1	1
dataset_name-FR-FCM-Z238_infection_final_seed-42	gatemeclass	num-4	run0	13	CD8+ T Cell (EMRA)	CD8+ T Cell (EMRA)	0	0	37130	2357333	0	0	1	1
dataset_name-FR-FCM-Z238_infection_final_seed-42	gatemeclass	num-4	run0	14	CD8+ T Cell (Effector Memory)	CD8+ T Cell (Effector Memory)	0	0	7296	2387167	0	0	1	1
dataset_name-FR-FCM-Z238_infection_final_seed-42	gatemeclass	num-4	run0	15	CD8+ T Cell (Naive)	CD8+ T Cell (Naive)	0	0	171797	2222666	0	0	1	1
dataset_name-FR-FCM-Z238_infection_final_seed-42	gatemeclass	num-4	run0	16	Debris	Debris	0	0	3465	2390998	0	0	1	1
dataset_name-FR-FCM-Z238_infection_final_seed-42	gatemeclass	num-4	run0	17	Dendritic Cell (Type 1, CD141+)	Dendritic Cell (Type 1, CD141+)	0	0	7391	2387072	0	0	1	1
dataset_name-FR-FCM-Z238_infection_final_seed-42	gatemeclass	num-4	run0	18	Dendritic Cell (Type 2, CD1c+)	Dendritic Cell (Type 2, CD1c+)	0	0	461	2394002	0	0	1	1
dataset_name-FR-FCM-Z238_infection_final_seed-42	gatemeclass	num-4	run0	19	Monocyte (CD14+ CD16+)	Monocyte (CD14+ CD16+)	0	0	100186	2294277	0	0	1	1
dataset_name-FR-FCM-Z238_infection_final_seed-42	gatemeclass	num-4	run0	20	Monocyte (CD14+ CD16-)	Monocyte (CD14+ CD16-)	0	0	678706	1715757	0	0	1	1
dataset_name-FR-FCM-Z238_infection_final_seed-42	gatemeclass	num-4	run0	21	Monocyte (CD14- CD16+)	Monocyte (CD14- CD16+)	0	0	27187	2367276	0	0	1	1
dataset_name-FR-FCM-Z238_infection_final_seed-42	gatemeclass	num-4	run0	22	NK Cell (CD56+ CD16+)	NK Cell (CD56+ CD16+)	0	0	211647	2182816	0	0	1	1
dataset_name-FR-FCM-Z238_infection_final_seed-42	gatemeclass	num-4	run0	23	NK Cell (CD56+ CD16-)	NK Cell (CD56+ CD16-)	0	0	70773	2323690	0	0	1	1
dataset_name-FR-FCM-Z238_infection_final_seed-42	gatemeclass	num-4	run0	24	Plasmacytoid Dendritic Cell	Plasmacytoid Dendritic Cell	0	0	30917	2363546	0	0	1	1
dataset_name-FR-FCM-Z238_infection_final_seed-42	gatemeclass	num-5	run0	1	B Cell (CD27-)	B Cell (CD27-)	0	0	110534	2278719	0	0	1	1
dataset_name-FR-FCM-Z238_infection_final_seed-42	gatemeclass	num-5	run0	2	B Cell (Memory)	B Cell (Memory)	0	0	38985	2350268	0	0	1	1
dataset_name-FR-FCM-Z238_infection_final_seed-42	gatemeclass	num-5	run0	3	B Cell (Plasmablast)	B Cell (Plasmablast)	0	0	15601	2373652	0	0	1	1
dataset_name-FR-FCM-Z238_infection_final_seed-42	gatemeclass	num-5	run0	4	Basophil	Basophil	0	0	2334	2386919	0	0	1	1
dataset_name-FR-FCM-Z238_infection_final_seed-42	gatemeclass	num-5	run0	5	CD4+ CD8+ T Cell	CD4+ CD8+ T Cell	0	0	186247	2203006	0	0	1	1
dataset_name-FR-FCM-Z238_infection_final_seed-42	gatemeclass	num-5	run0	6	CD4+ T Cell (Central Memory)	CD4+ T Cell (Central Memory)	0	0	199158	2190095	0	0	1	1
dataset_name-FR-FCM-Z238_infection_final_seed-42	gatemeclass	num-5	run0	7	CD4+ T Cell (EMRA)	CD4+ T Cell (EMRA)	0	0	7486	2381767	0	0	1	1
dataset_name-FR-FCM-Z238_infection_final_seed-42	gatemeclass	num-5	run0	8	CD4+ T Cell (Effector Memory)	CD4+ T Cell (Effector Memory)	0	0	33856	2355397	0	0	1	1
dataset_name-FR-FCM-Z238_infection_final_seed-42	gatemeclass	num-5	run0	9	CD4+ T Cell (Naive)	CD4+ T Cell (Naive)	0	0	208815	2180438	0	0	1	1
dataset_name-FR-FCM-Z238_infection_final_seed-42	gatemeclass	num-5	run0	10	CD4+ T Cell (Treg)	CD4+ T Cell (Treg)	0	0	54176	2335077	0	0	1	1
dataset_name-FR-FCM-Z238_infection_final_seed-42	gatemeclass	num-5	run0	11	CD4- CD8- T Cell	CD4- CD8- T Cell	0	0	164464	2224789	0	0	1	1
dataset_name-FR-FCM-Z238_infection_final_seed-42	gatemeclass	num-5	run0	12	CD8+ T Cell (Central Memory)	CD8+ T Cell (Central Memory)	0	0	29235	2360018	0	0	1	1
dataset_name-FR-FCM-Z238_infection_final_seed-42	gatemeclass	num-5	run0	13	CD8+ T Cell (EMRA)	CD8+ T Cell (EMRA)	0	0	38031	2351222	0	0	1	1
dataset_name-FR-FCM-Z238_infection_final_seed-42	gatemeclass	num-5	run0	14	CD8+ T Cell (Effector Memory)	CD8+ T Cell (Effector Memory)	0	0	7502	2381751	0	0	1	1
dataset_name-FR-FCM-Z238_infection_final_seed-42	gatemeclass	num-5	run0	15	CD8+ T Cell (Naive)	CD8+ T Cell (Naive)	0	0	172943	2216310	0	0	1	1
dataset_name-FR-FCM-Z238_infection_final_seed-42	gatemeclass	num-5	run0	16	Debris	Debris	0	0	3465	2385788	0	0	1	1
dataset_name-FR-FCM-Z238_infection_final_seed-42	gatemeclass	num-5	run0	17	Dendritic Cell (Type 1, CD141+)	Dendritic Cell (Type 1, CD141+)	0	0	7480	2381773	0	0	1	1
dataset_name-FR-FCM-Z238_infection_final_seed-42	gatemeclass	num-5	run0	18	Dendritic Cell (Type 2, CD1c+)	Dendritic Cell (Type 2, CD1c+)	0	0	461	2388792	0	0	1	1
dataset_name-FR-FCM-Z238_infection_final_seed-42	gatemeclass	num-5	run0	19	Monocyte (CD14+ CD16+)	Monocyte (CD14+ CD16+)	0	0	98740	2290513	0	0	1	1
dataset_name-FR-FCM-Z238_infection_final_seed-42	gatemeclass	num-5	run0	20	Monocyte (CD14+ CD16-)	Monocyte (CD14+ CD16-)	0	0	672490	1716763	0	0	1	1
dataset_name-FR-FCM-Z238_infection_final_seed-42	gatemeclass	num-5	run0	21	Monocyte (CD14- CD16+)	Monocyte (CD14- CD16+)	0	0	27095	2362158	0	0	1	1
dataset_name-FR-FCM-Z238_infection_final_seed-42	gatemeclass	num-5	run0	22	NK Cell (CD56+ CD16+)	NK Cell (CD56+ CD16+)	0	0	208760	2180493	0	0	1	1
dataset_name-FR-FCM-Z238_infection_final_seed-42	gatemeclass	num-5	run0	23	NK Cell (CD56+ CD16-)	NK Cell (CD56+ CD16-)	0	0	70398	2318855	0	0	1	1
dataset_name-FR-FCM-Z238_infection_final_seed-42	gatemeclass	num-5	run0	24	Plasmacytoid Dendritic Cell	Plasmacytoid Dendritic Cell	0	0	30997	2358256	0	0	1	1
dataset_name-FR-FCM-Z238_infection_final_seed-42	knn	num-1	run0	1	B Cell (CD27-)	B Cell (CD27-)	88613	5577	21596	2288171	0.8040450416935097	0.0024313917657911854	0.1959549583064904	0.9975686082342088
dataset_name-FR-FCM-Z238_infection_final_seed-42	knn	num-1	run0	2	B Cell (Memory)	B Cell (Memory)	34873	20794	4328	2343962	0.8895946531976225	0.008793296221682068	0.11040534680237749	0.9912067037783179
dataset_name-FR-FCM-Z238_infection_final_seed-42	knn	num-1	run0	3	B Cell (Plasmablast)	B Cell (Plasmablast)	7494	3537	8135	2384791	0.4794932497280696	0.001480952365001792	0.5205067502719304	0.9985190476349982
dataset_name-FR-FCM-Z238_infection_final_seed-42	knn	num-1	run0	4	Basophil	Basophil	2177	16689	140	2384951	0.9395770392749244	0.006949001515630986	0.06042296072507553	0.9930509984843691
dataset_name-FR-FCM-Z238_infection_final_seed-42	knn	num-1	run0	5	CD4+ CD8+ T Cell	CD4+ CD8+ T Cell	7206	12401	179492	2204858	0.03859709263087981	0.005592941555316722	0.9614029073691202	0.9944070584446832
dataset_name-FR-FCM-Z238_infection_final_seed-42	knn	num-1	run0	6	CD4+ T Cell (Central Memory)	CD4+ T Cell (Central Memory)	52478	70695	144745	2136039	0.2660845844551599	0.0320360315289473	0.7339154155448401	0.9679639684710527
dataset_name-FR-FCM-Z238_infection_final_seed-42	knn	num-1	run0	7	CD4+ T Cell (EMRA)	CD4+ T Cell (EMRA)	1919	83799	5625	2312614	0.2543743372216331	0.0349685133572552	0.745625662778367	0.9650314866427449
dataset_name-FR-FCM-Z238_infection_final_seed-42	knn	num-1	run0	8	CD4+ T Cell (Effector Memory)	CD4+ T Cell (Effector Memory)	11766	29441	21935	2340815	0.34912910596124747	0.012421021189272382	0.6508708940387525	0.9875789788107276
dataset_name-FR-FCM-Z238_infection_final_seed-42	knn	num-1	run0	9	CD4+ T Cell (Naive)	CD4+ T Cell (Naive)	137381	220127	69737	1976712	0.6632982164756323	0.10020169889554947	0.33670178352436775	0.8997983011044506
dataset_name-FR-FCM-Z238_infection_final_seed-42	knn	num-1	run0	10	CD4+ T Cell (Treg)	CD4+ T Cell (Treg)	14176	89152	39822	2260807	0.26252824178673284	0.03793768316808931	0.7374717582132672	0.9620623168319107
dataset_name-FR-FCM-Z238_infection_final_seed-42	knn	num-1	run0	11	CD4- CD8- T Cell	CD4- CD8- T Cell	45241	33429	121588	2203699	0.2711818688597306	0.014942819543629153	0.7288181311402694	0.9850571804563708
dataset_name-FR-FCM-Z238_infection_final_seed-42	knn	num-1	run0	12	CD8+ T Cell (Central Memory)	CD8+ T Cell (Central Memory)	4163	39146	24611	2336037	0.14467922429971503	0.016481256391612773	0.855320775700285	0.9835187436083872
dataset_name-FR-FCM-Z238_infection_final_seed-42	knn	num-1	run0	13	CD8+ T Cell (EMRA)	CD8+ T Cell (EMRA)	15487	39659	25266	2323545	0.3800211027409025	0.01678187748497379	0.6199788972590975	0.9832181225150262
dataset_name-FR-FCM-Z238_infection_final_seed-42	knn	num-1	run0	14	CD8+ T Cell (Effector Memory)	CD8+ T Cell (Effector Memory)	2008	28358	5429	2368162	0.2700013446282103	0.011832991170530603	0.7299986553717897	0.9881670088294694
dataset_name-FR-FCM-Z238_infection_final_seed-42	knn	num-1	run0	15	CD8+ T Cell (Naive)	CD8+ T Cell (Naive)	108863	81005	64204	2149885	0.6290222861666291	0.036310620425032164	0.3709777138333709	0.9636893795749678
dataset_name-FR-FCM-Z238_infection_final_seed-42	knn	num-1	run0	16	Debris	Debris	0	0	3465	2400492	0	0	1	1
dataset_name-FR-FCM-Z238_infection_final_seed-42	knn	num-1	run0	17	Dendritic Cell (Type 1, CD141+)	Dendritic Cell (Type 1, CD141+)	2500	31470	4848	2365139	0.3402286336418073	0.01313105308375292	0.6597713663581927	0.986868946916247
dataset_name-FR-FCM-Z238_infection_final_seed-42	knn	num-1	run0	18	Dendritic Cell (Type 2, CD1c+)	Dendritic Cell (Type 2, CD1c+)	0	0	461	2403496	0	0	1	1
dataset_name-FR-FCM-Z238_infection_final_seed-42	knn	num-1	run0	19	Monocyte (CD14+ CD16+)	Monocyte (CD14+ CD16+)	36345	168760	64423	2134429	0.36067997777072086	0.07327231937978168	0.6393200222292791	0.9267276806202183
dataset_name-FR-FCM-Z238_infection_final_seed-42	knn	num-1	run0	20	Monocyte (CD14+ CD16-)	Monocyte (CD14+ CD16-)	416779	23523	265385	1698270	0.610965984719217	0.013661921032319215	0.3890340152807829	0.9863380789676808
dataset_name-FR-FCM-Z238_infection_final_seed-42	knn	num-1	run0	21	Monocyte (CD14- CD16+)	Monocyte (CD14- CD16+)	23915	84300	2899	2292843	0.8918848362795555	0.03546273825344121	0.10811516372044454	0.9645372617465587
dataset_name-FR-FCM-Z238_infection_final_seed-42	knn	num-1	run0	22	NK Cell (CD56+ CD16+)	NK Cell (CD56+ CD16+)	159521	23754	52065	2168617	0.7539298441295738	0.010834845014826414	0.24607015587042622	0.9891651549851735
dataset_name-FR-FCM-Z238_infection_final_seed-42	knn	num-1	run0	23	NK Cell (CD56+ CD16-)	NK Cell (CD56+ CD16-)	42268	57645	27502	2276542	0.6058191199656012	0.02469596480487639	0.3941808800343987	0.9753040351951237
dataset_name-FR-FCM-Z238_infection_final_seed-42	knn	num-1	run0	24	Plasmacytoid Dendritic Cell	Plasmacytoid Dendritic Cell	25002	521	6081	2372353	0.8043625132709198	2.1956496636568146e-4	0.1956374867290802	0.9997804350336343
dataset_name-FR-FCM-Z238_infection_final_seed-42	knn	num-2	run0	1	B Cell (CD27-)	B Cell (CD27-)	91039	6567	18932	2238488	0.8278455229105856	0.002925095376282541	0.17215447708941448	0.9970749046237175
dataset_name-FR-FCM-Z238_infection_final_seed-42	knn	num-2	run0	2	B Cell (Memory)	B Cell (Memory)	32811	26810	5907	2289498	0.8474353014101969	0.01157445382911081	0.1525646985898032	0.9884255461708892
dataset_name-FR-FCM-Z238_infection_final_seed-42	knn	num-2	run0	3	B Cell (Plasmablast)	B Cell (Plasmablast)	5836	3038	9032	2337120	0.3925208501479688	0.001298202941852644	0.6074791498520312	0.9987017970581473
dataset_name-FR-FCM-Z238_infection_final_seed-42	knn	num-2	run0	4	Basophil	Basophil	2096	25154	53	2327723	0.9753373662168451	0.010690741589976866	0.024662633783154957	0.9893092584100232
dataset_name-FR-FCM-Z238_infection_final_seed-42	knn	num-2	run0	5	CD4+ CD8+ T Cell	CD4+ CD8+ T Cell	30438	62471	151051	2111066	0.16771264374149397	0.028741631727456217	0.832287356258506	0.9712583682725437
dataset_name-FR-FCM-Z238_infection_final_seed-42	knn	num-2	run0	6	CD4+ T Cell (Central Memory)	CD4+ T Cell (Central Memory)	43790	54669	154313	2102254	0.2210466272595569	0.025345828293360496	0.7789533727404431	0.9746541717066395
dataset_name-FR-FCM-Z238_infection_final_seed-42	knn	num-2	run0	7	CD4+ T Cell (EMRA)	CD4+ T Cell (EMRA)	1927	37185	5250	2310664	0.2684965863174028	0.01583790098937368	0.7315034136825972	0.9841620990106263
dataset_name-FR-FCM-Z238_infection_final_seed-42	knn	num-2	run0	8	CD4+ T Cell (Effector Memory)	CD4+ T Cell (Effector Memory)	10485	23087	22339	2299115	0.319430904216427	0.009941856909950125	0.6805690957835729	0.9900581430900499
dataset_name-FR-FCM-Z238_infection_final_seed-42	knn	num-2	run0	9	CD4+ T Cell (Naive)	CD4+ T Cell (Naive)	131500	218483	74960	1930083	0.6369272498304757	0.10168782341338363	0.36307275016952434	0.8983121765866163
dataset_name-FR-FCM-Z238_infection_final_seed-42	knn	num-2	run0	10	CD4+ T Cell (Treg)	CD4+ T Cell (Treg)	16683	52597	37154	2248592	0.30987982242695544	0.02285644508121671	0.6901201775730446	0.9771435549187832
dataset_name-FR-FCM-Z238_infection_final_seed-42	knn	num-2	run0	11	CD4- CD8- T Cell	CD4- CD8- T Cell	36076	24359	128650	2165941	0.21900610711120286	0.011121307583436059	0.7809938928887972	0.9888786924165639
dataset_name-FR-FCM-Z238_infection_final_seed-42	knn	num-2	run0	12	CD8+ T Cell (Central Memory)	CD8+ T Cell (Central Memory)	6682	24682	22167	2301495	0.2316198135117335	0.01061054253395163	0.7683801864882664	0.9893894574660483
dataset_name-FR-FCM-Z238_infection_final_seed-42	knn	num-2	run0	13	CD8+ T Cell (EMRA)	CD8+ T Cell (EMRA)	23993	36570	16583	2277880	0.5913101340694006	0.015800730195078744	0.40868986593059936	0.9841992698049212
dataset_name-FR-FCM-Z238_infection_final_seed-42	knn	num-2	run0	14	CD8+ T Cell (Effector Memory)	CD8+ T Cell (Effector Memory)	2298	29876	5119	2317733	0.3098287717405959	0.012726139659542965	0.690171228259404	0.987273860340457
dataset_name-FR-FCM-Z238_infection_final_seed-42	knn	num-2	run0	15	CD8+ T Cell (Naive)	CD8+ T Cell (Naive)	131575	97595	40941	2084915	0.7626828815877947	0.044716862694787196	0.23731711841220524	0.9552831373052129
dataset_name-FR-FCM-Z238_infection_final_seed-42	knn	num-2	run0	16	Debris	Debris	0	0	3465	2351561	0	0	1	1
dataset_name-FR-FCM-Z238_infection_final_seed-42	knn	num-2	run0	17	Dendritic Cell (Type 1, CD141+)	Dendritic Cell (Type 1, CD141+)	1620	23709	5843	2323854	0.21707088302291302	0.010099409472717025	0.782929116977087	0.989900590527283
dataset_name-FR-FCM-Z238_infection_final_seed-42	knn	num-2	run0	18	Dendritic Cell (Type 2, CD1c+)	Dendritic Cell (Type 2, CD1c+)	87	19191	319	2335429	0.21428571428571427	0.008150359718340964	0.7857142857142857	0.991849640281659
dataset_name-FR-FCM-Z238_infection_final_seed-42	knn	num-2	run0	19	Monocyte (CD14+ CD16+)	Monocyte (CD14+ CD16+)	47098	114983	51049	2141896	0.4798720286916564	0.050947791175335495	0.5201279713083437	0.9490522088246645
dataset_name-FR-FCM-Z238_infection_final_seed-42	knn	num-2	run0	20	Monocyte (CD14+ CD16-)	Monocyte (CD14+ CD16-)	488407	38556	171753	1656310	0.7398312530295685	0.022748701077253304	0.2601687469704314	0.9772512989227466
dataset_name-FR-FCM-Z238_infection_final_seed-42	knn	num-2	run0	21	Monocyte (CD14- CD16+)	Monocyte (CD14- CD16+)	15659	24338	11760	2303269	0.571100331886648	0.010456232516915442	0.42889966811335206	0.9895437674830846
dataset_name-FR-FCM-Z238_infection_final_seed-42	knn	num-2	run0	22	NK Cell (CD56+ CD16+)	NK Cell (CD56+ CD16+)	157872	16270	43317	2137567	0.7846949882945887	0.0075539606757614435	0.21530501170541133	0.9924460393242386
dataset_name-FR-FCM-Z238_infection_final_seed-42	knn	num-2	run0	23	NK Cell (CD56+ CD16-)	NK Cell (CD56+ CD16-)	44524	44473	22372	2243657	0.6655704376943316	0.019436395659337538	0.3344295623056685	0.9805636043406625
dataset_name-FR-FCM-Z238_infection_final_seed-42	knn	num-2	run0	24	Plasmacytoid Dendritic Cell	Plasmacytoid Dendritic Cell	27082	785	3119	2324040	0.8967252739975498	3.3765982385770973e-4	0.10327472600245025	0.9996623401761423
dataset_name-FR-FCM-Z238_infection_final_seed-42	knn	num-3	run0	1	B Cell (CD27-)	B Cell (CD27-)	97509	8607	13549	2286860	0.8780006843271083	0.00374956381424782	0.12199931567289164	0.9962504361857522
dataset_name-FR-FCM-Z238_infection_final_seed-42	knn	num-3	run0	2	B Cell (Memory)	B Cell (Memory)	30988	11971	8101	2355465	0.7927549950113842	0.005056525287272813	0.20724500498861573	0.9949434747127271
dataset_name-FR-FCM-Z238_infection_final_seed-42	knn	num-3	run0	3	B Cell (Plasmablast)	B Cell (Plasmablast)	8841	9371	6628	2381685	0.5715301570883703	0.003919188843757737	0.4284698429116297	0.9960808111562423
dataset_name-FR-FCM-Z238_infection_final_seed-42	knn	num-3	run0	4	Basophil	Basophil	0	0	2334	2404191	0	0	1	1
dataset_name-FR-FCM-Z238_infection_final_seed-42	knn	num-3	run0	5	CD4+ CD8+ T Cell	CD4+ CD8+ T Cell	0	0	188644	2217881	0	0	1	1
dataset_name-FR-FCM-Z238_infection_final_seed-42	knn	num-3	run0	6	CD4+ T Cell (Central Memory)	CD4+ T Cell (Central Memory)	54801	109932	144151	2097641	0.27544834935059714	0.0497976737349116	0.7245516506494029	0.9502023262650884
dataset_name-FR-FCM-Z238_infection_final_seed-42	knn	num-3	run0	7	CD4+ T Cell (EMRA)	CD4+ T Cell (EMRA)	586	17726	6963	2381250	0.07762617565240429	0.007388985967346068	0.9223738243475957	0.992611014032654
dataset_name-FR-FCM-Z238_infection_final_seed-42	knn	num-3	run0	8	CD4+ T Cell (Effector Memory)	CD4+ T Cell (Effector Memory)	13789	24996	20256	2347484	0.4050227639888383	0.0105358106285406	0.5949772360111617	0.9894641893714594
dataset_name-FR-FCM-Z238_infection_final_seed-42	knn	num-3	run0	9	CD4+ T Cell (Naive)	CD4+ T Cell (Naive)	127229	212688	81036	1985572	0.6108995750606199	0.09675288637376835	0.38910042493938013	0.9032471136262317
dataset_name-FR-FCM-Z238_infection_final_seed-42	knn	num-3	run0	10	CD4+ T Cell (Treg)	CD4+ T Cell (Treg)	14682	77679	39560	2274604	0.2706758600346595	0.03302281230617234	0.7293241399653405	0.9669771876938277
dataset_name-FR-FCM-Z238_infection_final_seed-42	knn	num-3	run0	11	CD4- CD8- T Cell	CD4- CD8- T Cell	50706	37692	114388	2203739	0.30713411753304176	0.01681604296540915	0.6928658824669582	0.9831839570345908
dataset_name-FR-FCM-Z238_infection_final_seed-42	knn	num-3	run0	12	CD8+ T Cell (Central Memory)	CD8+ T Cell (Central Memory)	8058	47319	21043	2330105	0.2768977011099275	0.01990347535820283	0.7231022988900725	0.9800965246417972
dataset_name-FR-FCM-Z238_infection_final_seed-42	knn	num-3	run0	13	CD8+ T Cell (EMRA)	CD8+ T Cell (EMRA)	18462	26047	22051	2339965	0.45570557598795447	0.011008819904548245	0.5442944240120455	0.9889911800954517
dataset_name-FR-FCM-Z238_infection_final_seed-42	knn	num-3	run0	14	CD8+ T Cell (Effector Memory)	CD8+ T Cell (Effector Memory)	3980	98231	3440	2300874	0.5363881401617251	0.0409448523511893	0.4636118598382749	0.9590551476488107
dataset_name-FR-FCM-Z238_infection_final_seed-42	knn	num-3	run0	15	CD8+ T Cell (Naive)	CD8+ T Cell (Naive)	104572	51941	69268	2180744	0.6015416474919466	0.023263917659678817	0.3984583525080534	0.9767360823403212
dataset_name-FR-FCM-Z238_infection_final_seed-42	knn	num-3	run0	16	Debris	Debris	0	0	3465	2403060	0	0	1	1
dataset_name-FR-FCM-Z238_infection_final_seed-42	knn	num-3	run0	17	Dendritic Cell (Type 1, CD141+)	Dendritic Cell (Type 1, CD141+)	0	0	7514	2399011	0	0	1	1
dataset_name-FR-FCM-Z238_infection_final_seed-42	knn	num-3	run0	18	Dendritic Cell (Type 2, CD1c+)	Dendritic Cell (Type 2, CD1c+)	0	0	461	2406064	0	0	1	1
dataset_name-FR-FCM-Z238_infection_final_seed-42	knn	num-3	run0	19	Monocyte (CD14+ CD16+)	Monocyte (CD14+ CD16+)	35993	69974	64204	2236354	0.3592223320059483	0.030340003676840414	0.6407776679940517	0.9696599963231596
dataset_name-FR-FCM-Z238_infection_final_seed-42	knn	num-3	run0	20	Monocyte (CD14+ CD16-)	Monocyte (CD14+ CD16-)	559577	47792	119907	1679249	0.8235322686038229	0.02767276515149322	0.1764677313961771	0.9723272348485068
dataset_name-FR-FCM-Z238_infection_final_seed-42	knn	num-3	run0	21	Monocyte (CD14- CD16+)	Monocyte (CD14- CD16+)	19773	30792	6505	2349455	0.7524545246974655	0.012936472559360436	0.24754547530253443	0.9870635274406395
dataset_name-FR-FCM-Z238_infection_final_seed-42	knn	num-3	run0	22	NK Cell (CD56+ CD16+)	NK Cell (CD56+ CD16+)	184111	39546	27571	2155297	0.8697527423210287	0.018017689647961153	0.13024725767897127	0.9819823103520389
dataset_name-FR-FCM-Z238_infection_final_seed-42	knn	num-3	run0	23	NK Cell (CD56+ CD16-)	NK Cell (CD56+ CD16-)	43242	81071	27558	2254654	0.6107627118644068	0.03470913741985893	0.3892372881355932	0.9652908625801411
dataset_name-FR-FCM-Z238_infection_final_seed-42	knn	num-3	run0	24	Plasmacytoid Dendritic Cell	Plasmacytoid Dendritic Cell	23071	3180	7958	2372316	0.7435302458989977	0.0013386677982198244	0.2564697541010023	0.9986613322017802
dataset_name-FR-FCM-Z238_infection_final_seed-42	knn	num-4	run0	1	B Cell (CD27-)	B Cell (CD27-)	88578	4519	20416	2280950	0.8126869368956089	0.0019772746862897726	0.18731306310439108	0.9980227253137103
dataset_name-FR-FCM-Z238_infection_final_seed-42	knn	num-4	run0	2	B Cell (Memory)	B Cell (Memory)	31976	14200	6416	2341871	0.832881850385497	0.006026983057811076	0.16711814961450303	0.9939730169421889
dataset_name-FR-FCM-Z238_infection_final_seed-42	knn	num-4	run0	3	B Cell (Plasmablast)	B Cell (Plasmablast)	7848	5591	7291	2373733	0.5183961952572825	0.0023498270937459547	0.48160380474271747	0.997650172906254
dataset_name-FR-FCM-Z238_infection_final_seed-42	knn	num-4	run0	4	Basophil	Basophil	0	0	2334	2392129	0	0	1	1
dataset_name-FR-FCM-Z238_infection_final_seed-42	knn	num-4	run0	5	CD4+ CD8+ T Cell	CD4+ CD8+ T Cell	0	0	188644	2205819	0	0	1	1
dataset_name-FR-FCM-Z238_infection_final_seed-42	knn	num-4	run0	6	CD4+ T Cell (Central Memory)	CD4+ T Cell (Central Memory)	82961	188910	113344	2009248	0.4226127709431752	0.0859401371511966	0.5773872290568248	0.9140598628488034
dataset_name-FR-FCM-Z238_infection_final_seed-42	knn	num-4	run0	7	CD4+ T Cell (EMRA)	CD4+ T Cell (EMRA)	2538	73455	4984	2313486	0.33741026322786494	0.03077369738087368	0.6625897367721351	0.9692263026191263
dataset_name-FR-FCM-Z238_infection_final_seed-42	knn	num-4	run0	8	CD4+ T Cell (Effector Memory)	CD4+ T Cell (Effector Memory)	23248	113914	10667	2246634	0.6854784018870707	0.04825743852698611	0.3145215981129294	0.951742561473014
dataset_name-FR-FCM-Z238_infection_final_seed-42	knn	num-4	run0	9	CD4+ T Cell (Naive)	CD4+ T Cell (Naive)	93762	176664	112792	2011245	0.4539345643270041	0.08074558859623504	0.5460654356729959	0.919254411403765
dataset_name-FR-FCM-Z238_infection_final_seed-42	knn	num-4	run0	10	CD4+ T Cell (Treg)	CD4+ T Cell (Treg)	12422	101356	41333	2239352	0.231085480420426	0.043301428456689176	0.768914519579574	0.9566985715433108
dataset_name-FR-FCM-Z238_infection_final_seed-42	knn	num-4	run0	11	CD4- CD8- T Cell	CD4- CD8- T Cell	51860	52381	115147	2175075	0.31052590609974434	0.023516064963797264	0.6894740939002557	0.9764839350362028
dataset_name-FR-FCM-Z238_infection_final_seed-42	knn	num-4	run0	12	CD8+ T Cell (Central Memory)	CD8+ T Cell (Central Memory)	8669	34568	20277	2330949	0.29948870310232845	0.014613295951794048	0.7005112968976716	0.9853867040482059
dataset_name-FR-FCM-Z238_infection_final_seed-42	knn	num-4	run0	13	CD8+ T Cell (EMRA)	CD8+ T Cell (EMRA)	9985	11220	27145	2346113	0.26892001077295985	0.004759616057638017	0.7310799892270401	0.995240383942362
dataset_name-FR-FCM-Z238_infection_final_seed-42	knn	num-4	run0	14	CD8+ T Cell (Effector Memory)	CD8+ T Cell (Effector Memory)	1747	27705	5549	2359462	0.23944627192982457	0.011605807218347104	0.7605537280701754	0.9883941927816529
dataset_name-FR-FCM-Z238_infection_final_seed-42	knn	num-4	run0	15	CD8+ T Cell (Naive)	CD8+ T Cell (Naive)	35424	3170	136373	2219496	0.20619684860620383	0.0014262151848275899	0.7938031513937962	0.9985737848151724
dataset_name-FR-FCM-Z238_infection_final_seed-42	knn	num-4	run0	16	Debris	Debris	0	0	3465	2390998	0	0	1	1
dataset_name-FR-FCM-Z238_infection_final_seed-42	knn	num-4	run0	17	Dendritic Cell (Type 1, CD141+)	Dendritic Cell (Type 1, CD141+)	2193	25827	5198	2361245	0.2967122175618996	0.010819531208107674	0.7032877824381004	0.9891804687918924
dataset_name-FR-FCM-Z238_infection_final_seed-42	knn	num-4	run0	18	Dendritic Cell (Type 2, CD1c+)	Dendritic Cell (Type 2, CD1c+)	0	0	461	2394002	0	0	1	1
dataset_name-FR-FCM-Z238_infection_final_seed-42	knn	num-4	run0	19	Monocyte (CD14+ CD16+)	Monocyte (CD14+ CD16+)	48345	204090	51841	2090187	0.48255245243846445	0.0889561286627552	0.5174475475615355	0.9110438713372448
dataset_name-FR-FCM-Z238_infection_final_seed-42	knn	num-4	run0	20	Monocyte (CD14+ CD16-)	Monocyte (CD14+ CD16-)	433740	31473	244966	1684284	0.6390690519901105	0.018343506685387267	0.3609309480098894	0.9816564933146127
dataset_name-FR-FCM-Z238_infection_final_seed-42	knn	num-4	run0	21	Monocyte (CD14- CD16+)	Monocyte (CD14- CD16+)	21740	38330	5447	2328946	0.7996468900577481	0.01619160587950032	0.2003531099422518	0.9838083941204997
dataset_name-FR-FCM-Z238_infection_final_seed-42	knn	num-4	run0	22	NK Cell (CD56+ CD16+)	NK Cell (CD56+ CD16+)	178577	18595	33070	2164221	0.8437492617424296	0.008518812396464017	0.15625073825757038	0.991481187603536
dataset_name-FR-FCM-Z238_infection_final_seed-42	knn	num-4	run0	23	NK Cell (CD56+ CD16-)	NK Cell (CD56+ CD16-)	50219	49940	20554	2273750	0.7095785115792745	0.021491679182679274	0.2904214884207254	0.9785083208173208
dataset_name-FR-FCM-Z238_infection_final_seed-42	knn	num-4	run0	24	Plasmacytoid Dendritic Cell	Plasmacytoid Dendritic Cell	29608	3115	1309	2360431	0.9576608338454572	0.0013179350010535018	0.04233916615454281	0.9986820649989465
dataset_name-FR-FCM-Z238_infection_final_seed-42	knn	num-5	run0	1	B Cell (CD27-)	B Cell (CD27-)	83538	3546	26996	2275173	0.7557674561673331	0.0015561374614421525	0.24423254383266688	0.9984438625385579
dataset_name-FR-FCM-Z238_infection_final_seed-42	knn	num-5	run0	2	B Cell (Memory)	B Cell (Memory)	33760	19861	5225	2330407	0.8659740925997178	0.008450525642182082	0.13402590740028217	0.9915494743578179
dataset_name-FR-FCM-Z238_infection_final_seed-42	knn	num-5	run0	3	B Cell (Plasmablast)	B Cell (Plasmablast)	8811	9113	6790	2364539	0.5647714890071149	0.0038392316986651793	0.43522851099288506	0.9961607683013348
dataset_name-FR-FCM-Z238_infection_final_seed-42	knn	num-5	run0	4	Basophil	Basophil	0	0	2334	2386919	0	0	1	1
dataset_name-FR-FCM-Z238_infection_final_seed-42	knn	num-5	run0	5	CD4+ CD8+ T Cell	CD4+ CD8+ T Cell	41453	96797	144794	2106209	0.22257002797360495	0.0439386002580111	0.7774299720263951	0.9560613997419889
dataset_name-FR-FCM-Z238_infection_final_seed-42	knn	num-5	run0	6	CD4+ T Cell (Central Memory)	CD4+ T Cell (Central Memory)	66980	118220	132178	2071875	0.3363158898964641	0.053979393587949384	0.6636841101035359	0.9460206064120507
dataset_name-FR-FCM-Z238_infection_final_seed-42	knn	num-5	run0	7	CD4+ T Cell (EMRA)	CD4+ T Cell (EMRA)	1300	23500	6186	2358267	0.17365749398877905	0.009866624233184858	0.826342506011221	0.9901333757668151
dataset_name-FR-FCM-Z238_infection_final_seed-42	knn	num-5	run0	8	CD4+ T Cell (Effector Memory)	CD4+ T Cell (Effector Memory)	20343	48009	13513	2307388	0.6008683837429112	0.020382551221726105	0.3991316162570889	0.979617448778274
dataset_name-FR-FCM-Z238_infection_final_seed-42	knn	num-5	run0	9	CD4+ T Cell (Naive)	CD4+ T Cell (Naive)	92393	124825	116422	2055613	0.4424634245624117	0.057247672256675035	0.5575365754375883	0.942752327743325
dataset_name-FR-FCM-Z238_infection_final_seed-42	knn	num-5	run0	10	CD4+ T Cell (Treg)	CD4+ T Cell (Treg)	17481	79014	36695	2256063	0.32267055522740695	0.03383785631051995	0.677329444772593	0.9661621436894801
dataset_name-FR-FCM-Z238_infection_final_seed-42	knn	num-5	run0	11	CD4- CD8- T Cell	CD4- CD8- T Cell	33167	21382	131297	2203407	0.20166723416674773	0.00961079904656127	0.7983327658332523	0.9903892009534387
dataset_name-FR-FCM-Z238_infection_final_seed-42	knn	num-5	run0	12	CD8+ T Cell (Central Memory)	CD8+ T Cell (Central Memory)	9173	49138	20062	2310880	0.3137677441422952	0.020821027636229894	0.6862322558577048	0.9791789723637702
dataset_name-FR-FCM-Z238_infection_final_seed-42	knn	num-5	run0	13	CD8+ T Cell (EMRA)	CD8+ T Cell (EMRA)	19819	28688	18212	2322534	0.5211275012489811	0.012201314890724908	0.4788724987510189	0.987798685109275
dataset_name-FR-FCM-Z238_infection_final_seed-42	knn	num-5	run0	14	CD8+ T Cell (Effector Memory)	CD8+ T Cell (Effector Memory)	2065	24987	5437	2356764	0.27525993068515064	0.010491021101702067	0.7247400693148494	0.9895089788982979
dataset_name-FR-FCM-Z238_infection_final_seed-42	knn	num-5	run0	15	CD8+ T Cell (Naive)	CD8+ T Cell (Naive)	120033	74801	52910	2141509	0.6940610490161498	0.03375024252022506	0.30593895098385016	0.9662497574797749
dataset_name-FR-FCM-Z238_infection_final_seed-42	knn	num-5	run0	16	Debris	Debris	0	0	3465	2385788	0	0	1	1
dataset_name-FR-FCM-Z238_infection_final_seed-42	knn	num-5	run0	17	Dendritic Cell (Type 1, CD141+)	Dendritic Cell (Type 1, CD141+)	3546	35017	3934	2346756	0.47406417112299465	0.014702072783594406	0.5259358288770053	0.9852979272164056
dataset_name-FR-FCM-Z238_infection_final_seed-42	knn	num-5	run0	18	Dendritic Cell (Type 2, CD1c+)	Dendritic Cell (Type 2, CD1c+)	0	0	461	2388792	0	0	1	1
dataset_name-FR-FCM-Z238_infection_final_seed-42	knn	num-5	run0	19	Monocyte (CD14+ CD16+)	Monocyte (CD14+ CD16+)	39812	83249	58928	2207264	0.40320032408345147	0.03634513316449197	0.5967996759165485	0.963654866835508
dataset_name-FR-FCM-Z238_infection_final_seed-42	knn	num-5	run0	20	Monocyte (CD14+ CD16-)	Monocyte (CD14+ CD16-)	545212	43397	127278	1673366	0.810736219125935	0.02527838729049962	0.18926378087406504	0.9747216127095004
dataset_name-FR-FCM-Z238_infection_final_seed-42	knn	num-5	run0	21	Monocyte (CD14- CD16+)	Monocyte (CD14- CD16+)	15167	14104	11928	2348054	0.5597711754936335	0.005970811435983537	0.44022882450636647	0.9940291885640165
dataset_name-FR-FCM-Z238_infection_final_seed-42	knn	num-5	run0	22	NK Cell (CD56+ CD16+)	NK Cell (CD56+ CD16+)	168498	11123	40262	2169370	0.8071373826403525	0.005101139971556891	0.19286261735964744	0.9948988600284431
dataset_name-FR-FCM-Z238_infection_final_seed-42	knn	num-5	run0	23	NK Cell (CD56+ CD16-)	NK Cell (CD56+ CD16-)	57833	70868	12565	2247987	0.8215148157618114	0.03056163494483269	0.17848518423818857	0.9694383650551673
dataset_name-FR-FCM-Z238_infection_final_seed-42	knn	num-5	run0	24	Plasmacytoid Dendritic Cell	Plasmacytoid Dendritic Cell	27263	1967	3734	2356289	0.8795367293609059	8.340909553500553e-4	0.12046327063909411	0.99916590904465
dataset_name-FR-FCM-Z238_infection_final_seed-42	lda	num-1	run0	1	B Cell (CD27-)	B Cell (CD27-)	56240	7299	53969	2286449	0.5103031512852853	0.003182128115207076	0.48969684871471475	0.9968178718847929
dataset_name-FR-FCM-Z238_infection_final_seed-42	lda	num-1	run0	2	B Cell (Memory)	B Cell (Memory)	31020	50562	8181	2314194	0.7913063442259126	0.021381487138630792	0.20869365577408738	0.9786185128613692
dataset_name-FR-FCM-Z238_infection_final_seed-42	lda	num-1	run0	3	B Cell (Plasmablast)	B Cell (Plasmablast)	13850	7677	1779	2380651	0.8861731396762429	0.0032143826141133045	0.11382686032375712	0.9967856173858867
dataset_name-FR-FCM-Z238_infection_final_seed-42	lda	num-1	run0	4	Basophil	Basophil	1828	3955	489	2397685	0.7889512300388434	0.0016467913592378542	0.21104876996115668	0.9983532086407622
dataset_name-FR-FCM-Z238_infection_final_seed-42	lda	num-1	run0	5	CD4+ CD8+ T Cell	CD4+ CD8+ T Cell	42030	29770	144668	2187489	0.22512292579459878	0.013426487388257304	0.7748770742054012	0.9865735126117426
dataset_name-FR-FCM-Z238_infection_final_seed-42	lda	num-1	run0	6	CD4+ T Cell (Central Memory)	CD4+ T Cell (Central Memory)	49299	19091	147924	2187643	0.24996577478286	0.008651246593381894	0.75003422521714	0.9913487534066181
dataset_name-FR-FCM-Z238_infection_final_seed-42	lda	num-1	run0	7	CD4+ T Cell (EMRA)	CD4+ T Cell (EMRA)	55	431	7489	2395982	0.007290562036055143	1.7985213734026648e-4	0.9927094379639448	0.9998201478626597
dataset_name-FR-FCM-Z238_infection_final_seed-42	lda	num-1	run0	8	CD4+ T Cell (Effector Memory)	CD4+ T Cell (Effector Memory)	15572	21093	18129	2349163	0.4620634402539984	0.008899038753619862	0.5379365597460016	0.9911009612463801
dataset_name-FR-FCM-Z238_infection_final_seed-42	lda	num-1	run0	9	CD4+ T Cell (Naive)	CD4+ T Cell (Naive)	129528	91798	77590	2105041	0.6253826321227512	0.04178640310009063	0.3746173678772487	0.9582135968999094
dataset_name-FR-FCM-Z238_infection_final_seed-42	lda	num-1	run0	10	CD4+ T Cell (Treg)	CD4+ T Cell (Treg)	25916	11328	28082	2338631	0.47994370161857847	0.004820509634423409	0.5200562983814215	0.9951794903655766
dataset_name-FR-FCM-Z238_infection_final_seed-42	lda	num-1	run0	11	CD4- CD8- T Cell	CD4- CD8- T Cell	140506	13841	26323	2223287	0.8422156819258043	0.006186950411420357	0.15778431807419574	0.9938130495885796
dataset_name-FR-FCM-Z238_infection_final_seed-42	lda	num-1	run0	12	CD8+ T Cell (Central Memory)	CD8+ T Cell (Central Memory)	8589	15343	20185	2359840	0.2984986446097171	0.006459712788446196	0.7015013553902829	0.9935402872115539
dataset_name-FR-FCM-Z238_infection_final_seed-42	lda	num-1	run0	13	CD8+ T Cell (EMRA)	CD8+ T Cell (EMRA)	20017	9158	20736	2354046	0.4911785635413344	0.0038752473337045805	0.5088214364586656	0.9961247526662954
dataset_name-FR-FCM-Z238_infection_final_seed-42	lda	num-1	run0	14	CD8+ T Cell (Effector Memory)	CD8+ T Cell (Effector Memory)	3379	59433	4058	2337087	0.45434987226032003	0.02479970957888939	0.54565012773968	0.9752002904211106
dataset_name-FR-FCM-Z238_infection_final_seed-42	lda	num-1	run0	15	CD8+ T Cell (Naive)	CD8+ T Cell (Naive)	94826	9313	78241	2221577	0.5479149693471315	0.004174567101022462	0.45208503065286854	0.9958254328989775
dataset_name-FR-FCM-Z238_infection_final_seed-42	lda	num-1	run0	16	Debris	Debris	0	0	3465	2400492	0	0	1	1
dataset_name-FR-FCM-Z238_infection_final_seed-42	lda	num-1	run0	17	Dendritic Cell (Type 1, CD141+)	Dendritic Cell (Type 1, CD141+)	5336	20680	2012	2375929	0.7261839956450735	0.008628858524690511	0.27381600435492653	0.9913711414753095
dataset_name-FR-FCM-Z238_infection_final_seed-42	lda	num-1	run0	18	Dendritic Cell (Type 2, CD1c+)	Dendritic Cell (Type 2, CD1c+)	0	0	461	2403496	0	0	1	1
dataset_name-FR-FCM-Z238_infection_final_seed-42	lda	num-1	run0	19	Monocyte (CD14+ CD16+)	Monocyte (CD14+ CD16+)	28505	23029	72263	2280160	0.28287750079390284	0.00999874521804333	0.7171224992060972	0.9900012547819567
dataset_name-FR-FCM-Z238_infection_final_seed-42	lda	num-1	run0	20	Monocyte (CD14+ CD16-)	Monocyte (CD14+ CD16-)	609663	32510	72501	1689283	0.8937191056696043	0.018881479945614833	0.10628089433039563	0.9811185200543852
dataset_name-FR-FCM-Z238_infection_final_seed-42	lda	num-1	run0	21	Monocyte (CD14- CD16+)	Monocyte (CD14- CD16+)	21856	38347	4958	2338796	0.8150965913328858	0.01613154951132515	0.1849034086671142	0.9838684504886749
dataset_name-FR-FCM-Z238_infection_final_seed-42	lda	num-1	run0	22	NK Cell (CD56+ CD16+)	NK Cell (CD56+ CD16+)	186336	7590	25250	2184781	0.880663181874037	0.0034620052901630245	0.11933681812596296	0.996537994709837
dataset_name-FR-FCM-Z238_infection_final_seed-42	lda	num-1	run0	23	NK Cell (CD56+ CD16-)	NK Cell (CD56+ CD16-)	62540	24463	7230	2309724	0.896373799627347	0.010480308561396324	0.10362620037265301	0.9895196914386036
dataset_name-FR-FCM-Z238_infection_final_seed-42	lda	num-1	run0	24	Plasmacytoid Dendritic Cell	Plasmacytoid Dendritic Cell	26157	762	4926	2372112	0.8415210886980021	3.211295669302289e-4	0.15847891130199787	0.9996788704330698
dataset_name-FR-FCM-Z238_infection_final_seed-42	lda	num-2	run0	1	B Cell (CD27-)	B Cell (CD27-)	85464	15967	24507	2229088	0.7771503396349947	0.007112075205284503	0.2228496603650053	0.9928879247947155
dataset_name-FR-FCM-Z238_infection_final_seed-42	lda	num-2	run0	2	B Cell (Memory)	B Cell (Memory)	20882	14500	17836	2301808	0.5393357094891265	0.00625996197396892	0.4606642905108735	0.9937400380260311
dataset_name-FR-FCM-Z238_infection_final_seed-42	lda	num-2	run0	3	B Cell (Plasmablast)	B Cell (Plasmablast)	9748	5370	5120	2334788	0.6556362658057573	0.002294716852451843	0.34436373419424265	0.9977052831475481
dataset_name-FR-FCM-Z238_infection_final_seed-42	lda	num-2	run0	4	Basophil	Basophil	1051	4300	1098	2348577	0.4890646812470917	0.001827549846422061	0.5109353187529083	0.9981724501535779
dataset_name-FR-FCM-Z238_infection_final_seed-42	lda	num-2	run0	5	CD4+ CD8+ T Cell	CD4+ CD8+ T Cell	48612	43124	132877	2130413	0.26785094413435523	0.019840472004847398	0.7321490558656447	0.9801595279951526
dataset_name-FR-FCM-Z238_infection_final_seed-42	lda	num-2	run0	6	CD4+ T Cell (Central Memory)	CD4+ T Cell (Central Memory)	19591	6936	178512	2149987	0.09889300010600546	0.003215691983441226	0.9011069998939946	0.9967843080165588
dataset_name-FR-FCM-Z238_infection_final_seed-42	lda	num-2	run0	7	CD4+ T Cell (EMRA)	CD4+ T Cell (EMRA)	0	0	7177	2347849	0	0	1	1
dataset_name-FR-FCM-Z238_infection_final_seed-42	lda	num-2	run0	8	CD4+ T Cell (Effector Memory)	CD4+ T Cell (Effector Memory)	9008	6794	23816	2315408	0.27443334145747017	0.0029256714101529497	0.7255666585425299	0.997074328589847
dataset_name-FR-FCM-Z238_infection_final_seed-42	lda	num-2	run0	9	CD4+ T Cell (Naive)	CD4+ T Cell (Naive)	172415	181512	34045	1967054	0.8351012302625206	0.08448053259709033	0.1648987697374794	0.9155194674029097
dataset_name-FR-FCM-Z238_infection_final_seed-42	lda	num-2	run0	10	CD4+ T Cell (Treg)	CD4+ T Cell (Treg)	24697	11868	29140	2289321	0.4587365566432008	0.005157333882614596	0.5412634433567992	0.9948426661173854
dataset_name-FR-FCM-Z238_infection_final_seed-42	lda	num-2	run0	11	CD4- CD8- T Cell	CD4- CD8- T Cell	119756	13065	44970	2177235	0.7270012019960419	0.005964936310094508	0.2729987980039581	0.9940350636899055
dataset_name-FR-FCM-Z238_infection_final_seed-42	lda	num-2	run0	12	CD8+ T Cell (Central Memory)	CD8+ T Cell (Central Memory)	4372	5203	24477	2320974	0.15154771395888939	0.0022367171543695944	0.8484522860411106	0.9977632828456304
dataset_name-FR-FCM-Z238_infection_final_seed-42	lda	num-2	run0	13	CD8+ T Cell (EMRA)	CD8+ T Cell (EMRA)	17647	10505	22929	2303945	0.43491226340694006	0.004538875326751496	0.5650877365930599	0.9954611246732485
dataset_name-FR-FCM-Z238_infection_final_seed-42	lda	num-2	run0	14	CD8+ T Cell (Effector Memory)	CD8+ T Cell (Effector Memory)	2912	60218	4505	2287391	0.3926115680194149	0.025650779154450336	0.6073884319805851	0.9743492208455496
dataset_name-FR-FCM-Z238_infection_final_seed-42	lda	num-2	run0	15	CD8+ T Cell (Naive)	CD8+ T Cell (Naive)	112885	15222	59631	2167288	0.654345104222217	0.006974538490087102	0.3456548957777829	0.9930254615099129
dataset_name-FR-FCM-Z238_infection_final_seed-42	lda	num-2	run0	16	Debris	Debris	0	0	3465	2351561	0	0	1	1
dataset_name-FR-FCM-Z238_infection_final_seed-42	lda	num-2	run0	17	Dendritic Cell (Type 1, CD141+)	Dendritic Cell (Type 1, CD141+)	1193	14769	6270	2332794	0.15985528607798472	0.006291204964467407	0.8401447139220153	0.9937087950355326
dataset_name-FR-FCM-Z238_infection_final_seed-42	lda	num-2	run0	18	Dendritic Cell (Type 2, CD1c+)	Dendritic Cell (Type 2, CD1c+)	255	7957	151	2346663	0.6280788177339901	0.003379313859561203	0.37192118226600984	0.9966206861404387
dataset_name-FR-FCM-Z238_infection_final_seed-42	lda	num-2	run0	19	Monocyte (CD14+ CD16+)	Monocyte (CD14+ CD16+)	51036	45795	47111	2211084	0.5199955169286886	0.020291296077459182	0.4800044830713114	0.9797087039225408
dataset_name-FR-FCM-Z238_infection_final_seed-42	lda	num-2	run0	20	Monocyte (CD14+ CD16-)	Monocyte (CD14+ CD16-)	577116	34625	83044	1660241	0.8742062530295686	0.020429343676727246	0.1257937469704314	0.9795706563232728
dataset_name-FR-FCM-Z238_infection_final_seed-42	lda	num-2	run0	21	Monocyte (CD14- CD16+)	Monocyte (CD14- CD16+)	5999	1088	21420	2326519	0.21878989022210876	4.6743286130347607e-4	0.7812101097778913	0.9995325671386965
dataset_name-FR-FCM-Z238_infection_final_seed-42	lda	num-2	run0	22	NK Cell (CD56+ CD16+)	NK Cell (CD56+ CD16+)	161629	8114	39560	2145723	0.8033689714646427	0.0037672302964430458	0.1966310285353573	0.996232769703557
dataset_name-FR-FCM-Z238_infection_final_seed-42	lda	num-2	run0	23	NK Cell (CD56+ CD16-)	NK Cell (CD56+ CD16-)	61540	63760	5356	2224370	0.9199354221478115	0.027865549597269387	0.08006457785218847	0.9721344504027306
dataset_name-FR-FCM-Z238_infection_final_seed-42	lda	num-2	run0	24	Plasmacytoid Dendritic Cell	Plasmacytoid Dendritic Cell	27375	2021	2826	2322804	0.9064269395053144	8.693127439699762e-4	0.09357306049468561	0.99913068725603
dataset_name-FR-FCM-Z238_infection_final_seed-42	lda	num-3	run0	1	B Cell (CD27-)	B Cell (CD27-)	58609	7232	52449	2288235	0.5277332564966054	0.0031505571633136087	0.47226674350339465	0.9968494428366864
dataset_name-FR-FCM-Z238_infection_final_seed-42	lda	num-3	run0	2	B Cell (Memory)	B Cell (Memory)	29759	37028	9330	2330408	0.7613139246335286	0.01564054952277485	0.23868607536647138	0.9843594504772252
dataset_name-FR-FCM-Z238_infection_final_seed-42	lda	num-3	run0	3	B Cell (Plasmablast)	B Cell (Plasmablast)	11554	6519	3915	2384537	0.7469131812011119	0.0027264104228424597	0.2530868187988881	0.9972735895771575
dataset_name-FR-FCM-Z238_infection_final_seed-42	lda	num-3	run0	4	Basophil	Basophil	0	0	2334	2404191	0	0	1	1
dataset_name-FR-FCM-Z238_infection_final_seed-42	lda	num-3	run0	5	CD4+ CD8+ T Cell	CD4+ CD8+ T Cell	0	0	188644	2217881	0	0	1	1
dataset_name-FR-FCM-Z238_infection_final_seed-42	lda	num-3	run0	6	CD4+ T Cell (Central Memory)	CD4+ T Cell (Central Memory)	70109	73087	128843	2134486	0.3523915316257188	0.0331073989399218	0.6476084683742812	0.9668926010600782
dataset_name-FR-FCM-Z238_infection_final_seed-42	lda	num-3	run0	7	CD4+ T Cell (EMRA)	CD4+ T Cell (EMRA)	17	636	7532	2398340	0.002251953901178964	2.651131149290364e-4	0.9977480460988211	0.999734886885071
dataset_name-FR-FCM-Z238_infection_final_seed-42	lda	num-3	run0	8	CD4+ T Cell (Effector Memory)	CD4+ T Cell (Effector Memory)	21631	52721	12414	2319759	0.6353649581436335	0.022221894388993794	0.3646350418563666	0.9777781056110062
dataset_name-FR-FCM-Z238_infection_final_seed-42	lda	num-3	run0	9	CD4+ T Cell (Naive)	CD4+ T Cell (Naive)	147100	162224	61165	2036036	0.7063116702278347	0.0737965481790143	0.29368832977216525	0.9262034518209857
dataset_name-FR-FCM-Z238_infection_final_seed-42	lda	num-3	run0	10	CD4+ T Cell (Treg)	CD4+ T Cell (Treg)	19256	8626	34986	2343657	0.3550016592308543	0.003667075772770538	0.6449983407691456	0.9963329242272294
dataset_name-FR-FCM-Z238_infection_final_seed-42	lda	num-3	run0	11	CD4- CD8- T Cell	CD4- CD8- T Cell	149685	109415	15409	2132016	0.9066652937114613	0.0488147973325969	0.09333470628853865	0.9511852026674031
dataset_name-FR-FCM-Z238_infection_final_seed-42	lda	num-3	run0	12	CD8+ T Cell (Central Memory)	CD8+ T Cell (Central Memory)	6891	10970	22210	2366454	0.2367959863922202	0.004614237931475412	0.7632040136077798	0.9953857620685246
dataset_name-FR-FCM-Z238_infection_final_seed-42	lda	num-3	run0	13	CD8+ T Cell (EMRA)	CD8+ T Cell (EMRA)	17571	10352	22942	2355660	0.43371263545034927	0.004375294799857312	0.5662873645496508	0.9956247052001427
dataset_name-FR-FCM-Z238_infection_final_seed-42	lda	num-3	run0	14	CD8+ T Cell (Effector Memory)	CD8+ T Cell (Effector Memory)	1256	4359	6164	2394746	0.16927223719676548	0.0018169275625702084	0.8307277628032345	0.9981830724374298
dataset_name-FR-FCM-Z238_infection_final_seed-42	lda	num-3	run0	15	CD8+ T Cell (Naive)	CD8+ T Cell (Naive)	107754	11574	66086	2221111	0.6198458352508054	0.005183892936083684	0.38015416474919467	0.9948161070639163
dataset_name-FR-FCM-Z238_infection_final_seed-42	lda	num-3	run0	16	Debris	Debris	0	0	3465	2403060	0	0	1	1
dataset_name-FR-FCM-Z238_infection_final_seed-42	lda	num-3	run0	17	Dendritic Cell (Type 1, CD141+)	Dendritic Cell (Type 1, CD141+)	0	0	7514	2399011	0	0	1	1
dataset_name-FR-FCM-Z238_infection_final_seed-42	lda	num-3	run0	18	Dendritic Cell (Type 2, CD1c+)	Dendritic Cell (Type 2, CD1c+)	0	0	461	2406064	0	0	1	1
dataset_name-FR-FCM-Z238_infection_final_seed-42	lda	num-3	run0	19	Monocyte (CD14+ CD16+)	Monocyte (CD14+ CD16+)	40716	43914	59481	2262414	0.4063594718404743	0.019040656836321633	0.5936405281595257	0.9809593431636784
dataset_name-FR-FCM-Z238_infection_final_seed-42	lda	num-3	run0	20	Monocyte (CD14+ CD16-)	Monocyte (CD14+ CD16-)	614824	37549	64660	1689492	0.9048395547209352	0.021741811572510438	0.0951604452790647	0.9782581884274896
dataset_name-FR-FCM-Z238_infection_final_seed-42	lda	num-3	run0	21	Monocyte (CD14- CD16+)	Monocyte (CD14- CD16+)	16896	43626	9382	2336621	0.6429713067965599	0.01832834995695825	0.35702869320344016	0.9816716500430418
dataset_name-FR-FCM-Z238_infection_final_seed-42	lda	num-3	run0	22	NK Cell (CD56+ CD16+)	NK Cell (CD56+ CD16+)	158652	41952	53030	2152891	0.7494827146379948	0.019113895618046484	0.2505172853620053	0.9808861043819536
dataset_name-FR-FCM-Z238_infection_final_seed-42	lda	num-3	run0	23	NK Cell (CD56+ CD16-)	NK Cell (CD56+ CD16-)	22837	16715	47963	2319010	0.32255649717514123	0.007156236286377891	0.6774435028248588	0.9928437637136222
dataset_name-FR-FCM-Z238_infection_final_seed-42	lda	num-3	run0	24	Plasmacytoid Dendritic Cell	Plasmacytoid Dendritic Cell	30497	3765	532	2371731	0.9828547487833962	0.0015849321573263016	0.017145251216603822	0.9984150678426738
dataset_name-FR-FCM-Z238_infection_final_seed-42	lda	num-4	run0	1	B Cell (CD27-)	B Cell (CD27-)	97643	13493	11351	2271976	0.8958566526597794	0.005903821053796836	0.10414334734022056	0.9940961789462032
dataset_name-FR-FCM-Z238_infection_final_seed-42	lda	num-4	run0	2	B Cell (Memory)	B Cell (Memory)	22640	6501	15752	2349570	0.5897061887893311	0.0027592547083682964	0.4102938112106689	0.9972407452916318
dataset_name-FR-FCM-Z238_infection_final_seed-42	lda	num-4	run0	3	B Cell (Plasmablast)	B Cell (Plasmablast)	13272	7151	1867	2372173	0.8766761344870864	0.0030054755048072477	0.12332386551291366	0.9969945244951928
dataset_name-FR-FCM-Z238_infection_final_seed-42	lda	num-4	run0	4	Basophil	Basophil	0	0	2334	2392129	0	0	1	1
dataset_name-FR-FCM-Z238_infection_final_seed-42	lda	num-4	run0	5	CD4+ CD8+ T Cell	CD4+ CD8+ T Cell	0	0	188644	2205819	0	0	1	1
dataset_name-FR-FCM-Z238_infection_final_seed-42	lda	num-4	run0	6	CD4+ T Cell (Central Memory)	CD4+ T Cell (Central Memory)	103273	118646	93032	2079512	0.5260844094648633	0.053975191956174215	0.47391559053513665	0.9460248080438258
dataset_name-FR-FCM-Z238_infection_final_seed-42	lda	num-4	run0	7	CD4+ T Cell (EMRA)	CD4+ T Cell (EMRA)	710	3142	6812	2383799	0.09438978994948152	0.0013163291426139146	0.9056102100505184	0.9986836708573861
dataset_name-FR-FCM-Z238_infection_final_seed-42	lda	num-4	run0	8	CD4+ T Cell (Effector Memory)	CD4+ T Cell (Effector Memory)	17322	40913	16593	2319635	0.5107474568774878	0.017331992401764335	0.48925254312251215	0.9826680075982357
dataset_name-FR-FCM-Z238_infection_final_seed-42	lda	num-4	run0	9	CD4+ T Cell (Naive)	CD4+ T Cell (Naive)	85272	83047	121282	2104862	0.41283151137232876	0.03795724593664544	0.5871684886276712	0.9620427540633546
dataset_name-FR-FCM-Z238_infection_final_seed-42	lda	num-4	run0	10	CD4+ T Cell (Treg)	CD4+ T Cell (Treg)	34822	17963	18933	2322745	0.647790903171798	0.0076741737969879195	0.352209096828202	0.9923258262030121
dataset_name-FR-FCM-Z238_infection_final_seed-42	lda	num-4	run0	11	CD4- CD8- T Cell	CD4- CD8- T Cell	141818	116411	25189	2111045	0.8491739867191196	0.05226186286059074	0.15082601328088044	0.9477381371394092
dataset_name-FR-FCM-Z238_infection_final_seed-42	lda	num-4	run0	12	CD8+ T Cell (Central Memory)	CD8+ T Cell (Central Memory)	1539	2055	27407	2363462	0.05316796794030263	8.687318670717648e-4	0.9468320320596973	0.9991312681329282
dataset_name-FR-FCM-Z238_infection_final_seed-42	lda	num-4	run0	13	CD8+ T Cell (EMRA)	CD8+ T Cell (EMRA)	15611	15188	21519	2342145	0.4204416913546997	0.006442874214207327	0.5795583086453003	0.9935571257857927
dataset_name-FR-FCM-Z238_infection_final_seed-42	lda	num-4	run0	14	CD8+ T Cell (Effector Memory)	CD8+ T Cell (Effector Memory)	318	7106	6978	2380061	0.04358552631578947	0.002976750265063148	0.9564144736842105	0.9970232497349368
dataset_name-FR-FCM-Z238_infection_final_seed-42	lda	num-4	run0	15	CD8+ T Cell (Naive)	CD8+ T Cell (Naive)	50905	3534	120892	2219132	0.29630901587338543	0.0015899824804986443	0.7036909841266146	0.9984100175195013
dataset_name-FR-FCM-Z238_infection_final_seed-42	lda	num-4	run0	16	Debris	Debris	0	0	3465	2390998	0	0	1	1
dataset_name-FR-FCM-Z238_infection_final_seed-42	lda	num-4	run0	17	Dendritic Cell (Type 1, CD141+)	Dendritic Cell (Type 1, CD141+)	3312	14185	4079	2372887	0.4481125693410905	0.005942426537615958	0.5518874306589094	0.994057573462384
dataset_name-FR-FCM-Z238_infection_final_seed-42	lda	num-4	run0	18	Dendritic Cell (Type 2, CD1c+)	Dendritic Cell (Type 2, CD1c+)	0	0	461	2394002	0	0	1	1
dataset_name-FR-FCM-Z238_infection_final_seed-42	lda	num-4	run0	19	Monocyte (CD14+ CD16+)	Monocyte (CD14+ CD16+)	34385	41748	65801	2252529	0.3432116263749426	0.01819658219125241	0.6567883736250574	0.9818034178087476
dataset_name-FR-FCM-Z238_infection_final_seed-42	lda	num-4	run0	20	Monocyte (CD14+ CD16-)	Monocyte (CD14+ CD16-)	573050	30495	105656	1685262	0.8443272934083388	0.017773495897146274	0.1556727065916612	0.9822265041028537
dataset_name-FR-FCM-Z238_infection_final_seed-42	lda	num-4	run0	21	Monocyte (CD14- CD16+)	Monocyte (CD14- CD16+)	22195	26743	4992	2340533	0.816382830029058	0.011296950587933135	0.183617169970942	0.9887030494120669
dataset_name-FR-FCM-Z238_infection_final_seed-42	lda	num-4	run0	22	NK Cell (CD56+ CD16+)	NK Cell (CD56+ CD16+)	187239	15067	24408	2167749	0.8846758990205389	0.006902551566416958	0.11532410097946108	0.993097448433583
dataset_name-FR-FCM-Z238_infection_final_seed-42	lda	num-4	run0	23	NK Cell (CD56+ CD16-)	NK Cell (CD56+ CD16-)	21188	12396	49585	2311294	0.2993797069503907	0.005334618645344258	0.7006202930496093	0.9946653813546558
dataset_name-FR-FCM-Z238_infection_final_seed-42	lda	num-4	run0	24	Plasmacytoid Dendritic Cell	Plasmacytoid Dendritic Cell	29879	3215	1038	2360331	0.9664262379920432	0.0013602443108786545	0.03357376200795679	0.9986397556891213
dataset_name-FR-FCM-Z238_infection_final_seed-42	lda	num-5	run0	1	B Cell (CD27-)	B Cell (CD27-)	88741	13465	21793	2265254	0.8028389454828379	0.0059090216915732045	0.19716105451716215	0.9940909783084267
dataset_name-FR-FCM-Z238_infection_final_seed-42	lda	num-5	run0	2	B Cell (Memory)	B Cell (Memory)	22807	10722	16178	2339546	0.5850198794408106	0.004562032925606782	0.4149801205591894	0.9954379670743932
dataset_name-FR-FCM-Z238_infection_final_seed-42	lda	num-5	run0	3	B Cell (Plasmablast)	B Cell (Plasmablast)	13884	7827	1717	2365825	0.8899429523748478	0.0032974505108583733	0.11005704762515224	0.9967025494891416
dataset_name-FR-FCM-Z238_infection_final_seed-42	lda	num-5	run0	4	Basophil	Basophil	0	0	2334	2386919	0	0	1	1
dataset_name-FR-FCM-Z238_infection_final_seed-42	lda	num-5	run0	5	CD4+ CD8+ T Cell	CD4+ CD8+ T Cell	52682	42449	133565	2160557	0.28286093198816625	0.019268671987275568	0.7171390680118338	0.9807313280127244
dataset_name-FR-FCM-Z238_infection_final_seed-42	lda	num-5	run0	6	CD4+ T Cell (Central Memory)	CD4+ T Cell (Central Memory)	49498	31589	149660	2158506	0.24853633798290806	0.014423575233037837	0.7514636620170919	0.9855764247669622
dataset_name-FR-FCM-Z238_infection_final_seed-42	lda	num-5	run0	7	CD4+ T Cell (EMRA)	CD4+ T Cell (EMRA)	1002	3115	6484	2378652	0.13384985305904354	0.0013078525313349292	0.8661501469409565	0.9986921474686651
dataset_name-FR-FCM-Z238_infection_final_seed-42	lda	num-5	run0	8	CD4+ T Cell (Effector Memory)	CD4+ T Cell (Effector Memory)	23959	43119	9897	2312278	0.7076736767485823	0.01830646808160153	0.2923263232514178	0.9816935319183985
dataset_name-FR-FCM-Z238_infection_final_seed-42	lda	num-5	run0	9	CD4+ T Cell (Naive)	CD4+ T Cell (Naive)	100695	79985	108120	2100453	0.48222110480568925	0.036682996719007835	0.5177788951943108	0.9633170032809921
dataset_name-FR-FCM-Z238_infection_final_seed-42	lda	num-5	run0	10	CD4+ T Cell (Treg)	CD4+ T Cell (Treg)	31656	11373	22520	2323704	0.5843177790903721	0.004870503199680353	0.41568222090962786	0.9951294968003197
dataset_name-FR-FCM-Z238_infection_final_seed-42	lda	num-5	run0	11	CD4- CD8- T Cell	CD4- CD8- T Cell	134604	47604	29860	2177185	0.8184405097772157	0.021397085296628128	0.1815594902227843	0.9786029147033719
dataset_name-FR-FCM-Z238_infection_final_seed-42	lda	num-5	run0	12	CD8+ T Cell (Central Memory)	CD8+ T Cell (Central Memory)	14152	61274	15083	2298744	0.4840773046006499	0.02596336129639689	0.5159226953993501	0.9740366387036031
dataset_name-FR-FCM-Z238_infection_final_seed-42	lda	num-5	run0	13	CD8+ T Cell (EMRA)	CD8+ T Cell (EMRA)	21761	25263	16270	2325959	0.5721911072546081	0.0107446255606659	0.4278088927453919	0.9892553744393341
dataset_name-FR-FCM-Z238_infection_final_seed-42	lda	num-5	run0	14	CD8+ T Cell (Effector Memory)	CD8+ T Cell (Effector Memory)	786	1751	6716	2380000	0.10477206078379099	7.351734081354432e-4	0.895227939216209	0.9992648265918646
dataset_name-FR-FCM-Z238_infection_final_seed-42	lda	num-5	run0	15	CD8+ T Cell (Naive)	CD8+ T Cell (Naive)	106054	19515	66889	2196795	0.6132309489253684	0.008805176171203487	0.38676905107463155	0.9911948238287965
dataset_name-FR-FCM-Z238_infection_final_seed-42	lda	num-5	run0	16	Debris	Debris	0	0	3465	2385788	0	0	1	1
dataset_name-FR-FCM-Z238_infection_final_seed-42	lda	num-5	run0	17	Dendritic Cell (Type 1, CD141+)	Dendritic Cell (Type 1, CD141+)	2465	4910	5015	2376863	0.32954545454545453	0.002061489487033399	0.6704545454545454	0.9979385105129666
dataset_name-FR-FCM-Z238_infection_final_seed-42	lda	num-5	run0	18	Dendritic Cell (Type 2, CD1c+)	Dendritic Cell (Type 2, CD1c+)	0	0	461	2388792	0	0	1	1
dataset_name-FR-FCM-Z238_infection_final_seed-42	lda	num-5	run0	19	Monocyte (CD14+ CD16+)	Monocyte (CD14+ CD16+)	31362	20089	67378	2270424	0.31762203767470126	0.00877052433232206	0.6823779623252988	0.9912294756676779
dataset_name-FR-FCM-Z238_infection_final_seed-42	lda	num-5	run0	20	Monocyte (CD14+ CD16-)	Monocyte (CD14+ CD16-)	633563	48682	38927	1668081	0.9421151243884668	0.028356855314332845	0.05788487561153326	0.9716431446856671
dataset_name-FR-FCM-Z238_infection_final_seed-42	lda	num-5	run0	21	Monocyte (CD14- CD16+)	Monocyte (CD14- CD16+)	11899	8068	15196	2354090	0.43915851633142644	0.0034155208923365835	0.5608414836685736	0.9965844791076635
dataset_name-FR-FCM-Z238_infection_final_seed-42	lda	num-5	run0	22	NK Cell (CD56+ CD16+)	NK Cell (CD56+ CD16+)	161103	3133	47657	2177360	0.7717139298716229	0.0014368310285793166	0.2282860701283771	0.9985631689714207
dataset_name-FR-FCM-Z238_infection_final_seed-42	lda	num-5	run0	23	NK Cell (CD56+ CD16-)	NK Cell (CD56+ CD16-)	47315	12794	23083	2306061	0.672107162135288	0.005517378188804389	0.32789283786471207	0.9944826218111956
dataset_name-FR-FCM-Z238_infection_final_seed-42	lda	num-5	run0	24	Plasmacytoid Dendritic Cell	Plasmacytoid Dendritic Cell	30127	3124	870	2355132	0.9719327676871955	0.0013247077501339973	0.028067232312804464	0.998675292249866
dataset_name-FR-FCM-Z238_infection_final_seed-42	random	num-1	run0	1	B Cell (CD27-)	B Cell (CD27-)	4776	99570	105433	2194178	0.043335843715123085	0.04340930215524984	0.9566641562848769	0.9565906978447501
dataset_name-FR-FCM-Z238_infection_final_seed-42	random	num-1	run0	2	B Cell (Memory)	B Cell (Memory)	1755	103001	37446	2261755	0.044769266090150764	0.0435567136736306	0.95523073390984925	0.9564432863263694
dataset_name-FR-FCM-Z238_infection_final_seed-42	random	num-1	run0	3	B Cell (Plasmablast)	B Cell (Plasmablast)	690	103519	14939	2284809	0.04414869793332907	0.04334371158400354	0.9558513020666709	0.9566562884159965
dataset_name-FR-FCM-Z238_infection_final_seed-42	random	num-1	run0	4	Basophil	Basophil	97	104284	2220	2297356	0.041864479930945185	0.04342199497010376	0.9581355200690548	0.9565780050298962
dataset_name-FR-FCM-Z238_infection_final_seed-42	random	num-1	run0	5	CD4+ CD8+ T Cell	CD4+ CD8+ T Cell	8184	96374	178514	2120885	0.043835499041232365	0.04346537774793112	0.9561645009587676	0.9565346222520689
dataset_name-FR-FCM-Z238_infection_final_seed-42	random	num-1	run0	6	CD4+ T Cell (Central Memory)	CD4+ T Cell (Central Memory)	8395	96534	188828	2110200	0.04256602931706748	0.04374519085671404	0.9574339706829326	0.956254809143286
dataset_name-FR-FCM-Z238_infection_final_seed-42	random	num-1	run0	7	CD4+ T Cell (EMRA)	CD4+ T Cell (EMRA)	321	103806	7223	2292607	0.042550371155885475	0.04331724122678353	0.9574496288441146	0.9566827587732165
dataset_name-FR-FCM-Z238_infection_final_seed-42	random	num-1	run0	8	CD4+ T Cell (Effector Memory)	CD4+ T Cell (Effector Memory)	1449	103718	32252	2266538	0.04299575680246877	0.0437581425803795	0.9570042431975312	0.9562418574196205
dataset_name-FR-FCM-Z238_infection_final_seed-42	random	num-1	run0	9	CD4+ T Cell (Naive)	CD4+ T Cell (Naive)	8902	95592	198216	2101247	0.04298033005339951	0.04351342997825512	0.9570196699466005	0.9564865700217449
dataset_name-FR-FCM-Z238_infection_final_seed-42	random	num-1	run0	10	CD4+ T Cell (Treg)	CD4+ T Cell (Treg)	2327	101846	51671	2248113	0.04309418867365458	0.0433394795398558	0.9569058113263454	0.9566605204601442
dataset_name-FR-FCM-Z238_infection_final_seed-42	random	num-1	run0	11	CD4- CD8- T Cell	CD4- CD8- T Cell	7301	97773	159528	2139355	0.04376337447326304	0.0437046963785711	0.9562366255267369	0.9562953036214289
dataset_name-FR-FCM-Z238_infection_final_seed-42	random	num-1	run0	12	CD8+ T Cell (Central Memory)	CD8+ T Cell (Central Memory)	1291	102969	27483	2272214	0.04486689372350038	0.04335202803320839	0.9551331062764996	0.9566479719667916
dataset_name-FR-FCM-Z238_infection_final_seed-42	random	num-1	run0	13	CD8+ T Cell (EMRA)	CD8+ T Cell (EMRA)	1696	102077	39057	2261127	0.04161656810541555	0.043194324315632505	0.9583834318945844	0.9568056756843675
dataset_name-FR-FCM-Z238_infection_final_seed-42	random	num-1	run0	14	CD8+ T Cell (Effector Memory)	CD8+ T Cell (Effector Memory)	309	104180	7128	2292340	0.04154901169826543	0.04347136681521539	0.9584509883017346	0.9565286331847846
dataset_name-FR-FCM-Z238_infection_final_seed-42	random	num-1	run0	15	CD8+ T Cell (Naive)	CD8+ T Cell (Naive)	7563	96849	165504	2134041	0.04369983879075734	0.04341271869074674	0.9563001612092427	0.9565872813092533
dataset_name-FR-FCM-Z238_infection_final_seed-42	random	num-1	run0	16	Debris	Debris	0	0	3465	2400492	0	0	1	1
dataset_name-FR-FCM-Z238_infection_final_seed-42	random	num-1	run0	17	Dendritic Cell (Type 1, CD141+)	Dendritic Cell (Type 1, CD141+)	306	104289	7042	2292320	0.04164398475775721	0.04351523339852266	0.9583560152422428	0.9564847666014773
dataset_name-FR-FCM-Z238_infection_final_seed-42	random	num-1	run0	18	Dendritic Cell (Type 2, CD1c+)	Dendritic Cell (Type 2, CD1c+)	0	0	461	2403496	0	0	1	1
dataset_name-FR-FCM-Z238_infection_final_seed-42	random	num-1	run0	19	Monocyte (CD14+ CD16+)	Monocyte (CD14+ CD16+)	4422	100172	96346	2203017	0.043882978723404256	0.043492739848965935	0.9561170212765957	0.956507260151034
dataset_name-FR-FCM-Z238_infection_final_seed-42	random	num-1	run0	20	Monocyte (CD14+ CD16-)	Monocyte (CD14+ CD16-)	29803	74948	652361	1646845	0.043688907652705215	0.043529042109010783	0.9563110923472948	0.9564709578909892
dataset_name-FR-FCM-Z238_infection_final_seed-42	random	num-1	run0	21	Monocyte (CD14- CD16+)	Monocyte (CD14- CD16+)	1121	103491	25693	2273652	0.04180651898262102	0.04353587478750753	0.958193481017379	0.9564641252124925
dataset_name-FR-FCM-Z238_infection_final_seed-42	random	num-1	run0	22	NK Cell (CD56+ CD16+)	NK Cell (CD56+ CD16+)	9211	95277	202375	2097094	0.04353312601022752	0.04345842925307806	0.9564668739897725	0.9565415707469219
dataset_name-FR-FCM-Z238_infection_final_seed-42	random	num-1	run0	23	NK Cell (CD56+ CD16-)	NK Cell (CD56+ CD16-)	3006	101542	66764	2232645	0.04308442023792461	0.04350208445167418	0.9569155797620754	0.9564979155483259
dataset_name-FR-FCM-Z238_infection_final_seed-42	random	num-1	run0	24	Plasmacytoid Dendritic Cell	Plasmacytoid Dendritic Cell	1333	103316	29750	2269558	0.04288517839333398	0.04354044926110699	0.957114821606666	0.956459550738893
dataset_name-FR-FCM-Z238_infection_final_seed-42	random	num-2	run0	1	B Cell (CD27-)	B Cell (CD27-)	4561	94189	105410	2150866	0.04147457056860445	0.041953983309985725	0.9585254294313955	0.9580460166900143
dataset_name-FR-FCM-Z238_infection_final_seed-42	random	num-2	run0	2	B Cell (Memory)	B Cell (Memory)	1610	95899	37108	2220409	0.04158272638049486	0.04140166160976865	0.9584172736195051	0.9585983383902313
dataset_name-FR-FCM-Z238_infection_final_seed-42	random	num-2	run0	3	B Cell (Plasmablast)	B Cell (Plasmablast)	579	97597	14289	2242561	0.038942695722356736	0.04170530365898371	0.9610573042776432	0.9582946963410163
dataset_name-FR-FCM-Z238_infection_final_seed-42	random	num-2	run0	4	Basophil	Basophil	79	97634	2070	2255243	0.036761284318287575	0.04149558179199338	0.9632387156817124	0.9585044182080066
dataset_name-FR-FCM-Z238_infection_final_seed-42	random	num-2	run0	5	CD4+ CD8+ T Cell	CD4+ CD8+ T Cell	7558	90956	173931	2082581	0.041644397181096374	0.041846998693834056	0.9583556028189036	0.958153001306166
dataset_name-FR-FCM-Z238_infection_final_seed-42	random	num-2	run0	6	CD4+ T Cell (Central Memory)	CD4+ T Cell (Central Memory)	8273	89832	189830	2067091	0.0417611040721241	0.04164821831841007	0.9582388959278759	0.95835178168159
dataset_name-FR-FCM-Z238_infection_final_seed-42	random	num-2	run0	7	CD4+ T Cell (EMRA)	CD4+ T Cell (EMRA)	294	97741	6883	2250108	0.04096419116622544	0.041630019647771216	0.9590358088337746	0.9583699803522288
dataset_name-FR-FCM-Z238_infection_final_seed-42	random	num-2	run0	8	CD4+ T Cell (Effector Memory)	CD4+ T Cell (Effector Memory)	1418	96547	31406	2225655	0.04320009748964172	0.041575625204008954	0.9567999025103583	0.9584243747959911
dataset_name-FR-FCM-Z238_infection_final_seed-42	random	num-2	run0	9	CD4+ T Cell (Naive)	CD4+ T Cell (Naive)	8547	90099	197913	2058467	0.04139784946236559	0.041934480951481126	0.9586021505376344	0.9580655190485189
dataset_name-FR-FCM-Z238_infection_final_seed-42	random	num-2	run0	10	CD4+ T Cell (Treg)	CD4+ T Cell (Treg)	2258	96169	51579	2205020	0.04194141575496406	0.04179100456329315	0.958058584245036	0.9582089954367069
dataset_name-FR-FCM-Z238_infection_final_seed-42	random	num-2	run0	11	CD4- CD8- T Cell	CD4- CD8- T Cell	6783	90970	157943	2099330	0.041177470466107355	0.04153312331644067	0.9588225295338927	0.9584668766835593
dataset_name-FR-FCM-Z238_infection_final_seed-42	random	num-2	run0	12	CD8+ T Cell (Central Memory)	CD8+ T Cell (Central Memory)	1233	96880	27616	2229297	0.042739783008076536	0.041647733598947974	0.9572602169919234	0.958352266401052
dataset_name-FR-FCM-Z238_infection_final_seed-42	random	num-2	run0	13	CD8+ T Cell (EMRA)	CD8+ T Cell (EMRA)	1635	96418	38941	2218032	0.04029475552050473	0.04165914148069736	0.9597052444794952	0.9583408585193026
dataset_name-FR-FCM-Z238_infection_final_seed-42	random	num-2	run0	14	CD8+ T Cell (Effector Memory)	CD8+ T Cell (Effector Memory)	313	97902	7104	2249707	0.042200350546042875	0.041702855969626966	0.9577996494539571	0.958297144030373
dataset_name-FR-FCM-Z238_infection_final_seed-42	random	num-2	run0	15	CD8+ T Cell (Naive)	CD8+ T Cell (Naive)	7241	91048	165275	2091462	0.0419729184539405	0.04171710553445345	0.9580270815460595	0.9582828944655466
dataset_name-FR-FCM-Z238_infection_final_seed-42	random	num-2	run0	16	Debris	Debris	0	0	3465	2351561	0	0	1	1
dataset_name-FR-FCM-Z238_infection_final_seed-42	random	num-2	run0	17	Dendritic Cell (Type 1, CD141+)	Dendritic Cell (Type 1, CD141+)	304	97466	7159	2250097	0.04073428915985529	0.041517948613093665	0.9592657108401447	0.9584820513869063
dataset_name-FR-FCM-Z238_infection_final_seed-42	random	num-2	run0	18	Dendritic Cell (Type 2, CD1c+)	Dendritic Cell (Type 2, CD1c+)	13	98036	393	2256584	0.03201970443349754	0.04163559300439137	0.9679802955665024	0.9583644069956087
dataset_name-FR-FCM-Z238_infection_final_seed-42	random	num-2	run0	19	Monocyte (CD14+ CD16+)	Monocyte (CD14+ CD16+)	4077	94200	94070	2162679	0.041539731219497285	0.04173905645805557	0.9584602687805027	0.9582609435419445
dataset_name-FR-FCM-Z238_infection_final_seed-42	random	num-2	run0	20	Monocyte (CD14+ CD16-)	Monocyte (CD14+ CD16-)	27606	70541	632554	1624325	0.041817135239941836	0.04162039948880914	0.9581828647600582	0.9583796005111909
dataset_name-FR-FCM-Z238_infection_final_seed-42	random	num-2	run0	21	Monocyte (CD14- CD16+)	Monocyte (CD14- CD16+)	1122	96902	26297	2230705	0.040920529559794305	0.04163159846142411	0.9590794704402057	0.9583684015385758
dataset_name-FR-FCM-Z238_infection_final_seed-42	random	num-2	run0	22	NK Cell (CD56+ CD16+)	NK Cell (CD56+ CD16+)	8327	90058	192862	2063779	0.04138894273543782	0.04181282056163024	0.9586110572645622	0.9581871794383697
dataset_name-FR-FCM-Z238_infection_final_seed-42	random	num-2	run0	23	NK Cell (CD56+ CD16-)	NK Cell (CD56+ CD16-)	2813	95303	64083	2192827	0.042050346806983975	0.04165104255440032	0.9579496531930161	0.9583489574455997
dataset_name-FR-FCM-Z238_infection_final_seed-42	random	num-2	run0	24	Plasmacytoid Dendritic Cell	Plasmacytoid Dendritic Cell	1286	96809	28915	2228016	0.04258137147776564	0.04164141386986117	0.9574186285222344	0.9583585861301388
dataset_name-FR-FCM-Z238_infection_final_seed-42	random	num-3	run0	1	B Cell (CD27-)	B Cell (CD27-)	5610	114920	105448	2180547	0.05051414576167408	0.05006388678207964	0.9494858542383259	0.9499361132179204
dataset_name-FR-FCM-Z238_infection_final_seed-42	random	num-3	run0	2	B Cell (Memory)	B Cell (Memory)	1986	119284	37103	2248152	0.050807132441351786	0.05038531136638963	0.9491928675586482	0.9496146886336103
dataset_name-FR-FCM-Z238_infection_final_seed-42	random	num-3	run0	3	B Cell (Plasmablast)	B Cell (Plasmablast)	792	119516	14677	2271540	0.05119917253862564	0.04998460931069787	0.9488008274613744	0.9500153906893022
dataset_name-FR-FCM-Z238_infection_final_seed-42	random	num-3	run0	4	Basophil	Basophil	0	0	2334	2404191	0	0	1	1
dataset_name-FR-FCM-Z238_infection_final_seed-42	random	num-3	run0	5	CD4+ CD8+ T Cell	CD4+ CD8+ T Cell	0	0	188644	2217881	0	0	1	1
dataset_name-FR-FCM-Z238_infection_final_seed-42	random	num-3	run0	6	CD4+ T Cell (Central Memory)	CD4+ T Cell (Central Memory)	10029	109981	188923	2097592	0.05040914391410994	0.04981987005639225	0.9495908560858901	0.9501801299436078
dataset_name-FR-FCM-Z238_infection_final_seed-42	random	num-3	run0	7	CD4+ T Cell (EMRA)	CD4+ T Cell (EMRA)	370	119864	7179	2279112	0.04901311431977745	0.049964651584676126	0.9509868856802225	0.9500353484153239
dataset_name-FR-FCM-Z238_infection_final_seed-42	random	num-3	run0	8	CD4+ T Cell (Effector Memory)	CD4+ T Cell (Effector Memory)	1704	118183	32341	2254297	0.05005140255544133	0.04981411855948206	0.9499485974445586	0.950185881440518
dataset_name-FR-FCM-Z238_infection_final_seed-42	random	num-3	run0	9	CD4+ T Cell (Naive)	CD4+ T Cell (Naive)	10525	109451	197740	2088809	0.05053657599692699	0.04978983377762412	0.949463424003073	0.9502101662223759
dataset_name-FR-FCM-Z238_infection_final_seed-42	random	num-3	run0	10	CD4+ T Cell (Treg)	CD4+ T Cell (Treg)	2770	117805	51472	2234478	0.0510674385162789	0.05008113394519282	0.9489325614837211	0.9499188660548071
dataset_name-FR-FCM-Z238_infection_final_seed-42	random	num-3	run0	11	CD4- CD8- T Cell	CD4- CD8- T Cell	8204	112002	156890	2129429	0.04969290222539886	0.04996897071558304	0.9503070977746011	0.950031029284417
dataset_name-FR-FCM-Z238_infection_final_seed-42	random	num-3	run0	12	CD8+ T Cell (Central Memory)	CD8+ T Cell (Central Memory)	1394	118873	27707	2258551	0.04790213394728703	0.05000075712199423	0.952097866052713	0.9499992428780057
dataset_name-FR-FCM-Z238_infection_final_seed-42	random	num-3	run0	13	CD8+ T Cell (EMRA)	CD8+ T Cell (EMRA)	1994	118508	38519	2247504	0.04921876928393355	0.050087658050762214	0.9507812307160665	0.9499123419492378
dataset_name-FR-FCM-Z238_infection_final_seed-42	random	num-3	run0	14	CD8+ T Cell (Effector Memory)	CD8+ T Cell (Effector Memory)	348	119739	7072	2279366	0.04690026954177898	0.04990986221945267	0.953099730458221	0.9500901377805473
dataset_name-FR-FCM-Z238_infection_final_seed-42	random	num-3	run0	15	CD8+ T Cell (Naive)	CD8+ T Cell (Naive)	8723	111481	165117	2121204	0.05017832489645651	0.049931360671120195	0.9498216751035435	0.9500686393288797
dataset_name-FR-FCM-Z238_infection_final_seed-42	random	num-3	run0	16	Debris	Debris	0	0	3465	2403060	0	0	1	1
dataset_name-FR-FCM-Z238_infection_final_seed-42	random	num-3	run0	17	Dendritic Cell (Type 1, CD141+)	Dendritic Cell (Type 1, CD141+)	0	0	7514	2399011	0	0	1	1
dataset_name-FR-FCM-Z238_infection_final_seed-42	random	num-3	run0	18	Dendritic Cell (Type 2, CD1c+)	Dendritic Cell (Type 2, CD1c+)	0	0	461	2406064	0	0	1	1
dataset_name-FR-FCM-Z238_infection_final_seed-42	random	num-3	run0	19	Monocyte (CD14+ CD16+)	Monocyte (CD14+ CD16+)	5060	115421	95137	2190907	0.050500513987444734	0.05004535347964383	0.9494994860125553	0.9499546465203562
dataset_name-FR-FCM-Z238_infection_final_seed-42	random	num-3	run0	20	Monocyte (CD14+ CD16-)	Monocyte (CD14+ CD16-)	34195	86668	645289	1640373	0.05032495246392851	0.050182942964295575	0.9496750475360715	0.9498170570357044
dataset_name-FR-FCM-Z238_infection_final_seed-42	random	num-3	run0	21	Monocyte (CD14- CD16+)	Monocyte (CD14- CD16+)	1302	119199	24976	2261048	0.049547149706979224	0.05007841623159277	0.9504528502930207	0.9499215837684072
dataset_name-FR-FCM-Z238_infection_final_seed-42	random	num-3	run0	22	NK Cell (CD56+ CD16+)	NK Cell (CD56+ CD16+)	10640	109710	201042	2085133	0.0502640753583205	0.04998535202745709	0.9497359246416796	0.9500146479725429
dataset_name-FR-FCM-Z238_infection_final_seed-42	random	num-3	run0	23	NK Cell (CD56+ CD16-)	NK Cell (CD56+ CD16-)	3545	116358	67255	2219367	0.05007062146892655	0.04981665221719166	0.9499293785310734	0.9501833477828083
dataset_name-FR-FCM-Z238_infection_final_seed-42	random	num-3	run0	24	Plasmacytoid Dendritic Cell	Plasmacytoid Dendritic Cell	1486	118609	29543	2256887	0.04789068290953624	0.04993020405001734	0.9521093170904638	0.9500697959499826
dataset_name-FR-FCM-Z238_infection_final_seed-42	random	num-4	run0	1	B Cell (CD27-)	B Cell (CD27-)	5111	108931	103883	2176538	0.04689248949483458	0.047662427274226864	0.9531075105051654	0.9523375727257731
dataset_name-FR-FCM-Z238_infection_final_seed-42	random	num-4	run0	2	B Cell (Memory)	B Cell (Memory)	1821	112322	36571	2243749	0.047431756615961655	0.047673435987285614	0.9525682433840383	0.9523265640127144
dataset_name-FR-FCM-Z238_infection_final_seed-42	random	num-4	run0	3	B Cell (Plasmablast)	B Cell (Plasmablast)	709	112901	14430	2266423	0.04683268379681617	0.04745087260078913	0.9531673162031838	0.9525491273992108
dataset_name-FR-FCM-Z238_infection_final_seed-42	random	num-4	run0	4	Basophil	Basophil	0	0	2334	2392129	0	0	1	1
dataset_name-FR-FCM-Z238_infection_final_seed-42	random	num-4	run0	5	CD4+ CD8+ T Cell	CD4+ CD8+ T Cell	0	0	188644	2205819	0	0	1	1
dataset_name-FR-FCM-Z238_infection_final_seed-42	random	num-4	run0	6	CD4+ T Cell (Central Memory)	CD4+ T Cell (Central Memory)	9455	104508	186850	2093650	0.048164845521000484	0.04754344319198165	0.9518351544789995	0.9524565568080183
dataset_name-FR-FCM-Z238_infection_final_seed-42	random	num-4	run0	7	CD4+ T Cell (EMRA)	CD4+ T Cell (EMRA)	312	113550	7210	2273391	0.041478330231321456	0.04757134759510185	0.9585216697686786	0.9524286524048982
dataset_name-FR-FCM-Z238_infection_final_seed-42	random	num-4	run0	8	CD4+ T Cell (Effector Memory)	CD4+ T Cell (Effector Memory)	1704	112306	32211	2248242	0.05024325519681557	0.047576240771210754	0.9497567448031844	0.9524237592287893
dataset_name-FR-FCM-Z238_infection_final_seed-42	random	num-4	run0	9	CD4+ T Cell (Naive)	CD4+ T Cell (Naive)	9654	104256	196900	2083653	0.046738383183090135	0.04765097634316601	0.9532616168169099	0.9523490236568339
dataset_name-FR-FCM-Z238_infection_final_seed-42	random	num-4	run0	10	CD4+ T Cell (Treg)	CD4+ T Cell (Treg)	2484	111286	51271	2229422	0.04620965491582178	0.04754373463071857	0.9537903450841783	0.9524562653692814
dataset_name-FR-FCM-Z238_infection_final_seed-42	random	num-4	run0	11	CD4- CD8- T Cell	CD4- CD8- T Cell	8025	106062	158982	2121394	0.04805187806499129	0.047615755372945635	0.9519481219350087	0.9523842446270544
dataset_name-FR-FCM-Z238_infection_final_seed-42	random	num-4	run0	12	CD8+ T Cell (Central Memory)	CD8+ T Cell (Central Memory)	1484	112787	27462	2252730	0.051267878117874664	0.047679640433782554	0.9487321218821253	0.9523203595662174
dataset_name-FR-FCM-Z238_infection_final_seed-42	random	num-4	run0	13	CD8+ T Cell (EMRA)	CD8+ T Cell (EMRA)	1787	112727	35343	2244606	0.04812819822246162	0.04781971830029953	0.9518718017775384	0.9521802816997005
dataset_name-FR-FCM-Z238_infection_final_seed-42	random	num-4	run0	14	CD8+ T Cell (Effector Memory)	CD8+ T Cell (Effector Memory)	373	114258	6923	2272909	0.05112390350877193	0.04786342974747892	0.9488760964912281	0.9521365702525211
dataset_name-FR-FCM-Z238_infection_final_seed-42	random	num-4	run0	15	CD8+ T Cell (Naive)	CD8+ T Cell (Naive)	8329	105453	163468	2117213	0.04848163821254155	0.04744437535824096	0.9515183617874584	0.952555624641759
dataset_name-FR-FCM-Z238_infection_final_seed-42	random	num-4	run0	16	Debris	Debris	0	0	3465	2390998	0	0	1	1
dataset_name-FR-FCM-Z238_infection_final_seed-42	random	num-4	run0	17	Dendritic Cell (Type 1, CD141+)	Dendritic Cell (Type 1, CD141+)	338	113282	7053	2273790	0.04573129481802192	0.04745646549412837	0.954268705181978	0.9525435345058716
dataset_name-FR-FCM-Z238_infection_final_seed-42	random	num-4	run0	18	Dendritic Cell (Type 2, CD1c+)	Dendritic Cell (Type 2, CD1c+)	0	0	461	2394002	0	0	1	1
dataset_name-FR-FCM-Z238_infection_final_seed-42	random	num-4	run0	19	Monocyte (CD14+ CD16+)	Monocyte (CD14+ CD16+)	4699	109686	95487	2184591	0.04690276086479149	0.047808525300127226	0.9530972391352085	0.9521914746998728
dataset_name-FR-FCM-Z238_infection_final_seed-42	random	num-4	run0	20	Monocyte (CD14+ CD16-)	Monocyte (CD14+ CD16-)	32432	81759	646274	1633998	0.04778504978591614	0.047651852797336684	0.9522149502140839	0.9523481472026634
dataset_name-FR-FCM-Z238_infection_final_seed-42	random	num-4	run0	21	Monocyte (CD14- CD16+)	Monocyte (CD14- CD16+)	1319	112403	25868	2254873	0.04851583477397285	0.047482000408908806	0.9514841652260272	0.9525179995910912
dataset_name-FR-FCM-Z238_infection_final_seed-42	random	num-4	run0	22	NK Cell (CD56+ CD16+)	NK Cell (CD56+ CD16+)	10137	103576	201510	2079240	0.04789578874257608	0.04745063257736795	0.952104211257424	0.9525493674226321
dataset_name-FR-FCM-Z238_infection_final_seed-42	random	num-4	run0	23	NK Cell (CD56+ CD16-)	NK Cell (CD56+ CD16-)	3301	110817	67472	2212873	0.04664208101959787	0.04769009635536582	0.9533579189804021	0.9523099036446342
dataset_name-FR-FCM-Z238_infection_final_seed-42	random	num-4	run0	24	Plasmacytoid Dendritic Cell	Plasmacytoid Dendritic Cell	1499	112541	29418	2251005	0.048484652456577286	0.047615320370324926	0.9515153475434227	0.9523846796296751
dataset_name-FR-FCM-Z238_infection_final_seed-42	random	num-5	run0	1	B Cell (CD27-)	B Cell (CD27-)	5079	104162	105455	2174557	0.04594966254727052	0.045710769954522695	0.9540503374527295	0.9542892300454773
dataset_name-FR-FCM-Z238_infection_final_seed-42	random	num-5	run0	2	B Cell (Memory)	B Cell (Memory)	1774	106138	37211	2244130	0.04550468128767474	0.045159956226268665	0.9544953187123253	0.9548400437737313
dataset_name-FR-FCM-Z238_infection_final_seed-42	random	num-5	run0	3	B Cell (Plasmablast)	B Cell (Plasmablast)	732	107848	14869	2265804	0.04692006922633164	0.045435472428140264	0.9530799307736684	0.9545645275718597
dataset_name-FR-FCM-Z238_infection_final_seed-42	random	num-5	run0	4	Basophil	Basophil	0	0	2334	2386919	0	0	1	1
dataset_name-FR-FCM-Z238_infection_final_seed-42	random	num-5	run0	5	CD4+ CD8+ T Cell	CD4+ CD8+ T Cell	8376	100583	177871	2102423	0.0449725364703861	0.04565716116978347	0.9550274635296139	0.9543428388302165
dataset_name-FR-FCM-Z238_infection_final_seed-42	random	num-5	run0	6	CD4+ T Cell (Central Memory)	CD4+ T Cell (Central Memory)	9012	99504	190146	2090591	0.045250504624469015	0.04543364557245234	0.954749495375531	0.9545663544275477
dataset_name-FR-FCM-Z238_infection_final_seed-42	random	num-5	run0	7	CD4+ T Cell (EMRA)	CD4+ T Cell (EMRA)	309	107498	7177	2274269	0.041277050494255944	0.04513371794974068	0.9587229495057441	0.9548662820502594
dataset_name-FR-FCM-Z238_infection_final_seed-42	random	num-5	run0	8	CD4+ T Cell (Effector Memory)	CD4+ T Cell (Effector Memory)	1539	106688	32317	2248709	0.045457230623818526	0.045295124346341614	0.9545427693761814	0.9547048756536584
dataset_name-FR-FCM-Z238_infection_final_seed-42	random	num-5	run0	9	CD4+ T Cell (Naive)	CD4+ T Cell (Naive)	9462	99048	199353	2081390	0.04531283672149989	0.0454257355632217	0.9546871632785001	0.9545742644367783
dataset_name-FR-FCM-Z238_infection_final_seed-42	random	num-5	run0	10	CD4+ T Cell (Treg)	CD4+ T Cell (Treg)	2426	106401	51750	2228676	0.04477997637330183	0.045566377468494616	0.9552200236266982	0.9544336225315054
dataset_name-FR-FCM-Z238_infection_final_seed-42	random	num-5	run0	11	CD4- CD8- T Cell	CD4- CD8- T Cell	7577	101549	156887	2123240	0.046070872652981806	0.045644328518344886	0.9539291273470182	0.9543556714816551
dataset_name-FR-FCM-Z238_infection_final_seed-42	random	num-5	run0	12	CD8+ T Cell (Central Memory)	CD8+ T Cell (Central Memory)	1323	107025	27912	2252993	0.0452539763981529	0.04534923038722586	0.9547460236018471	0.9546507696127742
dataset_name-FR-FCM-Z238_infection_final_seed-42	random	num-5	run0	13	CD8+ T Cell (EMRA)	CD8+ T Cell (EMRA)	1718	107081	36313	2244141	0.04517367410796456	0.04554270077432076	0.9548263258920354	0.9544572992256792
dataset_name-FR-FCM-Z238_infection_final_seed-42	random	num-5	run0	14	CD8+ T Cell (Effector Memory)	CD8+ T Cell (Effector Memory)	331	108449	7171	2273302	0.04412156758197814	0.04553330721809291	0.9558784324180218	0.9544666927819071
dataset_name-FR-FCM-Z238_infection_final_seed-42	random	num-5	run0	15	CD8+ T Cell (Naive)	CD8+ T Cell (Naive)	7958	100509	164985	2115801	0.04601516106462823	0.04534970288452428	0.9539848389353718	0.9546502971154758
dataset_name-FR-FCM-Z238_infection_final_seed-42	random	num-5	run0	16	Debris	Debris	0	0	3465	2385788	0	0	1	1
dataset_name-FR-FCM-Z238_infection_final_seed-42	random	num-5	run0	17	Dendritic Cell (Type 1, CD141+)	Dendritic Cell (Type 1, CD141+)	347	108044	7133	2273729	0.0463903743315508	0.04536284524175897	0.9536096256684492	0.9546371547582411
dataset_name-FR-FCM-Z238_infection_final_seed-42	random	num-5	run0	18	Dendritic Cell (Type 2, CD1c+)	Dendritic Cell (Type 2, CD1c+)	0	0	461	2388792	0	0	1	1
dataset_name-FR-FCM-Z238_infection_final_seed-42	random	num-5	run0	19	Monocyte (CD14+ CD16+)	Monocyte (CD14+ CD16+)	4489	103931	94251	2186582	0.045462831679157385	0.04537455146510847	0.9545371683208426	0.9546254485348915
dataset_name-FR-FCM-Z238_infection_final_seed-42	random	num-5	run0	20	Monocyte (CD14+ CD16-)	Monocyte (CD14+ CD16-)	30498	78431	641992	1638332	0.04535086023583994	0.04568539746022019	0.9546491397641601	0.9543146025397798
dataset_name-FR-FCM-Z238_infection_final_seed-42	random	num-5	run0	21	Monocyte (CD14- CD16+)	Monocyte (CD14- CD16+)	1275	107462	25820	2254696	0.04705665251891493	0.04549314652110485	0.9529433474810851	0.9545068534788952
dataset_name-FR-FCM-Z238_infection_final_seed-42	random	num-5	run0	22	NK Cell (CD56+ CD16+)	NK Cell (CD56+ CD16+)	9431	99413	199329	2081080	0.04517627898064763	0.04559198309740045	0.9548237210193523	0.9544080169025996
dataset_name-FR-FCM-Z238_infection_final_seed-42	random	num-5	run0	23	NK Cell (CD56+ CD16-)	NK Cell (CD56+ CD16-)	3188	105532	67210	2213323	0.045285377425495044	0.04551039198224986	0.954714622574505	0.9544896080177502
dataset_name-FR-FCM-Z238_infection_final_seed-42	random	num-5	run0	24	Plasmacytoid Dendritic Cell	Plasmacytoid Dendritic Cell	1446	107103	29551	2251153	0.046649675775075006	0.04541618891248448	0.9533503242249249	0.9545838110875156
dataset_name-FR-FCM-Z2KP_healthy_final_seed-42	cyanno	num-1	run0	1	CD14 monocytes	CD14 monocytes	201205	42	58	1145394	0.9997118198575993	3.6667260327071965e-5	2.8818014240073933e-4	0.999963332739673
dataset_name-FR-FCM-Z2KP_healthy_final_seed-42	cyanno	num-1	run0	2	CD19	CD19	174840	167	143	1171549	0.9991827777555534	1.425260045949701e-4	8.172222444466034e-4	0.999857473995405
dataset_name-FR-FCM-Z2KP_healthy_final_seed-42	cyanno	num-1	run0	3	CD3+	CD3+	78762	7196	5935	1254806	0.9299266798115636	0.005702051185338851	0.07007332018843643	0.9942979488146612
dataset_name-FR-FCM-Z2KP_healthy_final_seed-42	cyanno	num-1	run0	4	CD4	CD4	685701	1491	699	658808	0.9989816433566434	0.00225806793588965	0.0010183566433566433	0.9977419320641103
dataset_name-FR-FCM-Z2KP_healthy_final_seed-42	cyanno	num-1	run0	5	CD8	CD8	192791	4504	6565	1142839	0.9670689620578262	0.003925591562418562	0.0329310379421738	0.9960744084375814
dataset_name-FR-FCM-Z2KP_healthy_final_seed-42	cyanno	num-2	run0	1	CD14 monocytes	CD14 monocytes	166802	66	9	1007616	0.9999460467235374	6.549685317391796e-5	5.39532764625834e-5	0.9999345031468261
dataset_name-FR-FCM-Z2KP_healthy_final_seed-42	cyanno	num-2	run0	2	CD19	CD19	128717	100	145	1045531	0.998874765252751	9.563603221404109e-5	0.001125234747248995	0.9999043639677859
dataset_name-FR-FCM-Z2KP_healthy_final_seed-42	cyanno	num-2	run0	3	CD3+	CD3+	67388	2183	4456	1100466	0.9379767273537108	0.001979777789668335	0.06202327264628918	0.9980202222103317
dataset_name-FR-FCM-Z2KP_healthy_final_seed-42	cyanno	num-2	run0	4	CD4	CD4	604992	1161	432	567908	0.9992864504875921	0.002040174390100322	7.135495124078332e-4	0.9979598256098997
dataset_name-FR-FCM-Z2KP_healthy_final_seed-42	cyanno	num-2	run0	5	CD8	CD8	199730	3354	1822	969587	0.990960149241883	0.0034472799481160728	0.009039850758117012	0.9965527200518839
dataset_name-FR-FCM-Z2KP_healthy_final_seed-42	cyanno	num-3	run0	1	CD14 monocytes	CD14 monocytes	154275	40	19	1076899	0.9998768584650084	3.714230796730363e-5	1.2314153499163935e-4	0.9999628576920327
dataset_name-FR-FCM-Z2KP_healthy_final_seed-42	cyanno	num-3	run0	2	CD19	CD19	159353	245	86	1071549	0.9994606087594629	2.28588702679806e-4	5.393912405371334e-4	0.9997714112973202
dataset_name-FR-FCM-Z2KP_healthy_final_seed-42	cyanno	num-3	run0	3	CD3+	CD3+	66515	2396	7089	1155233	0.9036872996032824	0.002069747734377767	0.09631270039671758	0.9979302522656223
dataset_name-FR-FCM-Z2KP_healthy_final_seed-42	cyanno	num-3	run0	4	CD4	CD4	660295	1578	946	568414	0.9985693567095809	0.002768459908209238	0.0014306432904190756	0.9972315400917907
dataset_name-FR-FCM-Z2KP_healthy_final_seed-42	cyanno	num-3	run0	5	CD8	CD8	181038	5498	1617	1043080	0.9911472448057814	0.005243291390816897	0.008852755194218609	0.9947567086091831
dataset_name-FR-FCM-Z2KP_healthy_final_seed-42	cyanno	num-4	run0	1	CD14 monocytes	CD14 monocytes	177017	77	16	1089264	0.999909621370027	7.06849370399168e-5	9.037862997294289e-5	0.9999293150629601
dataset_name-FR-FCM-Z2KP_healthy_final_seed-42	cyanno	num-4	run0	2	CD19	CD19	172985	197	128	1093064	0.9992605985685651	1.8019484825672918e-4	7.394014314349587e-4	0.9998198051517433
dataset_name-FR-FCM-Z2KP_healthy_final_seed-42	cyanno	num-4	run0	3	CD3+	CD3+	59847	2035	5569	1198923	0.9148679222208634	0.0016944805730092142	0.0851320777791366	0.9983055194269908
dataset_name-FR-FCM-Z2KP_healthy_final_seed-42	cyanno	num-4	run0	4	CD4	CD4	669013	1000	950	595411	0.9985820112453971	0.0016766961038612634	0.001417988754602866	0.9983233038961388
dataset_name-FR-FCM-Z2KP_healthy_final_seed-42	cyanno	num-4	run0	5	CD8	CD8	179612	4591	1237	1080934	0.99316003959104	0.004229289974896939	0.006839960408959961	0.9957707100251031
dataset_name-FR-FCM-Z2KP_healthy_final_seed-42	cyanno	num-5	run0	1	CD14 monocytes	CD14 monocytes	204615	49	33	1008013	0.999838747507916	4.860812132587083e-5	1.6125249208396856e-4	0.9999513918786741
dataset_name-FR-FCM-Z2KP_healthy_final_seed-42	cyanno	num-5	run0	2	CD19	CD19	161943	131	146	1050490	0.999099260282931	1.246881606211945e-4	9.007397170690177e-4	0.9998753118393788
dataset_name-FR-FCM-Z2KP_healthy_final_seed-42	cyanno	num-5	run0	3	CD3+	CD3+	63331	1564	3522	1144293	0.9473172482910266	0.0013649172627998084	0.05268275170897342	0.9986350827372001
dataset_name-FR-FCM-Z2KP_healthy_final_seed-42	cyanno	num-5	run0	4	CD4	CD4	594320	694	419	617277	0.9992954892818531	0.0011230300450992038	7.045107181469518e-4	0.9988769699549008
dataset_name-FR-FCM-Z2KP_healthy_final_seed-42	cyanno	num-5	run0	5	CD8	CD8	183188	2875	1193	1025454	0.9935297020842712	0.002795797842908252	0.006470297915728844	0.9972042021570917
dataset_name-FR-FCM-Z2KP_healthy_final_seed-42	cygate	num-1	run0	1	CD14 monocytes	CD14 monocytes	199816	1800	1447	1143636	0.9928104023094161	0.0015714540140173699	0.007189597690583962	0.9984285459859826
dataset_name-FR-FCM-Z2KP_healthy_final_seed-42	cygate	num-1	run0	2	CD19	CD19	174440	1293	543	1170423	0.996896841407451	0.0011035097241993794	0.0031031585925489903	0.9988964902758006
dataset_name-FR-FCM-Z2KP_healthy_final_seed-42	cygate	num-1	run0	3	CD3+	CD3+	53897	35553	30800	1226449	0.6363507562251319	0.02817190464040469	0.36364924377486807	0.9718280953595954
dataset_name-FR-FCM-Z2KP_healthy_final_seed-42	cygate	num-1	run0	4	CD4	CD4	670743	21770	15657	638529	0.9771896853146853	0.03296991211557188	0.022810314685314685	0.9670300878844281
dataset_name-FR-FCM-Z2KP_healthy_final_seed-42	cygate	num-1	run0	5	CD8	CD8	173311	7186	26045	1140157	0.869354320913341	0.006263166289418247	0.13064567908665906	0.9937368337105817
dataset_name-FR-FCM-Z2KP_healthy_final_seed-42	cygate	num-2	run0	1	CD14 monocytes	CD14 monocytes	164217	2167	2594	1005515	0.9844494667617842	0.00215048001254364	0.015550533238215706	0.9978495199874564
dataset_name-FR-FCM-Z2KP_healthy_final_seed-42	cygate	num-2	run0	2	CD19	CD19	128522	2721	340	1042910	0.997361518523692	0.002602256436544058	0.0026384814763079885	0.9973977435634559
dataset_name-FR-FCM-Z2KP_healthy_final_seed-42	cygate	num-2	run0	3	CD3+	CD3+	16706	33307	55138	1069342	0.23253159623628974	0.03020634852976786	0.7674684037637103	0.9697936514702321
dataset_name-FR-FCM-Z2KP_healthy_final_seed-42	cygate	num-2	run0	4	CD4	CD4	580827	20184	24597	548885	0.959372274637279	0.03546845813073634	0.040627725362721	0.9645315418692637
dataset_name-FR-FCM-Z2KP_healthy_final_seed-42	cygate	num-2	run0	5	CD8	CD8	159792	13634	41760	959307	0.7928078113836627	0.014013182710976308	0.20719218861633723	0.9859868172890237
dataset_name-FR-FCM-Z2KP_healthy_final_seed-42	cygate	num-3	run0	1	CD14 monocytes	CD14 monocytes	151598	3118	2696	1073821	0.9825268642980285	0.002895242906051318	0.01747313570197156	0.9971047570939486
dataset_name-FR-FCM-Z2KP_healthy_final_seed-42	cygate	num-3	run0	2	CD19	CD19	159066	2801	373	1068993	0.9976605472939494	0.0026133753314536187	0.00233945270605059	0.9973866246685463
dataset_name-FR-FCM-Z2KP_healthy_final_seed-42	cygate	num-3	run0	3	CD3+	CD3+	35489	86028	38115	1071601	0.48216129558176185	0.07431396414568052	0.5178387044182381	0.9256860358543195
dataset_name-FR-FCM-Z2KP_healthy_final_seed-42	cygate	num-3	run0	4	CD4	CD4	633610	19383	27631	550609	0.9582134199180027	0.03400574043144465	0.041786580081997336	0.9659942595685553
dataset_name-FR-FCM-Z2KP_healthy_final_seed-42	cygate	num-3	run0	5	CD8	CD8	84082	0	98573	1048578	0.4603323204949221	0	0.5396676795050779	1
dataset_name-FR-FCM-Z2KP_healthy_final_seed-42	cygate	num-4	run0	1	CD14 monocytes	CD14 monocytes	174026	2148	3007	1087193	0.9830144662294601	0.0019718343475550815	0.016985533770539955	0.9980281656524449
dataset_name-FR-FCM-Z2KP_healthy_final_seed-42	cygate	num-4	run0	2	CD19	CD19	172989	3593	124	1089668	0.9992837048632974	0.003286497917697604	7.162951367026162e-4	0.9967135020823024
dataset_name-FR-FCM-Z2KP_healthy_final_seed-42	cygate	num-4	run0	3	CD3+	CD3+	36942	12985	28474	1187973	0.5647242264889324	0.010812201592395404	0.4352757735110676	0.9891877984076046
dataset_name-FR-FCM-Z2KP_healthy_final_seed-42	cygate	num-4	run0	4	CD4	CD4	654479	5794	15484	590617	0.9768882759197149	0.00971477722577216	0.023111724080285032	0.9902852227742278
dataset_name-FR-FCM-Z2KP_healthy_final_seed-42	cygate	num-4	run0	5	CD8	CD8	178317	19280	2532	1066245	0.9859993696398653	0.01776099122544391	0.014000630360134698	0.982239008774556
dataset_name-FR-FCM-Z2KP_healthy_final_seed-42	cygate	num-5	run0	1	CD14 monocytes	CD14 monocytes	204554	1954	94	1006108	0.9995406747195184	0.001938372838178604	4.5932528048160746e-4	0.9980616271618213
dataset_name-FR-FCM-Z2KP_healthy_final_seed-42	cygate	num-5	run0	2	CD19	CD19	160863	739	1226	1049882	0.992436254156667	7.033935167867385e-4	0.0075637458433329835	0.9992966064832133
dataset_name-FR-FCM-Z2KP_healthy_final_seed-42	cygate	num-5	run0	3	CD3+	CD3+	51411	17566	15442	1128291	0.7690156013941035	0.015330010638325725	0.2309843986058965	0.9846699893616743
dataset_name-FR-FCM-Z2KP_healthy_final_seed-42	cygate	num-5	run0	4	CD4	CD4	578927	4449	15812	613522	0.9734135477915523	0.007199366960585529	0.026586452208447738	0.9928006330394145
dataset_name-FR-FCM-Z2KP_healthy_final_seed-42	cygate	num-5	run0	5	CD8	CD8	177457	9871	6924	1018458	0.9624473237481085	0.009599068002555602	0.037552676251891466	0.9904009319974444
dataset_name-FR-FCM-Z2KP_healthy_final_seed-42	dgcytof	num-1	run0	1	CD14 monocytes	CD14 monocytes	201014	492	249	1144944	0.9987628128369348	4.295307638314144e-4	0.001237187163065243	0.9995704692361685
dataset_name-FR-FCM-Z2KP_healthy_final_seed-42	dgcytof	num-1	run0	2	CD19	CD19	174477	921	506	1170795	0.9971082905196504	7.860266480956136e-4	0.00289170948034952	0.9992139733519044
dataset_name-FR-FCM-Z2KP_healthy_final_seed-42	dgcytof	num-1	run0	3	CD3+	CD3+	31576	14607	53121	1247395	0.3728113156310141	0.011574466601479236	0.6271886843689859	0.9884255333985208
dataset_name-FR-FCM-Z2KP_healthy_final_seed-42	dgcytof	num-1	run0	4	CD4	CD4	673902	10648	12498	649651	0.9817919580419581	0.016126027754093223	0.01820804195804196	0.9838739722459068
dataset_name-FR-FCM-Z2KP_healthy_final_seed-42	dgcytof	num-1	run0	5	CD8	CD8	196442	42620	2914	1104723	0.9853829330444029	0.03714669458043497	0.014617066955597023	0.962853305419565
dataset_name-FR-FCM-Z2KP_healthy_final_seed-42	dgcytof	num-2	run0	1	CD14 monocytes	CD14 monocytes	165537	69	1274	1007613	0.9923626139762965	6.84739828636415e-5	0.007637386023703473	0.9999315260171363
dataset_name-FR-FCM-Z2KP_healthy_final_seed-42	dgcytof	num-2	run0	2	CD19	CD19	128133	2578	729	1043053	0.9943427853052103	0.002465496910477979	0.005657214694789775	0.9975345030895221
dataset_name-FR-FCM-Z2KP_healthy_final_seed-42	dgcytof	num-2	run0	3	CD3+	CD3+	39794	8011	32050	1094638	0.5538945493012638	0.0072652312748662535	0.44610545069873614	0.9927347687251338
dataset_name-FR-FCM-Z2KP_healthy_final_seed-42	dgcytof	num-2	run0	4	CD4	CD4	603069	20644	2355	548425	0.9961101641163879	0.03627679595971666	0.003889835883612146	0.9637232040402833
dataset_name-FR-FCM-Z2KP_healthy_final_seed-42	dgcytof	num-2	run0	5	CD8	CD8	194235	12423	7317	960518	0.9636967135032151	0.012768502920526528	0.03630328649678495	0.9872314970794734
dataset_name-FR-FCM-Z2KP_healthy_final_seed-42	dgcytof	num-3	run0	1	CD14 monocytes	CD14 monocytes	149412	351	4882	1076588	0.9683591066405693	3.2592375241308934e-4	0.0316408933594307	0.9996740762475869
dataset_name-FR-FCM-Z2KP_healthy_final_seed-42	dgcytof	num-3	run0	2	CD19	CD19	155985	1598	3454	1070196	0.9783365425021482	0.0014909581505401224	0.021663457497851844	0.9985090418494599
dataset_name-FR-FCM-Z2KP_healthy_final_seed-42	dgcytof	num-3	run0	3	CD3+	CD3+	63586	16442	10018	1141187	0.8638932666702897	0.014203168718129901	0.13610673332971035	0.9857968312818701
dataset_name-FR-FCM-Z2KP_healthy_final_seed-42	dgcytof	num-3	run0	4	CD4	CD4	653137	4549	8104	565443	0.9877442566326045	0.007980813765807239	0.01225574336739555	0.9920191862341927
dataset_name-FR-FCM-Z2KP_healthy_final_seed-42	dgcytof	num-3	run0	5	CD8	CD8	178635	7538	4020	1041040	0.9779912950644658	0.007188783285554341	0.022008704935534203	0.9928112167144456
dataset_name-FR-FCM-Z2KP_healthy_final_seed-42	dgcytof	num-4	run0	1	CD14 monocytes	CD14 monocytes	161153	16	15880	1089325	0.9102992097518542	1.4687779125177515e-5	0.08970079024814583	0.9999853122208748
dataset_name-FR-FCM-Z2KP_healthy_final_seed-42	dgcytof	num-4	run0	2	CD19	CD19	171952	13248	1161	1080013	0.9932933979539376	0.012117874871599738	0.0067066020460623986	0.9878821251284002
dataset_name-FR-FCM-Z2KP_healthy_final_seed-42	dgcytof	num-4	run0	3	CD3+	CD3+	47384	11033	18032	1189925	0.7243487831723125	0.009186832512044552	0.2756512168276874	0.9908131674879554
dataset_name-FR-FCM-Z2KP_healthy_final_seed-42	dgcytof	num-4	run0	4	CD4	CD4	668751	11481	1212	584930	0.998190944873075	0.019250147968431167	0.0018090551269249197	0.9807498520315688
dataset_name-FR-FCM-Z2KP_healthy_final_seed-42	dgcytof	num-4	run0	5	CD8	CD8	174430	6926	6419	1078599	0.9645063008366096	0.0063803228852398605	0.03549369916339045	0.9936196771147602
dataset_name-FR-FCM-Z2KP_healthy_final_seed-42	dgcytof	num-5	run0	1	CD14 monocytes	CD14 monocytes	204414	517	234	1007545	0.9988565732379501	5.128652801117392e-4	0.0011434267620499588	0.9994871347198883
dataset_name-FR-FCM-Z2KP_healthy_final_seed-42	dgcytof	num-5	run0	2	CD19	CD19	160742	578	1347	1050043	0.9916897506925207	5.501508155652705e-4	0.008310249307479225	0.9994498491844347
dataset_name-FR-FCM-Z2KP_healthy_final_seed-42	dgcytof	num-5	run0	3	CD3+	CD3+	57934	17909	8919	1127948	0.8665878868562368	0.015629349910154584	0.1334121131437632	0.9843706500898454
dataset_name-FR-FCM-Z2KP_healthy_final_seed-42	dgcytof	num-5	run0	4	CD4	CD4	589398	3900	5341	614071	0.991019590105912	0.006310975757762096	0.008980409894087995	0.9936890242422379
dataset_name-FR-FCM-Z2KP_healthy_final_seed-42	dgcytof	num-5	run0	5	CD8	CD8	171637	5681	12744	1022648	0.9308822492556175	0.005524496537586706	0.06911775074438256	0.9944755034624133
dataset_name-FR-FCM-Z2KP_healthy_final_seed-42	gatemeclass	num-1	run0	1	CD14 monocytes	CD14 monocytes	198752	600918	2511	544518	0.9875237872833059	0.5246194462196054	0.012476212716694078	0.47538055378039457
dataset_name-FR-FCM-Z2KP_healthy_final_seed-42	gatemeclass	num-1	run0	2	CD19	CD19	162644	3468	12339	1168248	0.9294845785019116	0.0029597615804512357	0.07051542149808838	0.9970402384195488
dataset_name-FR-FCM-Z2KP_healthy_final_seed-42	gatemeclass	num-1	run0	3	CD3+	CD3+	0	0	84697	1262002	0	0	1	1
dataset_name-FR-FCM-Z2KP_healthy_final_seed-42	gatemeclass	num-1	run0	4	CD4	CD4	123680	21053	562720	639246	0.18018648018648017	0.03188404041199517	0.8198135198135198	0.9681159595880048
dataset_name-FR-FCM-Z2KP_healthy_final_seed-42	gatemeclass	num-1	run0	5	CD8	CD8	40129	196055	159227	951288	0.2012931639880415	0.17087740980683197	0.7987068360119585	0.829122590193168
dataset_name-FR-FCM-Z2KP_healthy_final_seed-42	gatemeclass	num-2	run0	1	CD14 monocytes	CD14 monocytes	165374	767033	1437	240649	0.9913854601914742	0.761185572432573	0.008614539808525817	0.23881442756742702
dataset_name-FR-FCM-Z2KP_healthy_final_seed-42	gatemeclass	num-2	run0	2	CD19	CD19	117455	4255	11407	1041376	0.9114789464698669	0.004069313170707449	0.08852105353013301	0.9959306868292925
dataset_name-FR-FCM-Z2KP_healthy_final_seed-42	gatemeclass	num-2	run0	3	CD3+	CD3+	0	0	71844	1102649	0	0	1	1
dataset_name-FR-FCM-Z2KP_healthy_final_seed-42	gatemeclass	num-2	run0	4	CD4	CD4	0	0	605424	569069	0	0	1	1
dataset_name-FR-FCM-Z2KP_healthy_final_seed-42	gatemeclass	num-2	run0	5	CD8	CD8	0	0	201552	972941	0	0	1	1
dataset_name-FR-FCM-Z2KP_healthy_final_seed-42	gatemeclass	num-3	run0	1	CD14 monocytes	CD14 monocytes	131504	2991	22790	1073948	0.8522949693442389	0.0027773160782551287	0.14770503065576107	0.9972226839217448
dataset_name-FR-FCM-Z2KP_healthy_final_seed-42	gatemeclass	num-3	run0	2	CD19	CD19	150645	2787	8794	1069007	0.9448441096594936	0.0026003131198719157	0.0551558903405064	0.997399686880128
dataset_name-FR-FCM-Z2KP_healthy_final_seed-42	gatemeclass	num-3	run0	3	CD3+	CD3+	20271	194865	53333	962764	0.2754062279223955	0.1683311319947928	0.7245937720776044	0.8316688680052072
dataset_name-FR-FCM-Z2KP_healthy_final_seed-42	gatemeclass	num-3	run0	4	CD4	CD4	535083	192888	126158	377104	0.8092102576821462	0.33840474954034444	0.19078974231785387	0.6615952504596556
dataset_name-FR-FCM-Z2KP_healthy_final_seed-42	gatemeclass	num-3	run0	5	CD8	CD8	55	144	182600	1048434	3.0111412225233364e-4	1.373288396285255e-4	0.9996988858777477	0.9998626711603715
dataset_name-FR-FCM-Z2KP_healthy_final_seed-42	gatemeclass	num-4	run0	1	CD14 monocytes	CD14 monocytes	168225	15174	8808	1074167	0.950246564199895	0.013929522527840226	0.049753435800105064	0.9860704774721598
dataset_name-FR-FCM-Z2KP_healthy_final_seed-42	gatemeclass	num-4	run0	2	CD19	CD19	170498	16983	2615	1076278	0.9848942598187311	0.015534259431187978	0.015105740181268883	0.984465740568812
dataset_name-FR-FCM-Z2KP_healthy_final_seed-42	gatemeclass	num-4	run0	3	CD3+	CD3+	0	100	65416	1200858	0	8.326685862453142e-5	1	0.9999167331413754
dataset_name-FR-FCM-Z2KP_healthy_final_seed-42	gatemeclass	num-4	run0	4	CD4	CD4	0	0	669963	596411	0	0	1	1
dataset_name-FR-FCM-Z2KP_healthy_final_seed-42	gatemeclass	num-4	run0	5	CD8	CD8	0	0	180849	1085525	0	0	1	1
dataset_name-FR-FCM-Z2KP_healthy_final_seed-42	gatemeclass	num-5	run0	1	CD14 monocytes	CD14 monocytes	190683	17082	13965	990980	0.9317608772135569	0.016945386295684196	0.06823912278644306	0.9830546137043158
dataset_name-FR-FCM-Z2KP_healthy_final_seed-42	gatemeclass	num-5	run0	2	CD19	CD19	155164	24509	6925	1026112	0.9572765579403908	0.023328107852403482	0.04272344205960923	0.9766718921475965
dataset_name-FR-FCM-Z2KP_healthy_final_seed-42	gatemeclass	num-5	run0	3	CD3+	CD3+	19934	116658	46919	1029199	0.2981765964130256	0.10180851537320974	0.7018234035869744	0.8981914846267902
dataset_name-FR-FCM-Z2KP_healthy_final_seed-42	gatemeclass	num-5	run0	4	CD4	CD4	356707	155468	238032	462503	0.5997706556993908	0.2515781484891686	0.4002293443006092	0.7484218515108314
dataset_name-FR-FCM-Z2KP_healthy_final_seed-42	gatemeclass	num-5	run0	5	CD8	CD8	21307	99957	163074	928372	0.11555962924596352	0.09720332695081049	0.8844403707540365	0.9027966730491895
dataset_name-FR-FCM-Z2KP_healthy_final_seed-42	knn	num-1	run0	1	CD14 monocytes	CD14 monocytes	187957	77168	13306	1068268	0.9338875004347545	0.06736997964094021	0.06611249956524548	0.9326300203590597
dataset_name-FR-FCM-Z2KP_healthy_final_seed-42	knn	num-1	run0	2	CD19	CD19	92615	43293	82368	1128423	0.5292799871987565	0.036948373155269706	0.47072001280124354	0.9630516268447303
dataset_name-FR-FCM-Z2KP_healthy_final_seed-42	knn	num-1	run0	3	CD3+	CD3+	30705	248159	53992	1013843	0.3625275983801079	0.19663914954175984	0.637472401619892	0.8033608504582401
dataset_name-FR-FCM-Z2KP_healthy_final_seed-42	knn	num-1	run0	4	CD4	CD4	357307	73599	329093	586700	0.5205521561771562	0.11146314018346234	0.47944784382284383	0.8885368598165376
dataset_name-FR-FCM-Z2KP_healthy_final_seed-42	knn	num-1	run0	5	CD8	CD8	114580	121316	84776	1026027	0.5747506972451293	0.10573647113374117	0.42524930275487066	0.8942635288662588
dataset_name-FR-FCM-Z2KP_healthy_final_seed-42	knn	num-2	run0	1	CD14 monocytes	CD14 monocytes	143403	43448	23408	964234	0.8596735227293164	0.043116776919702844	0.1403264772706836	0.9568832230802972
dataset_name-FR-FCM-Z2KP_healthy_final_seed-42	knn	num-2	run0	2	CD19	CD19	82502	166151	46360	879480	0.6402352904657695	0.15890022388395142	0.3597647095342304	0.8410997761160486
dataset_name-FR-FCM-Z2KP_healthy_final_seed-42	knn	num-2	run0	3	CD3+	CD3+	19947	92931	51897	1009718	0.2776432269918156	0.08427976627195055	0.7223567730081843	0.9157202337280494
dataset_name-FR-FCM-Z2KP_healthy_final_seed-42	knn	num-2	run0	4	CD4	CD4	403913	104067	201511	465002	0.667157231956447	0.18287237575759704	0.33284276804355295	0.8171276242424029
dataset_name-FR-FCM-Z2KP_healthy_final_seed-42	knn	num-2	run0	5	CD8	CD8	86332	31799	115220	941142	0.4283361117726443	0.03268337956772302	0.5716638882273557	0.967316620432277
dataset_name-FR-FCM-Z2KP_healthy_final_seed-42	knn	num-3	run0	1	CD14 monocytes	CD14 monocytes	116378	13451	37916	1063488	0.7542613452240527	0.012490029611705027	0.24573865477594722	0.987509970388295
dataset_name-FR-FCM-Z2KP_healthy_final_seed-42	knn	num-3	run0	2	CD19	CD19	89004	156272	70435	915522	0.5582323020089188	0.14580413773542303	0.44176769799108123	0.854195862264577
dataset_name-FR-FCM-Z2KP_healthy_final_seed-42	knn	num-3	run0	3	CD3+	CD3+	25940	206638	47664	950991	0.35242649855986086	0.17850105690164983	0.6475735014401391	0.8214989430983501
dataset_name-FR-FCM-Z2KP_healthy_final_seed-42	knn	num-3	run0	4	CD4	CD4	371227	97410	290014	472582	0.5614095314718839	0.17089713539839155	0.43859046852811606	0.8291028646016084
dataset_name-FR-FCM-Z2KP_healthy_final_seed-42	knn	num-3	run0	5	CD8	CD8	90395	64518	92260	984060	0.49489474692726726	0.06152904218856394	0.5051052530727328	0.9384709578114361
dataset_name-FR-FCM-Z2KP_healthy_final_seed-42	knn	num-4	run0	1	CD14 monocytes	CD14 monocytes	140883	9444	36150	1079897	0.7958007829048821	0.008669461628636028	0.20419921709511785	0.991330538371364
dataset_name-FR-FCM-Z2KP_healthy_final_seed-42	knn	num-4	run0	2	CD19	CD19	113055	152801	60058	940460	0.6530705377412441	0.13976625892627653	0.3469294622587558	0.8602337410737235
dataset_name-FR-FCM-Z2KP_healthy_final_seed-42	knn	num-4	run0	3	CD3+	CD3+	25074	257302	40342	943656	0.38330072153601563	0.21424729257809183	0.6166992784639843	0.7857527074219082
dataset_name-FR-FCM-Z2KP_healthy_final_seed-42	knn	num-4	run0	4	CD4	CD4	371636	85014	298327	511397	0.5547112303216745	0.14254264257366145	0.44528876967832554	0.8574573574263386
dataset_name-FR-FCM-Z2KP_healthy_final_seed-42	knn	num-4	run0	5	CD8	CD8	72845	38320	108004	1047205	0.40279459659716116	0.0353008912738076	0.5972054034028388	0.9646991087261924
dataset_name-FR-FCM-Z2KP_healthy_final_seed-42	knn	num-5	run0	1	CD14 monocytes	CD14 monocytes	187797	85853	16851	922209	0.9176586138149407	0.08516638857530588	0.08234138618505922	0.9148336114246941
dataset_name-FR-FCM-Z2KP_healthy_final_seed-42	knn	num-5	run0	2	CD19	CD19	87169	64256	74920	986365	0.5377847972410219	0.061160018693705916	0.4622152027589781	0.9388399813062941
dataset_name-FR-FCM-Z2KP_healthy_final_seed-42	knn	num-5	run0	3	CD3+	CD3+	21932	144665	44921	1001192	0.3280630637368555	0.1262504832627457	0.6719369362631445	0.8737495167372543
dataset_name-FR-FCM-Z2KP_healthy_final_seed-42	knn	num-5	run0	4	CD4	CD4	395466	112293	199273	505678	0.6649404192427266	0.1817124104529177	0.3350595807572734	0.8182875895470824
dataset_name-FR-FCM-Z2KP_healthy_final_seed-42	knn	num-5	run0	5	CD8	CD8	80083	33196	104298	995133	0.43433434030621376	0.032281497458498204	0.5656656596937862	0.9677185025415018
dataset_name-FR-FCM-Z2KP_healthy_final_seed-42	lda	num-1	run0	1	CD14 monocytes	CD14 monocytes	196963	2259	4300	1143177	0.9786349204771866	0.0019721747875917992	0.021365079522813434	0.9980278252124082
dataset_name-FR-FCM-Z2KP_healthy_final_seed-42	lda	num-1	run0	2	CD19	CD19	173392	3525	1591	1168191	0.9909076881754227	0.003008408180821974	0.009092311824577244	0.9969915918191781
dataset_name-FR-FCM-Z2KP_healthy_final_seed-42	lda	num-1	run0	3	CD3+	CD3+	25906	28816	58791	1233186	0.305866795754277	0.02283356127803284	0.694133204245723	0.9771664387219672
dataset_name-FR-FCM-Z2KP_healthy_final_seed-42	lda	num-1	run0	4	CD4	CD4	660322	10035	26078	650264	0.9620075757575758	0.015197660453824707	0.037992424242424244	0.9848023395461752
dataset_name-FR-FCM-Z2KP_healthy_final_seed-42	lda	num-1	run0	5	CD8	CD8	166516	31772	32840	1115571	0.835269568008989	0.027691806199192395	0.16473043199101106	0.9723081938008076
dataset_name-FR-FCM-Z2KP_healthy_final_seed-42	lda	num-2	run0	1	CD14 monocytes	CD14 monocytes	152828	1164	13983	1006518	0.9161745928026329	0.001155126319612735	0.08382540719736709	0.9988448736803872
dataset_name-FR-FCM-Z2KP_healthy_final_seed-42	lda	num-2	run0	2	CD19	CD19	124716	1681	4146	1043950	0.9678260464683149	0.0016076417015180307	0.032173953531685055	0.9983923582984819
dataset_name-FR-FCM-Z2KP_healthy_final_seed-42	lda	num-2	run0	3	CD3+	CD3+	19874	32980	51970	1069669	0.2766271365736874	0.02990978996942817	0.7233728634263126	0.9700902100305718
dataset_name-FR-FCM-Z2KP_healthy_final_seed-42	lda	num-2	run0	4	CD4	CD4	599691	52968	5733	516101	0.9905306033457544	0.09307834375093355	0.00946939665424562	0.9069216562490665
dataset_name-FR-FCM-Z2KP_healthy_final_seed-42	lda	num-2	run0	5	CD8	CD8	116213	10937	85339	962004	0.5765906565055172	0.011241174953054708	0.42340934349448284	0.9887588250469453
dataset_name-FR-FCM-Z2KP_healthy_final_seed-42	lda	num-3	run0	1	CD14 monocytes	CD14 monocytes	108839	310	45455	1076629	0.7054000803660544	2.8785288674660313e-4	0.2945999196339456	0.9997121471132534
dataset_name-FR-FCM-Z2KP_healthy_final_seed-42	lda	num-3	run0	2	CD19	CD19	140764	2218	18675	1069576	0.8828705649182446	0.0020694275205869785	0.1171294350817554	0.997930572479413
dataset_name-FR-FCM-Z2KP_healthy_final_seed-42	lda	num-3	run0	3	CD3+	CD3+	13677	11458	59927	1146171	0.1858187055051356	0.00989781700354777	0.8141812944948644	0.9901021829964523
dataset_name-FR-FCM-Z2KP_healthy_final_seed-42	lda	num-3	run0	4	CD4	CD4	653060	98279	8181	471713	0.9876278089229191	0.17242171819955368	0.012372191077080822	0.8275782818004463
dataset_name-FR-FCM-Z2KP_healthy_final_seed-42	lda	num-3	run0	5	CD8	CD8	128105	19626	54550	1028952	0.7013495387479127	0.01871677643437112	0.2986504612520873	0.9812832235656289
dataset_name-FR-FCM-Z2KP_healthy_final_seed-42	lda	num-4	run0	1	CD14 monocytes	CD14 monocytes	129762	915	47271	1088426	0.7329819864093136	8.399573687210892e-4	0.2670180135906865	0.9991600426312789
dataset_name-FR-FCM-Z2KP_healthy_final_seed-42	lda	num-4	run0	2	CD19	CD19	160558	4059	12555	1089202	0.9274751174088601	0.0037127456298175826	0.07252488259113989	0.9962872543701824
dataset_name-FR-FCM-Z2KP_healthy_final_seed-42	lda	num-4	run0	3	CD3+	CD3+	14464	14090	50952	1186868	0.22110798581386817	0.011732300380196476	0.7788920141861319	0.9882676996198035
dataset_name-FR-FCM-Z2KP_healthy_final_seed-42	lda	num-4	run0	4	CD4	CD4	655876	99065	14087	497346	0.978973465698852	0.16610189952901608	0.021026534301147974	0.8338981004709839
dataset_name-FR-FCM-Z2KP_healthy_final_seed-42	lda	num-4	run0	5	CD8	CD8	122279	18278	58570	1067247	0.6761386571117342	0.016837935561134013	0.3238613428882659	0.983162064438866
dataset_name-FR-FCM-Z2KP_healthy_final_seed-42	lda	num-5	run0	1	CD14 monocytes	CD14 monocytes	190190	2092	14458	1005970	0.9293518627106055	0.002075269179871873	0.07064813728939447	0.9979247308201281
dataset_name-FR-FCM-Z2KP_healthy_final_seed-42	lda	num-5	run0	2	CD19	CD19	155152	3366	6937	1047255	0.9572025245389878	0.0032038194553506926	0.04279747546101216	0.9967961805446494
dataset_name-FR-FCM-Z2KP_healthy_final_seed-42	lda	num-5	run0	3	CD3+	CD3+	14890	17159	51963	1128698	0.2227274767026162	0.014974817974668741	0.7772725232973838	0.9850251820253313
dataset_name-FR-FCM-Z2KP_healthy_final_seed-42	lda	num-5	run0	4	CD4	CD4	578207	28172	16532	589799	0.9722029327150229	0.04558789975581378	0.027797067284977106	0.9544121002441862
dataset_name-FR-FCM-Z2KP_healthy_final_seed-42	lda	num-5	run0	5	CD8	CD8	125057	17362	59324	1010967	0.6782531822693227	0.01688370161689498	0.32174681773067726	0.983116298383105
dataset_name-FR-FCM-Z2KP_healthy_final_seed-42	random	num-1	run0	1	CD14 monocytes	CD14 monocytes	33665	191136	167598	954300	0.1672686981710498	0.16686746356845777	0.8327313018289502	0.8331325364315422
dataset_name-FR-FCM-Z2KP_healthy_final_seed-42	random	num-1	run0	2	CD19	CD19	29120	195435	145863	976281	0.16641616614185378	0.16679383058693403	0.8335838338581463	0.8332061694130659
dataset_name-FR-FCM-Z2KP_healthy_final_seed-42	random	num-1	run0	3	CD3+	CD3+	14034	209911	70663	1052091	0.16569654179014606	0.16633174907805218	0.834303458209854	0.8336682509219479
dataset_name-FR-FCM-Z2KP_healthy_final_seed-42	random	num-1	run0	4	CD4	CD4	114656	110550	571744	549749	0.16703962703962705	0.1674241517857819	0.832960372960373	0.8325758482142182
dataset_name-FR-FCM-Z2KP_healthy_final_seed-42	random	num-1	run0	5	CD8	CD8	32981	191385	166375	955958	0.1654377094243464	0.16680713613975942	0.8345622905756536	0.8331928638602406
dataset_name-FR-FCM-Z2KP_healthy_final_seed-42	random	num-2	run0	1	CD14 monocytes	CD14 monocytes	27598	167240	139213	840442	0.1654447248682641	0.16596505643645515	0.8345552751317359	0.8340349435635448
dataset_name-FR-FCM-Z2KP_healthy_final_seed-42	random	num-2	run0	2	CD19	CD19	21617	173671	107245	871960	0.16775310021573467	0.1660920535064473	0.8322468997842654	0.8339079464935527
dataset_name-FR-FCM-Z2KP_healthy_final_seed-42	random	num-2	run0	3	CD3+	CD3+	12176	183519	59668	919130	0.1694783141250487	0.16643464964825616	0.8305216858749512	0.8335653503517438
dataset_name-FR-FCM-Z2KP_healthy_final_seed-42	random	num-2	run0	4	CD4	CD4	101302	95130	504122	473939	0.16732405718967203	0.16716777754542947	0.832675942810328	0.8328322224545706
dataset_name-FR-FCM-Z2KP_healthy_final_seed-42	random	num-2	run0	5	CD8	CD8	33534	162214	168018	810727	0.16637889973803285	0.16672542322710215	0.8336211002619671	0.8332745767728978
dataset_name-FR-FCM-Z2KP_healthy_final_seed-42	random	num-3	run0	1	CD14 monocytes	CD14 monocytes	25343	179248	128951	897691	0.16425136427858503	0.16644211046308102	0.835748635721415	0.833557889536919
dataset_name-FR-FCM-Z2KP_healthy_final_seed-42	random	num-3	run0	2	CD19	CD19	26394	178336	133045	893458	0.16554293491554764	0.16639018318818727	0.8344570650844524	0.8336098168118127
dataset_name-FR-FCM-Z2KP_healthy_final_seed-42	random	num-3	run0	3	CD3+	CD3+	12207	192787	61397	964842	0.16584696483886746	0.16653608366756534	0.8341530351611326	0.8334639163324347
dataset_name-FR-FCM-Z2KP_healthy_final_seed-42	random	num-3	run0	4	CD4	CD4	110522	95356	550719	474636	0.16714329571215336	0.16729357605019018	0.8328567042878466	0.8327064239498099
dataset_name-FR-FCM-Z2KP_healthy_final_seed-42	random	num-3	run0	5	CD8	CD8	30576	175361	152079	873217	0.16739755276340643	0.167236962820124	0.8326024472365936	0.832763037179876
dataset_name-FR-FCM-Z2KP_healthy_final_seed-42	random	num-4	run0	1	CD14 monocytes	CD14 monocytes	29765	181917	147268	907424	0.16813249507154032	0.16699729469468239	0.8318675049284596	0.8330027053053176
dataset_name-FR-FCM-Z2KP_healthy_final_seed-42	random	num-4	run0	2	CD19	CD19	28912	182065	144201	911196	0.1670122983253713	0.16653388349168222	0.8329877016746287	0.8334661165083178
dataset_name-FR-FCM-Z2KP_healthy_final_seed-42	random	num-4	run0	3	CD3+	CD3+	10945	199816	54471	1001142	0.16731380701968937	0.1663805062291937	0.8326861929803107	0.8336194937708064
dataset_name-FR-FCM-Z2KP_healthy_final_seed-42	random	num-4	run0	4	CD4	CD4	111253	99355	558710	497056	0.16605842412192912	0.16658814139913583	0.8339415758780708	0.8334118586008642
dataset_name-FR-FCM-Z2KP_healthy_final_seed-42	random	num-4	run0	5	CD8	CD8	30311	180750	150538	904775	0.16760391265641503	0.16650929273853665	0.832396087343585	0.8334907072614633
dataset_name-FR-FCM-Z2KP_healthy_final_seed-42	random	num-5	run0	1	CD14 monocytes	CD14 monocytes	34030	167331	170618	840731	0.16628552441265002	0.16599276631794474	0.83371447558735	0.8340072336820553
dataset_name-FR-FCM-Z2KP_healthy_final_seed-42	random	num-5	run0	2	CD19	CD19	26921	175098	135168	875523	0.16608776659736318	0.16666143166755662	0.8339122334026369	0.8333385683324434
dataset_name-FR-FCM-Z2KP_healthy_final_seed-42	random	num-5	run0	3	CD3+	CD3+	11252	190868	55601	954989	0.1683095747386056	0.1665722686164155	0.8316904252613944	0.8334277313835845
dataset_name-FR-FCM-Z2KP_healthy_final_seed-42	random	num-5	run0	4	CD4	CD4	99303	103219	495436	514752	0.1669690402008276	0.1670288735231912	0.8330309597991724	0.8329711264768088
dataset_name-FR-FCM-Z2KP_healthy_final_seed-42	random	num-5	run0	5	CD8	CD8	30766	171287	153615	857042	0.166861010624739	0.16656828699764376	0.833138989375261	0.8334317130023563
dataset_name-FR-FCM-Z2KP_healthy_final_seed-420_sub-sampling-1000	cyanno	num-1	run0	1	CD14 monocytes	CD14 monocytes	200462	795	801	1144641	0.9960201328609829	6.94058856191005e-4	0.003979867139017107	0.999305941143809
dataset_name-FR-FCM-Z2KP_healthy_final_seed-420_sub-sampling-1000	cyanno	num-1	run0	2	CD19	CD19	174820	2149	163	1169567	0.9990684809381483	0.001834062178889765	9.315190618517228e-4	0.9981659378211102
dataset_name-FR-FCM-Z2KP_healthy_final_seed-420_sub-sampling-1000	cyanno	num-1	run0	3	CD3+	CD3+	14412	1163	70285	1260839	0.1701595097819285	9.215516298706341e-4	0.8298404902180715	0.9990784483701294
dataset_name-FR-FCM-Z2KP_healthy_final_seed-420_sub-sampling-1000	cyanno	num-1	run0	4	CD4	CD4	684413	25678	1987	634621	0.9971051864801865	0.03888844296296072	0.00289481351981352	0.9611115570370393
dataset_name-FR-FCM-Z2KP_healthy_final_seed-420_sub-sampling-1000	cyanno	num-1	run0	5	CD8	CD8	198305	44502	1051	1102841	0.9947280242380465	0.03878700615247577	0.00527197576195349	0.9612129938475242
dataset_name-FR-FCM-Z2KP_healthy_final_seed-420_sub-sampling-1000	cyanno	num-2	run0	1	CD14 monocytes	CD14 monocytes	208918	318	1683	1063442	0.9920085849544874	2.9893961043844477e-4	0.007991415045512604	0.9997010603895615
dataset_name-FR-FCM-Z2KP_healthy_final_seed-420_sub-sampling-1000	cyanno	num-2	run0	2	CD19	CD19	175076	4395	38	1094852	0.9997829985038318	0.0039981914892649245	2.1700149616821042e-4	0.996001808510735
dataset_name-FR-FCM-Z2KP_healthy_final_seed-420_sub-sampling-1000	cyanno	num-2	run0	3	CD3+	CD3+	8558	514	74323	1190966	0.10325647615255608	4.313962466847954e-4	0.8967435238474439	0.9995686037533152
dataset_name-FR-FCM-Z2KP_healthy_final_seed-420_sub-sampling-1000	cyanno	num-2	run0	4	CD4	CD4	604417	31587	3156	635201	0.9948055624591613	0.0473718783181461	0.005194437540838714	0.952628121681854
dataset_name-FR-FCM-Z2KP_healthy_final_seed-420_sub-sampling-1000	cyanno	num-2	run0	5	CD8	CD8	197149	43429	1043	1032740	0.9947374263340599	0.04035518584906274	0.005262573665940099	0.9596448141509373
dataset_name-FR-FCM-Z2KP_healthy_final_seed-420_sub-sampling-1000	cyanno	num-3	run0	1	CD14 monocytes	CD14 monocytes	166428	1536	383	1006146	0.9977039883460923	0.0015242904011384545	0.002296011653907716	0.9984757095988616
dataset_name-FR-FCM-Z2KP_healthy_final_seed-420_sub-sampling-1000	cyanno	num-3	run0	2	CD19	CD19	128653	2910	209	1042721	0.9983781099160343	0.0027830085374285956	0.0016218900839657928	0.9972169914625714
dataset_name-FR-FCM-Z2KP_healthy_final_seed-420_sub-sampling-1000	cyanno	num-3	run0	3	CD3+	CD3+	29613	1456	42231	1101193	0.4121847335894438	0.001320456464387126	0.5878152664105563	0.9986795435356128
dataset_name-FR-FCM-Z2KP_healthy_final_seed-420_sub-sampling-1000	cyanno	num-3	run0	4	CD4	CD4	603018	26991	2406	542078	0.9960259256322842	0.047430100743495074	0.003974074367715848	0.9525698992565049
dataset_name-FR-FCM-Z2KP_healthy_final_seed-420_sub-sampling-1000	cyanno	num-3	run0	5	CD8	CD8	199585	14303	1967	958638	0.9902407319202985	0.01470078863980447	0.009759268079701516	0.9852992113601955
dataset_name-FR-FCM-Z2KP_healthy_final_seed-420_sub-sampling-1000	cyanno	num-4	run0	1	CD14 monocytes	CD14 monocytes	176062	1581	971	1087760	0.994515146893517	0.0014513361748066033	0.005484853106482972	0.9985486638251934
dataset_name-FR-FCM-Z2KP_healthy_final_seed-420_sub-sampling-1000	cyanno	num-4	run0	2	CD19	CD19	171641	1770	1472	1091491	0.991496883538498	0.0016190095503269576	0.008503116461502024	0.998380990449673
dataset_name-FR-FCM-Z2KP_healthy_final_seed-420_sub-sampling-1000	cyanno	num-4	run0	3	CD3+	CD3+	35840	4264	29576	1196694	0.5478781949370185	0.0035504988517500195	0.45212180506298155	0.9964495011482499
dataset_name-FR-FCM-Z2KP_healthy_final_seed-420_sub-sampling-1000	cyanno	num-4	run0	4	CD4	CD4	665889	13071	4074	583340	0.9939190671723662	0.021916094773570576	0.006080932827633765	0.9780839052264294
dataset_name-FR-FCM-Z2KP_healthy_final_seed-420_sub-sampling-1000	cyanno	num-4	run0	5	CD8	CD8	179492	16764	1357	1068761	0.9924965026071474	0.015443218719052992	0.007503497392852601	0.984556781280947
dataset_name-FR-FCM-Z2KP_healthy_final_seed-420_sub-sampling-1000	cyanno	num-5	run0	1	CD14 monocytes	CD14 monocytes	142977	1308	11317	1075631	0.9266530130789272	0.0012145534705308287	0.07334698692107276	0.9987854465294692
dataset_name-FR-FCM-Z2KP_healthy_final_seed-420_sub-sampling-1000	cyanno	num-5	run0	2	CD19	CD19	159035	2314	404	1069480	0.9974661155677093	0.0021589969714329435	0.0025338844322907194	0.997841003028567
dataset_name-FR-FCM-Z2KP_healthy_final_seed-420_sub-sampling-1000	cyanno	num-5	run0	3	CD3+	CD3+	40721	3447	32883	1154182	0.5532443888919081	0.0029776379133556606	0.446755611108092	0.9970223620866443
dataset_name-FR-FCM-Z2KP_healthy_final_seed-420_sub-sampling-1000	cyanno	num-5	run0	4	CD4	CD4	659816	32717	1425	537275	0.9978449612168634	0.05739905121475389	0.002155038783136557	0.9426009487852461
dataset_name-FR-FCM-Z2KP_healthy_final_seed-420_sub-sampling-1000	cyanno	num-5	run0	5	CD8	CD8	179027	9871	3628	1038707	0.9801374175357915	0.009413701222035938	0.01986258246420848	0.9905862987779641
dataset_name-FR-FCM-Z2KP_healthy_final_seed-420_sub-sampling-1000	cygate	num-1	run0	1	CD14 monocytes	CD14 monocytes	198201	1696	3062	1143740	0.9847860759304989	0.0014806588932074773	0.015213924069501101	0.9985193411067925
dataset_name-FR-FCM-Z2KP_healthy_final_seed-420_sub-sampling-1000	cygate	num-1	run0	2	CD19	CD19	174848	3297	135	1168419	0.9992284964825154	0.0028138217793390206	7.715035174845556e-4	0.997186178220661
dataset_name-FR-FCM-Z2KP_healthy_final_seed-420_sub-sampling-1000	cygate	num-1	run0	3	CD3+	CD3+	68810	35898	15887	1226104	0.8124254696152166	0.028445279801458317	0.18757453038478342	0.9715547201985417
dataset_name-FR-FCM-Z2KP_healthy_final_seed-420_sub-sampling-1000	cygate	num-1	run0	4	CD4	CD4	658012	5409	28388	654890	0.9586421911421912	0.008191743437442734	0.041357808857808855	0.9918082565625572
dataset_name-FR-FCM-Z2KP_healthy_final_seed-420_sub-sampling-1000	cygate	num-1	run0	5	CD8	CD8	181991	8884	17365	1138459	0.9128945203555449	0.007743107335818495	0.08710547964445514	0.9922568926641815
dataset_name-FR-FCM-Z2KP_healthy_final_seed-420_sub-sampling-1000	cygate	num-2	run0	1	CD14 monocytes	CD14 monocytes	207928	2083	2673	1061677	0.9873077525747741	0.001958148454538618	0.012692247425225902	0.9980418515454614
dataset_name-FR-FCM-Z2KP_healthy_final_seed-420_sub-sampling-1000	cygate	num-2	run0	2	CD19	CD19	174994	3408	120	1095839	0.9993147321173635	0.003100304117273006	6.85267882636454e-4	0.996899695882727
dataset_name-FR-FCM-Z2KP_healthy_final_seed-420_sub-sampling-1000	cygate	num-2	run0	3	CD3+	CD3+	41203	9103	41678	1182377	0.4971344457716485	0.00764007788632625	0.5028655542283514	0.9923599221136737
dataset_name-FR-FCM-Z2KP_healthy_final_seed-420_sub-sampling-1000	cygate	num-2	run0	4	CD4	CD4	592962	20641	14611	646147	0.9759518609286456	0.030955866032382106	0.024048139071354387	0.9690441339676179
dataset_name-FR-FCM-Z2KP_healthy_final_seed-420_sub-sampling-1000	cygate	num-2	run0	5	CD8	CD8	195863	19017	2329	1057152	0.9882487688705901	0.017671016355237885	0.011751231129409866	0.9823289836447621
dataset_name-FR-FCM-Z2KP_healthy_final_seed-420_sub-sampling-1000	cygate	num-3	run0	1	CD14 monocytes	CD14 monocytes	166275	3269	536	1004413	0.9967867826462283	0.0032440789852354215	0.003213217353771634	0.9967559210147646
dataset_name-FR-FCM-Z2KP_healthy_final_seed-420_sub-sampling-1000	cygate	num-3	run0	2	CD19	CD19	126776	492	2086	1045139	0.9838121401188868	4.705292784930822e-4	0.01618785988111313	0.9995294707215069
dataset_name-FR-FCM-Z2KP_healthy_final_seed-420_sub-sampling-1000	cygate	num-3	run0	3	CD3+	CD3+	8798	8037	63046	1094612	0.12245977395467958	0.007288810854587453	0.8775402260453204	0.9927111891454126
dataset_name-FR-FCM-Z2KP_healthy_final_seed-420_sub-sampling-1000	cygate	num-3	run0	4	CD4	CD4	575771	24946	29653	544123	0.9510211025661355	0.043836511916832584	0.04897889743386453	0.9561634880831674
dataset_name-FR-FCM-Z2KP_healthy_final_seed-420_sub-sampling-1000	cygate	num-3	run0	5	CD8	CD8	179167	16283	22385	956658	0.8889368500436612	0.016735855514363154	0.11106314995633881	0.9832641444856368
dataset_name-FR-FCM-Z2KP_healthy_final_seed-420_sub-sampling-1000	cygate	num-4	run0	1	CD14 monocytes	CD14 monocytes	173745	3100	3288	1086241	0.9814271915405602	0.0028457572055031436	0.018572808459439767	0.9971542427944968
dataset_name-FR-FCM-Z2KP_healthy_final_seed-420_sub-sampling-1000	cygate	num-4	run0	2	CD19	CD19	172708	3432	405	1089829	0.9976604876583504	0.0031392320772441347	0.002339512341649674	0.9968607679227559
dataset_name-FR-FCM-Z2KP_healthy_final_seed-420_sub-sampling-1000	cygate	num-4	run0	3	CD3+	CD3+	31587	23729	33829	1177229	0.4828635196282255	0.01975839288301506	0.5171364803717745	0.9802416071169849
dataset_name-FR-FCM-Z2KP_healthy_final_seed-420_sub-sampling-1000	cygate	num-4	run0	4	CD4	CD4	638881	395	31082	596016	0.9536063931888776	6.622949610251991e-4	0.0463936068111224	0.9993377050389748
dataset_name-FR-FCM-Z2KP_healthy_final_seed-420_sub-sampling-1000	cygate	num-4	run0	5	CD8	CD8	149173	9981	31676	1075544	0.8248483541518062	0.009194629326823427	0.1751516458481938	0.9908053706731765
dataset_name-FR-FCM-Z2KP_healthy_final_seed-420_sub-sampling-1000	cygate	num-5	run0	1	CD14 monocytes	CD14 monocytes	151598	3118	2696	1073821	0.9825268642980285	0.002895242906051318	0.01747313570197156	0.9971047570939486
dataset_name-FR-FCM-Z2KP_healthy_final_seed-420_sub-sampling-1000	cygate	num-5	run0	2	CD19	CD19	159066	2801	373	1068993	0.9976605472939494	0.0026133753314536187	0.00233945270605059	0.9973866246685463
dataset_name-FR-FCM-Z2KP_healthy_final_seed-420_sub-sampling-1000	cygate	num-5	run0	3	CD3+	CD3+	52243	92194	21361	1065435	0.7097847943046574	0.07964036837363266	0.29021520569534265	0.9203596316263674
dataset_name-FR-FCM-Z2KP_healthy_final_seed-420_sub-sampling-1000	cygate	num-5	run0	4	CD4	CD4	629310	426	31931	569566	0.9517104958706433	7.473789105812012e-4	0.04828950412935677	0.9992526210894188
dataset_name-FR-FCM-Z2KP_healthy_final_seed-420_sub-sampling-1000	cygate	num-5	run0	5	CD8	CD8	80419	0	102236	1048578	0.4402781199529167	0	0.5597218800470833	1
dataset_name-FR-FCM-Z2KP_healthy_final_seed-420_sub-sampling-1000	dgcytof	num-1	run0	1	CD14 monocytes	CD14 monocytes	191443	49615	9820	1095821	0.9512081207176679	0.04331538383637323	0.04879187928233207	0.9566846161636268
dataset_name-FR-FCM-Z2KP_healthy_final_seed-420_sub-sampling-1000	dgcytof	num-1	run0	2	CD19	CD19	160152	32502	14831	1139214	0.9152431950532337	0.027738803600872566	0.08475680494676625	0.9722611963991274
dataset_name-FR-FCM-Z2KP_healthy_final_seed-420_sub-sampling-1000	dgcytof	num-1	run0	3	CD3+	CD3+	182	55	84515	1261947	0.0021488364404878566	4.358154741434641e-5	0.9978511635595121	0.9999564184525856
dataset_name-FR-FCM-Z2KP_healthy_final_seed-420_sub-sampling-1000	dgcytof	num-1	run0	4	CD4	CD4	625649	99188	60751	561111	0.9114932983682984	0.15021679572436122	0.08850670163170163	0.8497832042756388
dataset_name-FR-FCM-Z2KP_healthy_final_seed-420_sub-sampling-1000	dgcytof	num-1	run0	5	CD8	CD8	141734	46179	57622	1101164	0.7109592889102911	0.040248644041058344	0.28904071108970886	0.9597513559589417
dataset_name-FR-FCM-Z2KP_healthy_final_seed-420_sub-sampling-1000	dgcytof	num-2	run0	1	CD14 monocytes	CD14 monocytes	193823	23803	16778	1039957	0.9203327619526973	0.022376287884485223	0.07966723804730272	0.9776237121155148
dataset_name-FR-FCM-Z2KP_healthy_final_seed-420_sub-sampling-1000	dgcytof	num-2	run0	2	CD19	CD19	138046	33152	37068	1066095	0.7883207510535993	0.03015882690605478	0.21167924894640064	0.9698411730939452
dataset_name-FR-FCM-Z2KP_healthy_final_seed-420_sub-sampling-1000	dgcytof	num-2	run0	3	CD3+	CD3+	185	206	82696	1191274	0.0022321159252422147	1.7289421559740827e-4	0.9977678840747578	0.9998271057844026
dataset_name-FR-FCM-Z2KP_healthy_final_seed-420_sub-sampling-1000	dgcytof	num-2	run0	4	CD4	CD4	568593	102716	38980	564072	0.9358431003352684	0.1540459636346185	0.06415689966473165	0.8459540363653815
dataset_name-FR-FCM-Z2KP_healthy_final_seed-420_sub-sampling-1000	dgcytof	num-2	run0	5	CD8	CD8	170584	43253	27608	1032916	0.860700734641156	0.04019164276242858	0.13929926535884396	0.9598083572375714
dataset_name-FR-FCM-Z2KP_healthy_final_seed-420_sub-sampling-1000	dgcytof	num-3	run0	1	CD14 monocytes	CD14 monocytes	149162	18387	17649	989295	0.8941976248568739	0.0182468278683156	0.10580237514312606	0.9817531721316844
dataset_name-FR-FCM-Z2KP_healthy_final_seed-420_sub-sampling-1000	dgcytof	num-3	run0	2	CD19	CD19	116911	41617	11951	1004014	0.9072573761077742	0.03980084752651748	0.09274262389222579	0.9601991524734825
dataset_name-FR-FCM-Z2KP_healthy_final_seed-420_sub-sampling-1000	dgcytof	num-3	run0	3	CD3+	CD3+	268	1545	71576	1101104	0.003730304548744502	0.0014011711795866137	0.9962696954512555	0.9985988288204134
dataset_name-FR-FCM-Z2KP_healthy_final_seed-420_sub-sampling-1000	dgcytof	num-3	run0	4	CD4	CD4	591994	120254	13430	448815	0.977817199186025	0.21131708105695443	0.022182800813975	0.7886829189430455
dataset_name-FR-FCM-Z2KP_healthy_final_seed-420_sub-sampling-1000	dgcytof	num-3	run0	5	CD8	CD8	114818	19537	86734	953404	0.5696693657219973	0.020080354307198484	0.4303306342780027	0.9799196456928015
dataset_name-FR-FCM-Z2KP_healthy_final_seed-420_sub-sampling-1000	dgcytof	num-4	run0	1	CD14 monocytes	CD14 monocytes	146963	5312	30070	1084029	0.8301446622946005	0.004876342669558935	0.16985533770539957	0.9951236573304411
dataset_name-FR-FCM-Z2KP_healthy_final_seed-420_sub-sampling-1000	dgcytof	num-4	run0	2	CD19	CD19	149324	50375	23789	1042886	0.8625810886530764	0.04607774355803417	0.1374189113469237	0.9539222564419658
dataset_name-FR-FCM-Z2KP_healthy_final_seed-420_sub-sampling-1000	dgcytof	num-4	run0	3	CD3+	CD3+	42554	248931	22862	952027	0.6505136358077535	0.2072770238426323	0.34948636419224655	0.7927229761573678
dataset_name-FR-FCM-Z2KP_healthy_final_seed-420_sub-sampling-1000	dgcytof	num-4	run0	4	CD4	CD4	505145	39435	164818	556976	0.7539893994145945	0.06612051085576892	0.24601060058540547	0.933879489144231
dataset_name-FR-FCM-Z2KP_healthy_final_seed-420_sub-sampling-1000	dgcytof	num-4	run0	5	CD8	CD8	69340	8995	111509	1076530	0.3834137871926303	0.008286313074318877	0.6165862128073697	0.9917136869256811
dataset_name-FR-FCM-Z2KP_healthy_final_seed-420_sub-sampling-1000	dgcytof	num-5	run0	1	CD14 monocytes	CD14 monocytes	109696	2447	44598	1074492	0.7109544117075194	0.002272180689899799	0.2890455882924806	0.9977278193101002
dataset_name-FR-FCM-Z2KP_healthy_final_seed-420_sub-sampling-1000	dgcytof	num-5	run0	2	CD19	CD19	149909	34863	9530	1036931	0.9402279241590827	0.03252770588377991	0.05977207584091722	0.96747229411622
dataset_name-FR-FCM-Z2KP_healthy_final_seed-420_sub-sampling-1000	dgcytof	num-5	run0	3	CD3+	CD3+	9490	39919	64114	1117710	0.1289332101516222	0.03448341394350003	0.8710667898483778	0.9655165860564999
dataset_name-FR-FCM-Z2KP_healthy_final_seed-420_sub-sampling-1000	dgcytof	num-5	run0	4	CD4	CD4	542667	24667	118574	545325	0.8206796009321866	0.0432760459795927	0.1793203990678134	0.9567239540204073
dataset_name-FR-FCM-Z2KP_healthy_final_seed-420_sub-sampling-1000	dgcytof	num-5	run0	5	CD8	CD8	176756	140819	5899	907759	0.9677041416878815	0.13429520741423145	0.032295858312118474	0.8657047925857685
dataset_name-FR-FCM-Z2KP_healthy_final_seed-420_sub-sampling-1000	gatemeclass	num-1	run0	1	CD14 monocytes	CD14 monocytes	0	0	201263	1145436	0	0	1	1
dataset_name-FR-FCM-Z2KP_healthy_final_seed-420_sub-sampling-1000	gatemeclass	num-1	run0	2	CD19	CD19	171394	16066	3589	1155650	0.9794894361166513	0.013711513711513712	0.020510563883348668	0.9862884862884863
dataset_name-FR-FCM-Z2KP_healthy_final_seed-420_sub-sampling-1000	gatemeclass	num-1	run0	3	CD3+	CD3+	0	0	84697	1262002	0	0	1	1
dataset_name-FR-FCM-Z2KP_healthy_final_seed-420_sub-sampling-1000	gatemeclass	num-1	run0	4	CD4	CD4	0	0	686400	660299	0	0	1	1
dataset_name-FR-FCM-Z2KP_healthy_final_seed-420_sub-sampling-1000	gatemeclass	num-1	run0	5	CD8	CD8	0	0	199356	1147343	0	0	1	1
dataset_name-FR-FCM-Z2KP_healthy_final_seed-420_sub-sampling-1000	gatemeclass	num-2	run0	1	CD14 monocytes	CD14 monocytes	24651	40962	185950	1022798	0.11705072625486108	0.038506806046476647	0.8829492737451389	0.9614931939535234
dataset_name-FR-FCM-Z2KP_healthy_final_seed-420_sub-sampling-1000	gatemeclass	num-2	run0	2	CD19	CD19	168549	3965	6565	1095282	0.9625101362540973	0.00360701462000806	0.03748986374590267	0.996392985379992
dataset_name-FR-FCM-Z2KP_healthy_final_seed-420_sub-sampling-1000	gatemeclass	num-2	run0	3	CD3+	CD3+	3391	15311	79490	1176169	0.04091408163511541	0.012850404538892806	0.9590859183648845	0.9871495954611071
dataset_name-FR-FCM-Z2KP_healthy_final_seed-420_sub-sampling-1000	gatemeclass	num-2	run0	4	CD4	CD4	275626	138623	331947	528165	0.4536508370187615	0.20789666280736907	0.5463491629812385	0.7921033371926309
dataset_name-FR-FCM-Z2KP_healthy_final_seed-420_sub-sampling-1000	gatemeclass	num-2	run0	5	CD8	CD8	154220	449031	43972	627138	0.7781343343828206	0.41724952121832165	0.2218656656171793	0.5827504787816783
dataset_name-FR-FCM-Z2KP_healthy_final_seed-420_sub-sampling-1000	gatemeclass	num-3	run0	1	CD14 monocytes	CD14 monocytes	146832	5657	19979	1002025	0.8802297210615607	0.005613874218255362	0.1197702789384393	0.9943861257817447
dataset_name-FR-FCM-Z2KP_healthy_final_seed-420_sub-sampling-1000	gatemeclass	num-3	run0	2	CD19	CD19	120316	4980	8546	1040651	0.9336809920690351	0.0047626744042592465	0.0663190079309649	0.9952373255957407
dataset_name-FR-FCM-Z2KP_healthy_final_seed-420_sub-sampling-1000	gatemeclass	num-3	run0	3	CD3+	CD3+	65917	708910	5927	393739	0.9175018094760871	0.642915379236729	0.08249819052391293	0.357084620763271
dataset_name-FR-FCM-Z2KP_healthy_final_seed-420_sub-sampling-1000	gatemeclass	num-3	run0	4	CD4	CD4	0	0	605424	569069	0	0	1	1
dataset_name-FR-FCM-Z2KP_healthy_final_seed-420_sub-sampling-1000	gatemeclass	num-3	run0	5	CD8	CD8	0	0	201552	972941	0	0	1	1
dataset_name-FR-FCM-Z2KP_healthy_final_seed-420_sub-sampling-1000	gatemeclass	num-4	run0	1	CD14 monocytes	CD14 monocytes	140566	2427	36467	1086914	0.7940101562985432	0.0022279524960503645	0.2059898437014568	0.9977720475039497
dataset_name-FR-FCM-Z2KP_healthy_final_seed-420_sub-sampling-1000	gatemeclass	num-4	run0	2	CD19	CD19	167116	4782	5997	1088479	0.9653578876225356	0.00437406986986639	0.03464211237746443	0.9956259301301336
dataset_name-FR-FCM-Z2KP_healthy_final_seed-420_sub-sampling-1000	gatemeclass	num-4	run0	3	CD3+	CD3+	1002	6239	64414	1194719	0.01531735355264767	0.005195019309584515	0.9846826464473524	0.9948049806904155
dataset_name-FR-FCM-Z2KP_healthy_final_seed-420_sub-sampling-1000	gatemeclass	num-4	run0	4	CD4	CD4	6392	25731	663571	570680	0.009540825388864757	0.04314306744845417	0.9904591746111352	0.9568569325515458
dataset_name-FR-FCM-Z2KP_healthy_final_seed-420_sub-sampling-1000	gatemeclass	num-4	run0	5	CD8	CD8	174832	737275	6017	348250	0.9667291497326499	0.6791874899242302	0.03327085026735011	0.3208125100757698
dataset_name-FR-FCM-Z2KP_healthy_final_seed-420_sub-sampling-1000	gatemeclass	num-5	run0	1	CD14 monocytes	CD14 monocytes	121484	1840	32810	1075099	0.7873540124697007	0.0017085461664959668	0.21264598753029929	0.998291453833504
dataset_name-FR-FCM-Z2KP_healthy_final_seed-420_sub-sampling-1000	gatemeclass	num-5	run0	2	CD19	CD19	149562	2950	9877	1068844	0.9380515432234271	0.00275239458328746	0.06194845677657286	0.9972476054167125
dataset_name-FR-FCM-Z2KP_healthy_final_seed-420_sub-sampling-1000	gatemeclass	num-5	run0	3	CD3+	CD3+	22707	308083	50897	849546	0.3085022553122113	0.26613275928643804	0.6914977446877887	0.7338672407135619
dataset_name-FR-FCM-Z2KP_healthy_final_seed-420_sub-sampling-1000	gatemeclass	num-5	run0	4	CD4	CD4	913	638	660328	569354	0.001380737129125387	0.001119313955283583	0.9986192628708747	0.9988806860447165
dataset_name-FR-FCM-Z2KP_healthy_final_seed-420_sub-sampling-1000	gatemeclass	num-5	run0	5	CD8	CD8	137135	485921	45520	562657	0.7507870028195232	0.4634094936189773	0.24921299718047685	0.5365905063810227
dataset_name-FR-FCM-Z2KP_healthy_final_seed-420_sub-sampling-1000	knn	num-1	run0	1	CD14 monocytes	CD14 monocytes	184834	113742	16429	1031694	0.9183704903534181	0.0993001791457576	0.08162950964658183	0.9006998208542424
dataset_name-FR-FCM-Z2KP_healthy_final_seed-420_sub-sampling-1000	knn	num-1	run0	2	CD19	CD19	80678	32606	94305	1139110	0.46106193173051097	0.027827562310320932	0.5389380682694891	0.9721724376896791
dataset_name-FR-FCM-Z2KP_healthy_final_seed-420_sub-sampling-1000	knn	num-1	run0	3	CD3+	CD3+	23158	177857	61539	1084145	0.2734217268616362	0.14093242324497107	0.7265782731383638	0.8590675767550289
dataset_name-FR-FCM-Z2KP_healthy_final_seed-420_sub-sampling-1000	knn	num-1	run0	4	CD4	CD4	419058	91354	267342	568945	0.6105157342657342	0.13835247365208792	0.38948426573426576	0.8616475263479121
dataset_name-FR-FCM-Z2KP_healthy_final_seed-420_sub-sampling-1000	knn	num-1	run0	5	CD8	CD8	104356	119056	95000	1028287	0.523465559100303	0.1037667027209823	0.47653444089969704	0.8962332972790177
dataset_name-FR-FCM-Z2KP_healthy_final_seed-420_sub-sampling-1000	knn	num-2	run0	1	CD14 monocytes	CD14 monocytes	189134	73464	21467	990296	0.8980679104087825	0.06906069038128901	0.10193208959121751	0.930939309618711
dataset_name-FR-FCM-Z2KP_healthy_final_seed-420_sub-sampling-1000	knn	num-2	run0	2	CD19	CD19	82963	135797	92151	963450	0.47376566122640107	0.12353638445226596	0.5262343387735989	0.876463615547734
dataset_name-FR-FCM-Z2KP_healthy_final_seed-420_sub-sampling-1000	knn	num-2	run0	3	CD3+	CD3+	20087	101918	62794	1089562	0.24235952751535333	0.08553899352066338	0.7576404724846466	0.9144610064793366
dataset_name-FR-FCM-Z2KP_healthy_final_seed-420_sub-sampling-1000	knn	num-2	run0	4	CD4	CD4	390585	119498	216988	547290	0.6428610224614985	0.17921438298229722	0.35713897753850155	0.8207856170177028
dataset_name-FR-FCM-Z2KP_healthy_final_seed-420_sub-sampling-1000	knn	num-2	run0	5	CD8	CD8	90527	70388	107665	1005781	0.45676414789698877	0.06540608398866721	0.5432358521030112	0.9345939160113328
dataset_name-FR-FCM-Z2KP_healthy_final_seed-420_sub-sampling-1000	knn	num-3	run0	1	CD14 monocytes	CD14 monocytes	143712	27818	23099	979864	0.8615259185545318	0.02760593123624318	0.13847408144546822	0.9723940687637568
dataset_name-FR-FCM-Z2KP_healthy_final_seed-420_sub-sampling-1000	knn	num-3	run0	2	CD19	CD19	76595	164739	52267	880892	0.5943955549347364	0.15754984310908915	0.4056044450652636	0.8424501568909109
dataset_name-FR-FCM-Z2KP_healthy_final_seed-420_sub-sampling-1000	knn	num-3	run0	3	CD3+	CD3+	18194	143124	53650	959525	0.2532431379099159	0.1298001449237246	0.7467568620900841	0.8701998550762754
dataset_name-FR-FCM-Z2KP_healthy_final_seed-420_sub-sampling-1000	knn	num-3	run0	4	CD4	CD4	356921	116590	248503	452479	0.589538901662306	0.2048784945235112	0.4104610983376939	0.7951215054764887
dataset_name-FR-FCM-Z2KP_healthy_final_seed-420_sub-sampling-1000	knn	num-3	run0	5	CD8	CD8	80581	46219	120971	926722	0.39980253234897195	0.04750442215920595	0.600197467651028	0.9524955778407941
dataset_name-FR-FCM-Z2KP_healthy_final_seed-420_sub-sampling-1000	knn	num-4	run0	1	CD14 monocytes	CD14 monocytes	138511	21650	38522	1067691	0.7824021510113933	0.019874401128755825	0.21759784898860665	0.9801255988712442
dataset_name-FR-FCM-Z2KP_healthy_final_seed-420_sub-sampling-1000	knn	num-4	run0	2	CD19	CD19	120508	274764	52605	818497	0.6961233414012813	0.2513251638904159	0.30387665859871876	0.7486748361095841
dataset_name-FR-FCM-Z2KP_healthy_final_seed-420_sub-sampling-1000	knn	num-4	run0	3	CD3+	CD3+	13580	135916	51836	1065042	0.20759447230035466	0.11317298356811811	0.7924055276996453	0.8868270164318819
dataset_name-FR-FCM-Z2KP_healthy_final_seed-420_sub-sampling-1000	knn	num-4	run0	4	CD4	CD4	315472	65946	354491	530465	0.47087973514955306	0.11057140126523488	0.5291202648504469	0.8894285987347651
dataset_name-FR-FCM-Z2KP_healthy_final_seed-420_sub-sampling-1000	knn	num-4	run0	5	CD8	CD8	75044	104983	105805	980542	0.4149539118269938	0.09671172934755072	0.5850460881730062	0.9032882706524493
dataset_name-FR-FCM-Z2KP_healthy_final_seed-420_sub-sampling-1000	knn	num-5	run0	1	CD14 monocytes	CD14 monocytes	114832	8044	39462	1068895	0.7442415129557857	0.007469318132224759	0.2557584870442143	0.9925306818677753
dataset_name-FR-FCM-Z2KP_healthy_final_seed-420_sub-sampling-1000	knn	num-5	run0	2	CD19	CD19	70797	147812	88642	923982	0.44403815879427244	0.1379108298796224	0.5559618412057276	0.8620891701203776
dataset_name-FR-FCM-Z2KP_healthy_final_seed-420_sub-sampling-1000	knn	num-5	run0	3	CD3+	CD3+	27908	176316	45696	981313	0.3791641758600076	0.1523078637456387	0.6208358241399924	0.8476921362543612
dataset_name-FR-FCM-Z2KP_healthy_final_seed-420_sub-sampling-1000	knn	num-5	run0	4	CD4	CD4	383354	112785	277887	457207	0.5797492895933555	0.19787119819225532	0.42025071040664447	0.8021288018077447
dataset_name-FR-FCM-Z2KP_healthy_final_seed-420_sub-sampling-1000	knn	num-5	run0	5	CD8	CD8	88172	101213	94483	947365	0.4827242615860502	0.09652405448140243	0.5172757384139498	0.9034759455185976
dataset_name-FR-FCM-Z2KP_healthy_final_seed-420_sub-sampling-1000	lda	num-1	run0	1	CD14 monocytes	CD14 monocytes	196100	2152	5163	1143284	0.9743469987031893	0.0018787605767585443	0.02565300129681064	0.9981212394232415
dataset_name-FR-FCM-Z2KP_healthy_final_seed-420_sub-sampling-1000	lda	num-1	run0	2	CD19	CD19	168956	3560	6027	1168156	0.9655566540749673	0.003038278900347866	0.03444334592503272	0.9969617210996521
dataset_name-FR-FCM-Z2KP_healthy_final_seed-420_sub-sampling-1000	lda	num-1	run0	3	CD3+	CD3+	22564	39943	62133	1222059	0.266408491445978	0.031650504515840706	0.733591508554022	0.9683494954841593
dataset_name-FR-FCM-Z2KP_healthy_final_seed-420_sub-sampling-1000	lda	num-1	run0	4	CD4	CD4	621593	17313	64807	642986	0.9055842074592074	0.026219939754565734	0.09441579254079253	0.9737800602454343
dataset_name-FR-FCM-Z2KP_healthy_final_seed-420_sub-sampling-1000	lda	num-1	run0	5	CD8	CD8	125739	43780	73617	1103563	0.6307259375188106	0.03815772615512537	0.36927406248118944	0.9618422738448746
dataset_name-FR-FCM-Z2KP_healthy_final_seed-420_sub-sampling-1000	lda	num-2	run0	1	CD14 monocytes	CD14 monocytes	200441	1702	10160	1062058	0.9517571141637504	0.0015999849590133113	0.04824288583624959	0.9984000150409867
dataset_name-FR-FCM-Z2KP_healthy_final_seed-420_sub-sampling-1000	lda	num-2	run0	2	CD19	CD19	171091	9879	4023	1089368	0.9770263942346129	0.008987061142764092	0.02297360576538712	0.991012938857236
dataset_name-FR-FCM-Z2KP_healthy_final_seed-420_sub-sampling-1000	lda	num-2	run0	3	CD3+	CD3+	25361	41284	57520	1150196	0.30599292962198815	0.03464934367341458	0.6940070703780119	0.9653506563265855
dataset_name-FR-FCM-Z2KP_healthy_final_seed-420_sub-sampling-1000	lda	num-2	run0	4	CD4	CD4	598542	46359	9031	620429	0.9851359425122578	0.06952584629597414	0.014864057487742213	0.9304741537040259
dataset_name-FR-FCM-Z2KP_healthy_final_seed-420_sub-sampling-1000	lda	num-2	run0	5	CD8	CD8	108610	11349	89582	1064820	0.548003955760071	0.010545741421654034	0.45199604423992895	0.989454258578346
dataset_name-FR-FCM-Z2KP_healthy_final_seed-420_sub-sampling-1000	lda	num-3	run0	1	CD14 monocytes	CD14 monocytes	154519	3698	12292	1003984	0.9263118139691028	0.0036698085308658882	0.07368818603089725	0.9963301914691342
dataset_name-FR-FCM-Z2KP_healthy_final_seed-420_sub-sampling-1000	lda	num-3	run0	2	CD19	CD19	124102	1674	4760	1043957	0.9630612593316882	0.001600947179263048	0.036938740668311834	0.9983990528207369
dataset_name-FR-FCM-Z2KP_healthy_final_seed-420_sub-sampling-1000	lda	num-3	run0	3	CD3+	CD3+	19258	44472	52586	1058177	0.26805300373030455	0.04033196420619798	0.7319469962696955	0.959668035793802
dataset_name-FR-FCM-Z2KP_healthy_final_seed-420_sub-sampling-1000	lda	num-3	run0	4	CD4	CD4	599410	49594	6014	519475	0.9900664658156928	0.0871493615009779	0.009933534184307197	0.912850638499022
dataset_name-FR-FCM-Z2KP_healthy_final_seed-420_sub-sampling-1000	lda	num-3	run0	5	CD8	CD8	118735	14829	82817	958112	0.589103556402318	0.01524141751658117	0.410896443597682	0.9847585824834189
dataset_name-FR-FCM-Z2KP_healthy_final_seed-420_sub-sampling-1000	lda	num-4	run0	1	CD14 monocytes	CD14 monocytes	127965	1231	49068	1088110	0.7228313365304774	0.001130041006443345	0.2771686634695226	0.9988699589935567
dataset_name-FR-FCM-Z2KP_healthy_final_seed-420_sub-sampling-1000	lda	num-4	run0	2	CD19	CD19	156955	4342	16158	1088919	0.9066621224287026	0.0039716042189376554	0.09333787757129736	0.9960283957810624
dataset_name-FR-FCM-Z2KP_healthy_final_seed-420_sub-sampling-1000	lda	num-4	run0	3	CD3+	CD3+	13499	15300	51917	1185658	0.206356243120949	0.012739829369553306	0.793643756879051	0.9872601706304467
dataset_name-FR-FCM-Z2KP_healthy_final_seed-420_sub-sampling-1000	lda	num-4	run0	4	CD4	CD4	656624	116468	13339	479943	0.9800899452656341	0.19528144182451362	0.01991005473436593	0.8047185581754863
dataset_name-FR-FCM-Z2KP_healthy_final_seed-420_sub-sampling-1000	lda	num-4	run0	5	CD8	CD8	109053	16517	71796	1069008	0.6030058225370336	0.015215679049307939	0.39699417746296634	0.984784320950692
dataset_name-FR-FCM-Z2KP_healthy_final_seed-420_sub-sampling-1000	lda	num-5	run0	1	CD14 monocytes	CD14 monocytes	109060	928	45234	1076011	0.7068324108520098	8.617015448414441e-4	0.2931675891479902	0.9991382984551586
dataset_name-FR-FCM-Z2KP_healthy_final_seed-420_sub-sampling-1000	lda	num-5	run0	2	CD19	CD19	142764	2386	16675	1069408	0.8954145472563174	0.002226174059567417	0.10458545274368254	0.9977738259404326
dataset_name-FR-FCM-Z2KP_healthy_final_seed-420_sub-sampling-1000	lda	num-5	run0	3	CD3+	CD3+	14622	17460	58982	1140169	0.19865768164773653	0.015082552354856348	0.8013423183522634	0.9849174476451437
dataset_name-FR-FCM-Z2KP_healthy_final_seed-420_sub-sampling-1000	lda	num-5	run0	4	CD4	CD4	646280	60142	14961	509850	0.9773743612389432	0.10551376159665399	0.02262563876105686	0.894486238403346
dataset_name-FR-FCM-Z2KP_healthy_final_seed-420_sub-sampling-1000	lda	num-5	run0	5	CD8	CD8	154110	43689	28545	1004889	0.8437217705510388	0.04166499773979618	0.15627822944896116	0.9583350022602038
dataset_name-FR-FCM-Z2KP_healthy_final_seed-420_sub-sampling-1000	random	num-1	run0	1	CD14 monocytes	CD14 monocytes	33580	190822	167683	954614	0.16684636520373838	0.16659333214601252	0.8331536347962616	0.8334066678539874
dataset_name-FR-FCM-Z2KP_healthy_final_seed-420_sub-sampling-1000	random	num-1	run0	2	CD19	CD19	29511	195479	145472	976237	0.16865066892212385	0.16683138234862374	0.8313493310778761	0.8331686176513763
dataset_name-FR-FCM-Z2KP_healthy_final_seed-420_sub-sampling-1000	random	num-1	run0	3	CD3+	CD3+	14069	210213	70628	1051789	0.16610977956716294	0.1665710513929455	0.833890220432837	0.8334289486070545
dataset_name-FR-FCM-Z2KP_healthy_final_seed-420_sub-sampling-1000	random	num-1	run0	4	CD4	CD4	114613	110555	571787	549744	0.16697698135198136	0.16743172411286403	0.8330230186480186	0.832568275887136
dataset_name-FR-FCM-Z2KP_healthy_final_seed-420_sub-sampling-1000	random	num-1	run0	5	CD8	CD8	33247	190644	166109	956699	0.16677200585886554	0.16616129614247876	0.8332279941411345	0.8338387038575212
dataset_name-FR-FCM-Z2KP_healthy_final_seed-420_sub-sampling-1000	random	num-2	run0	1	CD14 monocytes	CD14 monocytes	35022	177139	175579	886621	0.16629550666900916	0.16652158381589832	0.8337044933309908	0.8334784161841017
dataset_name-FR-FCM-Z2KP_healthy_final_seed-420_sub-sampling-1000	random	num-2	run0	2	CD19	CD19	29182	183789	145932	915458	0.16664572792580834	0.16719536191592974	0.8333542720741917	0.8328046380840702
dataset_name-FR-FCM-Z2KP_healthy_final_seed-420_sub-sampling-1000	random	num-2	run0	3	CD3+	CD3+	13953	198410	68928	993070	0.16834980272921418	0.16652398697418336	0.8316501972707858	0.8334760130258166
dataset_name-FR-FCM-Z2KP_healthy_final_seed-420_sub-sampling-1000	random	num-2	run0	4	CD4	CD4	101446	111342	506127	555446	0.16696923661848043	0.16698260916513194	0.8330307633815196	0.833017390834868
dataset_name-FR-FCM-Z2KP_healthy_final_seed-420_sub-sampling-1000	random	num-2	run0	5	CD8	CD8	33103	178746	165089	897423	0.1670249051424881	0.16609473047448867	0.8329750948575119	0.8339052695255114
dataset_name-FR-FCM-Z2KP_healthy_final_seed-420_sub-sampling-1000	random	num-3	run0	1	CD14 monocytes	CD14 monocytes	27750	167373	139061	840309	0.16635593575963215	0.16609704251936622	0.8336440642403679	0.8339029574806338
dataset_name-FR-FCM-Z2KP_healthy_final_seed-420_sub-sampling-1000	random	num-3	run0	2	CD19	CD19	21252	174532	107610	871099	0.16492061274852168	0.16691547974381019	0.8350793872514783	0.8330845202561898
dataset_name-FR-FCM-Z2KP_healthy_final_seed-420_sub-sampling-1000	random	num-3	run0	3	CD3+	CD3+	12059	183450	59785	919199	0.1678497856466789	0.16637207307130375	0.832150214353321	0.8336279269286963
dataset_name-FR-FCM-Z2KP_healthy_final_seed-420_sub-sampling-1000	random	num-3	run0	4	CD4	CD4	100979	95013	504445	474056	0.16679054679034858	0.16696217857588447	0.8332094532096515	0.8330378214241155
dataset_name-FR-FCM-Z2KP_healthy_final_seed-420_sub-sampling-1000	random	num-3	run0	5	CD8	CD8	33815	162738	167737	810203	0.16777308089227594	0.16726399648077325	0.8322269191077241	0.8327360035192267
dataset_name-FR-FCM-Z2KP_healthy_final_seed-420_sub-sampling-1000	random	num-4	run0	1	CD14 monocytes	CD14 monocytes	29664	181235	147369	908106	0.16756197996983613	0.1663712281094717	0.8324380200301639	0.8336287718905283
dataset_name-FR-FCM-Z2KP_healthy_final_seed-420_sub-sampling-1000	random	num-4	run0	2	CD19	CD19	28976	181745	144137	911516	0.16738199904108877	0.16624118120009768	0.8326180009589113	0.8337588187999023
dataset_name-FR-FCM-Z2KP_healthy_final_seed-420_sub-sampling-1000	random	num-4	run0	3	CD3+	CD3+	11074	200677	54342	1000281	0.16928580163874282	0.16709743388195092	0.83071419836125715	0.8329025661180491
dataset_name-FR-FCM-Z2KP_healthy_final_seed-420_sub-sampling-1000	random	num-4	run0	4	CD4	CD4	112001	99574	557962	496837	0.16717490368871116	0.16695533784588146	0.8328250963112889	0.8330446621541185
dataset_name-FR-FCM-Z2KP_healthy_final_seed-420_sub-sampling-1000	random	num-4	run0	5	CD8	CD8	30383	180586	150466	904939	0.1680020348467506	0.16635821376753185	0.8319979651532494	0.8336417862324682
dataset_name-FR-FCM-Z2KP_healthy_final_seed-420_sub-sampling-1000	random	num-5	run0	1	CD14 monocytes	CD14 monocytes	25642	179212	128652	897727	0.1661892231713482	0.16640868238591044	0.8338107768286518	0.8335913176140896
dataset_name-FR-FCM-Z2KP_healthy_final_seed-420_sub-sampling-1000	random	num-5	run0	2	CD19	CD19	26646	179199	132793	892595	0.16712347669014482	0.16719537523068798	0.8328765233098552	0.832804624769312
dataset_name-FR-FCM-Z2KP_healthy_final_seed-420_sub-sampling-1000	random	num-5	run0	3	CD3+	CD3+	12206	192504	61398	965125	0.16583337862072714	0.16629161847189383	0.8341666213792729	0.8337083815281061
dataset_name-FR-FCM-Z2KP_healthy_final_seed-420_sub-sampling-1000	random	num-5	run0	4	CD4	CD4	110716	95001	550525	474991	0.16743668344824353	0.1666707602913725	0.8325633165517564	0.8333292397086275
dataset_name-FR-FCM-Z2KP_healthy_final_seed-420_sub-sampling-1000	random	num-5	run0	5	CD8	CD8	30213	174826	152442	873752	0.16541019955654102	0.16672674803400414	0.834589800443459	0.8332732519659959
dataset_name-FR-FCM-Z2KP_healthy_final_seed-420_sub-sampling-10000	cyanno	num-1	run0	1	CD14 monocytes	CD14 monocytes	200957	193	306	1145243	0.9984796013176789	1.6849479150297353e-4	0.001520398682321142	0.9998315052084971
dataset_name-FR-FCM-Z2KP_healthy_final_seed-420_sub-sampling-10000	cyanno	num-1	run0	2	CD19	CD19	174836	833	147	1170883	0.9991599183920724	7.109231247162281e-4	8.400816079276273e-4	0.9992890768752838
dataset_name-FR-FCM-Z2KP_healthy_final_seed-420_sub-sampling-10000	cyanno	num-1	run0	3	CD3+	CD3+	73661	8210	11036	1253792	0.8697002255097583	0.006505536441305164	0.1302997744902417	0.9934944635586949
dataset_name-FR-FCM-Z2KP_healthy_final_seed-420_sub-sampling-10000	cyanno	num-1	run0	4	CD4	CD4	685647	4357	753	655942	0.9989029720279721	0.006598525819363652	0.001097027972027972	0.9934014741806364
dataset_name-FR-FCM-Z2KP_healthy_final_seed-420_sub-sampling-10000	cyanno	num-1	run0	5	CD8	CD8	191439	6566	7917	1140777	0.960287124541022	0.005722787344325106	0.039712875458977906	0.9942772126556749
dataset_name-FR-FCM-Z2KP_healthy_final_seed-420_sub-sampling-10000	cyanno	num-2	run0	1	CD14 monocytes	CD14 monocytes	210230	265	371	1063495	0.9982383749364913	2.491163420320373e-4	0.0017616250635087204	0.9997508836579679
dataset_name-FR-FCM-Z2KP_healthy_final_seed-420_sub-sampling-10000	cyanno	num-2	run0	2	CD19	CD19	175030	1027	84	1098220	0.9995203124821544	9.342759179693008e-4	4.796875178455178e-4	0.9990657240820306
dataset_name-FR-FCM-Z2KP_healthy_final_seed-420_sub-sampling-10000	cyanno	num-2	run0	3	CD3+	CD3+	68480	4484	14401	1186996	0.8262448570842533	0.0037633867123241685	0.17375514291574667	0.9962366132876759
dataset_name-FR-FCM-Z2KP_healthy_final_seed-420_sub-sampling-10000	cyanno	num-2	run0	4	CD4	CD4	605869	3845	1704	662943	0.9971953987422087	0.005766450506007907	0.002804601257791245	0.9942335494939921
dataset_name-FR-FCM-Z2KP_healthy_final_seed-420_sub-sampling-10000	cyanno	num-2	run0	5	CD8	CD8	194771	10360	3421	1065809	0.9827389602002099	0.009626740781420019	0.0172610397997901	0.99037325921858
dataset_name-FR-FCM-Z2KP_healthy_final_seed-420_sub-sampling-10000	cyanno	num-3	run0	1	CD14 monocytes	CD14 monocytes	166755	247	56	1007435	0.9996642907242328	2.451170111205718e-4	3.357092757671856e-4	0.9997548829888794
dataset_name-FR-FCM-Z2KP_healthy_final_seed-420_sub-sampling-10000	cyanno	num-3	run0	2	CD19	CD19	128772	492	90	1045139	0.999301578432742	4.705292784930822e-4	6.984215672579969e-4	0.9995294707215069
dataset_name-FR-FCM-Z2KP_healthy_final_seed-420_sub-sampling-10000	cyanno	num-3	run0	3	CD3+	CD3+	52758	3528	19086	1099121	0.7343410723233673	0.0031995675867841898	0.2656589276766327	0.9968004324132158
dataset_name-FR-FCM-Z2KP_healthy_final_seed-420_sub-sampling-10000	cyanno	num-3	run0	4	CD4	CD4	604674	11420	750	557649	0.9987611987631808	0.020067865232511348	0.0012388012368191549	0.9799321347674886
dataset_name-FR-FCM-Z2KP_healthy_final_seed-420_sub-sampling-10000	cyanno	num-3	run0	5	CD8	CD8	198258	7589	3294	965352	0.9836568230531079	0.007800061874255479	0.016343176946892118	0.9921999381257445
dataset_name-FR-FCM-Z2KP_healthy_final_seed-420_sub-sampling-10000	cyanno	num-4	run0	1	CD14 monocytes	CD14 monocytes	176887	142	146	1089199	0.9991752950014969	1.3035403973595046e-4	8.24704998503104e-4	0.9998696459602641
dataset_name-FR-FCM-Z2KP_healthy_final_seed-420_sub-sampling-10000	cyanno	num-4	run0	2	CD19	CD19	172891	756	222	1092505	0.998717600642355	6.915091638684633e-4	0.0012823993576450065	0.9993084908361315
dataset_name-FR-FCM-Z2KP_healthy_final_seed-420_sub-sampling-10000	cyanno	num-4	run0	3	CD3+	CD3+	55922	3642	9494	1197316	0.8548673107496637	0.003032578991105434	0.14513268925033632	0.9969674210088946
dataset_name-FR-FCM-Z2KP_healthy_final_seed-420_sub-sampling-10000	cyanno	num-4	run0	4	CD4	CD4	668059	2038	1904	594373	0.9971580520118275	0.003417106659669255	0.002841947988172481	0.9965828933403308
dataset_name-FR-FCM-Z2KP_healthy_final_seed-420_sub-sampling-10000	cyanno	num-4	run0	5	CD8	CD8	178643	7394	2206	1078131	0.987801978446107	0.006811450680546279	0.012198021553893027	0.9931885493194538
dataset_name-FR-FCM-Z2KP_healthy_final_seed-420_sub-sampling-10000	cyanno	num-5	run0	1	CD14 monocytes	CD14 monocytes	154097	307	197	1076632	0.9987232167161393	2.8506721364905533e-4	0.0012767832838606816	0.9997149327863509
dataset_name-FR-FCM-Z2KP_healthy_final_seed-420_sub-sampling-10000	cyanno	num-5	run0	2	CD19	CD19	159201	634	238	1071160	0.9985072661017693	5.915315816285592e-4	0.0014927338982306713	0.9994084684183714
dataset_name-FR-FCM-Z2KP_healthy_final_seed-420_sub-sampling-10000	cyanno	num-5	run0	3	CD3+	CD3+	61832	3736	11772	1153893	0.840063040052171	0.0032272861167092393	0.15993695994782892	0.9967727138832908
dataset_name-FR-FCM-Z2KP_healthy_final_seed-420_sub-sampling-10000	cyanno	num-5	run0	4	CD4	CD4	659588	2676	1653	567316	0.9975001550115616	0.0046948027340734605	0.002499844988438406	0.9953051972659266
dataset_name-FR-FCM-Z2KP_healthy_final_seed-420_sub-sampling-10000	cyanno	num-5	run0	5	CD8	CD8	180156	9006	2499	1039572	0.9863184692452985	0.008588774511767365	0.013681530754701486	0.9914112254882327
dataset_name-FR-FCM-Z2KP_healthy_final_seed-420_sub-sampling-10000	cygate	num-1	run0	1	CD14 monocytes	CD14 monocytes	199892	1849	1371	1143587	0.9931880176684239	0.0016142324843989538	0.006811982331576097	0.998385767515601
dataset_name-FR-FCM-Z2KP_healthy_final_seed-420_sub-sampling-10000	cygate	num-1	run0	2	CD19	CD19	174030	4581	953	1167135	0.994553756650646	0.003909650461374599	0.005446243349353937	0.9960903495386254
dataset_name-FR-FCM-Z2KP_healthy_final_seed-420_sub-sampling-10000	cygate	num-1	run0	3	CD3+	CD3+	46445	24924	38252	1237078	0.5483665301014203	0.019749572504639455	0.45163346989857966	0.9802504274953605
dataset_name-FR-FCM-Z2KP_healthy_final_seed-420_sub-sampling-10000	cygate	num-1	run0	4	CD4	CD4	669781	27333	16619	632966	0.9757881701631702	0.04139488322714407	0.024211829836829835	0.958605116772856
dataset_name-FR-FCM-Z2KP_healthy_final_seed-420_sub-sampling-10000	cygate	num-1	run0	5	CD8	CD8	182280	8865	17076	1138478	0.9143441882862818	0.007726547335888222	0.08565581171371817	0.9922734526641118
dataset_name-FR-FCM-Z2KP_healthy_final_seed-420_sub-sampling-10000	cygate	num-2	run0	1	CD14 monocytes	CD14 monocytes	206287	3652	4314	1060108	0.9795157667817341	0.0034331052117018875	0.02048423321826582	0.9965668947882981
dataset_name-FR-FCM-Z2KP_healthy_final_seed-420_sub-sampling-10000	cygate	num-2	run0	2	CD19	CD19	171399	4549	3715	1094698	0.9787852484667131	0.004138287391277848	0.021214751533286887	0.9958617126087221
dataset_name-FR-FCM-Z2KP_healthy_final_seed-420_sub-sampling-10000	cygate	num-2	run0	3	CD3+	CD3+	38505	82157	44376	1109323	0.46458174973757554	0.06895373820794307	0.5354182502624244	0.931046261792057
dataset_name-FR-FCM-Z2KP_healthy_final_seed-420_sub-sampling-10000	cygate	num-2	run0	4	CD4	CD4	576451	23898	31122	642890	0.9487765256191437	0.03584047703317996	0.05122347438085629	0.9641595229668201
dataset_name-FR-FCM-Z2KP_healthy_final_seed-420_sub-sampling-10000	cygate	num-2	run0	5	CD8	CD8	103685	279	94507	1075890	0.5231543150076693	2.592529611984735e-4	0.47684568499233065	0.9997407470388016
dataset_name-FR-FCM-Z2KP_healthy_final_seed-420_sub-sampling-10000	cygate	num-3	run0	1	CD14 monocytes	CD14 monocytes	161829	3590	4982	1004092	0.9701338640737122	0.003562631862035841	0.029866135926287833	0.9964373681379641
dataset_name-FR-FCM-Z2KP_healthy_final_seed-420_sub-sampling-10000	cygate	num-3	run0	2	CD19	CD19	128519	2761	343	1042870	0.9973382378047834	0.0026405108494296746	0.0026617621952165884	0.9973594891505704
dataset_name-FR-FCM-Z2KP_healthy_final_seed-420_sub-sampling-10000	cygate	num-3	run0	3	CD3+	CD3+	21988	29600	49856	1073049	0.30605200155893325	0.02684444460567234	0.6939479984410668	0.9731555553943276
dataset_name-FR-FCM-Z2KP_healthy_final_seed-420_sub-sampling-10000	cygate	num-3	run0	4	CD4	CD4	578542	21260	26882	547809	0.95559806020243665	0.0373592657480903	0.044401939797563364	0.9626407342519097
dataset_name-FR-FCM-Z2KP_healthy_final_seed-420_sub-sampling-10000	cygate	num-3	run0	5	CD8	CD8	156901	6822	44651	966119	0.7784641184408986	0.007011730413252191	0.22153588155910137	0.9929882695867478
dataset_name-FR-FCM-Z2KP_healthy_final_seed-420_sub-sampling-10000	cygate	num-4	run0	1	CD14 monocytes	CD14 monocytes	177032	2969	1	1086372	0.9999943513356266	0.0027255010139157526	5.648664373308931e-6	0.9972744989860842
dataset_name-FR-FCM-Z2KP_healthy_final_seed-420_sub-sampling-10000	cygate	num-4	run0	2	CD19	CD19	171330	684	1783	1092577	0.9897003691230584	6.256511482619429e-4	0.01029963087694165	0.999374348851738
dataset_name-FR-FCM-Z2KP_healthy_final_seed-420_sub-sampling-10000	cygate	num-4	run0	3	CD3+	CD3+	37789	13216	27627	1187742	0.5776721291427174	0.011004548035818072	0.42232787085728263	0.9889954519641819
dataset_name-FR-FCM-Z2KP_healthy_final_seed-420_sub-sampling-10000	cygate	num-4	run0	4	CD4	CD4	655118	6880	14845	589531	0.9778420599346531	0.011535669194565492	0.022157940065346892	0.9884643308054345
dataset_name-FR-FCM-Z2KP_healthy_final_seed-420_sub-sampling-10000	cygate	num-4	run0	5	CD8	CD8	176900	18278	3949	1067247	0.9781641037550663	0.016837935561134013	0.02183589624493362	0.983162064438866
dataset_name-FR-FCM-Z2KP_healthy_final_seed-420_sub-sampling-10000	cygate	num-5	run0	1	CD14 monocytes	CD14 monocytes	151598	3118	2696	1073821	0.9825268642980285	0.002895242906051318	0.01747313570197156	0.9971047570939486
dataset_name-FR-FCM-Z2KP_healthy_final_seed-420_sub-sampling-10000	cygate	num-5	run0	2	CD19	CD19	159066	2801	373	1068993	0.9976605472939494	0.0026133753314536187	0.00233945270605059	0.9973866246685463
dataset_name-FR-FCM-Z2KP_healthy_final_seed-420_sub-sampling-10000	cygate	num-5	run0	3	CD3+	CD3+	51517	77877	22087	1079752	0.6999211999347862	0.06727284820957319	0.30007880006521387	0.9327271517904269
dataset_name-FR-FCM-Z2KP_healthy_final_seed-420_sub-sampling-10000	cygate	num-5	run0	4	CD4	CD4	629310	426	31931	569566	0.9517104958706433	7.473789105812012e-4	0.04828950412935677	0.9992526210894188
dataset_name-FR-FCM-Z2KP_healthy_final_seed-420_sub-sampling-10000	cygate	num-5	run0	5	CD8	CD8	91665	0	90990	1048578	0.5018477457501848	0	0.49815225424981524	1
dataset_name-FR-FCM-Z2KP_healthy_final_seed-420_sub-sampling-10000	dgcytof	num-1	run0	1	CD14 monocytes	CD14 monocytes	174793	66	26470	1145370	0.8684805453560763	5.761998051397023e-5	0.13151945464392362	0.999942380019486
dataset_name-FR-FCM-Z2KP_healthy_final_seed-420_sub-sampling-10000	dgcytof	num-1	run0	2	CD19	CD19	172714	8260	2269	1163456	0.9870330260653892	0.007049489808110498	0.012966973934610791	0.9929505101918895
dataset_name-FR-FCM-Z2KP_healthy_final_seed-420_sub-sampling-10000	dgcytof	num-1	run0	3	CD3+	CD3+	44411	80871	40286	1181131	0.5243515118599242	0.06408151492628379	0.4756484881400758	0.9359184850737162
dataset_name-FR-FCM-Z2KP_healthy_final_seed-420_sub-sampling-10000	dgcytof	num-1	run0	4	CD4	CD4	660389	24530	26011	635769	0.9621051864801865	0.03714983666490484	0.03789481351981352	0.9628501633350952
dataset_name-FR-FCM-Z2KP_healthy_final_seed-420_sub-sampling-10000	dgcytof	num-1	run0	5	CD8	CD8	154041	26624	45315	1120719	0.7726930716908446	0.023204917797031925	0.22730692830915547	0.9767950822029681
dataset_name-FR-FCM-Z2KP_healthy_final_seed-420_sub-sampling-10000	dgcytof	num-2	run0	1	CD14 monocytes	CD14 monocytes	206322	3244	4279	1060516	0.9796819578254614	0.0030495600511393547	0.020318042174538583	0.9969504399488607
dataset_name-FR-FCM-Z2KP_healthy_final_seed-420_sub-sampling-10000	dgcytof	num-2	run0	2	CD19	CD19	172787	4608	2327	1094639	0.9867115136425414	0.004191960496594487	0.01328848635745857	0.9958080395034055
dataset_name-FR-FCM-Z2KP_healthy_final_seed-420_sub-sampling-10000	dgcytof	num-2	run0	3	CD3+	CD3+	10323	8691	72558	1182789	0.12455206862851559	0.007294289455131433	0.8754479313714845	0.9927057105448686
dataset_name-FR-FCM-Z2KP_healthy_final_seed-420_sub-sampling-10000	dgcytof	num-2	run0	4	CD4	CD4	603586	47662	3987	619126	0.993437825578161	0.07147999064170321	0.006562174421839022	0.9285200093582968
dataset_name-FR-FCM-Z2KP_healthy_final_seed-420_sub-sampling-10000	dgcytof	num-2	run0	5	CD8	CD8	178492	38646	19700	1037523	0.9006014369903932	0.03591071662536274	0.09939856300960685	0.9640892833746373
dataset_name-FR-FCM-Z2KP_healthy_final_seed-420_sub-sampling-10000	dgcytof	num-3	run0	1	CD14 monocytes	CD14 monocytes	165196	9584	1615	998098	0.9903183842792141	0.009510936982103481	0.0096816157207858	0.9904890630178965
dataset_name-FR-FCM-Z2KP_healthy_final_seed-420_sub-sampling-10000	dgcytof	num-3	run0	2	CD19	CD19	127952	5853	910	1039778	0.992938181931058	0.005597576965487825	0.0070618180689419685	0.9944024230345122
dataset_name-FR-FCM-Z2KP_healthy_final_seed-420_sub-sampling-10000	dgcytof	num-3	run0	3	CD3+	CD3+	14495	20395	57349	1082254	0.2017565837091476	0.018496366477455655	0.7982434162908524	0.9815036335225443
dataset_name-FR-FCM-Z2KP_healthy_final_seed-420_sub-sampling-10000	dgcytof	num-3	run0	4	CD4	CD4	594158	27103	11266	541966	0.9813915536879939	0.04762691343229029	0.01860844631200613	0.9523730865677097
dataset_name-FR-FCM-Z2KP_healthy_final_seed-420_sub-sampling-10000	dgcytof	num-3	run0	5	CD8	CD8	177179	32578	24373	940363	0.8790733904897992	0.03348404476735999	0.12092660951020084	0.96651595523264
dataset_name-FR-FCM-Z2KP_healthy_final_seed-420_sub-sampling-10000	dgcytof	num-4	run0	1	CD14 monocytes	CD14 monocytes	146021	364	31012	1088977	0.8248236204549434	3.341469750977885e-4	0.17517637954505658	0.9996658530249022
dataset_name-FR-FCM-Z2KP_healthy_final_seed-420_sub-sampling-10000	dgcytof	num-4	run0	2	CD19	CD19	170107	4258	3006	1089003	0.9826356195086446	0.003894769867396715	0.017364380491355358	0.9961052301326033
dataset_name-FR-FCM-Z2KP_healthy_final_seed-420_sub-sampling-10000	dgcytof	num-4	run0	3	CD3+	CD3+	49872	165475	15544	1035483	0.7623822917940565	0.13778583430894337	0.2376177082059435	0.8622141656910567
dataset_name-FR-FCM-Z2KP_healthy_final_seed-420_sub-sampling-10000	dgcytof	num-4	run0	4	CD4	CD4	642213	43979	27750	552432	0.9585798021681794	0.0737394179517145	0.04142019783182056	0.9262605820482855
dataset_name-FR-FCM-Z2KP_healthy_final_seed-420_sub-sampling-10000	dgcytof	num-4	run0	5	CD8	CD8	39963	4122	140886	1081403	0.22097440406084634	0.0037972409663526866	0.7790255959391537	0.9962027590336473
dataset_name-FR-FCM-Z2KP_healthy_final_seed-420_sub-sampling-10000	dgcytof	num-5	run0	1	CD14 monocytes	CD14 monocytes	135607	1586	18687	1075353	0.8788870597690124	0.0014726925109035888	0.12111294023098759	0.9985273074890965
dataset_name-FR-FCM-Z2KP_healthy_final_seed-420_sub-sampling-10000	dgcytof	num-5	run0	2	CD19	CD19	156826	3913	2613	1067881	0.9836112870753078	0.0036508881370860445	0.0163887129246922	0.996349111862914
dataset_name-FR-FCM-Z2KP_healthy_final_seed-420_sub-sampling-10000	dgcytof	num-5	run0	3	CD3+	CD3+	2809	788	70795	1156841	0.03816368675615456	6.807016755800002e-4	0.9618363132438454	0.99931929832442
dataset_name-FR-FCM-Z2KP_healthy_final_seed-420_sub-sampling-10000	dgcytof	num-5	run0	4	CD4	CD4	656546	47852	4695	522140	0.9928997143250343	0.08395205546744516	0.007100285674965709	0.9160479445325549
dataset_name-FR-FCM-Z2KP_healthy_final_seed-420_sub-sampling-10000	dgcytof	num-5	run0	5	CD8	CD8	176704	48602	5951	999976	0.9674194519722975	0.04635039071962219	0.0325805480277025	0.9536496092803778
dataset_name-FR-FCM-Z2KP_healthy_final_seed-420_sub-sampling-10000	gatemeclass	num-1	run0	1	CD14 monocytes	CD14 monocytes	182104	4178	19159	1141258	0.9048061491680041	0.003647519372535873	0.09519385083199594	0.9963524806274642
dataset_name-FR-FCM-Z2KP_healthy_final_seed-420_sub-sampling-10000	gatemeclass	num-1	run0	2	CD19	CD19	164916	4047	10067	1167669	0.9424686969591332	0.0034539086263224196	0.05753130304086683	0.9965460913736776
dataset_name-FR-FCM-Z2KP_healthy_final_seed-420_sub-sampling-10000	gatemeclass	num-1	run0	3	CD3+	CD3+	13688	227819	71009	1034183	0.1616113911944933	0.18052190091616335	0.8383886088055067	0.8194780990838366
dataset_name-FR-FCM-Z2KP_healthy_final_seed-420_sub-sampling-10000	gatemeclass	num-1	run0	4	CD4	CD4	125852	21579	560548	638720	0.18335081585081586	0.03268064922103471	0.8166491841491842	0.9673193507789652
dataset_name-FR-FCM-Z2KP_healthy_final_seed-420_sub-sampling-10000	gatemeclass	num-1	run0	5	CD8	CD8	159328	443187	40028	704156	0.799213467364915	0.38627245732095805	0.20078653263508497	0.613727542679042
dataset_name-FR-FCM-Z2KP_healthy_final_seed-420_sub-sampling-10000	gatemeclass	num-2	run0	1	CD14 monocytes	CD14 monocytes	21627	151	188974	1063609	0.10269182007682774	1.41949311874859e-4	0.8973081799231722	0.9998580506881252
dataset_name-FR-FCM-Z2KP_healthy_final_seed-420_sub-sampling-10000	gatemeclass	num-2	run0	2	CD19	CD19	162978	4106	12136	1095141	0.9306965748027	0.003735284244578334	0.06930342519730004	0.9962647157554216
dataset_name-FR-FCM-Z2KP_healthy_final_seed-420_sub-sampling-10000	gatemeclass	num-2	run0	3	CD3+	CD3+	1538	72740	81343	1118740	0.018556725908229873	0.061050122536677076	0.9814432740917701	0.9389498774633229
dataset_name-FR-FCM-Z2KP_healthy_final_seed-420_sub-sampling-10000	gatemeclass	num-2	run0	4	CD4	CD4	287964	75566	319609	591222	0.47395786185363736	0.11332837423588907	0.5260421381463627	0.886671625764111
dataset_name-FR-FCM-Z2KP_healthy_final_seed-420_sub-sampling-10000	gatemeclass	num-2	run0	5	CD8	CD8	156687	491001	41505	585168	0.7905818600145313	0.4562489720480705	0.20941813998546863	0.5437510279519295
dataset_name-FR-FCM-Z2KP_healthy_final_seed-420_sub-sampling-10000	gatemeclass	num-3	run0	1	CD14 monocytes	CD14 monocytes	158665	17778	8146	989904	0.9511662899928662	0.01764247054130172	0.048833710007133824	0.9823575294586983
dataset_name-FR-FCM-Z2KP_healthy_final_seed-420_sub-sampling-10000	gatemeclass	num-3	run0	2	CD19	CD19	125421	12057	3441	1033574	0.9732970154118359	0.011530836404046934	0.026702984588164082	0.988469163595953
dataset_name-FR-FCM-Z2KP_healthy_final_seed-420_sub-sampling-10000	gatemeclass	num-3	run0	3	CD3+	CD3+	1	85	71843	1102564	1.3919046823673514e-5	7.70870875500726e-5	0.9999860809531763	0.99992291291245
dataset_name-FR-FCM-Z2KP_healthy_final_seed-420_sub-sampling-10000	gatemeclass	num-3	run0	4	CD4	CD4	0	0	605424	569069	0	0	1	1
dataset_name-FR-FCM-Z2KP_healthy_final_seed-420_sub-sampling-10000	gatemeclass	num-3	run0	5	CD8	CD8	0	0	201552	972941	0	0	1	1
dataset_name-FR-FCM-Z2KP_healthy_final_seed-420_sub-sampling-10000	gatemeclass	num-4	run0	1	CD14 monocytes	CD14 monocytes	155090	3241	21943	1086100	0.8760513576564821	0.0029751932590437705	0.12394864234351788	0.9970248067409563
dataset_name-FR-FCM-Z2KP_healthy_final_seed-420_sub-sampling-10000	gatemeclass	num-4	run0	2	CD19	CD19	165481	4127	7632	1089134	0.9559131896506906	0.003774944866779296	0.04408681034930941	0.9962250551332207
dataset_name-FR-FCM-Z2KP_healthy_final_seed-420_sub-sampling-10000	gatemeclass	num-4	run0	3	CD3+	CD3+	10231	129342	55185	1071616	0.15639904610492847	0.10769902028214143	0.8436009538950715	0.8923009797178586
dataset_name-FR-FCM-Z2KP_healthy_final_seed-420_sub-sampling-10000	gatemeclass	num-4	run0	4	CD4	CD4	537213	186042	132750	410369	0.8018547292910205	0.31193589655455717	0.19814527070897944	0.6880641034454428
dataset_name-FR-FCM-Z2KP_healthy_final_seed-420_sub-sampling-10000	gatemeclass	num-4	run0	5	CD8	CD8	23317	52290	157532	1033235	0.12893076544520568	0.048170240206351765	0.8710692345547943	0.9518297597936483
dataset_name-FR-FCM-Z2KP_healthy_final_seed-420_sub-sampling-10000	gatemeclass	num-5	run0	1	CD14 monocytes	CD14 monocytes	146881	13070	7413	1063869	0.9519553579529988	0.01213624912831646	0.04804464204700118	0.9878637508716835
dataset_name-FR-FCM-Z2KP_healthy_final_seed-420_sub-sampling-10000	gatemeclass	num-5	run0	2	CD19	CD19	155232	11148	4207	1060646	0.9736137331518637	0.010401252479487663	0.02638626684813628	0.9895987475205124
dataset_name-FR-FCM-Z2KP_healthy_final_seed-420_sub-sampling-10000	gatemeclass	num-5	run0	3	CD3+	CD3+	1	104	73603	1157525	1.3586218140318461e-5	8.983879982274114e-5	0.9999864137818597	0.9999101612001773
dataset_name-FR-FCM-Z2KP_healthy_final_seed-420_sub-sampling-10000	gatemeclass	num-5	run0	4	CD4	CD4	0	0	661241	569992	0	0	1	1
dataset_name-FR-FCM-Z2KP_healthy_final_seed-420_sub-sampling-10000	gatemeclass	num-5	run0	5	CD8	CD8	0	0	182655	1048578	0	0	1	1
dataset_name-FR-FCM-Z2KP_healthy_final_seed-420_sub-sampling-10000	knn	num-1	run0	1	CD14 monocytes	CD14 monocytes	173206	86292	28057	1059144	0.8605953404252148	0.0753355054319927	0.13940465957478523	0.9246644945680073
dataset_name-FR-FCM-Z2KP_healthy_final_seed-420_sub-sampling-10000	knn	num-1	run0	2	CD19	CD19	94414	37843	80569	1133873	0.539560985924347	0.03229707540052368	0.4604390140756531	0.9677029245994764
dataset_name-FR-FCM-Z2KP_healthy_final_seed-420_sub-sampling-10000	knn	num-1	run0	3	CD3+	CD3+	23033	195292	61664	1066710	0.27194587765800443	0.1547477737753189	0.7280541223419956	0.8452522262246811
dataset_name-FR-FCM-Z2KP_healthy_final_seed-420_sub-sampling-10000	knn	num-1	run0	4	CD4	CD4	408647	85233	277753	575066	0.5953481934731935	0.1290824308381506	0.40465180652680655	0.8709175691618494
dataset_name-FR-FCM-Z2KP_healthy_final_seed-420_sub-sampling-10000	knn	num-1	run0	5	CD8	CD8	114901	127838	84455	1019505	0.5763608820401693	0.11142090900454354	0.42363911795983067	0.8885790909954565
dataset_name-FR-FCM-Z2KP_healthy_final_seed-420_sub-sampling-10000	knn	num-2	run0	1	CD14 monocytes	CD14 monocytes	184601	73181	26000	990579	0.8765437960883377	0.06879465292923216	0.12345620391166234	0.9312053470707679
dataset_name-FR-FCM-Z2KP_healthy_final_seed-420_sub-sampling-10000	knn	num-2	run0	2	CD19	CD19	98530	90742	76584	1008505	0.5626620373014151	0.08254923597699153	0.43733796269858494	0.9174507640230085
dataset_name-FR-FCM-Z2KP_healthy_final_seed-420_sub-sampling-10000	knn	num-2	run0	3	CD3+	CD3+	23327	127436	59554	1064044	0.2814517199358116	0.10695605465471514	0.7185482800641884	0.8930439453452849
dataset_name-FR-FCM-Z2KP_healthy_final_seed-420_sub-sampling-10000	knn	num-2	run0	4	CD4	CD4	391395	108164	216178	558624	0.6441941955946034	0.16221647660125857	0.35580580440539655	0.8377835233987414
dataset_name-FR-FCM-Z2KP_healthy_final_seed-420_sub-sampling-10000	knn	num-2	run0	5	CD8	CD8	98555	78430	99637	997739	0.49727032372648744	0.07287888798134866	0.5027296762735125	0.9271211120186513
dataset_name-FR-FCM-Z2KP_healthy_final_seed-420_sub-sampling-10000	knn	num-3	run0	1	CD14 monocytes	CD14 monocytes	142033	55102	24778	952580	0.851460635090012	0.05468193338771557	0.14853936490998795	0.9453180666122845
dataset_name-FR-FCM-Z2KP_healthy_final_seed-420_sub-sampling-10000	knn	num-3	run0	2	CD19	CD19	81138	164960	47724	880671	0.6296503236019928	0.1577611987402822	0.37034967639800714	0.8422388012597178
dataset_name-FR-FCM-Z2KP_healthy_final_seed-420_sub-sampling-10000	knn	num-3	run0	3	CD3+	CD3+	19408	105864	52436	996785	0.27014086075385557	0.09600879336942218	0.7298591392461444	0.9039912066305779
dataset_name-FR-FCM-Z2KP_healthy_final_seed-420_sub-sampling-10000	knn	num-3	run0	4	CD4	CD4	361457	93433	243967	475636	0.5970311715425883	0.1641857138589521	0.40296882845741167	0.8358142861410479
dataset_name-FR-FCM-Z2KP_healthy_final_seed-420_sub-sampling-10000	knn	num-3	run0	5	CD8	CD8	97879	53219	103673	919722	0.4856265380646186	0.054699103028857866	0.5143734619353815	0.9453008969711422
dataset_name-FR-FCM-Z2KP_healthy_final_seed-420_sub-sampling-10000	knn	num-4	run0	1	CD14 monocytes	CD14 monocytes	136226	11571	40807	1077770	0.7694949529183824	0.010622018266089314	0.23050504708161756	0.9893779817339107
dataset_name-FR-FCM-Z2KP_healthy_final_seed-420_sub-sampling-10000	knn	num-4	run0	2	CD19	CD19	117611	149598	55502	943663	0.6793886074413822	0.13683649192644756	0.32061139255861776	0.8631635080735525
dataset_name-FR-FCM-Z2KP_healthy_final_seed-420_sub-sampling-10000	knn	num-4	run0	3	CD3+	CD3+	19179	205514	46237	995444	0.2931851534792711	0.1711250518336195	0.7068148465207289	0.8288749481663805
dataset_name-FR-FCM-Z2KP_healthy_final_seed-420_sub-sampling-10000	knn	num-4	run0	4	CD4	CD4	381737	92495	288226	503916	0.5697881823324572	0.15508600612664755	0.43021181766754285	0.8449139938733524
dataset_name-FR-FCM-Z2KP_healthy_final_seed-420_sub-sampling-10000	knn	num-4	run0	5	CD8	CD8	80594	71849	100255	1013676	0.4456424973320284	0.06618824992515142	0.5543575026679716	0.9338117500748486
dataset_name-FR-FCM-Z2KP_healthy_final_seed-420_sub-sampling-10000	knn	num-5	run0	1	CD14 monocytes	CD14 monocytes	103101	11704	51193	1065235	0.6682113367985794	0.010867839311233042	0.33178866320142064	0.989132160688767
dataset_name-FR-FCM-Z2KP_healthy_final_seed-420_sub-sampling-10000	knn	num-5	run0	2	CD19	CD19	77048	138691	82391	933103	0.4832443755919192	0.12940079903414275	0.5167556244080809	0.8705992009658572
dataset_name-FR-FCM-Z2KP_healthy_final_seed-420_sub-sampling-10000	knn	num-5	run0	3	CD3+	CD3+	26498	247332	47106	910297	0.36000760828215855	0.21365394267075202	0.6399923917178414	0.786346057329248
dataset_name-FR-FCM-Z2KP_healthy_final_seed-420_sub-sampling-10000	knn	num-5	run0	4	CD4	CD4	341994	105271	319247	464721	0.5172002341052657	0.1846885570323794	0.4827997658947343	0.8153114429676206
dataset_name-FR-FCM-Z2KP_healthy_final_seed-420_sub-sampling-10000	knn	num-5	run0	5	CD8	CD8	98314	81280	84341	967298	0.5382497057293806	0.07751450059032328	0.4617502942706195	0.9224854994096767
dataset_name-FR-FCM-Z2KP_healthy_final_seed-420_sub-sampling-10000	lda	num-1	run0	1	CD14 monocytes	CD14 monocytes	196492	1866	4771	1143570	0.9762946989759668	0.00162907399453134	0.023705301024033232	0.9983709260054686
dataset_name-FR-FCM-Z2KP_healthy_final_seed-420_sub-sampling-10000	lda	num-1	run0	2	CD19	CD19	173396	3274	1587	1168442	0.9909305475389037	0.002794192449364863	0.00906945246109622	0.9972058075506351
dataset_name-FR-FCM-Z2KP_healthy_final_seed-420_sub-sampling-10000	lda	num-1	run0	3	CD3+	CD3+	29197	33203	55500	1228799	0.3447229535874942	0.026309783978155345	0.6552770464125057	0.9736902160218447
dataset_name-FR-FCM-Z2KP_healthy_final_seed-420_sub-sampling-10000	lda	num-1	run0	4	CD4	CD4	662361	10154	24039	650145	0.9649781468531469	0.01537788183837928	0.035021853146853146	0.9846221181616207
dataset_name-FR-FCM-Z2KP_healthy_final_seed-420_sub-sampling-10000	lda	num-1	run0	5	CD8	CD8	170533	35463	28823	1111880	0.855419450631032	0.030908804080383982	0.14458054936896808	0.969091195919616
dataset_name-FR-FCM-Z2KP_healthy_final_seed-420_sub-sampling-10000	lda	num-2	run0	1	CD14 monocytes	CD14 monocytes	200881	1221	9720	1062539	0.9538463729991785	0.0011478152966834625	0.04615362700082146	0.9988521847033165
dataset_name-FR-FCM-Z2KP_healthy_final_seed-420_sub-sampling-10000	lda	num-2	run0	2	CD19	CD19	170857	6120	4257	1093127	0.9756901218634718	0.005567447534539553	0.024309878136528205	0.9944325524654605
dataset_name-FR-FCM-Z2KP_healthy_final_seed-420_sub-sampling-10000	lda	num-2	run0	3	CD3+	CD3+	25911	34635	56970	1156845	0.3126289499402758	0.029068889112700173	0.6873710500597242	0.9709311108872998
dataset_name-FR-FCM-Z2KP_healthy_final_seed-420_sub-sampling-10000	lda	num-2	run0	4	CD4	CD4	588038	31263	19535	635525	0.9678474849935728	0.04688596675405076	0.03215251500642721	0.9531140332459492
dataset_name-FR-FCM-Z2KP_healthy_final_seed-420_sub-sampling-10000	lda	num-2	run0	5	CD8	CD8	127830	15836	70362	1060333	0.6449806248486316	0.01471516090874203	0.3550193751513684	0.985284839091258
dataset_name-FR-FCM-Z2KP_healthy_final_seed-420_sub-sampling-10000	lda	num-3	run0	1	CD14 monocytes	CD14 monocytes	156065	1828	10746	1005854	0.9355797879036755	0.0018140643576048793	0.06442021209632458	0.9981859356423951
dataset_name-FR-FCM-Z2KP_healthy_final_seed-420_sub-sampling-10000	lda	num-3	run0	2	CD19	CD19	125396	1708	3466	1043923	0.9731030094209309	0.0016334634302158219	0.02689699057906908	0.9983665365697841
dataset_name-FR-FCM-Z2KP_healthy_final_seed-420_sub-sampling-10000	lda	num-3	run0	3	CD3+	CD3+	20510	36987	51334	1065662	0.2854796503535438	0.03354376596722983	0.7145203496464562	0.9664562340327701
dataset_name-FR-FCM-Z2KP_healthy_final_seed-420_sub-sampling-10000	lda	num-3	run0	4	CD4	CD4	600415	44091	5009	524978	0.9917264594730305	0.07747918090776339	0.008273540526969528	0.9225208190922366
dataset_name-FR-FCM-Z2KP_healthy_final_seed-420_sub-sampling-10000	lda	num-3	run0	5	CD8	CD8	120734	11720	80818	961221	0.5990215924426451	0.012045951398902913	0.4009784075573549	0.987954048601097
dataset_name-FR-FCM-Z2KP_healthy_final_seed-420_sub-sampling-10000	lda	num-4	run0	1	CD14 monocytes	CD14 monocytes	131120	344	45913	1088997	0.7406528726282671	3.157872511913166e-4	0.25934712737173293	0.9996842127488087
dataset_name-FR-FCM-Z2KP_healthy_final_seed-420_sub-sampling-10000	lda	num-4	run0	2	CD19	CD19	161269	4134	11844	1089127	0.931582261297534	0.003781347729407708	0.06841773870246602	0.9962186522705923
dataset_name-FR-FCM-Z2KP_healthy_final_seed-420_sub-sampling-10000	lda	num-4	run0	3	CD3+	CD3+	16726	17223	48690	1183735	0.2556866821572704	0.014341051060903045	0.7443133178427296	0.985658948939097
dataset_name-FR-FCM-Z2KP_healthy_final_seed-420_sub-sampling-10000	lda	num-4	run0	4	CD4	CD4	655814	95751	14149	500660	0.9788809232748674	0.16054532864081983	0.021119076725132583	0.8394546713591802
dataset_name-FR-FCM-Z2KP_healthy_final_seed-420_sub-sampling-10000	lda	num-4	run0	5	CD8	CD8	120634	18314	60215	1067211	0.6670426709575391	0.016871099237696047	0.33295732904246084	0.983128900762304
dataset_name-FR-FCM-Z2KP_healthy_final_seed-420_sub-sampling-10000	lda	num-5	run0	1	CD14 monocytes	CD14 monocytes	109848	909	44446	1076030	0.7119395439874525	8.440589485569749e-4	0.2880604560125475	0.999155941051443
dataset_name-FR-FCM-Z2KP_healthy_final_seed-420_sub-sampling-10000	lda	num-5	run0	2	CD19	CD19	141295	2027	18144	1069767	0.886200992229003	0.0018912216340080277	0.11379900777099705	0.998108778365992
dataset_name-FR-FCM-Z2KP_healthy_final_seed-420_sub-sampling-10000	lda	num-5	run0	3	CD3+	CD3+	15340	13388	58264	1144241	0.20841258627248518	0.011565017807950561	0.7915874137275148	0.9884349821920494
dataset_name-FR-FCM-Z2KP_healthy_final_seed-420_sub-sampling-10000	lda	num-5	run0	4	CD4	CD4	652091	86950	9150	483042	0.9861623825503864	0.1525460006456231	0.013837617449613681	0.8474539993543769
dataset_name-FR-FCM-Z2KP_healthy_final_seed-420_sub-sampling-10000	lda	num-5	run0	5	CD8	CD8	139314	21092	43341	1027486	0.7627165968629384	0.020114860315589303	0.23728340313706167	0.9798851396844107
dataset_name-FR-FCM-Z2KP_healthy_final_seed-420_sub-sampling-10000	random	num-1	run0	1	CD14 monocytes	CD14 monocytes	33580	190822	167683	954614	0.16684636520373838	0.16659333214601252	0.8331536347962616	0.8334066678539874
dataset_name-FR-FCM-Z2KP_healthy_final_seed-420_sub-sampling-10000	random	num-1	run0	2	CD19	CD19	29307	195861	145676	975855	0.16748484138459166	0.1671573999160206	0.8325151586154084	0.8328426000839794
dataset_name-FR-FCM-Z2KP_healthy_final_seed-420_sub-sampling-10000	random	num-1	run0	3	CD3+	CD3+	14069	210213	70628	1051789	0.16610977956716294	0.1665710513929455	0.833890220432837	0.8334289486070545
dataset_name-FR-FCM-Z2KP_healthy_final_seed-420_sub-sampling-10000	random	num-1	run0	4	CD4	CD4	114202	109764	572198	550535	0.16637820512820511	0.16623378196847186	0.8336217948717949	0.8337662180315282
dataset_name-FR-FCM-Z2KP_healthy_final_seed-420_sub-sampling-10000	random	num-1	run0	5	CD8	CD8	33247	190644	166109	956699	0.16677200585886554	0.16616129614247876	0.8332279941411345	0.8338387038575212
dataset_name-FR-FCM-Z2KP_healthy_final_seed-420_sub-sampling-10000	random	num-2	run0	1	CD14 monocytes	CD14 monocytes	35022	177139	175579	886621	0.16629550666900916	0.16652158381589832	0.8337044933309908	0.8334784161841017
dataset_name-FR-FCM-Z2KP_healthy_final_seed-420_sub-sampling-10000	random	num-2	run0	2	CD19	CD19	29190	183598	145924	915649	0.16669141245131744	0.1670216066088877	0.8333085875486825	0.8329783933911122
dataset_name-FR-FCM-Z2KP_healthy_final_seed-420_sub-sampling-10000	random	num-2	run0	3	CD3+	CD3+	13953	198410	68928	993070	0.16834980272921418	0.16652398697418336	0.8316501972707858	0.8334760130258166
dataset_name-FR-FCM-Z2KP_healthy_final_seed-420_sub-sampling-10000	random	num-2	run0	4	CD4	CD4	100762	111087	506811	555701	0.1658434459727473	0.16660017876746433	0.8341565540272526	0.8333998212325356
dataset_name-FR-FCM-Z2KP_healthy_final_seed-420_sub-sampling-10000	random	num-2	run0	5	CD8	CD8	33274	179697	164918	896472	0.16788770485186083	0.16697842067556304	0.8321122951481392	0.833021579324437
dataset_name-FR-FCM-Z2KP_healthy_final_seed-420_sub-sampling-10000	random	num-3	run0	1	CD14 monocytes	CD14 monocytes	27697	168856	139114	838826	0.1660382109093525	0.1675687369626529	0.8339617890906476	0.832431263037347
dataset_name-FR-FCM-Z2KP_healthy_final_seed-420_sub-sampling-10000	random	num-3	run0	2	CD19	CD19	21463	174069	107399	871562	0.16655802331175987	0.1664726849146592	0.8334419766882402	0.8335273150853408
dataset_name-FR-FCM-Z2KP_healthy_final_seed-420_sub-sampling-10000	random	num-3	run0	3	CD3+	CD3+	12010	183774	59834	918875	0.16716775235231893	0.16666591091090638	0.832832247647681	0.8333340890890937
dataset_name-FR-FCM-Z2KP_healthy_final_seed-420_sub-sampling-10000	random	num-3	run0	4	CD4	CD4	100601	94522	504823	474547	0.16616619096699173	0.16609936580625548	0.8338338090330083	0.8339006341937445
dataset_name-FR-FCM-Z2KP_healthy_final_seed-420_sub-sampling-10000	random	num-3	run0	5	CD8	CD8	33775	162217	167777	810724	0.167574620941494	0.1667285066617606	0.832425379058506	0.8332714933382395
dataset_name-FR-FCM-Z2KP_healthy_final_seed-420_sub-sampling-10000	random	num-4	run0	1	CD14 monocytes	CD14 monocytes	29673	181296	147360	908045	0.1676128179491959	0.16642722526738643	0.8323871820508041	0.8335727747326136
dataset_name-FR-FCM-Z2KP_healthy_final_seed-420_sub-sampling-10000	random	num-4	run0	2	CD19	CD19	28489	182410	144624	910851	0.16456880765742607	0.1668494531497968	0.8354311923425739	0.8331505468502032
dataset_name-FR-FCM-Z2KP_healthy_final_seed-420_sub-sampling-10000	random	num-4	run0	3	CD3+	CD3+	10849	200726	54567	1000232	0.1658462761403938	0.16713823464267694	0.8341537238596062	0.832861765357323
dataset_name-FR-FCM-Z2KP_healthy_final_seed-420_sub-sampling-10000	random	num-4	run0	4	CD4	CD4	111538	98921	558425	497490	0.16648382074830997	0.16586045529006005	0.83351617925169	0.83413954470994
dataset_name-FR-FCM-Z2KP_healthy_final_seed-420_sub-sampling-10000	random	num-4	run0	5	CD8	CD8	30445	181306	150404	904219	0.16834486228842846	0.16702148729877248	0.8316551377115715	0.8329785127012275
dataset_name-FR-FCM-Z2KP_healthy_final_seed-420_sub-sampling-10000	random	num-5	run0	1	CD14 monocytes	CD14 monocytes	25901	179138	128393	897801	0.16786783672728686	0.16633996911617094	0.8321321632727131	0.8336600308838291
dataset_name-FR-FCM-Z2KP_healthy_final_seed-420_sub-sampling-10000	random	num-5	run0	2	CD19	CD19	26502	179215	132937	892579	0.16622030996180356	0.16721030347249566	0.8337796900381964	0.8327896965275043
dataset_name-FR-FCM-Z2KP_healthy_final_seed-420_sub-sampling-10000	random	num-5	run0	3	CD3+	CD3+	12246	192822	61358	964807	0.16637682734633988	0.16656631787904416	0.8336231726536601	0.8334336821209558
dataset_name-FR-FCM-Z2KP_healthy_final_seed-420_sub-sampling-10000	random	num-5	run0	4	CD4	CD4	110420	94434	550821	475558	0.16698904030451833	0.16567600948785247	0.8330109596954817	0.8343239905121476
dataset_name-FR-FCM-Z2KP_healthy_final_seed-420_sub-sampling-10000	random	num-5	run0	5	CD8	CD8	30296	175549	152359	873029	0.1658646081410309	0.16741625324963905	0.8341353918589691	0.832583746750361
dataset_name-FR-FCM-Z2KP_healthy_final_seed-420_sub-sampling-100000	cyanno	num-1	run0	1	CD14 monocytes	CD14 monocytes	201177	48	86	1145388	0.9995726984095438	4.190544037379653e-5	4.2730159045626867e-4	0.9999580945596263
dataset_name-FR-FCM-Z2KP_healthy_final_seed-420_sub-sampling-100000	cyanno	num-1	run0	2	CD19	CD19	174870	230	113	1171486	0.9993542229816611	1.962932997415756e-4	6.457770183389244e-4	0.9998037067002584
dataset_name-FR-FCM-Z2KP_healthy_final_seed-420_sub-sampling-100000	cyanno	num-1	run0	3	CD3+	CD3+	77971	7448	6726	1254554	0.9205875060509817	0.005901733911673674	0.07941249394901827	0.9940982660883263
dataset_name-FR-FCM-Z2KP_healthy_final_seed-420_sub-sampling-100000	cyanno	num-1	run0	4	CD4	CD4	685575	1709	825	658590	0.9987980769230769	0.0025882213966702964	0.001201923076923077	0.9974117786033297
dataset_name-FR-FCM-Z2KP_healthy_final_seed-420_sub-sampling-100000	cyanno	num-1	run0	5	CD8	CD8	192622	5049	6734	1142294	0.9662212323682257	0.004400602086734307	0.033778767631774315	0.9955993979132657
dataset_name-FR-FCM-Z2KP_healthy_final_seed-420_sub-sampling-100000	cyanno	num-2	run0	1	CD14 monocytes	CD14 monocytes	210568	65	33	1063695	0.9998433055873429	6.110400842295255e-5	1.566944126571099e-4	0.999938895991577
dataset_name-FR-FCM-Z2KP_healthy_final_seed-420_sub-sampling-100000	cyanno	num-2	run0	2	CD19	CD19	174953	193	161	1099054	0.9990805989241294	1.7557473434087151e-4	9.194010758705757e-4	0.9998244252656592
dataset_name-FR-FCM-Z2KP_healthy_final_seed-420_sub-sampling-100000	cyanno	num-2	run0	3	CD3+	CD3+	73387	3411	9494	1188069	0.885450223814867	0.00286282606506194	0.1145497761851329	0.9971371739349381
dataset_name-FR-FCM-Z2KP_healthy_final_seed-420_sub-sampling-100000	cyanno	num-2	run0	4	CD4	CD4	606939	2615	634	664173	0.9989565039921129	0.003921786234905247	0.0010434960078871181	0.9960782137650948
dataset_name-FR-FCM-Z2KP_healthy_final_seed-420_sub-sampling-100000	cyanno	num-2	run0	5	CD8	CD8	195267	6963	2925	1069206	0.9852415839186244	0.006470173364964053	0.014758416081375635	0.993529826635036
dataset_name-FR-FCM-Z2KP_healthy_final_seed-420_sub-sampling-100000	cyanno	num-3	run0	1	CD14 monocytes	CD14 monocytes	166804	99	7	1007583	0.9999580363405292	9.824527976087695e-5	4.19636594708982e-5	0.9999017547202391
dataset_name-FR-FCM-Z2KP_healthy_final_seed-420_sub-sampling-100000	cyanno	num-3	run0	2	CD19	CD19	128710	134	152	1045497	0.9988204435752976	1.2815228316681506e-4	0.0011795564247023948	0.9998718477168332
dataset_name-FR-FCM-Z2KP_healthy_final_seed-420_sub-sampling-100000	cyanno	num-3	run0	3	CD3+	CD3+	66005	3170	5839	1099479	0.9187266855965703	0.002874894912161531	0.08127331440342965	0.9971251050878385
dataset_name-FR-FCM-Z2KP_healthy_final_seed-420_sub-sampling-100000	cyanno	num-3	run0	4	CD4	CD4	605030	1717	394	567352	0.9993492164169243	0.003017208809476531	6.507835830756627e-4	0.9969827911905235
dataset_name-FR-FCM-Z2KP_healthy_final_seed-420_sub-sampling-100000	cyanno	num-3	run0	5	CD8	CD8	198662	4162	2890	968779	0.9856612685560054	0.004277751682784465	0.014338731443994602	0.9957222483172156
dataset_name-FR-FCM-Z2KP_healthy_final_seed-420_sub-sampling-100000	cyanno	num-4	run0	1	CD14 monocytes	CD14 monocytes	177019	107	14	1089234	0.9999209186987736	9.822452289962464e-5	7.908130122632504e-5	0.9999017754771004
dataset_name-FR-FCM-Z2KP_healthy_final_seed-420_sub-sampling-100000	cyanno	num-4	run0	2	CD19	CD19	172961	305	152	1092956	0.999121960800171	2.789818716665096e-4	8.780391998290134e-4	0.9997210181283335
dataset_name-FR-FCM-Z2KP_healthy_final_seed-420_sub-sampling-100000	cyanno	num-4	run0	3	CD3+	CD3+	58539	2501	6877	1198457	0.894872813990461	0.0020825041341995306	0.10512718600953895	0.9979174958658005
dataset_name-FR-FCM-Z2KP_healthy_final_seed-420_sub-sampling-100000	cyanno	num-4	run0	4	CD4	CD4	668909	1313	1054	595098	0.9984267787922617	0.002201501984369839	0.0015732212077383377	0.9977984980156301
dataset_name-FR-FCM-Z2KP_healthy_final_seed-420_sub-sampling-100000	cyanno	num-4	run0	5	CD8	CD8	179176	5544	1673	1079981	0.9907491885495634	0.005107206190552958	0.009250811450436552	0.9948927938094471
dataset_name-FR-FCM-Z2KP_healthy_final_seed-420_sub-sampling-100000	cyanno	num-5	run0	1	CD14 monocytes	CD14 monocytes	154278	68	16	1076871	0.9998963018652702	6.314192354441617e-5	1.0369813472980154e-4	0.9999368580764556
dataset_name-FR-FCM-Z2KP_healthy_final_seed-420_sub-sampling-100000	cyanno	num-5	run0	2	CD19	CD19	159342	307	97	1071487	0.9993916168566035	2.864356396844916e-4	6.083831433965341e-4	0.9997135643603156
dataset_name-FR-FCM-Z2KP_healthy_final_seed-420_sub-sampling-100000	cyanno	num-5	run0	3	CD3+	CD3+	65603	2992	8001	1154637	0.891296668659312	0.002584593164131168	0.108703331340688	0.9974154068358688
dataset_name-FR-FCM-Z2KP_healthy_final_seed-420_sub-sampling-100000	cyanno	num-5	run0	4	CD4	CD4	659994	1696	1247	568296	0.9981141520262657	0.002975480357619054	0.001885847973734236	0.9970245196423809
dataset_name-FR-FCM-Z2KP_healthy_final_seed-420_sub-sampling-100000	cyanno	num-5	run0	5	CD8	CD8	180695	6258	1960	1042320	0.9892693876433714	0.005968082488856337	0.010730612356628616	0.9940319175111436
dataset_name-FR-FCM-Z2KP_healthy_final_seed-420_sub-sampling-100000	cygate	num-1	run0	1	CD14 monocytes	CD14 monocytes	199714	1754	1549	1143682	0.9923036027486424	0.001531294633659148	0.007696397251357677	0.9984687053663408
dataset_name-FR-FCM-Z2KP_healthy_final_seed-420_sub-sampling-100000	cygate	num-1	run0	2	CD19	CD19	174455	1317	528	1170399	0.9969825640205049	0.001123992503302848	0.003017435979495151	0.9988760074966971
dataset_name-FR-FCM-Z2KP_healthy_final_seed-420_sub-sampling-100000	cygate	num-1	run0	3	CD3+	CD3+	49785	44234	34912	1217768	0.5878012208224612	0.035050657605930895	0.4121987791775388	0.9649493423940692
dataset_name-FR-FCM-Z2KP_healthy_final_seed-420_sub-sampling-100000	cygate	num-1	run0	4	CD4	CD4	671370	27112	15030	633187	0.9781031468531468	0.041060186370114146	0.02189685314685315	0.9589398136298859
dataset_name-FR-FCM-Z2KP_healthy_final_seed-420_sub-sampling-100000	cygate	num-1	run0	5	CD8	CD8	163980	6005	35376	1141338	0.8225486065129718	0.005233831556910183	0.17745139348702824	0.9947661684430898
dataset_name-FR-FCM-Z2KP_healthy_final_seed-420_sub-sampling-100000	cygate	num-2	run0	1	CD14 monocytes	CD14 monocytes	209032	4608	1569	1059152	0.9925498929254847	0.004331804166353313	0.007450107074515316	0.9956681958336467
dataset_name-FR-FCM-Z2KP_healthy_final_seed-420_sub-sampling-100000	cygate	num-2	run0	2	CD19	CD19	173306	595	1808	1098652	0.9896752972349441	5.412796214135676e-4	0.010324702765055906	0.9994587203785864
dataset_name-FR-FCM-Z2KP_healthy_final_seed-420_sub-sampling-100000	cygate	num-2	run0	3	CD3+	CD3+	39369	98816	43512	1092664	0.4750063343830311	0.08293550877899755	0.5249936656169689	0.9170644912210024
dataset_name-FR-FCM-Z2KP_healthy_final_seed-420_sub-sampling-100000	cygate	num-2	run0	4	CD4	CD4	577113	22586	30460	644202	0.9498661066242245	0.03387283514400379	0.050133893375775423	0.9661271648559963
dataset_name-FR-FCM-Z2KP_healthy_final_seed-420_sub-sampling-100000	cygate	num-2	run0	5	CD8	CD8	85741	1	112451	1076168	0.43261584725922336	9.292220831486505e-7	0.5673841527407766	0.9999990707779168
dataset_name-FR-FCM-Z2KP_healthy_final_seed-420_sub-sampling-100000	cygate	num-3	run0	1	CD14 monocytes	CD14 monocytes	164217	2167	2594	1005515	0.9844494667617842	0.00215048001254364	0.015550533238215706	0.9978495199874564
dataset_name-FR-FCM-Z2KP_healthy_final_seed-420_sub-sampling-100000	cygate	num-3	run0	2	CD19	CD19	128351	2715	511	1042916	0.9960345175459018	0.0025965182746112156	0.003965482454098183	0.9974034817253887
dataset_name-FR-FCM-Z2KP_healthy_final_seed-420_sub-sampling-100000	cygate	num-3	run0	3	CD3+	CD3+	23919	36686	47925	1065963	0.3329296809754468	0.03327078698661133	0.6670703190245532	0.9667292130133887
dataset_name-FR-FCM-Z2KP_healthy_final_seed-420_sub-sampling-100000	cygate	num-3	run0	4	CD4	CD4	581045	20403	24379	548666	0.9597323528634477	0.03585329722757697	0.04026764713655223	0.964146702772423
dataset_name-FR-FCM-Z2KP_healthy_final_seed-420_sub-sampling-100000	cygate	num-3	run0	5	CD8	CD8	150533	6144	51019	966797	0.746869294276415	0.006314874180448763	0.253130705723585	0.9936851258195513
dataset_name-FR-FCM-Z2KP_healthy_final_seed-420_sub-sampling-100000	cygate	num-4	run0	1	CD14 monocytes	CD14 monocytes	173473	2074	3560	1087267	0.9798907548310202	0.0019039033691011355	0.020109245168979793	0.9980960966308988
dataset_name-FR-FCM-Z2KP_healthy_final_seed-420_sub-sampling-100000	cygate	num-4	run0	2	CD19	CD19	173063	4149	50	1089112	0.9997111713158457	0.0037950681493257327	2.8882868415428073e-4	0.9962049318506743
dataset_name-FR-FCM-Z2KP_healthy_final_seed-420_sub-sampling-100000	cygate	num-4	run0	3	CD3+	CD3+	36689	12908	28727	1188050	0.5608566711507887	0.010748086111254515	0.4391433288492112	0.9892519138887454
dataset_name-FR-FCM-Z2KP_healthy_final_seed-420_sub-sampling-100000	cygate	num-4	run0	4	CD4	CD4	654511	5825	15452	590586	0.9769360397514489	0.00976675480499186	0.02306396024855104	0.9902332451950081
dataset_name-FR-FCM-Z2KP_healthy_final_seed-420_sub-sampling-100000	cygate	num-4	run0	5	CD8	CD8	178321	19513	2528	1066012	0.9860214875393284	0.017975633909859283	0.01397851246067161	0.9820243660901408
dataset_name-FR-FCM-Z2KP_healthy_final_seed-420_sub-sampling-100000	cygate	num-5	run0	1	CD14 monocytes	CD14 monocytes	151598	3118	2696	1073821	0.9825268642980285	0.002895242906051318	0.01747313570197156	0.9971047570939486
dataset_name-FR-FCM-Z2KP_healthy_final_seed-420_sub-sampling-100000	cygate	num-5	run0	2	CD19	CD19	159066	2801	373	1068993	0.9976605472939494	0.0026133753314536187	0.00233945270605059	0.9973866246685463
dataset_name-FR-FCM-Z2KP_healthy_final_seed-420_sub-sampling-100000	cygate	num-5	run0	3	CD3+	CD3+	35489	82052	38115	1075577	0.48216129558176185	0.07087935772168803	0.5178387044182381	0.9291206422783119
dataset_name-FR-FCM-Z2KP_healthy_final_seed-420_sub-sampling-100000	cygate	num-5	run0	4	CD4	CD4	633610	19383	27631	550609	0.9582134199180027	0.03400574043144465	0.041786580081997336	0.9659942595685553
dataset_name-FR-FCM-Z2KP_healthy_final_seed-420_sub-sampling-100000	cygate	num-5	run0	5	CD8	CD8	85945	0	96710	1048578	0.47053187703594207	0	0.5294681229640579	1
dataset_name-FR-FCM-Z2KP_healthy_final_seed-420_sub-sampling-100000	dgcytof	num-1	run0	1	CD14 monocytes	CD14 monocytes	199155	261	2108	1145175	0.9895261424106766	2.2786083203251862e-4	0.010473857589323423	0.9997721391679675
dataset_name-FR-FCM-Z2KP_healthy_final_seed-420_sub-sampling-100000	dgcytof	num-1	run0	2	CD19	CD19	169955	1244	5028	1170472	0.971265780104353	0.0010616907168631306	0.028734219895647006	0.9989383092831369
dataset_name-FR-FCM-Z2KP_healthy_final_seed-420_sub-sampling-100000	dgcytof	num-1	run0	3	CD3+	CD3+	24498	21130	60199	1240872	0.28924283032456877	0.01674323812482072	0.7107571696754312	0.9832567618751793
dataset_name-FR-FCM-Z2KP_healthy_final_seed-420_sub-sampling-100000	dgcytof	num-1	run0	4	CD4	CD4	671990	11886	14410	648413	0.9790064102564102	0.01800093593962735	0.020993589743589742	0.9819990640603726
dataset_name-FR-FCM-Z2KP_healthy_final_seed-420_sub-sampling-100000	dgcytof	num-1	run0	5	CD8	CD8	195571	51009	3785	1096334	0.9810138646441542	0.04445837033912265	0.018986135355845823	0.9555416296608773
dataset_name-FR-FCM-Z2KP_healthy_final_seed-420_sub-sampling-100000	dgcytof	num-2	run0	1	CD14 monocytes	CD14 monocytes	209181	315	1420	1063445	0.9932573919402092	2.961194254343085e-4	0.006742608059790789	0.9997038805745657
dataset_name-FR-FCM-Z2KP_healthy_final_seed-420_sub-sampling-100000	dgcytof	num-2	run0	2	CD19	CD19	173644	3285	1470	1095962	0.9916054684377035	0.002988409338392554	0.008394531562296562	0.9970115906616075
dataset_name-FR-FCM-Z2KP_healthy_final_seed-420_sub-sampling-100000	dgcytof	num-2	run0	3	CD3+	CD3+	224	193	82657	1191287	0.0027026700932662492	1.619834155839796e-4	0.9972973299067337	0.9998380165844161
dataset_name-FR-FCM-Z2KP_healthy_final_seed-420_sub-sampling-100000	dgcytof	num-2	run0	4	CD4	CD4	604393	43556	3180	623232	0.9947660610329953	0.06532211137572962	0.0052339389670047875	0.9346778886242704
dataset_name-FR-FCM-Z2KP_healthy_final_seed-420_sub-sampling-100000	dgcytof	num-2	run0	5	CD8	CD8	189733	49837	8459	1026332	0.9573191652538953	0.04630964095787929	0.04268083474610479	0.9536903590421207
dataset_name-FR-FCM-Z2KP_healthy_final_seed-420_sub-sampling-100000	dgcytof	num-3	run0	1	CD14 monocytes	CD14 monocytes	160104	538	6707	1007144	0.9597928194183837	5.338985910237555e-4	0.04020718058161632	0.9994661014089763
dataset_name-FR-FCM-Z2KP_healthy_final_seed-420_sub-sampling-100000	dgcytof	num-3	run0	2	CD19	CD19	127544	1980	1318	1043651	0.9897720041594884	0.0018935934378380135	0.010227995840511555	0.998106406562162
dataset_name-FR-FCM-Z2KP_healthy_final_seed-420_sub-sampling-100000	dgcytof	num-3	run0	3	CD3+	CD3+	13811	11666	58033	1090983	0.19223595568175492	0.010579976039519375	0.8077640443182451	0.9894200239604807
dataset_name-FR-FCM-Z2KP_healthy_final_seed-420_sub-sampling-100000	dgcytof	num-3	run0	4	CD4	CD4	604098	34344	1326	534725	0.9978097994133037	0.06035120521413045	0.0021902005866962656	0.9396487947858696
dataset_name-FR-FCM-Z2KP_healthy_final_seed-420_sub-sampling-100000	dgcytof	num-3	run0	5	CD8	CD8	189166	31242	12386	941699	0.9385468762403747	0.03211088853280929	0.061453123759625305	0.9678891114671907
dataset_name-FR-FCM-Z2KP_healthy_final_seed-420_sub-sampling-100000	dgcytof	num-4	run0	1	CD14 monocytes	CD14 monocytes	157546	187	19487	1089154	0.8899244773573288	1.7166341852551222e-4	0.11007552264267113	0.9998283365814745
dataset_name-FR-FCM-Z2KP_healthy_final_seed-420_sub-sampling-100000	dgcytof	num-4	run0	2	CD19	CD19	167804	3158	5309	1090103	0.9693321703164984	0.002888605740074877	0.030667829683501527	0.9971113942599251
dataset_name-FR-FCM-Z2KP_healthy_final_seed-420_sub-sampling-100000	dgcytof	num-4	run0	3	CD3+	CD3+	18415	10483	47001	1190475	0.28150605356487707	0.008728864789609629	0.7184939464351229	0.9912711352103903
dataset_name-FR-FCM-Z2KP_healthy_final_seed-420_sub-sampling-100000	dgcytof	num-4	run0	4	CD4	CD4	662911	25280	7052	571131	0.9894740455816217	0.04238687750561274	0.010525954418378329	0.9576131224943872
dataset_name-FR-FCM-Z2KP_healthy_final_seed-420_sub-sampling-100000	dgcytof	num-4	run0	5	CD8	CD8	178598	41992	2251	1043533	0.9875531520771472	0.03868358628313489	0.012446847922852767	0.9613164137168652
dataset_name-FR-FCM-Z2KP_healthy_final_seed-420_sub-sampling-100000	dgcytof	num-5	run0	1	CD14 monocytes	CD14 monocytes	144336	506	9958	1076433	0.9354608733975398	4.6985019578639085e-4	0.06453912660246024	0.9995301498042136
dataset_name-FR-FCM-Z2KP_healthy_final_seed-420_sub-sampling-100000	dgcytof	num-5	run0	2	CD19	CD19	155670	1823	3769	1069971	0.9763608652839016	0.0017008865509603524	0.02363913471609832	0.9982991134490397
dataset_name-FR-FCM-Z2KP_healthy_final_seed-420_sub-sampling-100000	dgcytof	num-5	run0	3	CD3+	CD3+	15037	14178	58567	1143451	0.2042959621759687	0.01224744715275792	0.7957040378240313	0.9877525528472421
dataset_name-FR-FCM-Z2KP_healthy_final_seed-420_sub-sampling-100000	dgcytof	num-5	run0	4	CD4	CD4	658209	24260	3032	545732	0.9954146823926526	0.042562000870187654	0.0045853176073473965	0.9574379991298123
dataset_name-FR-FCM-Z2KP_healthy_final_seed-420_sub-sampling-100000	dgcytof	num-5	run0	5	CD8	CD8	176219	40995	6436	1007583	0.9647641728942542	0.03909580403174585	0.035235827105745805	0.9609041959682542
dataset_name-FR-FCM-Z2KP_healthy_final_seed-420_sub-sampling-100000	gatemeclass	num-1	run0	1	CD14 monocytes	CD14 monocytes	31974	341	169289	1145095	0.1588667564331248	2.977032326555128e-4	0.8411332435668751	0.9997022967673445
dataset_name-FR-FCM-Z2KP_healthy_final_seed-420_sub-sampling-100000	gatemeclass	num-1	run0	2	CD19	CD19	162550	4200	12433	1167516	0.9289473834601075	0.003584486343107033	0.07105261653989245	0.996415513656893
dataset_name-FR-FCM-Z2KP_healthy_final_seed-420_sub-sampling-100000	gatemeclass	num-1	run0	3	CD3+	CD3+	19345	316351	65352	945651	0.22840242275405268	0.25067392920138004	0.7715975772459474	0.74932607079862
dataset_name-FR-FCM-Z2KP_healthy_final_seed-420_sub-sampling-100000	gatemeclass	num-1	run0	4	CD4	CD4	116267	15512	570133	644787	0.169386655011655	0.02349238753958434	0.8306133449883449	0.9765076124604156
dataset_name-FR-FCM-Z2KP_healthy_final_seed-420_sub-sampling-100000	gatemeclass	num-1	run0	5	CD8	CD8	158359	521733	40997	625610	0.7943528160677381	0.4547314970327095	0.2056471839322619	0.5452685029672906
dataset_name-FR-FCM-Z2KP_healthy_final_seed-420_sub-sampling-100000	gatemeclass	num-2	run0	1	CD14 monocytes	CD14 monocytes	20401	636	190200	1063124	0.09687038523083936	5.978792208768895e-4	0.9031296147691606	0.9994021207791232
dataset_name-FR-FCM-Z2KP_healthy_final_seed-420_sub-sampling-100000	gatemeclass	num-2	run0	2	CD19	CD19	167340	13499	7774	1085748	0.9556060623365351	0.012280224553717226	0.044393937663464944	0.9877197754462828
dataset_name-FR-FCM-Z2KP_healthy_final_seed-420_sub-sampling-100000	gatemeclass	num-2	run0	3	CD3+	CD3+	222	19902	82659	1171578	0.002678539110290658	0.01670359552825058	0.9973214608897093	0.9832964044717494
dataset_name-FR-FCM-Z2KP_healthy_final_seed-420_sub-sampling-100000	gatemeclass	num-2	run0	4	CD4	CD4	653	25233	606920	641555	0.0010747679702685932	0.0378426126444987	0.9989252320297314	0.9621573873555013
dataset_name-FR-FCM-Z2KP_healthy_final_seed-420_sub-sampling-100000	gatemeclass	num-2	run0	5	CD8	CD8	94961	388349	103231	687820	0.4791363929926536	0.36086246676869527	0.5208636070073465	0.6391375332313047
dataset_name-FR-FCM-Z2KP_healthy_final_seed-420_sub-sampling-100000	gatemeclass	num-3	run0	1	CD14 monocytes	CD14 monocytes	165374	767033	1437	240649	0.9913854601914742	0.761185572432573	0.008614539808525817	0.23881442756742702
dataset_name-FR-FCM-Z2KP_healthy_final_seed-420_sub-sampling-100000	gatemeclass	num-3	run0	2	CD19	CD19	117455	4255	11407	1041376	0.9114789464698669	0.004069313170707449	0.08852105353013301	0.9959306868292925
dataset_name-FR-FCM-Z2KP_healthy_final_seed-420_sub-sampling-100000	gatemeclass	num-3	run0	3	CD3+	CD3+	0	0	71844	1102649	0	0	1	1
dataset_name-FR-FCM-Z2KP_healthy_final_seed-420_sub-sampling-100000	gatemeclass	num-3	run0	4	CD4	CD4	0	0	605424	569069	0	0	1	1
dataset_name-FR-FCM-Z2KP_healthy_final_seed-420_sub-sampling-100000	gatemeclass	num-3	run0	5	CD8	CD8	0	0	201552	972941	0	0	1	1
dataset_name-FR-FCM-Z2KP_healthy_final_seed-420_sub-sampling-100000	gatemeclass	num-4	run0	1	CD14 monocytes	CD14 monocytes	168225	15174	8808	1074167	0.950246564199895	0.013929522527840226	0.049753435800105064	0.9860704774721598
dataset_name-FR-FCM-Z2KP_healthy_final_seed-420_sub-sampling-100000	gatemeclass	num-4	run0	2	CD19	CD19	170498	16983	2615	1076278	0.9848942598187311	0.015534259431187978	0.015105740181268883	0.984465740568812
dataset_name-FR-FCM-Z2KP_healthy_final_seed-420_sub-sampling-100000	gatemeclass	num-4	run0	3	CD3+	CD3+	0	100	65416	1200858	0	8.326685862453142e-5	1	0.9999167331413754
dataset_name-FR-FCM-Z2KP_healthy_final_seed-420_sub-sampling-100000	gatemeclass	num-4	run0	4	CD4	CD4	0	0	669963	596411	0	0	1	1
dataset_name-FR-FCM-Z2KP_healthy_final_seed-420_sub-sampling-100000	gatemeclass	num-4	run0	5	CD8	CD8	0	0	180849	1085525	0	0	1	1
dataset_name-FR-FCM-Z2KP_healthy_final_seed-420_sub-sampling-100000	gatemeclass	num-5	run0	1	CD14 monocytes	CD14 monocytes	131504	2991	22790	1073948	0.8522949693442389	0.0027773160782551287	0.14770503065576107	0.9972226839217448
dataset_name-FR-FCM-Z2KP_healthy_final_seed-420_sub-sampling-100000	gatemeclass	num-5	run0	2	CD19	CD19	150645	2787	8794	1069007	0.9448441096594936	0.0026003131198719157	0.0551558903405064	0.997399686880128
dataset_name-FR-FCM-Z2KP_healthy_final_seed-420_sub-sampling-100000	gatemeclass	num-5	run0	3	CD3+	CD3+	20271	194865	53333	962764	0.2754062279223955	0.1683311319947928	0.7245937720776044	0.8316688680052072
dataset_name-FR-FCM-Z2KP_healthy_final_seed-420_sub-sampling-100000	gatemeclass	num-5	run0	4	CD4	CD4	535083	192888	126158	377104	0.8092102576821462	0.33840474954034444	0.19078974231785387	0.6615952504596556
dataset_name-FR-FCM-Z2KP_healthy_final_seed-420_sub-sampling-100000	gatemeclass	num-5	run0	5	CD8	CD8	55	144	182600	1048434	3.0111412225233364e-4	1.373288396285255e-4	0.9996988858777477	0.9998626711603715
dataset_name-FR-FCM-Z2KP_healthy_final_seed-420_sub-sampling-100000	knn	num-1	run0	1	CD14 monocytes	CD14 monocytes	184642	101033	16621	1044403	0.9174165147096088	0.08820484077678718	0.08258348529039118	0.9117951592232129
dataset_name-FR-FCM-Z2KP_healthy_final_seed-420_sub-sampling-100000	knn	num-1	run0	2	CD19	CD19	91172	68911	83811	1102805	0.5210334718229771	0.05881203294996398	0.4789665281770229	0.941187967050036
dataset_name-FR-FCM-Z2KP_healthy_final_seed-420_sub-sampling-100000	knn	num-1	run0	3	CD3+	CD3+	30394	249476	54303	1012526	0.35885568556147207	0.19768272950439064	0.6411443144385279	0.8023172704956093
dataset_name-FR-FCM-Z2KP_healthy_final_seed-420_sub-sampling-100000	knn	num-1	run0	4	CD4	CD4	334334	62186	352066	598113	0.4870833333333333	0.094178546385804	0.5129166666666667	0.905821453614196
dataset_name-FR-FCM-Z2KP_healthy_final_seed-420_sub-sampling-100000	knn	num-1	run0	5	CD8	CD8	101995	122556	97361	1024787	0.5116224242059432	0.10681722902392746	0.4883775757940569	0.8931827709760726
dataset_name-FR-FCM-Z2KP_healthy_final_seed-420_sub-sampling-100000	knn	num-2	run0	1	CD14 monocytes	CD14 monocytes	191001	77061	19600	986699	0.9069330155127469	0.0724420922012484	0.09306698448725315	0.9275579077987516
dataset_name-FR-FCM-Z2KP_healthy_final_seed-420_sub-sampling-100000	knn	num-2	run0	2	CD19	CD19	103395	88361	71719	1010886	0.5904439393766346	0.08038320777768782	0.40955606062336536	0.9196167922223122
dataset_name-FR-FCM-Z2KP_healthy_final_seed-420_sub-sampling-100000	knn	num-2	run0	3	CD3+	CD3+	21766	97196	61115	1094284	0.2626174877233624	0.08157585523886259	0.7373825122766375	0.9184241447611374
dataset_name-FR-FCM-Z2KP_healthy_final_seed-420_sub-sampling-100000	knn	num-2	run0	4	CD4	CD4	408988	101373	198585	565415	0.6731503868670925	0.15203183020690234	0.3268496131329075	0.8479681697930976
dataset_name-FR-FCM-Z2KP_healthy_final_seed-420_sub-sampling-100000	knn	num-2	run0	5	CD8	CD8	102104	83116	96088	993053	0.5151772019052232	0.07723322266298323	0.4848227980947768	0.9227667773370167
dataset_name-FR-FCM-Z2KP_healthy_final_seed-420_sub-sampling-100000	knn	num-3	run0	1	CD14 monocytes	CD14 monocytes	139281	37995	27530	969687	0.8349629221094532	0.03770534752034868	0.16503707789054678	0.9622946524796513
dataset_name-FR-FCM-Z2KP_healthy_final_seed-420_sub-sampling-100000	knn	num-3	run0	2	CD19	CD19	81883	169704	46979	875927	0.6354317021309618	0.1622981721085163	0.3645682978690382	0.8377018278914837
dataset_name-FR-FCM-Z2KP_healthy_final_seed-420_sub-sampling-100000	knn	num-3	run0	3	CD3+	CD3+	17979	104749	53865	997900	0.2502505428428261	0.0949975921621477	0.7497494571571739	0.9050024078378524
dataset_name-FR-FCM-Z2KP_healthy_final_seed-420_sub-sampling-100000	knn	num-3	run0	4	CD4	CD4	377311	103335	228113	465734	0.6232177779539628	0.18158606425582838	0.3767822220460372	0.81841393574417165
dataset_name-FR-FCM-Z2KP_healthy_final_seed-420_sub-sampling-100000	knn	num-3	run0	5	CD8	CD8	95464	46792	106088	926149	0.4736445185361594	0.0480933581789646	0.5263554814638406	0.9519066418210353
dataset_name-FR-FCM-Z2KP_healthy_final_seed-420_sub-sampling-100000	knn	num-4	run0	1	CD14 monocytes	CD14 monocytes	137946	10089	39087	1079252	0.7792106556404738	0.009261562724619747	0.22078934435952619	0.9907384372753802
dataset_name-FR-FCM-Z2KP_healthy_final_seed-420_sub-sampling-100000	knn	num-4	run0	2	CD19	CD19	118329	181404	54784	911857	0.6835361873458377	0.16592927032062793	0.3164638126541623	0.8340707296793721
dataset_name-FR-FCM-Z2KP_healthy_final_seed-420_sub-sampling-100000	knn	num-4	run0	3	CD3+	CD3+	20829	173047	44587	1027911	0.318408340467164	0.14409080084399287	0.681591659532836	0.8559091991560072
dataset_name-FR-FCM-Z2KP_healthy_final_seed-420_sub-sampling-100000	knn	num-4	run0	4	CD4	CD4	356471	72949	313492	523462	0.5320756519389876	0.12231330408057531	0.46792434806101235	0.8776866959194247
dataset_name-FR-FCM-Z2KP_healthy_final_seed-420_sub-sampling-100000	knn	num-4	run0	5	CD8	CD8	92165	103145	88684	982380	0.5096240510038762	0.09501853941641142	0.49037594899612386	0.9049814605835886
dataset_name-FR-FCM-Z2KP_healthy_final_seed-420_sub-sampling-100000	knn	num-5	run0	1	CD14 monocytes	CD14 monocytes	102375	15989	51919	1060950	0.6635060339352146	0.014846709052230442	0.33649396606478543	0.9851532909477696
dataset_name-FR-FCM-Z2KP_healthy_final_seed-420_sub-sampling-100000	knn	num-5	run0	2	CD19	CD19	91448	144133	67991	927661	0.5735610484260438	0.13447826727897338	0.42643895157395617	0.8655217327210266
dataset_name-FR-FCM-Z2KP_healthy_final_seed-420_sub-sampling-100000	knn	num-5	run0	3	CD3+	CD3+	26078	193947	47526	963682	0.3543013966632248	0.1675381318194344	0.6456986033367752	0.8324618681805657
dataset_name-FR-FCM-Z2KP_healthy_final_seed-420_sub-sampling-100000	knn	num-5	run0	4	CD4	CD4	367161	95212	294080	474780	0.5552604874773343	0.1670409409254867	0.4447395125226657	0.8329590590745133
dataset_name-FR-FCM-Z2KP_healthy_final_seed-420_sub-sampling-100000	knn	num-5	run0	5	CD8	CD8	99497	95393	83158	953185	0.5447263967589171	0.09097368054641619	0.4552736032410829	0.9090263194535838
dataset_name-FR-FCM-Z2KP_healthy_final_seed-420_sub-sampling-100000	lda	num-1	run0	1	CD14 monocytes	CD14 monocytes	196978	2304	4285	1143132	0.9787094498243591	0.002011461137942233	0.021290550175640827	0.9979885388620577
dataset_name-FR-FCM-Z2KP_healthy_final_seed-420_sub-sampling-100000	lda	num-1	run0	2	CD19	CD19	173405	3443	1578	1168273	0.9909819811067361	0.0029384253522184555	0.009018018893263917	0.9970615746477816
dataset_name-FR-FCM-Z2KP_healthy_final_seed-420_sub-sampling-100000	lda	num-1	run0	3	CD3+	CD3+	27581	30670	57116	1231332	0.3256431750829427	0.0243026556217819	0.6743568249170573	0.9756973443782181
dataset_name-FR-FCM-Z2KP_healthy_final_seed-420_sub-sampling-100000	lda	num-1	run0	4	CD4	CD4	659218	9618	27182	650681	0.9603991841491841	0.014566128375175489	0.03960081585081585	0.9854338716248245
dataset_name-FR-FCM-Z2KP_healthy_final_seed-420_sub-sampling-100000	lda	num-1	run0	5	CD8	CD8	164793	30801	34563	1116542	0.8266267380966713	0.026845503044861038	0.17337326190332872	0.973154496955139
dataset_name-FR-FCM-Z2KP_healthy_final_seed-420_sub-sampling-100000	lda	num-2	run0	1	CD14 monocytes	CD14 monocytes	201754	1471	8847	1062289	0.9579916524612894	0.0013828307136948183	0.04200834753871064	0.9986171692863052
dataset_name-FR-FCM-Z2KP_healthy_final_seed-420_sub-sampling-100000	lda	num-2	run0	2	CD19	CD19	171449	6014	3665	1093233	0.979070776751145	0.0054710178876994885	0.02092922324885503	0.9945289821123006
dataset_name-FR-FCM-Z2KP_healthy_final_seed-420_sub-sampling-100000	lda	num-2	run0	3	CD3+	CD3+	24251	36050	58630	1155430	0.29260023407053487	0.030256487729546446	0.7073997659294652	0.9697435122704535
dataset_name-FR-FCM-Z2KP_healthy_final_seed-420_sub-sampling-100000	lda	num-2	run0	4	CD4	CD4	597917	42612	9656	624176	0.984107259539183	0.06390636904083456	0.015892740460817054	0.9360936309591654
dataset_name-FR-FCM-Z2KP_healthy_final_seed-420_sub-sampling-100000	lda	num-2	run0	5	CD8	CD8	122116	16156	76076	1060013	0.6161499959635102	0.015012511975349597	0.3838500040364899	0.9849874880246504
dataset_name-FR-FCM-Z2KP_healthy_final_seed-420_sub-sampling-100000	lda	num-3	run0	1	CD14 monocytes	CD14 monocytes	153445	1496	13366	1006186	0.9198733896445678	0.0014845953386088072	0.0801266103554322	0.9985154046613912
dataset_name-FR-FCM-Z2KP_healthy_final_seed-420_sub-sampling-100000	lda	num-3	run0	2	CD19	CD19	124441	1700	4421	1043931	0.9656919805683599	0.0016258125476386986	0.03430801943164005	0.9983741874523613
dataset_name-FR-FCM-Z2KP_healthy_final_seed-420_sub-sampling-100000	lda	num-3	run0	3	CD3+	CD3+	21490	30458	50354	1072191	0.2991203162407438	0.027622570736471896	0.7008796837592561	0.9723774292635281
dataset_name-FR-FCM-Z2KP_healthy_final_seed-420_sub-sampling-100000	lda	num-3	run0	4	CD4	CD4	596087	52477	9337	516592	0.9845777504690927	0.09221553098130456	0.015422249530907265	0.9077844690186955
dataset_name-FR-FCM-Z2KP_healthy_final_seed-420_sub-sampling-100000	lda	num-3	run0	5	CD8	CD8	112381	10175	89171	962766	0.5575781932206081	0.010457982549815456	0.4424218067793919	0.9895420174501846
dataset_name-FR-FCM-Z2KP_healthy_final_seed-420_sub-sampling-100000	lda	num-4	run0	1	CD14 monocytes	CD14 monocytes	129372	760	47661	1088581	0.730779007303723	6.97669508445932e-4	0.269220992696277	0.999302330491554
dataset_name-FR-FCM-Z2KP_healthy_final_seed-420_sub-sampling-100000	lda	num-4	run0	2	CD19	CD19	160509	4060	12604	1089201	0.9271920652983889	0.0037136603244787843	0.07280793470161108	0.9962863396755213
dataset_name-FR-FCM-Z2KP_healthy_final_seed-420_sub-sampling-100000	lda	num-4	run0	3	CD3+	CD3+	14491	14051	50925	1186907	0.22152072887367005	0.01169982630533291	0.77847927112633	0.988300173694667
dataset_name-FR-FCM-Z2KP_healthy_final_seed-420_sub-sampling-100000	lda	num-4	run0	4	CD4	CD4	656152	99415	13811	496996	0.9793854287475577	0.1666887431653675	0.020614571252442298	0.8333112568346325
dataset_name-FR-FCM-Z2KP_healthy_final_seed-420_sub-sampling-100000	lda	num-4	run0	5	CD8	CD8	122198	18160	58651	1067365	0.6756907696476065	0.016729232399069576	0.32430923035239345	0.9832707676009305
dataset_name-FR-FCM-Z2KP_healthy_final_seed-420_sub-sampling-100000	lda	num-5	run0	1	CD14 monocytes	CD14 monocytes	108049	319	46245	1076620	0.7002799849637704	2.962099060392464e-4	0.2997200150362295	0.9997037900939607
dataset_name-FR-FCM-Z2KP_healthy_final_seed-420_sub-sampling-100000	lda	num-5	run0	2	CD19	CD19	140410	2237	19029	1069557	0.8806502800444057	0.0020871548077335757	0.1193497199555943	0.9979128451922664
dataset_name-FR-FCM-Z2KP_healthy_final_seed-420_sub-sampling-100000	lda	num-5	run0	3	CD3+	CD3+	12895	10032	60709	1147597	0.17519428291940656	0.008665988844439799	0.8248057170805935	0.9913340111555602
dataset_name-FR-FCM-Z2KP_healthy_final_seed-420_sub-sampling-100000	lda	num-5	run0	4	CD4	CD4	652757	103885	8484	466107	0.9871695796237681	0.18225694395710818	0.012830420376231964	0.8177430560428919
dataset_name-FR-FCM-Z2KP_healthy_final_seed-420_sub-sampling-100000	lda	num-5	run0	5	CD8	CD8	123645	18670	59010	1029908	0.6769319208343598	0.017805065526837298	0.3230680791656401	0.9821949344731628
dataset_name-FR-FCM-Z2KP_healthy_final_seed-420_sub-sampling-100000	random	num-1	run0	1	CD14 monocytes	CD14 monocytes	33636	190330	167627	955106	0.16712460809984944	0.16616380138218112	0.8328753919001506	0.8338361986178189
dataset_name-FR-FCM-Z2KP_healthy_final_seed-420_sub-sampling-100000	random	num-1	run0	2	CD19	CD19	29098	194793	145885	976923	0.16629043964270815	0.16624591624591625	0.8337095603572918	0.8337540837540838
dataset_name-FR-FCM-Z2KP_healthy_final_seed-420_sub-sampling-100000	random	num-1	run0	3	CD3+	CD3+	14073	210329	70624	1051673	0.16615700674167916	0.1666629688384012	0.8338429932583208	0.8333370311615987
dataset_name-FR-FCM-Z2KP_healthy_final_seed-420_sub-sampling-100000	random	num-1	run0	4	CD4	CD4	114482	110508	571918	549791	0.16678613053613053	0.16736054423829205	0.8332138694638694	0.832639455761708
dataset_name-FR-FCM-Z2KP_healthy_final_seed-420_sub-sampling-100000	random	num-1	run0	5	CD8	CD8	33454	191714	165902	955629	0.16781034932482594	0.16709388561223626	0.832189650675174	0.8329061143877637
dataset_name-FR-FCM-Z2KP_healthy_final_seed-420_sub-sampling-100000	random	num-2	run0	1	CD14 monocytes	CD14 monocytes	35022	177139	175579	886621	0.16629550666900916	0.16652158381589832	0.8337044933309908	0.8334784161841017
dataset_name-FR-FCM-Z2KP_healthy_final_seed-420_sub-sampling-100000	random	num-2	run0	2	CD19	CD19	29437	182792	145677	916455	0.1681019221764108	0.16628837740744346	0.8318980778235892	0.8337116225925565
dataset_name-FR-FCM-Z2KP_healthy_final_seed-420_sub-sampling-100000	random	num-2	run0	3	CD3+	CD3+	13953	198410	68928	993070	0.16834980272921418	0.16652398697418336	0.8316501972707858	0.8334760130258166
dataset_name-FR-FCM-Z2KP_healthy_final_seed-420_sub-sampling-100000	random	num-2	run0	4	CD4	CD4	101376	111595	506197	555193	0.16685402412549602	0.1673620401087002	0.833145975874504	0.8326379598912997
dataset_name-FR-FCM-Z2KP_healthy_final_seed-420_sub-sampling-100000	random	num-2	run0	5	CD8	CD8	32961	179827	165231	896342	0.16630842819084524	0.16709921954637236	0.8336915718091548	0.8329007804536276
dataset_name-FR-FCM-Z2KP_healthy_final_seed-420_sub-sampling-100000	random	num-3	run0	1	CD14 monocytes	CD14 monocytes	27600	167909	139211	839773	0.16545671448525576	0.1666289563572635	0.8345432855147442	0.8333710436427365
dataset_name-FR-FCM-Z2KP_healthy_final_seed-420_sub-sampling-100000	random	num-3	run0	2	CD19	CD19	21424	174568	107438	871063	0.16625537396594806	0.16694990871540724	0.833744626034052	0.8330500912845927
dataset_name-FR-FCM-Z2KP_healthy_final_seed-420_sub-sampling-100000	random	num-3	run0	3	CD3+	CD3+	12010	183774	59834	918875	0.16716775235231893	0.16666591091090638	0.832832247647681	0.8333340890890937
dataset_name-FR-FCM-Z2KP_healthy_final_seed-420_sub-sampling-100000	random	num-3	run0	4	CD4	CD4	101566	94987	503858	474082	0.16776011522503237	0.1669164899159856	0.8322398847749676	0.8330835100840144
dataset_name-FR-FCM-Z2KP_healthy_final_seed-420_sub-sampling-100000	random	num-3	run0	5	CD8	CD8	33320	161803	168232	811138	0.16531713900134953	0.1663029926788983	0.8346828609986505	0.8336970073211016
dataset_name-FR-FCM-Z2KP_healthy_final_seed-420_sub-sampling-100000	random	num-4	run0	1	CD14 monocytes	CD14 monocytes	29673	181296	147360	908045	0.1676128179491959	0.16642722526738643	0.8323871820508041	0.8335727747326136
dataset_name-FR-FCM-Z2KP_healthy_final_seed-420_sub-sampling-100000	random	num-4	run0	2	CD19	CD19	28976	181745	144137	911516	0.16738199904108877	0.16624118120009768	0.8326180009589113	0.8337588187999023
dataset_name-FR-FCM-Z2KP_healthy_final_seed-420_sub-sampling-100000	random	num-4	run0	3	CD3+	CD3+	10831	200068	54585	1000890	0.16557111410052586	0.1665903387129275	0.8344288858994742	0.8334096612870725
dataset_name-FR-FCM-Z2KP_healthy_final_seed-420_sub-sampling-100000	random	num-4	run0	4	CD4	CD4	111538	98921	558425	497490	0.16648382074830997	0.16586045529006005	0.83351617925169	0.83413954470994
dataset_name-FR-FCM-Z2KP_healthy_final_seed-420_sub-sampling-100000	random	num-4	run0	5	CD8	CD8	29991	181584	150858	903941	0.165834480699368	0.1672775845788904	0.834165519300632	0.8327224154211096
dataset_name-FR-FCM-Z2KP_healthy_final_seed-420_sub-sampling-100000	random	num-5	run0	1	CD14 monocytes	CD14 monocytes	25659	180058	128635	896881	0.16629940243949862	0.16719424219941892	0.8337005975605014	0.8328057578005811
dataset_name-FR-FCM-Z2KP_healthy_final_seed-420_sub-sampling-100000	random	num-5	run0	2	CD19	CD19	26669	178370	132770	893424	0.16726773248703267	0.16642190570202856	0.8327322675129674	0.8335780942979715
dataset_name-FR-FCM-Z2KP_healthy_final_seed-420_sub-sampling-100000	random	num-5	run0	3	CD3+	CD3+	12246	192822	61358	964807	0.16637682734633988	0.16656631787904416	0.8336231726536601	0.8334336821209558
dataset_name-FR-FCM-Z2KP_healthy_final_seed-420_sub-sampling-100000	random	num-5	run0	4	CD4	CD4	110782	95063	550459	474929	0.1675364957708309	0.16677953374784207	0.832463504229169	0.833220466252158
dataset_name-FR-FCM-Z2KP_healthy_final_seed-420_sub-sampling-100000	random	num-5	run0	5	CD8	CD8	30271	174583	152384	873995	0.16572773808546165	0.16649500561713101	0.8342722619145383	0.833504994382869
dataset_name-FR-FCM-Z2KP_healthy_final_seed-420_sub-sampling-5000	cyanno	num-1	run0	1	CD14 monocytes	CD14 monocytes	200511	199	752	1145237	0.99626359539508	1.737329715496981e-4	0.0037364046049199306	0.9998262670284503
dataset_name-FR-FCM-Z2KP_healthy_final_seed-420_sub-sampling-5000	cyanno	num-1	run0	2	CD19	CD19	174888	1524	95	1170192	0.9994570901173256	0.0013006564730702662	5.429098826743169e-4	0.9986993435269297
dataset_name-FR-FCM-Z2KP_healthy_final_seed-420_sub-sampling-5000	cyanno	num-1	run0	3	CD3+	CD3+	70715	10473	13982	1251529	0.8349174114785648	0.008298719019462726	0.16508258852143523	0.9917012809805372
dataset_name-FR-FCM-Z2KP_healthy_final_seed-420_sub-sampling-5000	cyanno	num-1	run0	4	CD4	CD4	684922	6216	1478	654083	0.9978467365967366	0.009413917028497696	0.0021532634032634035	0.9905860829715023
dataset_name-FR-FCM-Z2KP_healthy_final_seed-420_sub-sampling-5000	cyanno	num-1	run0	5	CD8	CD8	189651	7600	9705	1139743	0.9513182447480888	0.006623999972109474	0.04868175525191115	0.9933760000278905
dataset_name-FR-FCM-Z2KP_healthy_final_seed-420_sub-sampling-5000	cyanno	num-2	run0	1	CD14 monocytes	CD14 monocytes	209654	237	947	1063523	0.9955033451882944	2.2279461532676543e-4	0.0044966548117055475	0.9997772053846732
dataset_name-FR-FCM-Z2KP_healthy_final_seed-420_sub-sampling-5000	cyanno	num-2	run0	2	CD19	CD19	175010	1832	104	1097415	0.9994061011683817	0.0016665954057641277	5.938988316182601e-4	0.9983334045942359
dataset_name-FR-FCM-Z2KP_healthy_final_seed-420_sub-sampling-5000	cyanno	num-2	run0	3	CD3+	CD3+	61582	4617	21299	1186863	0.7430170968014382	0.0038750125893846307	0.2569829031985618	0.9961249874106154
dataset_name-FR-FCM-Z2KP_healthy_final_seed-420_sub-sampling-5000	cyanno	num-2	run0	4	CD4	CD4	606296	10194	1277	656594	0.9978981949494135	0.015288217544406919	0.0021018050505865137	0.9847117824555931
dataset_name-FR-FCM-Z2KP_healthy_final_seed-420_sub-sampling-5000	cyanno	num-2	run0	5	CD8	CD8	193859	11080	4333	1065089	0.978137361750222	0.010295780681287047	0.021862638249777994	0.989704219318713
dataset_name-FR-FCM-Z2KP_healthy_final_seed-420_sub-sampling-5000	cyanno	num-3	run0	1	CD14 monocytes	CD14 monocytes	166245	477	566	1007205	0.9966069383913531	4.7336362066604344e-4	0.0033930616086469117	0.9995266363793339
dataset_name-FR-FCM-Z2KP_healthy_final_seed-420_sub-sampling-5000	cyanno	num-3	run0	2	CD19	CD19	128728	1818	134	1043813	0.9989601278887492	0.001738663065651267	0.0010398721112507955	0.9982613369343487
dataset_name-FR-FCM-Z2KP_healthy_final_seed-420_sub-sampling-5000	cyanno	num-3	run0	3	CD3+	CD3+	44012	3308	27832	1099341	0.6126050888035187	0.0030000480660663546	0.3873949111964813	0.9969999519339336
dataset_name-FR-FCM-Z2KP_healthy_final_seed-420_sub-sampling-5000	cyanno	num-3	run0	4	CD4	CD4	604643	18855	781	550214	0.9987099949787257	0.03313306470744321	0.0012900050212743465	0.9668669352925567
dataset_name-FR-FCM-Z2KP_healthy_final_seed-420_sub-sampling-5000	cyanno	num-3	run0	5	CD8	CD8	197751	8656	3801	964285	0.9811413431769469	0.008896736801100992	0.018858656823053106	0.991103263198899
dataset_name-FR-FCM-Z2KP_healthy_final_seed-420_sub-sampling-5000	cyanno	num-4	run0	1	CD14 monocytes	CD14 monocytes	176283	361	750	1088980	0.9957635017200183	3.313930165118177e-4	0.004236498279981698	0.9996686069834881
dataset_name-FR-FCM-Z2KP_healthy_final_seed-420_sub-sampling-5000	cyanno	num-4	run0	2	CD19	CD19	172504	1381	609	1091880	0.9964820666270009	0.0012631933271195076	0.0035179333729991394	0.9987368066728805
dataset_name-FR-FCM-Z2KP_healthy_final_seed-420_sub-sampling-5000	cyanno	num-4	run0	3	CD3+	CD3+	54842	3650	10574	1197308	0.8383575883575883	0.0030392403397953966	0.16164241164241164	0.9969607596602046
dataset_name-FR-FCM-Z2KP_healthy_final_seed-420_sub-sampling-5000	cyanno	num-4	run0	4	CD4	CD4	667606	2473	2357	593938	0.9964818952688432	0.004146469464848905	0.003518104731156795	0.9958535305351511
dataset_name-FR-FCM-Z2KP_healthy_final_seed-420_sub-sampling-5000	cyanno	num-4	run0	5	CD8	CD8	178998	8276	1851	1077249	0.989764942023456	0.007623960756316068	0.010235057976543968	0.9923760392436839
dataset_name-FR-FCM-Z2KP_healthy_final_seed-420_sub-sampling-5000	cyanno	num-5	run0	1	CD14 monocytes	CD14 monocytes	153568	641	726	1076298	0.9952946971366352	5.952054851760406e-4	0.004705302863364745	0.999404794514824
dataset_name-FR-FCM-Z2KP_healthy_final_seed-420_sub-sampling-5000	cyanno	num-5	run0	2	CD19	CD19	159156	1306	283	1070488	0.9982250264991627	0.0012185177375503128	0.0017749735008373109	0.9987814822624497
dataset_name-FR-FCM-Z2KP_healthy_final_seed-420_sub-sampling-5000	cyanno	num-5	run0	3	CD3+	CD3+	58902	2473	14702	1155156	0.800255420901038	0.0021362629996311425	0.199744579098962	0.9978637370003689
dataset_name-FR-FCM-Z2KP_healthy_final_seed-420_sub-sampling-5000	cyanno	num-5	run0	4	CD4	CD4	659176	3355	2065	566637	0.9968770841493495	0.005886047523474013	0.003122915850650519	0.994113952476526
dataset_name-FR-FCM-Z2KP_healthy_final_seed-420_sub-sampling-5000	cyanno	num-5	run0	5	CD8	CD8	181532	11124	1123	1037454	0.9938517971038296	0.010608652861303594	0.006148202896170376	0.9893913471386964
dataset_name-FR-FCM-Z2KP_healthy_final_seed-420_sub-sampling-5000	cygate	num-1	run0	1	CD14 monocytes	CD14 monocytes	201212	1606	51	1143830	0.9997466002196131	0.0014020861925066088	2.53399780386857e-4	0.9985979138074934
dataset_name-FR-FCM-Z2KP_healthy_final_seed-420_sub-sampling-5000	cygate	num-1	run0	2	CD19	CD19	174167	808	816	1170908	0.9953366898498711	6.895868964834482e-4	0.00466331015012887	0.9993104131035165
dataset_name-FR-FCM-Z2KP_healthy_final_seed-420_sub-sampling-5000	cygate	num-1	run0	3	CD3+	CD3+	50557	52088	34140	1209914	0.596916065504091	0.04127410257669956	0.40308393449590896	0.9587258974233004
dataset_name-FR-FCM-Z2KP_healthy_final_seed-420_sub-sampling-5000	cygate	num-1	run0	4	CD4	CD4	671485	26381	14915	633918	0.9782706876456877	0.03995311215070748	0.021729312354312354	0.9600468878492925
dataset_name-FR-FCM-Z2KP_healthy_final_seed-420_sub-sampling-5000	cygate	num-1	run0	5	CD8	CD8	155579	6259	43777	1141084	0.7804079134814101	0.0054552126086096315	0.21959208651858986	0.9945447873913904
dataset_name-FR-FCM-Z2KP_healthy_final_seed-420_sub-sampling-5000	cygate	num-2	run0	1	CD14 monocytes	CD14 monocytes	205848	3120	4753	1060640	0.9774312562618411	0.002932992404301722	0.022568743738158887	0.9970670075956983
dataset_name-FR-FCM-Z2KP_healthy_final_seed-420_sub-sampling-5000	cygate	num-2	run0	2	CD19	CD19	174938	3319	176	1095928	0.9989949404387999	0.0030193396024733293	0.0010050595612001326	0.9969806603975266
dataset_name-FR-FCM-Z2KP_healthy_final_seed-420_sub-sampling-5000	cygate	num-2	run0	3	CD3+	CD3+	36910	76624	45971	1114856	0.4453372908145413	0.06430993386376607	0.5546627091854587	0.935690066136234
dataset_name-FR-FCM-Z2KP_healthy_final_seed-420_sub-sampling-5000	cygate	num-2	run0	4	CD4	CD4	576851	22467	30722	644321	0.9494348827219116	0.03369436762509223	0.05056511727808839	0.9663056323749077
dataset_name-FR-FCM-Z2KP_healthy_final_seed-420_sub-sampling-5000	cygate	num-2	run0	5	CD8	CD8	108402	717	89790	1075452	0.5469544683942843	6.662522336175824e-4	0.45304553160571565	0.9993337477663824
dataset_name-FR-FCM-Z2KP_healthy_final_seed-420_sub-sampling-5000	cygate	num-3	run0	1	CD14 monocytes	CD14 monocytes	164217	2167	2594	1005515	0.9844494667617842	0.00215048001254364	0.015550533238215706	0.9978495199874564
dataset_name-FR-FCM-Z2KP_healthy_final_seed-420_sub-sampling-5000	cygate	num-3	run0	2	CD19	CD19	128351	2715	511	1042916	0.9960345175459018	0.0025965182746112156	0.003965482454098183	0.9974034817253887
dataset_name-FR-FCM-Z2KP_healthy_final_seed-420_sub-sampling-5000	cygate	num-3	run0	3	CD3+	CD3+	16535	40330	55309	1062319	0.23015143922944156	0.036575555775228565	0.7698485607705584	0.9634244442247715
dataset_name-FR-FCM-Z2KP_healthy_final_seed-420_sub-sampling-5000	cygate	num-3	run0	4	CD4	CD4	580833	20355	24591	548714	0.9593821850471735	0.03576894893237902	0.04061781495282645	0.964231051067621
dataset_name-FR-FCM-Z2KP_healthy_final_seed-420_sub-sampling-5000	cygate	num-3	run0	5	CD8	CD8	150552	14419	51000	958522	0.7469635627530364	0.014820014779930129	0.25303643724696356	0.9851799852200699
dataset_name-FR-FCM-Z2KP_healthy_final_seed-420_sub-sampling-5000	cygate	num-4	run0	1	CD14 monocytes	CD14 monocytes	173159	2889	3874	1086452	0.9781170742178013	0.002652062118289865	0.0218829257821988	0.9973479378817102
dataset_name-FR-FCM-Z2KP_healthy_final_seed-420_sub-sampling-5000	cygate	num-4	run0	2	CD19	CD19	172925	3996	188	1089265	0.9989140041475799	0.003655119866161877	0.0010859958524200956	0.9963448801338382
dataset_name-FR-FCM-Z2KP_healthy_final_seed-420_sub-sampling-5000	cygate	num-4	run0	3	CD3+	CD3+	8894	3111	56522	1197847	0.1359606212547389	0.0025904319718091724	0.864039378745261	0.9974095680281908
dataset_name-FR-FCM-Z2KP_healthy_final_seed-420_sub-sampling-5000	cygate	num-4	run0	4	CD4	CD4	639566	393	30397	596018	0.9546288377119333	6.589415688174765e-4	0.045371162288066653	0.9993410584311825
dataset_name-FR-FCM-Z2KP_healthy_final_seed-420_sub-sampling-5000	cygate	num-4	run0	5	CD8	CD8	160998	17782	19851	1067743	0.8902343944395601	0.016381013795168237	0.10976560556043992	0.9836189862048318
dataset_name-FR-FCM-Z2KP_healthy_final_seed-420_sub-sampling-5000	cygate	num-5	run0	1	CD14 monocytes	CD14 monocytes	148717	3150	5577	1073789	0.9638547189132436	0.0029249567524251606	0.03614528108675645	0.9970750432475748
dataset_name-FR-FCM-Z2KP_healthy_final_seed-420_sub-sampling-5000	cygate	num-5	run0	2	CD19	CD19	159247	3783	192	1068011	0.998795777695545	0.0035295961723988004	0.0012042223044549953	0.9964704038276012
dataset_name-FR-FCM-Z2KP_healthy_final_seed-420_sub-sampling-5000	cygate	num-5	run0	3	CD3+	CD3+	35602	76008	38002	1081621	0.48369653823161785	0.06565834131660489	0.5163034617683822	0.9343416586833951
dataset_name-FR-FCM-Z2KP_healthy_final_seed-420_sub-sampling-5000	cygate	num-5	run0	4	CD4	CD4	633070	19364	28171	550628	0.9573967736422878	0.033972406630268494	0.04260322635771224	0.9660275933697315
dataset_name-FR-FCM-Z2KP_healthy_final_seed-420_sub-sampling-5000	cygate	num-5	run0	5	CD8	CD8	91054	0	91601	1048578	0.49850264159207247	0	0.5014973584079275	1
dataset_name-FR-FCM-Z2KP_healthy_final_seed-420_sub-sampling-5000	dgcytof	num-1	run0	1	CD14 monocytes	CD14 monocytes	195306	2031	5957	1143405	0.9704019119261862	0.0017731239458162655	0.029598088073813866	0.9982268760541837
dataset_name-FR-FCM-Z2KP_healthy_final_seed-420_sub-sampling-5000	dgcytof	num-1	run0	2	CD19	CD19	172472	3428	2511	1168288	0.9856500345747873	0.0029256236152787876	0.014349965425212736	0.9970743763847212
dataset_name-FR-FCM-Z2KP_healthy_final_seed-420_sub-sampling-5000	dgcytof	num-1	run0	3	CD3+	CD3+	17382	29085	67315	1232917	0.20522568686021936	0.023046714664477552	0.7947743131397806	0.9769532853355224
dataset_name-FR-FCM-Z2KP_healthy_final_seed-420_sub-sampling-5000	dgcytof	num-1	run0	4	CD4	CD4	683218	42129	3182	618170	0.9953642191142191	0.06380291352856812	0.004635780885780886	0.9361970864714318
dataset_name-FR-FCM-Z2KP_healthy_final_seed-420_sub-sampling-5000	dgcytof	num-1	run0	5	CD8	CD8	165504	36144	33852	1111199	0.8301932221754048	0.03150234934104274	0.1698067778245952	0.9684976506589572
dataset_name-FR-FCM-Z2KP_healthy_final_seed-420_sub-sampling-5000	dgcytof	num-2	run0	1	CD14 monocytes	CD14 monocytes	206156	13071	4445	1050689	0.9788937374466408	0.012287546063021734	0.021106262553359196	0.9877124539369783
dataset_name-FR-FCM-Z2KP_healthy_final_seed-420_sub-sampling-5000	dgcytof	num-2	run0	2	CD19	CD19	174029	13325	1085	1085922	0.9938040362278288	0.012121934378715612	0.006195963772171271	0.9878780656212844
dataset_name-FR-FCM-Z2KP_healthy_final_seed-420_sub-sampling-5000	dgcytof	num-2	run0	3	CD3+	CD3+	13107	14549	69774	1176931	0.15814239693053897	0.01221086379964414	0.841857603069461	0.9877891362003559
dataset_name-FR-FCM-Z2KP_healthy_final_seed-420_sub-sampling-5000	dgcytof	num-2	run0	4	CD4	CD4	585918	27238	21655	639550	0.964358192348903	0.040849565379101005	0.03564180765109707	0.959150434620899
dataset_name-FR-FCM-Z2KP_healthy_final_seed-420_sub-sampling-5000	dgcytof	num-2	run0	5	CD8	CD8	181037	45931	17155	1030238	0.9134425203842739	0.04268009950110067	0.08655747961572617	0.9573199004988994
dataset_name-FR-FCM-Z2KP_healthy_final_seed-420_sub-sampling-5000	dgcytof	num-3	run0	1	CD14 monocytes	CD14 monocytes	157221	3934	9590	1003748	0.9425097865248695	0.003904009399790807	0.05749021347513054	0.9960959906002091
dataset_name-FR-FCM-Z2KP_healthy_final_seed-420_sub-sampling-5000	dgcytof	num-3	run0	2	CD19	CD19	127905	23076	957	1022555	0.9925734506681566	0.02206897079371212	0.007426549331843367	0.9779310292062878
dataset_name-FR-FCM-Z2KP_healthy_final_seed-420_sub-sampling-5000	dgcytof	num-3	run0	3	CD3+	CD3+	33918	154412	37926	948237	0.4721062301653583	0.14003731015037424	0.5278937698346418	0.8599626898496258
dataset_name-FR-FCM-Z2KP_healthy_final_seed-420_sub-sampling-5000	dgcytof	num-3	run0	4	CD4	CD4	591071	49384	14353	519685	0.9762926477972462	0.0867803377094869	0.023707352202753773	0.9132196622905131
dataset_name-FR-FCM-Z2KP_healthy_final_seed-420_sub-sampling-5000	dgcytof	num-3	run0	5	CD8	CD8	32206	1366	169346	971575	0.1597900293720727	0.00140399058113493	0.8402099706279272	0.9985960094188651
dataset_name-FR-FCM-Z2KP_healthy_final_seed-420_sub-sampling-5000	dgcytof	num-4	run0	1	CD14 monocytes	CD14 monocytes	152061	2796	24972	1086545	0.8589415532697293	0.002566689402124771	0.14105844673027063	0.9974333105978752
dataset_name-FR-FCM-Z2KP_healthy_final_seed-420_sub-sampling-5000	dgcytof	num-4	run0	2	CD19	CD19	155369	2579	17744	1090682	0.8975004765673289	0.0023589975312391094	0.10249952343267114	0.9976410024687609
dataset_name-FR-FCM-Z2KP_healthy_final_seed-420_sub-sampling-5000	dgcytof	num-4	run0	3	CD3+	CD3+	48783	246337	16633	954621	0.7457349883820472	0.20511708152991195	0.2542650116179528	0.7948829184700881
dataset_name-FR-FCM-Z2KP_healthy_final_seed-420_sub-sampling-5000	dgcytof	num-4	run0	4	CD4	CD4	574853	32692	95110	563719	0.8580369363681278	0.05481454902743242	0.14196306363187222	0.9451854509725676
dataset_name-FR-FCM-Z2KP_healthy_final_seed-420_sub-sampling-5000	dgcytof	num-4	run0	5	CD8	CD8	45653	5251	135196	1080274	0.252437116047089	0.0048372907118675295	0.747562883952911	0.9951627092881324
dataset_name-FR-FCM-Z2KP_healthy_final_seed-420_sub-sampling-5000	dgcytof	num-5	run0	1	CD14 monocytes	CD14 monocytes	126230	3538	28064	1073401	0.8181134716839281	0.003285237139708006	0.1818865283160719	0.996714762860292
dataset_name-FR-FCM-Z2KP_healthy_final_seed-420_sub-sampling-5000	dgcytof	num-5	run0	2	CD19	CD19	150581	3448	8858	1068346	0.9444427022246753	0.0032170361095509026	0.055557297775324734	0.9967829638904491
dataset_name-FR-FCM-Z2KP_healthy_final_seed-420_sub-sampling-5000	dgcytof	num-5	run0	3	CD3+	CD3+	15626	27250	57978	1130379	0.21229824466061628	0.023539493222785538	0.7877017553393837	0.9764605067772144
dataset_name-FR-FCM-Z2KP_healthy_final_seed-420_sub-sampling-5000	dgcytof	num-5	run0	4	CD4	CD4	652595	102154	8646	467838	0.9869245857410536	0.17922005922890147	0.013075414258946436	0.8207799407710985
dataset_name-FR-FCM-Z2KP_healthy_final_seed-420_sub-sampling-5000	dgcytof	num-5	run0	5	CD8	CD8	129117	20694	53538	1027884	0.7068900385973557	0.019735298661616017	0.29310996140264434	0.980264701338384
dataset_name-FR-FCM-Z2KP_healthy_final_seed-420_sub-sampling-5000	gatemeclass	num-1	run0	1	CD14 monocytes	CD14 monocytes	198752	600918	2511	544518	0.9875237872833059	0.5246194462196054	0.012476212716694078	0.47538055378039457
dataset_name-FR-FCM-Z2KP_healthy_final_seed-420_sub-sampling-5000	gatemeclass	num-1	run0	2	CD19	CD19	162644	3468	12339	1168248	0.9294845785019116	0.0029597615804512357	0.07051542149808838	0.9970402384195488
dataset_name-FR-FCM-Z2KP_healthy_final_seed-420_sub-sampling-5000	gatemeclass	num-1	run0	3	CD3+	CD3+	0	0	84697	1262002	0	0	1	1
dataset_name-FR-FCM-Z2KP_healthy_final_seed-420_sub-sampling-5000	gatemeclass	num-1	run0	4	CD4	CD4	123680	21053	562720	639246	0.18018648018648017	0.03188404041199517	0.8198135198135198	0.9681159595880048
dataset_name-FR-FCM-Z2KP_healthy_final_seed-420_sub-sampling-5000	gatemeclass	num-1	run0	5	CD8	CD8	40129	196055	159227	951288	0.2012931639880415	0.17087740980683197	0.7987068360119585	0.829122590193168
dataset_name-FR-FCM-Z2KP_healthy_final_seed-420_sub-sampling-5000	gatemeclass	num-2	run0	1	CD14 monocytes	CD14 monocytes	48569	315	162032	1063445	0.2306209372225203	2.961194254343085e-4	0.7693790627774797	0.9997038805745657
dataset_name-FR-FCM-Z2KP_healthy_final_seed-420_sub-sampling-5000	gatemeclass	num-2	run0	2	CD19	CD19	162999	5431	12115	1093816	0.9308164966821614	0.004940654830079136	0.06918350331783867	0.9950593451699209
dataset_name-FR-FCM-Z2KP_healthy_final_seed-420_sub-sampling-5000	gatemeclass	num-2	run0	3	CD3+	CD3+	1551	31534	81330	1159946	0.018713577297571216	0.02646624366334307	0.9812864227024288	0.973533756336657
dataset_name-FR-FCM-Z2KP_healthy_final_seed-420_sub-sampling-5000	gatemeclass	num-2	run0	4	CD4	CD4	286858	77612	320715	589176	0.4721375044644841	0.11639681577952812	0.5278624955355159	0.8836031842204719
dataset_name-FR-FCM-Z2KP_healthy_final_seed-420_sub-sampling-5000	gatemeclass	num-2	run0	5	CD8	CD8	156447	503020	41745	573149	0.7893709130540082	0.46741729226543416	0.21062908694599178	0.5325827077345658
dataset_name-FR-FCM-Z2KP_healthy_final_seed-420_sub-sampling-5000	gatemeclass	num-3	run0	1	CD14 monocytes	CD14 monocytes	146832	5657	19979	1002025	0.8802297210615607	0.005613874218255362	0.1197702789384393	0.9943861257817447
dataset_name-FR-FCM-Z2KP_healthy_final_seed-420_sub-sampling-5000	gatemeclass	num-3	run0	2	CD19	CD19	120316	4980	8546	1040651	0.9336809920690351	0.0047626744042592465	0.0663190079309649	0.9952373255957407
dataset_name-FR-FCM-Z2KP_healthy_final_seed-420_sub-sampling-5000	gatemeclass	num-3	run0	3	CD3+	CD3+	0	0	71844	1102649	0	0	1	1
dataset_name-FR-FCM-Z2KP_healthy_final_seed-420_sub-sampling-5000	gatemeclass	num-3	run0	4	CD4	CD4	513911	260916	91513	308153	0.8488447765532916	0.4584962456222356	0.15115522344670843	0.5415037543777644
dataset_name-FR-FCM-Z2KP_healthy_final_seed-420_sub-sampling-5000	gatemeclass	num-3	run0	5	CD8	CD8	0	0	201552	972941	0	0	1	1
dataset_name-FR-FCM-Z2KP_healthy_final_seed-420_sub-sampling-5000	gatemeclass	num-4	run0	1	CD14 monocytes	CD14 monocytes	168225	15174	8808	1074167	0.950246564199895	0.013929522527840226	0.049753435800105064	0.9860704774721598
dataset_name-FR-FCM-Z2KP_healthy_final_seed-420_sub-sampling-5000	gatemeclass	num-4	run0	2	CD19	CD19	170498	16983	2615	1076278	0.9848942598187311	0.015534259431187978	0.015105740181268883	0.984465740568812
dataset_name-FR-FCM-Z2KP_healthy_final_seed-420_sub-sampling-5000	gatemeclass	num-4	run0	3	CD3+	CD3+	0	100	65416	1200858	0	8.326685862453142e-5	1	0.9999167331413754
dataset_name-FR-FCM-Z2KP_healthy_final_seed-420_sub-sampling-5000	gatemeclass	num-4	run0	4	CD4	CD4	0	0	669963	596411	0	0	1	1
dataset_name-FR-FCM-Z2KP_healthy_final_seed-420_sub-sampling-5000	gatemeclass	num-4	run0	5	CD8	CD8	0	0	180849	1085525	0	0	1	1
dataset_name-FR-FCM-Z2KP_healthy_final_seed-420_sub-sampling-5000	gatemeclass	num-5	run0	1	CD14 monocytes	CD14 monocytes	143916	15295	10378	1061644	0.9327387973608825	0.014202290008997724	0.06726120263911753	0.9857977099910022
dataset_name-FR-FCM-Z2KP_healthy_final_seed-420_sub-sampling-5000	gatemeclass	num-5	run0	2	CD19	CD19	155483	23743	3956	1048051	0.9751880029352918	0.02215257782745565	0.024811997064708134	0.9778474221725444
dataset_name-FR-FCM-Z2KP_healthy_final_seed-420_sub-sampling-5000	gatemeclass	num-5	run0	3	CD3+	CD3+	9231	41029	64373	1116600	0.1254143796532797	0.03544227036468506	0.8745856203467203	0.9645577296353149
dataset_name-FR-FCM-Z2KP_healthy_final_seed-420_sub-sampling-5000	gatemeclass	num-5	run0	4	CD4	CD4	289516	102147	371725	467845	0.43783733918495676	0.17920777835478394	0.5621626608150432	0.820792221645216
dataset_name-FR-FCM-Z2KP_healthy_final_seed-420_sub-sampling-5000	gatemeclass	num-5	run0	5	CD8	CD8	68903	196676	113752	851902	0.3772302975555008	0.18756449210263804	0.6227697024444991	0.812435507897362
dataset_name-FR-FCM-Z2KP_healthy_final_seed-420_sub-sampling-5000	knn	num-1	run0	1	CD14 monocytes	CD14 monocytes	186316	70014	14947	1075422	0.9257339898540715	0.06112432296522896	0.07426601014592846	0.938875677034771
dataset_name-FR-FCM-Z2KP_healthy_final_seed-420_sub-sampling-5000	knn	num-1	run0	2	CD19	CD19	89486	58857	85497	1112859	0.5113982501157255	0.050231455403869196	0.48860174988427446	0.9497685445961308
dataset_name-FR-FCM-Z2KP_healthy_final_seed-420_sub-sampling-5000	knn	num-1	run0	3	CD3+	CD3+	27912	217349	56785	1044653	0.32955122377415963	0.17222555907201414	0.6704487762258403	0.8277744409279858
dataset_name-FR-FCM-Z2KP_healthy_final_seed-420_sub-sampling-5000	knn	num-1	run0	4	CD4	CD4	370550	98993	315850	561306	0.5398455710955711	0.14992147496815836	0.4601544289044289	0.8500785250318417
dataset_name-FR-FCM-Z2KP_healthy_final_seed-420_sub-sampling-5000	knn	num-1	run0	5	CD8	CD8	102439	124783	96917	1022560	0.513849595698148	0.10875823533154427	0.48615040430185197	0.8912417646684557
dataset_name-FR-FCM-Z2KP_healthy_final_seed-420_sub-sampling-5000	knn	num-2	run0	1	CD14 monocytes	CD14 monocytes	189410	82908	21191	980852	0.8993784454964602	0.07793863277431	0.10062155450353986	0.92206136722569
dataset_name-FR-FCM-Z2KP_healthy_final_seed-420_sub-sampling-5000	knn	num-2	run0	2	CD19	CD19	106063	109746	69051	989501	0.6056797286339185	0.09983743417084605	0.3943202713660815	0.900162565829154
dataset_name-FR-FCM-Z2KP_healthy_final_seed-420_sub-sampling-5000	knn	num-2	run0	3	CD3+	CD3+	18549	111209	64332	1080271	0.22380280160712346	0.09333685836102998	0.7761971983928765	0.90666314163897
dataset_name-FR-FCM-Z2KP_healthy_final_seed-420_sub-sampling-5000	knn	num-2	run0	4	CD4	CD4	389570	88307	218003	578481	0.6411904413132249	0.1324363965758232	0.3588095586867751	0.8675636034241768
dataset_name-FR-FCM-Z2KP_healthy_final_seed-420_sub-sampling-5000	knn	num-2	run0	5	CD8	CD8	113210	65389	84982	1010780	0.571213772503431	0.06076090279500711	0.428786227496569	0.9392390972049929
dataset_name-FR-FCM-Z2KP_healthy_final_seed-420_sub-sampling-5000	knn	num-3	run0	1	CD14 monocytes	CD14 monocytes	138587	51475	28224	956207	0.8308025250133384	0.051082583592839806	0.16919747498666154	0.9489174164071602
dataset_name-FR-FCM-Z2KP_healthy_final_seed-420_sub-sampling-5000	knn	num-3	run0	2	CD19	CD19	80835	135542	48027	910089	0.6272989709922242	0.12962699078355558	0.37270102900777574	0.8703730092164444
dataset_name-FR-FCM-Z2KP_healthy_final_seed-420_sub-sampling-5000	knn	num-3	run0	3	CD3+	CD3+	22832	111071	49012	991578	0.3177996770781137	0.1007310576620484	0.6822003229218863	0.8992689423379516
dataset_name-FR-FCM-Z2KP_healthy_final_seed-420_sub-sampling-5000	knn	num-3	run0	4	CD4	CD4	384085	99525	221339	469544	0.6344066307249134	0.1748909183244914	0.36559336927508657	0.8251090816755086
dataset_name-FR-FCM-Z2KP_healthy_final_seed-420_sub-sampling-5000	knn	num-3	run0	5	CD8	CD8	85762	64779	115790	908162	0.4255080574740017	0.06658060457931159	0.5744919425259982	0.9334193954206884
dataset_name-FR-FCM-Z2KP_healthy_final_seed-420_sub-sampling-5000	knn	num-4	run0	1	CD14 monocytes	CD14 monocytes	142149	6846	34884	1082495	0.8029519920014913	0.0062845334931853295	0.19704800799850875	0.9937154665068146
dataset_name-FR-FCM-Z2KP_healthy_final_seed-420_sub-sampling-5000	knn	num-4	run0	2	CD19	CD19	120122	272801	52991	820460	0.6938935839596102	0.24952961827047704	0.3061064160403898	0.750470381729523
dataset_name-FR-FCM-Z2KP_healthy_final_seed-420_sub-sampling-5000	knn	num-4	run0	3	CD3+	CD3+	23772	201931	41644	999027	0.3633973339855693	0.16814160028910252	0.6366026660144307	0.8318583997108975
dataset_name-FR-FCM-Z2KP_healthy_final_seed-420_sub-sampling-5000	knn	num-4	run0	4	CD4	CD4	297851	76330	372112	520081	0.4445782826812824	0.12798221360773024	0.5554217173187176	0.8720177863922698
dataset_name-FR-FCM-Z2KP_healthy_final_seed-420_sub-sampling-5000	knn	num-4	run0	5	CD8	CD8	61659	62913	119190	1022612	0.3409418907486356	0.05795628843186477	0.6590581092513644	0.9420437115681353
dataset_name-FR-FCM-Z2KP_healthy_final_seed-420_sub-sampling-5000	knn	num-5	run0	1	CD14 monocytes	CD14 monocytes	110996	9633	43298	1067306	0.7193798851543158	0.008944796316225896	0.2806201148456842	0.9910552036837741
dataset_name-FR-FCM-Z2KP_healthy_final_seed-420_sub-sampling-5000	knn	num-5	run0	2	CD19	CD19	94938	89895	64501	981899	0.595450297605981	0.08387339358122922	0.40454970239401905	0.9161266064187708
dataset_name-FR-FCM-Z2KP_healthy_final_seed-420_sub-sampling-5000	knn	num-5	run0	3	CD3+	CD3+	24114	182765	49490	974864	0.3276180642356394	0.15787873316926235	0.6723819357643607	0.8421212668307376
dataset_name-FR-FCM-Z2KP_healthy_final_seed-420_sub-sampling-5000	knn	num-5	run0	4	CD4	CD4	405069	83868	256172	486124	0.6125890560325207	0.14713890721273282	0.3874109439674793	0.8528610927872672
dataset_name-FR-FCM-Z2KP_healthy_final_seed-420_sub-sampling-5000	knn	num-5	run0	5	CD8	CD8	104615	125340	78040	923238	0.5727464345350525	0.1195333108266624	0.4272535654649476	0.8804666891733376
dataset_name-FR-FCM-Z2KP_healthy_final_seed-420_sub-sampling-5000	lda	num-1	run0	1	CD14 monocytes	CD14 monocytes	197282	2928	3981	1142508	0.9802199112603907	0.0025562318628015884	0.019780088739609368	0.9974437681371984
dataset_name-FR-FCM-Z2KP_healthy_final_seed-420_sub-sampling-5000	lda	num-1	run0	2	CD19	CD19	173563	3596	1420	1168120	0.9918849259642365	0.003069003069003069	0.008115074035763474	0.996930996930997
dataset_name-FR-FCM-Z2KP_healthy_final_seed-420_sub-sampling-5000	lda	num-1	run0	3	CD3+	CD3+	30867	38152	53830	1223850	0.36444029894801466	0.03023133085367535	0.6355597010519853	0.9697686691463246
dataset_name-FR-FCM-Z2KP_healthy_final_seed-420_sub-sampling-5000	lda	num-1	run0	4	CD4	CD4	662318	10223	24082	650076	0.9649155011655012	0.015482379952112603	0.03508449883449884	0.9845176200478873
dataset_name-FR-FCM-Z2KP_healthy_final_seed-420_sub-sampling-5000	lda	num-1	run0	5	CD8	CD8	166463	35528	32893	1111815	0.835003711952487	0.030965456711724394	0.16499628804751298	0.9690345432882757
dataset_name-FR-FCM-Z2KP_healthy_final_seed-420_sub-sampling-5000	lda	num-2	run0	1	CD14 monocytes	CD14 monocytes	200591	1179	10010	1062581	0.95246936149401	0.0011083327066255546	0.04753063850599	0.9988916672933744
dataset_name-FR-FCM-Z2KP_healthy_final_seed-420_sub-sampling-5000	lda	num-2	run0	2	CD19	CD19	170274	6436	4840	1092811	0.9723608620669963	0.005854917047760876	0.027639137933003644	0.9941450829522391
dataset_name-FR-FCM-Z2KP_healthy_final_seed-420_sub-sampling-5000	lda	num-2	run0	3	CD3+	CD3+	28305	44709	54576	1146771	0.34151373656205886	0.03752391983079867	0.6584862634379411	0.9624760801692013
dataset_name-FR-FCM-Z2KP_healthy_final_seed-420_sub-sampling-5000	lda	num-2	run0	4	CD4	CD4	598089	43149	9484	623639	0.9843903530933732	0.06471172246651109	0.015609646906626858	0.9352882775334889
dataset_name-FR-FCM-Z2KP_healthy_final_seed-420_sub-sampling-5000	lda	num-2	run0	5	CD8	CD8	116353	14716	81839	1061453	0.5870721320739485	0.01367443217561554	0.4129278679260515	0.9863255678243844
dataset_name-FR-FCM-Z2KP_healthy_final_seed-420_sub-sampling-5000	lda	num-3	run0	1	CD14 monocytes	CD14 monocytes	153028	1777	13783	1005905	0.9173735545018015	0.0017634531528795791	0.08262644549819856	0.9982365468471204
dataset_name-FR-FCM-Z2KP_healthy_final_seed-420_sub-sampling-5000	lda	num-3	run0	2	CD19	CD19	123227	1654	5635	1043977	0.9562710496500132	0.0015818199728202397	0.043728950349986806	0.9984181800271797
dataset_name-FR-FCM-Z2KP_healthy_final_seed-420_sub-sampling-5000	lda	num-3	run0	3	CD3+	CD3+	21735	42216	50109	1060433	0.30253048271254385	0.03828598221192782	0.6974695172874562	0.9617140177880722
dataset_name-FR-FCM-Z2KP_healthy_final_seed-420_sub-sampling-5000	lda	num-3	run0	4	CD4	CD4	599728	56547	5696	512522	0.9905917175401041	0.0993675635116304	0.009408282459895875	0.9006324364883695
dataset_name-FR-FCM-Z2KP_healthy_final_seed-420_sub-sampling-5000	lda	num-3	run0	5	CD8	CD8	114423	11507	87129	961434	0.5677095737080258	0.011827027538154934	0.4322904262919743	0.9881729724618451
dataset_name-FR-FCM-Z2KP_healthy_final_seed-420_sub-sampling-5000	lda	num-4	run0	1	CD14 monocytes	CD14 monocytes	133548	1465	43485	1087876	0.7543678297266612	0.0013448497761490662	0.24563217027333886	0.998655150223851
dataset_name-FR-FCM-Z2KP_healthy_final_seed-420_sub-sampling-5000	lda	num-4	run0	2	CD19	CD19	160211	4008	12902	1089253	0.9254706463408294	0.0036660962020962974	0.0745293536591706	0.9963339037979037
dataset_name-FR-FCM-Z2KP_healthy_final_seed-420_sub-sampling-5000	lda	num-4	run0	3	CD3+	CD3+	16820	16665	48596	1184293	0.2571236394765807	0.01387642198977816	0.7428763605234193	0.9861235780102219
dataset_name-FR-FCM-Z2KP_healthy_final_seed-420_sub-sampling-5000	lda	num-4	run0	4	CD4	CD4	654239	87319	15724	509092	0.97653004718171	0.14640742709306168	0.023469952818289966	0.8535925729069384
dataset_name-FR-FCM-Z2KP_healthy_final_seed-420_sub-sampling-5000	lda	num-4	run0	5	CD8	CD8	127437	18678	53412	1066847	0.7046596884693861	0.017206420856267706	0.29534031153061396	0.9827935791437323
dataset_name-FR-FCM-Z2KP_healthy_final_seed-420_sub-sampling-5000	lda	num-5	run0	1	CD14 monocytes	CD14 monocytes	110116	749	44178	1076190	0.7136764877441767	6.954897166877604e-4	0.2863235122558233	0.9993045102833122
dataset_name-FR-FCM-Z2KP_healthy_final_seed-420_sub-sampling-5000	lda	num-5	run0	2	CD19	CD19	137951	2194	21488	1069600	0.8652274537597451	0.0020470351578754874	0.1347725462402549	0.9979529648421245
dataset_name-FR-FCM-Z2KP_healthy_final_seed-420_sub-sampling-5000	lda	num-5	run0	3	CD3+	CD3+	14862	14111	58742	1143518	0.20191837400141296	0.012189570233641348	0.798081625998587	0.9878104297663587
dataset_name-FR-FCM-Z2KP_healthy_final_seed-420_sub-sampling-5000	lda	num-5	run0	4	CD4	CD4	650423	100266	10818	469726	0.983639852943178	0.1759077320383444	0.016360147056821945	0.8240922679616556
dataset_name-FR-FCM-Z2KP_healthy_final_seed-420_sub-sampling-5000	lda	num-5	run0	5	CD8	CD8	129450	21402	53205	1027176	0.708713147737538	0.0204104987897896	0.29128685226246204	0.9795895012102104
dataset_name-FR-FCM-Z2KP_healthy_final_seed-420_sub-sampling-5000	random	num-1	run0	1	CD14 monocytes	CD14 monocytes	33636	190330	167627	955106	0.16712460809984944	0.16616380138218112	0.8328753919001506	0.8338361986178189
dataset_name-FR-FCM-Z2KP_healthy_final_seed-420_sub-sampling-5000	random	num-1	run0	2	CD19	CD19	29307	195861	145676	975855	0.16748484138459166	0.1671573999160206	0.8325151586154084	0.8328426000839794
dataset_name-FR-FCM-Z2KP_healthy_final_seed-420_sub-sampling-5000	random	num-1	run0	3	CD3+	CD3+	14069	210213	70628	1051789	0.16610977956716294	0.1665710513929455	0.833890220432837	0.8334289486070545
dataset_name-FR-FCM-Z2KP_healthy_final_seed-420_sub-sampling-5000	random	num-1	run0	4	CD4	CD4	114482	110508	571918	549791	0.16678613053613053	0.16736054423829205	0.8332138694638694	0.832639455761708
dataset_name-FR-FCM-Z2KP_healthy_final_seed-420_sub-sampling-5000	random	num-1	run0	5	CD8	CD8	33247	190644	166109	956699	0.16677200585886554	0.16616129614247876	0.8332279941411345	0.8338387038575212
dataset_name-FR-FCM-Z2KP_healthy_final_seed-420_sub-sampling-5000	random	num-2	run0	1	CD14 monocytes	CD14 monocytes	34983	176866	175618	886894	0.1661103223631417	0.1662649469805219	0.8338896776368583	0.833735053019478
dataset_name-FR-FCM-Z2KP_healthy_final_seed-420_sub-sampling-5000	random	num-2	run0	2	CD19	CD19	29045	183116	146069	916131	0.16586338042646503	0.16658312462986025	0.8341366195735349	0.8334168753701398
dataset_name-FR-FCM-Z2KP_healthy_final_seed-420_sub-sampling-5000	random	num-2	run0	3	CD3+	CD3+	13953	198410	68928	993070	0.16834980272921418	0.16652398697418336	0.8316501972707858	0.8334760130258166
dataset_name-FR-FCM-Z2KP_healthy_final_seed-420_sub-sampling-5000	random	num-2	run0	4	CD4	CD4	101376	111595	506197	555193	0.16685402412549602	0.1673620401087002	0.833145975874504	0.8326379598912997
dataset_name-FR-FCM-Z2KP_healthy_final_seed-420_sub-sampling-5000	random	num-2	run0	5	CD8	CD8	32650	179579	165542	896590	0.1647392427545007	0.1668687724697515	0.8352607572454993	0.8331312275302485
dataset_name-FR-FCM-Z2KP_healthy_final_seed-420_sub-sampling-5000	random	num-3	run0	1	CD14 monocytes	CD14 monocytes	27697	168856	139114	838826	0.1660382109093525	0.1675687369626529	0.8339617890906476	0.832431263037347
dataset_name-FR-FCM-Z2KP_healthy_final_seed-420_sub-sampling-5000	random	num-3	run0	2	CD19	CD19	21463	174069	107399	871562	0.16655802331175987	0.1664726849146592	0.8334419766882402	0.8335273150853408
dataset_name-FR-FCM-Z2KP_healthy_final_seed-420_sub-sampling-5000	random	num-3	run0	3	CD3+	CD3+	12010	183774	59834	918875	0.16716775235231893	0.16666591091090638	0.832832247647681	0.8333340890890937
dataset_name-FR-FCM-Z2KP_healthy_final_seed-420_sub-sampling-5000	random	num-3	run0	4	CD4	CD4	100601	94522	504823	474547	0.16616619096699173	0.16609936580625548	0.8338338090330083	0.8339006341937445
dataset_name-FR-FCM-Z2KP_healthy_final_seed-420_sub-sampling-5000	random	num-3	run0	5	CD8	CD8	33775	162217	167777	810724	0.167574620941494	0.1667285066617606	0.832425379058506	0.8332714933382395
dataset_name-FR-FCM-Z2KP_healthy_final_seed-420_sub-sampling-5000	random	num-4	run0	1	CD14 monocytes	CD14 monocytes	29530	182045	147503	907296	0.16680505894381273	0.1671147969276838	0.8331949410561873	0.8328852030723162
dataset_name-FR-FCM-Z2KP_healthy_final_seed-420_sub-sampling-5000	random	num-4	run0	2	CD19	CD19	28886	182083	144227	911178	0.16686210740961108	0.16655034799558385	0.833137892590389	0.8334496520044161
dataset_name-FR-FCM-Z2KP_healthy_final_seed-420_sub-sampling-5000	random	num-4	run0	3	CD3+	CD3+	10831	200068	54585	1000890	0.16557111410052586	0.1665903387129275	0.8344288858994742	0.8334096612870725
dataset_name-FR-FCM-Z2KP_healthy_final_seed-420_sub-sampling-5000	random	num-4	run0	4	CD4	CD4	111538	98921	558425	497490	0.16648382074830997	0.16586045529006005	0.83351617925169	0.83413954470994
dataset_name-FR-FCM-Z2KP_healthy_final_seed-420_sub-sampling-5000	random	num-4	run0	5	CD8	CD8	30445	181306	150404	904219	0.16834486228842846	0.16702148729877248	0.8316551377115715	0.8329785127012275
dataset_name-FR-FCM-Z2KP_healthy_final_seed-420_sub-sampling-5000	random	num-5	run0	1	CD14 monocytes	CD14 monocytes	25901	179138	128393	897801	0.16786783672728686	0.16633996911617094	0.8321321632727131	0.8336600308838291
dataset_name-FR-FCM-Z2KP_healthy_final_seed-420_sub-sampling-5000	random	num-5	run0	2	CD19	CD19	26783	177927	132656	893867	0.16798273948030282	0.16600858000697896	0.8320172605196972	0.8339914199930211
dataset_name-FR-FCM-Z2KP_healthy_final_seed-420_sub-sampling-5000	random	num-5	run0	3	CD3+	CD3+	12246	192822	61358	964807	0.16637682734633988	0.16656631787904416	0.8336231726536601	0.8334336821209558
dataset_name-FR-FCM-Z2KP_healthy_final_seed-420_sub-sampling-5000	random	num-5	run0	4	CD4	CD4	110782	95063	550459	474929	0.1675364957708309	0.16677953374784207	0.832463504229169	0.833220466252158
dataset_name-FR-FCM-Z2KP_healthy_final_seed-420_sub-sampling-5000	random	num-5	run0	5	CD8	CD8	30271	174583	152384	873995	0.16572773808546165	0.16649500561713101	0.8342722619145383	0.833504994382869
dataset_name-FR-FCM-Z2KP_healthy_final_seed-420_sub-sampling-50000	cyanno	num-1	run0	1	CD14 monocytes	CD14 monocytes	201114	73	149	1145363	0.9992596751514188	6.373119056848222e-5	7.403248485812096e-4	0.9999362688094315
dataset_name-FR-FCM-Z2KP_healthy_final_seed-420_sub-sampling-50000	cyanno	num-1	run0	2	CD19	CD19	174884	393	99	1171323	0.9994342307538446	3.354055078193009e-4	5.657692461553408e-4	0.9996645944921807
dataset_name-FR-FCM-Z2KP_healthy_final_seed-420_sub-sampling-50000	cyanno	num-1	run0	3	CD3+	CD3+	76274	6896	8423	1255106	0.9005513772624768	0.00546433365398787	0.09944862273752317	0.9945356663460121
dataset_name-FR-FCM-Z2KP_healthy_final_seed-420_sub-sampling-50000	cyanno	num-1	run0	4	CD4	CD4	685388	2221	1012	658078	0.998525641025641	0.0033636276898798877	0.0014743589743589744	0.9966363723101201
dataset_name-FR-FCM-Z2KP_healthy_final_seed-420_sub-sampling-50000	cyanno	num-1	run0	5	CD8	CD8	193245	6211	6111	1141132	0.9693462950701258	0.0054133768193120975	0.030653704929874195	0.9945866231806879
dataset_name-FR-FCM-Z2KP_healthy_final_seed-420_sub-sampling-50000	cyanno	num-2	run0	1	CD14 monocytes	CD14 monocytes	210572	75	29	1063685	0.9998622988494832	7.050462510340678e-5	1.3770115051685414e-4	0.9999294953748966
dataset_name-FR-FCM-Z2KP_healthy_final_seed-420_sub-sampling-50000	cyanno	num-2	run0	2	CD19	CD19	175031	515	83	1098732	0.9995260230478431	4.6850252945880225e-4	4.7397695215688066e-4	0.9995314974705412
dataset_name-FR-FCM-Z2KP_healthy_final_seed-420_sub-sampling-50000	cyanno	num-2	run0	3	CD3+	CD3+	71163	3413	11718	1188067	0.8586165707460094	0.0028645046496793905	0.14138342925399067	0.9971354953503206
dataset_name-FR-FCM-Z2KP_healthy_final_seed-420_sub-sampling-50000	cyanno	num-2	run0	4	CD4	CD4	606627	3012	946	663776	0.9984429854519539	0.0045171778736269996	0.0015570145480460784	0.995482822126373
dataset_name-FR-FCM-Z2KP_healthy_final_seed-420_sub-sampling-50000	cyanno	num-2	run0	5	CD8	CD8	195378	8575	2814	1067594	0.9858016468878663	0.007968079362999678	0.014198353112133688	0.9920319206370003
dataset_name-FR-FCM-Z2KP_healthy_final_seed-420_sub-sampling-50000	cyanno	num-3	run0	1	CD14 monocytes	CD14 monocytes	166801	105	10	1007577	0.9999400519150415	1.0419953914032403e-4	5.9948084958426005e-5	0.9998958004608597
dataset_name-FR-FCM-Z2KP_healthy_final_seed-420_sub-sampling-50000	cyanno	num-3	run0	2	CD19	CD19	128769	253	93	1045378	0.9992782977138334	2.4195916150152397e-4	7.217022861665968e-4	0.9997580408384985
dataset_name-FR-FCM-Z2KP_healthy_final_seed-420_sub-sampling-50000	cyanno	num-3	run0	3	CD3+	CD3+	64889	3440	6955	1099209	0.9031930293413507	0.0031197597784970556	0.0968069706586493	0.9968802402215029
dataset_name-FR-FCM-Z2KP_healthy_final_seed-420_sub-sampling-50000	cyanno	num-3	run0	4	CD4	CD4	604835	1701	589	567368	0.9990271280953513	0.0029890927110772154	9.728719046486429e-4	0.9970109072889228
dataset_name-FR-FCM-Z2KP_healthy_final_seed-420_sub-sampling-50000	cyanno	num-3	run0	5	CD8	CD8	198498	5202	3054	967739	0.9848475827577995	0.005346675697704177	0.015152417242200523	0.9946533243022958
dataset_name-FR-FCM-Z2KP_healthy_final_seed-420_sub-sampling-50000	cyanno	num-4	run0	1	CD14 monocytes	CD14 monocytes	176981	106	52	1089235	0.9997062694525879	9.730653670430104e-5	2.9373054741206443e-4	0.9999026934632957
dataset_name-FR-FCM-Z2KP_healthy_final_seed-420_sub-sampling-50000	cyanno	num-4	run0	2	CD19	CD19	172889	494	224	1092767	0.9987060474949888	4.5185916263362546e-4	0.0012939525050111777	0.9995481408373664
dataset_name-FR-FCM-Z2KP_healthy_final_seed-420_sub-sampling-50000	cyanno	num-4	run0	3	CD3+	CD3+	57026	2871	8390	1198087	0.871743915861563	0.002390591511110297	0.1282560841384371	0.9976094084888897
dataset_name-FR-FCM-Z2KP_healthy_final_seed-420_sub-sampling-50000	cyanno	num-4	run0	4	CD4	CD4	668459	1704	1504	594707	0.9977550999085024	0.002857090160979593	0.00224490009149759	0.9971429098390204
dataset_name-FR-FCM-Z2KP_healthy_final_seed-420_sub-sampling-50000	cyanno	num-4	run0	5	CD8	CD8	179199	6645	1650	1078880	0.9908763664714763	0.006121461965408443	0.009123633528523797	0.9938785380345916
dataset_name-FR-FCM-Z2KP_healthy_final_seed-420_sub-sampling-50000	cyanno	num-5	run0	1	CD14 monocytes	CD14 monocytes	154256	58	38	1076881	0.9997537169300167	5.3856346552590255e-5	2.462830699832787e-4	0.9999461436534474
dataset_name-FR-FCM-Z2KP_healthy_final_seed-420_sub-sampling-50000	cyanno	num-5	run0	2	CD19	CD19	159349	345	90	1071449	0.9994355207947867	3.21890213977686e-4	5.644792052132791e-4	0.9996781097860223
dataset_name-FR-FCM-Z2KP_healthy_final_seed-420_sub-sampling-50000	cyanno	num-5	run0	3	CD3+	CD3+	64406	3778	9198	1153851	0.8750339655453508	0.003263567170483808	0.12496603445464921	0.9967364328295162
dataset_name-FR-FCM-Z2KP_healthy_final_seed-420_sub-sampling-50000	cyanno	num-5	run0	4	CD4	CD4	659927	2141	1314	567851	0.9980128273957604	0.0037561930693764123	0.001987172604239604	0.9962438069306235
dataset_name-FR-FCM-Z2KP_healthy_final_seed-420_sub-sampling-50000	cyanno	num-5	run0	5	CD8	CD8	179980	6993	2675	1041585	0.9853549040540911	0.006669031774460269	0.014645095945908954	0.9933309682255397
dataset_name-FR-FCM-Z2KP_healthy_final_seed-420_sub-sampling-50000	cygate	num-1	run0	1	CD14 monocytes	CD14 monocytes	199822	1840	1441	1143596	0.992840214048285	0.0016063752143288669	0.0071597859517149205	0.9983936247856712
dataset_name-FR-FCM-Z2KP_healthy_final_seed-420_sub-sampling-50000	cygate	num-1	run0	2	CD19	CD19	174446	1291	537	1170425	0.9969311304526726	0.001101802825940757	0.0030688695473274547	0.9988981971740593
dataset_name-FR-FCM-Z2KP_healthy_final_seed-420_sub-sampling-50000	cygate	num-1	run0	3	CD3+	CD3+	46671	25347	38026	1236655	0.5510348654615866	0.020084754223844335	0.4489651345384134	0.9799152457761556
dataset_name-FR-FCM-Z2KP_healthy_final_seed-420_sub-sampling-50000	cygate	num-1	run0	4	CD4	CD4	671618	27190	14782	633109	0.9784644522144522	0.04117831467259529	0.021535547785547785	0.9588216853274047
dataset_name-FR-FCM-Z2KP_healthy_final_seed-420_sub-sampling-50000	cygate	num-1	run0	5	CD8	CD8	182614	9076	16742	1138267	0.916019583057445	0.00791045049300863	0.08398041694255502	0.9920895495069914
dataset_name-FR-FCM-Z2KP_healthy_final_seed-420_sub-sampling-50000	cygate	num-2	run0	1	CD14 monocytes	CD14 monocytes	209032	4676	1569	1059084	0.9925498929254847	0.0043957283597804014	0.007450107074515316	0.9956042716402196
dataset_name-FR-FCM-Z2KP_healthy_final_seed-420_sub-sampling-50000	cygate	num-2	run0	2	CD19	CD19	173325	598	1789	1098649	0.9897837979830282	5.440087623618713e-4	0.010216202016971801	0.9994559912376382
dataset_name-FR-FCM-Z2KP_healthy_final_seed-420_sub-sampling-50000	cygate	num-2	run0	3	CD3+	CD3+	39153	92855	43728	1098625	0.4724001882216672	0.07793248732668615	0.5275998117783328	0.9220675126733139
dataset_name-FR-FCM-Z2KP_healthy_final_seed-420_sub-sampling-50000	cygate	num-2	run0	4	CD4	CD4	577113	22586	30460	644202	0.9498661066242245	0.03387283514400379	0.050133893375775423	0.9661271648559963
dataset_name-FR-FCM-Z2KP_healthy_final_seed-420_sub-sampling-50000	cygate	num-2	run0	5	CD8	CD8	89398	1	108794	1076168	0.45106765157019457	9.292220831486505e-7	0.5489323484298054	0.9999990707779168
dataset_name-FR-FCM-Z2KP_healthy_final_seed-420_sub-sampling-50000	cygate	num-3	run0	1	CD14 monocytes	CD14 monocytes	161968	2002	4843	1005680	0.9709671424546343	0.0019867378796088447	0.029032857545365713	0.9980132621203912
dataset_name-FR-FCM-Z2KP_healthy_final_seed-420_sub-sampling-50000	cygate	num-3	run0	2	CD19	CD19	128732	3377	130	1042254	0.998991168847294	0.0032296288078681678	0.0010088311527059956	0.9967703711921319
dataset_name-FR-FCM-Z2KP_healthy_final_seed-420_sub-sampling-50000	cygate	num-3	run0	3	CD3+	CD3+	16827	28919	55017	1073730	0.23421580090195424	0.026226840998359407	0.7657841990980457	0.9737731590016406
dataset_name-FR-FCM-Z2KP_healthy_final_seed-420_sub-sampling-50000	cygate	num-3	run0	4	CD4	CD4	580853	20422	24571	548647	0.9594152197468221	0.035886685094426156	0.04058478025317794	0.9641133149055738
dataset_name-FR-FCM-Z2KP_healthy_final_seed-420_sub-sampling-50000	cygate	num-3	run0	5	CD8	CD8	159044	13034	42508	959907	0.7890966103040407	0.013396495779291858	0.21090338969595934	0.9866035042207082
dataset_name-FR-FCM-Z2KP_healthy_final_seed-420_sub-sampling-50000	cygate	num-4	run0	1	CD14 monocytes	CD14 monocytes	173473	2077	3560	1087264	0.9798907548310202	0.0019066573276871062	0.020109245168979793	0.9980933426723129
dataset_name-FR-FCM-Z2KP_healthy_final_seed-420_sub-sampling-50000	cygate	num-4	run0	2	CD19	CD19	173062	4145	51	1089116	0.9997053947421626	0.003791409370680926	2.9460525783736634e-4	0.9962085906293191
dataset_name-FR-FCM-Z2KP_healthy_final_seed-420_sub-sampling-50000	cygate	num-4	run0	3	CD3+	CD3+	36926	13229	28490	1187729	0.5644796380090498	0.01101537272743926	0.43552036199095023	0.9889846272725608
dataset_name-FR-FCM-Z2KP_healthy_final_seed-420_sub-sampling-50000	cygate	num-4	run0	4	CD4	CD4	654390	5819	15573	590592	0.9767554327627048	0.009756694628368692	0.023244567237295195	0.9902433053716313
dataset_name-FR-FCM-Z2KP_healthy_final_seed-420_sub-sampling-50000	cygate	num-4	run0	5	CD8	CD8	178228	19204	2621	1066321	0.9855072463768116	0.01769097901936851	0.014492753623188406	0.9823090209806314
dataset_name-FR-FCM-Z2KP_healthy_final_seed-420_sub-sampling-50000	cygate	num-5	run0	1	CD14 monocytes	CD14 monocytes	148717	3150	5577	1073789	0.9638547189132436	0.0029249567524251606	0.03614528108675645	0.9970750432475748
dataset_name-FR-FCM-Z2KP_healthy_final_seed-420_sub-sampling-50000	cygate	num-5	run0	2	CD19	CD19	159247	3783	192	1068011	0.998795777695545	0.0035295961723988004	0.0012042223044549953	0.9964704038276012
dataset_name-FR-FCM-Z2KP_healthy_final_seed-420_sub-sampling-50000	cygate	num-5	run0	3	CD3+	CD3+	35633	85955	37971	1071674	0.4841177109939677	0.07425090421888186	0.5158822890060323	0.9257490957811181
dataset_name-FR-FCM-Z2KP_healthy_final_seed-420_sub-sampling-50000	cygate	num-5	run0	4	CD4	CD4	633070	19364	28171	550628	0.9573967736422878	0.033972406630268494	0.04260322635771224	0.9660275933697315
dataset_name-FR-FCM-Z2KP_healthy_final_seed-420_sub-sampling-50000	cygate	num-5	run0	5	CD8	CD8	81935	0	100720	1048578	0.4485779201226356	0	0.5514220798773645	1
dataset_name-FR-FCM-Z2KP_healthy_final_seed-420_sub-sampling-50000	dgcytof	num-1	run0	1	CD14 monocytes	CD14 monocytes	196781	1703	4482	1143733	0.9777306310648256	0.0014867701032619893	0.022269368935174373	0.998513229896738
dataset_name-FR-FCM-Z2KP_healthy_final_seed-420_sub-sampling-50000	dgcytof	num-1	run0	2	CD19	CD19	173107	4540	1876	1167176	0.9892789585273998	0.0038746590470728403	0.010721041472600196	0.9961253409529272
dataset_name-FR-FCM-Z2KP_healthy_final_seed-420_sub-sampling-50000	dgcytof	num-1	run0	3	CD3+	CD3+	26491	23784	58206	1238218	0.3127737700272737	0.01884624588550573	0.6872262299727263	0.9811537541144942
dataset_name-FR-FCM-Z2KP_healthy_final_seed-420_sub-sampling-50000	dgcytof	num-1	run0	4	CD4	CD4	673002	16687	13398	643612	0.9804807692307692	0.025271884403883695	0.019519230769230768	0.9747281155961163
dataset_name-FR-FCM-Z2KP_healthy_final_seed-420_sub-sampling-50000	dgcytof	num-1	run0	5	CD8	CD8	185592	45012	13764	1102331	0.9309576837416481	0.039231511413762056	0.06904231625835189	0.960768488586238
dataset_name-FR-FCM-Z2KP_healthy_final_seed-420_sub-sampling-50000	dgcytof	num-2	run0	1	CD14 monocytes	CD14 monocytes	207383	2175	3218	1061585	0.9847199206081643	0.002044634127998797	0.015280079391835746	0.9979553658720012
dataset_name-FR-FCM-Z2KP_healthy_final_seed-420_sub-sampling-50000	dgcytof	num-2	run0	2	CD19	CD19	174540	21781	574	1077466	0.9967221352947223	0.019814472998334314	0.003277864705277705	0.9801855270016657
dataset_name-FR-FCM-Z2KP_healthy_final_seed-420_sub-sampling-50000	dgcytof	num-2	run0	3	CD3+	CD3+	11233	14654	71648	1176826	0.13553166588240972	0.012298989492060295	0.8644683341175903	0.9877010105079397
dataset_name-FR-FCM-Z2KP_healthy_final_seed-420_sub-sampling-50000	dgcytof	num-2	run0	4	CD4	CD4	582446	17097	25127	649691	0.9586436526968776	0.025640833368326964	0.041356347303122425	0.974359166631673
dataset_name-FR-FCM-Z2KP_healthy_final_seed-420_sub-sampling-50000	dgcytof	num-2	run0	5	CD8	CD8	188733	54319	9459	1021850	0.9522735529183822	0.05047441433455154	0.04772644708161782	0.9495255856654484
dataset_name-FR-FCM-Z2KP_healthy_final_seed-420_sub-sampling-50000	dgcytof	num-3	run0	1	CD14 monocytes	CD14 monocytes	164323	1202	2488	1006480	0.9850849164623436	0.0011928366290158998	0.014915083537656389	0.9988071633709841
dataset_name-FR-FCM-Z2KP_healthy_final_seed-420_sub-sampling-50000	dgcytof	num-3	run0	2	CD19	CD19	126617	1802	2245	1043829	0.982578262016731	0.0017233613004970204	0.017421737983268924	0.998276638699503
dataset_name-FR-FCM-Z2KP_healthy_final_seed-420_sub-sampling-50000	dgcytof	num-3	run0	3	CD3+	CD3+	17368	17572	54476	1085077	0.2417460052335616	0.01593616826388089	0.7582539947664384	0.9840638317361191
dataset_name-FR-FCM-Z2KP_healthy_final_seed-420_sub-sampling-50000	dgcytof	num-3	run0	4	CD4	CD4	597758	24642	7666	544427	0.9873377996247258	0.04330230604724559	0.012662200375274189	0.9566976939527544
dataset_name-FR-FCM-Z2KP_healthy_final_seed-420_sub-sampling-50000	dgcytof	num-3	run0	5	CD8	CD8	188806	34403	12746	938538	0.9367607366833373	0.035359800851233525	0.0632392633166627	0.9646401991487664
dataset_name-FR-FCM-Z2KP_healthy_final_seed-420_sub-sampling-50000	dgcytof	num-4	run0	1	CD14 monocytes	CD14 monocytes	163972	347	13061	1088994	0.9262227946202121	3.185412097772874e-4	0.07377720537978795	0.9996814587902227
dataset_name-FR-FCM-Z2KP_healthy_final_seed-420_sub-sampling-50000	dgcytof	num-4	run0	2	CD19	CD19	170430	3021	2683	1090240	0.9845014528082813	0.002763292571490248	0.015498547191718705	0.9972367074285098
dataset_name-FR-FCM-Z2KP_healthy_final_seed-420_sub-sampling-50000	dgcytof	num-4	run0	3	CD3+	CD3+	40254	80709	25162	1120249	0.61535404182463	0.06720384892727306	0.38464595817536995	0.932796151072727
dataset_name-FR-FCM-Z2KP_healthy_final_seed-420_sub-sampling-50000	dgcytof	num-4	run0	4	CD4	CD4	647936	21763	22027	574648	0.9671220649498554	0.03648993730833268	0.03287793505014456	0.9635100626916673
dataset_name-FR-FCM-Z2KP_healthy_final_seed-420_sub-sampling-50000	dgcytof	num-4	run0	5	CD8	CD8	120427	17515	60422	1068010	0.6658980696603244	0.0161350498606665	0.33410193033967567	0.9838649501393335
dataset_name-FR-FCM-Z2KP_healthy_final_seed-420_sub-sampling-50000	dgcytof	num-5	run0	1	CD14 monocytes	CD14 monocytes	144803	3501	9491	1073438	0.9384875627049658	0.00325088050483825	0.06151243729503415	0.9967491194951618
dataset_name-FR-FCM-Z2KP_healthy_final_seed-420_sub-sampling-50000	dgcytof	num-5	run0	2	CD19	CD19	156066	2036	3373	1069758	0.9788445737868401	0.001899618770024837	0.02115542621315989	0.9981003812299751
dataset_name-FR-FCM-Z2KP_healthy_final_seed-420_sub-sampling-50000	dgcytof	num-5	run0	3	CD3+	CD3+	12006	10309	61598	1147320	0.16311613499266345	0.008905271032429215	0.8368838650073366	0.9910947289675708
dataset_name-FR-FCM-Z2KP_healthy_final_seed-420_sub-sampling-50000	dgcytof	num-5	run0	4	CD4	CD4	648226	23758	13015	546234	0.9803173124473528	0.041681286754901826	0.01968268755264722	0.9583187132450982
dataset_name-FR-FCM-Z2KP_healthy_final_seed-420_sub-sampling-50000	dgcytof	num-5	run0	5	CD8	CD8	178168	52360	4487	996218	0.9754345624264323	0.04993429196492774	0.024565437573567654	0.9500657080350723
dataset_name-FR-FCM-Z2KP_healthy_final_seed-420_sub-sampling-50000	gatemeclass	num-1	run0	1	CD14 monocytes	CD14 monocytes	188356	15604	12907	1129832	0.9358699810695458	0.013622760241515021	0.06413001893045418	0.986377239758485
dataset_name-FR-FCM-Z2KP_healthy_final_seed-420_sub-sampling-50000	gatemeclass	num-1	run0	2	CD19	CD19	171449	12187	3534	1159529	0.9798037523645154	0.010400984538915574	0.02019624763548459	0.9895990154610844
dataset_name-FR-FCM-Z2KP_healthy_final_seed-420_sub-sampling-50000	gatemeclass	num-1	run0	3	CD3+	CD3+	0	0	84697	1262002	0	0	1	1
dataset_name-FR-FCM-Z2KP_healthy_final_seed-420_sub-sampling-50000	gatemeclass	num-1	run0	4	CD4	CD4	586253	168607	100147	491692	0.8540981934731935	0.25534947046716716	0.14590180652680654	0.7446505295328328
dataset_name-FR-FCM-Z2KP_healthy_final_seed-420_sub-sampling-50000	gatemeclass	num-1	run0	5	CD8	CD8	0	0	199356	1147343	0	0	1	1
dataset_name-FR-FCM-Z2KP_healthy_final_seed-420_sub-sampling-50000	gatemeclass	num-2	run0	1	CD14 monocytes	CD14 monocytes	18171	205	192430	1063555	0.08628164158764678	1.9271264194931187e-4	0.9137183584123533	0.9998072873580507
dataset_name-FR-FCM-Z2KP_healthy_final_seed-420_sub-sampling-50000	gatemeclass	num-2	run0	2	CD19	CD19	165681	3235	9433	1096012	0.9461322338590861	0.002942923655920826	0.05386776614091392	0.9970570763440791
dataset_name-FR-FCM-Z2KP_healthy_final_seed-420_sub-sampling-50000	gatemeclass	num-2	run0	3	CD3+	CD3+	16358	77314	66523	1114166	0.19736730975736297	0.06488904555678651	0.8026326902426371	0.9351109544432135
dataset_name-FR-FCM-Z2KP_healthy_final_seed-420_sub-sampling-50000	gatemeclass	num-2	run0	4	CD4	CD4	65073	32615	542500	634173	0.10710317937103854	0.04891359772521401	0.8928968206289615	0.951086402274786
dataset_name-FR-FCM-Z2KP_healthy_final_seed-420_sub-sampling-50000	gatemeclass	num-2	run0	5	CD8	CD8	163694	732015	34498	344154	0.8259364656494712	0.6802045031960594	0.1740635343505288	0.31979549680394065
dataset_name-FR-FCM-Z2KP_healthy_final_seed-420_sub-sampling-50000	gatemeclass	num-3	run0	1	CD14 monocytes	CD14 monocytes	164930	664868	1881	342814	0.98872376521932	0.6597994208490376	0.011276234780679932	0.3402005791509623
dataset_name-FR-FCM-Z2KP_healthy_final_seed-420_sub-sampling-50000	gatemeclass	num-3	run0	2	CD19	CD19	117749	4625	11113	1041006	0.9137604569229097	0.004423166489899401	0.08623954307709022	0.9955768335101006
dataset_name-FR-FCM-Z2KP_healthy_final_seed-420_sub-sampling-50000	gatemeclass	num-3	run0	3	CD3+	CD3+	11049	211106	60795	891543	0.15379154835476866	0.1914534906393603	0.8462084516452313	0.8085465093606397
dataset_name-FR-FCM-Z2KP_healthy_final_seed-420_sub-sampling-50000	gatemeclass	num-3	run0	4	CD4	CD4	0	0	605424	569069	0	0	1	1
dataset_name-FR-FCM-Z2KP_healthy_final_seed-420_sub-sampling-50000	gatemeclass	num-3	run0	5	CD8	CD8	0	0	201552	972941	0	0	1	1
dataset_name-FR-FCM-Z2KP_healthy_final_seed-420_sub-sampling-50000	gatemeclass	num-4	run0	1	CD14 monocytes	CD14 monocytes	154673	3227	22360	1086114	0.8736958646128123	0.0029623414523092403	0.1263041353871877	0.9970376585476908
dataset_name-FR-FCM-Z2KP_healthy_final_seed-420_sub-sampling-50000	gatemeclass	num-4	run0	2	CD19	CD19	165287	4084	7826	1089177	0.954792534356172	0.0037356129963476243	0.04520746564382802	0.9962643870036524
dataset_name-FR-FCM-Z2KP_healthy_final_seed-420_sub-sampling-50000	gatemeclass	num-4	run0	3	CD3+	CD3+	17249	203108	48167	997850	0.2636816680934328	0.16912165121511327	0.7363183319065671	0.8308783487848868
dataset_name-FR-FCM-Z2KP_healthy_final_seed-420_sub-sampling-50000	gatemeclass	num-4	run0	4	CD4	CD4	534306	184390	135657	412021	0.7975156837019358	0.3091659945909784	0.2024843162980642	0.6908340054090216
dataset_name-FR-FCM-Z2KP_healthy_final_seed-420_sub-sampling-50000	gatemeclass	num-4	run0	5	CD8	CD8	13	37	180836	1085488	7.188317325503597e-5	3.4084889799866425e-5	0.999928116826745	0.9999659151102002
dataset_name-FR-FCM-Z2KP_healthy_final_seed-420_sub-sampling-50000	gatemeclass	num-5	run0	1	CD14 monocytes	CD14 monocytes	133712	3166	20582	1073773	0.8666053119369516	0.0029398136756120822	0.13339468806304847	0.9970601863243879
dataset_name-FR-FCM-Z2KP_healthy_final_seed-420_sub-sampling-50000	gatemeclass	num-5	run0	2	CD19	CD19	151371	2843	8068	1068951	0.949397575248214	0.0026525619661987286	0.05060242475178595	0.9973474380338013
dataset_name-FR-FCM-Z2KP_healthy_final_seed-420_sub-sampling-50000	gatemeclass	num-5	run0	3	CD3+	CD3+	8265	22729	65339	1134900	0.11229009292973208	0.01963409693433734	0.8877099070702679	0.9803659030656626
dataset_name-FR-FCM-Z2KP_healthy_final_seed-420_sub-sampling-50000	gatemeclass	num-5	run0	4	CD4	CD4	549081	200642	112160	369350	0.8303795439181781	0.35200844924139285	0.1696204560818219	0.6479915507586071
dataset_name-FR-FCM-Z2KP_healthy_final_seed-420_sub-sampling-50000	gatemeclass	num-5	run0	5	CD8	CD8	44153	115271	138502	933307	0.24172894254195068	0.10993078245013724	0.7582710574580493	0.8900692175498628
dataset_name-FR-FCM-Z2KP_healthy_final_seed-420_sub-sampling-50000	knn	num-1	run0	1	CD14 monocytes	CD14 monocytes	184213	98329	17050	1047107	0.9152849753804723	0.08584416763572998	0.08471502461952768	0.91415583236427
dataset_name-FR-FCM-Z2KP_healthy_final_seed-420_sub-sampling-50000	knn	num-1	run0	2	CD19	CD19	87097	28766	87886	1142950	0.49774549527668405	0.02455031765376593	0.502254504723316	0.9754496823462341
dataset_name-FR-FCM-Z2KP_healthy_final_seed-420_sub-sampling-50000	knn	num-1	run0	3	CD3+	CD3+	27842	203866	56855	1058136	0.3287247482201259	0.1615417408213299	0.6712752517798741	0.8384582591786701
dataset_name-FR-FCM-Z2KP_healthy_final_seed-420_sub-sampling-50000	knn	num-1	run0	4	CD4	CD4	391395	83408	295005	576891	0.5702141608391609	0.126318531453175	0.4297858391608392	0.873681468546825
dataset_name-FR-FCM-Z2KP_healthy_final_seed-420_sub-sampling-50000	knn	num-1	run0	5	CD8	CD8	104433	137350	94923	1009993	0.5238518028050322	0.11971136791700476	0.4761481971949678	0.8802886320829952
dataset_name-FR-FCM-Z2KP_healthy_final_seed-420_sub-sampling-50000	knn	num-2	run0	1	CD14 monocytes	CD14 monocytes	191379	69548	19222	994212	0.908727878785001	0.06537940888922314	0.09127212121499897	0.9346205911107769
dataset_name-FR-FCM-Z2KP_healthy_final_seed-420_sub-sampling-50000	knn	num-2	run0	2	CD19	CD19	99915	122579	75199	976668	0.5705711707801775	0.11151178943403985	0.4294288292198225	0.8884882105659602
dataset_name-FR-FCM-Z2KP_healthy_final_seed-420_sub-sampling-50000	knn	num-2	run0	3	CD3+	CD3+	22637	147646	60244	1043834	0.2731265308092325	0.12391815221405311	0.7268734691907675	0.8760818477859469
dataset_name-FR-FCM-Z2KP_healthy_final_seed-420_sub-sampling-50000	knn	num-2	run0	4	CD4	CD4	373743	98141	233830	568647	0.6151408966494561	0.1471847123823464	0.3848591033505439	0.8528152876176536
dataset_name-FR-FCM-Z2KP_healthy_final_seed-420_sub-sampling-50000	knn	num-2	run0	5	CD8	CD8	99765	49008	98427	1027161	0.5033755146524582	0.04553931585094906	0.4966244853475418	0.9544606841490509
dataset_name-FR-FCM-Z2KP_healthy_final_seed-420_sub-sampling-50000	knn	num-3	run0	1	CD14 monocytes	CD14 monocytes	141362	35902	25449	971780	0.8474381185893016	0.03562830337348489	0.15256188141069835	0.9643716966265151
dataset_name-FR-FCM-Z2KP_healthy_final_seed-420_sub-sampling-50000	knn	num-3	run0	2	CD19	CD19	87000	157035	41862	888596	0.675140848349397	0.15018204318731943	0.324859151650603	0.8498179568126806
dataset_name-FR-FCM-Z2KP_healthy_final_seed-420_sub-sampling-50000	knn	num-3	run0	3	CD3+	CD3+	19868	107702	51976	994947	0.2765436222927454	0.09767568827432846	0.7234563777072546	0.9023243117256715
dataset_name-FR-FCM-Z2KP_healthy_final_seed-420_sub-sampling-50000	knn	num-3	run0	4	CD4	CD4	402012	104218	203412	464851	0.6640172837548561	0.1831377214362406	0.3359827162451439	0.8168622785637594
dataset_name-FR-FCM-Z2KP_healthy_final_seed-420_sub-sampling-50000	knn	num-3	run0	5	CD8	CD8	82191	37203	119361	935738	0.40779054536794473	0.03823767319909429	0.5922094546320552	0.9617623268009057
dataset_name-FR-FCM-Z2KP_healthy_final_seed-420_sub-sampling-50000	knn	num-4	run0	1	CD14 monocytes	CD14 monocytes	143010	10158	34023	1079183	0.8078154920269103	0.009324903772097074	0.19218450797308975	0.990675096227903
dataset_name-FR-FCM-Z2KP_healthy_final_seed-420_sub-sampling-50000	knn	num-4	run0	2	CD19	CD19	117514	189271	55599	903990	0.678828279794123	0.17312517322030146	0.3211717202058771	0.8268748267796985
dataset_name-FR-FCM-Z2KP_healthy_final_seed-420_sub-sampling-50000	knn	num-4	run0	3	CD3+	CD3+	19742	213321	45674	987637	0.30179161061514004	0.17762569548643667	0.69820838938486	0.8223743045135633
dataset_name-FR-FCM-Z2KP_healthy_final_seed-420_sub-sampling-50000	knn	num-4	run0	4	CD4	CD4	336081	73871	333882	522540	0.5016411354059851	0.1238592178883354	0.4983588645940149	0.8761407821116646
dataset_name-FR-FCM-Z2KP_healthy_final_seed-420_sub-sampling-50000	knn	num-4	run0	5	CD8	CD8	91621	71785	89228	1013740	0.5066160166768962	0.06612929227793003	0.4933839833231038	0.9338707077220699
dataset_name-FR-FCM-Z2KP_healthy_final_seed-420_sub-sampling-50000	knn	num-5	run0	1	CD14 monocytes	CD14 monocytes	115314	8867	38980	1068072	0.7473654192645209	0.008233521118652031	0.252634580735479	0.991766478881348
dataset_name-FR-FCM-Z2KP_healthy_final_seed-420_sub-sampling-50000	knn	num-5	run0	2	CD19	CD19	85217	134764	74222	937030	0.5344802714517778	0.125736848685475	0.4655197285482222	0.874263151314525
dataset_name-FR-FCM-Z2KP_healthy_final_seed-420_sub-sampling-50000	knn	num-5	run0	3	CD3+	CD3+	21878	174118	51726	983511	0.2972392804738873	0.15040915526476964	0.7027607195261127	0.8495908447352304
dataset_name-FR-FCM-Z2KP_healthy_final_seed-420_sub-sampling-50000	knn	num-5	run0	4	CD4	CD4	392400	115728	268841	454264	0.5934296270194982	0.20303442855338322	0.4065703729805018	0.7969655714466168
dataset_name-FR-FCM-Z2KP_healthy_final_seed-420_sub-sampling-50000	knn	num-5	run0	5	CD8	CD8	99060	83887	83595	964691	0.5423339081875668	0.08000072479109804	0.4576660918124333	0.919999275208902
dataset_name-FR-FCM-Z2KP_healthy_final_seed-420_sub-sampling-50000	lda	num-1	run0	1	CD14 monocytes	CD14 monocytes	197079	2251	4184	1143185	0.979211280761988	0.0019651905475294995	0.020788719238011955	0.9980348094524705
dataset_name-FR-FCM-Z2KP_healthy_final_seed-420_sub-sampling-50000	lda	num-1	run0	2	CD19	CD19	173448	3687	1535	1168029	0.9912277192641571	0.003146666939770388	0.008772280735842911	0.9968533330602296
dataset_name-FR-FCM-Z2KP_healthy_final_seed-420_sub-sampling-50000	lda	num-1	run0	3	CD3+	CD3+	31300	36035	53397	1225967	0.36955264058939513	0.028553837474108598	0.6304473594106048	0.9714461625258914
dataset_name-FR-FCM-Z2KP_healthy_final_seed-420_sub-sampling-50000	lda	num-1	run0	4	CD4	CD4	656977	8748	29423	651551	0.957134324009324	0.013248543462885754	0.04286567599067599	0.9867514565371143
dataset_name-FR-FCM-Z2KP_healthy_final_seed-420_sub-sampling-50000	lda	num-1	run0	5	CD8	CD8	162507	30176	36849	1117167	0.8151598146030218	0.026300766205049404	0.18484018539697827	0.9736992337949506
dataset_name-FR-FCM-Z2KP_healthy_final_seed-420_sub-sampling-50000	lda	num-2	run0	1	CD14 monocytes	CD14 monocytes	200852	1409	9749	1062351	0.9537086718486617	0.001324546890276002	0.04629132815133831	0.9986754531097239
dataset_name-FR-FCM-Z2KP_healthy_final_seed-420_sub-sampling-50000	lda	num-2	run0	2	CD19	CD19	171236	5172	3878	1094075	0.9778544262594653	0.004705038994875583	0.022145573740534736	0.9952949610051244
dataset_name-FR-FCM-Z2KP_healthy_final_seed-420_sub-sampling-50000	lda	num-2	run0	3	CD3+	CD3+	21646	28234	61235	1163246	0.2611696287448269	0.023696579044549637	0.738830371255173	0.9763034209554504
dataset_name-FR-FCM-Z2KP_healthy_final_seed-420_sub-sampling-50000	lda	num-2	run0	4	CD4	CD4	591175	44327	16398	622461	0.9730106505720301	0.06647840093103055	0.02698934942796997	0.9335215990689695
dataset_name-FR-FCM-Z2KP_healthy_final_seed-420_sub-sampling-50000	lda	num-2	run0	5	CD8	CD8	118926	17021	79266	1059148	0.6000544926132235	0.015816289077273178	0.3999455073867765	0.9841837109227268
dataset_name-FR-FCM-Z2KP_healthy_final_seed-420_sub-sampling-50000	lda	num-3	run0	1	CD14 monocytes	CD14 monocytes	151639	1020	15172	1006662	0.9090467655010761	0.001012224094506005	0.09095323449892394	0.998987775905494
dataset_name-FR-FCM-Z2KP_healthy_final_seed-420_sub-sampling-50000	lda	num-3	run0	2	CD19	CD19	124168	1693	4694	1043938	0.9635734351476773	0.0016191180253837156	0.03642656485232264	0.9983808819746163
dataset_name-FR-FCM-Z2KP_healthy_final_seed-420_sub-sampling-50000	lda	num-3	run0	3	CD3+	CD3+	21725	32455	50119	1070194	0.3023912922443071	0.029433663840442426	0.6976087077556928	0.9705663361595576
dataset_name-FR-FCM-Z2KP_healthy_final_seed-420_sub-sampling-50000	lda	num-3	run0	4	CD4	CD4	596601	49096	8823	519973	0.9854267422500594	0.08627424793829923	0.014573257749940538	0.9137257520617008
dataset_name-FR-FCM-Z2KP_healthy_final_seed-420_sub-sampling-50000	lda	num-3	run0	5	CD8	CD8	116303	10441	85249	962500	0.5770371913947765	0.010731380422862228	0.42296280860522345	0.9892686195771377
dataset_name-FR-FCM-Z2KP_healthy_final_seed-420_sub-sampling-50000	lda	num-4	run0	1	CD14 monocytes	CD14 monocytes	128835	472	48198	1088869	0.7277456745352562	4.332894841927367e-4	0.2722543254647439	0.9995667105158073
dataset_name-FR-FCM-Z2KP_healthy_final_seed-420_sub-sampling-50000	lda	num-4	run0	2	CD19	CD19	160188	4042	12925	1089219	0.9253377851461184	0.003697195820577154	0.07466221485388157	0.9963028041794229
dataset_name-FR-FCM-Z2KP_healthy_final_seed-420_sub-sampling-50000	lda	num-4	run0	3	CD3+	CD3+	14519	14259	50897	1186699	0.2219487587134646	0.011873021371271934	0.7780512412865354	0.9881269786287281
dataset_name-FR-FCM-Z2KP_healthy_final_seed-420_sub-sampling-50000	lda	num-4	run0	4	CD4	CD4	656049	98762	13914	497649	0.9792316889141639	0.1655938606095461	0.020768311085836082	0.8344061393904539
dataset_name-FR-FCM-Z2KP_healthy_final_seed-420_sub-sampling-50000	lda	num-4	run0	5	CD8	CD8	123885	18682	56964	1066843	0.6850189937461639	0.01721010570921904	0.31498100625383607	0.982789894290781
dataset_name-FR-FCM-Z2KP_healthy_final_seed-420_sub-sampling-50000	lda	num-5	run0	1	CD14 monocytes	CD14 monocytes	110730	345	43564	1076594	0.7176559036644329	3.203524062179938e-4	0.2823440963355672	0.999679647593782
dataset_name-FR-FCM-Z2KP_healthy_final_seed-420_sub-sampling-50000	lda	num-5	run0	2	CD19	CD19	141108	2223	18331	1069571	0.8850281298803931	0.0020740925961518723	0.11497187011960687	0.9979259074038481
dataset_name-FR-FCM-Z2KP_healthy_final_seed-420_sub-sampling-50000	lda	num-5	run0	3	CD3+	CD3+	13999	11681	59605	1145948	0.19019346774631812	0.010090452122398454	0.8098065322536818	0.9899095478776015
dataset_name-FR-FCM-Z2KP_healthy_final_seed-420_sub-sampling-50000	lda	num-5	run0	4	CD4	CD4	652449	97395	8792	472597	0.986703788785027	0.17087081923956826	0.013296211214973059	0.8291291807604317
dataset_name-FR-FCM-Z2KP_healthy_final_seed-420_sub-sampling-50000	lda	num-5	run0	5	CD8	CD8	125106	19231	57549	1029347	0.6849306068818264	0.018340075797890095	0.3150693931181736	0.9816599242021099
dataset_name-FR-FCM-Z2KP_healthy_final_seed-420_sub-sampling-50000	random	num-1	run0	1	CD14 monocytes	CD14 monocytes	33548	191442	167715	953994	0.1666873692631035	0.16713461075084074	0.8333126307368965	0.8328653892491593
dataset_name-FR-FCM-Z2KP_healthy_final_seed-420_sub-sampling-50000	random	num-1	run0	2	CD19	CD19	29098	194793	145885	976923	0.16629043964270815	0.16624591624591625	0.8337095603572918	0.8337540837540838
dataset_name-FR-FCM-Z2KP_healthy_final_seed-420_sub-sampling-50000	random	num-1	run0	3	CD3+	CD3+	14069	210213	70628	1051789	0.16610977956716294	0.1665710513929455	0.833890220432837	0.8334289486070545
dataset_name-FR-FCM-Z2KP_healthy_final_seed-420_sub-sampling-50000	random	num-1	run0	4	CD4	CD4	114613	110555	571787	549744	0.16697698135198136	0.16743172411286403	0.8330230186480186	0.832568275887136
dataset_name-FR-FCM-Z2KP_healthy_final_seed-420_sub-sampling-50000	random	num-1	run0	5	CD8	CD8	33104	190862	166252	956481	0.16605469612151127	0.16635130035220505	0.8339453038784888	0.833648699647795
dataset_name-FR-FCM-Z2KP_healthy_final_seed-420_sub-sampling-50000	random	num-2	run0	1	CD14 monocytes	CD14 monocytes	34846	177517	175755	886243	0.1654598031348379	0.1668769271264195	0.8345401968651621	0.8331230728735806
dataset_name-FR-FCM-Z2KP_healthy_final_seed-420_sub-sampling-50000	random	num-2	run0	2	CD19	CD19	29437	182792	145677	916455	0.1681019221764108	0.16628837740744346	0.8318980778235892	0.8337116225925565
dataset_name-FR-FCM-Z2KP_healthy_final_seed-420_sub-sampling-50000	random	num-2	run0	3	CD3+	CD3+	13663	198498	69218	992982	0.1648508101977534	0.1665978446973512	0.8351491898022466	0.8334021553026488
dataset_name-FR-FCM-Z2KP_healthy_final_seed-420_sub-sampling-50000	random	num-2	run0	4	CD4	CD4	101376	111595	506197	555193	0.16685402412549602	0.1673620401087002	0.833145975874504	0.8326379598912997
dataset_name-FR-FCM-Z2KP_healthy_final_seed-420_sub-sampling-50000	random	num-2	run0	5	CD8	CD8	32961	179827	165231	896342	0.16630842819084524	0.16709921954637236	0.8336915718091548	0.8329007804536276
dataset_name-FR-FCM-Z2KP_healthy_final_seed-420_sub-sampling-50000	random	num-3	run0	1	CD14 monocytes	CD14 monocytes	27600	167909	139211	839773	0.16545671448525576	0.1666289563572635	0.8345432855147442	0.8333710436427365
dataset_name-FR-FCM-Z2KP_healthy_final_seed-420_sub-sampling-50000	random	num-3	run0	2	CD19	CD19	21461	173662	107401	871969	0.16654250283248748	0.16608344626354804	0.8334574971675125	0.833916553736452
dataset_name-FR-FCM-Z2KP_healthy_final_seed-420_sub-sampling-50000	random	num-3	run0	3	CD3+	CD3+	12010	183774	59834	918875	0.16716775235231893	0.16666591091090638	0.832832247647681	0.8333340890890937
dataset_name-FR-FCM-Z2KP_healthy_final_seed-420_sub-sampling-50000	random	num-3	run0	4	CD4	CD4	101566	94987	503858	474082	0.16776011522503237	0.1669164899159856	0.8322398847749676	0.8330835100840144
dataset_name-FR-FCM-Z2KP_healthy_final_seed-420_sub-sampling-50000	random	num-3	run0	5	CD8	CD8	33428	162104	168124	810837	0.16585298086846073	0.16661236395629334	0.8341470191315392	0.8333876360437067
dataset_name-FR-FCM-Z2KP_healthy_final_seed-420_sub-sampling-50000	random	num-4	run0	1	CD14 monocytes	CD14 monocytes	29323	182428	147710	906913	0.1656357854185378	0.16746638564049274	0.8343642145814623	0.8325336143595072
dataset_name-FR-FCM-Z2KP_healthy_final_seed-420_sub-sampling-50000	random	num-4	run0	2	CD19	CD19	28489	182410	144624	910851	0.16456880765742607	0.1668494531497968	0.8354311923425739	0.8331505468502032
dataset_name-FR-FCM-Z2KP_healthy_final_seed-420_sub-sampling-50000	random	num-4	run0	3	CD3+	CD3+	11020	199949	54396	1001009	0.16846031551913904	0.1664912511511643	0.8315396844808609	0.8335087488488356
dataset_name-FR-FCM-Z2KP_healthy_final_seed-420_sub-sampling-50000	random	num-4	run0	4	CD4	CD4	111538	98921	558425	497490	0.16648382074830997	0.16586045529006005	0.83351617925169	0.83413954470994
dataset_name-FR-FCM-Z2KP_healthy_final_seed-420_sub-sampling-50000	random	num-4	run0	5	CD8	CD8	29991	181584	150858	903941	0.165834480699368	0.1672775845788904	0.834165519300632	0.8327224154211096
dataset_name-FR-FCM-Z2KP_healthy_final_seed-420_sub-sampling-50000	random	num-5	run0	1	CD14 monocytes	CD14 monocytes	25901	179138	128393	897801	0.16786783672728686	0.16633996911617094	0.8321321632727131	0.8336600308838291
dataset_name-FR-FCM-Z2KP_healthy_final_seed-420_sub-sampling-50000	random	num-5	run0	2	CD19	CD19	26783	177927	132656	893867	0.16798273948030282	0.16600858000697896	0.8320172605196972	0.8339914199930211
dataset_name-FR-FCM-Z2KP_healthy_final_seed-420_sub-sampling-50000	random	num-5	run0	3	CD3+	CD3+	12246	192822	61358	964807	0.16637682734633988	0.16656631787904416	0.8336231726536601	0.8334336821209558
dataset_name-FR-FCM-Z2KP_healthy_final_seed-420_sub-sampling-50000	random	num-5	run0	4	CD4	CD4	110782	95063	550459	474929	0.1675364957708309	0.16677953374784207	0.832463504229169	0.833220466252158
dataset_name-FR-FCM-Z2KP_healthy_final_seed-420_sub-sampling-50000	random	num-5	run0	5	CD8	CD8	30623	175094	152032	873484	0.1676548684678766	0.1669823322633128	0.8323451315321234	0.8330176677366872
dataset_name-FR-FCM-Z2KP_virus_final_seed-42	cyanno	num-1	run0	1	CD14 monocytes	CD14 monocytes	915197	283	201	2400180	0.9997804233786833	1.178939229640282e-4	2.195766213166295e-4	0.999882106077036
dataset_name-FR-FCM-Z2KP_virus_final_seed-42	cyanno	num-1	run0	2	CD19	CD19	409745	210	543	2905363	0.9986765394064657	7.227490068224064e-5	0.001323460593534298	0.9999277250993177
dataset_name-FR-FCM-Z2KP_virus_final_seed-42	cyanno	num-1	run0	3	CD3+	CD3+	143485	16576	4627	3151173	0.968760127471103	0.005232737821083678	0.03123987252889705	0.9947672621789163
dataset_name-FR-FCM-Z2KP_virus_final_seed-42	cyanno	num-1	run0	4	CD4	CD4	1496468	3175	579	1815639	0.9996132385957154	0.0017456430399150214	3.8676140428456823e-4	0.998254356960085
dataset_name-FR-FCM-Z2KP_virus_final_seed-42	cyanno	num-1	run0	5	CD8	CD8	329087	1635	15929	2969210	0.9538311266723862	5.503484698797817e-4	0.04616887332761379	0.9994496515301202
dataset_name-FR-FCM-Z2KP_virus_final_seed-42	cyanno	num-2	run0	1	CD14 monocytes	CD14 monocytes	850227	699	84	2639504	0.9999012126151491	2.6475236942007866e-4	9.878738485095453e-5	0.99973524763058
dataset_name-FR-FCM-Z2KP_virus_final_seed-42	cyanno	num-2	run0	2	CD19	CD19	409562	250	605	3080097	0.9985249910402348	8.115968752871023e-5	0.001475008959765169	0.9999188403124712
dataset_name-FR-FCM-Z2KP_virus_final_seed-42	cyanno	num-2	run0	3	CD3+	CD3+	165696	13638	19091	3292089	0.8966864552160054	0.0041255675377912335	0.10331354478399454	0.9958744324622087
dataset_name-FR-FCM-Z2KP_virus_final_seed-42	cyanno	num-2	run0	4	CD4	CD4	1674793	5410	6032	1804279	0.9964112861243735	0.002989463935515992	0.0035887138756265525	0.997010536064484
dataset_name-FR-FCM-Z2KP_virus_final_seed-42	cyanno	num-2	run0	5	CD8	CD8	356498	13741	7926	3112349	0.978250609180515	0.004395586819317422	0.021749390819484994	0.9956044131806826
dataset_name-FR-FCM-Z2KP_virus_final_seed-42	cyanno	num-3	run0	1	CD14 monocytes	CD14 monocytes	901240	187	183	2488454	0.9997969876517462	7.514141252193467e-5	2.0301234825381646e-4	0.999924858587478
dataset_name-FR-FCM-Z2KP_virus_final_seed-42	cyanno	num-3	run0	2	CD19	CD19	405964	480	367	2983253	0.9990967954697033	1.6087230325233524e-4	9.032045302967285e-4	0.9998391276967477
dataset_name-FR-FCM-Z2KP_virus_final_seed-42	cyanno	num-3	run0	3	CD3+	CD3+	149856	2288	27554	3210366	0.8446874471563046	7.121837583505725e-4	0.15531255284369538	0.9992878162416494
dataset_name-FR-FCM-Z2KP_virus_final_seed-42	cyanno	num-3	run0	4	CD4	CD4	1568497	3234	1288	1817045	0.9991795054736795	0.0017766507222244502	8.204945263204834e-4	0.9982233492777756
dataset_name-FR-FCM-Z2KP_virus_final_seed-42	cyanno	num-3	run0	5	CD8	CD8	333983	24335	1132	3030614	0.9966220551154081	0.007965763094572118	0.0033779448845918567	0.9920342369054279
dataset_name-FR-FCM-Z2KP_virus_final_seed-42	cyanno	num-4	run0	1	CD14 monocytes	CD14 monocytes	891082	206	201	2532314	0.9997744824034566	8.134190450618357e-5	2.255175965434099e-4	0.9999186580954939
dataset_name-FR-FCM-Z2KP_virus_final_seed-42	cyanno	num-4	run0	2	CD19	CD19	389554	417	315	3033517	0.9991920362993724	1.374453102803159e-4	8.079637006276467e-4	0.9998625546897196
dataset_name-FR-FCM-Z2KP_virus_final_seed-42	cyanno	num-4	run0	3	CD3+	CD3+	155788	4549	13927	3249539	0.9179388975635624	0.0013979339218853331	0.08206110243643756	0.9986020660781146
dataset_name-FR-FCM-Z2KP_virus_final_seed-42	cyanno	num-4	run0	4	CD4	CD4	1628335	3552	847	1791069	0.999480107194899	0.0019792479860650243	5.198928051009647e-4	0.998020752013935
dataset_name-FR-FCM-Z2KP_virus_final_seed-42	cyanno	num-4	run0	5	CD8	CD8	339956	10364	3798	3069685	0.9889514012927849	0.0033648815327288624	0.011048598707215043	0.9966351184672712
dataset_name-FR-FCM-Z2KP_virus_final_seed-42	cyanno	num-5	run0	1	CD14 monocytes	CD14 monocytes	882973	474	58	2613374	0.9999343171417538	1.813418377809268e-4	6.568285824619973e-5	0.999818658162219
dataset_name-FR-FCM-Z2KP_virus_final_seed-42	cyanno	num-5	run0	2	CD19	CD19	418849	716	445	3076869	0.9989386921825736	2.3264995117925255e-4	0.0010613078174264358	0.9997673500488208
dataset_name-FR-FCM-Z2KP_virus_final_seed-42	cyanno	num-5	run0	3	CD3+	CD3+	167639	7027	14946	3307267	0.9181422351233672	0.0021202102167158375	0.08185776487663281	0.9978797897832842
dataset_name-FR-FCM-Z2KP_virus_final_seed-42	cyanno	num-5	run0	4	CD4	CD4	1656195	3413	2021	1835250	0.9987812202994061	0.0018562401049023122	0.0012187797005938912	0.9981437598950977
dataset_name-FR-FCM-Z2KP_virus_final_seed-42	cyanno	num-5	run0	5	CD8	CD8	348427	11166	5326	3131960	0.9849442972921785	0.0035525142803692882	0.015055702707821559	0.9964474857196307
dataset_name-FR-FCM-Z2KP_virus_final_seed-42	cygate	num-1	run0	1	CD14 monocytes	CD14 monocytes	906058	7513	9340	2392950	0.989796787845287	0.0031298128735998015	0.010203212154713032	0.9968701871264002
dataset_name-FR-FCM-Z2KP_virus_final_seed-42	cygate	num-1	run0	2	CD19	CD19	407605	7001	2683	2898572	0.9934606910267909	0.002409507522268413	0.006539308973209063	0.9975904924777316
dataset_name-FR-FCM-Z2KP_virus_final_seed-42	cygate	num-1	run0	3	CD3+	CD3+	121639	45145	26473	3122604	0.821263638327752	0.014251444795657736	0.17873636167224802	0.9857485552043422
dataset_name-FR-FCM-Z2KP_virus_final_seed-42	cygate	num-1	run0	4	CD4	CD4	1461361	9687	35686	1809127	0.9761624050547512	0.005325998150443091	0.02383759494524888	0.9946740018495569
dataset_name-FR-FCM-Z2KP_virus_final_seed-42	cygate	num-1	run0	5	CD8	CD8	324333	15935	20683	2954910	0.9400520555568438	0.005363793802773285	0.05994794444315626	0.9946362061972267
dataset_name-FR-FCM-Z2KP_virus_final_seed-42	cygate	num-2	run0	1	CD14 monocytes	CD14 monocytes	846877	6134	3434	2634069	0.9959614776240693	0.0023233062003186877	0.004038522375930689	0.9976766937996813
dataset_name-FR-FCM-Z2KP_virus_final_seed-42	cygate	num-2	run0	2	CD19	CD19	407925	9182	2242	3071165	0.9945339337391843	0.0029808330035544697	0.005466066260815717	0.9970191669964455
dataset_name-FR-FCM-Z2KP_virus_final_seed-42	cygate	num-2	run0	3	CD3+	CD3+	4262	7071	180525	3298656	0.02306439305795321	0.0021390151092331583	0.9769356069420468	0.9978609848907668
dataset_name-FR-FCM-Z2KP_virus_final_seed-42	cygate	num-2	run0	4	CD4	CD4	1607354	27626	73471	1782063	0.95628872726191	0.015265606410825286	0.043711272738089925	0.9847343935891747
dataset_name-FR-FCM-Z2KP_virus_final_seed-42	cygate	num-2	run0	5	CD8	CD8	352776	119830	11648	3006260	0.968037231356881	0.03833222971827427	0.031962768643119005	0.9616677702817258
dataset_name-FR-FCM-Z2KP_virus_final_seed-42	cygate	num-3	run0	1	CD14 monocytes	CD14 monocytes	889284	9885	12139	2478756	0.9865335142324968	0.00397204739454184	0.013466485767503159	0.9960279526054582
dataset_name-FR-FCM-Z2KP_virus_final_seed-42	cygate	num-3	run0	2	CD19	CD19	400661	5553	5670	2978180	0.9860458591640805	0.0018610914582504535	0.013954140835919485	0.9981389085417496
dataset_name-FR-FCM-Z2KP_virus_final_seed-42	cygate	num-3	run0	3	CD3+	CD3+	4606	9236	172804	3203418	0.0259624598387915	0.0028748816399151605	0.9740375401612085	0.9971251183600849
dataset_name-FR-FCM-Z2KP_virus_final_seed-42	cygate	num-3	run0	4	CD4	CD4	1476698	21842	93087	1798437	0.9407007966059047	0.011999259454182573	0.05929920339409537	0.9880007405458174
dataset_name-FR-FCM-Z2KP_virus_final_seed-42	cygate	num-3	run0	5	CD8	CD8	322138	114804	12977	2940145	0.9612759798875014	0.0375796780895524	0.038724020112498696	0.9624203219104476
dataset_name-FR-FCM-Z2KP_virus_final_seed-42	cygate	num-4	run0	1	CD14 monocytes	CD14 monocytes	885352	7419	5931	2525101	0.993345547934831	0.0029294931530649314	0.006654452065168975	0.9970705068469351
dataset_name-FR-FCM-Z2KP_virus_final_seed-42	cygate	num-4	run0	2	CD19	CD19	384540	5551	5329	3028383	0.9863313061566834	0.0018296376915252605	0.013668693843316601	0.9981703623084748
dataset_name-FR-FCM-Z2KP_virus_final_seed-42	cygate	num-4	run0	3	CD3+	CD3+	61960	15585	107755	3238503	0.3650826385410836	0.004789360336905455	0.6349173614589164	0.9952106396630945
dataset_name-FR-FCM-Z2KP_virus_final_seed-42	cygate	num-4	run0	4	CD4	CD4	1552925	3274	76257	1791347	0.9531930748068662	0.0018243406267952956	0.04680692519313373	0.9981756593732047
dataset_name-FR-FCM-Z2KP_virus_final_seed-42	cygate	num-4	run0	5	CD8	CD8	320003	60597	23751	3019452	0.9309069858096197	0.019674037653297075	0.06909301419038033	0.9803259623467029
dataset_name-FR-FCM-Z2KP_virus_final_seed-42	cygate	num-5	run0	1	CD14 monocytes	CD14 monocytes	873585	13844	9446	2600004	0.9893027538104551	0.005296405911896943	0.010697246189544875	0.994703594088103
dataset_name-FR-FCM-Z2KP_virus_final_seed-42	cygate	num-5	run0	2	CD19	CD19	416514	2674	2780	3074911	0.9933698073428191	8.688630858286611e-4	0.00663019265718088	0.9991311369141713
dataset_name-FR-FCM-Z2KP_virus_final_seed-42	cygate	num-5	run0	3	CD3+	CD3+	32795	99420	149790	3214874	0.17961497384779693	0.02999733879975645	0.8203850261522031	0.9700026612002436
dataset_name-FR-FCM-Z2KP_virus_final_seed-42	cygate	num-5	run0	4	CD4	CD4	1447535	1894	210681	1836769	0.8729471914394747	0.0010300963254277701	0.12705280856052528	0.9989699036745723
dataset_name-FR-FCM-Z2KP_virus_final_seed-42	cygate	num-5	run0	5	CD8	CD8	332788	97476	20965	3045650	0.9407354849287497	0.03101243793599111	0.05926451507125028	0.9689875620640089
dataset_name-FR-FCM-Z2KP_virus_final_seed-42	dgcytof	num-1	run0	1	CD14 monocytes	CD14 monocytes	912446	2616	2952	2397847	0.9967751732033499	0.0010897897613918648	0.0032248267966502003	0.9989102102386082
dataset_name-FR-FCM-Z2KP_virus_final_seed-42	dgcytof	num-1	run0	2	CD19	CD19	407332	6499	2956	2899074	0.9927953047615333	0.0022367360930184853	0.0072046952384666385	0.9977632639069816
dataset_name-FR-FCM-Z2KP_virus_final_seed-42	dgcytof	num-1	run0	3	CD3+	CD3+	141412	428126	6700	2739623	0.9547639624068273	0.13515149085359981	0.04523603759317273	0.8648485091464002
dataset_name-FR-FCM-Z2KP_virus_final_seed-42	dgcytof	num-1	run0	4	CD4	CD4	1410881	6549	86166	1812265	0.9424426888400965	0.0036006980372924333	0.057557311159903465	0.9963993019627075
dataset_name-FR-FCM-Z2KP_virus_final_seed-42	dgcytof	num-1	run0	5	CD8	CD8	0	0	345016	2970845	0	0	1	1
dataset_name-FR-FCM-Z2KP_virus_final_seed-42	dgcytof	num-2	run0	1	CD14 monocytes	CD14 monocytes	847579	820	2732	2639383	0.9967870579117523	3.1058217871883335e-4	0.0032129420882477115	0.9996894178212812
dataset_name-FR-FCM-Z2KP_virus_final_seed-42	dgcytof	num-2	run0	2	CD19	CD19	409092	4804	1075	3075543	0.997379116311161	0.001559564555551696	0.0026208836888389365	0.9984404354444483
dataset_name-FR-FCM-Z2KP_virus_final_seed-42	dgcytof	num-2	run0	3	CD3+	CD3+	61	108	184726	3305619	3.3010980209646784e-4	3.267057443037492e-5	0.9996698901979035	0.9999673294255697
dataset_name-FR-FCM-Z2KP_virus_final_seed-42	dgcytof	num-2	run0	4	CD4	CD4	1676905	61379	3920	1748310	0.9976678119375901	0.0339168774303209	0.0023321880624098284	0.9660831225696791
dataset_name-FR-FCM-Z2KP_virus_final_seed-42	dgcytof	num-2	run0	5	CD8	CD8	358089	131677	6335	2994413	0.9826164028713806	0.042121947864584834	0.01738359712861941	0.9578780521354152
dataset_name-FR-FCM-Z2KP_virus_final_seed-42	dgcytof	num-3	run0	1	CD14 monocytes	CD14 monocytes	897282	4224	4141	2484417	0.9954061522725735	0.0016973119063778182	0.004593847727426524	0.9983026880936222
dataset_name-FR-FCM-Z2KP_virus_final_seed-42	dgcytof	num-3	run0	2	CD19	CD19	400658	6414	5673	2977319	0.9860384760207811	0.0021496561522093296	0.013961523979218913	0.9978503438477907
dataset_name-FR-FCM-Z2KP_virus_final_seed-42	dgcytof	num-3	run0	3	CD3+	CD3+	93232	36501	84178	3176153	0.5255171636322642	0.011361634337217765	0.47448283636773575	0.9886383656627822
dataset_name-FR-FCM-Z2KP_virus_final_seed-42	dgcytof	num-3	run0	4	CD4	CD4	1565878	55330	3907	1764949	0.9975111241348338	0.030396439227173416	0.0024888758651662487	0.9696035607728266
dataset_name-FR-FCM-Z2KP_virus_final_seed-42	dgcytof	num-3	run0	5	CD8	CD8	299005	31540	36110	3023409	0.8922459454217209	0.010324231271945948	0.1077540545782791	0.9896757687280541
dataset_name-FR-FCM-Z2KP_virus_final_seed-42	dgcytof	num-4	run0	1	CD14 monocytes	CD14 monocytes	883063	2018	8220	2530502	0.9907773400816575	7.968347732693128e-4	0.009222659918342434	0.9992031652267307
dataset_name-FR-FCM-Z2KP_virus_final_seed-42	dgcytof	num-4	run0	2	CD19	CD19	384588	10744	5281	3023190	0.9864544244348743	0.0035412767713470365	0.013545575565125721	0.9964587232286529
dataset_name-FR-FCM-Z2KP_virus_final_seed-42	dgcytof	num-4	run0	3	CD3+	CD3+	48158	35838	121557	3218250	0.28375806499130896	0.011013223981650158	0.716241935008691	0.9889867760183498
dataset_name-FR-FCM-Z2KP_virus_final_seed-42	dgcytof	num-4	run0	4	CD4	CD4	1626020	44964	3162	1749657	0.9980591487016184	0.025054872310086643	0.0019408512983816418	0.9749451276899134
dataset_name-FR-FCM-Z2KP_virus_final_seed-42	dgcytof	num-4	run0	5	CD8	CD8	309796	78614	33958	3001435	0.9012142404161115	0.025523619916436393	0.09878575958388848	0.9744763800835636
dataset_name-FR-FCM-Z2KP_virus_final_seed-42	dgcytof	num-5	run0	1	CD14 monocytes	CD14 monocytes	875959	1094	7072	2612754	0.9919912211462565	4.185400222201138e-4	0.008008778853743527	0.9995814599777799
dataset_name-FR-FCM-Z2KP_virus_final_seed-42	dgcytof	num-5	run0	2	CD19	CD19	413915	7213	5379	3070372	0.9871712926967713	0.002343720807061381	0.012828707303228762	0.9976562791929386
dataset_name-FR-FCM-Z2KP_virus_final_seed-42	dgcytof	num-5	run0	3	CD3+	CD3+	4355	2658	178230	3311636	0.02385190459238163	8.019807536688055e-4	0.9761480954076184	0.9991980192463312
dataset_name-FR-FCM-Z2KP_virus_final_seed-42	dgcytof	num-5	run0	4	CD4	CD4	1656035	51251	2181	1787412	0.9986847310603685	0.0278740584870637	0.0013152689396315077	0.9721259415129363
dataset_name-FR-FCM-Z2KP_virus_final_seed-42	dgcytof	num-5	run0	5	CD8	CD8	348972	135427	4781	3007699	0.9864849202692274	0.04308672321758657	0.013515079730772601	0.9569132767824134
dataset_name-FR-FCM-Z2KP_virus_final_seed-42	gatemeclass	num-1	run0	1	CD14 monocytes	CD14 monocytes	0	0	915398	2400463	0	0	1	1
dataset_name-FR-FCM-Z2KP_virus_final_seed-42	gatemeclass	num-1	run0	2	CD19	CD19	0	0	410288	2905573	0	0	1	1
dataset_name-FR-FCM-Z2KP_virus_final_seed-42	gatemeclass	num-1	run0	3	CD3+	CD3+	0	0	148112	3167749	0	0	1	1
dataset_name-FR-FCM-Z2KP_virus_final_seed-42	gatemeclass	num-1	run0	4	CD4	CD4	0	0	1497047	1818814	0	0	1	1
dataset_name-FR-FCM-Z2KP_virus_final_seed-42	gatemeclass	num-1	run0	5	CD8	CD8	0	0	345016	2970845	0	0	1	1
dataset_name-FR-FCM-Z2KP_virus_final_seed-42	gatemeclass	num-2	run0	1	CD14 monocytes	CD14 monocytes	0	0	850311	2640203	0	0	1	1
dataset_name-FR-FCM-Z2KP_virus_final_seed-42	gatemeclass	num-2	run0	2	CD19	CD19	0	0	410167	3080347	0	0	1	1
dataset_name-FR-FCM-Z2KP_virus_final_seed-42	gatemeclass	num-2	run0	3	CD3+	CD3+	0	0	184787	3305727	0	0	1	1
dataset_name-FR-FCM-Z2KP_virus_final_seed-42	gatemeclass	num-2	run0	4	CD4	CD4	0	0	1680825	1809689	0	0	1	1
dataset_name-FR-FCM-Z2KP_virus_final_seed-42	gatemeclass	num-2	run0	5	CD8	CD8	0	0	364424	3126090	0	0	1	1
dataset_name-FR-FCM-Z2KP_virus_final_seed-42	gatemeclass	num-3	run0	1	CD14 monocytes	CD14 monocytes	0	0	901423	2488641	0	0	1	1
dataset_name-FR-FCM-Z2KP_virus_final_seed-42	gatemeclass	num-3	run0	2	CD19	CD19	0	0	406331	2983733	0	0	1	1
dataset_name-FR-FCM-Z2KP_virus_final_seed-42	gatemeclass	num-3	run0	3	CD3+	CD3+	0	0	177410	3212654	0	0	1	1
dataset_name-FR-FCM-Z2KP_virus_final_seed-42	gatemeclass	num-3	run0	4	CD4	CD4	0	0	1569785	1820279	0	0	1	1
dataset_name-FR-FCM-Z2KP_virus_final_seed-42	gatemeclass	num-3	run0	5	CD8	CD8	0	0	335115	3054949	0	0	1	1
dataset_name-FR-FCM-Z2KP_virus_final_seed-42	gatemeclass	num-4	run0	1	CD14 monocytes	CD14 monocytes	0	0	891283	2532520	0	0	1	1
dataset_name-FR-FCM-Z2KP_virus_final_seed-42	gatemeclass	num-4	run0	2	CD19	CD19	0	0	389869	3033934	0	0	1	1
dataset_name-FR-FCM-Z2KP_virus_final_seed-42	gatemeclass	num-4	run0	3	CD3+	CD3+	0	0	169715	3254088	0	0	1	1
dataset_name-FR-FCM-Z2KP_virus_final_seed-42	gatemeclass	num-4	run0	4	CD4	CD4	0	0	1629182	1794621	0	0	1	1
dataset_name-FR-FCM-Z2KP_virus_final_seed-42	gatemeclass	num-4	run0	5	CD8	CD8	0	0	343754	3080049	0	0	1	1
dataset_name-FR-FCM-Z2KP_virus_final_seed-42	gatemeclass	num-5	run0	1	CD14 monocytes	CD14 monocytes	0	0	883031	2613848	0	0	1	1
dataset_name-FR-FCM-Z2KP_virus_final_seed-42	gatemeclass	num-5	run0	2	CD19	CD19	0	0	419294	3077585	0	0	1	1
dataset_name-FR-FCM-Z2KP_virus_final_seed-42	gatemeclass	num-5	run0	3	CD3+	CD3+	0	0	182585	3314294	0	0	1	1
dataset_name-FR-FCM-Z2KP_virus_final_seed-42	gatemeclass	num-5	run0	4	CD4	CD4	0	0	1658216	1838663	0	0	1	1
dataset_name-FR-FCM-Z2KP_virus_final_seed-42	gatemeclass	num-5	run0	5	CD8	CD8	0	0	353753	3143126	0	0	1	1
dataset_name-FR-FCM-Z2KP_virus_final_seed-42	knn	num-1	run0	1	CD14 monocytes	CD14 monocytes	804990	191414	110408	2209049	0.8793879820580774	0.07974045007150704	0.12061201794192253	0.920259549928493
dataset_name-FR-FCM-Z2KP_virus_final_seed-42	knn	num-1	run0	2	CD19	CD19	141819	180506	268469	2725067	0.345657196895839	0.06212406296451681	0.6543428031041609	0.9378759370354832
dataset_name-FR-FCM-Z2KP_virus_final_seed-42	knn	num-1	run0	3	CD3+	CD3+	45940	357745	102172	2810004	0.3101706816463217	0.11293350577965615	0.6898293183536783	0.8870664942203439
dataset_name-FR-FCM-Z2KP_virus_final_seed-42	knn	num-1	run0	4	CD4	CD4	854444	244410	642603	1574404	0.570752955652027	0.13437877649941116	0.42924704434797306	0.8656212235005889
dataset_name-FR-FCM-Z2KP_virus_final_seed-42	knn	num-1	run0	5	CD8	CD8	168228	326365	176788	2644480	0.4875947782131843	0.10985595007481036	0.5124052217868157	0.8901440499251896
dataset_name-FR-FCM-Z2KP_virus_final_seed-42	knn	num-2	run0	1	CD14 monocytes	CD14 monocytes	631683	136155	218628	2504048	0.7428846622000657	0.05156989822373507	0.2571153377999344	0.948430101776265
dataset_name-FR-FCM-Z2KP_virus_final_seed-42	knn	num-2	run0	2	CD19	CD19	148503	417217	261664	2663130	0.3620549678545568	0.1354448054066636	0.6379450321454432	0.8645551945933364
dataset_name-FR-FCM-Z2KP_virus_final_seed-42	knn	num-2	run0	3	CD3+	CD3+	46909	379126	137878	2926601	0.25385443781218375	0.11468763149528076	0.7461455621878162	0.8853123685047193
dataset_name-FR-FCM-Z2KP_virus_final_seed-42	knn	num-2	run0	4	CD4	CD4	1052903	314047	627922	1495642	0.6264203590498714	0.17353644742273397	0.37357964095012863	0.826463552577266
dataset_name-FR-FCM-Z2KP_virus_final_seed-42	knn	num-2	run0	5	CD8	CD8	159735	204236	204689	2921854	0.4383218448839813	0.06533273194309824	0.5616781551160187	0.9346672680569017
dataset_name-FR-FCM-Z2KP_virus_final_seed-42	knn	num-3	run0	1	CD14 monocytes	CD14 monocytes	810968	114764	90455	2373877	0.8996531040366177	0.04611512869875567	0.10034689596338234	0.9538848713012443
dataset_name-FR-FCM-Z2KP_virus_final_seed-42	knn	num-3	run0	2	CD19	CD19	224882	521028	181449	2462705	0.5534453438206782	0.1746228633728286	0.4465546561793218	0.8253771366271714
dataset_name-FR-FCM-Z2KP_virus_final_seed-42	knn	num-3	run0	3	CD3+	CD3+	46342	320440	131068	2892214	0.261214136745392	0.09974307846409854	0.7387858632546079	0.9002569215359014
dataset_name-FR-FCM-Z2KP_virus_final_seed-42	knn	num-3	run0	4	CD4	CD4	873705	242057	696080	1578222	0.5565762190363649	0.13297796656446623	0.44342378096363516	0.8670220334355337
dataset_name-FR-FCM-Z2KP_virus_final_seed-42	knn	num-3	run0	5	CD8	CD8	154414	81464	180701	2973485	0.46077913552064215	0.02666623894539647	0.5392208644793578	0.9733337610546036
dataset_name-FR-FCM-Z2KP_virus_final_seed-42	knn	num-4	run0	1	CD14 monocytes	CD14 monocytes	713432	56430	177851	2476090	0.8004550743142189	0.02228215374409679	0.19954492568578105	0.9777178462559032
dataset_name-FR-FCM-Z2KP_virus_final_seed-42	knn	num-4	run0	2	CD19	CD19	220497	690820	169372	2343114	0.5655668955469658	0.22769776798045047	0.43443310445303424	0.7723022320195495
dataset_name-FR-FCM-Z2KP_virus_final_seed-42	knn	num-4	run0	3	CD3+	CD3+	39885	300109	129830	2953979	0.23501163715640927	0.09222522562389217	0.7649883628435907	0.9077747743761079
dataset_name-FR-FCM-Z2KP_virus_final_seed-42	knn	num-4	run0	4	CD4	CD4	871920	242924	757262	1551697	0.5351888248212907	0.1353622854073367	0.4648111751787093	0.8646377145926633
dataset_name-FR-FCM-Z2KP_virus_final_seed-42	knn	num-4	run0	5	CD8	CD8	160574	127212	183180	2952837	0.4671189280706552	0.04130194032627403	0.5328810719293449	0.958698059673726
dataset_name-FR-FCM-Z2KP_virus_final_seed-42	knn	num-5	run0	1	CD14 monocytes	CD14 monocytes	615149	23870	267882	2589978	0.6966335270222677	0.009132130100908699	0.3033664729777324	0.9908678698990913
dataset_name-FR-FCM-Z2KP_virus_final_seed-42	knn	num-5	run0	2	CD19	CD19	120012	568012	299282	2509573	0.2862239860336661	0.18456419562741566	0.7137760139663338	0.8154358043725843
dataset_name-FR-FCM-Z2KP_virus_final_seed-42	knn	num-5	run0	3	CD3+	CD3+	43117	562475	139468	2751819	0.23614754771750143	0.1697118602031081	0.7638524522824985	0.8302881397968919
dataset_name-FR-FCM-Z2KP_virus_final_seed-42	knn	num-5	run0	4	CD4	CD4	904260	256344	753956	1582319	0.5453209955759684	0.13941869717289138	0.4546790044240316	0.8605813028271087
dataset_name-FR-FCM-Z2KP_virus_final_seed-42	knn	num-5	run0	5	CD8	CD8	200801	202839	152952	2940287	0.5676305218612987	0.06453416121402705	0.4323694781387013	0.9354658387859729
dataset_name-FR-FCM-Z2KP_virus_final_seed-42	lda	num-1	run0	1	CD14 monocytes	CD14 monocytes	851952	4995	63446	2395468	0.9306902571340554	0.002080848569630109	0.06930974286594464	0.9979191514303699
dataset_name-FR-FCM-Z2KP_virus_final_seed-42	lda	num-1	run0	2	CD19	CD19	353980	8108	56308	2897465	0.862759817494053	0.002790499498721939	0.13724018250594705	0.9972095005012781
dataset_name-FR-FCM-Z2KP_virus_final_seed-42	lda	num-1	run0	3	CD3+	CD3+	46863	84300	101249	3083449	0.3164024521983364	0.02661195694482107	0.6835975478016636	0.9733880430551789
dataset_name-FR-FCM-Z2KP_virus_final_seed-42	lda	num-1	run0	4	CD4	CD4	1491761	153268	5286	1665546	0.9964690487339409	0.08426809998163638	0.003530951266059115	0.9157319000183636
dataset_name-FR-FCM-Z2KP_virus_final_seed-42	lda	num-1	run0	5	CD8	CD8	173526	26108	171490	2944737	0.5029505877988267	0.008788072080502349	0.49704941220117327	0.9912119279194976
dataset_name-FR-FCM-Z2KP_virus_final_seed-42	lda	num-2	run0	1	CD14 monocytes	CD14 monocytes	840678	7048	9633	2633155	0.9886712038301281	0.0026694917019638264	0.011328796169871964	0.9973305082980362
dataset_name-FR-FCM-Z2KP_virus_final_seed-42	lda	num-2	run0	2	CD19	CD19	405929	8806	4238	3071541	0.9896676231876285	0.0028587688335112893	0.010332376812371546	0.9971412311664887
dataset_name-FR-FCM-Z2KP_virus_final_seed-42	lda	num-2	run0	3	CD3+	CD3+	34051	51267	150736	3254460	0.1842716208391283	0.015508540178907695	0.8157283791608717	0.9844914598210923
dataset_name-FR-FCM-Z2KP_virus_final_seed-42	lda	num-2	run0	4	CD4	CD4	1645362	50896	35463	1758793	0.9789014323323368	0.028124169401482796	0.0210985676676632	0.9718758305985172
dataset_name-FR-FCM-Z2KP_virus_final_seed-42	lda	num-2	run0	5	CD8	CD8	314821	103290	49603	3022800	0.8638865716857287	0.03304127520320912	0.13611342831427128	0.9669587247967909
dataset_name-FR-FCM-Z2KP_virus_final_seed-42	lda	num-3	run0	1	CD14 monocytes	CD14 monocytes	881813	12929	19610	2475712	0.9782455073811074	0.005195204933134188	0.021754492618892573	0.9948047950668658
dataset_name-FR-FCM-Z2KP_virus_final_seed-42	lda	num-3	run0	2	CD19	CD19	373358	8646	32973	2975087	0.9188518719959836	0.002897712362332689	0.08114812800401643	0.9971022876376673
dataset_name-FR-FCM-Z2KP_virus_final_seed-42	lda	num-3	run0	3	CD3+	CD3+	41848	52594	135562	3160060	0.23588298292091764	0.01637088836830857	0.7641170170790823	0.9836291116316914
dataset_name-FR-FCM-Z2KP_virus_final_seed-42	lda	num-3	run0	4	CD4	CD4	1533810	112324	35975	1707955	0.9770828489251713	0.061707024033128985	0.02291715107482872	0.938292975966871
dataset_name-FR-FCM-Z2KP_virus_final_seed-42	lda	num-3	run0	5	CD8	CD8	206460	49818	128655	3005131	0.616087014905331	0.01630730987653149	0.383912985094669	0.9836926901234685
dataset_name-FR-FCM-Z2KP_virus_final_seed-42	lda	num-4	run0	1	CD14 monocytes	CD14 monocytes	835477	3557	55806	2528963	0.9373868905835745	0.0014045298753810433	0.06261310941642553	0.9985954701246189
dataset_name-FR-FCM-Z2KP_virus_final_seed-42	lda	num-4	run0	2	CD19	CD19	384106	10504	5763	3023430	0.9852181117247075	0.0034621715567972142	0.01478188827529247	0.9965378284432028
dataset_name-FR-FCM-Z2KP_virus_final_seed-42	lda	num-4	run0	3	CD3+	CD3+	31027	28662	138688	3225426	0.18281825413192707	0.00880799781689985	0.8171817458680729	0.9911920021831001
dataset_name-FR-FCM-Z2KP_virus_final_seed-42	lda	num-4	run0	4	CD4	CD4	1614702	105624	14480	1688997	0.9911121041111429	0.05885588099102819	0.008887895888857108	0.9411441190089718
dataset_name-FR-FCM-Z2KP_virus_final_seed-42	lda	num-4	run0	5	CD8	CD8	241582	49637	102172	3030412	0.7027758222449775	0.01611565270552514	0.29722417775502247	0.9838843472944748
dataset_name-FR-FCM-Z2KP_virus_final_seed-42	lda	num-5	run0	1	CD14 monocytes	CD14 monocytes	758215	2858	124816	2610990	0.8586504890541782	0.0010934071147212846	0.14134951094582182	0.9989065928852787
dataset_name-FR-FCM-Z2KP_virus_final_seed-42	lda	num-5	run0	2	CD19	CD19	347265	9433	72029	3068152	0.8282136162215534	0.003065065627756829	0.17178638377844663	0.9969349343722431
dataset_name-FR-FCM-Z2KP_virus_final_seed-42	lda	num-5	run0	3	CD3+	CD3+	34464	39337	148121	3274957	0.18875592189938933	0.011868892741561249	0.8112440781006107	0.9881311072584388
dataset_name-FR-FCM-Z2KP_virus_final_seed-42	lda	num-5	run0	4	CD4	CD4	1631769	200424	26447	1638239	0.9840509318448261	0.10900529352034603	0.015949068155173995	0.890994706479654
dataset_name-FR-FCM-Z2KP_virus_final_seed-42	lda	num-5	run0	5	CD8	CD8	287716	88616	66037	3054510	0.8133245513112256	0.028193588166685015	0.18667544868877436	0.971806411833315
dataset_name-FR-FCM-Z2KP_virus_final_seed-42	random	num-1	run0	1	CD14 monocytes	CD14 monocytes	152579	400504	762819	1999959	0.16668050399935327	0.16684447958581325	0.8333194960006467	0.8331555204141867
dataset_name-FR-FCM-Z2KP_virus_final_seed-42	random	num-1	run0	2	CD19	CD19	67779	484854	342509	2420719	0.16519859220839994	0.16687035569231956	0.8348014077916001	0.8331296443076804
dataset_name-FR-FCM-Z2KP_virus_final_seed-42	random	num-1	run0	3	CD3+	CD3+	24994	527611	123118	2640138	0.1687506751647402	0.16655707254583618	0.8312493248352598	0.8334429274541638
dataset_name-FR-FCM-Z2KP_virus_final_seed-42	random	num-1	run0	4	CD4	CD4	249023	302688	1248024	1516126	0.16634280687246292	0.1664205355797789	0.833657193127537	0.8335794644202211
dataset_name-FR-FCM-Z2KP_virus_final_seed-42	random	num-1	run0	5	CD8	CD8	57976	494605	287040	2476240	0.16803858371785657	0.1664863027185868	0.8319614162821435	0.8335136972814132
dataset_name-FR-FCM-Z2KP_virus_final_seed-42	random	num-2	run0	1	CD14 monocytes	CD14 monocytes	142088	440539	708223	2199664	0.1671012135559813	0.166858002964166	0.8328987864440187	0.833141997035834
dataset_name-FR-FCM-Z2KP_virus_final_seed-42	random	num-2	run0	2	CD19	CD19	68391	514100	341776	2566247	0.1667394012682639	0.16689678143403974	0.8332605987317361	0.8331032185659603
dataset_name-FR-FCM-Z2KP_virus_final_seed-42	random	num-2	run0	3	CD3+	CD3+	31042	550468	153745	2755259	0.16798800781440254	0.16651949782907058	0.8320119921855975	0.8334805021709294
dataset_name-FR-FCM-Z2KP_virus_final_seed-42	random	num-2	run0	4	CD4	CD4	279474	301199	1401351	1508490	0.16627192003926644	0.16643688501173406	0.8337280799607336	0.833563114988266
dataset_name-FR-FCM-Z2KP_virus_final_seed-42	random	num-2	run0	5	CD8	CD8	60603	520697	303821	2605393	0.16629804842710688	0.1665649421481787	0.8337019515728931	0.8334350578518213
dataset_name-FR-FCM-Z2KP_virus_final_seed-42	random	num-3	run0	1	CD14 monocytes	CD14 monocytes	150092	414643	751331	2073998	0.16650562499514657	0.16661422840819548	0.8334943750048535	0.8333857715918045
dataset_name-FR-FCM-Z2KP_virus_final_seed-42	random	num-3	run0	2	CD19	CD19	67704	498050	338627	2485683	0.16662277798149785	0.1669217721558866	0.8333772220185022	0.8330782278441135
dataset_name-FR-FCM-Z2KP_virus_final_seed-42	random	num-3	run0	3	CD3+	CD3+	29347	535151	148063	2677503	0.16541908573361142	0.16657598359487202	0.8345809142663886	0.833424016405128
dataset_name-FR-FCM-Z2KP_virus_final_seed-42	random	num-3	run0	4	CD4	CD4	262096	303803	1307689	1516476	0.1669629917472775	0.1668991401867516	0.8330370082527225	0.8331008598132484
dataset_name-FR-FCM-Z2KP_virus_final_seed-42	random	num-3	run0	5	CD8	CD8	55528	509139	279587	2545810	0.16569834236008535	0.16666039269395333	0.8343016576399147	0.8333396073060467
dataset_name-FR-FCM-Z2KP_virus_final_seed-42	random	num-4	run0	1	CD14 monocytes	CD14 monocytes	148663	422792	742620	2109728	0.16679662912901963	0.1669451771358173	0.8332033708709804	0.8330548228641828
dataset_name-FR-FCM-Z2KP_virus_final_seed-42	random	num-4	run0	2	CD19	CD19	64966	505792	324903	2528142	0.16663545960309745	0.1667116028232651	0.8333645403969026	0.8332883971767349
dataset_name-FR-FCM-Z2KP_virus_final_seed-42	random	num-4	run0	3	CD3+	CD3+	28267	543003	141448	2711085	0.16655569631440945	0.16686795194229534	0.8334443036855905	0.8331320480577047
dataset_name-FR-FCM-Z2KP_virus_final_seed-42	random	num-4	run0	4	CD4	CD4	271675	298668	1357507	1495953	0.16675546378489328	0.1664239970445013	0.8332445362151067	0.8335760029554987
dataset_name-FR-FCM-Z2KP_virus_final_seed-42	random	num-4	run0	5	CD8	CD8	57036	512871	286718	2567178	0.16592097837406983	0.16651390935663685	0.8340790216259302	0.8334860906433631
dataset_name-FR-FCM-Z2KP_virus_final_seed-42	random	num-5	run0	1	CD14 monocytes	CD14 monocytes	146804	434995	736227	2178853	0.1662501089995708	0.16641939393568408	0.8337498910004292	0.8335806060643159
dataset_name-FR-FCM-Z2KP_virus_final_seed-42	random	num-5	run0	2	CD19	CD19	69560	513333	349734	2564252	0.16589791411277052	0.166797342721647	0.8341020858872294	0.833202657278353
dataset_name-FR-FCM-Z2KP_virus_final_seed-42	random	num-5	run0	3	CD3+	CD3+	30168	552446	152417	2761848	0.16522715447599748	0.16668587638875731	0.8347728455240025	0.8333141236112427
dataset_name-FR-FCM-Z2KP_virus_final_seed-42	random	num-5	run0	4	CD4	CD4	275461	307224	1382755	1531439	0.1661188892158802	0.16709097860782535	0.83388111078411975	0.8329090213921746
dataset_name-FR-FCM-Z2KP_virus_final_seed-42	random	num-5	run0	5	CD8	CD8	58738	524392	295015	2618734	0.16604240812092053	0.1668377277907408	0.8339575918790795	0.8331622722092592
dataset_name-FR-FCM-Z3YR_seed-42	cyanno	num-1	run0	1	/Granulocytes	/Granulocytes	10045171	5234	209	6615114	0.9999791944157413	7.905928812201412e-4	2.0805584258634316e-5	0.9992094071187798
dataset_name-FR-FCM-Z3YR_seed-42	cyanno	num-1	run0	2	/PBMC/B cells/B cells DN	/PBMC/B cells/B cells DN	50949	1636	2585	16610558	0.9517129301004968	9.848187421842052e-5	0.04828706989950312	0.9999015181257815
dataset_name-FR-FCM-Z3YR_seed-42	cyanno	num-1	run0	3	/PBMC/B cells/B cells NSM	/PBMC/B cells/B cells NSM	46841	56	4381	16614450	0.91447034477373	3.3705486037321846e-6	0.08552965522626996	0.9999966294513962
dataset_name-FR-FCM-Z3YR_seed-42	cyanno	num-1	run0	4	/PBMC/B cells/B cells Naive/B cells TR	/PBMC/B cells/B cells Naive/B cells TR	62526	1135	3507	16598560	0.9468901912680023	6.83747502589656e-5	0.05310980873199764	0.999931625249741
dataset_name-FR-FCM-Z3YR_seed-42	cyanno	num-1	run0	5	/PBMC/B cells/B cells SWME/B cells CD27hi CD20hi	/PBMC/B cells/B cells SWME/B cells CD27hi CD20hi	101710	5279	1097	16557642	0.9893295203633994	3.1872397386910193e-4	0.010670479636600621	0.9996812760261309
dataset_name-FR-FCM-Z3YR_seed-42	cyanno	num-1	run0	6	/PBMC/B cells/B cells SWME/B cells PB	/PBMC/B cells/B cells SWME/B cells PB	5259	2031	2300	16656138	0.6957269480089959	1.2192216323414657e-4	0.30427305199100413	0.9998780778367659
dataset_name-FR-FCM-Z3YR_seed-42	cyanno	num-1	run0	7	/PBMC/B cells/B cells SWME/B cells PC	/PBMC/B cells/B cells SWME/B cells PC	4971	99	4028	16656630	0.5523947105233915	5.943543897484314e-6	0.4476052894766085	0.9999940564561025
dataset_name-FR-FCM-Z3YR_seed-42	cyanno	num-1	run0	8	/PBMC/CD3 CD19 DP	/PBMC/CD3 CD19 DP	49164	828	1755	16613981	0.9655334943734166	4.9835059795150215e-5	0.0344665056265834	0.9999501649402048
dataset_name-FR-FCM-Z3YR_seed-42	cyanno	num-1	run0	9	/PBMC/CD3-CD19-/CD7hi cells/NK cells CD56 hi	/PBMC/CD3-CD19-/CD7hi cells/NK cells CD56 hi	14635	137	9802	16641154	0.5988869337480051	8.232534362868843e-6	0.40111306625199494	0.9999917674656371
dataset_name-FR-FCM-Z3YR_seed-42	cyanno	num-1	run0	10	/PBMC/CD3-CD19-/CD7hi cells/NK cells CD56 mid	/PBMC/CD3-CD19-/CD7hi cells/NK cells CD56 mid	630845	14053	3258	16017572	0.9948620334551327	8.765798850709145e-4	0.005137966544867316	0.999123420114929
dataset_name-FR-FCM-Z3YR_seed-42	cyanno	num-1	run0	11	/PBMC/CD3-CD19-/CD7low cells/CD11c hi HLADR hi/Monocytes CD14hi	/PBMC/CD3-CD19-/CD7low cells/CD11c hi HLADR hi/Monocytes CD14hi	1041653	9152	1838	15613085	0.9982386048370326	5.8583159377239e-4	0.0017613951629673855	0.9994141684062277
dataset_name-FR-FCM-Z3YR_seed-42	cyanno	num-1	run0	12	/PBMC/CD3-CD19-/CD7low cells/CD11c hi HLADR hi/Monocytes CD14mid	/PBMC/CD3-CD19-/CD7low cells/CD11c hi HLADR hi/Monocytes CD14mid	45448	1086	4969	16614225	0.9014419739373624	6.536140069842809e-5	0.0985580260626376	0.9999346385993015
dataset_name-FR-FCM-Z3YR_seed-42	cyanno	num-1	run0	13	/PBMC/CD3-CD19-/CD7low cells/CD11c hi HLADR hi/Monocytes non-class	/PBMC/CD3-CD19-/CD7low cells/CD11c hi HLADR hi/Monocytes non-class	93472	2782	1369	16568105	0.9855653145791378	1.6788479699366728e-4	0.014434685420862285	0.9998321152030063
dataset_name-FR-FCM-Z3YR_seed-42	cyanno	num-1	run0	14	/PBMC/CD3-CD19-/CD7low cells/CD11c hi HLADR hi/cDC/cDC1	/PBMC/CD3-CD19-/CD7low cells/CD11c hi HLADR hi/cDC/cDC1	0	0	2978	16662750	0	0	1	1
dataset_name-FR-FCM-Z3YR_seed-42	cyanno	num-1	run0	15	/PBMC/CD3-CD19-/CD7low cells/CD11c hi HLADR hi/cDC/cDC2	/PBMC/CD3-CD19-/CD7low cells/CD11c hi HLADR hi/cDC/cDC2	52064	2348	1350	16609966	0.9747257273374021	1.4134093540490506e-4	0.02527427266259782	0.9998586590645951
dataset_name-FR-FCM-Z3YR_seed-42	cyanno	num-1	run0	16	/PBMC/CD3-CD19-/CD7low cells/CD11c low HLADR hi/pDC	/PBMC/CD3-CD19-/CD7low cells/CD11c low HLADR hi/pDC	43622	3375	478	16618253	0.9891609977324263	2.0304870256992877e-4	0.010839002267573696	0.9997969512974301
dataset_name-FR-FCM-Z3YR_seed-42	cyanno	num-1	run0	17	/PBMC/CD3-CD19-/CD7low cells/CD11c low HLADR low/Basophils	/PBMC/CD3-CD19-/CD7low cells/CD11c low HLADR low/Basophils	146163	578	200	16518787	0.9986335344315161	3.4989238387795174e-5	0.0013664655684838382	0.9999650107616121
dataset_name-FR-FCM-Z3YR_seed-42	cyanno	num-1	run0	18	/PBMC/T cells/NKT cells	/PBMC/T cells/NKT cells	0	0	1287	16664441	0	0	1	1
dataset_name-FR-FCM-Z3YR_seed-42	cyanno	num-1	run0	19	/PBMC/T cells/T cells CD4/T cells CM	/PBMC/T cells/T cells CD4/T cells CM	1056914	4676	363	15603775	0.9996566651880254	2.9958129733693626e-4	3.433348119745346e-4	0.999700418702663
dataset_name-FR-FCM-Z3YR_seed-42	cyanno	num-1	run0	20	/PBMC/T cells/T cells CD4/T cells EM	/PBMC/T cells/T cells CD4/T cells EM	144983	2271	1982	16516492	0.9865137958017215	1.374800280142042e-4	0.013486204198278501	0.9998625199719858
dataset_name-FR-FCM-Z3YR_seed-42	cyanno	num-1	run0	21	/PBMC/T cells/T cells CD4/T cells Naive	/PBMC/T cells/T cells CD4/T cells Naive	1385123	5694	1704	15273207	0.9987712959150636	3.7267078306221107e-4	0.001228704084936333	0.9996273292169378
dataset_name-FR-FCM-Z3YR_seed-42	cyanno	num-1	run0	22	/PBMC/T cells/T cells CD4/T cells TEMRA	/PBMC/T cells/T cells CD4/T cells TEMRA	64	11	5209	16660444	0.01213730324293571	6.602460737116723e-7	0.9878626967570643	0.9999993397539263
dataset_name-FR-FCM-Z3YR_seed-42	cyanno	num-1	run0	23	/PBMC/T cells/T cells CD4hiCD8hi	/PBMC/T cells/T cells CD4hiCD8hi	34948	964	10103	16619713	0.7757430467692171	5.800004416185935e-5	0.2242569532307829	0.9999419999558381
dataset_name-FR-FCM-Z3YR_seed-42	cyanno	num-1	run0	24	/PBMC/T cells/T cells CD4lowCD8low	/PBMC/T cells/T cells CD4lowCD8low	475520	3808	1549	16184851	0.9967530902238461	2.3522640139618729e-4	0.0032469097761539736	0.9997647735986038
dataset_name-FR-FCM-Z3YR_seed-42	cyanno	num-1	run0	25	/PBMC/T cells/T cells CD8/T cells CM	/PBMC/T cells/T cells CD8/T cells CM	479687	3869	707	16181465	0.9985282913608413	2.3904356870238204e-4	0.0014717086391586906	0.9997609564312976
dataset_name-FR-FCM-Z3YR_seed-42	cyanno	num-1	run0	26	/PBMC/T cells/T cells CD8/T cells EM	/PBMC/T cells/T cells CD8/T cells EM	97100	1087	1780	16565761	0.9819983818770227	6.561296391443924e-5	0.018001618122977348	0.9999343870360856
dataset_name-FR-FCM-Z3YR_seed-42	cyanno	num-1	run0	27	/PBMC/T cells/T cells CD8/T cells Naive	/PBMC/T cells/T cells CD8/T cells Naive	454878	3699	1772	16205379	0.9961195664075331	2.2820545375869003e-4	0.0038804335924668785	0.9997717945462413
dataset_name-FR-FCM-Z3YR_seed-42	cyanno	num-1	run0	28	/PBMC/T cells/T cells CD8/T cells TEMRA	/PBMC/T cells/T cells CD8/T cells TEMRA	26073	57	3385	16636213	0.885090637517822	3.426248792547849e-6	0.11490936248217802	0.9999965737512074
dataset_name-FR-FCM-Z3YR_seed-42	cyanno	num-2	run0	1	/Granulocytes	/Granulocytes	10047336	5692	1794	6616959	0.9998214770830908	8.594745518071238e-4	1.7852291690922497e-4	0.9991405254481929
dataset_name-FR-FCM-Z3YR_seed-42	cyanno	num-2	run0	2	/PBMC/B cells/B cells DN	/PBMC/B cells/B cells DN	50073	967	3574	16617167	0.9333793129159133	5.818944533724424e-5	0.06662068708408672	0.9999418105546628
dataset_name-FR-FCM-Z3YR_seed-42	cyanno	num-2	run0	3	/PBMC/B cells/B cells NSM	/PBMC/B cells/B cells NSM	50047	414	1115	16620205	0.9782064813728939	2.4908819581268303e-5	0.021793518627106056	0.9999750911804187
dataset_name-FR-FCM-Z3YR_seed-42	cyanno	num-2	run0	4	/PBMC/B cells/B cells Naive/B cells TR	/PBMC/B cells/B cells Naive/B cells TR	62400	604	3566	16605211	0.9459418488312161	3.637280073275536e-5	0.054058151168783916	0.9999636271992672
dataset_name-FR-FCM-Z3YR_seed-42	cyanno	num-2	run0	5	/PBMC/B cells/B cells SWME/B cells CD27hi CD20hi	/PBMC/B cells/B cells SWME/B cells CD27hi CD20hi	101932	3668	890	16565291	0.9913442648460447	2.2137781860646766e-4	0.00865573515395538	0.9997786221813936
dataset_name-FR-FCM-Z3YR_seed-42	cyanno	num-2	run0	6	/PBMC/B cells/B cells SWME/B cells PB	/PBMC/B cells/B cells SWME/B cells PB	5128	172	2452	16664029	0.6765171503957783	1.0321526966699454e-5	0.32348284960422163	0.9999896784730333
dataset_name-FR-FCM-Z3YR_seed-42	cyanno	num-2	run0	7	/PBMC/B cells/B cells SWME/B cells PC	/PBMC/B cells/B cells SWME/B cells PC	8436	762	546	16662037	0.9392117568470274	4.573061224587778e-5	0.06078824315297261	0.9999542693877541
dataset_name-FR-FCM-Z3YR_seed-42	cyanno	num-2	run0	8	/PBMC/CD3 CD19 DP	/PBMC/CD3 CD19 DP	48738	481	2158	16620404	0.9575998113800691	2.8939493895782323e-5	0.04240018861993084	0.9999710605061042
dataset_name-FR-FCM-Z3YR_seed-42	cyanno	num-2	run0	9	/PBMC/CD3-CD19-/CD7hi cells/NK cells CD56 hi	/PBMC/CD3-CD19-/CD7hi cells/NK cells CD56 hi	21198	304	3215	16647064	0.8683078687584483	1.8261144944954663e-5	0.13169213124155163	0.999981738855055
dataset_name-FR-FCM-Z3YR_seed-42	cyanno	num-2	run0	10	/PBMC/CD3-CD19-/CD7hi cells/NK cells CD56 mid	/PBMC/CD3-CD19-/CD7hi cells/NK cells CD56 mid	631041	7746	2907	16030087	0.9954144503965625	4.829829566126546e-4	0.004585549603437506	0.9995170170433874
dataset_name-FR-FCM-Z3YR_seed-42	cyanno	num-2	run0	11	/PBMC/CD3-CD19-/CD7low cells/CD11c hi HLADR hi/Monocytes CD14hi	/PBMC/CD3-CD19-/CD7low cells/CD11c hi HLADR hi/Monocytes CD14hi	1042200	13393	990	15615198	0.9990509878353895	8.569550511623216e-4	9.490121646104736e-4	0.9991430449488377
dataset_name-FR-FCM-Z3YR_seed-42	cyanno	num-2	run0	12	/PBMC/CD3-CD19-/CD7low cells/CD11c hi HLADR hi/Monocytes CD14mid	/PBMC/CD3-CD19-/CD7low cells/CD11c hi HLADR hi/Monocytes CD14mid	41402	455	9432	16620492	0.8144548923948538	2.7375094812587995e-5	0.18554510760514617	0.9999726249051875
dataset_name-FR-FCM-Z3YR_seed-42	cyanno	num-2	run0	13	/PBMC/CD3-CD19-/CD7low cells/CD11c hi HLADR hi/Monocytes non-class	/PBMC/CD3-CD19-/CD7low cells/CD11c hi HLADR hi/Monocytes non-class	93481	1990	1512	16574798	0.9840830376975146	1.2004738191741368e-4	0.015916962302485446	0.9998799526180826
dataset_name-FR-FCM-Z3YR_seed-42	cyanno	num-2	run0	14	/PBMC/CD3-CD19-/CD7low cells/CD11c hi HLADR hi/cDC/cDC1	/PBMC/CD3-CD19-/CD7low cells/CD11c hi HLADR hi/cDC/cDC1	1389	2	1584	16668806	0.467204843592331	1.1998458438059877e-7	0.5327951564076691	0.9999998800154156
dataset_name-FR-FCM-Z3YR_seed-42	cyanno	num-2	run0	15	/PBMC/CD3-CD19-/CD7low cells/CD11c hi HLADR hi/cDC/cDC2	/PBMC/CD3-CD19-/CD7low cells/CD11c hi HLADR hi/cDC/cDC2	52930	1826	449	16616576	0.991588452387643	1.0987819406462787e-4	0.008411547612356919	0.9998901218059354
dataset_name-FR-FCM-Z3YR_seed-42	cyanno	num-2	run0	16	/PBMC/CD3-CD19-/CD7low cells/CD11c low HLADR hi/pDC	/PBMC/CD3-CD19-/CD7low cells/CD11c low HLADR hi/pDC	43214	2746	912	16624909	0.9793319131577755	1.6514655854959703e-4	0.02066808684222454	0.9998348534414504
dataset_name-FR-FCM-Z3YR_seed-42	cyanno	num-2	run0	17	/PBMC/CD3-CD19-/CD7low cells/CD11c low HLADR low/Basophils	/PBMC/CD3-CD19-/CD7low cells/CD11c low HLADR low/Basophils	146171	753	255	16524602	0.9982585060030322	4.556634335540749e-5	0.0017414939969677516	0.9999544336566446
dataset_name-FR-FCM-Z3YR_seed-42	cyanno	num-2	run0	18	/PBMC/T cells/NKT cells	/PBMC/T cells/NKT cells	0	0	1291	16670490	0	0	1	1
dataset_name-FR-FCM-Z3YR_seed-42	cyanno	num-2	run0	19	/PBMC/T cells/T cells CD4/T cells CM	/PBMC/T cells/T cells CD4/T cells CM	1056786	5516	1290	15608189	0.9987808059156431	3.532793785972003e-4	0.0012191940843568894	0.9996467206214028
dataset_name-FR-FCM-Z3YR_seed-42	cyanno	num-2	run0	20	/PBMC/T cells/T cells CD4/T cells EM	/PBMC/T cells/T cells CD4/T cells EM	145123	2530	2047	16522081	0.9860909152680574	1.5310496567816332e-4	0.013909084731942651	0.9998468950343219
dataset_name-FR-FCM-Z3YR_seed-42	cyanno	num-2	run0	21	/PBMC/T cells/T cells CD4/T cells Naive	/PBMC/T cells/T cells CD4/T cells Naive	1386701	5738	569	15278773	0.9995898419197417	3.7541272991985155e-4	4.101580802583491e-4	0.9996245872700802
dataset_name-FR-FCM-Z3YR_seed-42	cyanno	num-2	run0	22	/PBMC/T cells/T cells CD4/T cells TEMRA	/PBMC/T cells/T cells CD4/T cells TEMRA	615	6	4653	16666507	0.11674259681093394	3.600033192306033e-7	0.8832574031890661	0.9999996399966807
dataset_name-FR-FCM-Z3YR_seed-42	cyanno	num-2	run0	23	/PBMC/T cells/T cells CD4hiCD8hi	/PBMC/T cells/T cells CD4hiCD8hi	36163	1459	8851	16625308	0.8033722841782557	8.775007191716826e-5	0.19662771582174435	0.9999122499280828
dataset_name-FR-FCM-Z3YR_seed-42	cyanno	num-2	run0	24	/PBMC/T cells/T cells CD4lowCD8low	/PBMC/T cells/T cells CD4lowCD8low	473221	9263	4331	16184966	0.9909308305692365	5.719938874521287e-4	0.00906916943076356	0.9994280061125479
dataset_name-FR-FCM-Z3YR_seed-42	cyanno	num-2	run0	25	/PBMC/T cells/T cells CD8/T cells CM	/PBMC/T cells/T cells CD8/T cells CM	476348	4390	4141	16186902	0.9913816965632928	2.711333968901308e-4	0.008618303436707189	0.9997288666031099
dataset_name-FR-FCM-Z3YR_seed-42	cyanno	num-2	run0	26	/PBMC/T cells/T cells CD8/T cells EM	/PBMC/T cells/T cells CD8/T cells EM	94599	583	4429	16572170	0.9552752756796058	3.5178222954267164e-5	0.04472472432039423	0.9999648217770457
dataset_name-FR-FCM-Z3YR_seed-42	cyanno	num-2	run0	27	/PBMC/T cells/T cells CD8/T cells Naive	/PBMC/T cells/T cells CD8/T cells Naive	453518	1778	3223	16213262	0.9929434843817393	1.0965128670666245e-4	0.007056515618260677	0.9998903487132933
dataset_name-FR-FCM-Z3YR_seed-42	cyanno	num-2	run0	28	/PBMC/T cells/T cells CD8/T cells TEMRA	/PBMC/T cells/T cells CD8/T cells TEMRA	27955	398	1460	16641968	0.9503654597994221	2.3914868835356703e-5	0.049634540200577934	0.9999760851311646
dataset_name-FR-FCM-Z3YR_seed-42	cyanno	num-3	run0	1	/Granulocytes	/Granulocytes	9667189	34	37	6361126	0.9999961726352523	5.344937086946406e-6	3.8273647476535665e-6	0.9999946550629131
dataset_name-FR-FCM-Z3YR_seed-42	cyanno	num-3	run0	2	/PBMC/B cells/B cells DN	/PBMC/B cells/B cells DN	50793	343	641	15976609	0.9875374266049695	2.1468425266596533e-5	0.012462573395030525	0.9999785315747334
dataset_name-FR-FCM-Z3YR_seed-42	cyanno	num-3	run0	3	/PBMC/B cells/B cells NSM	/PBMC/B cells/B cells NSM	48943	115	398	15978930	0.9919336859812327	7.196925723658704e-6	0.008066314018767354	0.9999928030742763
dataset_name-FR-FCM-Z3YR_seed-42	cyanno	num-3	run0	4	/PBMC/B cells/B cells Naive/B cells TR	/PBMC/B cells/B cells Naive/B cells TR	63701	164	183	15964338	0.9971354329722623	1.0272791471979521e-5	0.002864567027737775	0.999989727208528
dataset_name-FR-FCM-Z3YR_seed-42	cyanno	num-3	run0	5	/PBMC/B cells/B cells SWME/B cells CD27hi CD20hi	/PBMC/B cells/B cells SWME/B cells CD27hi CD20hi	98496	955	112	15928823	0.9988641895180919	5.9950615758738134e-5	0.0011358104819081617	0.9999400493842413
dataset_name-FR-FCM-Z3YR_seed-42	cyanno	num-3	run0	6	/PBMC/B cells/B cells SWME/B cells PB	/PBMC/B cells/B cells SWME/B cells PB	6622	42	833	16020889	0.888262910798122	2.6215704942490547e-6	0.11173708920187793	0.9999973784295058
dataset_name-FR-FCM-Z3YR_seed-42	cyanno	num-3	run0	7	/PBMC/B cells/B cells SWME/B cells PC	/PBMC/B cells/B cells SWME/B cells PC	8361	391	271	16019363	0.9686051899907322	2.4407366055683502e-5	0.03139481000926784	0.9999755926339443
dataset_name-FR-FCM-Z3YR_seed-42	cyanno	num-3	run0	8	/PBMC/CD3 CD19 DP	/PBMC/CD3 CD19 DP	48177	434	778	15978997	0.984107854151772	2.7159915769216063e-5	0.015892145848227963	0.9999728400842308
dataset_name-FR-FCM-Z3YR_seed-42	cyanno	num-3	run0	9	/PBMC/CD3-CD19-/CD7hi cells/NK cells CD56 hi	/PBMC/CD3-CD19-/CD7hi cells/NK cells CD56 hi	23330	58	364	16004634	0.9846374609605807	3.623937280392525e-6	0.015362539039419263	0.9999963760627196
dataset_name-FR-FCM-Z3YR_seed-42	cyanno	num-3	run0	10	/PBMC/CD3-CD19-/CD7hi cells/NK cells CD56 mid	/PBMC/CD3-CD19-/CD7hi cells/NK cells CD56 mid	608280	853	160	15419093	0.9997370324107554	5.531796285149118e-5	2.629675892446256e-4	0.9999446820371485
dataset_name-FR-FCM-Z3YR_seed-42	cyanno	num-3	run0	11	/PBMC/CD3-CD19-/CD7low cells/CD11c hi HLADR hi/Monocytes CD14hi	/PBMC/CD3-CD19-/CD7low cells/CD11c hi HLADR hi/Monocytes CD14hi	999074	3207	343	15025762	0.9996567999143501	2.1338789107888906e-4	3.432000856499339e-4	0.9997866121089211
dataset_name-FR-FCM-Z3YR_seed-42	cyanno	num-3	run0	12	/PBMC/CD3-CD19-/CD7low cells/CD11c hi HLADR hi/Monocytes CD14mid	/PBMC/CD3-CD19-/CD7low cells/CD11c hi HLADR hi/Monocytes CD14mid	47077	281	2588	15978440	0.9478908688211014	1.7585888132097683e-5	0.05210913117889862	0.999982414111868
dataset_name-FR-FCM-Z3YR_seed-42	cyanno	num-3	run0	13	/PBMC/CD3-CD19-/CD7low cells/CD11c hi HLADR hi/Monocytes non-class	/PBMC/CD3-CD19-/CD7low cells/CD11c hi HLADR hi/Monocytes non-class	91048	354	273	15936711	0.99701054521961	2.221237097294891e-5	0.002989454780390053	0.999977787629027
dataset_name-FR-FCM-Z3YR_seed-42	cyanno	num-3	run0	14	/PBMC/CD3-CD19-/CD7low cells/CD11c hi HLADR hi/cDC/cDC1	/PBMC/CD3-CD19-/CD7low cells/CD11c hi HLADR hi/cDC/cDC1	2773	3	68	16025542	0.9760647659274904	1.872011217091213e-7	0.02393523407250968	0.9999998127988783
dataset_name-FR-FCM-Z3YR_seed-42	cyanno	num-3	run0	15	/PBMC/CD3-CD19-/CD7low cells/CD11c hi HLADR hi/cDC/cDC2	/PBMC/CD3-CD19-/CD7low cells/CD11c hi HLADR hi/cDC/cDC2	50819	122	224	15977221	0.9956115432086672	7.635812788146314e-6	0.004388456791332798	0.9999923641872118
dataset_name-FR-FCM-Z3YR_seed-42	cyanno	num-3	run0	16	/PBMC/CD3-CD19-/CD7low cells/CD11c low HLADR hi/pDC	/PBMC/CD3-CD19-/CD7low cells/CD11c low HLADR hi/pDC	42165	277	161	15985783	0.9961961914662383	1.7327596668597514e-5	0.003803808533761754	0.9999826724033314
dataset_name-FR-FCM-Z3YR_seed-42	cyanno	num-3	run0	17	/PBMC/CD3-CD19-/CD7low cells/CD11c low HLADR low/Basophils	/PBMC/CD3-CD19-/CD7low cells/CD11c low HLADR low/Basophils	140603	147	204	15887432	0.9985512083916283	9.252511033934119e-6	0.0014487916083717428	0.9999907474889661
dataset_name-FR-FCM-Z3YR_seed-42	cyanno	num-3	run0	18	/PBMC/T cells/NKT cells	/PBMC/T cells/NKT cells	1	0	1252	16027133	7.980845969672786e-4	0	0.9992019154030327	1
dataset_name-FR-FCM-Z3YR_seed-42	cyanno	num-3	run0	19	/PBMC/T cells/T cells CD4/T cells CM	/PBMC/T cells/T cells CD4/T cells CM	1015724	350	63	15012249	0.9999379791235761	2.3313751336460795e-5	6.202087642389596e-5	0.9999766862486635
dataset_name-FR-FCM-Z3YR_seed-42	cyanno	num-3	run0	20	/PBMC/T cells/T cells CD4/T cells EM	/PBMC/T cells/T cells CD4/T cells EM	140981	136	229	15887040	0.9983783018199844	8.560363402532961e-6	0.0016216981800155797	0.9999914396365974
dataset_name-FR-FCM-Z3YR_seed-42	cyanno	num-3	run0	21	/PBMC/T cells/T cells CD4/T cells Naive	/PBMC/T cells/T cells CD4/T cells Naive	1333106	871	276	14694133	0.9997930075552243	5.927184504339026e-5	2.069924447757657e-4	0.9999407281549566
dataset_name-FR-FCM-Z3YR_seed-42	cyanno	num-3	run0	22	/PBMC/T cells/T cells CD4/T cells TEMRA	/PBMC/T cells/T cells CD4/T cells TEMRA	4411	13	684	16023278	0.8657507360157016	8.113189731123275e-7	0.13424926398429834	0.9999991886810269
dataset_name-FR-FCM-Z3YR_seed-42	cyanno	num-3	run0	23	/PBMC/T cells/T cells CD4hiCD8hi	/PBMC/T cells/T cells CD4hiCD8hi	42682	505	565	15984634	0.9869355099775707	3.159184289858224e-5	0.013064490022429301	0.9999684081571014
dataset_name-FR-FCM-Z3YR_seed-42	cyanno	num-3	run0	24	/PBMC/T cells/T cells CD4lowCD8low	/PBMC/T cells/T cells CD4lowCD8low	458957	1110	325	15567994	0.9992923737485901	7.129504690828708e-5	7.076262514098092e-4	0.9999287049530917
dataset_name-FR-FCM-Z3YR_seed-42	cyanno	num-3	run0	25	/PBMC/T cells/T cells CD8/T cells CM	/PBMC/T cells/T cells CD8/T cells CM	461149	637	201	15566399	0.9995643220981901	4.091980001844924e-5	4.356779018099057e-4	0.9999590801999816
dataset_name-FR-FCM-Z3YR_seed-42	cyanno	num-3	run0	26	/PBMC/T cells/T cells CD8/T cells EM	/PBMC/T cells/T cells CD8/T cells EM	94635	206	306	15933239	0.9967769456820552	1.2928779683238622e-5	0.003223054317944829	0.9999870712203167
dataset_name-FR-FCM-Z3YR_seed-42	cyanno	num-3	run0	27	/PBMC/T cells/T cells CD8/T cells Naive	/PBMC/T cells/T cells CD8/T cells Naive	439032	287	213	15588854	0.9995150770071373	1.8410251084392655e-5	4.8492299286275316e-4	0.9999815897489156
dataset_name-FR-FCM-Z3YR_seed-42	cyanno	num-3	run0	28	/PBMC/T cells/T cells CD8/T cells TEMRA	/PBMC/T cells/T cells CD8/T cells TEMRA	28318	44	187	15999837	0.9934397474127346	2.750020453277121e-6	0.006560252587265392	0.9999972499795468
dataset_name-FR-FCM-Z3YR_seed-42	cyanno	num-4	run0	1	/Granulocytes	/Granulocytes	9747980	73	188	6415715	0.999980714324989	1.1378181448638888e-5	1.9285675010935387e-5	0.9999886218185514
dataset_name-FR-FCM-Z3YR_seed-42	cyanno	num-4	run0	2	/PBMC/B cells/B cells DN	/PBMC/B cells/B cells DN	50723	352	1141	16111740	0.9780001542495758	2.1846945759743677e-5	0.021999845750424185	0.9999781530542402
dataset_name-FR-FCM-Z3YR_seed-42	cyanno	num-4	run0	3	/PBMC/B cells/B cells NSM	/PBMC/B cells/B cells NSM	49341	93	358	16114164	0.9927966357471981	5.771286879686727e-6	0.007203364252801867	0.9999942287131203
dataset_name-FR-FCM-Z3YR_seed-42	cyanno	num-4	run0	4	/PBMC/B cells/B cells Naive/B cells TR	/PBMC/B cells/B cells Naive/B cells TR	64384	141	208	16099223	0.9967797869705227	8.758109947697312e-6	0.0032202130294773346	0.9999912418900523
dataset_name-FR-FCM-Z3YR_seed-42	cyanno	num-4	run0	5	/PBMC/B cells/B cells SWME/B cells CD27hi CD20hi	/PBMC/B cells/B cells SWME/B cells CD27hi CD20hi	99618	410	125	16063803	0.9987467792226021	2.5522569950983592e-5	0.0012532207773979127	0.999974477430049
dataset_name-FR-FCM-Z3YR_seed-42	cyanno	num-4	run0	6	/PBMC/B cells/B cells SWME/B cells PB	/PBMC/B cells/B cells SWME/B cells PB	6837	82	389	16156648	0.9461666205369499	5.075284417081922e-6	0.0538333794630501	0.9999949247155829
dataset_name-FR-FCM-Z3YR_seed-42	cyanno	num-4	run0	7	/PBMC/B cells/B cells SWME/B cells PC	/PBMC/B cells/B cells SWME/B cells PC	8493	553	268	16154642	0.9694098847163566	3.423047508866343e-5	0.03059011528364342	0.9999657695249113
dataset_name-FR-FCM-Z3YR_seed-42	cyanno	num-4	run0	8	/PBMC/CD3 CD19 DP	/PBMC/CD3 CD19 DP	48833	379	709	16114035	0.9856889104194421	2.351931630898896e-5	0.01431108958055791	0.999976480683691
dataset_name-FR-FCM-Z3YR_seed-42	cyanno	num-4	run0	9	/PBMC/CD3-CD19-/CD7hi cells/NK cells CD56 hi	/PBMC/CD3-CD19-/CD7hi cells/NK cells CD56 hi	23364	72	416	16140104	0.9825063078216989	4.460917898293054e-6	0.017493692178301094	0.9999955390821017
dataset_name-FR-FCM-Z3YR_seed-42	cyanno	num-4	run0	10	/PBMC/CD3-CD19-/CD7hi cells/NK cells CD56 mid	/PBMC/CD3-CD19-/CD7hi cells/NK cells CD56 mid	614684	1049	175	15548048	0.9997153819005659	6.746372474234356e-5	2.846180994341792e-4	0.9999325362752577
dataset_name-FR-FCM-Z3YR_seed-42	cyanno	num-4	run0	11	/PBMC/CD3-CD19-/CD7low cells/CD11c hi HLADR hi/Monocytes CD14hi	/PBMC/CD3-CD19-/CD7low cells/CD11c hi HLADR hi/Monocytes CD14hi	1012559	4385	348	15146664	0.9996564344011839	2.8941890426200853e-4	3.4356559881608086e-4	0.999710581095738
dataset_name-FR-FCM-Z3YR_seed-42	cyanno	num-4	run0	12	/PBMC/CD3-CD19-/CD7low cells/CD11c hi HLADR hi/Monocytes CD14mid	/PBMC/CD3-CD19-/CD7low cells/CD11c hi HLADR hi/Monocytes CD14mid	44353	175	3674	16115754	0.9235013638161867	1.0858821728489869e-5	0.07649863618381327	0.9999891411782715
dataset_name-FR-FCM-Z3YR_seed-42	cyanno	num-4	run0	13	/PBMC/CD3-CD19-/CD7low cells/CD11c hi HLADR hi/Monocytes non-class	/PBMC/CD3-CD19-/CD7low cells/CD11c hi HLADR hi/Monocytes non-class	91413	349	300	16071894	0.9967289261064407	2.171445516347656e-5	0.0032710738935592554	0.9999782855448365
dataset_name-FR-FCM-Z3YR_seed-42	cyanno	num-4	run0	14	/PBMC/CD3-CD19-/CD7low cells/CD11c hi HLADR hi/cDC/cDC1	/PBMC/CD3-CD19-/CD7low cells/CD11c hi HLADR hi/cDC/cDC1	2800	4	75	16161077	0.9739130434782609	2.4750819576982503e-07	0.02608695652173913	0.9999997524918043
dataset_name-FR-FCM-Z3YR_seed-42	cyanno	num-4	run0	15	/PBMC/CD3-CD19-/CD7low cells/CD11c hi HLADR hi/cDC/cDC2	/PBMC/CD3-CD19-/CD7low cells/CD11c hi HLADR hi/cDC/cDC2	51597	295	250	16111814	0.9951781202383937	1.8309210792950817e-5	0.0048218797616062644	0.9999816907892071
dataset_name-FR-FCM-Z3YR_seed-42	cyanno	num-4	run0	16	/PBMC/CD3-CD19-/CD7low cells/CD11c low HLADR hi/pDC	/PBMC/CD3-CD19-/CD7low cells/CD11c low HLADR hi/pDC	42603	353	107	16120893	0.997494731912901	2.1896570525628106e-5	0.00250526808709904	0.9999781034294744
dataset_name-FR-FCM-Z3YR_seed-42	cyanno	num-4	run0	17	/PBMC/CD3-CD19-/CD7low cells/CD11c low HLADR low/Basophils	/PBMC/CD3-CD19-/CD7low cells/CD11c low HLADR low/Basophils	141289	191	161	16022315	0.9988617886178862	1.1920732000350008e-5	0.0011382113821138211	0.9999880792679996
dataset_name-FR-FCM-Z3YR_seed-42	cyanno	num-4	run0	18	/PBMC/T cells/NKT cells	/PBMC/T cells/NKT cells	0	0	1255	16162701	0	0	1	1
dataset_name-FR-FCM-Z3YR_seed-42	cyanno	num-4	run0	19	/PBMC/T cells/T cells CD4/T cells CM	/PBMC/T cells/T cells CD4/T cells CM	1022670	481	127	15140678	0.9998758306878099	3.176771342273072e-5	1.2416931219000446e-4	0.9999682322865773
dataset_name-FR-FCM-Z3YR_seed-42	cyanno	num-4	run0	20	/PBMC/T cells/T cells CD4/T cells EM	/PBMC/T cells/T cells CD4/T cells EM	142040	323	288	16021305	0.9979765049744252	2.0160248384246595e-5	0.0020234950255747287	0.9999798397516158
dataset_name-FR-FCM-Z3YR_seed-42	cyanno	num-4	run0	21	/PBMC/T cells/T cells CD4/T cells Naive	/PBMC/T cells/T cells CD4/T cells Naive	1344298	987	307	14818364	0.9997716801588571	6.66021069343725e-5	2.283198411429379e-4	0.9999333978930657
dataset_name-FR-FCM-Z3YR_seed-42	cyanno	num-4	run0	22	/PBMC/T cells/T cells CD4/T cells TEMRA	/PBMC/T cells/T cells CD4/T cells TEMRA	4053	13	1122	16158768	0.7831884057971015	8.045161327454095e-7	0.21681159420289856	0.9999991954838673
dataset_name-FR-FCM-Z3YR_seed-42	cyanno	num-4	run0	23	/PBMC/T cells/T cells CD4hiCD8hi	/PBMC/T cells/T cells CD4hiCD8hi	43044	421	947	16119544	0.9784728694505694	2.6116682015128443e-5	0.021527130549430566	0.9999738833179849
dataset_name-FR-FCM-Z3YR_seed-42	cyanno	num-4	run0	24	/PBMC/T cells/T cells CD4lowCD8low	/PBMC/T cells/T cells CD4lowCD8low	461647	1493	223	15700593	0.9995171801589192	9.508290809259356e-5	4.828198410808236e-4	0.9999049170919074
dataset_name-FR-FCM-Z3YR_seed-42	cyanno	num-4	run0	25	/PBMC/T cells/T cells CD8/T cells CM	/PBMC/T cells/T cells CD8/T cells CM	464736	697	211	15698312	0.9995461848339703	4.439770688710351e-5	4.538151660296765e-4	0.9999556022931129
dataset_name-FR-FCM-Z3YR_seed-42	cyanno	num-4	run0	26	/PBMC/T cells/T cells CD8/T cells EM	/PBMC/T cells/T cells CD8/T cells EM	95371	230	418	16067937	0.9956362421572414	1.4314016029333028e-5	0.004363757842758563	0.9999856859839706
dataset_name-FR-FCM-Z3YR_seed-42	cyanno	num-4	run0	27	/PBMC/T cells/T cells CD8/T cells Naive	/PBMC/T cells/T cells CD8/T cells Naive	442643	489	212	15720612	0.9995212880062323	3.110469171338572e-5	4.787119937677118e-4	0.9999688953082866
dataset_name-FR-FCM-Z3YR_seed-42	cyanno	num-4	run0	28	/PBMC/T cells/T cells CD8/T cells TEMRA	/PBMC/T cells/T cells CD8/T cells TEMRA	28392	101	189	16135274	0.9933872152828802	6.259538436509843e-6	0.006612784717119765	0.9999937404615635
dataset_name-FR-FCM-Z3YR_seed-42	cyanno	num-5	run0	1	/Granulocytes	/Granulocytes	9715245	78	169	6398888	0.999982604961559	1.218946936114366e-5	1.739503844097637e-5	0.9999878105306389
dataset_name-FR-FCM-Z3YR_seed-42	cyanno	num-5	run0	2	/PBMC/B cells/B cells DN	/PBMC/B cells/B cells DN	51487	382	603	16061908	0.9884238817431369	2.3782412096905235e-5	0.011576118256863121	0.9999762175879031
dataset_name-FR-FCM-Z3YR_seed-42	cyanno	num-5	run0	3	/PBMC/B cells/B cells NSM	/PBMC/B cells/B cells NSM	48911	94	194	16065181	0.9960492821504938	5.851129221255161e-6	0.00395071784950616	0.9999941488707788
dataset_name-FR-FCM-Z3YR_seed-42	cyanno	num-5	run0	4	/PBMC/B cells/B cells Naive/B cells TR	/PBMC/B cells/B cells Naive/B cells TR	62818	230	149	16051183	0.9976336811345625	1.4328956584694444e-5	0.0023663188654374514	0.9999856710434153
dataset_name-FR-FCM-Z3YR_seed-42	cyanno	num-5	run0	5	/PBMC/B cells/B cells SWME/B cells CD27hi CD20hi	/PBMC/B cells/B cells SWME/B cells CD27hi CD20hi	99195	335	60	16014790	0.9993954964485416	2.0917726211940277e-5	6.045035514583648e-4	0.9999790822737881
dataset_name-FR-FCM-Z3YR_seed-42	cyanno	num-5	run0	6	/PBMC/B cells/B cells SWME/B cells PB	/PBMC/B cells/B cells SWME/B cells PB	6955	73	400	16106952	0.9456152277362339	4.532183938374715e-6	0.054384772263766146	0.9999954678160616
dataset_name-FR-FCM-Z3YR_seed-42	cyanno	num-5	run0	7	/PBMC/B cells/B cells SWME/B cells PC	/PBMC/B cells/B cells SWME/B cells PC	8466	180	194	16105540	0.9775981524249423	1.1176153565317166e-5	0.022401847575057737	0.9999888238464347
dataset_name-FR-FCM-Z3YR_seed-42	cyanno	num-5	run0	8	/PBMC/CD3 CD19 DP	/PBMC/CD3 CD19 DP	48189	250	819	16065122	0.9832884427032321	1.5561419928527022e-5	0.016711557296767876	0.9999844385800715
dataset_name-FR-FCM-Z3YR_seed-42	cyanno	num-5	run0	9	/PBMC/CD3-CD19-/CD7hi cells/NK cells CD56 hi	/PBMC/CD3-CD19-/CD7hi cells/NK cells CD56 hi	22985	54	164	16091177	0.9929154607110459	3.3558650671287985e-6	0.007084539288954166	0.9999966441349328
dataset_name-FR-FCM-Z3YR_seed-42	cyanno	num-5	run0	10	/PBMC/CD3-CD19-/CD7hi cells/NK cells CD56 mid	/PBMC/CD3-CD19-/CD7hi cells/NK cells CD56 mid	611515	587	142	15502136	0.9997678437424896	3.7864315836643665e-5	2.3215625751033667e-4	0.9999621356841634
dataset_name-FR-FCM-Z3YR_seed-42	cyanno	num-5	run0	11	/PBMC/CD3-CD19-/CD7low cells/CD11c hi HLADR hi/Monocytes CD14hi	/PBMC/CD3-CD19-/CD7low cells/CD11c hi HLADR hi/Monocytes CD14hi	1006863	4668	257	15102592	0.999744816903646	3.089905118466221e-4	2.5518309635395983e-4	0.9996910094881534
dataset_name-FR-FCM-Z3YR_seed-42	cyanno	num-5	run0	12	/PBMC/CD3-CD19-/CD7low cells/CD11c hi HLADR hi/Monocytes CD14mid	/PBMC/CD3-CD19-/CD7low cells/CD11c hi HLADR hi/Monocytes CD14mid	46065	227	4015	16064073	0.9198282747603834	1.4130712200344864e-5	0.08017172523961662	0.9999858692877996
dataset_name-FR-FCM-Z3YR_seed-42	cyanno	num-5	run0	13	/PBMC/CD3-CD19-/CD7low cells/CD11c hi HLADR hi/Monocytes non-class	/PBMC/CD3-CD19-/CD7low cells/CD11c hi HLADR hi/Monocytes non-class	92053	372	254	16021701	0.9972483126956786	2.3217969360144595e-5	0.002751687304321449	0.9999767820306399
dataset_name-FR-FCM-Z3YR_seed-42	cyanno	num-5	run0	14	/PBMC/CD3-CD19-/CD7low cells/CD11c hi HLADR hi/cDC/cDC1	/PBMC/CD3-CD19-/CD7low cells/CD11c hi HLADR hi/cDC/cDC1	2760	3	111	16111506	0.9613375130616509	1.862022979970405e-7	0.038662486938349006	0.999999813797702
dataset_name-FR-FCM-Z3YR_seed-42	cyanno	num-5	run0	15	/PBMC/CD3-CD19-/CD7low cells/CD11c hi HLADR hi/cDC/cDC2	/PBMC/CD3-CD19-/CD7low cells/CD11c hi HLADR hi/cDC/cDC2	51365	124	179	16062712	0.9965272388638833	7.719682875427478e-6	0.003472761136116716	0.9999922803171246
dataset_name-FR-FCM-Z3YR_seed-42	cyanno	num-5	run0	16	/PBMC/CD3-CD19-/CD7low cells/CD11c low HLADR hi/pDC	/PBMC/CD3-CD19-/CD7low cells/CD11c low HLADR hi/pDC	42199	263	524	16071394	0.9877349437071367	1.636421185444662e-5	0.012265056292863329	0.9999836357881455
dataset_name-FR-FCM-Z3YR_seed-42	cyanno	num-5	run0	17	/PBMC/CD3-CD19-/CD7low cells/CD11c low HLADR low/Basophils	/PBMC/CD3-CD19-/CD7low cells/CD11c low HLADR low/Basophils	141435	182	189	15972574	0.9986654804270463	1.139440181769508e-5	0.0013345195729537367	0.9999886055981823
dataset_name-FR-FCM-Z3YR_seed-42	cyanno	num-5	run0	18	/PBMC/T cells/NKT cells	/PBMC/T cells/NKT cells	0	0	1244	16113136	0	0	1	1
dataset_name-FR-FCM-Z3YR_seed-42	cyanno	num-5	run0	19	/PBMC/T cells/T cells CD4/T cells CM	/PBMC/T cells/T cells CD4/T cells CM	1023973	350	129	15089928	0.9998740359846968	2.3193741029820656e-5	1.2596401530316317e-4	0.9999768062589702
dataset_name-FR-FCM-Z3YR_seed-42	cyanno	num-5	run0	20	/PBMC/T cells/T cells CD4/T cells EM	/PBMC/T cells/T cells CD4/T cells EM	142172	83	419	15971706	0.9970615256222343	5.196662690697955e-6	0.002938474377765778	0.9999948033373093
dataset_name-FR-FCM-Z3YR_seed-42	cyanno	num-5	run0	21	/PBMC/T cells/T cells CD4/T cells Naive	/PBMC/T cells/T cells CD4/T cells Naive	1339548	465	187	14774180	0.9998604201577178	3.147283741842867e-5	1.3957984228224238e-4	0.9999685271625816
dataset_name-FR-FCM-Z3YR_seed-42	cyanno	num-5	run0	22	/PBMC/T cells/T cells CD4/T cells TEMRA	/PBMC/T cells/T cells CD4/T cells TEMRA	4676	18	374	16109312	0.925940594059406	1.1173649059271864e-6	0.07405940594059406	0.9999988826350941
dataset_name-FR-FCM-Z3YR_seed-42	cyanno	num-5	run0	23	/PBMC/T cells/T cells CD4hiCD8hi	/PBMC/T cells/T cells CD4hiCD8hi	42777	336	449	16070818	0.9896127330773146	2.0907023851554156e-5	0.01038726692268542	0.9999790929761484
dataset_name-FR-FCM-Z3YR_seed-42	cyanno	num-5	run0	24	/PBMC/T cells/T cells CD4lowCD8low	/PBMC/T cells/T cells CD4lowCD8low	461856	1358	179	15650987	0.9996125834622919	8.67601627743319e-5	3.874165377081823e-4	0.9999132398372257
dataset_name-FR-FCM-Z3YR_seed-42	cyanno	num-5	run0	25	/PBMC/T cells/T cells CD8/T cells CM	/PBMC/T cells/T cells CD8/T cells CM	464477	771	162	15648970	0.999651342224824	4.926599104739177e-5	3.4865777517599684e-4	0.9999507340089526
dataset_name-FR-FCM-Z3YR_seed-42	cyanno	num-5	run0	26	/PBMC/T cells/T cells CD8/T cells EM	/PBMC/T cells/T cells CD8/T cells EM	95621	290	362	16018107	0.9962284987966619	1.8104183583413497e-5	0.003771501203338091	0.9999818958164166
dataset_name-FR-FCM-Z3YR_seed-42	cyanno	num-5	run0	27	/PBMC/T cells/T cells CD8/T cells Naive	/PBMC/T cells/T cells CD8/T cells Naive	440539	347	148	15673346	0.9996641607308588	2.213900706106723e-5	3.3583926914113646e-4	0.999977860992939
dataset_name-FR-FCM-Z3YR_seed-42	cyanno	num-5	run0	28	/PBMC/T cells/T cells CD8/T cells TEMRA	/PBMC/T cells/T cells CD8/T cells TEMRA	27999	116	160	16086105	0.9943179800419049	7.211140515848937e-6	0.005682019958095103	0.9999927888594842
dataset_name-FR-FCM-Z3YR_seed-42	cygate	num-1	run0	1	/Granulocytes	/Granulocytes	9927591	233	117789	6620115	0.9882743111758838	3.5194524517442286e-5	0.01172568882411616	0.9999648054754826
dataset_name-FR-FCM-Z3YR_seed-42	cygate	num-1	run0	2	/PBMC/B cells/B cells DN	/PBMC/B cells/B cells DN	21186	909	32348	16611285	0.39574849628273623	5.4718840870748316e-5	0.6042515037172638	0.9999452811591293
dataset_name-FR-FCM-Z3YR_seed-42	cygate	num-1	run0	3	/PBMC/B cells/B cells NSM	/PBMC/B cells/B cells NSM	50296	4504	926	16610002	0.9819218304634727	2.710884091287457e-4	0.018078169536527272	0.9997289115908713
dataset_name-FR-FCM-Z3YR_seed-42	cygate	num-1	run0	4	/PBMC/B cells/B cells Naive/B cells TR	/PBMC/B cells/B cells Naive/B cells TR	46187	1136	19846	16598559	0.6994533036512047	6.843499232967835e-5	0.3005466963487953	0.9999315650076703
dataset_name-FR-FCM-Z3YR_seed-42	cygate	num-1	run0	5	/PBMC/B cells/B cells SWME/B cells CD27hi CD20hi	/PBMC/B cells/B cells SWME/B cells CD27hi CD20hi	93886	12079	8921	16550842	0.9132257531101968	7.292795757463312e-4	0.08677424688980323	0.9992707204242537
dataset_name-FR-FCM-Z3YR_seed-42	cygate	num-1	run0	6	/PBMC/B cells/B cells SWME/B cells PB	/PBMC/B cells/B cells SWME/B cells PB	3602	640	3957	16657529	0.4765180579441725	3.8419588611449437e-5	0.5234819420558275	0.9999615804113885
dataset_name-FR-FCM-Z3YR_seed-42	cygate	num-1	run0	7	/PBMC/B cells/B cells SWME/B cells PC	/PBMC/B cells/B cells SWME/B cells PC	5523	3427	3476	16653302	0.6137348594288254	2.0574267612806813e-4	0.38626514057117456	0.999794257323872
dataset_name-FR-FCM-Z3YR_seed-42	cygate	num-1	run0	8	/PBMC/CD3 CD19 DP	/PBMC/CD3 CD19 DP	44744	6950	6175	16607859	0.8787289616842436	4.1830152847378507e-4	0.12127103831575639	0.9995816984715262
dataset_name-FR-FCM-Z3YR_seed-42	cygate	num-1	run0	9	/PBMC/CD3-CD19-/CD7hi cells/NK cells CD56 hi	/PBMC/CD3-CD19-/CD7hi cells/NK cells CD56 hi	12701	8704	11736	16632587	0.5197446495068953	5.230363437548205e-4	0.4802553504931047	0.9994769636562452
dataset_name-FR-FCM-Z3YR_seed-42	cygate	num-1	run0	10	/PBMC/CD3-CD19-/CD7hi cells/NK cells CD56 mid	/PBMC/CD3-CD19-/CD7hi cells/NK cells CD56 mid	576435	6414	57668	16025211	0.9090557843126432	4.00084208556525e-4	0.09094421568735679	0.9995999157914435
dataset_name-FR-FCM-Z3YR_seed-42	cygate	num-1	run0	11	/PBMC/CD3-CD19-/CD7low cells/CD11c hi HLADR hi/Monocytes CD14hi	/PBMC/CD3-CD19-/CD7low cells/CD11c hi HLADR hi/Monocytes CD14hi	991211	38814	52280	15583423	0.9498989449837133	0.0024845353453541896	0.05010105501628668	0.9975154646546458
dataset_name-FR-FCM-Z3YR_seed-42	cygate	num-1	run0	12	/PBMC/CD3-CD19-/CD7low cells/CD11c hi HLADR hi/Monocytes CD14mid	/PBMC/CD3-CD19-/CD7low cells/CD11c hi HLADR hi/Monocytes CD14mid	34909	38463	15508	16576848	0.69240533946883	0.002314913034128582	0.30759466053117	0.9976850869658714
dataset_name-FR-FCM-Z3YR_seed-42	cygate	num-1	run0	13	/PBMC/CD3-CD19-/CD7low cells/CD11c hi HLADR hi/Monocytes non-class	/PBMC/CD3-CD19-/CD7low cells/CD11c hi HLADR hi/Monocytes non-class	32562	1804	62279	16569083	0.3433325249628325	1.088656268068209e-4	0.6566674750371675	0.9998911343731932
dataset_name-FR-FCM-Z3YR_seed-42	cygate	num-1	run0	14	/PBMC/CD3-CD19-/CD7low cells/CD11c hi HLADR hi/cDC/cDC1	/PBMC/CD3-CD19-/CD7low cells/CD11c hi HLADR hi/cDC/cDC1	0	0	2978	16662750	0	0	1	1
dataset_name-FR-FCM-Z3YR_seed-42	cygate	num-1	run0	15	/PBMC/CD3-CD19-/CD7low cells/CD11c hi HLADR hi/cDC/cDC2	/PBMC/CD3-CD19-/CD7low cells/CD11c hi HLADR hi/cDC/cDC2	49246	7239	4168	16605075	0.921968023364661	4.3576108662525884e-4	0.07803197663533905	0.9995642389133748
dataset_name-FR-FCM-Z3YR_seed-42	cygate	num-1	run0	16	/PBMC/CD3-CD19-/CD7low cells/CD11c low HLADR hi/pDC	/PBMC/CD3-CD19-/CD7low cells/CD11c low HLADR hi/pDC	42993	6593	1107	16615035	0.9748979591836735	3.9665188030919715e-4	0.02510204081632653	0.9996033481196908
dataset_name-FR-FCM-Z3YR_seed-42	cygate	num-1	run0	17	/PBMC/CD3-CD19-/CD7low cells/CD11c low HLADR low/Basophils	/PBMC/CD3-CD19-/CD7low cells/CD11c low HLADR low/Basophils	146207	1754	156	16517611	0.9989341568565826	1.0617841545362064e-4	0.0010658431434173938	0.9998938215845464
dataset_name-FR-FCM-Z3YR_seed-42	cygate	num-1	run0	18	/PBMC/T cells/NKT cells	/PBMC/T cells/NKT cells	111	55320	1176	16609121	0.08624708624708624	0.003319643305166972	0.9137529137529138	0.996680356694833
dataset_name-FR-FCM-Z3YR_seed-42	cygate	num-1	run0	19	/PBMC/T cells/T cells CD4/T cells CM	/PBMC/T cells/T cells CD4/T cells CM	988680	10412	68597	15598039	0.935119178796096	6.670745226416125e-4	0.064880821203904	0.9993329254773584
dataset_name-FR-FCM-Z3YR_seed-42	cygate	num-1	run0	20	/PBMC/T cells/T cells CD4/T cells EM	/PBMC/T cells/T cells CD4/T cells EM	145735	8324	1230	16510439	0.9916306603613105	5.039118243902403e-4	0.008369339638689483	0.9994960881756098
dataset_name-FR-FCM-Z3YR_seed-42	cygate	num-1	run0	21	/PBMC/T cells/T cells CD4/T cells Naive	/PBMC/T cells/T cells CD4/T cells Naive	1351372	57914	35455	15220987	0.9744344464017501	0.003790455871138899	0.02556555359824982	0.9962095441288611
dataset_name-FR-FCM-Z3YR_seed-42	cygate	num-1	run0	22	/PBMC/T cells/T cells CD4/T cells TEMRA	/PBMC/T cells/T cells CD4/T cells TEMRA	37	5875	5236	16654580	0.007016878437322208	3.526314257323705e-4	0.9929831215626778	0.9996473685742676
dataset_name-FR-FCM-Z3YR_seed-42	cygate	num-1	run0	23	/PBMC/T cells/T cells CD4hiCD8hi	/PBMC/T cells/T cells CD4hiCD8hi	2163	526	42888	16620151	0.04801225278018246	3.164732700118052e-5	0.9519877472198175	0.9999683526729988
dataset_name-FR-FCM-Z3YR_seed-42	cygate	num-1	run0	24	/PBMC/T cells/T cells CD4lowCD8low	/PBMC/T cells/T cells CD4lowCD8low	436861	591	40208	16188068	0.9157186905877347	3.650703866206583e-5	0.08428130941226532	0.9999634929613379
dataset_name-FR-FCM-Z3YR_seed-42	cygate	num-1	run0	25	/PBMC/T cells/T cells CD8/T cells CM	/PBMC/T cells/T cells CD8/T cells CM	375908	3700	104486	16181634	0.7824993651044767	2.286020171100578e-4	0.21750063489552326	0.9997713979828899
dataset_name-FR-FCM-Z3YR_seed-42	cygate	num-1	run0	26	/PBMC/T cells/T cells CD8/T cells EM	/PBMC/T cells/T cells CD8/T cells EM	42233	256	56647	16566592	0.4271136731391586	1.545254715924236e-5	0.5728863268608414	0.9999845474528407
dataset_name-FR-FCM-Z3YR_seed-42	cygate	num-1	run0	27	/PBMC/T cells/T cells CD8/T cells Naive	/PBMC/T cells/T cells CD8/T cells Naive	414375	55583	42275	16153495	0.9074236285995839	0.0034291278011000996	0.09257637140041608	0.9965708721989
dataset_name-FR-FCM-Z3YR_seed-42	cygate	num-1	run0	28	/PBMC/T cells/T cells CD8/T cells TEMRA	/PBMC/T cells/T cells CD8/T cells TEMRA	27290	48035	2168	16588235	0.9264036933939847	0.0028873659780708056	0.07359630660601535	0.9971126340219292
dataset_name-FR-FCM-Z3YR_seed-42	cygate	num-2	run0	1	/Granulocytes	/Granulocytes	9957966	231	91164	6622420	0.9909281699012751	3.488029189519424e-5	0.009071830098724963	0.9999651197081048
dataset_name-FR-FCM-Z3YR_seed-42	cygate	num-2	run0	2	/PBMC/B cells/B cells DN	/PBMC/B cells/B cells DN	31469	215	22178	16617919	0.5865938449493914	1.2937673989149444e-5	0.4134061550506086	0.9999870623260109
dataset_name-FR-FCM-Z3YR_seed-42	cygate	num-2	run0	3	/PBMC/B cells/B cells NSM	/PBMC/B cells/B cells NSM	50606	3363	556	16617256	0.9891325593213713	2.023390344246505e-4	0.01086744067862867	0.9997976609655753
dataset_name-FR-FCM-Z3YR_seed-42	cygate	num-2	run0	4	/PBMC/B cells/B cells Naive/B cells TR	/PBMC/B cells/B cells Naive/B cells TR	63158	4394	2808	16601421	0.9574326168025953	2.64606103343919e-4	0.042567383197404725	0.9997353938966561
dataset_name-FR-FCM-Z3YR_seed-42	cygate	num-2	run0	5	/PBMC/B cells/B cells SWME/B cells CD27hi CD20hi	/PBMC/B cells/B cells SWME/B cells CD27hi CD20hi	84592	7685	18230	16561274	0.8227033125206668	4.638191210443577e-4	0.17729668747933322	0.9995361808789557
dataset_name-FR-FCM-Z3YR_seed-42	cygate	num-2	run0	6	/PBMC/B cells/B cells SWME/B cells PB	/PBMC/B cells/B cells SWME/B cells PB	3141	2791	4439	16661410	0.41437994722955146	1.6748477769801265e-4	0.5856200527704486	0.999832515222302
dataset_name-FR-FCM-Z3YR_seed-42	cygate	num-2	run0	7	/PBMC/B cells/B cells SWME/B cells PC	/PBMC/B cells/B cells SWME/B cells PC	8012	1014	970	16661785	0.8920062346916054	6.085412180750665e-5	0.10799376530839457	0.9999391458781925
dataset_name-FR-FCM-Z3YR_seed-42	cygate	num-2	run0	8	/PBMC/CD3 CD19 DP	/PBMC/CD3 CD19 DP	40829	2695	10067	16618190	0.802204495441685	1.6214539719154546e-4	0.197795504558315	0.9998378546028085
dataset_name-FR-FCM-Z3YR_seed-42	cygate	num-2	run0	9	/PBMC/CD3-CD19-/CD7hi cells/NK cells CD56 hi	/PBMC/CD3-CD19-/CD7hi cells/NK cells CD56 hi	9512	22713	14901	16624655	0.389628476631303	0.0013643598195222212	0.610371523368697	0.9986356401804778
dataset_name-FR-FCM-Z3YR_seed-42	cygate	num-2	run0	10	/PBMC/CD3-CD19-/CD7hi cells/NK cells CD56 mid	/PBMC/CD3-CD19-/CD7hi cells/NK cells CD56 mid	580827	6411	53121	16031422	0.9162060610649454	3.997422843846797e-4	0.08379393893505462	0.9996002577156153
dataset_name-FR-FCM-Z3YR_seed-42	cygate	num-2	run0	11	/PBMC/CD3-CD19-/CD7low cells/CD11c hi HLADR hi/Monocytes CD14hi	/PBMC/CD3-CD19-/CD7low cells/CD11c hi HLADR hi/Monocytes CD14hi	886240	21082	156950	15607509	0.8495480209741274	0.001348937981677299	0.15045197902587257	0.9986510620183227
dataset_name-FR-FCM-Z3YR_seed-42	cygate	num-2	run0	12	/PBMC/CD3-CD19-/CD7low cells/CD11c hi HLADR hi/Monocytes CD14mid	/PBMC/CD3-CD19-/CD7low cells/CD11c hi HLADR hi/Monocytes CD14mid	38336	81344	12498	16539603	0.7541409292992879	0.004894065302055292	0.2458590707007121	0.9951059346979447
dataset_name-FR-FCM-Z3YR_seed-42	cygate	num-2	run0	13	/PBMC/CD3-CD19-/CD7low cells/CD11c hi HLADR hi/Monocytes non-class	/PBMC/CD3-CD19-/CD7low cells/CD11c hi HLADR hi/Monocytes non-class	40957	3930	54036	16572858	0.43115808533260347	2.3707849795750539e-4	0.5688419146673965	0.9997629215020425
dataset_name-FR-FCM-Z3YR_seed-42	cygate	num-2	run0	14	/PBMC/CD3-CD19-/CD7low cells/CD11c hi HLADR hi/cDC/cDC1	/PBMC/CD3-CD19-/CD7low cells/CD11c hi HLADR hi/cDC/cDC1	2478	444	495	16668364	0.8335015136226034	2.663657773249293e-5	0.16649848637739656	0.9999733634222675
dataset_name-FR-FCM-Z3YR_seed-42	cygate	num-2	run0	15	/PBMC/CD3-CD19-/CD7low cells/CD11c hi HLADR hi/cDC/cDC2	/PBMC/CD3-CD19-/CD7low cells/CD11c hi HLADR hi/cDC/cDC2	50079	12431	3300	16605971	0.9381779351430338	7.480261940949557e-4	0.06182206485696622	0.999251973805905
dataset_name-FR-FCM-Z3YR_seed-42	cygate	num-2	run0	16	/PBMC/CD3-CD19-/CD7low cells/CD11c low HLADR hi/pDC	/PBMC/CD3-CD19-/CD7low cells/CD11c low HLADR hi/pDC	42905	5297	1221	16622358	0.9723292389974165	3.185656666559416e-4	0.027670761002583512	0.9996814343333441
dataset_name-FR-FCM-Z3YR_seed-42	cygate	num-2	run0	17	/PBMC/CD3-CD19-/CD7low cells/CD11c low HLADR low/Basophils	/PBMC/CD3-CD19-/CD7low cells/CD11c low HLADR low/Basophils	144722	7564	1704	16517791	0.9883627224673214	4.5772087800836957e-4	0.011637277532678623	0.9995422791219917
dataset_name-FR-FCM-Z3YR_seed-42	cygate	num-2	run0	18	/PBMC/T cells/NKT cells	/PBMC/T cells/NKT cells	242	30793	1049	16639697	0.18745158791634392	0.001847156262353416	0.8125484120836561	0.9981528437376466
dataset_name-FR-FCM-Z3YR_seed-42	cygate	num-2	run0	19	/PBMC/T cells/T cells CD4/T cells CM	/PBMC/T cells/T cells CD4/T cells CM	1032217	16160	25859	15597545	0.9755603567229575	0.001034988172249956	0.02443964327704248	0.99896501182775
dataset_name-FR-FCM-Z3YR_seed-42	cygate	num-2	run0	20	/PBMC/T cells/T cells CD4/T cells EM	/PBMC/T cells/T cells CD4/T cells EM	142429	3595	4741	16521016	0.9677855541210845	2.1755428917509767e-4	0.03221444587891554	0.9997824457108249
dataset_name-FR-FCM-Z3YR_seed-42	cygate	num-2	run0	21	/PBMC/T cells/T cells CD4/T cells Naive	/PBMC/T cells/T cells CD4/T cells Naive	1348058	52833	39212	15231678	0.9717344136325301	0.003456636591121561	0.02826558636746992	0.9965433634088784
dataset_name-FR-FCM-Z3YR_seed-42	cygate	num-2	run0	22	/PBMC/T cells/T cells CD4/T cells TEMRA	/PBMC/T cells/T cells CD4/T cells TEMRA	371	16421	4897	16650092	0.07042520880789674	9.852690841809562e-4	0.9295747911921033	0.999014730915819
dataset_name-FR-FCM-Z3YR_seed-42	cygate	num-2	run0	23	/PBMC/T cells/T cells CD4hiCD8hi	/PBMC/T cells/T cells CD4hiCD8hi	1501	62	43513	16626705	0.033345181499089174	3.728926976603449e-6	0.9666548185009108	0.9999962710730234
dataset_name-FR-FCM-Z3YR_seed-42	cygate	num-2	run0	24	/PBMC/T cells/T cells CD4lowCD8low	/PBMC/T cells/T cells CD4lowCD8low	456631	5108	20921	16189121	0.9561911582403592	3.154210058410314e-4	0.04380884175964084	0.999684578994159
dataset_name-FR-FCM-Z3YR_seed-42	cygate	num-2	run0	25	/PBMC/T cells/T cells CD8/T cells CM	/PBMC/T cells/T cells CD8/T cells CM	403732	3778	76757	16187514	0.8402523262759397	2.3333530146945654e-4	0.1597476737240603	0.9997666646985306
dataset_name-FR-FCM-Z3YR_seed-42	cygate	num-2	run0	26	/PBMC/T cells/T cells CD8/T cells EM	/PBMC/T cells/T cells CD8/T cells EM	72891	4120	26137	16568633	0.7360645474007351	2.486008208774969e-4	0.2639354525992649	0.9997513991791225
dataset_name-FR-FCM-Z3YR_seed-42	cygate	num-2	run0	27	/PBMC/T cells/T cells CD8/T cells Naive	/PBMC/T cells/T cells CD8/T cells Naive	419601	32877	37140	16182163	0.9186847688295993	0.002027562065835175	0.08131523117040074	0.9979724379341648
dataset_name-FR-FCM-Z3YR_seed-42	cygate	num-2	run0	28	/PBMC/T cells/T cells CD8/T cells TEMRA	/PBMC/T cells/T cells CD8/T cells TEMRA	3241	22448	26174	16619918	0.11018187999320075	0.0013488466724022293	0.8898181200067993	0.9986511533275978
dataset_name-FR-FCM-Z3YR_seed-42	cygate	num-3	run0	1	/Granulocytes	/Granulocytes	9615407	2503	51819	6358657	0.994639723949766	3.934816920184369e-4	0.005360276050234059	0.9996065183079815
dataset_name-FR-FCM-Z3YR_seed-42	cygate	num-3	run0	2	/PBMC/B cells/B cells DN	/PBMC/B cells/B cells DN	5235	0	46199	15976952	0.10178092312478128	0	0.8982190768752187	1
dataset_name-FR-FCM-Z3YR_seed-42	cygate	num-3	run0	3	/PBMC/B cells/B cells NSM	/PBMC/B cells/B cells NSM	48283	3532	1058	15975513	0.978557386352121	2.2103949266054387e-4	0.021442613647879045	0.9997789605073395
dataset_name-FR-FCM-Z3YR_seed-42	cygate	num-3	run0	4	/PBMC/B cells/B cells Naive/B cells TR	/PBMC/B cells/B cells Naive/B cells TR	59770	6546	4114	15957956	0.9356020286769771	4.1003471326571915e-4	0.06439797132302298	0.9995899652867343
dataset_name-FR-FCM-Z3YR_seed-42	cygate	num-3	run0	5	/PBMC/B cells/B cells SWME/B cells CD27hi CD20hi	/PBMC/B cells/B cells SWME/B cells CD27hi CD20hi	89411	16037	9197	15913741	0.9067317053383093	0.0010067309161496162	0.09326829466169073	0.9989932690838503
dataset_name-FR-FCM-Z3YR_seed-42	cygate	num-3	run0	6	/PBMC/B cells/B cells SWME/B cells PB	/PBMC/B cells/B cells SWME/B cells PB	3158	6079	4297	16014852	0.42360831656606307	3.7944111987000005e-4	0.576391683433937	0.99962055888013
dataset_name-FR-FCM-Z3YR_seed-42	cygate	num-3	run0	7	/PBMC/B cells/B cells SWME/B cells PC	/PBMC/B cells/B cells SWME/B cells PC	6077	435	2555	16019319	0.7040083410565339	2.7153975023586506e-5	0.2959916589434662	0.9999728460249764
dataset_name-FR-FCM-Z3YR_seed-42	cygate	num-3	run0	8	/PBMC/CD3 CD19 DP	/PBMC/CD3 CD19 DP	46198	18662	2757	15960769	0.9436829741599428	0.0011678763780762907	0.0563170258400572	0.9988321236219238
dataset_name-FR-FCM-Z3YR_seed-42	cygate	num-3	run0	9	/PBMC/CD3-CD19-/CD7hi cells/NK cells CD56 hi	/PBMC/CD3-CD19-/CD7hi cells/NK cells CD56 hi	12269	16516	11425	15988176	0.5178104161391069	0.0010319473814303956	0.48218958386089306	0.9989680526185696
dataset_name-FR-FCM-Z3YR_seed-42	cygate	num-3	run0	10	/PBMC/CD3-CD19-/CD7hi cells/NK cells CD56 mid	/PBMC/CD3-CD19-/CD7hi cells/NK cells CD56 mid	556876	5960	51564	15413986	0.9152521201761883	3.865123781886136e-4	0.08474787982381171	0.9996134876218113
dataset_name-FR-FCM-Z3YR_seed-42	cygate	num-3	run0	11	/PBMC/CD3-CD19-/CD7low cells/CD11c hi HLADR hi/Monocytes CD14hi	/PBMC/CD3-CD19-/CD7low cells/CD11c hi HLADR hi/Monocytes CD14hi	952576	18863	46841	15010106	0.9531316757669721	0.001255109382420045	0.04686832423302786	0.99874489061758
dataset_name-FR-FCM-Z3YR_seed-42	cygate	num-3	run0	12	/PBMC/CD3-CD19-/CD7low cells/CD11c hi HLADR hi/Monocytes CD14mid	/PBMC/CD3-CD19-/CD7low cells/CD11c hi HLADR hi/Monocytes CD14mid	37920	33094	11745	15945627	0.7635155542132286	0.0020711294727531696	0.23648444578677136	0.9979288705272469
dataset_name-FR-FCM-Z3YR_seed-42	cygate	num-3	run0	13	/PBMC/CD3-CD19-/CD7low cells/CD11c hi HLADR hi/Monocytes non-class	/PBMC/CD3-CD19-/CD7low cells/CD11c hi HLADR hi/Monocytes non-class	44988	6622	46333	15930443	0.4926358668871344	4.155093801775923e-4	0.5073641331128657	0.9995844906198224
dataset_name-FR-FCM-Z3YR_seed-42	cygate	num-3	run0	14	/PBMC/CD3-CD19-/CD7low cells/CD11c hi HLADR hi/cDC/cDC1	/PBMC/CD3-CD19-/CD7low cells/CD11c hi HLADR hi/cDC/cDC1	2108	176	733	16025369	0.7419922562478001	1.0982465806935115e-5	0.2580077437521999	0.9999890175341931
dataset_name-FR-FCM-Z3YR_seed-42	cygate	num-3	run0	15	/PBMC/CD3-CD19-/CD7low cells/CD11c hi HLADR hi/cDC/cDC2	/PBMC/CD3-CD19-/CD7low cells/CD11c hi HLADR hi/cDC/cDC2	43448	7782	7595	15969561	0.8512038869188723	4.870647140766772e-4	0.14879611308112767	0.9995129352859233
dataset_name-FR-FCM-Z3YR_seed-42	cygate	num-3	run0	16	/PBMC/CD3-CD19-/CD7low cells/CD11c low HLADR hi/pDC	/PBMC/CD3-CD19-/CD7low cells/CD11c low HLADR hi/pDC	41252	6328	1074	15979732	0.9746255256816141	3.958448798515707e-4	0.025374474318385864	0.9996041551201484
dataset_name-FR-FCM-Z3YR_seed-42	cygate	num-3	run0	17	/PBMC/CD3-CD19-/CD7low cells/CD11c low HLADR low/Basophils	/PBMC/CD3-CD19-/CD7low cells/CD11c low HLADR low/Basophils	140346	1545	461	15886034	0.9967260150418659	9.724577923420554e-5	0.0032739849581341837	0.9999027542207658
dataset_name-FR-FCM-Z3YR_seed-42	cygate	num-3	run0	18	/PBMC/T cells/NKT cells	/PBMC/T cells/NKT cells	279	29608	974	15997525	0.22266560255387072	0.0018473672115904946	0.7773343974461293	0.9981526327884095
dataset_name-FR-FCM-Z3YR_seed-42	cygate	num-3	run0	19	/PBMC/T cells/T cells CD4/T cells CM	/PBMC/T cells/T cells CD4/T cells CM	988025	13586	27762	14999013	0.9726694671225365	9.049732161633039e-4	0.027330532877463485	0.9990950267838367
dataset_name-FR-FCM-Z3YR_seed-42	cygate	num-3	run0	20	/PBMC/T cells/T cells CD4/T cells EM	/PBMC/T cells/T cells CD4/T cells EM	139604	10490	1606	15876686	0.9886268677855676	6.602809712689026e-4	0.011373132214432405	0.9993397190287311
dataset_name-FR-FCM-Z3YR_seed-42	cygate	num-3	run0	21	/PBMC/T cells/T cells CD4/T cells Naive	/PBMC/T cells/T cells CD4/T cells Naive	1290927	41910	42455	14653094	0.9681599121632061	0.002851989696634312	0.03184008783679396	0.9971480103033656
dataset_name-FR-FCM-Z3YR_seed-42	cygate	num-3	run0	22	/PBMC/T cells/T cells CD4/T cells TEMRA	/PBMC/T cells/T cells CD4/T cells TEMRA	6	2110	5089	16021181	0.0011776251226692837	1.3168331025130854e-4	0.9988223748773307	0.9998683166897487
dataset_name-FR-FCM-Z3YR_seed-42	cygate	num-3	run0	23	/PBMC/T cells/T cells CD4hiCD8hi	/PBMC/T cells/T cells CD4hiCD8hi	1997	249	41250	15984890	0.04617661340671029	1.557696808266728e-5	0.9538233865932897	0.9999844230319174
dataset_name-FR-FCM-Z3YR_seed-42	cygate	num-3	run0	24	/PBMC/T cells/T cells CD4lowCD8low	/PBMC/T cells/T cells CD4lowCD8low	436692	1854	22590	15567250	0.9508145322481613	1.1908199726843625e-4	0.04918546775183874	0.9998809180027316
dataset_name-FR-FCM-Z3YR_seed-42	cygate	num-3	run0	25	/PBMC/T cells/T cells CD8/T cells CM	/PBMC/T cells/T cells CD8/T cells CM	385647	2862	75703	15564174	0.8359098298471876	1.838500277124046e-4	0.1640901701528124	0.9998161499722876
dataset_name-FR-FCM-Z3YR_seed-42	cygate	num-3	run0	26	/PBMC/T cells/T cells CD8/T cells EM	/PBMC/T cells/T cells CD8/T cells EM	66500	260	28441	15933185	0.70043500700435	1.6317877270106998e-5	0.2995649929956499	0.9999836821227299
dataset_name-FR-FCM-Z3YR_seed-42	cygate	num-3	run0	27	/PBMC/T cells/T cells CD8/T cells Naive	/PBMC/T cells/T cells CD8/T cells Naive	383174	16746	56071	15572395	0.8723468679210918	0.0010742092845269665	0.12765313207890813	0.998925790715473
dataset_name-FR-FCM-Z3YR_seed-42	cygate	num-3	run0	28	/PBMC/T cells/T cells CD8/T cells TEMRA	/PBMC/T cells/T cells CD8/T cells TEMRA	7784	20172	20721	15979709	0.27307489914050165	0.0012607593768978657	0.7269251008594984	0.9987392406231022
dataset_name-FR-FCM-Z3YR_seed-42	cygate	num-4	run0	1	/Granulocytes	/Granulocytes	9695054	1401	53114	6414387	0.9945513864758999	2.1836756451428882e-4	0.005448613524100118	0.9997816324354857
dataset_name-FR-FCM-Z3YR_seed-42	cygate	num-4	run0	2	/PBMC/B cells/B cells DN	/PBMC/B cells/B cells DN	4268	0	47596	16112092	0.08229214869659109	0	0.9177078513034089	1
dataset_name-FR-FCM-Z3YR_seed-42	cygate	num-4	run0	3	/PBMC/B cells/B cells NSM	/PBMC/B cells/B cells NSM	48990	3128	709	16111129	0.9857341193987806	1.941138210716138e-4	0.01426588060121934	0.9998058861789284
dataset_name-FR-FCM-Z3YR_seed-42	cygate	num-4	run0	4	/PBMC/B cells/B cells Naive/B cells TR	/PBMC/B cells/B cells Naive/B cells TR	61437	6058	3155	16093306	0.9511549417884567	3.7628815647624343e-4	0.048845058211543224	0.9996237118435237
dataset_name-FR-FCM-Z3YR_seed-42	cygate	num-4	run0	5	/PBMC/B cells/B cells SWME/B cells CD27hi CD20hi	/PBMC/B cells/B cells SWME/B cells CD27hi CD20hi	87503	11680	12240	16052533	0.8772846214771964	7.270819927499716e-4	0.1227153785228036	0.99927291800725
dataset_name-FR-FCM-Z3YR_seed-42	cygate	num-4	run0	6	/PBMC/B cells/B cells SWME/B cells PB	/PBMC/B cells/B cells SWME/B cells PB	3734	1704	3492	16155026	0.5167450871851647	1.0546688593545848e-4	0.4832549128148353	0.9998945331140645
dataset_name-FR-FCM-Z3YR_seed-42	cygate	num-4	run0	7	/PBMC/B cells/B cells SWME/B cells PC	/PBMC/B cells/B cells SWME/B cells PC	6216	563	2545	16154632	0.7095080470265951	3.484947102155065e-5	0.29049195297340485	0.9999651505289785
dataset_name-FR-FCM-Z3YR_seed-42	cygate	num-4	run0	8	/PBMC/CD3 CD19 DP	/PBMC/CD3 CD19 DP	43580	2894	5962	16111520	0.8796576642041096	1.795907688607231e-4	0.12034233579589036	0.9998204092311392
dataset_name-FR-FCM-Z3YR_seed-42	cygate	num-4	run0	9	/PBMC/CD3-CD19-/CD7hi cells/NK cells CD56 hi	/PBMC/CD3-CD19-/CD7hi cells/NK cells CD56 hi	11663	14573	12117	16125603	0.49045416316232127	9.029021740531206e-4	0.5095458368376787	0.9990970978259469
dataset_name-FR-FCM-Z3YR_seed-42	cygate	num-4	run0	10	/PBMC/CD3-CD19-/CD7hi cells/NK cells CD56 mid	/PBMC/CD3-CD19-/CD7hi cells/NK cells CD56 mid	562147	6616	52712	15542481	0.914269775672146	4.254909465160581e-4	0.08573022432785403	0.999574509053484
dataset_name-FR-FCM-Z3YR_seed-42	cygate	num-4	run0	11	/PBMC/CD3-CD19-/CD7low cells/CD11c hi HLADR hi/Monocytes CD14hi	/PBMC/CD3-CD19-/CD7low cells/CD11c hi HLADR hi/Monocytes CD14hi	922513	32245	90394	15118804	0.9107578484500551	0.0021282354772926945	0.08924215154994486	0.9978717645227073
dataset_name-FR-FCM-Z3YR_seed-42	cygate	num-4	run0	12	/PBMC/CD3-CD19-/CD7low cells/CD11c hi HLADR hi/Monocytes CD14mid	/PBMC/CD3-CD19-/CD7low cells/CD11c hi HLADR hi/Monocytes CD14mid	36686	66951	11341	16048978	0.7638619942948758	0.004154336991680716	0.2361380057051242	0.9958456630083193
dataset_name-FR-FCM-Z3YR_seed-42	cygate	num-4	run0	13	/PBMC/CD3-CD19-/CD7low cells/CD11c hi HLADR hi/Monocytes non-class	/PBMC/CD3-CD19-/CD7low cells/CD11c hi HLADR hi/Monocytes non-class	33989	15725	57724	16056518	0.37060176856061844	9.783948637411717e-4	0.6293982314393816	0.9990216051362588
dataset_name-FR-FCM-Z3YR_seed-42	cygate	num-4	run0	14	/PBMC/CD3-CD19-/CD7low cells/CD11c hi HLADR hi/cDC/cDC1	/PBMC/CD3-CD19-/CD7low cells/CD11c hi HLADR hi/cDC/cDC1	1082	3348	1793	16157733	0.37634782608695655	2.0716435985934357e-4	0.6236521739130435	0.9997928356401407
dataset_name-FR-FCM-Z3YR_seed-42	cygate	num-4	run0	15	/PBMC/CD3-CD19-/CD7low cells/CD11c hi HLADR hi/cDC/cDC2	/PBMC/CD3-CD19-/CD7low cells/CD11c hi HLADR hi/cDC/cDC2	46937	6439	4910	16105670	0.9052982814820529	3.996373162569841e-4	0.09470171851794704	0.999600362683743
dataset_name-FR-FCM-Z3YR_seed-42	cygate	num-4	run0	16	/PBMC/CD3-CD19-/CD7low cells/CD11c low HLADR hi/pDC	/PBMC/CD3-CD19-/CD7low cells/CD11c low HLADR hi/pDC	41603	7092	1107	16114154	0.974081011472723	4.3991636874718e-4	0.025918988527276983	0.9995600836312528
dataset_name-FR-FCM-Z3YR_seed-42	cygate	num-4	run0	17	/PBMC/CD3-CD19-/CD7low cells/CD11c low HLADR low/Basophils	/PBMC/CD3-CD19-/CD7low cells/CD11c low HLADR low/Basophils	141002	1638	448	16020868	0.9968328031106398	1.0223119903965085e-4	0.003167196889360198	0.9998977688009604
dataset_name-FR-FCM-Z3YR_seed-42	cygate	num-4	run0	18	/PBMC/T cells/NKT cells	/PBMC/T cells/NKT cells	46	10030	1209	16152671	0.036653386454183264	6.205645949894142e-4	0.9633466135458167	0.9993794354050106
dataset_name-FR-FCM-Z3YR_seed-42	cygate	num-4	run0	19	/PBMC/T cells/T cells CD4/T cells CM	/PBMC/T cells/T cells CD4/T cells CM	987569	11314	35228	15129845	0.965557192678508	7.472347394278073e-4	0.03444280732149195	0.9992527652605722
dataset_name-FR-FCM-Z3YR_seed-42	cygate	num-4	run0	20	/PBMC/T cells/T cells CD4/T cells EM	/PBMC/T cells/T cells CD4/T cells EM	140812	8455	1516	16013173	0.9893485470181552	5.277241488817491e-4	0.010651452981844754	0.9994722758511182
dataset_name-FR-FCM-Z3YR_seed-42	cygate	num-4	run0	21	/PBMC/T cells/T cells CD4/T cells Naive	/PBMC/T cells/T cells CD4/T cells Naive	1305414	48528	39191	14770823	0.9708531501816519	0.0032746373306091476	0.029146849818348138	0.9967253626693908
dataset_name-FR-FCM-Z3YR_seed-42	cygate	num-4	run0	22	/PBMC/T cells/T cells CD4/T cells TEMRA	/PBMC/T cells/T cells CD4/T cells TEMRA	13	3477	5162	16155304	0.00251207729468599	2.151771225812145e-4	0.9974879227053141	0.9997848228774188
dataset_name-FR-FCM-Z3YR_seed-42	cygate	num-4	run0	23	/PBMC/T cells/T cells CD4hiCD8hi	/PBMC/T cells/T cells CD4hiCD8hi	3881	558	40110	16119407	0.08822259098451957	3.46154597730206e-5	0.9117774090154804	0.999965384540227
dataset_name-FR-FCM-Z3YR_seed-42	cygate	num-4	run0	24	/PBMC/T cells/T cells CD4lowCD8low	/PBMC/T cells/T cells CD4lowCD8low	433163	993	28707	15701093	0.9378461471842726	6.324000518147717e-5	0.06215385281572737	0.9999367599948186
dataset_name-FR-FCM-Z3YR_seed-42	cygate	num-4	run0	25	/PBMC/T cells/T cells CD8/T cells CM	/PBMC/T cells/T cells CD8/T cells CM	370770	1244	94177	15697765	0.7974457303735695	7.924067054168833e-5	0.20255426962643053	0.9999207593294583
dataset_name-FR-FCM-Z3YR_seed-42	cygate	num-4	run0	26	/PBMC/T cells/T cells CD8/T cells EM	/PBMC/T cells/T cells CD8/T cells EM	62056	551	33733	16067616	0.6478405662445583	3.429140361809782e-5	0.3521594337554417	0.9999657085963819
dataset_name-FR-FCM-Z3YR_seed-42	cygate	num-4	run0	27	/PBMC/T cells/T cells CD8/T cells Naive	/PBMC/T cells/T cells CD8/T cells Naive	388202	14312	54653	15706789	0.8765894028519493	9.103688094109948e-4	0.12341059714805072	0.999089631190589
dataset_name-FR-FCM-Z3YR_seed-42	cygate	num-4	run0	28	/PBMC/T cells/T cells CD8/T cells TEMRA	/PBMC/T cells/T cells CD8/T cells TEMRA	17065	21645	11516	16113730	0.5970749798817396	0.0013414624698837182	0.40292502011826037	0.9986585375301162
dataset_name-FR-FCM-Z3YR_seed-42	cygate	num-5	run0	1	/Granulocytes	/Granulocytes	9621018	224	94396	6398742	0.99028389320311	3.500565560123307e-5	0.009716106796889973	0.9999649943443988
dataset_name-FR-FCM-Z3YR_seed-42	cygate	num-5	run0	2	/PBMC/B cells/B cells DN	/PBMC/B cells/B cells DN	24381	3639	27709	16058651	0.46805528892301784	2.2655549115350302e-4	0.5319447110769822	0.9997734445088465
dataset_name-FR-FCM-Z3YR_seed-42	cygate	num-5	run0	3	/PBMC/B cells/B cells NSM	/PBMC/B cells/B cells NSM	48463	2937	642	16062338	0.9869259749516343	1.8281666513645113e-4	0.013074025048365747	0.9998171833348636
dataset_name-FR-FCM-Z3YR_seed-42	cygate	num-5	run0	4	/PBMC/B cells/B cells Naive/B cells TR	/PBMC/B cells/B cells Naive/B cells TR	60992	3483	1975	16047930	0.9686343640319532	2.169902425412641e-4	0.03136563596804676	0.9997830097574587
dataset_name-FR-FCM-Z3YR_seed-42	cygate	num-5	run0	5	/PBMC/B cells/B cells SWME/B cells CD27hi CD20hi	/PBMC/B cells/B cells SWME/B cells CD27hi CD20hi	86975	9261	12280	16005864	0.8762782731348546	5.782658580560563e-4	0.12372172686514533	0.9994217341419439
dataset_name-FR-FCM-Z3YR_seed-42	cygate	num-5	run0	6	/PBMC/B cells/B cells SWME/B cells PB	/PBMC/B cells/B cells SWME/B cells PB	4336	2956	3019	16104069	0.589530931339225	1.8352240714843368e-4	0.410469068660775	0.9998164775928515
dataset_name-FR-FCM-Z3YR_seed-42	cygate	num-5	run0	7	/PBMC/B cells/B cells SWME/B cells PC	/PBMC/B cells/B cells SWME/B cells PC	5341	604	3319	16105116	0.6167436489607391	3.750220418584205e-5	0.383256351039261	0.9999624977958141
dataset_name-FR-FCM-Z3YR_seed-42	cygate	num-5	run0	8	/PBMC/CD3 CD19 DP	/PBMC/CD3 CD19 DP	36454	2053	12554	16063319	0.743837740777016	1.277903804530639e-4	0.256162259222984	0.9998722096195469
dataset_name-FR-FCM-Z3YR_seed-42	cygate	num-5	run0	9	/PBMC/CD3-CD19-/CD7hi cells/NK cells CD56 hi	/PBMC/CD3-CD19-/CD7hi cells/NK cells CD56 hi	10149	18571	13000	16072660	0.4384206661194868	0.0011541068548453503	0.5615793338805132	0.9988458931451546
dataset_name-FR-FCM-Z3YR_seed-42	cygate	num-5	run0	10	/PBMC/CD3-CD19-/CD7hi cells/NK cells CD56 mid	/PBMC/CD3-CD19-/CD7hi cells/NK cells CD56 mid	556662	4637	54995	15498086	0.9100884973114016	2.9910874367038615e-4	0.08991150268859835	0.9997008912563297
dataset_name-FR-FCM-Z3YR_seed-42	cygate	num-5	run0	11	/PBMC/CD3-CD19-/CD7low cells/CD11c hi HLADR hi/Monocytes CD14hi	/PBMC/CD3-CD19-/CD7low cells/CD11c hi HLADR hi/Monocytes CD14hi	735409	14232	271711	15093028	0.730209905473032	9.420636170953568e-4	0.269790094526968	0.9990579363829046
dataset_name-FR-FCM-Z3YR_seed-42	cygate	num-5	run0	12	/PBMC/CD3-CD19-/CD7low cells/CD11c hi HLADR hi/Monocytes CD14mid	/PBMC/CD3-CD19-/CD7low cells/CD11c hi HLADR hi/Monocytes CD14mid	38188	168839	11892	15895461	0.7625399361022365	0.010510199635215977	0.23746006389776358	0.9894898003647841
dataset_name-FR-FCM-Z3YR_seed-42	cygate	num-5	run0	13	/PBMC/CD3-CD19-/CD7low cells/CD11c hi HLADR hi/Monocytes non-class	/PBMC/CD3-CD19-/CD7low cells/CD11c hi HLADR hi/Monocytes non-class	43609	5817	48698	16016256	0.4724343765911578	3.630616337848417e-4	0.5275656234088423	0.9996369383662151
dataset_name-FR-FCM-Z3YR_seed-42	cygate	num-5	run0	14	/PBMC/CD3-CD19-/CD7low cells/CD11c hi HLADR hi/cDC/cDC1	/PBMC/CD3-CD19-/CD7low cells/CD11c hi HLADR hi/cDC/cDC1	2017	322	854	16111187	0.7025426680599094	1.9985713318349015e-5	0.29745733194009055	0.9999800142866816
dataset_name-FR-FCM-Z3YR_seed-42	cygate	num-5	run0	15	/PBMC/CD3-CD19-/CD7low cells/CD11c hi HLADR hi/cDC/cDC2	/PBMC/CD3-CD19-/CD7low cells/CD11c hi HLADR hi/cDC/cDC2	46084	10919	5460	16051917	0.8940710848983393	6.797678815870373e-4	0.10592891510166072	0.9993202321184129
dataset_name-FR-FCM-Z3YR_seed-42	cygate	num-5	run0	16	/PBMC/CD3-CD19-/CD7low cells/CD11c low HLADR hi/pDC	/PBMC/CD3-CD19-/CD7low cells/CD11c low HLADR hi/pDC	41591	6499	1132	16065158	0.9735037333520586	4.0437647468459536e-4	0.02649626664794139	0.9995956235253154
dataset_name-FR-FCM-Z3YR_seed-42	cygate	num-5	run0	17	/PBMC/CD3-CD19-/CD7low cells/CD11c low HLADR low/Basophils	/PBMC/CD3-CD19-/CD7low cells/CD11c low HLADR low/Basophils	141112	1521	512	15971235	0.9963847935378185	9.522464376216603e-5	0.003615206462181551	0.9999047753562378
dataset_name-FR-FCM-Z3YR_seed-42	cygate	num-5	run0	18	/PBMC/T cells/NKT cells	/PBMC/T cells/NKT cells	96	13401	1148	16099735	0.07717041800643087	8.316816788488597e-4	0.9228295819935691	0.9991683183211512
dataset_name-FR-FCM-Z3YR_seed-42	cygate	num-5	run0	19	/PBMC/T cells/T cells CD4/T cells CM	/PBMC/T cells/T cells CD4/T cells CM	999071	15680	25031	15074598	0.9755580987050118	0.0010390795981359655	0.024441901294988196	0.998960920401864
dataset_name-FR-FCM-Z3YR_seed-42	cygate	num-5	run0	20	/PBMC/T cells/T cells CD4/T cells EM	/PBMC/T cells/T cells CD4/T cells EM	138340	4199	4251	15967590	0.9701874592365577	2.629010438342255e-4	0.029812540763442294	0.9997370989561658
dataset_name-FR-FCM-Z3YR_seed-42	cygate	num-5	run0	21	/PBMC/T cells/T cells CD4/T cells Naive	/PBMC/T cells/T cells CD4/T cells Naive	1292931	46745	46804	14727900	0.9650647329509194	0.0031638662045687053	0.0349352670490806	0.9968361337954313
dataset_name-FR-FCM-Z3YR_seed-42	cygate	num-5	run0	22	/PBMC/T cells/T cells CD4/T cells TEMRA	/PBMC/T cells/T cells CD4/T cells TEMRA	829	5602	4221	16103728	0.16415841584158417	3.477487890557832e-4	0.8358415841584158	0.9996522512109443
dataset_name-FR-FCM-Z3YR_seed-42	cygate	num-5	run0	23	/PBMC/T cells/T cells CD4hiCD8hi	/PBMC/T cells/T cells CD4hiCD8hi	1078	1292	42148	16069862	0.024938694304353862	8.039248457204754e-5	0.9750613056956461	0.999919607515428
dataset_name-FR-FCM-Z3YR_seed-42	cygate	num-5	run0	24	/PBMC/T cells/T cells CD4lowCD8low	/PBMC/T cells/T cells CD4lowCD8low	441642	5449	20393	15646896	0.9558626510978605	3.481267503367706e-4	0.044137348902139446	0.9996518732496632
dataset_name-FR-FCM-Z3YR_seed-42	cygate	num-5	run0	25	/PBMC/T cells/T cells CD8/T cells CM	/PBMC/T cells/T cells CD8/T cells CM	391905	3854	72734	15645887	0.8434612677799324	2.462660564158857e-4	0.15653873222006762	0.9997537339435841
dataset_name-FR-FCM-Z3YR_seed-42	cygate	num-5	run0	26	/PBMC/T cells/T cells CD8/T cells EM	/PBMC/T cells/T cells CD8/T cells EM	70145	705	25838	16017692	0.7308064969838409	4.401189457347074e-5	0.26919350301615913	0.9999559881054265
dataset_name-FR-FCM-Z3YR_seed-42	cygate	num-5	run0	27	/PBMC/T cells/T cells CD8/T cells Naive	/PBMC/T cells/T cells CD8/T cells Naive	402989	38379	37698	15635314	0.9144562921075503	0.0024486252218925047	0.08554370789244975	0.9975513747781075
dataset_name-FR-FCM-Z3YR_seed-42	cygate	num-5	run0	28	/PBMC/T cells/T cells CD8/T cells TEMRA	/PBMC/T cells/T cells CD8/T cells TEMRA	17739	31689	10420	16054532	0.6299584502290564	0.0019699468259201463	0.37004154977094356	0.9980300531740799
dataset_name-FR-FCM-Z3YR_seed-42	dgcytof	num-1	run0	1	/Granulocytes	/Granulocytes	10032198	7748	13182	6612600	0.9986877549679554	0.0011703312273010423	0.0013122450320445817	0.998829668772699
dataset_name-FR-FCM-Z3YR_seed-42	dgcytof	num-1	run0	2	/PBMC/B cells/B cells DN	/PBMC/B cells/B cells DN	42037	4938	11497	16607256	0.7852392871819778	2.9725152499423017e-4	0.2147607128180222	0.9997027484750057
dataset_name-FR-FCM-Z3YR_seed-42	dgcytof	num-1	run0	3	/PBMC/B cells/B cells NSM	/PBMC/B cells/B cells NSM	34323	149	16899	16614357	0.6700831673890125	8.968066820644563e-6	0.3299168326109875	0.9999910319331794
dataset_name-FR-FCM-Z3YR_seed-42	dgcytof	num-1	run0	4	/PBMC/B cells/B cells Naive/B cells TR	/PBMC/B cells/B cells Naive/B cells TR	63520	1037	2513	16598658	0.961943270788848	6.24710273291166e-5	0.038056729211152	0.9999375289726709
dataset_name-FR-FCM-Z3YR_seed-42	dgcytof	num-1	run0	5	/PBMC/B cells/B cells SWME/B cells CD27hi CD20hi	/PBMC/B cells/B cells SWME/B cells CD27hi CD20hi	100021	27111	2786	16535810	0.9729006779693989	0.0016368489591902298	0.02709932203060103	0.9983631510408097
dataset_name-FR-FCM-Z3YR_seed-42	dgcytof	num-1	run0	6	/PBMC/B cells/B cells SWME/B cells PB	/PBMC/B cells/B cells SWME/B cells PB	4792	3093	2767	16655076	0.633946289191692	1.8567466808627045e-4	0.36605371080830795	0.9998143253319137
dataset_name-FR-FCM-Z3YR_seed-42	dgcytof	num-1	run0	7	/PBMC/B cells/B cells SWME/B cells PC	/PBMC/B cells/B cells SWME/B cells PC	7124	492	1875	16656237	0.7916435159462163	2.953761209658871e-5	0.20835648405378376	0.9999704623879034
dataset_name-FR-FCM-Z3YR_seed-42	dgcytof	num-1	run0	8	/PBMC/CD3 CD19 DP	/PBMC/CD3 CD19 DP	48137	1363	2782	16613446	0.9453642058956382	8.203524939708906e-5	0.054635794104361826	0.9999179647506029
dataset_name-FR-FCM-Z3YR_seed-42	dgcytof	num-1	run0	9	/PBMC/CD3-CD19-/CD7hi cells/NK cells CD56 hi	/PBMC/CD3-CD19-/CD7hi cells/NK cells CD56 hi	6397	368	18040	16640923	0.2617751769857184	2.2113668945516306e-5	0.7382248230142816	0.9999778863310544
dataset_name-FR-FCM-Z3YR_seed-42	dgcytof	num-1	run0	10	/PBMC/CD3-CD19-/CD7hi cells/NK cells CD56 mid	/PBMC/CD3-CD19-/CD7hi cells/NK cells CD56 mid	629999	25321	4104	16006304	0.9935278653467969	0.0015794406368661942	0.006472134653203028	0.9984205593631338
dataset_name-FR-FCM-Z3YR_seed-42	dgcytof	num-1	run0	11	/PBMC/CD3-CD19-/CD7low cells/CD11c hi HLADR hi/Monocytes CD14hi	/PBMC/CD3-CD19-/CD7low cells/CD11c hi HLADR hi/Monocytes CD14hi	1041853	44106	1638	15578131	0.9984302691637973	0.002823283246823102	0.001569730836202708	0.9971767167531769
dataset_name-FR-FCM-Z3YR_seed-42	dgcytof	num-1	run0	12	/PBMC/CD3-CD19-/CD7low cells/CD11c hi HLADR hi/Monocytes CD14mid	/PBMC/CD3-CD19-/CD7low cells/CD11c hi HLADR hi/Monocytes CD14mid	20197	2822	30220	16612489	0.4005990043041038	1.6984334509296877e-4	0.5994009956958962	0.999830156654907
dataset_name-FR-FCM-Z3YR_seed-42	dgcytof	num-1	run0	13	/PBMC/CD3-CD19-/CD7low cells/CD11c hi HLADR hi/Monocytes non-class	/PBMC/CD3-CD19-/CD7low cells/CD11c hi HLADR hi/Monocytes non-class	78159	664	16682	16570223	0.8241056083339484	4.0070275055282195e-5	0.1758943916660516	0.9999599297249447
dataset_name-FR-FCM-Z3YR_seed-42	dgcytof	num-1	run0	14	/PBMC/CD3-CD19-/CD7low cells/CD11c hi HLADR hi/cDC/cDC1	/PBMC/CD3-CD19-/CD7low cells/CD11c hi HLADR hi/cDC/cDC1	0	0	2978	16662750	0	0	1	1
dataset_name-FR-FCM-Z3YR_seed-42	dgcytof	num-1	run0	15	/PBMC/CD3-CD19-/CD7low cells/CD11c hi HLADR hi/cDC/cDC2	/PBMC/CD3-CD19-/CD7low cells/CD11c hi HLADR hi/cDC/cDC2	49083	11027	4331	16601287	0.9189163889616955	6.637847081387939e-4	0.08108361103830457	0.9993362152918612
dataset_name-FR-FCM-Z3YR_seed-42	dgcytof	num-1	run0	16	/PBMC/CD3-CD19-/CD7low cells/CD11c low HLADR hi/pDC	/PBMC/CD3-CD19-/CD7low cells/CD11c low HLADR hi/pDC	43610	5473	490	16616155	0.9888888888888889	3.2926979234525043e-4	0.011111111111111112	0.9996707302076547
dataset_name-FR-FCM-Z3YR_seed-42	dgcytof	num-1	run0	17	/PBMC/CD3-CD19-/CD7low cells/CD11c low HLADR low/Basophils	/PBMC/CD3-CD19-/CD7low cells/CD11c low HLADR low/Basophils	146136	1130	227	16518235	0.9984490615797709	6.840456639828468e-5	0.0015509384202291563	0.9999315954336017
dataset_name-FR-FCM-Z3YR_seed-42	dgcytof	num-1	run0	18	/PBMC/T cells/NKT cells	/PBMC/T cells/NKT cells	20	929	1267	16663512	0.01554001554001554	5.5747444513740364e-5	0.9844599844599845	0.9999442525554862
dataset_name-FR-FCM-Z3YR_seed-42	dgcytof	num-1	run0	19	/PBMC/T cells/T cells CD4/T cells CM	/PBMC/T cells/T cells CD4/T cells CM	1032415	13157	24862	15595294	0.9764848757704935	8.429407889354299e-4	0.023515124229506554	0.9991570592110646
dataset_name-FR-FCM-Z3YR_seed-42	dgcytof	num-1	run0	20	/PBMC/T cells/T cells CD4/T cells EM	/PBMC/T cells/T cells CD4/T cells EM	142398	3498	4567	16515265	0.9689245738781342	2.1175919770747968e-4	0.03107542612186575	0.9997882408022926
dataset_name-FR-FCM-Z3YR_seed-42	dgcytof	num-1	run0	21	/PBMC/T cells/T cells CD4/T cells Naive	/PBMC/T cells/T cells CD4/T cells Naive	1379471	29316	7356	15249585	0.9946958056051692	0.001918724389928307	0.00530419439483079	0.9980812756100716
dataset_name-FR-FCM-Z3YR_seed-42	dgcytof	num-1	run0	22	/PBMC/T cells/T cells CD4/T cells TEMRA	/PBMC/T cells/T cells CD4/T cells TEMRA	3199	1235	2074	16659220	0.6066755167836146	7.412762736671957e-5	0.39332448321638536	0.9999258723726333
dataset_name-FR-FCM-Z3YR_seed-42	dgcytof	num-1	run0	23	/PBMC/T cells/T cells CD4hiCD8hi	/PBMC/T cells/T cells CD4hiCD8hi	36782	2313	8269	16618364	0.816452464984129	1.3916400637591358e-4	0.1835475350158709	0.9998608359936241
dataset_name-FR-FCM-Z3YR_seed-42	dgcytof	num-1	run0	24	/PBMC/T cells/T cells CD4lowCD8low	/PBMC/T cells/T cells CD4lowCD8low	461892	7020	15177	16181639	0.9681869918187935	4.336369059351982e-4	0.03181300818120649	0.9995663630940648
dataset_name-FR-FCM-Z3YR_seed-42	dgcytof	num-1	run0	25	/PBMC/T cells/T cells CD8/T cells CM	/PBMC/T cells/T cells CD8/T cells CM	473994	26104	6400	16159230	0.9866776021349143	0.001612818122875932	0.013322397865085742	0.998387181877124
dataset_name-FR-FCM-Z3YR_seed-42	dgcytof	num-1	run0	26	/PBMC/T cells/T cells CD8/T cells EM	/PBMC/T cells/T cells CD8/T cells EM	89327	4112	9553	16562736	0.9033879449838188	2.482065387453304e-4	0.09661205501618123	0.9997517934612546
dataset_name-FR-FCM-Z3YR_seed-42	dgcytof	num-1	run0	27	/PBMC/T cells/T cells CD8/T cells Naive	/PBMC/T cells/T cells CD8/T cells Naive	436492	4322	20158	16204756	0.9558567830942735	2.6664070590566596e-4	0.044143216905726486	0.9997333592940943
dataset_name-FR-FCM-Z3YR_seed-42	dgcytof	num-1	run0	28	/PBMC/T cells/T cells CD8/T cells TEMRA	/PBMC/T cells/T cells CD8/T cells TEMRA	26748	6556	2710	16629714	0.9080046167424808	3.94078720770942e-4	0.09199538325751919	0.9996059212792291
dataset_name-FR-FCM-Z3YR_seed-42	dgcytof	num-2	run0	1	/Granulocytes	/Granulocytes	10044531	10460	4599	6612191	0.999542348442104	0.0015794279360334706	4.5765155789605666e-4	0.9984205720639665
dataset_name-FR-FCM-Z3YR_seed-42	dgcytof	num-2	run0	2	/PBMC/B cells/B cells DN	/PBMC/B cells/B cells DN	37398	1363	16249	16616771	0.6971126064831211	8.201883556842183e-5	0.3028873935168789	0.9999179811644315
dataset_name-FR-FCM-Z3YR_seed-42	dgcytof	num-2	run0	3	/PBMC/B cells/B cells NSM	/PBMC/B cells/B cells NSM	47965	4576	3197	16616043	0.9375122160978852	2.753206724731492e-4	0.06248778390211485	0.9997246793275268
dataset_name-FR-FCM-Z3YR_seed-42	dgcytof	num-2	run0	4	/PBMC/B cells/B cells Naive/B cells TR	/PBMC/B cells/B cells Naive/B cells TR	62318	1199	3648	16604616	0.944698784222175	7.220362264664517e-5	0.05530121577782494	0.9999277963773534
dataset_name-FR-FCM-Z3YR_seed-42	dgcytof	num-2	run0	5	/PBMC/B cells/B cells SWME/B cells CD27hi CD20hi	/PBMC/B cells/B cells SWME/B cells CD27hi CD20hi	100266	14885	2556	16554074	0.9751415066814495	8.983666384834437e-4	0.024858493318550504	0.9991016333615166
dataset_name-FR-FCM-Z3YR_seed-42	dgcytof	num-2	run0	6	/PBMC/B cells/B cells SWME/B cells PB	/PBMC/B cells/B cells SWME/B cells PB	2799	1088	4781	16663113	0.3692612137203166	6.528965895214538e-5	0.6307387862796834	0.9999347103410479
dataset_name-FR-FCM-Z3YR_seed-42	dgcytof	num-2	run0	7	/PBMC/B cells/B cells SWME/B cells PC	/PBMC/B cells/B cells SWME/B cells PC	8639	1726	343	16661073	0.9618125139167223	1.035840377117914e-4	0.03818748608327767	0.9998964159622882
dataset_name-FR-FCM-Z3YR_seed-42	dgcytof	num-2	run0	8	/PBMC/CD3 CD19 DP	/PBMC/CD3 CD19 DP	48877	4538	2019	16616347	0.9603308707953474	2.730299860687322e-4	0.039669129204652626	0.9997269700139313
dataset_name-FR-FCM-Z3YR_seed-42	dgcytof	num-2	run0	9	/PBMC/CD3-CD19-/CD7hi cells/NK cells CD56 hi	/PBMC/CD3-CD19-/CD7hi cells/NK cells CD56 hi	20794	10157	3619	16637211	0.8517593085651087	6.101264776510017e-4	0.14824069143489124	0.999389873522349
dataset_name-FR-FCM-Z3YR_seed-42	dgcytof	num-2	run0	10	/PBMC/CD3-CD19-/CD7hi cells/NK cells CD56 mid	/PBMC/CD3-CD19-/CD7hi cells/NK cells CD56 mid	619807	7533	14141	16030300	0.9776937540618473	4.697018605942586e-4	0.022306245938152655	0.9995302981394057
dataset_name-FR-FCM-Z3YR_seed-42	dgcytof	num-2	run0	11	/PBMC/CD3-CD19-/CD7low cells/CD11c hi HLADR hi/Monocytes CD14hi	/PBMC/CD3-CD19-/CD7low cells/CD11c hi HLADR hi/Monocytes CD14hi	1017401	13163	25789	15615428	0.9752787124109702	8.422384333942836e-4	0.024721287589029802	0.9991577615666057
dataset_name-FR-FCM-Z3YR_seed-42	dgcytof	num-2	run0	12	/PBMC/CD3-CD19-/CD7low cells/CD11c hi HLADR hi/Monocytes CD14mid	/PBMC/CD3-CD19-/CD7low cells/CD11c hi HLADR hi/Monocytes CD14mid	39625	24188	11209	16596759	0.779497973797065	0.0014552720732458866	0.22050202620293505	0.9985447279267541
dataset_name-FR-FCM-Z3YR_seed-42	dgcytof	num-2	run0	13	/PBMC/CD3-CD19-/CD7low cells/CD11c hi HLADR hi/Monocytes non-class	/PBMC/CD3-CD19-/CD7low cells/CD11c hi HLADR hi/Monocytes non-class	90848	21762	4145	16555026	0.9563652058572737	0.0013127995604456063	0.04363479414272631	0.9986872004395544
dataset_name-FR-FCM-Z3YR_seed-42	dgcytof	num-2	run0	14	/PBMC/CD3-CD19-/CD7low cells/CD11c hi HLADR hi/cDC/cDC1	/PBMC/CD3-CD19-/CD7low cells/CD11c hi HLADR hi/cDC/cDC1	1939	77	1034	16668731	0.6522031617894383	4.619406498653053e-6	0.34779683821056173	0.9999953805935013
dataset_name-FR-FCM-Z3YR_seed-42	dgcytof	num-2	run0	15	/PBMC/CD3-CD19-/CD7low cells/CD11c hi HLADR hi/cDC/cDC2	/PBMC/CD3-CD19-/CD7low cells/CD11c hi HLADR hi/cDC/cDC2	38909	1118	14470	16617284	0.7289196125817269	6.727481980517742e-5	0.2710803874182731	0.9999327251801948
dataset_name-FR-FCM-Z3YR_seed-42	dgcytof	num-2	run0	16	/PBMC/CD3-CD19-/CD7low cells/CD11c low HLADR hi/pDC	/PBMC/CD3-CD19-/CD7low cells/CD11c low HLADR hi/pDC	42470	2604	1656	16625051	0.9624711054706976	1.5660656899604906e-4	0.03752889452930245	0.9998433934310039
dataset_name-FR-FCM-Z3YR_seed-42	dgcytof	num-2	run0	17	/PBMC/CD3-CD19-/CD7low cells/CD11c low HLADR low/Basophils	/PBMC/CD3-CD19-/CD7low cells/CD11c low HLADR low/Basophils	146161	594	265	16524761	0.9981902121207982	3.594476487797085e-5	0.001809787879201781	0.999964055235122
dataset_name-FR-FCM-Z3YR_seed-42	dgcytof	num-2	run0	18	/PBMC/T cells/NKT cells	/PBMC/T cells/NKT cells	6	169	1285	16670321	0.004647560030983733	1.0137674417488628e-5	0.9953524399690162	0.9999898623255825
dataset_name-FR-FCM-Z3YR_seed-42	dgcytof	num-2	run0	19	/PBMC/T cells/T cells CD4/T cells CM	/PBMC/T cells/T cells CD4/T cells CM	1035901	18904	22175	15594801	0.9790421482010744	0.0012107312133795279	0.020957851798925595	0.9987892687866204
dataset_name-FR-FCM-Z3YR_seed-42	dgcytof	num-2	run0	20	/PBMC/T cells/T cells CD4/T cells EM	/PBMC/T cells/T cells CD4/T cells EM	143142	4557	4028	16520054	0.9726302914996263	2.757704856108262e-4	0.027369708500373718	0.9997242295143892
dataset_name-FR-FCM-Z3YR_seed-42	dgcytof	num-2	run0	21	/PBMC/T cells/T cells CD4/T cells Naive	/PBMC/T cells/T cells CD4/T cells Naive	1375100	23218	12170	15261293	0.9912273746278663	0.0015190541588147636	0.008772625372133759	0.9984809458411852
dataset_name-FR-FCM-Z3YR_seed-42	dgcytof	num-2	run0	22	/PBMC/T cells/T cells CD4/T cells TEMRA	/PBMC/T cells/T cells CD4/T cells TEMRA	3625	1033	1643	16665480	0.6881169324221716	6.198057146086887e-5	0.3118830675778284	0.9999380194285391
dataset_name-FR-FCM-Z3YR_seed-42	dgcytof	num-2	run0	23	/PBMC/T cells/T cells CD4hiCD8hi	/PBMC/T cells/T cells CD4hiCD8hi	33019	2049	11995	16624718	0.7335273470475852	1.2323502217839464e-4	0.2664726529524148	0.9998767649778216
dataset_name-FR-FCM-Z3YR_seed-42	dgcytof	num-2	run0	24	/PBMC/T cells/T cells CD4lowCD8low	/PBMC/T cells/T cells CD4lowCD8low	468649	25343	8903	16168886	0.9813570040540088	0.0015649402018459786	0.018642995945991222	0.9984350597981541
dataset_name-FR-FCM-Z3YR_seed-42	dgcytof	num-2	run0	25	/PBMC/T cells/T cells CD8/T cells CM	/PBMC/T cells/T cells CD8/T cells CM	427290	4947	53199	16186345	0.8892815444266153	3.0553460465045036e-4	0.11071845557338461	0.9996944653953496
dataset_name-FR-FCM-Z3YR_seed-42	dgcytof	num-2	run0	26	/PBMC/T cells/T cells CD8/T cells EM	/PBMC/T cells/T cells CD8/T cells EM	87617	3444	11411	16569309	0.8847699640505715	2.078109774519659e-4	0.11523003594942845	0.9997921890225481
dataset_name-FR-FCM-Z3YR_seed-42	dgcytof	num-2	run0	27	/PBMC/T cells/T cells CD8/T cells Naive	/PBMC/T cells/T cells CD8/T cells Naive	451354	41594	5387	16173446	0.988205569458402	0.0025651493921692455	0.011794430541597973	0.9974348506078308
dataset_name-FR-FCM-Z3YR_seed-42	dgcytof	num-2	run0	28	/PBMC/T cells/T cells CD8/T cells TEMRA	/PBMC/T cells/T cells CD8/T cells TEMRA	23951	5091	5464	16637275	0.8142444331123576	3.059060232180929e-4	0.18575556688764236	0.9996940939767819
dataset_name-FR-FCM-Z3YR_seed-42	dgcytof	num-3	run0	1	/Granulocytes	/Granulocytes	9662416	3666	4810	6357494	0.9995024425828051	5.763099811983978e-4	4.975574171949637e-4	0.9994236900188016
dataset_name-FR-FCM-Z3YR_seed-42	dgcytof	num-3	run0	2	/PBMC/B cells/B cells DN	/PBMC/B cells/B cells DN	44960	1355	6474	15975597	0.8741299529494109	8.480966832722537e-5	0.1258700470505891	0.9999151903316728
dataset_name-FR-FCM-Z3YR_seed-42	dgcytof	num-3	run0	3	/PBMC/B cells/B cells NSM	/PBMC/B cells/B cells NSM	45680	590	3661	15978455	0.9258020712997305	3.692335806050988e-5	0.07419792870026955	0.9999630766419395
dataset_name-FR-FCM-Z3YR_seed-42	dgcytof	num-3	run0	4	/PBMC/B cells/B cells Naive/B cells TR	/PBMC/B cells/B cells Naive/B cells TR	63454	745	430	15963757	0.993269050153403	4.6666034430638675e-5	0.0067309498465969566	0.9999533339655694
dataset_name-FR-FCM-Z3YR_seed-42	dgcytof	num-3	run0	5	/PBMC/B cells/B cells SWME/B cells CD27hi CD20hi	/PBMC/B cells/B cells SWME/B cells CD27hi CD20hi	96972	9946	1636	15919832	0.9834090540321272	6.243652610852455e-4	0.016590945967872788	0.9993756347389148
dataset_name-FR-FCM-Z3YR_seed-42	dgcytof	num-3	run0	6	/PBMC/B cells/B cells SWME/B cells PB	/PBMC/B cells/B cells SWME/B cells PB	5081	2548	2374	16018383	0.6815560026827633	1.5904194331777598e-4	0.31844399731723677	0.9998409580566823
dataset_name-FR-FCM-Z3YR_seed-42	dgcytof	num-3	run0	7	/PBMC/B cells/B cells SWME/B cells PC	/PBMC/B cells/B cells SWME/B cells PC	7610	640	1022	16019114	0.8816033364226136	3.995067589677095e-5	0.11839666357738647	0.9999600493241032
dataset_name-FR-FCM-Z3YR_seed-42	dgcytof	num-3	run0	8	/PBMC/CD3 CD19 DP	/PBMC/CD3 CD19 DP	47985	753	970	15978678	0.9801858849964253	4.7123079664100684e-5	0.01981411500357471	0.9999528769203359
dataset_name-FR-FCM-Z3YR_seed-42	dgcytof	num-3	run0	9	/PBMC/CD3-CD19-/CD7hi cells/NK cells CD56 hi	/PBMC/CD3-CD19-/CD7hi cells/NK cells CD56 hi	19051	1696	4643	16002996	0.8040432176922427	1.0596892461285728e-4	0.19595678230775723	0.9998940310753871
dataset_name-FR-FCM-Z3YR_seed-42	dgcytof	num-3	run0	10	/PBMC/CD3-CD19-/CD7hi cells/NK cells CD56 mid	/PBMC/CD3-CD19-/CD7hi cells/NK cells CD56 mid	605977	8148	2463	15411798	0.9959519426730655	5.284065197115476e-4	0.004048057326934455	0.9994715934802885
dataset_name-FR-FCM-Z3YR_seed-42	dgcytof	num-3	run0	11	/PBMC/CD3-CD19-/CD7low cells/CD11c hi HLADR hi/Monocytes CD14hi	/PBMC/CD3-CD19-/CD7low cells/CD11c hi HLADR hi/Monocytes CD14hi	994025	10033	5392	15018936	0.9946048546302494	6.675773966930133e-4	0.005395145369750565	0.999332422603307
dataset_name-FR-FCM-Z3YR_seed-42	dgcytof	num-3	run0	12	/PBMC/CD3-CD19-/CD7low cells/CD11c hi HLADR hi/Monocytes CD14mid	/PBMC/CD3-CD19-/CD7low cells/CD11c hi HLADR hi/Monocytes CD14mid	38573	4176	11092	15974545	0.7766636464310883	2.6134757594177907e-4	0.2233363535689117	0.9997386524240582
dataset_name-FR-FCM-Z3YR_seed-42	dgcytof	num-3	run0	13	/PBMC/CD3-CD19-/CD7low cells/CD11c hi HLADR hi/Monocytes non-class	/PBMC/CD3-CD19-/CD7low cells/CD11c hi HLADR hi/Monocytes non-class	89373	7383	1948	15929682	0.9786686523362644	4.6325970308836665e-4	0.021331347663735616	0.9995367402969116
dataset_name-FR-FCM-Z3YR_seed-42	dgcytof	num-3	run0	14	/PBMC/CD3-CD19-/CD7low cells/CD11c hi HLADR hi/cDC/cDC1	/PBMC/CD3-CD19-/CD7low cells/CD11c hi HLADR hi/cDC/cDC1	2588	52	253	16025493	0.9109468497008095	3.244819442958102e-6	0.08905315029919042	0.9999967551805571
dataset_name-FR-FCM-Z3YR_seed-42	dgcytof	num-3	run0	15	/PBMC/CD3-CD19-/CD7low cells/CD11c hi HLADR hi/cDC/cDC2	/PBMC/CD3-CD19-/CD7low cells/CD11c hi HLADR hi/cDC/cDC2	48428	952	2615	15976391	0.9487686852261819	5.958437519930567e-5	0.051231314773818155	0.9999404156248007
dataset_name-FR-FCM-Z3YR_seed-42	dgcytof	num-3	run0	16	/PBMC/CD3-CD19-/CD7low cells/CD11c low HLADR hi/pDC	/PBMC/CD3-CD19-/CD7low cells/CD11c low HLADR hi/pDC	41701	929	625	15985131	0.9852336625242168	5.8113131065440765e-5	0.014766337475783207	0.9999418868689346
dataset_name-FR-FCM-Z3YR_seed-42	dgcytof	num-3	run0	17	/PBMC/CD3-CD19-/CD7low cells/CD11c low HLADR low/Basophils	/PBMC/CD3-CD19-/CD7low cells/CD11c low HLADR low/Basophils	140442	119	365	15887460	0.9974077993281584	7.4901279798514295e-6	0.0025922006718415986	0.9999925098720202
dataset_name-FR-FCM-Z3YR_seed-42	dgcytof	num-3	run0	18	/PBMC/T cells/NKT cells	/PBMC/T cells/NKT cells	0	0	1253	16027133	0	0	1	1
dataset_name-FR-FCM-Z3YR_seed-42	dgcytof	num-3	run0	19	/PBMC/T cells/T cells CD4/T cells CM	/PBMC/T cells/T cells CD4/T cells CM	1013918	31550	1869	14981049	0.9981600473327578	0.00210156815618668	0.0018399526672422466	0.9978984318438133
dataset_name-FR-FCM-Z3YR_seed-42	dgcytof	num-3	run0	20	/PBMC/T cells/T cells CD4/T cells EM	/PBMC/T cells/T cells CD4/T cells EM	139307	2833	1903	15884343	0.9865236173075561	1.7831992293658734e-4	0.013476382692443879	0.9998216800770634
dataset_name-FR-FCM-Z3YR_seed-42	dgcytof	num-3	run0	21	/PBMC/T cells/T cells CD4/T cells Naive	/PBMC/T cells/T cells CD4/T cells Naive	1307054	4041	26328	14690963	0.9802547207026944	2.7499141885228476e-4	0.01974527929730565	0.9997250085811478
dataset_name-FR-FCM-Z3YR_seed-42	dgcytof	num-3	run0	22	/PBMC/T cells/T cells CD4/T cells TEMRA	/PBMC/T cells/T cells CD4/T cells TEMRA	3971	274	1124	16023017	0.7793915603532875	1.710010758713675e-5	0.22060843964671245	0.9999828998924128
dataset_name-FR-FCM-Z3YR_seed-42	dgcytof	num-3	run0	23	/PBMC/T cells/T cells CD4hiCD8hi	/PBMC/T cells/T cells CD4hiCD8hi	40928	3888	2319	15981251	0.9463777834300645	2.432259112667084e-4	0.05362221656993549	0.9997567740887333
dataset_name-FR-FCM-Z3YR_seed-42	dgcytof	num-3	run0	24	/PBMC/T cells/T cells CD4lowCD8low	/PBMC/T cells/T cells CD4lowCD8low	450298	7166	8984	15561938	0.9804390330994901	4.602705460763831e-4	0.019560966900509926	0.9995397294539237
dataset_name-FR-FCM-Z3YR_seed-42	dgcytof	num-3	run0	25	/PBMC/T cells/T cells CD8/T cells CM	/PBMC/T cells/T cells CD8/T cells CM	457216	21464	4134	15545572	0.9910393410642679	0.0013788109695384528	0.00896065893573209	0.9986211890304616
dataset_name-FR-FCM-Z3YR_seed-42	dgcytof	num-3	run0	26	/PBMC/T cells/T cells CD8/T cells EM	/PBMC/T cells/T cells CD8/T cells EM	91809	3256	3132	15930189	0.9670110910986823	2.0435003227487841e-4	0.032988908901317664	0.9997956499677251
dataset_name-FR-FCM-Z3YR_seed-42	dgcytof	num-3	run0	27	/PBMC/T cells/T cells CD8/T cells Naive	/PBMC/T cells/T cells CD8/T cells Naive	415121	450	24124	15588691	0.9450784869491969	2.8866247344866534e-5	0.05492151305080308	0.9999711337526551
dataset_name-FR-FCM-Z3YR_seed-42	dgcytof	num-3	run0	28	/PBMC/T cells/T cells CD8/T cells TEMRA	/PBMC/T cells/T cells CD8/T cells TEMRA	24538	1257	3967	15998624	0.8608314330819155	7.856308431293958e-5	0.13916856691808455	0.999921436915687
dataset_name-FR-FCM-Z3YR_seed-42	dgcytof	num-4	run0	1	/Granulocytes	/Granulocytes	9744195	6124	3973	6409664	0.9995924362403275	9.545203176912953e-4	4.0756375967258666e-4	0.9990454796823087
dataset_name-FR-FCM-Z3YR_seed-42	dgcytof	num-4	run0	2	/PBMC/B cells/B cells DN	/PBMC/B cells/B cells DN	39207	544	12657	16111548	0.7559578898658029	3.376346162869477e-5	0.24404211013419713	0.9999662365383714
dataset_name-FR-FCM-Z3YR_seed-42	dgcytof	num-4	run0	3	/PBMC/B cells/B cells NSM	/PBMC/B cells/B cells NSM	46114	1083	3585	16113174	0.9278657518259925	6.720756656667447e-5	0.07213424817400753	0.9999327924334334
dataset_name-FR-FCM-Z3YR_seed-42	dgcytof	num-4	run0	4	/PBMC/B cells/B cells Naive/B cells TR	/PBMC/B cells/B cells Naive/B cells TR	64203	1640	389	16097724	0.9939775823631409	1.0186737811506094e-4	0.006022417636859054	0.999898132621885
dataset_name-FR-FCM-Z3YR_seed-42	dgcytof	num-4	run0	5	/PBMC/B cells/B cells SWME/B cells CD27hi CD20hi	/PBMC/B cells/B cells SWME/B cells CD27hi CD20hi	99436	18840	307	16045373	0.9969220897707107	0.0011727932143330022	0.0030779102292892734	0.9988272067856669
dataset_name-FR-FCM-Z3YR_seed-42	dgcytof	num-4	run0	6	/PBMC/B cells/B cells SWME/B cells PB	/PBMC/B cells/B cells SWME/B cells PB	1297	387	5929	16156343	0.17949072792693052	2.3952866700130535e-5	0.8205092720730695	0.9999760471332999
dataset_name-FR-FCM-Z3YR_seed-42	dgcytof	num-4	run0	7	/PBMC/B cells/B cells SWME/B cells PC	/PBMC/B cells/B cells SWME/B cells PC	8381	1053	380	16154142	0.9566259559411027	6.518027173302457e-5	0.04337404405889739	0.9999348197282669
dataset_name-FR-FCM-Z3YR_seed-42	dgcytof	num-4	run0	8	/PBMC/CD3 CD19 DP	/PBMC/CD3 CD19 DP	48664	1109	878	16113305	0.9822776633967139	6.882037410730542e-5	0.0177223366032861	0.9999311796258927
dataset_name-FR-FCM-Z3YR_seed-42	dgcytof	num-4	run0	9	/PBMC/CD3-CD19-/CD7hi cells/NK cells CD56 hi	/PBMC/CD3-CD19-/CD7hi cells/NK cells CD56 hi	17913	661	5867	16139515	0.7532800672834314	4.095370459405151e-5	0.24671993271656856	0.999959046295406
dataset_name-FR-FCM-Z3YR_seed-42	dgcytof	num-4	run0	10	/PBMC/CD3-CD19-/CD7hi cells/NK cells CD56 mid	/PBMC/CD3-CD19-/CD7hi cells/NK cells CD56 mid	613595	9720	1264	15539377	0.9979442441275154	6.251166868403998e-4	0.0020557558724845857	0.9993748833131596
dataset_name-FR-FCM-Z3YR_seed-42	dgcytof	num-4	run0	11	/PBMC/CD3-CD19-/CD7low cells/CD11c hi HLADR hi/Monocytes CD14hi	/PBMC/CD3-CD19-/CD7low cells/CD11c hi HLADR hi/Monocytes CD14hi	1005814	14849	7093	15136200	0.9929973827804527	9.800641526537205e-4	0.007002617219547303	0.9990199358473463
dataset_name-FR-FCM-Z3YR_seed-42	dgcytof	num-4	run0	12	/PBMC/CD3-CD19-/CD7low cells/CD11c hi HLADR hi/Monocytes CD14mid	/PBMC/CD3-CD19-/CD7low cells/CD11c hi HLADR hi/Monocytes CD14mid	32886	963	15141	16114966	0.684739833843463	5.975454471163282e-5	0.31526016615653696	0.9999402454552884
dataset_name-FR-FCM-Z3YR_seed-42	dgcytof	num-4	run0	13	/PBMC/CD3-CD19-/CD7low cells/CD11c hi HLADR hi/Monocytes non-class	/PBMC/CD3-CD19-/CD7low cells/CD11c hi HLADR hi/Monocytes non-class	81909	2939	9804	16069304	0.8931013051584835	1.828618444855519e-4	0.10689869484151647	0.9998171381555144
dataset_name-FR-FCM-Z3YR_seed-42	dgcytof	num-4	run0	14	/PBMC/CD3-CD19-/CD7low cells/CD11c hi HLADR hi/cDC/cDC1	/PBMC/CD3-CD19-/CD7low cells/CD11c hi HLADR hi/cDC/cDC1	2864	4396	11	16156685	0.9961739130434782	2.7201150715103775e-4	0.0038260869565217392	0.9997279884928489
dataset_name-FR-FCM-Z3YR_seed-42	dgcytof	num-4	run0	15	/PBMC/CD3-CD19-/CD7low cells/CD11c hi HLADR hi/cDC/cDC2	/PBMC/CD3-CD19-/CD7low cells/CD11c hi HLADR hi/cDC/cDC2	48909	9306	2938	16102803	0.9433332690416032	5.775780191159333e-4	0.05666673095839682	0.999422421980884
dataset_name-FR-FCM-Z3YR_seed-42	dgcytof	num-4	run0	16	/PBMC/CD3-CD19-/CD7low cells/CD11c low HLADR hi/pDC	/PBMC/CD3-CD19-/CD7low cells/CD11c low HLADR hi/pDC	41267	906	1443	16120340	0.9662140014048233	5.619913001761775e-5	0.033785998595176774	0.9999438008699824
dataset_name-FR-FCM-Z3YR_seed-42	dgcytof	num-4	run0	17	/PBMC/CD3-CD19-/CD7low cells/CD11c low HLADR low/Basophils	/PBMC/CD3-CD19-/CD7low cells/CD11c low HLADR low/Basophils	141073	234	377	16022272	0.9973347472605161	1.4604457005664407e-5	0.0026652527394839167	0.9999853955429944
dataset_name-FR-FCM-Z3YR_seed-42	dgcytof	num-4	run0	18	/PBMC/T cells/NKT cells	/PBMC/T cells/NKT cells	0	4	1255	16162697	0	2.474833878322689e-7	1	0.9999997525166122
dataset_name-FR-FCM-Z3YR_seed-42	dgcytof	num-4	run0	19	/PBMC/T cells/T cells CD4/T cells CM	/PBMC/T cells/T cells CD4/T cells CM	1015402	27454	7395	15113705	0.9927698262705111	0.0018132033353589379	0.007230173729488843	0.998186796664641
dataset_name-FR-FCM-Z3YR_seed-42	dgcytof	num-4	run0	20	/PBMC/T cells/T cells CD4/T cells EM	/PBMC/T cells/T cells CD4/T cells EM	133899	513	8429	16021115	0.9407776403799674	3.201921802203871e-5	0.059222359620032604	0.999967980781978
dataset_name-FR-FCM-Z3YR_seed-42	dgcytof	num-4	run0	21	/PBMC/T cells/T cells CD4/T cells Naive	/PBMC/T cells/T cells CD4/T cells Naive	1316637	2451	27968	14816900	0.9791998393580271	1.6539185825344173e-4	0.02080016064197292	0.9998346081417465
dataset_name-FR-FCM-Z3YR_seed-42	dgcytof	num-4	run0	22	/PBMC/T cells/T cells CD4/T cells TEMRA	/PBMC/T cells/T cells CD4/T cells TEMRA	4134	485	1041	16158296	0.7988405797101449	3.0014640337040276e-5	0.20115942028985506	0.999969985359663
dataset_name-FR-FCM-Z3YR_seed-42	dgcytof	num-4	run0	23	/PBMC/T cells/T cells CD4hiCD8hi	/PBMC/T cells/T cells CD4hiCD8hi	40874	9743	3117	16110222	0.9291445977586325	6.044057787966661e-4	0.07085540224136755	0.9993955942212034
dataset_name-FR-FCM-Z3YR_seed-42	dgcytof	num-4	run0	24	/PBMC/T cells/T cells CD4lowCD8low	/PBMC/T cells/T cells CD4lowCD8low	457916	13890	3954	15688196	0.9914391495442441	8.845958428708135e-4	0.008560850455755949	0.9991154041571292
dataset_name-FR-FCM-Z3YR_seed-42	dgcytof	num-4	run0	25	/PBMC/T cells/T cells CD8/T cells CM	/PBMC/T cells/T cells CD8/T cells CM	453654	12769	11293	15686240	0.975711210094914	8.133634422402077e-4	0.024288789905085956	0.9991866365577597
dataset_name-FR-FCM-Z3YR_seed-42	dgcytof	num-4	run0	26	/PBMC/T cells/T cells CD8/T cells EM	/PBMC/T cells/T cells CD8/T cells EM	85481	1339	10308	16066828	0.8923884788441262	8.33324672316388e-5	0.10761152115587384	0.9999166675327683
dataset_name-FR-FCM-Z3YR_seed-42	dgcytof	num-4	run0	27	/PBMC/T cells/T cells CD8/T cells Naive	/PBMC/T cells/T cells CD8/T cells Naive	436574	10982	6281	15710119	0.9858170281469104	6.985515836327239e-4	0.014182971853089612	0.9993014484163673
dataset_name-FR-FCM-Z3YR_seed-42	dgcytof	num-4	run0	28	/PBMC/T cells/T cells CD8/T cells TEMRA	/PBMC/T cells/T cells CD8/T cells TEMRA	24750	2524	3831	16132851	0.8659599034323502	1.564264852846618e-4	0.13404009656764984	0.9998435735147153
dataset_name-FR-FCM-Z3YR_seed-42	dgcytof	num-5	run0	1	/Granulocytes	/Granulocytes	9711042	4341	4372	6394625	0.9995499934434086	6.783908525221106e-4	4.5000655659141236e-4	0.9993216091474779
dataset_name-FR-FCM-Z3YR_seed-42	dgcytof	num-5	run0	2	/PBMC/B cells/B cells DN	/PBMC/B cells/B cells DN	47039	1980	5051	16060310	0.9030332117488962	1.2327009411484914e-4	0.09696678825110386	0.9998767299058852
dataset_name-FR-FCM-Z3YR_seed-42	dgcytof	num-5	run0	3	/PBMC/B cells/B cells NSM	/PBMC/B cells/B cells NSM	48358	2725	747	16062550	0.9847876998269015	1.6962050136085438e-4	0.015212300173098462	0.9998303794986392
dataset_name-FR-FCM-Z3YR_seed-42	dgcytof	num-5	run0	4	/PBMC/B cells/B cells Naive/B cells TR	/PBMC/B cells/B cells Naive/B cells TR	62662	630	305	16050783	0.9951561929264535	3.9248881079815214e-5	0.004843807073546461	0.9999607511189201
dataset_name-FR-FCM-Z3YR_seed-42	dgcytof	num-5	run0	5	/PBMC/B cells/B cells SWME/B cells CD27hi CD20hi	/PBMC/B cells/B cells SWME/B cells CD27hi CD20hi	95366	4711	3889	16010414	0.960818094806307	2.9415942741627056e-4	0.039181905193693016	0.9997058405725837
dataset_name-FR-FCM-Z3YR_seed-42	dgcytof	num-5	run0	6	/PBMC/B cells/B cells SWME/B cells PB	/PBMC/B cells/B cells SWME/B cells PB	4584	1234	2771	16105791	0.62324949014276	7.661253397197806e-5	0.37675050985723996	0.999923387466028
dataset_name-FR-FCM-Z3YR_seed-42	dgcytof	num-5	run0	7	/PBMC/B cells/B cells SWME/B cells PC	/PBMC/B cells/B cells SWME/B cells PC	8389	1002	271	16104718	0.9687066974595843	6.221392151359889e-5	0.03129330254041571	0.9999377860784864
dataset_name-FR-FCM-Z3YR_seed-42	dgcytof	num-5	run0	8	/PBMC/CD3 CD19 DP	/PBMC/CD3 CD19 DP	48278	869	730	16064503	0.9851044727391446	5.409149567155992e-5	0.01489552726085537	0.9999459085043284
dataset_name-FR-FCM-Z3YR_seed-42	dgcytof	num-5	run0	9	/PBMC/CD3-CD19-/CD7hi cells/NK cells CD56 hi	/PBMC/CD3-CD19-/CD7hi cells/NK cells CD56 hi	17776	268	5373	16090963	0.767894941466154	1.6655034036861443e-5	0.23210505853384594	0.9999833449659631
dataset_name-FR-FCM-Z3YR_seed-42	dgcytof	num-5	run0	10	/PBMC/CD3-CD19-/CD7hi cells/NK cells CD56 mid	/PBMC/CD3-CD19-/CD7hi cells/NK cells CD56 mid	610993	10192	664	15492531	0.9989144242606559	6.574328909830873e-4	0.0010855757393441095	0.9993425671090169
dataset_name-FR-FCM-Z3YR_seed-42	dgcytof	num-5	run0	11	/PBMC/CD3-CD19-/CD7low cells/CD11c hi HLADR hi/Monocytes CD14hi	/PBMC/CD3-CD19-/CD7low cells/CD11c hi HLADR hi/Monocytes CD14hi	1005566	20327	1554	15086933	0.9984569862578442	0.001345512025344106	0.0015430137421558504	0.998654487974656
dataset_name-FR-FCM-Z3YR_seed-42	dgcytof	num-5	run0	12	/PBMC/CD3-CD19-/CD7low cells/CD11c hi HLADR hi/Monocytes CD14mid	/PBMC/CD3-CD19-/CD7low cells/CD11c hi HLADR hi/Monocytes CD14mid	36480	4974	13600	16059326	0.7284345047923323	3.096306717379531e-4	0.2715654952076677	0.999690369328262
dataset_name-FR-FCM-Z3YR_seed-42	dgcytof	num-5	run0	13	/PBMC/CD3-CD19-/CD7low cells/CD11c hi HLADR hi/Monocytes non-class	/PBMC/CD3-CD19-/CD7low cells/CD11c hi HLADR hi/Monocytes non-class	85574	3560	6733	16018513	0.9270586196063137	2.221934702207386e-4	0.07294138039368629	0.9997778065297792
dataset_name-FR-FCM-Z3YR_seed-42	dgcytof	num-5	run0	14	/PBMC/CD3-CD19-/CD7low cells/CD11c hi HLADR hi/cDC/cDC1	/PBMC/CD3-CD19-/CD7low cells/CD11c hi HLADR hi/cDC/cDC1	2703	27	168	16111482	0.9414838035527691	1.6758206819733646e-6	0.05851619644723093	0.999998324179318
dataset_name-FR-FCM-Z3YR_seed-42	dgcytof	num-5	run0	15	/PBMC/CD3-CD19-/CD7low cells/CD11c hi HLADR hi/cDC/cDC2	/PBMC/CD3-CD19-/CD7low cells/CD11c hi HLADR hi/cDC/cDC2	46095	518	5449	16062318	0.8942844948005587	3.2248352657027685e-5	0.10571550519944126	0.999967751647343
dataset_name-FR-FCM-Z3YR_seed-42	dgcytof	num-5	run0	16	/PBMC/CD3-CD19-/CD7low cells/CD11c low HLADR hi/pDC	/PBMC/CD3-CD19-/CD7low cells/CD11c low HLADR hi/pDC	40924	317	1799	16071340	0.9578915338342345	1.9724164098325392e-5	0.04210846616576551	0.9999802758359017
dataset_name-FR-FCM-Z3YR_seed-42	dgcytof	num-5	run0	17	/PBMC/CD3-CD19-/CD7low cells/CD11c low HLADR low/Basophils	/PBMC/CD3-CD19-/CD7low cells/CD11c low HLADR low/Basophils	141210	193	414	15972563	0.9970767666497203	1.20830744550283e-5	0.002923233350279614	0.999987916925545
dataset_name-FR-FCM-Z3YR_seed-42	dgcytof	num-5	run0	18	/PBMC/T cells/NKT cells	/PBMC/T cells/NKT cells	0	0	1244	16113136	0	0	1	1
dataset_name-FR-FCM-Z3YR_seed-42	dgcytof	num-5	run0	19	/PBMC/T cells/T cells CD4/T cells CM	/PBMC/T cells/T cells CD4/T cells CM	977170	9129	46932	15081149	0.9541725335952864	6.049590338892365e-4	0.04582746640471359	0.9993950409661108
dataset_name-FR-FCM-Z3YR_seed-42	dgcytof	num-5	run0	20	/PBMC/T cells/T cells CD4/T cells EM	/PBMC/T cells/T cells CD4/T cells EM	133921	473	8670	15971316	0.9391967234958728	2.961471629759196e-5	0.06080327650412719	0.9999703852837024
dataset_name-FR-FCM-Z3YR_seed-42	dgcytof	num-5	run0	21	/PBMC/T cells/T cells CD4/T cells Naive	/PBMC/T cells/T cells CD4/T cells Naive	1334765	46375	4970	14728270	0.9962903111436217	0.0031388233016766223	0.003709688856378314	0.9968611766983234
dataset_name-FR-FCM-Z3YR_seed-42	dgcytof	num-5	run0	22	/PBMC/T cells/T cells CD4/T cells TEMRA	/PBMC/T cells/T cells CD4/T cells TEMRA	4181	812	869	16108518	0.8279207920792079	5.040557242293752e-5	0.17207920792079207	0.999949594427577
dataset_name-FR-FCM-Z3YR_seed-42	dgcytof	num-5	run0	23	/PBMC/T cells/T cells CD4hiCD8hi	/PBMC/T cells/T cells CD4hiCD8hi	42658	10153	568	16061001	0.9868597603294313	6.31753015371516e-4	0.013140239670568639	0.99936824698462845
dataset_name-FR-FCM-Z3YR_seed-42	dgcytof	num-5	run0	24	/PBMC/T cells/T cells CD4lowCD8low	/PBMC/T cells/T cells CD4lowCD8low	450285	3165	11750	15649180	0.9745690261560271	2.0220612310807101e-4	0.02543097384397286	0.9997977938768919
dataset_name-FR-FCM-Z3YR_seed-42	dgcytof	num-5	run0	25	/PBMC/T cells/T cells CD8/T cells CM	/PBMC/T cells/T cells CD8/T cells CM	449854	6833	14785	15642908	0.9681795974939684	4.36620644392773e-4	0.03182040250603156	0.9995633793556072
dataset_name-FR-FCM-Z3YR_seed-42	dgcytof	num-5	run0	26	/PBMC/T cells/T cells CD8/T cells EM	/PBMC/T cells/T cells CD8/T cells EM	89524	2008	6459	16016389	0.932706833501766	1.2535586426032518e-4	0.06729316649823407	0.9998746441357397
dataset_name-FR-FCM-Z3YR_seed-42	dgcytof	num-5	run0	27	/PBMC/T cells/T cells CD8/T cells Naive	/PBMC/T cells/T cells CD8/T cells Naive	437977	13596	2710	15660097	0.9938505106799157	8.674407492860808e-4	0.006149489320084323	0.9991325592507139
dataset_name-FR-FCM-Z3YR_seed-42	dgcytof	num-5	run0	28	/PBMC/T cells/T cells CD8/T cells TEMRA	/PBMC/T cells/T cells CD8/T cells TEMRA	26234	4360	1925	16081861	0.9316381973791683	2.7103941938880487e-4	0.0683618026208317	0.9997289605806112
dataset_name-FR-FCM-Z3YR_seed-42	gatemeclass	num-1	run0	1	/Granulocytes	/Granulocytes	0	0	10045380	6620348	0	0	1	1
dataset_name-FR-FCM-Z3YR_seed-42	gatemeclass	num-1	run0	2	/PBMC/B cells/B cells DN	/PBMC/B cells/B cells DN	0	0	53534	16612194	0	0	1	1
dataset_name-FR-FCM-Z3YR_seed-42	gatemeclass	num-1	run0	3	/PBMC/B cells/B cells NSM	/PBMC/B cells/B cells NSM	0	0	51222	16614506	0	0	1	1
dataset_name-FR-FCM-Z3YR_seed-42	gatemeclass	num-1	run0	4	/PBMC/B cells/B cells Naive/B cells TR	/PBMC/B cells/B cells Naive/B cells TR	0	0	66033	16599695	0	0	1	1
dataset_name-FR-FCM-Z3YR_seed-42	gatemeclass	num-1	run0	5	/PBMC/B cells/B cells SWME/B cells CD27hi CD20hi	/PBMC/B cells/B cells SWME/B cells CD27hi CD20hi	0	0	102807	16562921	0	0	1	1
dataset_name-FR-FCM-Z3YR_seed-42	gatemeclass	num-1	run0	6	/PBMC/B cells/B cells SWME/B cells PB	/PBMC/B cells/B cells SWME/B cells PB	0	0	7559	16658169	0	0	1	1
dataset_name-FR-FCM-Z3YR_seed-42	gatemeclass	num-1	run0	7	/PBMC/B cells/B cells SWME/B cells PC	/PBMC/B cells/B cells SWME/B cells PC	0	0	8999	16656729	0	0	1	1
dataset_name-FR-FCM-Z3YR_seed-42	gatemeclass	num-1	run0	8	/PBMC/CD3 CD19 DP	/PBMC/CD3 CD19 DP	0	0	50919	16614809	0	0	1	1
dataset_name-FR-FCM-Z3YR_seed-42	gatemeclass	num-1	run0	9	/PBMC/CD3-CD19-/CD7hi cells/NK cells CD56 hi	/PBMC/CD3-CD19-/CD7hi cells/NK cells CD56 hi	0	0	24437	16641291	0	0	1	1
dataset_name-FR-FCM-Z3YR_seed-42	gatemeclass	num-1	run0	10	/PBMC/CD3-CD19-/CD7hi cells/NK cells CD56 mid	/PBMC/CD3-CD19-/CD7hi cells/NK cells CD56 mid	0	0	634103	16031625	0	0	1	1
dataset_name-FR-FCM-Z3YR_seed-42	gatemeclass	num-1	run0	11	/PBMC/CD3-CD19-/CD7low cells/CD11c hi HLADR hi/Monocytes CD14hi	/PBMC/CD3-CD19-/CD7low cells/CD11c hi HLADR hi/Monocytes CD14hi	0	0	1043491	15622237	0	0	1	1
dataset_name-FR-FCM-Z3YR_seed-42	gatemeclass	num-1	run0	12	/PBMC/CD3-CD19-/CD7low cells/CD11c hi HLADR hi/Monocytes CD14mid	/PBMC/CD3-CD19-/CD7low cells/CD11c hi HLADR hi/Monocytes CD14mid	0	0	50417	16615311	0	0	1	1
dataset_name-FR-FCM-Z3YR_seed-42	gatemeclass	num-1	run0	13	/PBMC/CD3-CD19-/CD7low cells/CD11c hi HLADR hi/Monocytes non-class	/PBMC/CD3-CD19-/CD7low cells/CD11c hi HLADR hi/Monocytes non-class	0	0	94841	16570887	0	0	1	1
dataset_name-FR-FCM-Z3YR_seed-42	gatemeclass	num-1	run0	14	/PBMC/CD3-CD19-/CD7low cells/CD11c hi HLADR hi/cDC/cDC1	/PBMC/CD3-CD19-/CD7low cells/CD11c hi HLADR hi/cDC/cDC1	0	0	2978	16662750	0	0	1	1
dataset_name-FR-FCM-Z3YR_seed-42	gatemeclass	num-1	run0	15	/PBMC/CD3-CD19-/CD7low cells/CD11c hi HLADR hi/cDC/cDC2	/PBMC/CD3-CD19-/CD7low cells/CD11c hi HLADR hi/cDC/cDC2	0	0	53414	16612314	0	0	1	1
dataset_name-FR-FCM-Z3YR_seed-42	gatemeclass	num-1	run0	16	/PBMC/CD3-CD19-/CD7low cells/CD11c low HLADR hi/pDC	/PBMC/CD3-CD19-/CD7low cells/CD11c low HLADR hi/pDC	0	0	44100	16621628	0	0	1	1
dataset_name-FR-FCM-Z3YR_seed-42	gatemeclass	num-1	run0	17	/PBMC/CD3-CD19-/CD7low cells/CD11c low HLADR low/Basophils	/PBMC/CD3-CD19-/CD7low cells/CD11c low HLADR low/Basophils	0	0	146363	16519365	0	0	1	1
dataset_name-FR-FCM-Z3YR_seed-42	gatemeclass	num-1	run0	18	/PBMC/T cells/NKT cells	/PBMC/T cells/NKT cells	0	0	1287	16664441	0	0	1	1
dataset_name-FR-FCM-Z3YR_seed-42	gatemeclass	num-1	run0	19	/PBMC/T cells/T cells CD4/T cells CM	/PBMC/T cells/T cells CD4/T cells CM	0	0	1057277	15608451	0	0	1	1
dataset_name-FR-FCM-Z3YR_seed-42	gatemeclass	num-1	run0	20	/PBMC/T cells/T cells CD4/T cells EM	/PBMC/T cells/T cells CD4/T cells EM	0	0	146965	16518763	0	0	1	1
dataset_name-FR-FCM-Z3YR_seed-42	gatemeclass	num-1	run0	21	/PBMC/T cells/T cells CD4/T cells Naive	/PBMC/T cells/T cells CD4/T cells Naive	0	0	1386827	15278901	0	0	1	1
dataset_name-FR-FCM-Z3YR_seed-42	gatemeclass	num-1	run0	22	/PBMC/T cells/T cells CD4/T cells TEMRA	/PBMC/T cells/T cells CD4/T cells TEMRA	0	0	5273	16660455	0	0	1	1
dataset_name-FR-FCM-Z3YR_seed-42	gatemeclass	num-1	run0	23	/PBMC/T cells/T cells CD4hiCD8hi	/PBMC/T cells/T cells CD4hiCD8hi	0	0	45051	16620677	0	0	1	1
dataset_name-FR-FCM-Z3YR_seed-42	gatemeclass	num-1	run0	24	/PBMC/T cells/T cells CD4lowCD8low	/PBMC/T cells/T cells CD4lowCD8low	0	0	477069	16188659	0	0	1	1
dataset_name-FR-FCM-Z3YR_seed-42	gatemeclass	num-1	run0	25	/PBMC/T cells/T cells CD8/T cells CM	/PBMC/T cells/T cells CD8/T cells CM	0	0	480394	16185334	0	0	1	1
dataset_name-FR-FCM-Z3YR_seed-42	gatemeclass	num-1	run0	26	/PBMC/T cells/T cells CD8/T cells EM	/PBMC/T cells/T cells CD8/T cells EM	0	0	98880	16566848	0	0	1	1
dataset_name-FR-FCM-Z3YR_seed-42	gatemeclass	num-1	run0	27	/PBMC/T cells/T cells CD8/T cells Naive	/PBMC/T cells/T cells CD8/T cells Naive	0	0	456650	16209078	0	0	1	1
dataset_name-FR-FCM-Z3YR_seed-42	gatemeclass	num-1	run0	28	/PBMC/T cells/T cells CD8/T cells TEMRA	/PBMC/T cells/T cells CD8/T cells TEMRA	0	0	29458	16636270	0	0	1	1
dataset_name-FR-FCM-Z3YR_seed-42	gatemeclass	num-2	run0	1	/Granulocytes	/Granulocytes	0	0	10049130	6622651	0	0	1	1
dataset_name-FR-FCM-Z3YR_seed-42	gatemeclass	num-2	run0	2	/PBMC/B cells/B cells DN	/PBMC/B cells/B cells DN	0	0	53647	16618134	0	0	1	1
dataset_name-FR-FCM-Z3YR_seed-42	gatemeclass	num-2	run0	3	/PBMC/B cells/B cells NSM	/PBMC/B cells/B cells NSM	0	0	51162	16620619	0	0	1	1
dataset_name-FR-FCM-Z3YR_seed-42	gatemeclass	num-2	run0	4	/PBMC/B cells/B cells Naive/B cells TR	/PBMC/B cells/B cells Naive/B cells TR	0	0	65966	16605815	0	0	1	1
dataset_name-FR-FCM-Z3YR_seed-42	gatemeclass	num-2	run0	5	/PBMC/B cells/B cells SWME/B cells CD27hi CD20hi	/PBMC/B cells/B cells SWME/B cells CD27hi CD20hi	0	0	102822	16568959	0	0	1	1
dataset_name-FR-FCM-Z3YR_seed-42	gatemeclass	num-2	run0	6	/PBMC/B cells/B cells SWME/B cells PB	/PBMC/B cells/B cells SWME/B cells PB	0	0	7580	16664201	0	0	1	1
dataset_name-FR-FCM-Z3YR_seed-42	gatemeclass	num-2	run0	7	/PBMC/B cells/B cells SWME/B cells PC	/PBMC/B cells/B cells SWME/B cells PC	0	0	8982	16662799	0	0	1	1
dataset_name-FR-FCM-Z3YR_seed-42	gatemeclass	num-2	run0	8	/PBMC/CD3 CD19 DP	/PBMC/CD3 CD19 DP	0	0	50896	16620885	0	0	1	1
dataset_name-FR-FCM-Z3YR_seed-42	gatemeclass	num-2	run0	9	/PBMC/CD3-CD19-/CD7hi cells/NK cells CD56 hi	/PBMC/CD3-CD19-/CD7hi cells/NK cells CD56 hi	0	0	24413	16647368	0	0	1	1
dataset_name-FR-FCM-Z3YR_seed-42	gatemeclass	num-2	run0	10	/PBMC/CD3-CD19-/CD7hi cells/NK cells CD56 mid	/PBMC/CD3-CD19-/CD7hi cells/NK cells CD56 mid	0	0	633948	16037833	0	0	1	1
dataset_name-FR-FCM-Z3YR_seed-42	gatemeclass	num-2	run0	11	/PBMC/CD3-CD19-/CD7low cells/CD11c hi HLADR hi/Monocytes CD14hi	/PBMC/CD3-CD19-/CD7low cells/CD11c hi HLADR hi/Monocytes CD14hi	0	0	1043190	15628591	0	0	1	1
dataset_name-FR-FCM-Z3YR_seed-42	gatemeclass	num-2	run0	12	/PBMC/CD3-CD19-/CD7low cells/CD11c hi HLADR hi/Monocytes CD14mid	/PBMC/CD3-CD19-/CD7low cells/CD11c hi HLADR hi/Monocytes CD14mid	0	0	50834	16620947	0	0	1	1
dataset_name-FR-FCM-Z3YR_seed-42	gatemeclass	num-2	run0	13	/PBMC/CD3-CD19-/CD7low cells/CD11c hi HLADR hi/Monocytes non-class	/PBMC/CD3-CD19-/CD7low cells/CD11c hi HLADR hi/Monocytes non-class	0	0	94993	16576788	0	0	1	1
dataset_name-FR-FCM-Z3YR_seed-42	gatemeclass	num-2	run0	14	/PBMC/CD3-CD19-/CD7low cells/CD11c hi HLADR hi/cDC/cDC1	/PBMC/CD3-CD19-/CD7low cells/CD11c hi HLADR hi/cDC/cDC1	0	0	2973	16668808	0	0	1	1
dataset_name-FR-FCM-Z3YR_seed-42	gatemeclass	num-2	run0	15	/PBMC/CD3-CD19-/CD7low cells/CD11c hi HLADR hi/cDC/cDC2	/PBMC/CD3-CD19-/CD7low cells/CD11c hi HLADR hi/cDC/cDC2	0	0	53379	16618402	0	0	1	1
dataset_name-FR-FCM-Z3YR_seed-42	gatemeclass	num-2	run0	16	/PBMC/CD3-CD19-/CD7low cells/CD11c low HLADR hi/pDC	/PBMC/CD3-CD19-/CD7low cells/CD11c low HLADR hi/pDC	0	0	44126	16627655	0	0	1	1
dataset_name-FR-FCM-Z3YR_seed-42	gatemeclass	num-2	run0	17	/PBMC/CD3-CD19-/CD7low cells/CD11c low HLADR low/Basophils	/PBMC/CD3-CD19-/CD7low cells/CD11c low HLADR low/Basophils	0	0	146426	16525355	0	0	1	1
dataset_name-FR-FCM-Z3YR_seed-42	gatemeclass	num-2	run0	18	/PBMC/T cells/NKT cells	/PBMC/T cells/NKT cells	0	0	1291	16670490	0	0	1	1
dataset_name-FR-FCM-Z3YR_seed-42	gatemeclass	num-2	run0	19	/PBMC/T cells/T cells CD4/T cells CM	/PBMC/T cells/T cells CD4/T cells CM	0	0	1058076	15613705	0	0	1	1
dataset_name-FR-FCM-Z3YR_seed-42	gatemeclass	num-2	run0	20	/PBMC/T cells/T cells CD4/T cells EM	/PBMC/T cells/T cells CD4/T cells EM	0	0	147170	16524611	0	0	1	1
dataset_name-FR-FCM-Z3YR_seed-42	gatemeclass	num-2	run0	21	/PBMC/T cells/T cells CD4/T cells Naive	/PBMC/T cells/T cells CD4/T cells Naive	0	0	1387270	15284511	0	0	1	1
dataset_name-FR-FCM-Z3YR_seed-42	gatemeclass	num-2	run0	22	/PBMC/T cells/T cells CD4/T cells TEMRA	/PBMC/T cells/T cells CD4/T cells TEMRA	0	0	5268	16666513	0	0	1	1
dataset_name-FR-FCM-Z3YR_seed-42	gatemeclass	num-2	run0	23	/PBMC/T cells/T cells CD4hiCD8hi	/PBMC/T cells/T cells CD4hiCD8hi	0	0	45014	16626767	0	0	1	1
dataset_name-FR-FCM-Z3YR_seed-42	gatemeclass	num-2	run0	24	/PBMC/T cells/T cells CD4lowCD8low	/PBMC/T cells/T cells CD4lowCD8low	0	0	477552	16194229	0	0	1	1
dataset_name-FR-FCM-Z3YR_seed-42	gatemeclass	num-2	run0	25	/PBMC/T cells/T cells CD8/T cells CM	/PBMC/T cells/T cells CD8/T cells CM	0	0	480489	16191292	0	0	1	1
dataset_name-FR-FCM-Z3YR_seed-42	gatemeclass	num-2	run0	26	/PBMC/T cells/T cells CD8/T cells EM	/PBMC/T cells/T cells CD8/T cells EM	0	0	99028	16572753	0	0	1	1
dataset_name-FR-FCM-Z3YR_seed-42	gatemeclass	num-2	run0	27	/PBMC/T cells/T cells CD8/T cells Naive	/PBMC/T cells/T cells CD8/T cells Naive	0	0	456741	16215040	0	0	1	1
dataset_name-FR-FCM-Z3YR_seed-42	gatemeclass	num-2	run0	28	/PBMC/T cells/T cells CD8/T cells TEMRA	/PBMC/T cells/T cells CD8/T cells TEMRA	0	0	29415	16642366	0	0	1	1
dataset_name-FR-FCM-Z3YR_seed-42	gatemeclass	num-3	run0	1	/Granulocytes	/Granulocytes	0	0	9667226	6361160	0	0	1	1
dataset_name-FR-FCM-Z3YR_seed-42	gatemeclass	num-3	run0	2	/PBMC/B cells/B cells DN	/PBMC/B cells/B cells DN	0	0	51434	15976952	0	0	1	1
dataset_name-FR-FCM-Z3YR_seed-42	gatemeclass	num-3	run0	3	/PBMC/B cells/B cells NSM	/PBMC/B cells/B cells NSM	0	0	49341	15979045	0	0	1	1
dataset_name-FR-FCM-Z3YR_seed-42	gatemeclass	num-3	run0	4	/PBMC/B cells/B cells Naive/B cells TR	/PBMC/B cells/B cells Naive/B cells TR	0	0	63884	15964502	0	0	1	1
dataset_name-FR-FCM-Z3YR_seed-42	gatemeclass	num-3	run0	5	/PBMC/B cells/B cells SWME/B cells CD27hi CD20hi	/PBMC/B cells/B cells SWME/B cells CD27hi CD20hi	0	0	98608	15929778	0	0	1	1
dataset_name-FR-FCM-Z3YR_seed-42	gatemeclass	num-3	run0	6	/PBMC/B cells/B cells SWME/B cells PB	/PBMC/B cells/B cells SWME/B cells PB	0	0	7455	16020931	0	0	1	1
dataset_name-FR-FCM-Z3YR_seed-42	gatemeclass	num-3	run0	7	/PBMC/B cells/B cells SWME/B cells PC	/PBMC/B cells/B cells SWME/B cells PC	0	0	8632	16019754	0	0	1	1
dataset_name-FR-FCM-Z3YR_seed-42	gatemeclass	num-3	run0	8	/PBMC/CD3 CD19 DP	/PBMC/CD3 CD19 DP	0	0	48955	15979431	0	0	1	1
dataset_name-FR-FCM-Z3YR_seed-42	gatemeclass	num-3	run0	9	/PBMC/CD3-CD19-/CD7hi cells/NK cells CD56 hi	/PBMC/CD3-CD19-/CD7hi cells/NK cells CD56 hi	0	0	23694	16004692	0	0	1	1
dataset_name-FR-FCM-Z3YR_seed-42	gatemeclass	num-3	run0	10	/PBMC/CD3-CD19-/CD7hi cells/NK cells CD56 mid	/PBMC/CD3-CD19-/CD7hi cells/NK cells CD56 mid	0	0	608440	15419946	0	0	1	1
dataset_name-FR-FCM-Z3YR_seed-42	gatemeclass	num-3	run0	11	/PBMC/CD3-CD19-/CD7low cells/CD11c hi HLADR hi/Monocytes CD14hi	/PBMC/CD3-CD19-/CD7low cells/CD11c hi HLADR hi/Monocytes CD14hi	0	0	999417	15028969	0	0	1	1
dataset_name-FR-FCM-Z3YR_seed-42	gatemeclass	num-3	run0	12	/PBMC/CD3-CD19-/CD7low cells/CD11c hi HLADR hi/Monocytes CD14mid	/PBMC/CD3-CD19-/CD7low cells/CD11c hi HLADR hi/Monocytes CD14mid	0	0	49665	15978721	0	0	1	1
dataset_name-FR-FCM-Z3YR_seed-42	gatemeclass	num-3	run0	13	/PBMC/CD3-CD19-/CD7low cells/CD11c hi HLADR hi/Monocytes non-class	/PBMC/CD3-CD19-/CD7low cells/CD11c hi HLADR hi/Monocytes non-class	0	0	91321	15937065	0	0	1	1
dataset_name-FR-FCM-Z3YR_seed-42	gatemeclass	num-3	run0	14	/PBMC/CD3-CD19-/CD7low cells/CD11c hi HLADR hi/cDC/cDC1	/PBMC/CD3-CD19-/CD7low cells/CD11c hi HLADR hi/cDC/cDC1	0	0	2841	16025545	0	0	1	1
dataset_name-FR-FCM-Z3YR_seed-42	gatemeclass	num-3	run0	15	/PBMC/CD3-CD19-/CD7low cells/CD11c hi HLADR hi/cDC/cDC2	/PBMC/CD3-CD19-/CD7low cells/CD11c hi HLADR hi/cDC/cDC2	0	0	51043	15977343	0	0	1	1
dataset_name-FR-FCM-Z3YR_seed-42	gatemeclass	num-3	run0	16	/PBMC/CD3-CD19-/CD7low cells/CD11c low HLADR hi/pDC	/PBMC/CD3-CD19-/CD7low cells/CD11c low HLADR hi/pDC	0	0	42326	15986060	0	0	1	1
dataset_name-FR-FCM-Z3YR_seed-42	gatemeclass	num-3	run0	17	/PBMC/CD3-CD19-/CD7low cells/CD11c low HLADR low/Basophils	/PBMC/CD3-CD19-/CD7low cells/CD11c low HLADR low/Basophils	0	0	140807	15887579	0	0	1	1
dataset_name-FR-FCM-Z3YR_seed-42	gatemeclass	num-3	run0	18	/PBMC/T cells/NKT cells	/PBMC/T cells/NKT cells	0	0	1253	16027133	0	0	1	1
dataset_name-FR-FCM-Z3YR_seed-42	gatemeclass	num-3	run0	19	/PBMC/T cells/T cells CD4/T cells CM	/PBMC/T cells/T cells CD4/T cells CM	0	0	1015787	15012599	0	0	1	1
dataset_name-FR-FCM-Z3YR_seed-42	gatemeclass	num-3	run0	20	/PBMC/T cells/T cells CD4/T cells EM	/PBMC/T cells/T cells CD4/T cells EM	0	0	141210	15887176	0	0	1	1
dataset_name-FR-FCM-Z3YR_seed-42	gatemeclass	num-3	run0	21	/PBMC/T cells/T cells CD4/T cells Naive	/PBMC/T cells/T cells CD4/T cells Naive	0	0	1333382	14695004	0	0	1	1
dataset_name-FR-FCM-Z3YR_seed-42	gatemeclass	num-3	run0	22	/PBMC/T cells/T cells CD4/T cells TEMRA	/PBMC/T cells/T cells CD4/T cells TEMRA	0	0	5095	16023291	0	0	1	1
dataset_name-FR-FCM-Z3YR_seed-42	gatemeclass	num-3	run0	23	/PBMC/T cells/T cells CD4hiCD8hi	/PBMC/T cells/T cells CD4hiCD8hi	0	0	43247	15985139	0	0	1	1
dataset_name-FR-FCM-Z3YR_seed-42	gatemeclass	num-3	run0	24	/PBMC/T cells/T cells CD4lowCD8low	/PBMC/T cells/T cells CD4lowCD8low	0	0	459282	15569104	0	0	1	1
dataset_name-FR-FCM-Z3YR_seed-42	gatemeclass	num-3	run0	25	/PBMC/T cells/T cells CD8/T cells CM	/PBMC/T cells/T cells CD8/T cells CM	0	0	461350	15567036	0	0	1	1
dataset_name-FR-FCM-Z3YR_seed-42	gatemeclass	num-3	run0	26	/PBMC/T cells/T cells CD8/T cells EM	/PBMC/T cells/T cells CD8/T cells EM	0	0	94941	15933445	0	0	1	1
dataset_name-FR-FCM-Z3YR_seed-42	gatemeclass	num-3	run0	27	/PBMC/T cells/T cells CD8/T cells Naive	/PBMC/T cells/T cells CD8/T cells Naive	0	0	439245	15589141	0	0	1	1
dataset_name-FR-FCM-Z3YR_seed-42	gatemeclass	num-3	run0	28	/PBMC/T cells/T cells CD8/T cells TEMRA	/PBMC/T cells/T cells CD8/T cells TEMRA	0	0	28505	15999881	0	0	1	1
dataset_name-FR-FCM-Z3YR_seed-42	gatemeclass	num-4	run0	1	/Granulocytes	/Granulocytes	0	0	9748168	6415788	0	0	1	1
dataset_name-FR-FCM-Z3YR_seed-42	gatemeclass	num-4	run0	2	/PBMC/B cells/B cells DN	/PBMC/B cells/B cells DN	0	0	51864	16112092	0	0	1	1
dataset_name-FR-FCM-Z3YR_seed-42	gatemeclass	num-4	run0	3	/PBMC/B cells/B cells NSM	/PBMC/B cells/B cells NSM	0	0	49699	16114257	0	0	1	1
dataset_name-FR-FCM-Z3YR_seed-42	gatemeclass	num-4	run0	4	/PBMC/B cells/B cells Naive/B cells TR	/PBMC/B cells/B cells Naive/B cells TR	0	0	64592	16099364	0	0	1	1
dataset_name-FR-FCM-Z3YR_seed-42	gatemeclass	num-4	run0	5	/PBMC/B cells/B cells SWME/B cells CD27hi CD20hi	/PBMC/B cells/B cells SWME/B cells CD27hi CD20hi	0	0	99743	16064213	0	0	1	1
dataset_name-FR-FCM-Z3YR_seed-42	gatemeclass	num-4	run0	6	/PBMC/B cells/B cells SWME/B cells PB	/PBMC/B cells/B cells SWME/B cells PB	0	0	7226	16156730	0	0	1	1
dataset_name-FR-FCM-Z3YR_seed-42	gatemeclass	num-4	run0	7	/PBMC/B cells/B cells SWME/B cells PC	/PBMC/B cells/B cells SWME/B cells PC	0	0	8761	16155195	0	0	1	1
dataset_name-FR-FCM-Z3YR_seed-42	gatemeclass	num-4	run0	8	/PBMC/CD3 CD19 DP	/PBMC/CD3 CD19 DP	0	0	49542	16114414	0	0	1	1
dataset_name-FR-FCM-Z3YR_seed-42	gatemeclass	num-4	run0	9	/PBMC/CD3-CD19-/CD7hi cells/NK cells CD56 hi	/PBMC/CD3-CD19-/CD7hi cells/NK cells CD56 hi	0	0	23780	16140176	0	0	1	1
dataset_name-FR-FCM-Z3YR_seed-42	gatemeclass	num-4	run0	10	/PBMC/CD3-CD19-/CD7hi cells/NK cells CD56 mid	/PBMC/CD3-CD19-/CD7hi cells/NK cells CD56 mid	0	0	614859	15549097	0	0	1	1
dataset_name-FR-FCM-Z3YR_seed-42	gatemeclass	num-4	run0	11	/PBMC/CD3-CD19-/CD7low cells/CD11c hi HLADR hi/Monocytes CD14hi	/PBMC/CD3-CD19-/CD7low cells/CD11c hi HLADR hi/Monocytes CD14hi	0	0	1012907	15151049	0	0	1	1
dataset_name-FR-FCM-Z3YR_seed-42	gatemeclass	num-4	run0	12	/PBMC/CD3-CD19-/CD7low cells/CD11c hi HLADR hi/Monocytes CD14mid	/PBMC/CD3-CD19-/CD7low cells/CD11c hi HLADR hi/Monocytes CD14mid	0	0	48027	16115929	0	0	1	1
dataset_name-FR-FCM-Z3YR_seed-42	gatemeclass	num-4	run0	13	/PBMC/CD3-CD19-/CD7low cells/CD11c hi HLADR hi/Monocytes non-class	/PBMC/CD3-CD19-/CD7low cells/CD11c hi HLADR hi/Monocytes non-class	0	0	91713	16072243	0	0	1	1
dataset_name-FR-FCM-Z3YR_seed-42	gatemeclass	num-4	run0	14	/PBMC/CD3-CD19-/CD7low cells/CD11c hi HLADR hi/cDC/cDC1	/PBMC/CD3-CD19-/CD7low cells/CD11c hi HLADR hi/cDC/cDC1	0	0	2875	16161081	0	0	1	1
dataset_name-FR-FCM-Z3YR_seed-42	gatemeclass	num-4	run0	15	/PBMC/CD3-CD19-/CD7low cells/CD11c hi HLADR hi/cDC/cDC2	/PBMC/CD3-CD19-/CD7low cells/CD11c hi HLADR hi/cDC/cDC2	0	0	51847	16112109	0	0	1	1
dataset_name-FR-FCM-Z3YR_seed-42	gatemeclass	num-4	run0	16	/PBMC/CD3-CD19-/CD7low cells/CD11c low HLADR hi/pDC	/PBMC/CD3-CD19-/CD7low cells/CD11c low HLADR hi/pDC	0	0	42710	16121246	0	0	1	1
dataset_name-FR-FCM-Z3YR_seed-42	gatemeclass	num-4	run0	17	/PBMC/CD3-CD19-/CD7low cells/CD11c low HLADR low/Basophils	/PBMC/CD3-CD19-/CD7low cells/CD11c low HLADR low/Basophils	0	0	141450	16022506	0	0	1	1
dataset_name-FR-FCM-Z3YR_seed-42	gatemeclass	num-4	run0	18	/PBMC/T cells/NKT cells	/PBMC/T cells/NKT cells	0	0	1255	16162701	0	0	1	1
dataset_name-FR-FCM-Z3YR_seed-42	gatemeclass	num-4	run0	19	/PBMC/T cells/T cells CD4/T cells CM	/PBMC/T cells/T cells CD4/T cells CM	0	0	1022797	15141159	0	0	1	1
dataset_name-FR-FCM-Z3YR_seed-42	gatemeclass	num-4	run0	20	/PBMC/T cells/T cells CD4/T cells EM	/PBMC/T cells/T cells CD4/T cells EM	0	0	142328	16021628	0	0	1	1
dataset_name-FR-FCM-Z3YR_seed-42	gatemeclass	num-4	run0	21	/PBMC/T cells/T cells CD4/T cells Naive	/PBMC/T cells/T cells CD4/T cells Naive	0	0	1344605	14819351	0	0	1	1
dataset_name-FR-FCM-Z3YR_seed-42	gatemeclass	num-4	run0	22	/PBMC/T cells/T cells CD4/T cells TEMRA	/PBMC/T cells/T cells CD4/T cells TEMRA	0	0	5175	16158781	0	0	1	1
dataset_name-FR-FCM-Z3YR_seed-42	gatemeclass	num-4	run0	23	/PBMC/T cells/T cells CD4hiCD8hi	/PBMC/T cells/T cells CD4hiCD8hi	0	0	43991	16119965	0	0	1	1
dataset_name-FR-FCM-Z3YR_seed-42	gatemeclass	num-4	run0	24	/PBMC/T cells/T cells CD4lowCD8low	/PBMC/T cells/T cells CD4lowCD8low	0	0	461870	15702086	0	0	1	1
dataset_name-FR-FCM-Z3YR_seed-42	gatemeclass	num-4	run0	25	/PBMC/T cells/T cells CD8/T cells CM	/PBMC/T cells/T cells CD8/T cells CM	0	0	464947	15699009	0	0	1	1
dataset_name-FR-FCM-Z3YR_seed-42	gatemeclass	num-4	run0	26	/PBMC/T cells/T cells CD8/T cells EM	/PBMC/T cells/T cells CD8/T cells EM	0	0	95789	16068167	0	0	1	1
dataset_name-FR-FCM-Z3YR_seed-42	gatemeclass	num-4	run0	27	/PBMC/T cells/T cells CD8/T cells Naive	/PBMC/T cells/T cells CD8/T cells Naive	0	0	442855	15721101	0	0	1	1
dataset_name-FR-FCM-Z3YR_seed-42	gatemeclass	num-4	run0	28	/PBMC/T cells/T cells CD8/T cells TEMRA	/PBMC/T cells/T cells CD8/T cells TEMRA	0	0	28581	16135375	0	0	1	1
dataset_name-FR-FCM-Z3YR_seed-42	gatemeclass	num-5	run0	1	/Granulocytes	/Granulocytes	0	0	9715414	6398966	0	0	1	1
dataset_name-FR-FCM-Z3YR_seed-42	gatemeclass	num-5	run0	2	/PBMC/B cells/B cells DN	/PBMC/B cells/B cells DN	0	0	52090	16062290	0	0	1	1
dataset_name-FR-FCM-Z3YR_seed-42	gatemeclass	num-5	run0	3	/PBMC/B cells/B cells NSM	/PBMC/B cells/B cells NSM	0	0	49105	16065275	0	0	1	1
dataset_name-FR-FCM-Z3YR_seed-42	gatemeclass	num-5	run0	4	/PBMC/B cells/B cells Naive/B cells TR	/PBMC/B cells/B cells Naive/B cells TR	0	0	62967	16051413	0	0	1	1
dataset_name-FR-FCM-Z3YR_seed-42	gatemeclass	num-5	run0	5	/PBMC/B cells/B cells SWME/B cells CD27hi CD20hi	/PBMC/B cells/B cells SWME/B cells CD27hi CD20hi	0	0	99255	16015125	0	0	1	1
dataset_name-FR-FCM-Z3YR_seed-42	gatemeclass	num-5	run0	6	/PBMC/B cells/B cells SWME/B cells PB	/PBMC/B cells/B cells SWME/B cells PB	0	0	7355	16107025	0	0	1	1
dataset_name-FR-FCM-Z3YR_seed-42	gatemeclass	num-5	run0	7	/PBMC/B cells/B cells SWME/B cells PC	/PBMC/B cells/B cells SWME/B cells PC	0	0	8660	16105720	0	0	1	1
dataset_name-FR-FCM-Z3YR_seed-42	gatemeclass	num-5	run0	8	/PBMC/CD3 CD19 DP	/PBMC/CD3 CD19 DP	0	0	49008	16065372	0	0	1	1
dataset_name-FR-FCM-Z3YR_seed-42	gatemeclass	num-5	run0	9	/PBMC/CD3-CD19-/CD7hi cells/NK cells CD56 hi	/PBMC/CD3-CD19-/CD7hi cells/NK cells CD56 hi	0	0	23149	16091231	0	0	1	1
dataset_name-FR-FCM-Z3YR_seed-42	gatemeclass	num-5	run0	10	/PBMC/CD3-CD19-/CD7hi cells/NK cells CD56 mid	/PBMC/CD3-CD19-/CD7hi cells/NK cells CD56 mid	0	0	611657	15502723	0	0	1	1
dataset_name-FR-FCM-Z3YR_seed-42	gatemeclass	num-5	run0	11	/PBMC/CD3-CD19-/CD7low cells/CD11c hi HLADR hi/Monocytes CD14hi	/PBMC/CD3-CD19-/CD7low cells/CD11c hi HLADR hi/Monocytes CD14hi	0	0	1007120	15107260	0	0	1	1
dataset_name-FR-FCM-Z3YR_seed-42	gatemeclass	num-5	run0	12	/PBMC/CD3-CD19-/CD7low cells/CD11c hi HLADR hi/Monocytes CD14mid	/PBMC/CD3-CD19-/CD7low cells/CD11c hi HLADR hi/Monocytes CD14mid	0	0	50080	16064300	0	0	1	1
dataset_name-FR-FCM-Z3YR_seed-42	gatemeclass	num-5	run0	13	/PBMC/CD3-CD19-/CD7low cells/CD11c hi HLADR hi/Monocytes non-class	/PBMC/CD3-CD19-/CD7low cells/CD11c hi HLADR hi/Monocytes non-class	0	0	92307	16022073	0	0	1	1
dataset_name-FR-FCM-Z3YR_seed-42	gatemeclass	num-5	run0	14	/PBMC/CD3-CD19-/CD7low cells/CD11c hi HLADR hi/cDC/cDC1	/PBMC/CD3-CD19-/CD7low cells/CD11c hi HLADR hi/cDC/cDC1	0	0	2871	16111509	0	0	1	1
dataset_name-FR-FCM-Z3YR_seed-42	gatemeclass	num-5	run0	15	/PBMC/CD3-CD19-/CD7low cells/CD11c hi HLADR hi/cDC/cDC2	/PBMC/CD3-CD19-/CD7low cells/CD11c hi HLADR hi/cDC/cDC2	0	0	51544	16062836	0	0	1	1
dataset_name-FR-FCM-Z3YR_seed-42	gatemeclass	num-5	run0	16	/PBMC/CD3-CD19-/CD7low cells/CD11c low HLADR hi/pDC	/PBMC/CD3-CD19-/CD7low cells/CD11c low HLADR hi/pDC	0	0	42723	16071657	0	0	1	1
dataset_name-FR-FCM-Z3YR_seed-42	gatemeclass	num-5	run0	17	/PBMC/CD3-CD19-/CD7low cells/CD11c low HLADR low/Basophils	/PBMC/CD3-CD19-/CD7low cells/CD11c low HLADR low/Basophils	0	0	141624	15972756	0	0	1	1
dataset_name-FR-FCM-Z3YR_seed-42	gatemeclass	num-5	run0	18	/PBMC/T cells/NKT cells	/PBMC/T cells/NKT cells	0	0	1244	16113136	0	0	1	1
dataset_name-FR-FCM-Z3YR_seed-42	gatemeclass	num-5	run0	19	/PBMC/T cells/T cells CD4/T cells CM	/PBMC/T cells/T cells CD4/T cells CM	0	0	1024102	15090278	0	0	1	1
dataset_name-FR-FCM-Z3YR_seed-42	gatemeclass	num-5	run0	20	/PBMC/T cells/T cells CD4/T cells EM	/PBMC/T cells/T cells CD4/T cells EM	0	0	142591	15971789	0	0	1	1
dataset_name-FR-FCM-Z3YR_seed-42	gatemeclass	num-5	run0	21	/PBMC/T cells/T cells CD4/T cells Naive	/PBMC/T cells/T cells CD4/T cells Naive	0	0	1339735	14774645	0	0	1	1
dataset_name-FR-FCM-Z3YR_seed-42	gatemeclass	num-5	run0	22	/PBMC/T cells/T cells CD4/T cells TEMRA	/PBMC/T cells/T cells CD4/T cells TEMRA	0	0	5050	16109330	0	0	1	1
dataset_name-FR-FCM-Z3YR_seed-42	gatemeclass	num-5	run0	23	/PBMC/T cells/T cells CD4hiCD8hi	/PBMC/T cells/T cells CD4hiCD8hi	0	0	43226	16071154	0	0	1	1
dataset_name-FR-FCM-Z3YR_seed-42	gatemeclass	num-5	run0	24	/PBMC/T cells/T cells CD4lowCD8low	/PBMC/T cells/T cells CD4lowCD8low	0	0	462035	15652345	0	0	1	1
dataset_name-FR-FCM-Z3YR_seed-42	gatemeclass	num-5	run0	25	/PBMC/T cells/T cells CD8/T cells CM	/PBMC/T cells/T cells CD8/T cells CM	0	0	464639	15649741	0	0	1	1
dataset_name-FR-FCM-Z3YR_seed-42	gatemeclass	num-5	run0	26	/PBMC/T cells/T cells CD8/T cells EM	/PBMC/T cells/T cells CD8/T cells EM	0	0	95983	16018397	0	0	1	1
dataset_name-FR-FCM-Z3YR_seed-42	gatemeclass	num-5	run0	27	/PBMC/T cells/T cells CD8/T cells Naive	/PBMC/T cells/T cells CD8/T cells Naive	0	0	440687	15673693	0	0	1	1
dataset_name-FR-FCM-Z3YR_seed-42	gatemeclass	num-5	run0	28	/PBMC/T cells/T cells CD8/T cells TEMRA	/PBMC/T cells/T cells CD8/T cells TEMRA	0	0	28159	16086221	0	0	1	1
dataset_name-FR-FCM-Z3YR_seed-42	knn	num-1	run0	1	/Granulocytes	/Granulocytes	9816259	2010	229121	6618338	0.9771914054022844	3.036094175109828e-4	0.022808594597715566	0.999696390582489
dataset_name-FR-FCM-Z3YR_seed-42	knn	num-1	run0	2	/PBMC/B cells/B cells DN	/PBMC/B cells/B cells DN	40596	35689	12938	16576505	0.7583218141741697	0.0021483616191816687	0.2416781858258303	0.9978516383808184
dataset_name-FR-FCM-Z3YR_seed-42	knn	num-1	run0	3	/PBMC/B cells/B cells NSM	/PBMC/B cells/B cells NSM	46166	14206	5056	16600300	0.9012924134161102	8.550359547253466e-4	0.09870758658388973	0.9991449640452746
dataset_name-FR-FCM-Z3YR_seed-42	knn	num-1	run0	4	/PBMC/B cells/B cells Naive/B cells TR	/PBMC/B cells/B cells Naive/B cells TR	63602	41712	2431	16557983	0.9631850741296019	0.0025128172535700205	0.036814925870398134	0.99748718274643
dataset_name-FR-FCM-Z3YR_seed-42	knn	num-1	run0	5	/PBMC/B cells/B cells SWME/B cells CD27hi CD20hi	/PBMC/B cells/B cells SWME/B cells CD27hi CD20hi	93319	17189	9488	16545732	0.9077105644557277	0.001037800035392308	0.09228943554427228	0.9989621999646077
dataset_name-FR-FCM-Z3YR_seed-42	knn	num-1	run0	6	/PBMC/B cells/B cells SWME/B cells PB	/PBMC/B cells/B cells SWME/B cells PB	5009	6816	2550	16651353	0.6626537901838867	4.0916861871193646e-4	0.33734620981611324	0.999590831381288
dataset_name-FR-FCM-Z3YR_seed-42	knn	num-1	run0	7	/PBMC/B cells/B cells SWME/B cells PC	/PBMC/B cells/B cells SWME/B cells PC	8619	3675	380	16653054	0.9577730858984331	2.2063155377025106e-4	0.04222691410156684	0.9997793684462297
dataset_name-FR-FCM-Z3YR_seed-42	knn	num-1	run0	8	/PBMC/CD3 CD19 DP	/PBMC/CD3 CD19 DP	48496	6062	2423	16608747	0.9524146192973153	3.64855232461595e-4	0.04758538070268466	0.9996351447675385
dataset_name-FR-FCM-Z3YR_seed-42	knn	num-1	run0	9	/PBMC/CD3-CD19-/CD7hi cells/NK cells CD56 hi	/PBMC/CD3-CD19-/CD7hi cells/NK cells CD56 hi	22096	50766	2341	16590525	0.9042026435323485	0.0030506046676306545	0.09579735646765151	0.9969493953323694
dataset_name-FR-FCM-Z3YR_seed-42	knn	num-1	run0	10	/PBMC/CD3-CD19-/CD7hi cells/NK cells CD56 mid	/PBMC/CD3-CD19-/CD7hi cells/NK cells CD56 mid	572981	22987	61122	16008638	0.9036087197190362	0.001433853399140761	0.09639128028096382	0.9985661466008593
dataset_name-FR-FCM-Z3YR_seed-42	knn	num-1	run0	11	/PBMC/CD3-CD19-/CD7low cells/CD11c hi HLADR hi/Monocytes CD14hi	/PBMC/CD3-CD19-/CD7low cells/CD11c hi HLADR hi/Monocytes CD14hi	955813	40502	87678	15581735	0.915976275789633	0.0025925864522475237	0.08402372421036693	0.9974074135477525
dataset_name-FR-FCM-Z3YR_seed-42	knn	num-1	run0	12	/PBMC/CD3-CD19-/CD7low cells/CD11c hi HLADR hi/Monocytes CD14mid	/PBMC/CD3-CD19-/CD7low cells/CD11c hi HLADR hi/Monocytes CD14mid	41835	79571	8582	16535740	0.8297796378205764	0.004789016588374421	0.1702203621794236	0.9952109834116256
dataset_name-FR-FCM-Z3YR_seed-42	knn	num-1	run0	13	/PBMC/CD3-CD19-/CD7low cells/CD11c hi HLADR hi/Monocytes non-class	/PBMC/CD3-CD19-/CD7low cells/CD11c hi HLADR hi/Monocytes non-class	80732	7493	14109	16563394	0.8512352252717706	4.521785707669119e-4	0.14876477472822935	0.999547821429233
dataset_name-FR-FCM-Z3YR_seed-42	knn	num-1	run0	14	/PBMC/CD3-CD19-/CD7low cells/CD11c hi HLADR hi/cDC/cDC1	/PBMC/CD3-CD19-/CD7low cells/CD11c hi HLADR hi/cDC/cDC1	0	0	2978	16662750	0	0	1	1
dataset_name-FR-FCM-Z3YR_seed-42	knn	num-1	run0	15	/PBMC/CD3-CD19-/CD7low cells/CD11c hi HLADR hi/cDC/cDC2	/PBMC/CD3-CD19-/CD7low cells/CD11c hi HLADR hi/cDC/cDC2	51079	28414	2335	16583900	0.9562848691354326	0.0017104179465907037	0.04371513086456734	0.9982895820534093
dataset_name-FR-FCM-Z3YR_seed-42	knn	num-1	run0	16	/PBMC/CD3-CD19-/CD7low cells/CD11c low HLADR hi/pDC	/PBMC/CD3-CD19-/CD7low cells/CD11c low HLADR hi/pDC	43600	7534	500	16614094	0.9886621315192744	4.5326486671462026e-4	0.011337868480725623	0.9995467351332854
dataset_name-FR-FCM-Z3YR_seed-42	knn	num-1	run0	17	/PBMC/CD3-CD19-/CD7low cells/CD11c low HLADR low/Basophils	/PBMC/CD3-CD19-/CD7low cells/CD11c low HLADR low/Basophils	146203	3491	160	16515874	0.998906827545213	2.1132773566054144e-4	0.0010931724547870705	0.9997886722643394
dataset_name-FR-FCM-Z3YR_seed-42	knn	num-1	run0	18	/PBMC/T cells/NKT cells	/PBMC/T cells/NKT cells	116	24970	1171	16639471	0.09013209013209013	0.0014984000963488664	0.9098679098679099	0.9985015999036512
dataset_name-FR-FCM-Z3YR_seed-42	knn	num-1	run0	19	/PBMC/T cells/T cells CD4/T cells CM	/PBMC/T cells/T cells CD4/T cells CM	1012376	40395	44901	15568056	0.9575314699931995	0.0025880210662800555	0.04246853000680049	0.9974119789337199
dataset_name-FR-FCM-Z3YR_seed-42	knn	num-1	run0	20	/PBMC/T cells/T cells CD4/T cells EM	/PBMC/T cells/T cells CD4/T cells EM	142546	17583	4419	16501180	0.9699316163712448	0.0010644259500544927	0.030068383628755146	0.9989355740499455
dataset_name-FR-FCM-Z3YR_seed-42	knn	num-1	run0	21	/PBMC/T cells/T cells CD4/T cells Naive	/PBMC/T cells/T cells CD4/T cells Naive	1342902	30233	43925	15248668	0.9683269795006876	0.001978741795630458	0.03167302049931246	0.9980212582043695
dataset_name-FR-FCM-Z3YR_seed-42	knn	num-1	run0	22	/PBMC/T cells/T cells CD4/T cells TEMRA	/PBMC/T cells/T cells CD4/T cells TEMRA	2340	27249	2933	16633206	0.4437701498198369	0.0016355495693244873	0.5562298501801631	0.9983644504306756
dataset_name-FR-FCM-Z3YR_seed-42	knn	num-1	run0	23	/PBMC/T cells/T cells CD4hiCD8hi	/PBMC/T cells/T cells CD4hiCD8hi	38514	17129	6537	16603548	0.8548977825131517	0.0010305837722494697	0.14510221748684823	0.9989694162277505
dataset_name-FR-FCM-Z3YR_seed-42	knn	num-1	run0	24	/PBMC/T cells/T cells CD4lowCD8low	/PBMC/T cells/T cells CD4lowCD8low	433474	46141	43595	16142518	0.9086190886433618	0.0028502051961190856	0.09138091135663814	0.9971497948038809
dataset_name-FR-FCM-Z3YR_seed-42	knn	num-1	run0	25	/PBMC/T cells/T cells CD8/T cells CM	/PBMC/T cells/T cells CD8/T cells CM	431914	18913	48480	16166421	0.8990828361719755	0.0011685270134060874	0.1009171638280245	0.9988314729865939
dataset_name-FR-FCM-Z3YR_seed-42	knn	num-1	run0	26	/PBMC/T cells/T cells CD8/T cells EM	/PBMC/T cells/T cells CD8/T cells EM	86306	28221	12574	16538627	0.8728357605177993	0.001703462239769448	0.12716423948220065	0.9982965377602305
dataset_name-FR-FCM-Z3YR_seed-42	knn	num-1	run0	27	/PBMC/T cells/T cells CD8/T cells Naive	/PBMC/T cells/T cells CD8/T cells Naive	439490	32472	17160	16176606	0.9624219862038761	0.0020033218422417366	0.037578013796123945	0.9979966781577583
dataset_name-FR-FCM-Z3YR_seed-42	knn	num-1	run0	28	/PBMC/T cells/T cells CD8/T cells TEMRA	/PBMC/T cells/T cells CD8/T cells TEMRA	26260	21662	3198	16614608	0.8914386584289496	0.0013020947604240613	0.10856134157105031	0.9986979052395759
dataset_name-FR-FCM-Z3YR_seed-42	knn	num-2	run0	1	/Granulocytes	/Granulocytes	9927616	7167	121514	6615484	0.9879080079569077	0.0010821950303586886	0.012091992043092288	0.9989178049696413
dataset_name-FR-FCM-Z3YR_seed-42	knn	num-2	run0	2	/PBMC/B cells/B cells DN	/PBMC/B cells/B cells DN	43824	32662	9823	16585472	0.8168956325610006	0.0019654432922492984	0.18310436743899938	0.9980345567077507
dataset_name-FR-FCM-Z3YR_seed-42	knn	num-2	run0	3	/PBMC/B cells/B cells NSM	/PBMC/B cells/B cells NSM	46408	11456	4754	16609163	0.9070794730464016	6.89264340876835e-4	0.09292052695359837	0.9993107356591232
dataset_name-FR-FCM-Z3YR_seed-42	knn	num-2	run0	4	/PBMC/B cells/B cells Naive/B cells TR	/PBMC/B cells/B cells Naive/B cells TR	63689	4531	2277	16601284	0.9654822181123609	2.7285622536442805e-4	0.034517781887639085	0.9997271437746356
dataset_name-FR-FCM-Z3YR_seed-42	knn	num-2	run0	5	/PBMC/B cells/B cells SWME/B cells CD27hi CD20hi	/PBMC/B cells/B cells SWME/B cells CD27hi CD20hi	90832	11170	11990	16557789	0.8833907140495225	6.741521902492486e-4	0.11660928595047752	0.9993258478097508
dataset_name-FR-FCM-Z3YR_seed-42	knn	num-2	run0	6	/PBMC/B cells/B cells SWME/B cells PB	/PBMC/B cells/B cells SWME/B cells PB	5868	10679	1712	16653522	0.7741424802110818	6.408348051010666e-4	0.22585751978891822	0.999359165194899
dataset_name-FR-FCM-Z3YR_seed-42	knn	num-2	run0	7	/PBMC/B cells/B cells SWME/B cells PC	/PBMC/B cells/B cells SWME/B cells PC	8579	2550	403	16660249	0.9551324871966155	1.5303551342124453e-4	0.044867512803384545	0.9998469644865787
dataset_name-FR-FCM-Z3YR_seed-42	knn	num-2	run0	8	/PBMC/CD3 CD19 DP	/PBMC/CD3 CD19 DP	48741	5612	2155	16615273	0.9576587551084564	3.37647483873452e-4	0.04234124489154354	0.9996623525161266
dataset_name-FR-FCM-Z3YR_seed-42	knn	num-2	run0	9	/PBMC/CD3-CD19-/CD7hi cells/NK cells CD56 hi	/PBMC/CD3-CD19-/CD7hi cells/NK cells CD56 hi	21116	22921	3297	16624447	0.8649490025805923	0.0013768542871161376	0.13505099741940768	0.9986231457128839
dataset_name-FR-FCM-Z3YR_seed-42	knn	num-2	run0	10	/PBMC/CD3-CD19-/CD7hi cells/NK cells CD56 mid	/PBMC/CD3-CD19-/CD7hi cells/NK cells CD56 mid	607694	29037	26254	16008796	0.9585865086726356	0.001810531385381055	0.04141349132736439	0.998189468614619
dataset_name-FR-FCM-Z3YR_seed-42	knn	num-2	run0	11	/PBMC/CD3-CD19-/CD7low cells/CD11c hi HLADR hi/Monocytes CD14hi	/PBMC/CD3-CD19-/CD7low cells/CD11c hi HLADR hi/Monocytes CD14hi	929197	11132	113993	15617459	0.8907265215349074	7.12284299973043e-4	0.10927347846509265	0.999287715700027
dataset_name-FR-FCM-Z3YR_seed-42	knn	num-2	run0	12	/PBMC/CD3-CD19-/CD7low cells/CD11c hi HLADR hi/Monocytes CD14mid	/PBMC/CD3-CD19-/CD7low cells/CD11c hi HLADR hi/Monocytes CD14mid	43972	112422	6862	16508525	0.865011606405162	0.006763874525320368	0.1349883935948381	0.9932361254746797
dataset_name-FR-FCM-Z3YR_seed-42	knn	num-2	run0	13	/PBMC/CD3-CD19-/CD7low cells/CD11c hi HLADR hi/Monocytes non-class	/PBMC/CD3-CD19-/CD7low cells/CD11c hi HLADR hi/Monocytes non-class	81856	26020	13137	16550768	0.8617055993599528	0.0015696647625583436	0.13829440064004717	0.9984303352374416
dataset_name-FR-FCM-Z3YR_seed-42	knn	num-2	run0	14	/PBMC/CD3-CD19-/CD7low cells/CD11c hi HLADR hi/cDC/cDC1	/PBMC/CD3-CD19-/CD7low cells/CD11c hi HLADR hi/cDC/cDC1	2806	633	167	16668175	0.9438277833837874	3.797512095645952e-5	0.05617221661621258	0.9999620248790435
dataset_name-FR-FCM-Z3YR_seed-42	knn	num-2	run0	15	/PBMC/CD3-CD19-/CD7low cells/CD11c hi HLADR hi/cDC/cDC2	/PBMC/CD3-CD19-/CD7low cells/CD11c hi HLADR hi/cDC/cDC2	49404	17740	3975	16600662	0.9255325127859271	0.0010674913267834055	0.07446748721407295	0.9989325086732166
dataset_name-FR-FCM-Z3YR_seed-42	knn	num-2	run0	16	/PBMC/CD3-CD19-/CD7low cells/CD11c low HLADR hi/pDC	/PBMC/CD3-CD19-/CD7low cells/CD11c low HLADR hi/pDC	43332	7280	794	16620375	0.9820060735167475	4.3782481654809413e-4	0.017993926483252504	0.9995621751834519
dataset_name-FR-FCM-Z3YR_seed-42	knn	num-2	run0	17	/PBMC/CD3-CD19-/CD7low cells/CD11c low HLADR low/Basophils	/PBMC/CD3-CD19-/CD7low cells/CD11c low HLADR low/Basophils	146224	5622	202	16519733	0.9986204635788726	3.4020449182483524e-4	0.0013795364211273953	0.9996597955081752
dataset_name-FR-FCM-Z3YR_seed-42	knn	num-2	run0	18	/PBMC/T cells/NKT cells	/PBMC/T cells/NKT cells	85	7272	1206	16663218	0.06584043377226956	4.3621993114779467e-4	0.9341595662277304	0.9995637800688522
dataset_name-FR-FCM-Z3YR_seed-42	knn	num-2	run0	19	/PBMC/T cells/T cells CD4/T cells CM	/PBMC/T cells/T cells CD4/T cells CM	1012722	69036	45354	15544669	0.9571354042620757	0.00442150021407475	0.04286459573792431	0.9955784997859253
dataset_name-FR-FCM-Z3YR_seed-42	knn	num-2	run0	20	/PBMC/T cells/T cells CD4/T cells EM	/PBMC/T cells/T cells CD4/T cells EM	143375	35605	3795	16489006	0.9742134945980838	0.0021546649418857726	0.02578650540191615	0.9978453350581142
dataset_name-FR-FCM-Z3YR_seed-42	knn	num-2	run0	21	/PBMC/T cells/T cells CD4/T cells Naive	/PBMC/T cells/T cells CD4/T cells Naive	1311142	14555	76128	15269956	0.9451238763903206	9.522712241170163e-4	0.054876123609679445	0.999047728775883
dataset_name-FR-FCM-Z3YR_seed-42	knn	num-2	run0	22	/PBMC/T cells/T cells CD4/T cells TEMRA	/PBMC/T cells/T cells CD4/T cells TEMRA	2423	4744	2845	16661769	0.4599468488990129	2.84642624404997e-4	0.5400531511009871	0.999715357375595
dataset_name-FR-FCM-Z3YR_seed-42	knn	num-2	run0	23	/PBMC/T cells/T cells CD4hiCD8hi	/PBMC/T cells/T cells CD4hiCD8hi	37418	12490	7596	16614277	0.8312524992224641	7.511983538351142e-4	0.1687475007775359	0.9992488016461649
dataset_name-FR-FCM-Z3YR_seed-42	knn	num-2	run0	24	/PBMC/T cells/T cells CD4lowCD8low	/PBMC/T cells/T cells CD4lowCD8low	455489	39739	22063	16154490	0.9537997956243509	0.002453898854956293	0.046200204375649145	0.9975461011450437
dataset_name-FR-FCM-Z3YR_seed-42	knn	num-2	run0	25	/PBMC/T cells/T cells CD8/T cells CM	/PBMC/T cells/T cells CD8/T cells CM	430911	13311	49578	16177981	0.8968176170526276	8.221085753996654e-4	0.10318238294737236	0.9991778914246003
dataset_name-FR-FCM-Z3YR_seed-42	knn	num-2	run0	26	/PBMC/T cells/T cells CD8/T cells EM	/PBMC/T cells/T cells CD8/T cells EM	85523	19082	13505	16553671	0.8636244294542957	0.001151407976695242	0.13637557054570423	0.9988485920233048
dataset_name-FR-FCM-Z3YR_seed-42	knn	num-2	run0	27	/PBMC/T cells/T cells CD8/T cells Naive	/PBMC/T cells/T cells CD8/T cells Naive	438315	18624	18426	16196416	0.9596576615631178	0.0011485633091253553	0.040342338436882175	0.9988514366908746
dataset_name-FR-FCM-Z3YR_seed-42	knn	num-2	run0	28	/PBMC/T cells/T cells CD8/T cells TEMRA	/PBMC/T cells/T cells CD8/T cells TEMRA	25706	14422	3709	16627944	0.8739078701342853	8.665835134259155e-4	0.12609212986571477	0.99913341648657406
dataset_name-FR-FCM-Z3YR_seed-42	knn	num-3	run0	1	/Granulocytes	/Granulocytes	9460487	2503	206739	6358657	0.97861444430905	3.934816920184369e-4	0.02138555569095002	0.9996065183079815
dataset_name-FR-FCM-Z3YR_seed-42	knn	num-3	run0	2	/PBMC/B cells/B cells DN	/PBMC/B cells/B cells DN	40602	30102	10832	15946850	0.7894000077769568	0.0018840890302480723	0.21059999222304313	0.9981159109697519
dataset_name-FR-FCM-Z3YR_seed-42	knn	num-3	run0	3	/PBMC/B cells/B cells NSM	/PBMC/B cells/B cells NSM	45922	9551	3419	15969494	0.9307067144970714	5.97720326840559e-4	0.0692932855029286	0.9994022796731594
dataset_name-FR-FCM-Z3YR_seed-42	knn	num-3	run0	4	/PBMC/B cells/B cells Naive/B cells TR	/PBMC/B cells/B cells Naive/B cells TR	63309	50593	575	15913909	0.9909993112516436	0.003169093530133292	0.009000688748356396	0.9968309064698667
dataset_name-FR-FCM-Z3YR_seed-42	knn	num-3	run0	5	/PBMC/B cells/B cells SWME/B cells CD27hi CD20hi	/PBMC/B cells/B cells SWME/B cells CD27hi CD20hi	84475	16794	14133	15912984	0.8566749148142139	0.0010542519801594221	0.14332508518578616	0.9989457480198406
dataset_name-FR-FCM-Z3YR_seed-42	knn	num-3	run0	6	/PBMC/B cells/B cells SWME/B cells PB	/PBMC/B cells/B cells SWME/B cells PB	6812	12370	643	16008561	0.9137491616364856	7.721149289014477e-4	0.08625083836351442	0.9992278850710985
dataset_name-FR-FCM-Z3YR_seed-42	knn	num-3	run0	7	/PBMC/B cells/B cells SWME/B cells PC	/PBMC/B cells/B cells SWME/B cells PC	8274	2778	358	16016976	0.9585264133456904	1.734109025644214e-4	0.041473586654309544	0.9998265890974356
dataset_name-FR-FCM-Z3YR_seed-42	knn	num-3	run0	8	/PBMC/CD3 CD19 DP	/PBMC/CD3 CD19 DP	47057	6890	1898	15972541	0.9612297007455827	4.3117930794907527e-4	0.03877029925441732	0.9995688206920509
dataset_name-FR-FCM-Z3YR_seed-42	knn	num-3	run0	9	/PBMC/CD3-CD19-/CD7hi cells/NK cells CD56 hi	/PBMC/CD3-CD19-/CD7hi cells/NK cells CD56 hi	22213	27120	1481	15977572	0.9374947244028023	0.001694503086969746	0.0625052755971976	0.9983054969130303
dataset_name-FR-FCM-Z3YR_seed-42	knn	num-3	run0	10	/PBMC/CD3-CD19-/CD7hi cells/NK cells CD56 mid	/PBMC/CD3-CD19-/CD7hi cells/NK cells CD56 mid	576055	7631	32385	15412315	0.946773716389455	4.948785164357903e-4	0.053226283610545	0.9995051214835642
dataset_name-FR-FCM-Z3YR_seed-42	knn	num-3	run0	11	/PBMC/CD3-CD19-/CD7low cells/CD11c hi HLADR hi/Monocytes CD14hi	/PBMC/CD3-CD19-/CD7low cells/CD11c hi HLADR hi/Monocytes CD14hi	902371	26417	97046	15002552	0.9028973891778908	0.001757738671228878	0.09710261082210929	0.9982422613287711
dataset_name-FR-FCM-Z3YR_seed-42	knn	num-3	run0	12	/PBMC/CD3-CD19-/CD7low cells/CD11c hi HLADR hi/Monocytes CD14mid	/PBMC/CD3-CD19-/CD7low cells/CD11c hi HLADR hi/Monocytes CD14mid	46566	146387	3099	15832334	0.9376019329507702	0.009161371551577877	0.06239806704922984	0.9908386284484221
dataset_name-FR-FCM-Z3YR_seed-42	knn	num-3	run0	13	/PBMC/CD3-CD19-/CD7low cells/CD11c hi HLADR hi/Monocytes non-class	/PBMC/CD3-CD19-/CD7low cells/CD11c hi HLADR hi/Monocytes non-class	80693	11491	10628	15925574	0.8836193208571961	7.210236012716269e-4	0.11638067914280395	0.9992789763987284
dataset_name-FR-FCM-Z3YR_seed-42	knn	num-3	run0	14	/PBMC/CD3-CD19-/CD7low cells/CD11c hi HLADR hi/cDC/cDC1	/PBMC/CD3-CD19-/CD7low cells/CD11c hi HLADR hi/cDC/cDC1	2782	572	59	16024973	0.9792326645547342	3.569301387253912e-5	0.020767335445265753	0.9999643069861275
dataset_name-FR-FCM-Z3YR_seed-42	knn	num-3	run0	15	/PBMC/CD3-CD19-/CD7low cells/CD11c hi HLADR hi/cDC/cDC2	/PBMC/CD3-CD19-/CD7low cells/CD11c hi HLADR hi/cDC/cDC2	49398	15901	1645	15961442	0.9677722704386498	9.952217962648734e-4	0.032227729561350234	0.9990047782037351
dataset_name-FR-FCM-Z3YR_seed-42	knn	num-3	run0	16	/PBMC/CD3-CD19-/CD7low cells/CD11c low HLADR hi/pDC	/PBMC/CD3-CD19-/CD7low cells/CD11c low HLADR hi/pDC	41764	7382	562	15978678	0.9867221093417757	4.6177732349309334e-4	0.013277890658224259	0.9995382226765069
dataset_name-FR-FCM-Z3YR_seed-42	knn	num-3	run0	17	/PBMC/CD3-CD19-/CD7low cells/CD11c low HLADR low/Basophils	/PBMC/CD3-CD19-/CD7low cells/CD11c low HLADR low/Basophils	140628	4605	179	15882974	0.9987287563828503	2.898490701446709e-4	0.0012712436171497155	0.9997101509298554
dataset_name-FR-FCM-Z3YR_seed-42	knn	num-3	run0	18	/PBMC/T cells/NKT cells	/PBMC/T cells/NKT cells	310	47189	943	15979944	0.24740622505985635	0.0029443194862112895	0.7525937749401437	0.9970556805137887
dataset_name-FR-FCM-Z3YR_seed-42	knn	num-3	run0	19	/PBMC/T cells/T cells CD4/T cells CM	/PBMC/T cells/T cells CD4/T cells CM	971145	51498	44642	14961101	0.9560518100743561	0.0034303187609287375	0.04394818992564386	0.9965696812390713
dataset_name-FR-FCM-Z3YR_seed-42	knn	num-3	run0	20	/PBMC/T cells/T cells CD4/T cells EM	/PBMC/T cells/T cells CD4/T cells EM	135966	25392	5244	15861784	0.9628638198427873	0.0015982702023317422	0.037136180157212664	0.9984017297976683
dataset_name-FR-FCM-Z3YR_seed-42	knn	num-3	run0	21	/PBMC/T cells/T cells CD4/T cells Naive	/PBMC/T cells/T cells CD4/T cells Naive	1273258	16505	60124	14678499	0.954908645834427	0.001123170840919812	0.04509135416557296	0.9988768291590802
dataset_name-FR-FCM-Z3YR_seed-42	knn	num-3	run0	22	/PBMC/T cells/T cells CD4/T cells TEMRA	/PBMC/T cells/T cells CD4/T cells TEMRA	3994	11966	1101	16011325	0.7839057899901865	7.467879101740086e-4	0.21609421000981355	0.999253212089826
dataset_name-FR-FCM-Z3YR_seed-42	knn	num-3	run0	23	/PBMC/T cells/T cells CD4hiCD8hi	/PBMC/T cells/T cells CD4hiCD8hi	38030	12476	5217	15972663	0.8793673549610378	7.804749148568555e-4	0.12063264503896225	0.9992195250851431
dataset_name-FR-FCM-Z3YR_seed-42	knn	num-3	run0	24	/PBMC/T cells/T cells CD4lowCD8low	/PBMC/T cells/T cells CD4lowCD8low	418427	21007	40855	15548097	0.91104593691893	0.0013492748201823304	0.08895406308107001	0.9986507251798177
dataset_name-FR-FCM-Z3YR_seed-42	knn	num-3	run0	25	/PBMC/T cells/T cells CD8/T cells CM	/PBMC/T cells/T cells CD8/T cells CM	409210	3998	52140	15563038	0.8869838517394603	2.568247417170488e-4	0.11301614826053973	0.9997431752582829
dataset_name-FR-FCM-Z3YR_seed-42	knn	num-3	run0	26	/PBMC/T cells/T cells CD8/T cells EM	/PBMC/T cells/T cells CD8/T cells EM	81216	7595	13725	15925850	0.8554365342686511	4.7667029948639483e-4	0.14456346573134896	0.9995233297005136
dataset_name-FR-FCM-Z3YR_seed-42	knn	num-3	run0	27	/PBMC/T cells/T cells CD8/T cells Naive	/PBMC/T cells/T cells CD8/T cells Naive	428429	29525	10816	15559616	0.9753759291511571	0.0018939465619048541	0.0246240708488429	0.9981060534380951
dataset_name-FR-FCM-Z3YR_seed-42	knn	num-3	run0	28	/PBMC/T cells/T cells CD8/T cells TEMRA	/PBMC/T cells/T cells CD8/T cells TEMRA	26902	15853	1603	15984028	0.9437642518856341	9.908198692227773e-4	0.0562357481143659	0.9990091801307772
dataset_name-FR-FCM-Z3YR_seed-42	knn	num-4	run0	1	/Granulocytes	/Granulocytes	9557876	2463	190292	6413325	0.9804792038873356	3.838967247670902e-4	0.01952079611266445	0.9996161032752329
dataset_name-FR-FCM-Z3YR_seed-42	knn	num-4	run0	2	/PBMC/B cells/B cells DN	/PBMC/B cells/B cells DN	39808	28447	12056	16083645	0.7675458892488045	0.0017655683693961032	0.23245411075119543	0.9982344316306039
dataset_name-FR-FCM-Z3YR_seed-42	knn	num-4	run0	3	/PBMC/B cells/B cells NSM	/PBMC/B cells/B cells NSM	45511	3148	4188	16111109	0.9157327109197368	1.9535495803498727e-4	0.08426728908026318	0.999804645041965
dataset_name-FR-FCM-Z3YR_seed-42	knn	num-4	run0	4	/PBMC/B cells/B cells Naive/B cells TR	/PBMC/B cells/B cells Naive/B cells TR	64190	5082	402	16094282	0.9937763190487986	3.156646436467925e-4	0.006223680951201387	0.9996843353563533
dataset_name-FR-FCM-Z3YR_seed-42	knn	num-4	run0	5	/PBMC/B cells/B cells SWME/B cells CD27hi CD20hi	/PBMC/B cells/B cells SWME/B cells CD27hi CD20hi	89914	7348	9829	16056865	0.9014567438316473	4.5741425365811573e-4	0.09854325616835266	0.9995425857463419
dataset_name-FR-FCM-Z3YR_seed-42	knn	num-4	run0	6	/PBMC/B cells/B cells SWME/B cells PB	/PBMC/B cells/B cells SWME/B cells PB	6245	9349	981	16147381	0.8642402435649045	5.786443172597426e-4	0.1357597564350955	0.9994213556827403
dataset_name-FR-FCM-Z3YR_seed-42	knn	num-4	run0	7	/PBMC/B cells/B cells SWME/B cells PC	/PBMC/B cells/B cells SWME/B cells PC	8555	3856	206	16151339	0.9764867024312293	2.3868483172131318e-4	0.02351329756877069	0.9997613151682787
dataset_name-FR-FCM-Z3YR_seed-42	knn	num-4	run0	8	/PBMC/CD3 CD19 DP	/PBMC/CD3 CD19 DP	47200	3928	2342	16110486	0.95272697912882	2.437569247010782e-4	0.04727302087118001	0.9997562430752989
dataset_name-FR-FCM-Z3YR_seed-42	knn	num-4	run0	9	/PBMC/CD3-CD19-/CD7hi cells/NK cells CD56 hi	/PBMC/CD3-CD19-/CD7hi cells/NK cells CD56 hi	22307	36608	1473	16103568	0.9380571909167368	0.002268128922509891	0.061942809083263245	0.9977318710774901
dataset_name-FR-FCM-Z3YR_seed-42	knn	num-4	run0	10	/PBMC/CD3-CD19-/CD7hi cells/NK cells CD56 mid	/PBMC/CD3-CD19-/CD7hi cells/NK cells CD56 mid	571857	7278	43002	15541819	0.9300620142178938	4.680657661342006e-4	0.06993798578210614	0.9995319342338658
dataset_name-FR-FCM-Z3YR_seed-42	knn	num-4	run0	11	/PBMC/CD3-CD19-/CD7low cells/CD11c hi HLADR hi/Monocytes CD14hi	/PBMC/CD3-CD19-/CD7low cells/CD11c hi HLADR hi/Monocytes CD14hi	933123	58161	79784	15092888	0.9212326501840742	0.003838744102801067	0.07876734981592584	0.996161255897199
dataset_name-FR-FCM-Z3YR_seed-42	knn	num-4	run0	12	/PBMC/CD3-CD19-/CD7low cells/CD11c hi HLADR hi/Monocytes CD14mid	/PBMC/CD3-CD19-/CD7low cells/CD11c hi HLADR hi/Monocytes CD14mid	43727	79218	4300	16036711	0.910467028962875	0.004915509369642916	0.08953297103712494	0.9950844906303571
dataset_name-FR-FCM-Z3YR_seed-42	knn	num-4	run0	13	/PBMC/CD3-CD19-/CD7low cells/CD11c hi HLADR hi/Monocytes non-class	/PBMC/CD3-CD19-/CD7low cells/CD11c hi HLADR hi/Monocytes non-class	82263	7708	9450	16064535	0.8969611723528834	4.79584585673574e-4	0.10303882764711655	0.9995204154143265
dataset_name-FR-FCM-Z3YR_seed-42	knn	num-4	run0	14	/PBMC/CD3-CD19-/CD7low cells/CD11c hi HLADR hi/cDC/cDC1	/PBMC/CD3-CD19-/CD7low cells/CD11c hi HLADR hi/cDC/cDC1	2826	845	49	16160236	0.9829565217391304	5.2286106356375544e-5	0.017043478260869566	0.9999477138936437
dataset_name-FR-FCM-Z3YR_seed-42	knn	num-4	run0	15	/PBMC/CD3-CD19-/CD7low cells/CD11c hi HLADR hi/cDC/cDC2	/PBMC/CD3-CD19-/CD7low cells/CD11c hi HLADR hi/cDC/cDC2	49723	12228	2124	16099881	0.9590333095453932	7.589323036481444e-4	0.040966690454606824	0.9992410676963519
dataset_name-FR-FCM-Z3YR_seed-42	knn	num-4	run0	16	/PBMC/CD3-CD19-/CD7low cells/CD11c low HLADR hi/pDC	/PBMC/CD3-CD19-/CD7low cells/CD11c low HLADR hi/pDC	42363	72377	347	16048869	0.9918754390072583	0.004489541317091743	0.008124560992741746	0.9955104586829082
dataset_name-FR-FCM-Z3YR_seed-42	knn	num-4	run0	17	/PBMC/CD3-CD19-/CD7low cells/CD11c low HLADR low/Basophils	/PBMC/CD3-CD19-/CD7low cells/CD11c low HLADR low/Basophils	141278	6164	172	16016342	0.9987840226228349	3.847088589013479e-4	0.001215977377165076	0.9996152911410987
dataset_name-FR-FCM-Z3YR_seed-42	knn	num-4	run0	18	/PBMC/T cells/NKT cells	/PBMC/T cells/NKT cells	409	48285	846	16114416	0.3258964143426295	0.002987433845370276	0.6741035856573705	0.9970125661546297
dataset_name-FR-FCM-Z3YR_seed-42	knn	num-4	run0	19	/PBMC/T cells/T cells CD4/T cells CM	/PBMC/T cells/T cells CD4/T cells CM	982628	51238	40169	15089921	0.9607263220365332	0.003384020998656708	0.03927367796346685	0.9966159790013432
dataset_name-FR-FCM-Z3YR_seed-42	knn	num-4	run0	20	/PBMC/T cells/T cells CD4/T cells EM	/PBMC/T cells/T cells CD4/T cells EM	137119	23259	5209	15998369	0.963401438929796	0.0014517251305547726	0.03659856107020404	0.9985482748694452
dataset_name-FR-FCM-Z3YR_seed-42	knn	num-4	run0	21	/PBMC/T cells/T cells CD4/T cells Naive	/PBMC/T cells/T cells CD4/T cells Naive	1284882	15516	59723	14803835	0.9555832382000662	0.0010470094135701354	0.04441676179993381	0.9989529905864298
dataset_name-FR-FCM-Z3YR_seed-42	knn	num-4	run0	22	/PBMC/T cells/T cells CD4/T cells TEMRA	/PBMC/T cells/T cells CD4/T cells TEMRA	3638	19634	1537	16139147	0.7029951690821256	0.0012150669038710285	0.2970048309178744	0.9987849330961289
dataset_name-FR-FCM-Z3YR_seed-42	knn	num-4	run0	23	/PBMC/T cells/T cells CD4hiCD8hi	/PBMC/T cells/T cells CD4hiCD8hi	37582	14393	6409	16105572	0.8543111090904958	8.928679435718377e-4	0.1456888909095042	0.9991071320564282
dataset_name-FR-FCM-Z3YR_seed-42	knn	num-4	run0	24	/PBMC/T cells/T cells CD4lowCD8low	/PBMC/T cells/T cells CD4lowCD8low	419539	15548	42331	15686538	0.9083486695390478	9.901869089240754e-4	0.09165133046095221	0.999009813091076
dataset_name-FR-FCM-Z3YR_seed-42	knn	num-4	run0	25	/PBMC/T cells/T cells CD8/T cells CM	/PBMC/T cells/T cells CD8/T cells CM	418510	10270	46437	15688739	0.9001241001662555	6.541814199864463e-4	0.0998758998337445	0.9993458185800136
dataset_name-FR-FCM-Z3YR_seed-42	knn	num-4	run0	26	/PBMC/T cells/T cells CD8/T cells EM	/PBMC/T cells/T cells CD8/T cells EM	80456	8844	15333	16059323	0.8399294282224472	5.504050337540057e-4	0.16007057177755274	0.999449594966246
dataset_name-FR-FCM-Z3YR_seed-42	knn	num-4	run0	27	/PBMC/T cells/T cells CD8/T cells Naive	/PBMC/T cells/T cells CD8/T cells Naive	426010	26022	16845	15695079	0.9619627191744476	0.0016552275823429924	0.03803728082555238	0.998344772417657
dataset_name-FR-FCM-Z3YR_seed-42	knn	num-4	run0	28	/PBMC/T cells/T cells CD8/T cells TEMRA	/PBMC/T cells/T cells CD8/T cells TEMRA	26679	20521	1902	16114854	0.9334522934816837	0.0012718018639170147	0.06654770651831636	0.9987281981360829
dataset_name-FR-FCM-Z3YR_seed-42	knn	num-5	run0	1	/Granulocytes	/Granulocytes	9564044	2475	151370	6396491	0.9844196037348486	3.8678123934398153e-4	0.015580396265151439	0.999613218760656
dataset_name-FR-FCM-Z3YR_seed-42	knn	num-5	run0	2	/PBMC/B cells/B cells DN	/PBMC/B cells/B cells DN	44126	25655	7964	16036635	0.8471107698214628	0.0015972193255133608	0.15288923017853714	0.9984027806744866
dataset_name-FR-FCM-Z3YR_seed-42	knn	num-5	run0	3	/PBMC/B cells/B cells NSM	/PBMC/B cells/B cells NSM	44867	6738	4238	16058537	0.9136951430607881	4.194139222640135e-4	0.08630485693921189	0.999580586077736
dataset_name-FR-FCM-Z3YR_seed-42	knn	num-5	run0	4	/PBMC/B cells/B cells Naive/B cells TR	/PBMC/B cells/B cells Naive/B cells TR	62410	18191	557	16033222	0.9911540965902774	0.0011332958662268549	0.008845903409722553	0.9988667041337731
dataset_name-FR-FCM-Z3YR_seed-42	knn	num-5	run0	5	/PBMC/B cells/B cells SWME/B cells CD27hi CD20hi	/PBMC/B cells/B cells SWME/B cells CD27hi CD20hi	82962	7492	16293	16007633	0.8358470606014811	4.6780777546225836e-4	0.16415293939851897	0.9995321922245377
dataset_name-FR-FCM-Z3YR_seed-42	knn	num-5	run0	6	/PBMC/B cells/B cells SWME/B cells PB	/PBMC/B cells/B cells SWME/B cells PB	6876	21530	479	16085495	0.93487423521414	0.0013366838382631182	0.06512576478585996	0.9986633161617369
dataset_name-FR-FCM-Z3YR_seed-42	knn	num-5	run0	7	/PBMC/B cells/B cells SWME/B cells PC	/PBMC/B cells/B cells SWME/B cells PC	8249	3341	411	16102379	0.952540415704388	2.074418281206925e-4	0.047459584295612006	0.9997925581718793
dataset_name-FR-FCM-Z3YR_seed-42	knn	num-5	run0	8	/PBMC/CD3 CD19 DP	/PBMC/CD3 CD19 DP	46410	6010	2598	16059362	0.9469882468168462	3.7409653508178956e-4	0.05301175318315377	0.9996259034649182
dataset_name-FR-FCM-Z3YR_seed-42	knn	num-5	run0	9	/PBMC/CD3-CD19-/CD7hi cells/NK cells CD56 hi	/PBMC/CD3-CD19-/CD7hi cells/NK cells CD56 hi	22545	63220	604	16028011	0.9739081601797054	0.003928847954516345	0.026091839820294612	0.9960711520454837
dataset_name-FR-FCM-Z3YR_seed-42	knn	num-5	run0	10	/PBMC/CD3-CD19-/CD7hi cells/NK cells CD56 mid	/PBMC/CD3-CD19-/CD7hi cells/NK cells CD56 mid	543498	4942	68159	15497781	0.8885666312982603	3.1878270675416185e-4	0.1114333687017397	0.9996812172932459
dataset_name-FR-FCM-Z3YR_seed-42	knn	num-5	run0	11	/PBMC/CD3-CD19-/CD7low cells/CD11c hi HLADR hi/Monocytes CD14hi	/PBMC/CD3-CD19-/CD7low cells/CD11c hi HLADR hi/Monocytes CD14hi	860346	13272	146774	15093988	0.8542636428628168	8.78518010545923e-4	0.14573635713718325	0.999121481989454
dataset_name-FR-FCM-Z3YR_seed-42	knn	num-5	run0	12	/PBMC/CD3-CD19-/CD7low cells/CD11c hi HLADR hi/Monocytes CD14mid	/PBMC/CD3-CD19-/CD7low cells/CD11c hi HLADR hi/Monocytes CD14mid	48142	190552	1938	15873748	0.9613019169329073	0.011861830269604029	0.03869808306709265	0.9881381697303959
dataset_name-FR-FCM-Z3YR_seed-42	knn	num-5	run0	13	/PBMC/CD3-CD19-/CD7low cells/CD11c hi HLADR hi/Monocytes non-class	/PBMC/CD3-CD19-/CD7low cells/CD11c hi HLADR hi/Monocytes non-class	80914	12195	11393	16009878	0.8765749076451407	7.611374632982886e-4	0.12342509235485932	0.9992388625367017
dataset_name-FR-FCM-Z3YR_seed-42	knn	num-5	run0	14	/PBMC/CD3-CD19-/CD7low cells/CD11c hi HLADR hi/cDC/cDC1	/PBMC/CD3-CD19-/CD7low cells/CD11c hi HLADR hi/cDC/cDC1	2841	1524	30	16109985	0.9895506792058516	9.459076738249658e-5	0.01044932079414838	0.9999054092326175
dataset_name-FR-FCM-Z3YR_seed-42	knn	num-5	run0	15	/PBMC/CD3-CD19-/CD7low cells/CD11c hi HLADR hi/cDC/cDC2	/PBMC/CD3-CD19-/CD7low cells/CD11c hi HLADR hi/cDC/cDC2	49868	14186	1676	16048650	0.9674840912618345	8.831566231517273e-4	0.03251590873816545	0.9991168433768483
dataset_name-FR-FCM-Z3YR_seed-42	knn	num-5	run0	16	/PBMC/CD3-CD19-/CD7low cells/CD11c low HLADR hi/pDC	/PBMC/CD3-CD19-/CD7low cells/CD11c low HLADR hi/pDC	42115	6849	608	16064808	0.985768789644922	4.261539429319578e-4	0.014231210355078062	0.999573846057068
dataset_name-FR-FCM-Z3YR_seed-42	knn	num-5	run0	17	/PBMC/CD3-CD19-/CD7low cells/CD11c low HLADR low/Basophils	/PBMC/CD3-CD19-/CD7low cells/CD11c low HLADR low/Basophils	141430	6119	194	15966637	0.998630175676439	3.830898061674516e-4	0.0013698243235609783	0.9996169101938326
dataset_name-FR-FCM-Z3YR_seed-42	knn	num-5	run0	18	/PBMC/T cells/NKT cells	/PBMC/T cells/NKT cells	454	68123	790	16045013	0.364951768488746	0.00422779277727191	0.635048231511254	0.9957722072227281
dataset_name-FR-FCM-Z3YR_seed-42	knn	num-5	run0	19	/PBMC/T cells/T cells CD4/T cells CM	/PBMC/T cells/T cells CD4/T cells CM	975048	64733	49054	15025545	0.9521004743668111	0.004289715537381087	0.04789952563318888	0.9957102844626189
dataset_name-FR-FCM-Z3YR_seed-42	knn	num-5	run0	20	/PBMC/T cells/T cells CD4/T cells EM	/PBMC/T cells/T cells CD4/T cells EM	138707	38049	3884	15933740	0.9727612542166055	0.0023822628761248975	0.027238745783394466	0.9976177371238751
dataset_name-FR-FCM-Z3YR_seed-42	knn	num-5	run0	21	/PBMC/T cells/T cells CD4/T cells Naive	/PBMC/T cells/T cells CD4/T cells Naive	1270945	14435	68790	14760210	0.9486540248631259	9.770116303978878e-4	0.051345975136874084	0.9990229883696021
dataset_name-FR-FCM-Z3YR_seed-42	knn	num-5	run0	22	/PBMC/T cells/T cells CD4/T cells TEMRA	/PBMC/T cells/T cells CD4/T cells TEMRA	3427	9125	1623	16100205	0.6786138613861387	5.664419314769764e-4	0.3213861386138614	0.9994335580685231
dataset_name-FR-FCM-Z3YR_seed-42	knn	num-5	run0	23	/PBMC/T cells/T cells CD4hiCD8hi	/PBMC/T cells/T cells CD4hiCD8hi	37490	8966	5736	16062188	0.8673020867070744	5.578939757530791e-4	0.13269791329292555	0.9994421060242469
dataset_name-FR-FCM-Z3YR_seed-42	knn	num-5	run0	24	/PBMC/T cells/T cells CD4lowCD8low	/PBMC/T cells/T cells CD4lowCD8low	412387	29491	49648	15622854	0.8925449370718669	0.0018841266276714448	0.10745506292813314	0.9981158733723285
dataset_name-FR-FCM-Z3YR_seed-42	knn	num-5	run0	25	/PBMC/T cells/T cells CD8/T cells CM	/PBMC/T cells/T cells CD8/T cells CM	396808	9313	67831	15640428	0.8540135460002282	5.950897206541629e-4	0.14598645399977186	0.9994049102793459
dataset_name-FR-FCM-Z3YR_seed-42	knn	num-5	run0	26	/PBMC/T cells/T cells CD8/T cells EM	/PBMC/T cells/T cells CD8/T cells EM	80089	15896	15894	16002501	0.8344081764479127	9.923589732480722e-4	0.16559182355208735	0.9990076410267519
dataset_name-FR-FCM-Z3YR_seed-42	knn	num-5	run0	27	/PBMC/T cells/T cells CD8/T cells Naive	/PBMC/T cells/T cells CD8/T cells Naive	422300	20934	18387	15652759	0.9582765091777157	0.0013356137573959116	0.0417234908222843	0.9986643862426041
dataset_name-FR-FCM-Z3YR_seed-42	knn	num-5	run0	28	/PBMC/T cells/T cells CD8/T cells TEMRA	/PBMC/T cells/T cells CD8/T cells TEMRA	26266	15460	1893	16070761	0.9327746013707873	9.610709687502117e-4	0.06722539862921269	0.9990389290312498
dataset_name-FR-FCM-Z3YR_seed-42	lda	num-1	run0	1	/Granulocytes	/Granulocytes	9851260	7311	194120	6613037	0.9806756937019804	0.0011043226126481568	0.019324306298019588	0.9988956773873519
dataset_name-FR-FCM-Z3YR_seed-42	lda	num-1	run0	2	/PBMC/B cells/B cells DN	/PBMC/B cells/B cells DN	27114	10052	26420	16602142	0.5064818619942466	6.050976770437427e-4	0.49351813800575334	0.9993949023229562
dataset_name-FR-FCM-Z3YR_seed-42	lda	num-1	run0	3	/PBMC/B cells/B cells NSM	/PBMC/B cells/B cells NSM	44063	24292	7159	16590214	0.8602358361641482	0.0014620958336046825	0.13976416383585177	0.9985379041663953
dataset_name-FR-FCM-Z3YR_seed-42	lda	num-1	run0	4	/PBMC/B cells/B cells Naive/B cells TR	/PBMC/B cells/B cells Naive/B cells TR	61125	23927	4908	16575768	0.9256735268729271	0.0014414120259438501	0.07432647312707283	0.9985585879740562
dataset_name-FR-FCM-Z3YR_seed-42	lda	num-1	run0	5	/PBMC/B cells/B cells SWME/B cells CD27hi CD20hi	/PBMC/B cells/B cells SWME/B cells CD27hi CD20hi	93100	31422	9707	16531499	0.9055803593140545	0.001897129135615632	0.09441964068594551	0.9981028708643843
dataset_name-FR-FCM-Z3YR_seed-42	lda	num-1	run0	6	/PBMC/B cells/B cells SWME/B cells PB	/PBMC/B cells/B cells SWME/B cells PB	5649	8881	1910	16649288	0.7473210742161661	5.331318225910663e-4	0.25267892578383383	0.9994668681774089
dataset_name-FR-FCM-Z3YR_seed-42	lda	num-1	run0	7	/PBMC/B cells/B cells SWME/B cells PC	/PBMC/B cells/B cells SWME/B cells PC	8739	3942	260	16652787	0.9711079008778754	2.366611115543754e-4	0.02889209912212468	0.9997633388884456
dataset_name-FR-FCM-Z3YR_seed-42	lda	num-1	run0	8	/PBMC/CD3 CD19 DP	/PBMC/CD3 CD19 DP	34799	9557	16120	16605252	0.6834187631336044	5.752097421041674e-4	0.31658123686639567	0.9994247902578959
dataset_name-FR-FCM-Z3YR_seed-42	lda	num-1	run0	9	/PBMC/CD3-CD19-/CD7hi cells/NK cells CD56 hi	/PBMC/CD3-CD19-/CD7hi cells/NK cells CD56 hi	20518	12249	3919	16629042	0.8396284322952899	7.360606818305142e-4	0.16037156770471006	0.9992639393181695
dataset_name-FR-FCM-Z3YR_seed-42	lda	num-1	run0	10	/PBMC/CD3-CD19-/CD7hi cells/NK cells CD56 mid	/PBMC/CD3-CD19-/CD7hi cells/NK cells CD56 mid	614379	25108	19724	16006517	0.9688946432992748	0.0015661543979478064	0.031105356700725277	0.9984338456020522
dataset_name-FR-FCM-Z3YR_seed-42	lda	num-1	run0	11	/PBMC/CD3-CD19-/CD7low cells/CD11c hi HLADR hi/Monocytes CD14hi	/PBMC/CD3-CD19-/CD7low cells/CD11c hi HLADR hi/Monocytes CD14hi	937661	55961	105830	15566276	0.898580821492471	0.003582137436527176	0.10141917850752906	0.9964178625634729
dataset_name-FR-FCM-Z3YR_seed-42	lda	num-1	run0	12	/PBMC/CD3-CD19-/CD7low cells/CD11c hi HLADR hi/Monocytes CD14mid	/PBMC/CD3-CD19-/CD7low cells/CD11c hi HLADR hi/Monocytes CD14mid	31104	34417	19313	16580894	0.6169347640676756	0.002071402695983241	0.3830652359323244	0.9979285973040167
dataset_name-FR-FCM-Z3YR_seed-42	lda	num-1	run0	13	/PBMC/CD3-CD19-/CD7low cells/CD11c hi HLADR hi/Monocytes non-class	/PBMC/CD3-CD19-/CD7low cells/CD11c hi HLADR hi/Monocytes non-class	85696	43977	9145	16526910	0.9035754578715957	0.0026538712140152785	0.09642454212840439	0.9973461287859847
dataset_name-FR-FCM-Z3YR_seed-42	lda	num-1	run0	14	/PBMC/CD3-CD19-/CD7low cells/CD11c hi HLADR hi/cDC/cDC1	/PBMC/CD3-CD19-/CD7low cells/CD11c hi HLADR hi/cDC/cDC1	0	0	2978	16662750	0	0	1	1
dataset_name-FR-FCM-Z3YR_seed-42	lda	num-1	run0	15	/PBMC/CD3-CD19-/CD7low cells/CD11c hi HLADR hi/cDC/cDC2	/PBMC/CD3-CD19-/CD7low cells/CD11c hi HLADR hi/cDC/cDC2	48479	22650	4935	16589664	0.9076084921556147	0.001363446416916993	0.09239150784438536	0.998636553583083
dataset_name-FR-FCM-Z3YR_seed-42	lda	num-1	run0	16	/PBMC/CD3-CD19-/CD7low cells/CD11c low HLADR hi/pDC	/PBMC/CD3-CD19-/CD7low cells/CD11c low HLADR hi/pDC	43562	12606	538	16609022	0.9878004535147392	7.584094650656362e-4	0.012199546485260771	0.9992415905349343
dataset_name-FR-FCM-Z3YR_seed-42	lda	num-1	run0	17	/PBMC/CD3-CD19-/CD7low cells/CD11c low HLADR low/Basophils	/PBMC/CD3-CD19-/CD7low cells/CD11c low HLADR low/Basophils	146195	28560	168	16490805	0.9988521689224735	0.0017288800144557614	0.001147831077526424	0.9982711199855442
dataset_name-FR-FCM-Z3YR_seed-42	lda	num-1	run0	18	/PBMC/T cells/NKT cells	/PBMC/T cells/NKT cells	73	4645	1214	16659796	0.05672105672105672	2.7873722256870184e-4	0.9432789432789432	0.9997212627774313
dataset_name-FR-FCM-Z3YR_seed-42	lda	num-1	run0	19	/PBMC/T cells/T cells CD4/T cells CM	/PBMC/T cells/T cells CD4/T cells CM	991222	46529	66055	15561922	0.9375234683058461	0.0029810132985009213	0.062476531694153944	0.9970189867014991
dataset_name-FR-FCM-Z3YR_seed-42	lda	num-1	run0	20	/PBMC/T cells/T cells CD4/T cells EM	/PBMC/T cells/T cells CD4/T cells EM	144302	23335	2663	16495428	0.9818800394651788	0.00141263604302574	0.018119960534821216	0.9985873639569742
dataset_name-FR-FCM-Z3YR_seed-42	lda	num-1	run0	21	/PBMC/T cells/T cells CD4/T cells Naive	/PBMC/T cells/T cells CD4/T cells Naive	1265665	13356	121162	15265545	0.9126336594254366	8.741466418298018e-4	0.08736634057456337	0.9991258533581702
dataset_name-FR-FCM-Z3YR_seed-42	lda	num-1	run0	22	/PBMC/T cells/T cells CD4/T cells TEMRA	/PBMC/T cells/T cells CD4/T cells TEMRA	1143	1115	4130	16659340	0.21676465010430496	6.69249429262286e-5	0.7832353498956951	0.9999330750570737
dataset_name-FR-FCM-Z3YR_seed-42	lda	num-1	run0	23	/PBMC/T cells/T cells CD4hiCD8hi	/PBMC/T cells/T cells CD4hiCD8hi	35270	4510	9781	16616167	0.782890501875652	2.713487543257113e-4	0.21710949812434796	0.9997286512456743
dataset_name-FR-FCM-Z3YR_seed-42	lda	num-1	run0	24	/PBMC/T cells/T cells CD4lowCD8low	/PBMC/T cells/T cells CD4lowCD8low	459647	23189	17422	16165470	0.963481173582857	0.0014324225372836627	0.03651882641714301	0.9985675774627163
dataset_name-FR-FCM-Z3YR_seed-42	lda	num-1	run0	25	/PBMC/T cells/T cells CD8/T cells CM	/PBMC/T cells/T cells CD8/T cells CM	395311	17204	85083	16168130	0.8228891285070171	0.00106293759523282	0.17711087149298285	0.9989370624047672
dataset_name-FR-FCM-Z3YR_seed-42	lda	num-1	run0	26	/PBMC/T cells/T cells CD8/T cells EM	/PBMC/T cells/T cells CD8/T cells EM	74398	19077	24482	16547771	0.7524069579288026	0.00115151657092526	0.24759304207119742	0.9988484834290747
dataset_name-FR-FCM-Z3YR_seed-42	lda	num-1	run0	27	/PBMC/T cells/T cells CD8/T cells Naive	/PBMC/T cells/T cells CD8/T cells Naive	424453	61557	32197	16147521	0.9294930471915034	0.003797686703710106	0.07050695280849666	0.9962023132962899
dataset_name-FR-FCM-Z3YR_seed-42	lda	num-1	run0	28	/PBMC/T cells/T cells CD8/T cells TEMRA	/PBMC/T cells/T cells CD8/T cells TEMRA	26625	19357	2833	16616913	0.9038291805282097	0.0011635420680236616	0.09617081947179035	0.9988364579319763
dataset_name-FR-FCM-Z3YR_seed-42	lda	num-2	run0	1	/Granulocytes	/Granulocytes	9996071	7672	53059	6614979	0.9947200404413118	0.00115844848233736	0.005279959558688165	0.9988415515176626
dataset_name-FR-FCM-Z3YR_seed-42	lda	num-2	run0	2	/PBMC/B cells/B cells DN	/PBMC/B cells/B cells DN	36744	6328	16903	16611806	0.6849218036423286	3.807888418759892e-4	0.3150781963576714	0.999619211158124
dataset_name-FR-FCM-Z3YR_seed-42	lda	num-2	run0	3	/PBMC/B cells/B cells NSM	/PBMC/B cells/B cells NSM	44754	12468	6408	16608151	0.874750791603143	7.501525665199353e-4	0.12524920839685705	0.9992498474334801
dataset_name-FR-FCM-Z3YR_seed-42	lda	num-2	run0	4	/PBMC/B cells/B cells Naive/B cells TR	/PBMC/B cells/B cells Naive/B cells TR	63414	6980	2552	16598835	0.9613134038747233	4.2033468396462324e-4	0.03868659612527666	0.9995796653160354
dataset_name-FR-FCM-Z3YR_seed-42	lda	num-2	run0	5	/PBMC/B cells/B cells SWME/B cells CD27hi CD20hi	/PBMC/B cells/B cells SWME/B cells CD27hi CD20hi	87061	15619	15761	16553340	0.8467156834140553	9.426663437334838e-4	0.15328431658594463	0.9990573336562665
dataset_name-FR-FCM-Z3YR_seed-42	lda	num-2	run0	6	/PBMC/B cells/B cells SWME/B cells PB	/PBMC/B cells/B cells SWME/B cells PB	5449	4893	2131	16659308	0.7188654353562005	2.936234386515141e-4	0.2811345646437995	0.9997063765613485
dataset_name-FR-FCM-Z3YR_seed-42	lda	num-2	run0	7	/PBMC/B cells/B cells SWME/B cells PC	/PBMC/B cells/B cells SWME/B cells PC	8751	3357	231	16659442	0.9742818971275885	2.0146675237455605e-4	0.02571810287241149	0.9997985332476255
dataset_name-FR-FCM-Z3YR_seed-42	lda	num-2	run0	8	/PBMC/CD3 CD19 DP	/PBMC/CD3 CD19 DP	41319	4166	9577	16616719	0.8118319710782773	2.506485063821812e-4	0.18816802892172274	0.9997493514936178
dataset_name-FR-FCM-Z3YR_seed-42	lda	num-2	run0	9	/PBMC/CD3-CD19-/CD7hi cells/NK cells CD56 hi	/PBMC/CD3-CD19-/CD7hi cells/NK cells CD56 hi	20091	12668	4322	16634700	0.8229631753573916	7.609611321140975e-4	0.17703682464260845	0.9992390388678859
dataset_name-FR-FCM-Z3YR_seed-42	lda	num-2	run0	10	/PBMC/CD3-CD19-/CD7hi cells/NK cells CD56 mid	/PBMC/CD3-CD19-/CD7hi cells/NK cells CD56 mid	611143	13843	22805	16023990	0.9640270179888571	8.631465360688068e-4	0.03597298201114287	0.9991368534639312
dataset_name-FR-FCM-Z3YR_seed-42	lda	num-2	run0	11	/PBMC/CD3-CD19-/CD7low cells/CD11c hi HLADR hi/Monocytes CD14hi	/PBMC/CD3-CD19-/CD7low cells/CD11c hi HLADR hi/Monocytes CD14hi	973482	78306	69708	15550285	0.9331780404336698	0.0050104324823651725	0.0668219595663302	0.9949895675176348
dataset_name-FR-FCM-Z3YR_seed-42	lda	num-2	run0	12	/PBMC/CD3-CD19-/CD7low cells/CD11c hi HLADR hi/Monocytes CD14mid	/PBMC/CD3-CD19-/CD7low cells/CD11c hi HLADR hi/Monocytes CD14mid	11578	45783	39256	16575164	0.22776094739741118	0.002754536188581794	0.7722390526025888	0.9972454638114182
dataset_name-FR-FCM-Z3YR_seed-42	lda	num-2	run0	13	/PBMC/CD3-CD19-/CD7low cells/CD11c hi HLADR hi/Monocytes non-class	/PBMC/CD3-CD19-/CD7low cells/CD11c hi HLADR hi/Monocytes non-class	77253	14923	17740	16561865	0.8132493973240134	9.002347137455097e-4	0.18675060267598664	0.9990997652862544
dataset_name-FR-FCM-Z3YR_seed-42	lda	num-2	run0	14	/PBMC/CD3-CD19-/CD7low cells/CD11c hi HLADR hi/cDC/cDC1	/PBMC/CD3-CD19-/CD7low cells/CD11c hi HLADR hi/cDC/cDC1	2908	1096	65	16667712	0.9781365623948873	6.575155224056814e-5	0.02186343760511268	0.9999342484477595
dataset_name-FR-FCM-Z3YR_seed-42	lda	num-2	run0	15	/PBMC/CD3-CD19-/CD7low cells/CD11c hi HLADR hi/cDC/cDC2	/PBMC/CD3-CD19-/CD7low cells/CD11c hi HLADR hi/cDC/cDC2	48661	15186	4718	16603216	0.9116131812135859	9.138062733107552e-4	0.08838681878641413	0.9990861937266893
dataset_name-FR-FCM-Z3YR_seed-42	lda	num-2	run0	16	/PBMC/CD3-CD19-/CD7low cells/CD11c low HLADR hi/pDC	/PBMC/CD3-CD19-/CD7low cells/CD11c low HLADR hi/pDC	43419	10897	707	16616758	0.9839777002220913	6.553539870775524e-4	0.016022299777908717	0.9993446460129225
dataset_name-FR-FCM-Z3YR_seed-42	lda	num-2	run0	17	/PBMC/CD3-CD19-/CD7low cells/CD11c low HLADR low/Basophils	/PBMC/CD3-CD19-/CD7low cells/CD11c low HLADR low/Basophils	146240	20738	186	16504617	0.998729733790447	0.0012549200909753528	0.0012702662095529483	0.9987450799090246
dataset_name-FR-FCM-Z3YR_seed-42	lda	num-2	run0	18	/PBMC/T cells/NKT cells	/PBMC/T cells/NKT cells	119	3096	1172	16667394	0.09217660728117738	1.8571739642925914e-4	0.9078233927188226	0.9998142826035707
dataset_name-FR-FCM-Z3YR_seed-42	lda	num-2	run0	19	/PBMC/T cells/T cells CD4/T cells CM	/PBMC/T cells/T cells CD4/T cells CM	999050	47660	59026	15566045	0.9442138371912793	0.0030524465525639173	0.055786162808720736	0.9969475534474361
dataset_name-FR-FCM-Z3YR_seed-42	lda	num-2	run0	20	/PBMC/T cells/T cells CD4/T cells EM	/PBMC/T cells/T cells CD4/T cells EM	144003	18192	3167	16506419	0.9784806686145274	0.0011009033737617183	0.021519331385472584	0.9988990966262383
dataset_name-FR-FCM-Z3YR_seed-42	lda	num-2	run0	21	/PBMC/T cells/T cells CD4/T cells Naive	/PBMC/T cells/T cells CD4/T cells Naive	1269637	14316	117633	15270195	0.9152054034182243	9.366344791796087e-4	0.08479459658177572	0.9990633655208204
dataset_name-FR-FCM-Z3YR_seed-42	lda	num-2	run0	22	/PBMC/T cells/T cells CD4/T cells TEMRA	/PBMC/T cells/T cells CD4/T cells TEMRA	1621	1430	3647	16665083	0.3077069096431283	8.580079108329379e-5	0.6922930903568717	0.9999141992089167
dataset_name-FR-FCM-Z3YR_seed-42	lda	num-2	run0	23	/PBMC/T cells/T cells CD4hiCD8hi	/PBMC/T cells/T cells CD4hiCD8hi	34393	1373	10621	16625394	0.7640511840760652	8.257768933671831e-5	0.23594881592393477	0.9999174223106633
dataset_name-FR-FCM-Z3YR_seed-42	lda	num-2	run0	24	/PBMC/T cells/T cells CD4lowCD8low	/PBMC/T cells/T cells CD4lowCD8low	458862	29465	18690	16164764	0.9608629007940497	0.001819475320498432	0.03913709920595035	0.9981805246795016
dataset_name-FR-FCM-Z3YR_seed-42	lda	num-2	run0	25	/PBMC/T cells/T cells CD8/T cells CM	/PBMC/T cells/T cells CD8/T cells CM	417860	11852	62629	16179440	0.8696557049172822	7.319984100095286e-4	0.1303442950827178	0.9992680015899905
dataset_name-FR-FCM-Z3YR_seed-42	lda	num-2	run0	26	/PBMC/T cells/T cells CD8/T cells EM	/PBMC/T cells/T cells CD8/T cells EM	83845	9629	15183	16563124	0.8466797269459143	5.81013908793548e-4	0.15332027305408572	0.9994189860912065
dataset_name-FR-FCM-Z3YR_seed-42	lda	num-2	run0	27	/PBMC/T cells/T cells CD8/T cells Naive	/PBMC/T cells/T cells CD8/T cells Naive	423301	16598	33440	16198442	0.926785640001664	0.0010236175797284496	0.07321435999833603	0.9989763824202715
dataset_name-FR-FCM-Z3YR_seed-42	lda	num-2	run0	28	/PBMC/T cells/T cells CD8/T cells TEMRA	/PBMC/T cells/T cells CD8/T cells TEMRA	22089	11314	7326	16631052	0.7509433962264151	6.798312211136325e-4	0.2490566037735849	0.9993201687788864
dataset_name-FR-FCM-Z3YR_seed-42	lda	num-3	run0	1	/Granulocytes	/Granulocytes	9593482	7246	73744	6353914	0.992371751731055	0.0011391004156474606	0.00762824826894499	0.9988608995843525
dataset_name-FR-FCM-Z3YR_seed-42	lda	num-3	run0	2	/PBMC/B cells/B cells DN	/PBMC/B cells/B cells DN	30535	4725	20899	15972227	0.5936734455807443	2.957385113255645e-4	0.40632655441925575	0.9997042614886744
dataset_name-FR-FCM-Z3YR_seed-42	lda	num-3	run0	3	/PBMC/B cells/B cells NSM	/PBMC/B cells/B cells NSM	44659	15600	4682	15963445	0.9051093411159077	9.762786199050068e-4	0.09489065888409234	0.999023721380095
dataset_name-FR-FCM-Z3YR_seed-42	lda	num-3	run0	4	/PBMC/B cells/B cells Naive/B cells TR	/PBMC/B cells/B cells Naive/B cells TR	61093	12115	2791	15952387	0.9563114394840648	7.58871150506292e-4	0.04368856051593513	0.9992411288494937
dataset_name-FR-FCM-Z3YR_seed-42	lda	num-3	run0	5	/PBMC/B cells/B cells SWME/B cells CD27hi CD20hi	/PBMC/B cells/B cells SWME/B cells CD27hi CD20hi	86659	19855	11949	15909923	0.878823219211423	0.0012464078281568018	0.121176780788577	0.9987535921718432
dataset_name-FR-FCM-Z3YR_seed-42	lda	num-3	run0	6	/PBMC/B cells/B cells SWME/B cells PB	/PBMC/B cells/B cells SWME/B cells PB	6402	6441	1053	16014490	0.8587525150905433	4.020365607966229e-4	0.14124748490945674	0.9995979634392034
dataset_name-FR-FCM-Z3YR_seed-42	lda	num-3	run0	7	/PBMC/B cells/B cells SWME/B cells PC	/PBMC/B cells/B cells SWME/B cells PC	8348	3229	284	16016525	0.9670991658943466	2.015636444854272e-4	0.032900834105653386	0.9997984363555146
dataset_name-FR-FCM-Z3YR_seed-42	lda	num-3	run0	8	/PBMC/CD3 CD19 DP	/PBMC/CD3 CD19 DP	38327	4310	10628	15975121	0.7829026657134103	2.6972174415972635e-4	0.21709733428658973	0.9997302782558403
dataset_name-FR-FCM-Z3YR_seed-42	lda	num-3	run0	9	/PBMC/CD3-CD19-/CD7hi cells/NK cells CD56 hi	/PBMC/CD3-CD19-/CD7hi cells/NK cells CD56 hi	19485	11449	4209	15993243	0.8223600911623196	7.153527228140348e-4	0.17763990883768044	0.9992846472771859
dataset_name-FR-FCM-Z3YR_seed-42	lda	num-3	run0	10	/PBMC/CD3-CD19-/CD7hi cells/NK cells CD56 mid	/PBMC/CD3-CD19-/CD7hi cells/NK cells CD56 mid	589114	14091	19326	15405855	0.9682368023141148	9.138164297073413e-4	0.03176319768588522	0.9990861835702927
dataset_name-FR-FCM-Z3YR_seed-42	lda	num-3	run0	11	/PBMC/CD3-CD19-/CD7low cells/CD11c hi HLADR hi/Monocytes CD14hi	/PBMC/CD3-CD19-/CD7low cells/CD11c hi HLADR hi/Monocytes CD14hi	944618	51148	54799	14977821	0.9451690335465577	0.0034032939984106696	0.054830966453442355	0.9965967060015893
dataset_name-FR-FCM-Z3YR_seed-42	lda	num-3	run0	12	/PBMC/CD3-CD19-/CD7low cells/CD11c hi HLADR hi/Monocytes CD14mid	/PBMC/CD3-CD19-/CD7low cells/CD11c hi HLADR hi/Monocytes CD14mid	19072	21836	30593	15956885	0.38401288633846775	0.0013665674492970995	0.6159871136615322	0.9986334325507029
dataset_name-FR-FCM-Z3YR_seed-42	lda	num-3	run0	13	/PBMC/CD3-CD19-/CD7low cells/CD11c hi HLADR hi/Monocytes non-class	/PBMC/CD3-CD19-/CD7low cells/CD11c hi HLADR hi/Monocytes non-class	77229	21163	14092	15915902	0.8456871913360563	0.001327910753956265	0.15431280866394367	0.9986720892460438
dataset_name-FR-FCM-Z3YR_seed-42	lda	num-3	run0	14	/PBMC/CD3-CD19-/CD7low cells/CD11c hi HLADR hi/cDC/cDC1	/PBMC/CD3-CD19-/CD7low cells/CD11c hi HLADR hi/cDC/cDC1	2639	754	202	16024791	0.9288982752551919	4.704988192289248e-5	0.07110172474480816	0.999952950118077
dataset_name-FR-FCM-Z3YR_seed-42	lda	num-3	run0	15	/PBMC/CD3-CD19-/CD7low cells/CD11c hi HLADR hi/cDC/cDC2	/PBMC/CD3-CD19-/CD7low cells/CD11c hi HLADR hi/cDC/cDC2	46522	14956	4521	15962387	0.9114276198499305	9.360755414714449e-4	0.08857238015006955	0.9990639244585285
dataset_name-FR-FCM-Z3YR_seed-42	lda	num-3	run0	16	/PBMC/CD3-CD19-/CD7low cells/CD11c low HLADR hi/pDC	/PBMC/CD3-CD19-/CD7low cells/CD11c low HLADR hi/pDC	41748	11065	578	15974995	0.9863440911023957	6.921655492347708e-4	0.01365590889760431	0.9993078344507652
dataset_name-FR-FCM-Z3YR_seed-42	lda	num-3	run0	17	/PBMC/CD3-CD19-/CD7low cells/CD11c low HLADR low/Basophils	/PBMC/CD3-CD19-/CD7low cells/CD11c low HLADR low/Basophils	140629	23908	178	15863671	0.9987358583024991	0.0015048233591788906	0.0012641416975008345	0.9984951766408211
dataset_name-FR-FCM-Z3YR_seed-42	lda	num-3	run0	18	/PBMC/T cells/NKT cells	/PBMC/T cells/NKT cells	243	6134	1010	16020999	0.19393455706304868	3.827259685185117e-4	0.8060654429369514	0.9996172740314815
dataset_name-FR-FCM-Z3YR_seed-42	lda	num-3	run0	19	/PBMC/T cells/T cells CD4/T cells CM	/PBMC/T cells/T cells CD4/T cells CM	954237	51605	61550	14960994	0.9394065881922096	0.0034374461077658837	0.06059341180779041	0.9965625538922341
dataset_name-FR-FCM-Z3YR_seed-42	lda	num-3	run0	20	/PBMC/T cells/T cells CD4/T cells EM	/PBMC/T cells/T cells CD4/T cells EM	138346	21769	2864	15865407	0.9797181502726435	0.001370224639042206	0.02028184972735642	0.9986297753609578
dataset_name-FR-FCM-Z3YR_seed-42	lda	num-3	run0	21	/PBMC/T cells/T cells CD4/T cells Naive	/PBMC/T cells/T cells CD4/T cells Naive	1215672	13940	117710	14681064	0.91172072219364	9.48621722049208e-4	0.08827927780636007	0.9990513782779508
dataset_name-FR-FCM-Z3YR_seed-42	lda	num-3	run0	22	/PBMC/T cells/T cells CD4/T cells TEMRA	/PBMC/T cells/T cells CD4/T cells TEMRA	1542	1005	3553	16022286	0.3026496565260059	6.272119753676071e-5	0.6973503434739942	0.9999372788024632
dataset_name-FR-FCM-Z3YR_seed-42	lda	num-3	run0	23	/PBMC/T cells/T cells CD4hiCD8hi	/PBMC/T cells/T cells CD4hiCD8hi	32680	1019	10567	15984120	0.7556593520937869	6.37467087399115e-5	0.24434064790621315	0.9999362532912601
dataset_name-FR-FCM-Z3YR_seed-42	lda	num-3	run0	24	/PBMC/T cells/T cells CD4lowCD8low	/PBMC/T cells/T cells CD4lowCD8low	443348	33146	15934	15535958	0.9653067178770341	0.0021289600223622375	0.034693282122965845	0.9978710399776377
dataset_name-FR-FCM-Z3YR_seed-42	lda	num-3	run0	25	/PBMC/T cells/T cells CD8/T cells CM	/PBMC/T cells/T cells CD8/T cells CM	393206	14939	68144	15552097	0.8522943535276905	9.596560321438198e-4	0.14770564647230952	0.9990403439678561
dataset_name-FR-FCM-Z3YR_seed-42	lda	num-3	run0	26	/PBMC/T cells/T cells CD8/T cells EM	/PBMC/T cells/T cells CD8/T cells EM	83881	12358	11060	15921087	0.883506598835066	7.756012588614703e-4	0.11649340116493401	0.9992243987411386
dataset_name-FR-FCM-Z3YR_seed-42	lda	num-3	run0	27	/PBMC/T cells/T cells CD8/T cells Naive	/PBMC/T cells/T cells CD8/T cells Naive	402281	22486	36964	15566655	0.9158465093512732	0.0014424143062148197	0.08415349064872679	0.9985575856937852
dataset_name-FR-FCM-Z3YR_seed-42	lda	num-3	run0	28	/PBMC/T cells/T cells CD8/T cells TEMRA	/PBMC/T cells/T cells CD8/T cells TEMRA	22902	9495	5603	15990386	0.8034379933345027	5.934419137242333e-4	0.19656200666549728	0.9994065580862758
dataset_name-FR-FCM-Z3YR_seed-42	lda	num-4	run0	1	/Granulocytes	/Granulocytes	9645897	7432	102271	6408356	0.9895086953774289	0.0011583923907710167	0.010491304622571133	0.998841607609229
dataset_name-FR-FCM-Z3YR_seed-42	lda	num-4	run0	2	/PBMC/B cells/B cells DN	/PBMC/B cells/B cells DN	30373	6242	21491	16105850	0.5856277957735616	3.874108961145455e-4	0.4143722042264384	0.9996125891038855
dataset_name-FR-FCM-Z3YR_seed-42	lda	num-4	run0	3	/PBMC/B cells/B cells NSM	/PBMC/B cells/B cells NSM	43889	13456	5810	16100801	0.8830962393609529	8.350369489576839e-4	0.11690376063904706	0.9991649630510423
dataset_name-FR-FCM-Z3YR_seed-42	lda	num-4	run0	4	/PBMC/B cells/B cells Naive/B cells TR	/PBMC/B cells/B cells Naive/B cells TR	62195	19414	2397	16079950	0.9628901411939559	0.001205886145564508	0.037109858806044095	0.9987941138544355
dataset_name-FR-FCM-Z3YR_seed-42	lda	num-4	run0	5	/PBMC/B cells/B cells SWME/B cells CD27hi CD20hi	/PBMC/B cells/B cells SWME/B cells CD27hi CD20hi	88965	19423	10778	16044790	0.8919422916896423	0.0012090850637998887	0.10805770831035762	0.9987909149362001
dataset_name-FR-FCM-Z3YR_seed-42	lda	num-4	run0	6	/PBMC/B cells/B cells SWME/B cells PB	/PBMC/B cells/B cells SWME/B cells PB	6084	5398	1142	16151332	0.8419595903681152	3.341022595537587e-4	0.15804040963188487	0.9996658977404462
dataset_name-FR-FCM-Z3YR_seed-42	lda	num-4	run0	7	/PBMC/B cells/B cells SWME/B cells PC	/PBMC/B cells/B cells SWME/B cells PC	8521	3557	240	16151638	0.97260586691017	2.2017685332798522e-4	0.02739413308982993	0.999779823146672
dataset_name-FR-FCM-Z3YR_seed-42	lda	num-4	run0	8	/PBMC/CD3 CD19 DP	/PBMC/CD3 CD19 DP	38972	9011	10570	16105403	0.786645674377296	5.591888107131913e-4	0.21335432562270396	0.9994408111892868
dataset_name-FR-FCM-Z3YR_seed-42	lda	num-4	run0	9	/PBMC/CD3-CD19-/CD7hi cells/NK cells CD56 hi	/PBMC/CD3-CD19-/CD7hi cells/NK cells CD56 hi	19703	11195	4077	16128981	0.8285534062237174	6.936107759915382e-4	0.1714465937762826	0.9993063892240085
dataset_name-FR-FCM-Z3YR_seed-42	lda	num-4	run0	10	/PBMC/CD3-CD19-/CD7hi cells/NK cells CD56 mid	/PBMC/CD3-CD19-/CD7hi cells/NK cells CD56 mid	594846	13802	20013	15535295	0.9674510741487072	8.876399703468311e-4	0.03254892585129274	0.9991123600296532
dataset_name-FR-FCM-Z3YR_seed-42	lda	num-4	run0	11	/PBMC/CD3-CD19-/CD7low cells/CD11c hi HLADR hi/Monocytes CD14hi	/PBMC/CD3-CD19-/CD7low cells/CD11c hi HLADR hi/Monocytes CD14hi	931104	45443	81803	15105606	0.9192393773564602	0.0029993302773953143	0.08076062264353984	0.9970006697226047
dataset_name-FR-FCM-Z3YR_seed-42	lda	num-4	run0	12	/PBMC/CD3-CD19-/CD7low cells/CD11c hi HLADR hi/Monocytes CD14mid	/PBMC/CD3-CD19-/CD7low cells/CD11c hi HLADR hi/Monocytes CD14mid	27333	22871	20694	16093058	0.5691173714785434	0.0014191549242988102	0.4308826285214567	0.9985808450757012
dataset_name-FR-FCM-Z3YR_seed-42	lda	num-4	run0	13	/PBMC/CD3-CD19-/CD7low cells/CD11c hi HLADR hi/Monocytes non-class	/PBMC/CD3-CD19-/CD7low cells/CD11c hi HLADR hi/Monocytes non-class	81086	31780	10627	16040463	0.884127659110486	0.0019773220203303295	0.11587234088951402	0.9980226779796697
dataset_name-FR-FCM-Z3YR_seed-42	lda	num-4	run0	14	/PBMC/CD3-CD19-/CD7low cells/CD11c hi HLADR hi/cDC/cDC1	/PBMC/CD3-CD19-/CD7low cells/CD11c hi HLADR hi/cDC/cDC1	2733	957	142	16160124	0.9506086956521739	5.921633583793064e-5	0.049391304347826084	0.9999407836641621
dataset_name-FR-FCM-Z3YR_seed-42	lda	num-4	run0	15	/PBMC/CD3-CD19-/CD7low cells/CD11c hi HLADR hi/cDC/cDC2	/PBMC/CD3-CD19-/CD7low cells/CD11c hi HLADR hi/cDC/cDC2	46361	16872	5486	16095237	0.8941886705113121	0.0010471627271141227	0.10581132948868786	0.9989528372728859
dataset_name-FR-FCM-Z3YR_seed-42	lda	num-4	run0	16	/PBMC/CD3-CD19-/CD7low cells/CD11c low HLADR hi/pDC	/PBMC/CD3-CD19-/CD7low cells/CD11c low HLADR hi/pDC	42151	11795	559	16109451	0.9869117302739405	7.316431992911714e-4	0.01308826972605947	0.9992683568007088
dataset_name-FR-FCM-Z3YR_seed-42	lda	num-4	run0	17	/PBMC/CD3-CD19-/CD7low cells/CD11c low HLADR low/Basophils	/PBMC/CD3-CD19-/CD7low cells/CD11c low HLADR low/Basophils	141279	25987	171	15996519	0.9987910922587486	0.0016219060863512861	0.0012089077412513255	0.9983780939136487
dataset_name-FR-FCM-Z3YR_seed-42	lda	num-4	run0	18	/PBMC/T cells/NKT cells	/PBMC/T cells/NKT cells	135	3672	1120	16159029	0.10756972111553785	2.2718975003002283e-4	0.8924302788844621	0.99977281024997
dataset_name-FR-FCM-Z3YR_seed-42	lda	num-4	run0	19	/PBMC/T cells/T cells CD4/T cells CM	/PBMC/T cells/T cells CD4/T cells CM	967207	51437	55590	15089722	0.9456490388610839	0.0033971639819646566	0.05435096113891613	0.9966028360180353
dataset_name-FR-FCM-Z3YR_seed-42	lda	num-4	run0	20	/PBMC/T cells/T cells CD4/T cells EM	/PBMC/T cells/T cells CD4/T cells EM	139425	18947	2903	16002681	0.9796034511831825	0.001182588935406564	0.020396548816817493	0.9988174110645934
dataset_name-FR-FCM-Z3YR_seed-42	lda	num-4	run0	21	/PBMC/T cells/T cells CD4/T cells Naive	/PBMC/T cells/T cells CD4/T cells Naive	1224832	11953	119773	14807398	0.9109232823022375	8.06580531090734e-4	0.08907671769776254	0.9991934194689093
dataset_name-FR-FCM-Z3YR_seed-42	lda	num-4	run0	22	/PBMC/T cells/T cells CD4/T cells TEMRA	/PBMC/T cells/T cells CD4/T cells TEMRA	1444	840	3731	16157941	0.27903381642512076	5.1984119346626456e-5	0.7209661835748792	0.9999480158806534
dataset_name-FR-FCM-Z3YR_seed-42	lda	num-4	run0	23	/PBMC/T cells/T cells CD4hiCD8hi	/PBMC/T cells/T cells CD4hiCD8hi	34844	2430	9147	16117535	0.7920711054533882	1.5074474417283164e-4	0.20792889454661181	0.9998492552558271
dataset_name-FR-FCM-Z3YR_seed-42	lda	num-4	run0	24	/PBMC/T cells/T cells CD4lowCD8low	/PBMC/T cells/T cells CD4lowCD8low	446061	25788	15809	15676298	0.9657717539567411	0.0016423295605437391	0.03422824604325893	0.9983576704394562
dataset_name-FR-FCM-Z3YR_seed-42	lda	num-4	run0	25	/PBMC/T cells/T cells CD8/T cells CM	/PBMC/T cells/T cells CD8/T cells CM	399894	15050	65053	15683959	0.8600851279823292	9.586592376627085e-4	0.13991487201767083	0.9990413407623373
dataset_name-FR-FCM-Z3YR_seed-42	lda	num-4	run0	26	/PBMC/T cells/T cells CD8/T cells EM	/PBMC/T cells/T cells CD8/T cells EM	83838	13367	11951	16054800	0.8752361962229483	8.318932707134548e-4	0.12476380377705164	0.9991681067292866
dataset_name-FR-FCM-Z3YR_seed-42	lda	num-4	run0	27	/PBMC/T cells/T cells CD8/T cells Naive	/PBMC/T cells/T cells CD8/T cells Naive	407199	26066	35656	15695035	0.9194860620293324	0.001658026368509432	0.0805139379706676	0.9983419736314906
dataset_name-FR-FCM-Z3YR_seed-42	lda	num-4	run0	28	/PBMC/T cells/T cells CD8/T cells TEMRA	/PBMC/T cells/T cells CD8/T cells TEMRA	23245	8550	5336	16126825	0.8133025436478779	5.298916201203877e-4	0.18669745635212204	0.9994701083798796
dataset_name-FR-FCM-Z3YR_seed-42	lda	num-5	run0	1	/Granulocytes	/Granulocytes	9662977	7276	52437	6391690	0.9946027004098847	0.0011370587060471958	0.005397299590115254	0.9988629412939528
dataset_name-FR-FCM-Z3YR_seed-42	lda	num-5	run0	2	/PBMC/B cells/B cells DN	/PBMC/B cells/B cells DN	35418	5291	16672	16056999	0.6799385678633135	3.2940508482912464e-4	0.32006143213668653	0.9996705949151709
dataset_name-FR-FCM-Z3YR_seed-42	lda	num-5	run0	3	/PBMC/B cells/B cells NSM	/PBMC/B cells/B cells NSM	43206	9224	5899	16056051	0.8798696670400163	5.741576163495489e-4	0.12013033295998371	0.9994258423836504
dataset_name-FR-FCM-Z3YR_seed-42	lda	num-5	run0	4	/PBMC/B cells/B cells Naive/B cells TR	/PBMC/B cells/B cells Naive/B cells TR	61080	9813	1887	16041600	0.9700319214826814	6.113480476765504e-4	0.029968078517318596	0.9993886519523234
dataset_name-FR-FCM-Z3YR_seed-42	lda	num-5	run0	5	/PBMC/B cells/B cells SWME/B cells CD27hi CD20hi	/PBMC/B cells/B cells SWME/B cells CD27hi CD20hi	89084	16468	10171	15998657	0.8975265729686162	0.0010282779559947237	0.1024734270313838	0.9989717220440053
dataset_name-FR-FCM-Z3YR_seed-42	lda	num-5	run0	6	/PBMC/B cells/B cells SWME/B cells PB	/PBMC/B cells/B cells SWME/B cells PB	6039	3553	1316	16103472	0.8210740992522094	2.20586979904731e-4	0.1789259007477906	0.9997794130200953
dataset_name-FR-FCM-Z3YR_seed-42	lda	num-5	run0	7	/PBMC/B cells/B cells SWME/B cells PC	/PBMC/B cells/B cells SWME/B cells PC	8416	3112	244	16102608	0.971824480369515	1.932232771959279e-4	0.02817551963048499	0.999806776722804
dataset_name-FR-FCM-Z3YR_seed-42	lda	num-5	run0	8	/PBMC/CD3 CD19 DP	/PBMC/CD3 CD19 DP	40265	1597	8743	16063775	0.8216005550114267	9.94063505034306e-5	0.1783994449885733	0.9999005936494966
dataset_name-FR-FCM-Z3YR_seed-42	lda	num-5	run0	9	/PBMC/CD3-CD19-/CD7hi cells/NK cells CD56 hi	/PBMC/CD3-CD19-/CD7hi cells/NK cells CD56 hi	19510	12167	3639	16079064	0.8428009849237548	7.561261161436313e-4	0.1571990150762452	0.9992438738838564
dataset_name-FR-FCM-Z3YR_seed-42	lda	num-5	run0	10	/PBMC/CD3-CD19-/CD7hi cells/NK cells CD56 mid	/PBMC/CD3-CD19-/CD7hi cells/NK cells CD56 mid	589480	11809	22177	15490914	0.9637427512478399	7.617371477255964e-4	0.03625724875216012	0.9992382628522744
dataset_name-FR-FCM-Z3YR_seed-42	lda	num-5	run0	11	/PBMC/CD3-CD19-/CD7low cells/CD11c hi HLADR hi/Monocytes CD14hi	/PBMC/CD3-CD19-/CD7low cells/CD11c hi HLADR hi/Monocytes CD14hi	952531	63635	54589	15043625	0.9457969258876797	0.00421221320080544	0.05420307411232028	0.9957877867991946
dataset_name-FR-FCM-Z3YR_seed-42	lda	num-5	run0	12	/PBMC/CD3-CD19-/CD7low cells/CD11c hi HLADR hi/Monocytes CD14mid	/PBMC/CD3-CD19-/CD7low cells/CD11c hi HLADR hi/Monocytes CD14mid	13594	26108	36486	16038192	0.2714456869009585	0.0016252186525401045	0.7285543130990415	0.9983747813474599
dataset_name-FR-FCM-Z3YR_seed-42	lda	num-5	run0	13	/PBMC/CD3-CD19-/CD7low cells/CD11c hi HLADR hi/Monocytes non-class	/PBMC/CD3-CD19-/CD7low cells/CD11c hi HLADR hi/Monocytes non-class	74879	15281	17428	16006792	0.8111952506310464	9.537467467536817e-4	0.1888047493689536	0.9990462532532464
dataset_name-FR-FCM-Z3YR_seed-42	lda	num-5	run0	14	/PBMC/CD3-CD19-/CD7low cells/CD11c hi HLADR hi/cDC/cDC1	/PBMC/CD3-CD19-/CD7low cells/CD11c hi HLADR hi/cDC/cDC1	2668	587	203	16110922	0.9292929292929293	3.643358297475426e-5	0.0707070707070707	0.9999635664170252
dataset_name-FR-FCM-Z3YR_seed-42	lda	num-5	run0	15	/PBMC/CD3-CD19-/CD7low cells/CD11c hi HLADR hi/cDC/cDC2	/PBMC/CD3-CD19-/CD7low cells/CD11c hi HLADR hi/cDC/cDC2	48358	16843	3186	16045993	0.9381887319571628	0.0010485695054098792	0.06181126804283719	0.9989514304945901
dataset_name-FR-FCM-Z3YR_seed-42	lda	num-5	run0	16	/PBMC/CD3-CD19-/CD7low cells/CD11c low HLADR hi/pDC	/PBMC/CD3-CD19-/CD7low cells/CD11c low HLADR hi/pDC	42069	10270	654	16061387	0.9846920862298996	6.390131397154631e-4	0.015307913770100415	0.9993609868602845
dataset_name-FR-FCM-Z3YR_seed-42	lda	num-5	run0	17	/PBMC/CD3-CD19-/CD7low cells/CD11c low HLADR low/Basophils	/PBMC/CD3-CD19-/CD7low cells/CD11c low HLADR low/Basophils	141436	19472	188	15953284	0.9986725413771678	0.0012190757812865858	0.0013274586228322882	0.9987809242187135
dataset_name-FR-FCM-Z3YR_seed-42	lda	num-5	run0	18	/PBMC/T cells/NKT cells	/PBMC/T cells/NKT cells	189	5952	1055	16107184	0.15192926045016078	3.693880570486093e-4	0.8480707395498392	0.9996306119429514
dataset_name-FR-FCM-Z3YR_seed-42	lda	num-5	run0	19	/PBMC/T cells/T cells CD4/T cells CM	/PBMC/T cells/T cells CD4/T cells CM	962267	41351	61835	15048927	0.9396202721994489	0.00274024110092604	0.06037972780055112	0.9972597588990739
dataset_name-FR-FCM-Z3YR_seed-42	lda	num-5	run0	20	/PBMC/T cells/T cells CD4/T cells EM	/PBMC/T cells/T cells CD4/T cells EM	139090	15858	3501	15955931	0.975447258242105	9.928756258926286e-4	0.024552741757894958	0.9990071243741073
dataset_name-FR-FCM-Z3YR_seed-42	lda	num-5	run0	21	/PBMC/T cells/T cells CD4/T cells Naive	/PBMC/T cells/T cells CD4/T cells Naive	1235224	16573	104511	14758072	0.921991289322142	0.0011217189990013296	0.07800871067785793	0.9988782810009986
dataset_name-FR-FCM-Z3YR_seed-42	lda	num-5	run0	22	/PBMC/T cells/T cells CD4/T cells TEMRA	/PBMC/T cells/T cells CD4/T cells TEMRA	1671	1064	3379	16108266	0.3308910891089109	6.604868110591813e-5	0.6691089108910891	0.9999339513188941
dataset_name-FR-FCM-Z3YR_seed-42	lda	num-5	run0	23	/PBMC/T cells/T cells CD4hiCD8hi	/PBMC/T cells/T cells CD4hiCD8hi	33833	1181	9393	16069973	0.7827002267154027	7.348569990680197e-5	0.21729977328459724	0.9999265143000932
dataset_name-FR-FCM-Z3YR_seed-42	lda	num-5	run0	24	/PBMC/T cells/T cells CD4lowCD8low	/PBMC/T cells/T cells CD4lowCD8low	443484	28742	18551	15623603	0.9598493620613157	0.0018362743729453956	0.0401506379386843	0.9981637256270546
dataset_name-FR-FCM-Z3YR_seed-42	lda	num-5	run0	25	/PBMC/T cells/T cells CD8/T cells CM	/PBMC/T cells/T cells CD8/T cells CM	402492	12926	62147	15636815	0.8662466990502304	8.259561611914216e-4	0.13375330094976962	0.9991740438388086
dataset_name-FR-FCM-Z3YR_seed-42	lda	num-5	run0	26	/PBMC/T cells/T cells CD8/T cells EM	/PBMC/T cells/T cells CD8/T cells EM	80016	7040	15967	16011357	0.8336476251002781	4.394946635421759e-4	0.16635237489972182	0.9995605053364578
dataset_name-FR-FCM-Z3YR_seed-42	lda	num-5	run0	27	/PBMC/T cells/T cells CD8/T cells Naive	/PBMC/T cells/T cells CD8/T cells Naive	405821	15979	34866	15657714	0.9208826219062509	0.0010194789447515655	0.07911737809374908	0.9989805210552485
dataset_name-FR-FCM-Z3YR_seed-42	lda	num-5	run0	28	/PBMC/T cells/T cells CD8/T cells TEMRA	/PBMC/T cells/T cells CD8/T cells TEMRA	23105	10326	5054	16075895	0.820519194573671	6.419158359194493e-4	0.17948080542632905	0.9993580841640806
dataset_name-FR-FCM-Z3YR_seed-42	random	num-1	run0	1	/Granulocytes	/Granulocytes	359291	237380	9686089	6382968	0.03576679030559322	0.03585612115858562	0.9642332096944067	0.9641438788414144
dataset_name-FR-FCM-Z3YR_seed-42	random	num-1	run0	2	/PBMC/B cells/B cells DN	/PBMC/B cells/B cells DN	1929	592905	51605	16019289	0.0360331751783913	0.03569095087620575	0.9639668248216087	0.9643090491237942
dataset_name-FR-FCM-Z3YR_seed-42	random	num-1	run0	3	/PBMC/B cells/B cells NSM	/PBMC/B cells/B cells NSM	1875	593181	49347	16021325	0.03660536488227715	0.03570259627340109	0.9633946351177228	0.9642974037265989
dataset_name-FR-FCM-Z3YR_seed-42	random	num-1	run0	4	/PBMC/B cells/B cells Naive/B cells TR	/PBMC/B cells/B cells Naive/B cells TR	2398	593916	63635	16005779	0.0363151757454606	0.03577872966943067	0.9636848242545394	0.9642212703305694
dataset_name-FR-FCM-Z3YR_seed-42	random	num-1	run0	5	/PBMC/B cells/B cells SWME/B cells CD27hi CD20hi	/PBMC/B cells/B cells SWME/B cells CD27hi CD20hi	3667	591851	99140	15971070	0.035668777417880104	0.03573349169509412	0.9643312225821199	0.9642665083049059
dataset_name-FR-FCM-Z3YR_seed-42	random	num-1	run0	6	/PBMC/B cells/B cells SWME/B cells PB	/PBMC/B cells/B cells SWME/B cells PB	248	595861	7311	16062308	0.03280857256250827	0.035769897640010734	0.9671914274374918	0.9642301023599893
dataset_name-FR-FCM-Z3YR_seed-42	random	num-1	run0	7	/PBMC/B cells/B cells SWME/B cells PC	/PBMC/B cells/B cells SWME/B cells PC	304	594889	8695	16061840	0.033781531281253475	0.035714635208389356	0.9662184687187465	0.9642853647916106
dataset_name-FR-FCM-Z3YR_seed-42	random	num-1	run0	8	/PBMC/CD3 CD19 DP	/PBMC/CD3 CD19 DP	1818	593209	49101	16021600	0.03570376480292229	0.03570363041790008	0.9642962351970777	0.9642963695821
dataset_name-FR-FCM-Z3YR_seed-42	random	num-1	run0	9	/PBMC/CD3-CD19-/CD7hi cells/NK cells CD56 hi	/PBMC/CD3-CD19-/CD7hi cells/NK cells CD56 hi	889	593729	23548	16047562	0.036379260956745915	0.03567806127541427	0.9636207390432541	0.9643219387245857
dataset_name-FR-FCM-Z3YR_seed-42	random	num-1	run0	10	/PBMC/CD3-CD19-/CD7hi cells/NK cells CD56 mid	/PBMC/CD3-CD19-/CD7hi cells/NK cells CD56 mid	22539	573223	611564	15458402	0.0355446985742064	0.03575576399772325	0.9644553014257936	0.9642442360022767
dataset_name-FR-FCM-Z3YR_seed-42	random	num-1	run0	11	/PBMC/CD3-CD19-/CD7low cells/CD11c hi HLADR hi/Monocytes CD14hi	/PBMC/CD3-CD19-/CD7low cells/CD11c hi HLADR hi/Monocytes CD14hi	37148	557968	1006343	15064269	0.03559973205327118	0.03571626777906391	0.9644002679467288	0.9642837322209361
dataset_name-FR-FCM-Z3YR_seed-42	random	num-1	run0	12	/PBMC/CD3-CD19-/CD7low cells/CD11c hi HLADR hi/Monocytes CD14mid	/PBMC/CD3-CD19-/CD7low cells/CD11c hi HLADR hi/Monocytes CD14mid	1836	593254	48581	16022057	0.03641628815677252	0.03570526004599011	0.9635837118432274	0.9642947399540099
dataset_name-FR-FCM-Z3YR_seed-42	random	num-1	run0	13	/PBMC/CD3-CD19-/CD7low cells/CD11c hi HLADR hi/Monocytes non-class	/PBMC/CD3-CD19-/CD7low cells/CD11c hi HLADR hi/Monocytes non-class	3371	590941	91470	15979946	0.03554369945487711	0.035661398210005295	0.9644563005451229	0.9643386017899948
dataset_name-FR-FCM-Z3YR_seed-42	random	num-1	run0	14	/PBMC/CD3-CD19-/CD7low cells/CD11c hi HLADR hi/cDC/cDC1	/PBMC/CD3-CD19-/CD7low cells/CD11c hi HLADR hi/cDC/cDC1	0	0	2978	16662750	0	0	1	1
dataset_name-FR-FCM-Z3YR_seed-42	random	num-1	run0	15	/PBMC/CD3-CD19-/CD7low cells/CD11c hi HLADR hi/cDC/cDC2	/PBMC/CD3-CD19-/CD7low cells/CD11c hi HLADR hi/cDC/cDC2	1871	592114	51543	16020200	0.0350282697420152	0.0356430777795315	0.9649717302579848	0.9643569222204685
dataset_name-FR-FCM-Z3YR_seed-42	random	num-1	run0	16	/PBMC/CD3-CD19-/CD7low cells/CD11c low HLADR hi/pDC	/PBMC/CD3-CD19-/CD7low cells/CD11c low HLADR hi/pDC	1481	592576	42619	16029052	0.033582766439909296	0.03565090014046759	0.9664172335600907	0.9643490998595324
dataset_name-FR-FCM-Z3YR_seed-42	random	num-1	run0	17	/PBMC/CD3-CD19-/CD7low cells/CD11c low HLADR low/Basophils	/PBMC/CD3-CD19-/CD7low cells/CD11c low HLADR low/Basophils	5095	589910	141268	15929455	0.034810710357125775	0.03571021041063019	0.9651892896428742	0.9642897895893698
dataset_name-FR-FCM-Z3YR_seed-42	random	num-1	run0	18	/PBMC/T cells/NKT cells	/PBMC/T cells/NKT cells	41	595226	1246	16069215	0.031857031857031856	0.035718329825764936	0.9681429681429682	0.964281670174235
dataset_name-FR-FCM-Z3YR_seed-42	random	num-1	run0	19	/PBMC/T cells/T cells CD4/T cells CM	/PBMC/T cells/T cells CD4/T cells CM	37684	558619	1019593	15049832	0.03564250428222689	0.03578952197114243	0.9643574957177731	0.9642104780288576
dataset_name-FR-FCM-Z3YR_seed-42	random	num-1	run0	20	/PBMC/T cells/T cells CD4/T cells EM	/PBMC/T cells/T cells CD4/T cells EM	5187	590068	141778	15928695	0.03529411764705882	0.035721076693212436	0.9647058823529412	0.9642789233067875
dataset_name-FR-FCM-Z3YR_seed-42	random	num-1	run0	21	/PBMC/T cells/T cells CD4/T cells Naive	/PBMC/T cells/T cells CD4/T cells Naive	49494	545425	1337333	14733476	0.035688661959999333	0.035697920943397694	0.9643113380400007	0.9643020790566023
dataset_name-FR-FCM-Z3YR_seed-42	random	num-1	run0	22	/PBMC/T cells/T cells CD4/T cells TEMRA	/PBMC/T cells/T cells CD4/T cells TEMRA	191	594440	5082	16066015	0.03622226436563626	0.03567969782337877	0.9637777356343638	0.9643203021766212
dataset_name-FR-FCM-Z3YR_seed-42	random	num-1	run0	23	/PBMC/T cells/T cells CD4hiCD8hi	/PBMC/T cells/T cells CD4hiCD8hi	1667	594049	43384	16026628	0.03700250826840692	0.03574156455841119	0.9629974917315931	0.9642584354415888
dataset_name-FR-FCM-Z3YR_seed-42	random	num-1	run0	24	/PBMC/T cells/T cells CD4lowCD8low	/PBMC/T cells/T cells CD4lowCD8low	17124	578584	459945	15610075	0.0358941788294775	0.03574008199196734	0.9641058211705225	0.9642599180080327
dataset_name-FR-FCM-Z3YR_seed-42	random	num-1	run0	25	/PBMC/T cells/T cells CD8/T cells CM	/PBMC/T cells/T cells CD8/T cells CM	17116	578034	463278	15607300	0.035629087790438684	0.0357134427995122	0.9643709122095613	0.9642865572004878
dataset_name-FR-FCM-Z3YR_seed-42	random	num-1	run0	26	/PBMC/T cells/T cells CD8/T cells EM	/PBMC/T cells/T cells CD8/T cells EM	3577	591883	95303	15974965	0.03617516181229773	0.03572695300880409	0.9638248381877023	0.9642730469911959
dataset_name-FR-FCM-Z3YR_seed-42	random	num-1	run0	27	/PBMC/T cells/T cells CD8/T cells Naive	/PBMC/T cells/T cells CD8/T cells Naive	16265	577207	440385	15631871	0.035618088251396035	0.035610106879614	0.964381911748604	0.964389893120386
dataset_name-FR-FCM-Z3YR_seed-42	random	num-1	run0	28	/PBMC/T cells/T cells CD8/T cells TEMRA	/PBMC/T cells/T cells CD8/T cells TEMRA	1045	594357	28413	16041913	0.035474234503360715	0.03572657813319933	0.9645257654966393	0.9642734218668007
dataset_name-FR-FCM-Z3YR_seed-42	random	num-2	run0	1	/Granulocytes	/Granulocytes	346505	229197	9702625	6393454	0.03448109438329487	0.03460804442209019	0.9655189056167052	0.9653919555779098
dataset_name-FR-FCM-Z3YR_seed-42	random	num-2	run0	2	/PBMC/B cells/B cells DN	/PBMC/B cells/B cells DN	1849	573910	51798	16044224	0.034466046563647545	0.0345351650191291	0.9655339534363524	0.9654648349808709
dataset_name-FR-FCM-Z3YR_seed-42	random	num-2	run0	3	/PBMC/B cells/B cells NSM	/PBMC/B cells/B cells NSM	1727	573365	49435	16047254	0.033755521676244085	0.034497210964284784	0.9662444783237559	0.9655027890357152
dataset_name-FR-FCM-Z3YR_seed-42	random	num-2	run0	4	/PBMC/B cells/B cells Naive/B cells TR	/PBMC/B cells/B cells Naive/B cells TR	2328	572274	63638	16033541	0.0352909074371646	0.0344622651763855	0.9647090925628354	0.9655377348236145
dataset_name-FR-FCM-Z3YR_seed-42	random	num-2	run0	5	/PBMC/B cells/B cells SWME/B cells CD27hi CD20hi	/PBMC/B cells/B cells SWME/B cells CD27hi CD20hi	3554	570190	99268	15998769	0.0345645873451207	0.03441314569008228	0.9654354126548793	0.9655868543099178
dataset_name-FR-FCM-Z3YR_seed-42	random	num-2	run0	6	/PBMC/B cells/B cells SWME/B cells PB	/PBMC/B cells/B cells SWME/B cells PB	269	574777	7311	16089424	0.03548812664907652	0.03449172270545704	0.9645118733509235	0.9655082772945429
dataset_name-FR-FCM-Z3YR_seed-42	random	num-2	run0	7	/PBMC/B cells/B cells SWME/B cells PC	/PBMC/B cells/B cells SWME/B cells PC	284	574821	8698	16087978	0.031618793141839234	0.034497265435416945	0.9683812068581608	0.965502734564583
dataset_name-FR-FCM-Z3YR_seed-42	random	num-2	run0	8	/PBMC/CD3 CD19 DP	/PBMC/CD3 CD19 DP	1721	572585	49175	16048300	0.03381405218484753	0.03444972996323601	0.9661859478151524	0.965550270036764
dataset_name-FR-FCM-Z3YR_seed-42	random	num-2	run0	9	/PBMC/CD3-CD19-/CD7hi cells/NK cells CD56 hi	/PBMC/CD3-CD19-/CD7hi cells/NK cells CD56 hi	867	573900	23546	16073468	0.03551386556342932	0.034473918039175926	0.9644861344365707	0.9655260819608241
dataset_name-FR-FCM-Z3YR_seed-42	random	num-2	run0	10	/PBMC/CD3-CD19-/CD7hi cells/NK cells CD56 mid	/PBMC/CD3-CD19-/CD7hi cells/NK cells CD56 mid	21624	553374	612324	15484459	0.0341100531904825	0.034504287455792815	0.9658899468095175	0.9654957125442072
dataset_name-FR-FCM-Z3YR_seed-42	random	num-2	run0	11	/PBMC/CD3-CD19-/CD7low cells/CD11c hi HLADR hi/Monocytes CD14hi	/PBMC/CD3-CD19-/CD7low cells/CD11c hi HLADR hi/Monocytes CD14hi	36143	539147	1007047	15089444	0.03464661279345086	0.03449747965123663	0.9653533872065492	0.9655025203487634
dataset_name-FR-FCM-Z3YR_seed-42	random	num-2	run0	12	/PBMC/CD3-CD19-/CD7low cells/CD11c hi HLADR hi/Monocytes CD14mid	/PBMC/CD3-CD19-/CD7low cells/CD11c hi HLADR hi/Monocytes CD14mid	1764	573553	49070	16047394	0.03470118424676398	0.034507841219877544	0.9652988157532361	0.9654921587801225
dataset_name-FR-FCM-Z3YR_seed-42	random	num-2	run0	13	/PBMC/CD3-CD19-/CD7low cells/CD11c hi HLADR hi/Monocytes non-class	/PBMC/CD3-CD19-/CD7low cells/CD11c hi HLADR hi/Monocytes non-class	3253	571817	91740	16004971	0.034244628551577484	0.034495042103452125	0.9657553714484225	0.9655049578965479
dataset_name-FR-FCM-Z3YR_seed-42	random	num-2	run0	14	/PBMC/CD3-CD19-/CD7low cells/CD11c hi HLADR hi/cDC/cDC1	/PBMC/CD3-CD19-/CD7low cells/CD11c hi HLADR hi/cDC/cDC1	99	574728	2874	16094080	0.033299697275479316	0.03447925010594639	0.9667003027245207	0.9655207498940536
dataset_name-FR-FCM-Z3YR_seed-42	random	num-2	run0	15	/PBMC/CD3-CD19-/CD7low cells/CD11c hi HLADR hi/cDC/cDC2	/PBMC/CD3-CD19-/CD7low cells/CD11c hi HLADR hi/cDC/cDC2	1799	573398	51580	16045004	0.03370239232657037	0.03450379886104572	0.9662976076734296	0.9654962011389543
dataset_name-FR-FCM-Z3YR_seed-42	random	num-2	run0	16	/PBMC/CD3-CD19-/CD7low cells/CD11c low HLADR hi/pDC	/PBMC/CD3-CD19-/CD7low cells/CD11c low HLADR hi/pDC	1530	572917	42596	16054738	0.03467343516294248	0.03445567038767643	0.9653265648370575	0.9655443296123236
dataset_name-FR-FCM-Z3YR_seed-42	random	num-2	run0	17	/PBMC/CD3-CD19-/CD7low cells/CD11c low HLADR low/Basophils	/PBMC/CD3-CD19-/CD7low cells/CD11c low HLADR low/Basophils	5154	569684	141272	15955671	0.035198666903418795	0.03447332901471708	0.9648013330965812	0.9655266709852829
dataset_name-FR-FCM-Z3YR_seed-42	random	num-2	run0	18	/PBMC/T cells/NKT cells	/PBMC/T cells/NKT cells	52	574499	1239	16095991	0.040278853601859024	0.03446203440930651	0.959721146398141	0.9655379655906935
dataset_name-FR-FCM-Z3YR_seed-42	random	num-2	run0	19	/PBMC/T cells/T cells CD4/T cells CM	/PBMC/T cells/T cells CD4/T cells CM	36541	539727	1021535	15073978	0.03453532638487217	0.03456751616608614	0.9654646736151279	0.9654324838339139
dataset_name-FR-FCM-Z3YR_seed-42	random	num-2	run0	20	/PBMC/T cells/T cells CD4/T cells EM	/PBMC/T cells/T cells CD4/T cells EM	5101	570617	142069	15953994	0.03466059658897873	0.034531342371690324	0.9653394034110213	0.9654686576283097
dataset_name-FR-FCM-Z3YR_seed-42	random	num-2	run0	21	/PBMC/T cells/T cells CD4/T cells Naive	/PBMC/T cells/T cells CD4/T cells Naive	48014	526870	1339256	14757641	0.034610421907775704	0.03447084437310425	0.9653895780922243	0.9655291556268958
dataset_name-FR-FCM-Z3YR_seed-42	random	num-2	run0	22	/PBMC/T cells/T cells CD4/T cells TEMRA	/PBMC/T cells/T cells CD4/T cells TEMRA	174	575422	5094	16091091	0.03302961275626424	0.03452563832638537	0.9669703872437357	0.9654743616736147
dataset_name-FR-FCM-Z3YR_seed-42	random	num-2	run0	23	/PBMC/T cells/T cells CD4hiCD8hi	/PBMC/T cells/T cells CD4hiCD8hi	1553	573351	43461	16053416	0.034500377660283466	0.03448361308004136	0.9654996223397165	0.9655163869199587
dataset_name-FR-FCM-Z3YR_seed-42	random	num-2	run0	24	/PBMC/T cells/T cells CD4lowCD8low	/PBMC/T cells/T cells CD4lowCD8low	16487	558525	461065	15635704	0.034523989010620836	0.0344891380750513	0.9654760109893792	0.9655108619249487
dataset_name-FR-FCM-Z3YR_seed-42	random	num-2	run0	25	/PBMC/T cells/T cells CD8/T cells CM	/PBMC/T cells/T cells CD8/T cells CM	16632	556653	463857	15634639	0.03461473623745809	0.03437977648726241	0.9653852637625419	0.9656202235127376
dataset_name-FR-FCM-Z3YR_seed-42	random	num-2	run0	26	/PBMC/T cells/T cells CD8/T cells EM	/PBMC/T cells/T cells CD8/T cells EM	3452	571031	95576	16001722	0.03485882780627701	0.034456013433616005	0.965141172193723	0.965543986566384
dataset_name-FR-FCM-Z3YR_seed-42	random	num-2	run0	27	/PBMC/T cells/T cells CD8/T cells Naive	/PBMC/T cells/T cells CD8/T cells Naive	15899	558761	440842	15656279	0.03480966236882609	0.03445942779049574	0.9651903376311739	0.9655405722095043
dataset_name-FR-FCM-Z3YR_seed-42	random	num-2	run0	28	/PBMC/T cells/T cells CD8/T cells TEMRA	/PBMC/T cells/T cells CD8/T cells TEMRA	1030	572589	28385	16069777	0.03501614822369539	0.0344055046019298	0.9649838517763046	0.9655944953980702
dataset_name-FR-FCM-Z3YR_seed-42	random	num-3	run0	1	/Granulocytes	/Granulocytes	333704	219807	9333522	6141353	0.034519106101378	0.034554546655012605	0.965480893898622	0.9654454533449874
dataset_name-FR-FCM-Z3YR_seed-42	random	num-3	run0	2	/PBMC/B cells/B cells DN	/PBMC/B cells/B cells DN	1748	551010	49686	15425942	0.033985301551502894	0.034487804682645354	0.9660146984484971	0.9655121953173547
dataset_name-FR-FCM-Z3YR_seed-42	random	num-3	run0	3	/PBMC/B cells/B cells NSM	/PBMC/B cells/B cells NSM	1711	550585	47630	15428460	0.034677043432439554	0.034456689996179374	0.9653229565675604	0.9655433100038207
dataset_name-FR-FCM-Z3YR_seed-42	random	num-3	run0	4	/PBMC/B cells/B cells Naive/B cells TR	/PBMC/B cells/B cells Naive/B cells TR	2248	550828	61636	15413674	0.03518877966313944	0.034503299883704486	0.9648112203368605	0.9654967001162955
dataset_name-FR-FCM-Z3YR_seed-42	random	num-3	run0	5	/PBMC/B cells/B cells SWME/B cells CD27hi CD20hi	/PBMC/B cells/B cells SWME/B cells CD27hi CD20hi	3399	548410	95209	15381368	0.0344698198929093	0.03442671956884773	0.9655301801070907	0.9655732804311523
dataset_name-FR-FCM-Z3YR_seed-42	random	num-3	run0	6	/PBMC/B cells/B cells SWME/B cells PB	/PBMC/B cells/B cells SWME/B cells PB	265	551858	7190	15469073	0.035546613011401745	0.03444606309084035	0.9644533869885983	0.9655539369091597
dataset_name-FR-FCM-Z3YR_seed-42	random	num-3	run0	7	/PBMC/B cells/B cells SWME/B cells PC	/PBMC/B cells/B cells SWME/B cells PC	255	552516	8377	15467238	0.02954124189063948	0.034489668193406715	0.9704587581093606	0.9655103318065933
dataset_name-FR-FCM-Z3YR_seed-42	random	num-3	run0	8	/PBMC/CD3 CD19 DP	/PBMC/CD3 CD19 DP	1733	551045	47222	15428386	0.03539985701154121	0.034484644666008445	0.9646001429884588	0.9655153553339916
dataset_name-FR-FCM-Z3YR_seed-42	random	num-3	run0	9	/PBMC/CD3-CD19-/CD7hi cells/NK cells CD56 hi	/PBMC/CD3-CD19-/CD7hi cells/NK cells CD56 hi	775	551025	22919	15453667	0.032708702625137163	0.03442896620566019	0.9672912973748629	0.9655710337943398
dataset_name-FR-FCM-Z3YR_seed-42	random	num-3	run0	10	/PBMC/CD3-CD19-/CD7hi cells/NK cells CD56 mid	/PBMC/CD3-CD19-/CD7hi cells/NK cells CD56 mid	21143	532170	587297	14887776	0.03474952337124449	0.034511794010173576	0.9652504766287555	0.9654882059898264
dataset_name-FR-FCM-Z3YR_seed-42	random	num-3	run0	11	/PBMC/CD3-CD19-/CD7low cells/CD11c hi HLADR hi/Monocytes CD14hi	/PBMC/CD3-CD19-/CD7low cells/CD11c hi HLADR hi/Monocytes CD14hi	34418	517986	964999	14510983	0.03443807739912369	0.03446583727732754	0.9655619226008764	0.9655341627226725
dataset_name-FR-FCM-Z3YR_seed-42	random	num-3	run0	12	/PBMC/CD3-CD19-/CD7low cells/CD11c hi HLADR hi/Monocytes CD14mid	/PBMC/CD3-CD19-/CD7low cells/CD11c hi HLADR hi/Monocytes CD14mid	1729	551141	47936	15427580	0.03481324876673714	0.034492184950222236	0.9651867512332628	0.9655078150497778
dataset_name-FR-FCM-Z3YR_seed-42	random	num-3	run0	13	/PBMC/CD3-CD19-/CD7low cells/CD11c hi HLADR hi/Monocytes non-class	/PBMC/CD3-CD19-/CD7low cells/CD11c hi HLADR hi/Monocytes non-class	3123	549862	88198	15387203	0.03419804864160489	0.03450208680205546	0.9658019513583951	0.9654979131979445
dataset_name-FR-FCM-Z3YR_seed-42	random	num-3	run0	14	/PBMC/CD3-CD19-/CD7low cells/CD11c hi HLADR hi/cDC/cDC1	/PBMC/CD3-CD19-/CD7low cells/CD11c hi HLADR hi/cDC/cDC1	79	552715	2762	15472830	0.027807110172474482	0.03448962266181899	0.9721928898275255	0.965510377338181
dataset_name-FR-FCM-Z3YR_seed-42	random	num-3	run0	15	/PBMC/CD3-CD19-/CD7low cells/CD11c hi HLADR hi/cDC/cDC2	/PBMC/CD3-CD19-/CD7low cells/CD11c hi HLADR hi/cDC/cDC2	1751	550549	49292	15426794	0.03430441000724879	0.03445810733361611	0.9656955899927512	0.9655418926663839
dataset_name-FR-FCM-Z3YR_seed-42	random	num-3	run0	16	/PBMC/CD3-CD19-/CD7low cells/CD11c low HLADR hi/pDC	/PBMC/CD3-CD19-/CD7low cells/CD11c low HLADR hi/pDC	1536	552177	40790	15433883	0.03628975098048481	0.034541156482585454	0.9637102490195152	0.9654588435174145
dataset_name-FR-FCM-Z3YR_seed-42	random	num-3	run0	17	/PBMC/CD3-CD19-/CD7low cells/CD11c low HLADR low/Basophils	/PBMC/CD3-CD19-/CD7low cells/CD11c low HLADR low/Basophils	4821	547977	135986	15339602	0.034238354627255746	0.034490906386681064	0.9657616453727442	0.9655090936133189
dataset_name-FR-FCM-Z3YR_seed-42	random	num-3	run0	18	/PBMC/T cells/NKT cells	/PBMC/T cells/NKT cells	35	552224	1218	15474909	0.027932960893854747	0.03445556981401477	0.9720670391061452	0.9655444301859852
dataset_name-FR-FCM-Z3YR_seed-42	random	num-3	run0	19	/PBMC/T cells/T cells CD4/T cells CM	/PBMC/T cells/T cells CD4/T cells CM	35072	516176	980715	14496423	0.034526923459347283	0.03438285402813997	0.9654730765406527	0.96561714597186
dataset_name-FR-FCM-Z3YR_seed-42	random	num-3	run0	20	/PBMC/T cells/T cells CD4/T cells EM	/PBMC/T cells/T cells CD4/T cells EM	4816	548231	136394	15338945	0.03410523334041499	0.03450776903333859	0.9658947666595851	0.9654922309666614
dataset_name-FR-FCM-Z3YR_seed-42	random	num-3	run0	21	/PBMC/T cells/T cells CD4/T cells Naive	/PBMC/T cells/T cells CD4/T cells Naive	45993	506069	1287389	14188935	0.03449349098757895	0.034438166876307075	0.9655065090124211	0.9655618331236929
dataset_name-FR-FCM-Z3YR_seed-42	random	num-3	run0	22	/PBMC/T cells/T cells CD4/T cells TEMRA	/PBMC/T cells/T cells CD4/T cells TEMRA	176	552251	4919	15471040	0.03454367026496565	0.03446551647848123	0.9654563297350344	0.9655344835215187
dataset_name-FR-FCM-Z3YR_seed-42	random	num-3	run0	23	/PBMC/T cells/T cells CD4hiCD8hi	/PBMC/T cells/T cells CD4hiCD8hi	1524	552282	41723	15432857	0.0352394385737739	0.03454971520735603	0.9647605614262261	0.9654502847926439
dataset_name-FR-FCM-Z3YR_seed-42	random	num-3	run0	24	/PBMC/T cells/T cells CD4lowCD8low	/PBMC/T cells/T cells CD4lowCD8low	15931	536832	443351	15032272	0.034686750188337445	0.03448059695663925	0.9653132498116626	0.9655194030433607
dataset_name-FR-FCM-Z3YR_seed-42	random	num-3	run0	25	/PBMC/T cells/T cells CD8/T cells CM	/PBMC/T cells/T cells CD8/T cells CM	15813	536842	445537	15030194	0.03427549582746288	0.03448581990817006	0.9657245041725371	0.96551418009183
dataset_name-FR-FCM-Z3YR_seed-42	random	num-3	run0	26	/PBMC/T cells/T cells CD8/T cells EM	/PBMC/T cells/T cells CD8/T cells EM	3331	549061	91610	15384384	0.035084947493706616	0.034459653891546996	0.9649150525062934	0.965540346108453
dataset_name-FR-FCM-Z3YR_seed-42	random	num-3	run0	27	/PBMC/T cells/T cells CD8/T cells Naive	/PBMC/T cells/T cells CD8/T cells Naive	15235	539145	424010	15049996	0.034684515475418044	0.03458465094388459	0.9653154845245819	0.9654153490561154
dataset_name-FR-FCM-Z3YR_seed-42	random	num-3	run0	28	/PBMC/T cells/T cells CD8/T cells TEMRA	/PBMC/T cells/T cells CD8/T cells TEMRA	942	551457	27563	15448424	0.03304683388879144	0.0344663188432464	0.9669531661112085	0.9655336811567536
dataset_name-FR-FCM-Z3YR_seed-42	random	num-4	run0	1	/Granulocytes	/Granulocytes	336704	221886	9411464	6193902	0.03454023361107441	0.03458437217688615	0.9654597663889256	0.9654156278231139
dataset_name-FR-FCM-Z3YR_seed-42	random	num-4	run0	2	/PBMC/B cells/B cells DN	/PBMC/B cells/B cells DN	1792	555176	50072	15556916	0.0345519049822613	0.03445710215656663	0.96544809501773865	0.9655428978434334
dataset_name-FR-FCM-Z3YR_seed-42	random	num-4	run0	3	/PBMC/B cells/B cells NSM	/PBMC/B cells/B cells NSM	1740	555419	47959	15558838	0.035010764804120804	0.034467552552997015	0.9649892351958792	0.965532447447003
dataset_name-FR-FCM-Z3YR_seed-42	random	num-4	run0	4	/PBMC/B cells/B cells Naive/B cells TR	/PBMC/B cells/B cells Naive/B cells TR	2207	553731	62385	15545633	0.03416831805796383	0.0343945885067261	0.9658316819420362	0.965605411493274
dataset_name-FR-FCM-Z3YR_seed-42	random	num-4	run0	5	/PBMC/B cells/B cells SWME/B cells CD27hi CD20hi	/PBMC/B cells/B cells SWME/B cells CD27hi CD20hi	3394	552945	96349	15511268	0.03402745054790812	0.03442092058913811	0.9659725494520919	0.9655790794108619
dataset_name-FR-FCM-Z3YR_seed-42	random	num-4	run0	6	/PBMC/B cells/B cells SWME/B cells PB	/PBMC/B cells/B cells SWME/B cells PB	244	557107	6982	15599623	0.0337669526709106	0.03448142043594218	0.9662330473290894	0.9655185795640578
dataset_name-FR-FCM-Z3YR_seed-42	random	num-4	run0	7	/PBMC/B cells/B cells SWME/B cells PC	/PBMC/B cells/B cells SWME/B cells PC	312	557446	8449	15597749	0.03561237301677891	0.03450568068042509	0.9643876269832211	0.9654943193195749
dataset_name-FR-FCM-Z3YR_seed-42	random	num-4	run0	8	/PBMC/CD3 CD19 DP	/PBMC/CD3 CD19 DP	1720	555900	47822	15558514	0.03471801703605022	0.03449706579463578	0.9652819829639497	0.9655029342053643
dataset_name-FR-FCM-Z3YR_seed-42	random	num-4	run0	9	/PBMC/CD3-CD19-/CD7hi cells/NK cells CD56 hi	/PBMC/CD3-CD19-/CD7hi cells/NK cells CD56 hi	852	556285	22928	15583891	0.03582842724978974	0.034465857125721554	0.9641715727502103	0.9655341428742784
dataset_name-FR-FCM-Z3YR_seed-42	random	num-4	run0	10	/PBMC/CD3-CD19-/CD7hi cells/NK cells CD56 mid	/PBMC/CD3-CD19-/CD7hi cells/NK cells CD56 mid	21187	537175	593672	15011922	0.034458306701211174	0.03454702224830162	0.9655416932987888	0.9654529777516984
dataset_name-FR-FCM-Z3YR_seed-42	random	num-4	run0	11	/PBMC/CD3-CD19-/CD7low cells/CD11c hi HLADR hi/Monocytes CD14hi	/PBMC/CD3-CD19-/CD7low cells/CD11c hi HLADR hi/Monocytes CD14hi	34907	522936	978000	14628113	0.03446219643066935	0.034514837883502326	0.9655378035693306	0.9654851621164977
dataset_name-FR-FCM-Z3YR_seed-42	random	num-4	run0	12	/PBMC/CD3-CD19-/CD7low cells/CD11c hi HLADR hi/Monocytes CD14mid	/PBMC/CD3-CD19-/CD7low cells/CD11c hi HLADR hi/Monocytes CD14mid	1574	556166	46453	15559763	0.032773231723822016	0.03451032825969884	0.9672267682761779	0.9654896717403012
dataset_name-FR-FCM-Z3YR_seed-42	random	num-4	run0	13	/PBMC/CD3-CD19-/CD7low cells/CD11c hi HLADR hi/Monocytes non-class	/PBMC/CD3-CD19-/CD7low cells/CD11c hi HLADR hi/Monocytes non-class	3169	554810	88544	15517433	0.034553443895630934	0.0345197618030041	0.965446556104369	0.9654802381969959
dataset_name-FR-FCM-Z3YR_seed-42	random	num-4	run0	14	/PBMC/CD3-CD19-/CD7low cells/CD11c hi HLADR hi/cDC/cDC1	/PBMC/CD3-CD19-/CD7low cells/CD11c hi HLADR hi/cDC/cDC1	105	557420	2770	15603661	0.036521739130434785	0.03449150462150397	0.9634782608695652	0.965508495378496
dataset_name-FR-FCM-Z3YR_seed-42	random	num-4	run0	15	/PBMC/CD3-CD19-/CD7low cells/CD11c hi HLADR hi/cDC/cDC2	/PBMC/CD3-CD19-/CD7low cells/CD11c hi HLADR hi/cDC/cDC2	1865	555684	49982	15556425	0.03597122302158273	0.03448859488227146	0.9640287769784173	0.9655114051177285
dataset_name-FR-FCM-Z3YR_seed-42	random	num-4	run0	16	/PBMC/CD3-CD19-/CD7low cells/CD11c low HLADR hi/pDC	/PBMC/CD3-CD19-/CD7low cells/CD11c low HLADR hi/pDC	1510	555650	41200	15565596	0.0353547178646687	0.03446693884579393	0.9646452821353313	0.9655330611542061
dataset_name-FR-FCM-Z3YR_seed-42	random	num-4	run0	17	/PBMC/CD3-CD19-/CD7low cells/CD11c low HLADR low/Basophils	/PBMC/CD3-CD19-/CD7low cells/CD11c low HLADR low/Basophils	4931	551801	136519	15470705	0.03486037469070343	0.03443911957343002	0.9651396253092965	0.96556088042657
dataset_name-FR-FCM-Z3YR_seed-42	random	num-4	run0	18	/PBMC/T cells/NKT cells	/PBMC/T cells/NKT cells	42	557054	1213	15605647	0.03346613545816733	0.034465402781379176	0.9665338645418327	0.9655345972186208
dataset_name-FR-FCM-Z3YR_seed-42	random	num-4	run0	19	/PBMC/T cells/T cells CD4/T cells CM	/PBMC/T cells/T cells CD4/T cells CM	35549	521685	987248	14619474	0.03475665259088558	0.034454760035212625	0.9652433474091144	0.9655452399647874
dataset_name-FR-FCM-Z3YR_seed-42	random	num-4	run0	20	/PBMC/T cells/T cells CD4/T cells EM	/PBMC/T cells/T cells CD4/T cells EM	5020	552108	137308	15469520	0.03527064245967062	0.034460168467274364	0.9647293575403294	0.9655398315327256
dataset_name-FR-FCM-Z3YR_seed-42	random	num-4	run0	21	/PBMC/T cells/T cells CD4/T cells Naive	/PBMC/T cells/T cells CD4/T cells Naive	46299	510996	1298306	14308355	0.03443316066800287	0.034481671970655124	0.9655668393319972	0.9655183280293449
dataset_name-FR-FCM-Z3YR_seed-42	random	num-4	run0	22	/PBMC/T cells/T cells CD4/T cells TEMRA	/PBMC/T cells/T cells CD4/T cells TEMRA	158	556951	5017	15601830	0.030531400966183574	0.03446738958836066	0.9694685990338164	0.9655326104116393
dataset_name-FR-FCM-Z3YR_seed-42	random	num-4	run0	23	/PBMC/T cells/T cells CD4hiCD8hi	/PBMC/T cells/T cells CD4hiCD8hi	1551	556226	42440	15563739	0.035257211702393675	0.03450540990628702	0.9647427882976063	0.965494590093713
dataset_name-FR-FCM-Z3YR_seed-42	random	num-4	run0	24	/PBMC/T cells/T cells CD4lowCD8low	/PBMC/T cells/T cells CD4lowCD8low	15874	541933	445996	15160153	0.034368978283932705	0.034513439806660086	0.9656310217160673	0.9654865601933399
dataset_name-FR-FCM-Z3YR_seed-42	random	num-4	run0	25	/PBMC/T cells/T cells CD8/T cells CM	/PBMC/T cells/T cells CD8/T cells CM	15825	541171	449122	15157838	0.03403613745222574	0.034471666332569144	0.9659638625477742	0.9655283336674308
dataset_name-FR-FCM-Z3YR_seed-42	random	num-4	run0	26	/PBMC/T cells/T cells CD8/T cells EM	/PBMC/T cells/T cells CD8/T cells EM	3312	554687	92477	15513480	0.03457599515602	0.03452086351853326	0.9654240048439799	0.9654791364814668
dataset_name-FR-FCM-Z3YR_seed-42	random	num-4	run0	27	/PBMC/T cells/T cells CD8/T cells Naive	/PBMC/T cells/T cells CD8/T cells Naive	15203	541985	427652	15179116	0.034329520949294916	0.03447500273676761	0.9656704790507051	0.9655249972632324
dataset_name-FR-FCM-Z3YR_seed-42	random	num-4	run0	28	/PBMC/T cells/T cells CD8/T cells TEMRA	/PBMC/T cells/T cells CD8/T cells TEMRA	967	556799	27614	15578576	0.03383366572198314	0.03450796774168558	0.9661663342780169	0.9654920322583144
dataset_name-FR-FCM-Z3YR_seed-42	random	num-5	run0	1	/Granulocytes	/Granulocytes	334895	220958	9380519	6178008	0.03447048164905788	0.03453026629614847	0.9655295183509421	0.9654697337038515
dataset_name-FR-FCM-Z3YR_seed-42	random	num-5	run0	2	/PBMC/B cells/B cells DN	/PBMC/B cells/B cells DN	1797	554672	50293	15507618	0.03449798425801497	0.03453256042569273	0.965502015741985	0.9654674395743073
dataset_name-FR-FCM-Z3YR_seed-42	random	num-5	run0	3	/PBMC/B cells/B cells NSM	/PBMC/B cells/B cells NSM	1674	553640	47431	15511635	0.03409021484573872	0.03446190619208199	0.9659097851542613	0.965538093807918
dataset_name-FR-FCM-Z3YR_seed-42	random	num-5	run0	4	/PBMC/B cells/B cells Naive/B cells TR	/PBMC/B cells/B cells Naive/B cells TR	2189	553641	60778	15497772	0.03476424158686296	0.0344917297935079	0.965235758413137	0.9655082702064921
dataset_name-FR-FCM-Z3YR_seed-42	random	num-5	run0	5	/PBMC/B cells/B cells SWME/B cells CD27hi CD20hi	/PBMC/B cells/B cells SWME/B cells CD27hi CD20hi	3401	552539	95854	15462586	0.034265276308498314	0.03450107320423662	0.9657347236915017	0.9654989267957634
dataset_name-FR-FCM-Z3YR_seed-42	random	num-5	run0	6	/PBMC/B cells/B cells SWME/B cells PB	/PBMC/B cells/B cells SWME/B cells PB	244	555369	7111	15551656	0.03317471108089735	0.03447992413248257	0.9668252889191027	0.9655200758675174
dataset_name-FR-FCM-Z3YR_seed-42	random	num-5	run0	7	/PBMC/B cells/B cells SWME/B cells PC	/PBMC/B cells/B cells SWME/B cells PC	284	555078	8376	15550642	0.03279445727482679	0.034464649826272904	0.9672055427251732	0.965535350173727
dataset_name-FR-FCM-Z3YR_seed-42	random	num-5	run0	8	/PBMC/CD3 CD19 DP	/PBMC/CD3 CD19 DP	1624	552767	47384	15512605	0.03313744694743715	0.03440735763852838	0.9668625530525629	0.9655926423614716
dataset_name-FR-FCM-Z3YR_seed-42	random	num-5	run0	9	/PBMC/CD3-CD19-/CD7hi cells/NK cells CD56 hi	/PBMC/CD3-CD19-/CD7hi cells/NK cells CD56 hi	826	555049	22323	15536182	0.035681886906561835	0.034493880548977264	0.9643181130934382	0.9655061194510227
dataset_name-FR-FCM-Z3YR_seed-42	random	num-5	run0	10	/PBMC/CD3-CD19-/CD7hi cells/NK cells CD56 mid	/PBMC/CD3-CD19-/CD7hi cells/NK cells CD56 mid	21100	535053	590557	14967670	0.03449645798216974	0.03451348514709319	0.9655035420178303	0.9654865148529068
dataset_name-FR-FCM-Z3YR_seed-42	random	num-5	run0	11	/PBMC/CD3-CD19-/CD7low cells/CD11c hi HLADR hi/Monocytes CD14hi	/PBMC/CD3-CD19-/CD7low cells/CD11c hi HLADR hi/Monocytes CD14hi	34409	521485	972711	14585775	0.034165739931686395	0.03451883399107449	0.9658342600683136	0.9654811660089255
dataset_name-FR-FCM-Z3YR_seed-42	random	num-5	run0	12	/PBMC/CD3-CD19-/CD7low cells/CD11c hi HLADR hi/Monocytes CD14mid	/PBMC/CD3-CD19-/CD7low cells/CD11c hi HLADR hi/Monocytes CD14mid	1765	555071	48315	15509229	0.035243610223642176	0.03455307732051817	0.9647563897763578	0.9654469226794818
dataset_name-FR-FCM-Z3YR_seed-42	random	num-5	run0	13	/PBMC/CD3-CD19-/CD7low cells/CD11c hi HLADR hi/Monocytes non-class	/PBMC/CD3-CD19-/CD7low cells/CD11c hi HLADR hi/Monocytes non-class	3257	551951	89050	15470122	0.035284431299901414	0.03444941238253003	0.9647155687000986	0.9655505876174699
dataset_name-FR-FCM-Z3YR_seed-42	random	num-5	run0	14	/PBMC/CD3-CD19-/CD7low cells/CD11c hi HLADR hi/cDC/cDC1	/PBMC/CD3-CD19-/CD7low cells/CD11c hi HLADR hi/cDC/cDC1	88	554904	2783	15556605	0.03065134099616858	0.03444146665591659	0.9693486590038314	0.9655585333440834
dataset_name-FR-FCM-Z3YR_seed-42	random	num-5	run0	15	/PBMC/CD3-CD19-/CD7low cells/CD11c hi HLADR hi/cDC/cDC2	/PBMC/CD3-CD19-/CD7low cells/CD11c hi HLADR hi/cDC/cDC2	1792	553550	49752	15509286	0.0347664131615707	0.0344615359330071	0.9652335868384293	0.965538464066993
dataset_name-FR-FCM-Z3YR_seed-42	random	num-5	run0	16	/PBMC/CD3-CD19-/CD7low cells/CD11c low HLADR hi/pDC	/PBMC/CD3-CD19-/CD7low cells/CD11c low HLADR hi/pDC	1460	553942	41263	15517715	0.034173630128970345	0.034467012331086955	0.9658263698710297	0.965532987668913
dataset_name-FR-FCM-Z3YR_seed-42	random	num-5	run0	17	/PBMC/CD3-CD19-/CD7low cells/CD11c low HLADR low/Basophils	/PBMC/CD3-CD19-/CD7low cells/CD11c low HLADR low/Basophils	4931	550944	136693	15421812	0.034817545048861774	0.03449273250026483	0.9651824549511382	0.9655072674997351
dataset_name-FR-FCM-Z3YR_seed-42	random	num-5	run0	18	/PBMC/T cells/NKT cells	/PBMC/T cells/NKT cells	42	555855	1202	15557281	0.03376205787781351	0.03449700914831228	0.9662379421221865	0.9655029908516877
dataset_name-FR-FCM-Z3YR_seed-42	random	num-5	run0	19	/PBMC/T cells/T cells CD4/T cells CM	/PBMC/T cells/T cells CD4/T cells CM	35276	521115	988826	14569163	0.03444578762662313	0.03453316101929998	0.9655542123733769	0.9654668389807001
dataset_name-FR-FCM-Z3YR_seed-42	random	num-5	run0	20	/PBMC/T cells/T cells CD4/T cells EM	/PBMC/T cells/T cells CD4/T cells EM	4908	550707	137683	15421082	0.03442012469230176	0.03447998217356866	0.9655798753076983	0.9655200178264314
dataset_name-FR-FCM-Z3YR_seed-42	random	num-5	run0	21	/PBMC/T cells/T cells CD4/T cells Naive	/PBMC/T cells/T cells CD4/T cells Naive	46165	510335	1293570	14264310	0.034458307053260535	0.034541269857922136	0.9655416929467394	0.9654587301420778
dataset_name-FR-FCM-Z3YR_seed-42	random	num-5	run0	22	/PBMC/T cells/T cells CD4/T cells TEMRA	/PBMC/T cells/T cells CD4/T cells TEMRA	154	555632	4896	15553698	0.030495049504950494	0.03449131652278524	0.9695049504950495	0.9655086834772147
dataset_name-FR-FCM-Z3YR_seed-42	random	num-5	run0	23	/PBMC/T cells/T cells CD4hiCD8hi	/PBMC/T cells/T cells CD4hiCD8hi	1465	553761	41761	15517393	0.033891639291167355	0.03445682867577524	0.9661083607088327	0.9655431713242247
dataset_name-FR-FCM-Z3YR_seed-42	random	num-5	run0	24	/PBMC/T cells/T cells CD4lowCD8low	/PBMC/T cells/T cells CD4lowCD8low	16013	539673	446022	15112672	0.03465754758838616	0.034478731461643604	0.9653424524116139	0.9655212685383564
dataset_name-FR-FCM-Z3YR_seed-42	random	num-5	run0	25	/PBMC/T cells/T cells CD8/T cells CM	/PBMC/T cells/T cells CD8/T cells CM	15846	540121	448793	15109620	0.03410389571258547	0.034513095136846035	0.9658961042874146	0.9654869048631539
dataset_name-FR-FCM-Z3YR_seed-42	random	num-5	run0	26	/PBMC/T cells/T cells CD8/T cells EM	/PBMC/T cells/T cells CD8/T cells EM	3339	552153	92644	15466244	0.034787410270568746	0.03446992854528452	0.9652125897294312	0.9655300714547155
dataset_name-FR-FCM-Z3YR_seed-42	random	num-5	run0	27	/PBMC/T cells/T cells CD8/T cells Naive	/PBMC/T cells/T cells CD8/T cells Naive	15269	540934	425418	15132759	0.03464817432781089	0.03451222376245343	0.9653518256721891	0.9654877762375466
dataset_name-FR-FCM-Z3YR_seed-42	random	num-5	run0	28	/PBMC/T cells/T cells CD8/T cells TEMRA	/PBMC/T cells/T cells CD8/T cells TEMRA	951	553690	27208	15532531	0.03377250612592777	0.03442014131224481	0.9662274938740723	0.9655798586877552
dataset_name-Levine_seed-42	cyanno	num-1	run0	1	Basophils	Basophils	798	3	148	71514	0.8435517970401691	4.194806829145518e-5	0.15644820295983086	0.9999580519317085
dataset_name-Levine_seed-42	cyanno	num-1	run0	2	CD16+_NK_cells	CD16+_NK_cells	1769	11	9	70674	0.9949381327334084	1.5562000424418194e-4	0.005061867266591676	0.9998443799957558
dataset_name-Levine_seed-42	cyanno	num-1	run0	3	CD16-_NK_cells	CD16-_NK_cells	2590	9	12	69852	0.9953881629515757	1.2882724266758278e-4	0.004611837048424289	0.9998711727573324
dataset_name-Levine_seed-42	cyanno	num-1	run0	4	CD34+CD38+CD123+_HSPCs	CD34+CD38+CD123+_HSPCs	166	0	16	72281	0.9120879120879121	0	0.08791208791208792	1
dataset_name-Levine_seed-42	cyanno	num-1	run0	5	CD34+CD38+CD123-_HSPCs	CD34+CD38+CD123-_HSPCs	2066	19	0	70378	1	2.698978649658366e-4	0	0.9997301021350342
dataset_name-Levine_seed-42	cyanno	num-1	run0	6	CD34+CD38lo_HSCs	CD34+CD38lo_HSCs	664	0	2	71797	0.996996996996997	0	0.003003003003003003	1
dataset_name-Levine_seed-42	cyanno	num-1	run0	7	CD4_T_cells	CD4_T_cells	18124	21	7	54311	0.9996139209089405	3.86512552455275e-4	3.8607909105951133e-4	0.9996134874475447
dataset_name-Levine_seed-42	cyanno	num-1	run0	8	CD8_T_cells	CD8_T_cells	13184	8	21	59250	0.9984096932979932	1.3500286881096223e-4	0.0015903067020068156	0.999864997131189
dataset_name-Levine_seed-42	cyanno	num-1	run0	9	Mature_B_cells	Mature_B_cells	12316	8	4	60135	0.9996753246753247	1.3301631112515173e-4	3.246753246753247e-4	0.9998669836888748
dataset_name-Levine_seed-42	cyanno	num-1	run0	10	Monocytes	Monocytes	16111	5	0	56347	1	8.872799545712663e-5	0	0.9999112720045429
dataset_name-Levine_seed-42	cyanno	num-1	run0	11	Plasma_B_cells	Plasma_B_cells	194	6	49	72214	0.7983539094650206	8.307947936859596e-5	0.20164609053497942	0.9999169205206314
dataset_name-Levine_seed-42	cyanno	num-1	run0	12	Pre_B_cells	Pre_B_cells	3330	54	22	69057	0.9934367541766109	7.813517385076181e-4	0.0065632458233890216	0.9992186482614924
dataset_name-Levine_seed-42	cyanno	num-1	run0	13	Pro_B_cells	Pro_B_cells	194	7	9	72253	0.9556650246305419	9.687240520343205e-5	0.04433497536945813	0.9999031275947966
dataset_name-Levine_seed-42	cyanno	num-1	run0	14	pDCs	pDCs	657	149	1	71656	0.9984802431610942	0.002075064410556368	0.001519756838905775	0.9979249355894436
dataset_name-Levine_seed-42	cyanno	num-2	run0	1	Basophils	Basophils	259	5	2	31455	0.9923371647509579	1.589319771137953e-4	0.007662835249042145	0.9998410680228862
dataset_name-Levine_seed-42	cyanno	num-2	run0	2	CD16+_NK_cells	CD16+_NK_cells	462	6	8	31245	0.9829787234042553	1.919938561966017e-4	0.01702127659574468	0.9998080061438034
dataset_name-Levine_seed-42	cyanno	num-2	run0	3	CD16-_NK_cells	CD16-_NK_cells	1293	8	10	30410	0.9923254029163469	2.630021697679006e-4	0.007674597083653108	0.9997369978302321
dataset_name-Levine_seed-42	cyanno	num-2	run0	4	CD34+CD38+CD123+_HSPCs	CD34+CD38+CD123+_HSPCs	118	1	4	31598	0.9672131147540983	3.164657109402196e-5	0.03278688524590164	0.999968353428906
dataset_name-Levine_seed-42	cyanno	num-2	run0	5	CD34+CD38+CD123-_HSPCs	CD34+CD38+CD123-_HSPCs	1227	7	2	30485	0.9983726606997559	2.295684113865932e-4	0.0016273393002441008	0.9997704315886135
dataset_name-Levine_seed-42	cyanno	num-2	run0	6	CD34+CD38lo_HSCs	CD34+CD38lo_HSCs	250	0	0	31471	1	0	0	1
dataset_name-Levine_seed-42	cyanno	num-2	run0	7	CD4_T_cells	CD4_T_cells	8232	2	3	23484	0.9996357012750455	8.515711487694797e-5	3.6429872495446266e-4	0.999914842885123
dataset_name-Levine_seed-42	cyanno	num-2	run0	8	CD8_T_cells	CD8_T_cells	6901	7	2	24811	0.9997102708967116	2.820533483761786e-4	2.897291032884253e-4	0.9997179466516238
dataset_name-Levine_seed-42	cyanno	num-2	run0	9	Mature_B_cells	Mature_B_cells	4200	0	0	27521	1	0	0	1
dataset_name-Levine_seed-42	cyanno	num-2	run0	10	Monocytes	Monocytes	4988	0	0	26733	1	0	0	1
dataset_name-Levine_seed-42	cyanno	num-2	run0	11	Plasma_B_cells	Plasma_B_cells	76	0	11	31634	0.8735632183908046	0	0.12643678160919541	1
dataset_name-Levine_seed-42	cyanno	num-2	run0	12	Pre_B_cells	Pre_B_cells	2783	23	0	28915	1	7.948026815951344e-4	0	0.9992051973184048
dataset_name-Levine_seed-42	cyanno	num-2	run0	13	Pro_B_cells	Pro_B_cells	292	0	18	31411	0.9419354838709677	0	0.05806451612903226	1
dataset_name-Levine_seed-42	cyanno	num-2	run0	14	pDCs	pDCs	579	2	1	31139	0.9982758620689656	6.422401335859478e-5	0.0017241379310344827	0.9999357759866414
dataset_name-Levine_seed-42	cygate	num-1	run0	1	Basophils	Basophils	943	22	3	71495	0.9968287526427061	3.076191674706713e-4	0.003171247357293869	0.9996923808325293
dataset_name-Levine_seed-42	cygate	num-1	run0	2	CD16+_NK_cells	CD16+_NK_cells	1636	20	142	70665	0.9201349831271091	2.8294546226214896e-4	0.0798650168728909	0.9997170545377378
dataset_name-Levine_seed-42	cygate	num-1	run0	3	CD16-_NK_cells	CD16-_NK_cells	2309	139	293	69722	0.8873943120676403	0.001989665192310445	0.11260568793235973	0.9980103348076895
dataset_name-Levine_seed-42	cygate	num-1	run0	4	CD34+CD38+CD123+_HSPCs	CD34+CD38+CD123+_HSPCs	178	17	4	72264	0.978021978021978	0.00023519320429988516	0.02197802197802198	0.9997648067957001
dataset_name-Levine_seed-42	cygate	num-1	run0	5	CD34+CD38+CD123-_HSPCs	CD34+CD38+CD123-_HSPCs	2040	26	26	70371	0.9874152952565344	3.693339204795659e-4	0.012584704743465635	0.9996306660795204
dataset_name-Levine_seed-42	cygate	num-1	run0	6	CD34+CD38lo_HSCs	CD34+CD38lo_HSCs	664	5	2	71792	0.996996996996997	6.964079279078513e-5	0.003003003003003003	0.9999303592072092
dataset_name-Levine_seed-42	cygate	num-1	run0	7	CD4_T_cells	CD4_T_cells	18104	54	27	54278	0.9985108377916276	9.938894205992785e-4	0.0014891622083724008	0.9990061105794007
dataset_name-Levine_seed-42	cygate	num-1	run0	8	CD8_T_cells	CD8_T_cells	13151	16	54	59242	0.9959106399091253	2.7000573762192445e-4	0.004089360090874669	0.9997299942623781
dataset_name-Levine_seed-42	cygate	num-1	run0	9	Mature_B_cells	Mature_B_cells	11402	35	918	60108	0.925487012987013	5.819463611725388e-4	0.07451298701298702	0.9994180536388274
dataset_name-Levine_seed-42	cygate	num-1	run0	10	Monocytes	Monocytes	16057	21	54	56331	0.9966482527465707	3.726575809199319e-4	0.003351747253429334	0.99962734241908
dataset_name-Levine_seed-42	cygate	num-1	run0	11	Plasma_B_cells	Plasma_B_cells	230	9	13	72211	0.9465020576131687	1.2461921905289393e-4	0.053497942386831275	0.9998753807809471
dataset_name-Levine_seed-42	cygate	num-1	run0	12	Pre_B_cells	Pre_B_cells	3184	43	168	69068	0.9498806682577565	6.221874954782886e-4	0.050119331742243436	0.9993778125045217
dataset_name-Levine_seed-42	cygate	num-1	run0	13	Pro_B_cells	Pro_B_cells	191	18	12	72242	0.9408866995073891	2.4910047052311096e-4	0.059113300492610835	0.9997508995294769
dataset_name-Levine_seed-42	cygate	num-1	run0	14	pDCs	pDCs	639	1	19	71804	0.9711246200607903	1.3926606782257503e-5	0.028875379939209727	0.9999860733932178
dataset_name-Levine_seed-42	cygate	num-2	run0	1	Basophils	Basophils	258	5	3	31455	0.9885057471264368	1.589319771137953e-4	0.011494252873563218	0.9998410680228862
dataset_name-Levine_seed-42	cygate	num-2	run0	2	CD16+_NK_cells	CD16+_NK_cells	392	7	78	31244	0.8340425531914893	2.2399283222936865e-4	0.16595744680851063	0.9997760071677706
dataset_name-Levine_seed-42	cygate	num-2	run0	3	CD16-_NK_cells	CD16-_NK_cells	951	72	352	30346	0.7298541826554106	0.002367019527911105	0.2701458173445894	0.9976329804720889
dataset_name-Levine_seed-42	cygate	num-2	run0	4	CD34+CD38+CD123+_HSPCs	CD34+CD38+CD123+_HSPCs	118	8	4	31591	0.9672131147540983	2.531725687521757e-4	0.03278688524590164	0.9997468274312479
dataset_name-Levine_seed-42	cygate	num-2	run0	5	CD34+CD38+CD123-_HSPCs	CD34+CD38+CD123-_HSPCs	1211	2	18	30490	0.985353946297803	6.559097468188377e-5	0.014646053702196907	0.9999344090253182
dataset_name-Levine_seed-42	cygate	num-2	run0	6	CD34+CD38lo_HSCs	CD34+CD38lo_HSCs	250	0	0	31471	1	0	0	1
dataset_name-Levine_seed-42	cygate	num-2	run0	7	CD4_T_cells	CD4_T_cells	8228	13	7	23473	0.9991499696417729	5.535212467001618e-4	8.500303582270795e-4	0.9994464787532998
dataset_name-Levine_seed-42	cygate	num-2	run0	8	CD8_T_cells	CD8_T_cells	6893	12	10	24806	0.9985513544835579	4.835200257877347e-4	0.0014486455164421266	0.9995164799742122
dataset_name-Levine_seed-42	cygate	num-2	run0	9	Mature_B_cells	Mature_B_cells	4186	0	14	27521	0.9966666666666667	0	0.0033333333333333335	1
dataset_name-Levine_seed-42	cygate	num-2	run0	10	Monocytes	Monocytes	4899	0	89	26733	0.9821571772253408	0	0.017842822774659182	1
dataset_name-Levine_seed-42	cygate	num-2	run0	11	Plasma_B_cells	Plasma_B_cells	77	0	10	31634	0.8850574712643678	0	0.11494252873563218	1
dataset_name-Levine_seed-42	cygate	num-2	run0	12	Pre_B_cells	Pre_B_cells	2777	19	6	28919	0.9978440531800216	6.565761282742415e-4	0.0021559468199784403	0.9993434238717258
dataset_name-Levine_seed-42	cygate	num-2	run0	13	Pro_B_cells	Pro_B_cells	304	4	6	31407	0.9806451612903225	1.2734392410302124e-4	0.01935483870967742	0.9998726560758969
dataset_name-Levine_seed-42	cygate	num-2	run0	14	pDCs	pDCs	579	3	1	31138	0.9982758620689656	9.633602003789217e-5	0.0017241379310344827	0.9999036639799621
dataset_name-Levine_seed-42	dgcytof	num-1	run0	1	Basophils	Basophils	807	7	139	71510	0.8530655391120507	9.787882601339542e-5	0.14693446088794926	0.9999021211739866
dataset_name-Levine_seed-42	dgcytof	num-1	run0	2	CD16+_NK_cells	CD16+_NK_cells	1766	96	12	70589	0.9932508436445444	0.001358138218858315	0.006749156355455568	0.9986418617811417
dataset_name-Levine_seed-42	dgcytof	num-1	run0	3	CD16-_NK_cells	CD16-_NK_cells	2474	15	128	69846	0.9508070714834742	2.1471207111263795e-4	0.04919292851652575	0.9997852879288873
dataset_name-Levine_seed-42	dgcytof	num-1	run0	4	CD34+CD38+CD123+_HSPCs	CD34+CD38+CD123+_HSPCs	137	30	45	72251	0.7527472527472527	4.150468311174444e-4	0.24725274725274726	0.9995849531688825
dataset_name-Levine_seed-42	dgcytof	num-1	run0	5	CD34+CD38+CD123-_HSPCs	CD34+CD38+CD123-_HSPCs	1915	137	151	70260	0.9269119070667957	0.0019461056579115586	0.07308809293320426	0.9980538943420885
dataset_name-Levine_seed-42	dgcytof	num-1	run0	6	CD34+CD38lo_HSCs	CD34+CD38lo_HSCs	607	71	59	71726	0.9114114114114115	9.888992576291488e-4	0.08858858858858859	0.9990111007423709
dataset_name-Levine_seed-42	dgcytof	num-1	run0	7	CD4_T_cells	CD4_T_cells	17914	110	217	54222	0.9880315481771551	0.0020245895604800116	0.011968451822844851	0.99797541043952
dataset_name-Levine_seed-42	dgcytof	num-1	run0	8	CD8_T_cells	CD8_T_cells	13095	205	110	59053	0.9916698220371072	0.0034594485132809073	0.008330177962892843	0.996540551486719
dataset_name-Levine_seed-42	dgcytof	num-1	run0	9	Mature_B_cells	Mature_B_cells	12257	175	63	59968	0.9948863636363636	0.002909731805862694	0.005113636363636364	0.9970902681941373
dataset_name-Levine_seed-42	dgcytof	num-1	run0	10	Monocytes	Monocytes	16007	17	104	56335	0.9935447830674694	3.0167518455423057e-4	0.006455216932530569	0.9996983248154457
dataset_name-Levine_seed-42	dgcytof	num-1	run0	11	Plasma_B_cells	Plasma_B_cells	186	24	57	72196	0.7654320987654321	3.3231791747438384e-4	0.2345679012345679	0.9996676820825257
dataset_name-Levine_seed-42	dgcytof	num-1	run0	12	Pre_B_cells	Pre_B_cells	3242	102	110	69009	0.9671837708830548	0.0014758866171810565	0.03281622911694511	0.998524113382819
dataset_name-Levine_seed-42	dgcytof	num-1	run0	13	Pro_B_cells	Pro_B_cells	162	88	41	72172	0.7980295566502463	0.0012178245225574315	0.2019704433497537	0.9987821754774425
dataset_name-Levine_seed-42	dgcytof	num-1	run0	14	pDCs	pDCs	639	178	19	71627	0.9711246200607903	0.0024789360072418353	0.028875379939209727	0.9975210639927582
dataset_name-Levine_seed-42	dgcytof	num-2	run0	1	Basophils	Basophils	260	9	1	31451	0.9961685823754789	2.8607755880483154e-4	0.0038314176245210726	0.9997139224411952
dataset_name-Levine_seed-42	dgcytof	num-2	run0	2	CD16+_NK_cells	CD16+_NK_cells	392	4	78	31247	0.8340425531914893	1.279959041310678e-4	0.16595744680851063	0.999872004095869
dataset_name-Levine_seed-42	dgcytof	num-2	run0	3	CD16-_NK_cells	CD16-_NK_cells	1297	97	6	30321	0.9953952417498081	0.0031889013084357948	0.004604758250191865	0.9968110986915643
dataset_name-Levine_seed-42	dgcytof	num-2	run0	4	CD34+CD38+CD123+_HSPCs	CD34+CD38+CD123+_HSPCs	89	1	33	31598	0.7295081967213115	3.164657109402196e-5	0.27049180327868855	0.999968353428906
dataset_name-Levine_seed-42	dgcytof	num-2	run0	5	CD34+CD38+CD123-_HSPCs	CD34+CD38+CD123-_HSPCs	1194	67	35	30425	0.9715215622457283	0.0021972976518431064	0.028478437754271765	0.9978027023481569
dataset_name-Levine_seed-42	dgcytof	num-2	run0	6	CD34+CD38lo_HSCs	CD34+CD38lo_HSCs	239	28	11	31443	0.956	8.897079851291665e-4	0.044	0.9991102920148708
dataset_name-Levine_seed-42	dgcytof	num-2	run0	7	CD4_T_cells	CD4_T_cells	8232	18	3	23468	0.9996357012750455	7.664140338925317e-4	3.6429872495446266e-4	0.9992335859661075
dataset_name-Levine_seed-42	dgcytof	num-2	run0	8	CD8_T_cells	CD8_T_cells	6866	5	37	24813	0.9946400115891642	2.0146667741155613e-4	0.005359988410835868	0.9997985333225884
dataset_name-Levine_seed-42	dgcytof	num-2	run0	9	Mature_B_cells	Mature_B_cells	4175	3	25	27518	0.9940476190476191	1.0900766687257003e-4	0.005952380952380952	0.9998909923331274
dataset_name-Levine_seed-42	dgcytof	num-2	run0	10	Monocytes	Monocytes	4988	8	0	26725	1	2.9925560169079415e-4	0	0.9997007443983092
dataset_name-Levine_seed-42	dgcytof	num-2	run0	11	Plasma_B_cells	Plasma_B_cells	79	54	8	31580	0.9080459770114943	0.0017070240880065752	0.09195402298850575	0.9982929759119934
dataset_name-Levine_seed-42	dgcytof	num-2	run0	12	Pre_B_cells	Pre_B_cells	2710	33	73	28905	0.9737693136902623	0.0011403690648973668	0.026230686309737693	0.9988596309351027
dataset_name-Levine_seed-42	dgcytof	num-2	run0	13	Pro_B_cells	Pro_B_cells	270	16	40	31395	0.8709677419354839	5.09375696412085e-4	0.12903225806451613	0.9994906243035879
dataset_name-Levine_seed-42	dgcytof	num-2	run0	14	pDCs	pDCs	573	14	7	31127	0.9879310344827587	4.4956809351016344e-4	0.01206896551724138	0.9995504319064898
dataset_name-Levine_seed-42	gatemeclass	num-1	run0	1	Basophils	Basophils	869	17	77	71500	0.9186046511627907	2.3770572031824602e-4	0.08139534883720931	0.9997622942796818
dataset_name-Levine_seed-42	gatemeclass	num-1	run0	2	CD16+_NK_cells	CD16+_NK_cells	1755	71	23	70614	0.9870641169853769	0.0010044563910306288	0.012935883014623173	0.9989955436089694
dataset_name-Levine_seed-42	gatemeclass	num-1	run0	3	CD16-_NK_cells	CD16-_NK_cells	2504	23	98	69838	0.962336664104535	3.2922517570604487e-4	0.03766333589546503	0.999670774824294
dataset_name-Levine_seed-42	gatemeclass	num-1	run0	4	CD34+CD38+CD123+_HSPCs	CD34+CD38+CD123+_HSPCs	106	0	76	72281	0.5824175824175825	0	0.4175824175824176	1
dataset_name-Levine_seed-42	gatemeclass	num-1	run0	5	CD34+CD38+CD123-_HSPCs	CD34+CD38+CD123-_HSPCs	803	32	1263	70365	0.3886737657308809	4.5456482520561957e-4	0.611326234269119	0.9995454351747943
dataset_name-Levine_seed-42	gatemeclass	num-1	run0	6	CD34+CD38lo_HSCs	CD34+CD38lo_HSCs	663	653	3	71144	0.9954954954954955	0.009095087538476538	0.0045045045045045045	0.9909049124615235
dataset_name-Levine_seed-42	gatemeclass	num-1	run0	7	CD4_T_cells	CD4_T_cells	18127	614	4	53718	0.9997793833765374	0.011300890819406611	2.206166234625779e-4	0.9886991091805933
dataset_name-Levine_seed-42	gatemeclass	num-1	run0	8	CD8_T_cells	CD8_T_cells	12604	18	601	59240	0.9544869367663764	3.0375645482466504e-4	0.04551306323362363	0.9996962435451754
dataset_name-Levine_seed-42	gatemeclass	num-1	run0	9	Mature_B_cells	Mature_B_cells	12189	54	131	60089	0.9893668831168831	8.978601000947742e-4	0.010633116883116883	0.9991021398999053
dataset_name-Levine_seed-42	gatemeclass	num-1	run0	10	Monocytes	Monocytes	14051	11	2060	56341	0.8721370492210291	1.9520159000567858e-4	0.1278629507789709	0.9998047984099944
dataset_name-Levine_seed-42	gatemeclass	num-1	run0	11	Plasma_B_cells	Plasma_B_cells	228	755	15	71465	0.9382716049382716	0.010454167820548324	0.06172839506172839	0.9895458321794517
dataset_name-Levine_seed-42	gatemeclass	num-1	run0	12	Pre_B_cells	Pre_B_cells	2582	132	770	68979	0.7702863961813843	0.0019099709163519555	0.22971360381861575	0.9980900290836481
dataset_name-Levine_seed-42	gatemeclass	num-1	run0	13	Pro_B_cells	Pro_B_cells	164	617	39	71643	0.8078817733990148	0.008538610572931081	0.1921182266009852	0.991461389427069
dataset_name-Levine_seed-42	gatemeclass	num-1	run0	14	pDCs	pDCs	651	126	7	71679	0.9893617021276596	0.0017547524545644454	0.010638297872340425	0.9982452475454355
dataset_name-Levine_seed-42	gatemeclass	num-2	run0	1	Basophils	Basophils	254	17	7	31443	0.9731800766283525	5.40368722186904e-4	0.02681992337164751	0.9994596312778131
dataset_name-Levine_seed-42	gatemeclass	num-2	run0	2	CD16+_NK_cells	CD16+_NK_cells	466	334	4	30917	0.9914893617021276	0.010687657994944161	0.00851063829787234	0.9893123420050558
dataset_name-Levine_seed-42	gatemeclass	num-2	run0	3	CD16-_NK_cells	CD16-_NK_cells	941	3	362	30415	0.7221795855717574	9.862581366296272e-5	0.2778204144282425	0.9999013741863371
dataset_name-Levine_seed-42	gatemeclass	num-2	run0	4	CD34+CD38+CD123+_HSPCs	CD34+CD38+CD123+_HSPCs	104	65	18	31534	0.8524590163934426	0.0020570271211114276	0.14754098360655737	0.9979429728788886
dataset_name-Levine_seed-42	gatemeclass	num-2	run0	5	CD34+CD38+CD123-_HSPCs	CD34+CD38+CD123-_HSPCs	672	5	557	30487	0.5467860048820179	1.6397743670470944e-4	0.4532139951179821	0.9998360225632953
dataset_name-Levine_seed-42	gatemeclass	num-2	run0	6	CD34+CD38lo_HSCs	CD34+CD38lo_HSCs	247	167	3	31304	0.988	0.005306472625591815	0.012	0.9946935273744082
dataset_name-Levine_seed-42	gatemeclass	num-2	run0	7	CD4_T_cells	CD4_T_cells	8228	58	7	23428	0.9991499696417729	0.002469556331431491	8.500303582270795e-4	0.9975304436685685
dataset_name-Levine_seed-42	gatemeclass	num-2	run0	8	CD8_T_cells	CD8_T_cells	6847	27	56	24791	0.9918875851079241	0.001087920058022403	0.00811241489207591	0.9989120799419776
dataset_name-Levine_seed-42	gatemeclass	num-2	run0	9	Mature_B_cells	Mature_B_cells	4133	11	67	27510	0.9840476190476191	3.996947785327568e-4	0.015952380952380954	0.9996003052214673
dataset_name-Levine_seed-42	gatemeclass	num-2	run0	10	Monocytes	Monocytes	4414	0	574	26733	0.8849238171611868	0	0.11507618283881316	1
dataset_name-Levine_seed-42	gatemeclass	num-2	run0	11	Plasma_B_cells	Plasma_B_cells	74	158	13	31476	0.8505747126436781	0.004994626035278497	0.14942528735632185	0.9950053739647216
dataset_name-Levine_seed-42	gatemeclass	num-2	run0	12	Pre_B_cells	Pre_B_cells	2710	407	73	28531	0.9737693136902623	0.014064551800400856	0.026230686309737693	0.9859354481995991
dataset_name-Levine_seed-42	gatemeclass	num-2	run0	13	Pro_B_cells	Pro_B_cells	293	343	17	31068	0.9451612903225807	0.01091974149183407	0.054838709677419356	0.9890802585081659
dataset_name-Levine_seed-42	gatemeclass	num-2	run0	14	pDCs	pDCs	560	180	20	30961	0.9655172413793104	0.00578016120227353	0.034482758620689655	0.9942198387977265
dataset_name-Levine_seed-42	knn	num-1	run0	1	Basophils	Basophils	615	175	331	71342	0.6501057082452432	0.0024469706503348855	0.3498942917547569	0.9975530293496652
dataset_name-Levine_seed-42	knn	num-1	run0	2	CD16+_NK_cells	CD16+_NK_cells	1123	2953	655	67732	0.6316085489313836	0.0417768975030063	0.3683914510686164	0.9582231024969937
dataset_name-Levine_seed-42	knn	num-1	run0	3	CD16-_NK_cells	CD16-_NK_cells	1322	1710	1280	68151	0.5080707148347425	0.024477176106840727	0.49192928516525747	0.9755228238931593
dataset_name-Levine_seed-42	knn	num-1	run0	4	CD34+CD38+CD123+_HSPCs	CD34+CD38+CD123+_HSPCs	86	241	96	72040	0.4725274725274725	0.0033342095433101368	0.5274725274725275	0.9966657904566899
dataset_name-Levine_seed-42	knn	num-1	run0	5	CD34+CD38+CD123-_HSPCs	CD34+CD38+CD123-_HSPCs	1003	455	1063	69942	0.48547918683446273	0.006463343608392403	0.5145208131655372	0.9935366563916076
dataset_name-Levine_seed-42	knn	num-1	run0	6	CD34+CD38lo_HSCs	CD34+CD38lo_HSCs	648	1859	18	69938	0.972972972972973	0.025892446759613913	0.02702702702702703	0.9741075532403861
dataset_name-Levine_seed-42	knn	num-1	run0	7	CD4_T_cells	CD4_T_cells	9156	4304	8975	50028	0.5049914511058409	0.07921666789369064	0.4950085488941592	0.9207833321063094
dataset_name-Levine_seed-42	knn	num-1	run0	8	CD8_T_cells	CD8_T_cells	7946	7692	5259	51566	0.6017417644831503	0.1298052583617402	0.3982582355168497	0.8701947416382598
dataset_name-Levine_seed-42	knn	num-1	run0	9	Mature_B_cells	Mature_B_cells	9264	3641	3056	56502	0.7519480519480519	0.06053904860083468	0.24805194805194805	0.9394609513991653
dataset_name-Levine_seed-42	knn	num-1	run0	10	Monocytes	Monocytes	12025	2502	4086	53850	0.7463844578238471	0.04439948892674617	0.25361554217615295	0.9556005110732538
dataset_name-Levine_seed-42	knn	num-1	run0	11	Plasma_B_cells	Plasma_B_cells	220	6	23	72214	0.9053497942386831	8.307947936859596e-5	0.09465020576131687	0.9999169205206314
dataset_name-Levine_seed-42	knn	num-1	run0	12	Pre_B_cells	Pre_B_cells	2555	158	797	68953	0.7622315035799523	0.0022861773089667345	0.23776849642004774	0.9977138226910333
dataset_name-Levine_seed-42	knn	num-1	run0	13	Pro_B_cells	Pro_B_cells	82	159	121	72101	0.4039408866995074	0.0022003874896208138	0.5960591133004927	0.9977996125103792
dataset_name-Levine_seed-42	knn	num-1	run0	14	pDCs	pDCs	357	206	301	71599	0.5425531914893617	0.0028688809971450457	0.4574468085106383	0.997131119002855
dataset_name-Levine_seed-42	knn	num-2	run0	1	Basophils	Basophils	186	122	75	31338	0.7126436781609196	0.0038779402415766054	0.28735632183908044	0.9961220597584234
dataset_name-Levine_seed-42	knn	num-2	run0	2	CD16+_NK_cells	CD16+_NK_cells	307	1497	163	29754	0.6531914893617021	0.047902467121052124	0.3468085106382979	0.9520975328789478
dataset_name-Levine_seed-42	knn	num-2	run0	3	CD16-_NK_cells	CD16-_NK_cells	562	362	741	30056	0.4313123561013047	0.0119008481819975	0.5686876438986953	0.9880991518180025
dataset_name-Levine_seed-42	knn	num-2	run0	4	CD34+CD38+CD123+_HSPCs	CD34+CD38+CD123+_HSPCs	80	403	42	31196	0.6557377049180327	0.012753568150890852	0.3442622950819672	0.9872464318491091
dataset_name-Levine_seed-42	knn	num-2	run0	5	CD34+CD38+CD123-_HSPCs	CD34+CD38+CD123-_HSPCs	577	246	652	30246	0.4694873881204231	0.008067689885871704	0.5305126118795769	0.9919323101141283
dataset_name-Levine_seed-42	knn	num-2	run0	6	CD34+CD38lo_HSCs	CD34+CD38lo_HSCs	198	501	52	30970	0.792	0.015919417876775446	0.208	0.9840805821232246
dataset_name-Levine_seed-42	knn	num-2	run0	7	CD4_T_cells	CD4_T_cells	4116	1592	4119	21894	0.49981785063752276	0.06778506344205058	0.5001821493624772	0.9322149365579494
dataset_name-Levine_seed-42	knn	num-2	run0	8	CD8_T_cells	CD8_T_cells	4566	3626	2337	21192	0.661451542807475	0.14610363445886052	0.33854845719252497	0.8538963655411395
dataset_name-Levine_seed-42	knn	num-2	run0	9	Mature_B_cells	Mature_B_cells	3251	925	949	26596	0.7740476190476191	0.0336106972857091	0.22595238095238096	0.9663893027142909
dataset_name-Levine_seed-42	knn	num-2	run0	10	Monocytes	Monocytes	3705	915	1283	25818	0.7427826784282278	0.03422735944338458	0.25721732157177224	0.9657726405566154
dataset_name-Levine_seed-42	knn	num-2	run0	11	Plasma_B_cells	Plasma_B_cells	86	21	1	31613	0.9885057471264368	6.638427008914459e-4	0.011494252873563218	0.9993361572991085
dataset_name-Levine_seed-42	knn	num-2	run0	12	Pre_B_cells	Pre_B_cells	1867	99	916	28839	0.6708587854832914	0.0034211071946921	0.3291412145167086	0.9965788928053079
dataset_name-Levine_seed-42	knn	num-2	run0	13	Pro_B_cells	Pro_B_cells	254	1189	56	30222	0.8193548387096774	0.03785298143962306	0.18064516129032257	0.962147018560377
dataset_name-Levine_seed-42	knn	num-2	run0	14	pDCs	pDCs	357	111	223	31030	0.6155172413793103	0.0035644327414020103	0.38448275862068965	0.9964355672585979
dataset_name-Levine_seed-42	lda	num-1	run0	1	Basophils	Basophils	276	21	670	71496	0.2917547568710359	2.9363647804018627e-4	0.7082452431289641	0.9997063635219599
dataset_name-Levine_seed-42	lda	num-1	run0	2	CD16+_NK_cells	CD16+_NK_cells	1601	6	177	70679	0.9004499437570304	8.488363867864469e-5	0.09955005624296963	0.9999151163613214
dataset_name-Levine_seed-42	lda	num-1	run0	3	CD16-_NK_cells	CD16-_NK_cells	2259	359	343	69502	0.8681783243658724	0.005138775568629135	0.13182167563412758	0.9948612244313708
dataset_name-Levine_seed-42	lda	num-1	run0	4	CD34+CD38+CD123+_HSPCs	CD34+CD38+CD123+_HSPCs	49	5	133	72276	0.2692307692307692	6.91744718529074e-5	0.7307692307692307	0.999930825528147
dataset_name-Levine_seed-42	lda	num-1	run0	5	CD34+CD38+CD123-_HSPCs	CD34+CD38+CD123-_HSPCs	1355	396	711	70001	0.6558567279767668	0.005625239711919542	0.3441432720232333	0.9943747602880805
dataset_name-Levine_seed-42	lda	num-1	run0	6	CD34+CD38lo_HSCs	CD34+CD38lo_HSCs	259	286	407	71511	0.3888888888888889	0.003983453347632909	0.6111111111111112	0.996016546652367
dataset_name-Levine_seed-42	lda	num-1	run0	7	CD4_T_cells	CD4_T_cells	17766	700	365	53632	0.9798687331090398	0.012883751748509167	0.020131266890960235	0.9871162482514908
dataset_name-Levine_seed-42	lda	num-1	run0	8	CD8_T_cells	CD8_T_cells	11780	48	1425	59210	0.8920863309352518	8.100172128657734e-4	0.1079136690647482	0.9991899827871342
dataset_name-Levine_seed-42	lda	num-1	run0	9	Mature_B_cells	Mature_B_cells	12236	775	84	59368	0.9931818181818182	0.012885955140249074	0.006818181818181818	0.987114044859751
dataset_name-Levine_seed-42	lda	num-1	run0	10	Monocytes	Monocytes	15905	248	206	56104	0.9872137049221029	0.004400908574673481	0.01278629507789709	0.9955990914253265
dataset_name-Levine_seed-42	lda	num-1	run0	11	Plasma_B_cells	Plasma_B_cells	171	4	72	72216	0.7037037037037037	5.538631957906397e-5	0.2962962962962963	0.999944613680421
dataset_name-Levine_seed-42	lda	num-1	run0	12	Pre_B_cells	Pre_B_cells	2428	215	924	68896	0.7243436754176611	0.0031109374773914426	0.2756563245823389	0.9968890625226086
dataset_name-Levine_seed-42	lda	num-1	run0	13	Pro_B_cells	Pro_B_cells	117	228	86	72032	0.5763546798029556	0.0031552726266260724	0.4236453201970443	0.9968447273733739
dataset_name-Levine_seed-42	lda	num-1	run0	14	pDCs	pDCs	431	418	227	71387	0.6550151975683891	0.005821321634983636	0.34498480243161095	0.9941786783650164
dataset_name-Levine_seed-42	lda	num-2	run0	1	Basophils	Basophils	153	96	108	31364	0.5862068965517241	0.0030514939605848696	0.41379310344827586	0.9969485060394151
dataset_name-Levine_seed-42	lda	num-2	run0	2	CD16+_NK_cells	CD16+_NK_cells	67	0	403	31251	0.1425531914893617	0	0.8574468085106383	1
dataset_name-Levine_seed-42	lda	num-2	run0	3	CD16-_NK_cells	CD16-_NK_cells	680	199	623	30219	0.5218726016884113	0.006542178972976527	0.4781273983115886	0.9934578210270235
dataset_name-Levine_seed-42	lda	num-2	run0	4	CD34+CD38+CD123+_HSPCs	CD34+CD38+CD123+_HSPCs	45	8	77	31591	0.36885245901639346	2.531725687521757e-4	0.6311475409836066	0.9997468274312479
dataset_name-Levine_seed-42	lda	num-2	run0	5	CD34+CD38+CD123-_HSPCs	CD34+CD38+CD123-_HSPCs	518	68	711	30424	0.42148087876322216	0.0022300931391840482	0.5785191212367778	0.9977699068608159
dataset_name-Levine_seed-42	lda	num-2	run0	6	CD34+CD38lo_HSCs	CD34+CD38lo_HSCs	168	334	82	31137	0.672	0.01061294525118363	0.328	0.9893870547488164
dataset_name-Levine_seed-42	lda	num-2	run0	7	CD4_T_cells	CD4_T_cells	8220	1259	15	22227	0.9981785063752276	0.05360640381503875	0.0018214936247723133	0.9463935961849612
dataset_name-Levine_seed-42	lda	num-2	run0	8	CD8_T_cells	CD8_T_cells	5705	33	1198	24785	0.8264522671302332	0.0013296800709162704	0.17354773286976677	0.9986703199290837
dataset_name-Levine_seed-42	lda	num-2	run0	9	Mature_B_cells	Mature_B_cells	4114	94	86	27427	0.9795238095238096	0.0034155735620071946	0.020476190476190478	0.9965844264379928
dataset_name-Levine_seed-42	lda	num-2	run0	10	Monocytes	Monocytes	4973	94	15	26639	0.9969927826784283	0.0035162533198668314	0.003007217321571772	0.9964837466801332
dataset_name-Levine_seed-42	lda	num-2	run0	11	Plasma_B_cells	Plasma_B_cells	86	3	1	31631	0.9885057471264368	9.483467155592084e-5	0.011494252873563218	0.9999051653284441
dataset_name-Levine_seed-42	lda	num-2	run0	12	Pre_B_cells	Pre_B_cells	2560	122	223	28816	0.9198706431908013	0.004215909876287235	0.0801293568091987	0.9957840901237127
dataset_name-Levine_seed-42	lda	num-2	run0	13	Pro_B_cells	Pro_B_cells	247	285	63	31126	0.7967741935483871	0.009073254592340263	0.2032258064516129	0.9909267454076598
dataset_name-Levine_seed-42	lda	num-2	run0	14	pDCs	pDCs	393	71	187	31070	0.6775862068965517	0.002279952474230115	0.32241379310344825	0.9977200475257699
dataset_name-Levine_seed-42	random	num-1	run0	1	Basophils	Basophils	58	4759	888	66758	0.0613107822410148	0.0665436189996784	0.9386892177589852	0.9334563810003216
dataset_name-Levine_seed-42	random	num-1	run0	2	CD16+_NK_cells	CD16+_NK_cells	119	4687	1659	65998	0.06692913385826772	0.06630826908113462	0.9330708661417323	0.9336917309188654
dataset_name-Levine_seed-42	random	num-1	run0	3	CD16-_NK_cells	CD16-_NK_cells	186	4539	2416	65322	0.07148347425057648	0.06497187271868425	0.9285165257494236	0.9350281272813158
dataset_name-Levine_seed-42	random	num-1	run0	4	CD34+CD38+CD123+_HSPCs	CD34+CD38+CD123+_HSPCs	9	4905	173	67376	0.04945054945054945	0.06786015688770217	0.9505494505494505	0.9321398431122978
dataset_name-Levine_seed-42	random	num-1	run0	5	CD34+CD38+CD123-_HSPCs	CD34+CD38+CD123-_HSPCs	122	4568	1944	65829	0.0590513068731849	0.06488912879810219	0.9409486931268151	0.9351108712018978
dataset_name-Levine_seed-42	random	num-1	run0	6	CD34+CD38lo_HSCs	CD34+CD38lo_HSCs	48	4784	618	67013	0.07207207207207207	0.06663231054222321	0.9279279279279279	0.9333676894577768
dataset_name-Levine_seed-42	random	num-1	run0	7	CD4_T_cells	CD4_T_cells	1211	3616	16920	50716	0.06679168275329546	0.06655378046087021	0.9332083172467045	0.9334462195391298
dataset_name-Levine_seed-42	random	num-1	run0	8	CD8_T_cells	CD8_T_cells	879	3938	12326	55320	0.06656569481257099	0.06645516217219616	0.933434305187429	0.9335448378278038
dataset_name-Levine_seed-42	random	num-1	run0	9	Mature_B_cells	Mature_B_cells	830	4045	11490	56098	0.06737012987012987	0.06725637231265484	0.9326298701298701	0.9327436276873452
dataset_name-Levine_seed-42	random	num-1	run0	10	Monocytes	Monocytes	1082	3770	15029	52582	0.06715908385575073	0.06690090857467348	0.9328409161442492	0.9330990914253265
dataset_name-Levine_seed-42	random	num-1	run0	11	Plasma_B_cells	Plasma_B_cells	14	4947	229	67273	0.05761316872427984	0.06849903073940737	0.9423868312757202	0.9315009692605927
dataset_name-Levine_seed-42	random	num-1	run0	12	Pre_B_cells	Pre_B_cells	235	4660	3117	64451	0.07010739856801909	0.06742776113787964	0.9298926014319809	0.9325722388621204
dataset_name-Levine_seed-42	random	num-1	run0	13	Pro_B_cells	Pro_B_cells	12	4863	191	67397	0.059113300492610835	0.06729864378632715	0.9408866995073891	0.9327013562136729
dataset_name-Levine_seed-42	random	num-1	run0	14	pDCs	pDCs	44	4657	614	67148	0.0668693009118541	0.0648562077849732	0.9331306990881459	0.9351437922150269
dataset_name-Levine_seed-42	random	num-2	run0	1	Basophils	Basophils	14	2059	247	29401	0.05363984674329502	0.0654481881754609	0.946360153256705	0.9345518118245391
dataset_name-Levine_seed-42	random	num-2	run0	2	CD16+_NK_cells	CD16+_NK_cells	27	2048	443	29203	0.0574468085106383	0.06553390291510672	0.9425531914893617	0.9344660970848933
dataset_name-Levine_seed-42	random	num-2	run0	3	CD16-_NK_cells	CD16-_NK_cells	80	1977	1223	28441	0.06139677666922486	0.06499441120389243	0.9386032233307752	0.9350055887961076
dataset_name-Levine_seed-42	random	num-2	run0	4	CD34+CD38+CD123+_HSPCs	CD34+CD38+CD123+_HSPCs	6	2130	116	29469	0.04918032786885246	0.06740719643026678	0.9508196721311475	0.9325928035697332
dataset_name-Levine_seed-42	random	num-2	run0	5	CD34+CD38+CD123-_HSPCs	CD34+CD38+CD123-_HSPCs	97	1901	1132	28591	0.07892595606183889	0.06234422143513053	0.9210740439381611	0.9376557785648695
dataset_name-Levine_seed-42	random	num-2	run0	6	CD34+CD38lo_HSCs	CD34+CD38lo_HSCs	22	2047	228	29424	0.088	0.0650440087699787	0.912	0.9349559912300213
dataset_name-Levine_seed-42	random	num-2	run0	7	CD4_T_cells	CD4_T_cells	553	1568	7682	21918	0.06715239829993928	0.0667631780635272	0.9328476017000608	0.9332368219364728
dataset_name-Levine_seed-42	random	num-2	run0	8	CD8_T_cells	CD8_T_cells	469	1669	6434	23149	0.06794147472113574	0.06724957691997743	0.9320585252788642	0.9327504230800225
dataset_name-Levine_seed-42	random	num-2	run0	9	Mature_B_cells	Mature_B_cells	267	1838	3933	25683	0.06357142857142857	0.0667853639039279	0.9364285714285714	0.9332146360960721
dataset_name-Levine_seed-42	random	num-2	run0	10	Monocytes	Monocytes	358	1812	4630	24921	0.07177225340817964	0.06778139378296487	0.9282277465918204	0.9322186062170351
dataset_name-Levine_seed-42	random	num-2	run0	11	Plasma_B_cells	Plasma_B_cells	2	2186	85	29448	0.022988505747126436	0.06910286400708099	0.9770114942528736	0.930897135992919
dataset_name-Levine_seed-42	random	num-2	run0	12	Pre_B_cells	Pre_B_cells	184	1959	2599	26979	0.06611570247933884	0.06769645448890732	0.9338842975206612	0.9323035455110927
dataset_name-Levine_seed-42	random	num-2	run0	13	Pro_B_cells	Pro_B_cells	16	2159	294	29252	0.05161290322580645	0.06873388303460572	0.9483870967741935	0.9312661169653943
dataset_name-Levine_seed-42	random	num-2	run0	14	pDCs	pDCs	42	2047	538	29094	0.07241379310344828	0.06573327767252175	0.9275862068965517	0.9342667223274782
dataset_name-Samusik_seed-42	cyanno	num-1	run0	1	B-cell Frac A-C (pro-B cells)	B-cell Frac A-C (pro-B cells)	3225	156	570	458690	0.849802371541502	3.3998334953339466e-4	0.15019762845849802	0.9996600166504666
dataset_name-Samusik_seed-42	cyanno	num-1	run0	2	Basophils	Basophils	3598	40	65	458938	0.9822549822549822	8.71501466301217e-5	0.017745017745017744	0.9999128498533699
dataset_name-Samusik_seed-42	cyanno	num-1	run0	3	CD4 T cells	CD4 T cells	4988	29	85	457539	0.983244628424995	6.337855794111477e-5	0.016755371575004927	0.9999366214420589
dataset_name-Samusik_seed-42	cyanno	num-1	run0	4	CD8 T cells	CD8 T cells	10948	45	11	451637	0.9989962587827357	9.96276141178971e-5	0.001003741217264349	0.9999003723858821
dataset_name-Samusik_seed-42	cyanno	num-1	run0	5	CLP	CLP	326	5	108	462202	0.7511520737327189	1.081766394710595e-5	0.2488479262672811	0.9999891823360529
dataset_name-Samusik_seed-42	cyanno	num-1	run0	6	CMP	CMP	1833	19	35	460754	0.9812633832976445	4.123505500539311e-5	0.01873661670235546	0.9999587649449946
dataset_name-Samusik_seed-42	cyanno	num-1	run0	7	Classical Monocytes	Classical Monocytes	90326	164	249	371902	0.9972508970466464	4.4078201179360653e-4	0.0027491029533535743	0.99955921798820635
dataset_name-Samusik_seed-42	cyanno	num-1	run0	8	Eosinophils	Eosinophils	47199	145	50	415247	0.9989417765455354	3.4906786842307986e-4	0.0010582234544646448	0.999650932131577
dataset_name-Samusik_seed-42	cyanno	num-1	run0	9	GMP	GMP	5637	67	1	456936	0.9998226321390564	1.4660735268696266e-4	1.77367860943597e-4	0.999853392647313
dataset_name-Samusik_seed-42	cyanno	num-1	run0	10	HSC	HSC	0	0	26	462615	0	0	1	1
dataset_name-Samusik_seed-42	cyanno	num-1	run0	11	IgD- IgMpos B cells	IgD- IgMpos B cells	43620	542	10	418469	0.99977079990832	0.0012935221271040617	2.2920009168003668e-4	0.9987064778728959
dataset_name-Samusik_seed-42	cyanno	num-1	run0	12	IgDpos IgMpos B cells	IgDpos IgMpos B cells	102572	213	0	359856	1	5.915532856202562e-4	0	0.9994084467143798
dataset_name-Samusik_seed-42	cyanno	num-1	run0	13	IgM- IgD- B-cells	IgM- IgD- B-cells	18336	55	81	444169	0.99560188955856	1.2381141045958796e-4	0.004398110441439974	0.9998761885895404
dataset_name-Samusik_seed-42	cyanno	num-1	run0	14	Intermediate Monocytes	Intermediate Monocytes	75541	404	154	386542	0.9979655195191228	0.0010440733332299596	0.0020344804808772048	0.99895592666677
dataset_name-Samusik_seed-42	cyanno	num-1	run0	15	MEP	MEP	4970	47	4	457620	0.9991958182549256	1.0269475404606406e-4	8.041817450743868e-4	0.9998973052459539
dataset_name-Samusik_seed-42	cyanno	num-1	run0	16	MPP	MPP	1099	103	22	461417	0.9803746654772525	2.2317559369041428e-4	0.019625334522747548	0.99977682440630955
dataset_name-Samusik_seed-42	cyanno	num-1	run0	17	Macrophages	Macrophages	2521	136	116	459868	0.9560106181266591	2.9564960304693003e-4	0.043989381873340914	0.999704350396953
dataset_name-Samusik_seed-42	cyanno	num-1	run0	18	NK cells	NK cells	2953	32	125	459531	0.9593892137751787	6.963136719013497e-5	0.04061078622482131	0.9999303686328098
dataset_name-Samusik_seed-42	cyanno	num-1	run0	19	NKT cells	NKT cells	7599	151	41	454850	0.9946335078534031	3.318674024892253e-4	0.005366492146596858	0.9996681325975108
dataset_name-Samusik_seed-42	cyanno	num-1	run0	20	Non-Classical Monocytes	Non-Classical Monocytes	7057	43	20	455521	0.9971739437614808	9.438849426205758e-5	0.0028260562385191467	0.999905611505738
dataset_name-Samusik_seed-42	cyanno	num-1	run0	21	Plasma Cells	Plasma Cells	1037	1	538	461065	0.6584126984126984	2.1688868838734583e-6	0.3415873015873016	0.9999978311131161
dataset_name-Samusik_seed-42	cyanno	num-1	run0	22	gd T cells	gd T cells	312	0	37	462292	0.8939828080229226	0	0.10601719197707736	1
dataset_name-Samusik_seed-42	cyanno	num-1	run0	23	mDCs	mDCs	929	25	51	461636	0.9479591836734694	5.415228923387507e-5	0.05204081632653061	0.9999458477107661
dataset_name-Samusik_seed-42	cyanno	num-1	run0	24	pDCs	pDCs	23584	9	32	439016	0.9986449864498645	2.0499971527817323e-5	0.0013550135501355014	0.9999795000284721
dataset_name-Samusik_seed-42	cyanno	num-2	run0	1	B-cell Frac A-C (pro-B cells)	B-cell Frac A-C (pro-B cells)	3238	101	526	459395	0.8602550478214666	2.1980604836603583e-4	0.13974495217853347	0.999780193951634
dataset_name-Samusik_seed-42	cyanno	num-2	run0	2	Basophils	Basophils	3451	47	50	459712	0.9857183661810911	1.0222747134911986e-4	0.014281633818908884	0.9998977725286509
dataset_name-Samusik_seed-42	cyanno	num-2	run0	3	CD4 T cells	CD4 T cells	4826	18	98	458318	0.9800974817221771	3.927249877818893e-5	0.019902518277822908	0.9999607275012218
dataset_name-Samusik_seed-42	cyanno	num-2	run0	4	CD8 T cells	CD8 T cells	10876	43	8	452333	0.9992649761117236	9.505367216651635e-5	7.35023888276369e-4	0.9999049463278334
dataset_name-Samusik_seed-42	cyanno	num-2	run0	5	CLP	CLP	333	3	113	462811	0.7466367713004485	6.482085675887073e-6	0.2533632286995516	0.9999935179143241
dataset_name-Samusik_seed-42	cyanno	num-2	run0	6	CMP	CMP	1781	28	31	461420	0.9828918322295805	6.067855966436088e-5	0.017108167770419427	0.9999393214403356
dataset_name-Samusik_seed-42	cyanno	num-2	run0	7	Classical Monocytes	Classical Monocytes	89682	276	44	373258	0.9995096181708758	7.388885616838092e-4	4.903818291242226e-4	0.9992611114383162
dataset_name-Samusik_seed-42	cyanno	num-2	run0	8	Eosinophils	Eosinophils	45644	28	88	417500	0.9980757456485612	6.706137073441782e-5	0.0019242543514388175	0.9999329386292656
dataset_name-Samusik_seed-42	cyanno	num-2	run0	9	GMP	GMP	5301	71	5	457883	0.9990576705616283	1.5503740550360955e-4	9.423294383716547e-4	0.9998449625944964
dataset_name-Samusik_seed-42	cyanno	num-2	run0	10	HSC	HSC	0	0	26	463234	0	0	1	1
dataset_name-Samusik_seed-42	cyanno	num-2	run0	11	IgD- IgMpos B cells	IgD- IgMpos B cells	44640	342	7	418271	0.9998432145496898	8.169837057138694e-4	1.567854503102112e-4	0.9991830162942862
dataset_name-Samusik_seed-42	cyanno	num-2	run0	12	IgDpos IgMpos B cells	IgDpos IgMpos B cells	105437	148	0	357675	1	4.136123167040688e-4	0	0.9995863876832959
dataset_name-Samusik_seed-42	cyanno	num-2	run0	13	IgM- IgD- B-cells	IgM- IgD- B-cells	19063	66	93	444038	0.995145124243057	1.4861383820006125e-4	0.004854875756942994	0.9998513861617999
dataset_name-Samusik_seed-42	cyanno	num-2	run0	14	Intermediate Monocytes	Intermediate Monocytes	75229	225	142	387664	0.9981159862546602	5.800628530326975e-4	0.0018840137453397196	0.9994199371469673
dataset_name-Samusik_seed-42	cyanno	num-2	run0	15	MEP	MEP	4785	54	2	458419	0.9995822017965322	1.1778229034207031e-4	4.177982034677251e-4	0.9998822177096579
dataset_name-Samusik_seed-42	cyanno	num-2	run0	16	MPP	MPP	1081	79	19	462081	0.9827272727272728	1.7093647221741388e-4	0.017272727272727273	0.9998290635277826
dataset_name-Samusik_seed-42	cyanno	num-2	run0	17	Macrophages	Macrophages	2473	160	121	460506	0.9533538936006168	3.4732322333317413e-4	0.04664610639938319	0.9996526767766668
dataset_name-Samusik_seed-42	cyanno	num-2	run0	18	NK cells	NK cells	2849	22	63	460326	0.9783653846153846	4.778993283342167e-5	0.021634615384615384	0.9999522100671666
dataset_name-Samusik_seed-42	cyanno	num-2	run0	19	NKT cells	NKT cells	7513	109	41	455597	0.9945724119671697	2.3918930187445415e-4	0.0054275880328302885	0.9997608106981255
dataset_name-Samusik_seed-42	cyanno	num-2	run0	20	Non-Classical Monocytes	Non-Classical Monocytes	7075	56	14	456115	0.9980251093243052	1.2276098217554383e-4	0.0019748906756947384	0.9998772390178244
dataset_name-Samusik_seed-42	cyanno	num-2	run0	21	Plasma Cells	Plasma Cells	1250	3	295	461712	0.8090614886731392	6.49751470062701e-6	0.19093851132686085	0.9999935024852994
dataset_name-Samusik_seed-42	cyanno	num-2	run0	22	gd T cells	gd T cells	308	0	39	462913	0.8876080691642652	0	0.11239193083573487	1
dataset_name-Samusik_seed-42	cyanno	num-2	run0	23	mDCs	mDCs	925	10	64	462261	0.9352881698685541	2.1632332549521817e-5	0.06471183013144591	0.9999783676674505
dataset_name-Samusik_seed-42	cyanno	num-2	run0	24	pDCs	pDCs	23599	12	12	439637	0.9994917623141756	2.729450084044317e-5	5.082376858244039e-4	0.9999727054991595
dataset_name-Samusik_seed-42	cyanno	num-3	run0	1	B-cell Frac A-C (pro-B cells)	B-cell Frac A-C (pro-B cells)	3177	72	720	455569	0.815242494226328	1.5801914226331695e-4	0.18475750577367206	0.9998419808577367
dataset_name-Samusik_seed-42	cyanno	num-3	run0	2	Basophils	Basophils	3629	39	70	455800	0.9810759664774263	8.555652324614612e-5	0.018924033522573668	0.9999144434767538
dataset_name-Samusik_seed-42	cyanno	num-3	run0	3	CD4 T cells	CD4 T cells	4971	24	96	454447	0.9810538780343399	5.280865005687932e-5	0.018946121965660152	0.9999471913499431
dataset_name-Samusik_seed-42	cyanno	num-3	run0	4	CD8 T cells	CD8 T cells	11148	72	8	448310	0.9992828970957333	1.605773648362334e-4	7.171029042667623e-4	0.9998394226351638
dataset_name-Samusik_seed-42	cyanno	num-3	run0	5	CLP	CLP	315	5	113	459105	0.735981308411215	1.0890636230968613e-5	0.26401869158878505	0.9999891093637691
dataset_name-Samusik_seed-42	cyanno	num-3	run0	6	CMP	CMP	1835	45	7	457651	0.996199782844734	9.831853457316647e-5	0.003800217155266015	0.9999016814654268
dataset_name-Samusik_seed-42	cyanno	num-3	run0	7	Classical Monocytes	Classical Monocytes	87509	208	85	371736	0.9990296139004955	5.592239691996645e-4	9.703860995045323e-4	0.9994407760308003
dataset_name-Samusik_seed-42	cyanno	num-3	run0	8	Eosinophils	Eosinophils	48745	37	100	410656	0.9979527075442727	9.009162561816247e-5	0.0020472924557273006	0.9999099083743819
dataset_name-Samusik_seed-42	cyanno	num-3	run0	9	GMP	GMP	5469	82	0	453987	1	1.8058929369765389e-4	0	0.9998194107063023
dataset_name-Samusik_seed-42	cyanno	num-3	run0	10	HSC	HSC	0	0	28	459510	0	0	1	1
dataset_name-Samusik_seed-42	cyanno	num-3	run0	11	IgD- IgMpos B cells	IgD- IgMpos B cells	45403	135	18	413982	0.9996037075361617	3.259948275487362e-4	3.9629246383831267e-4	0.9996740051724513
dataset_name-Samusik_seed-42	cyanno	num-3	run0	12	IgDpos IgMpos B cells	IgDpos IgMpos B cells	99973	152	0	359413	1	4.227330246269798e-4	0	0.999577266975373
dataset_name-Samusik_seed-42	cyanno	num-3	run0	13	IgM- IgD- B-cells	IgM- IgD- B-cells	19439	83	91	439925	0.9953405017921146	1.8863293394665552e-4	0.004659498207885305	0.9998113670660533
dataset_name-Samusik_seed-42	cyanno	num-3	run0	14	Intermediate Monocytes	Intermediate Monocytes	73677	325	78	385458	0.9989424445800285	8.42442513018977e-4	0.0010575554199715273	0.999157557486981
dataset_name-Samusik_seed-42	cyanno	num-3	run0	15	MEP	MEP	4979	53	0	454506	1	1.1659652542354238e-4	0	0.9998834034745765
dataset_name-Samusik_seed-42	cyanno	num-3	run0	16	MPP	MPP	1096	115	24	458303	0.9785714285714285	2.5086274971750674e-4	0.02142857142857143	0.9997491372502825
dataset_name-Samusik_seed-42	cyanno	num-3	run0	17	Macrophages	Macrophages	2496	177	211	456654	0.9220539342445512	3.874518147848986e-4	0.07794606575544884	0.999612548185215
dataset_name-Samusik_seed-42	cyanno	num-3	run0	18	NK cells	NK cells	2920	40	132	456446	0.9567496723460026	8.76259074758043e-5	0.04325032765399738	0.9999123740925242
dataset_name-Samusik_seed-42	cyanno	num-3	run0	19	NKT cells	NKT cells	7620	150	52	451716	0.9932221063607924	3.319568190569771e-4	0.006777893639207508	0.999668043180943
dataset_name-Samusik_seed-42	cyanno	num-3	run0	20	Non-Classical Monocytes	Non-Classical Monocytes	6933	78	9	452518	0.9987035436473639	1.723391280523911e-4	0.0012964563526361278	0.9998276608719476
dataset_name-Samusik_seed-42	cyanno	num-3	run0	21	Plasma Cells	Plasma Cells	1239	9	14	458276	0.9888268156424581	1.9638434598557666e-5	0.0111731843575419	0.9999803615654015
dataset_name-Samusik_seed-42	cyanno	num-3	run0	22	gd T cells	gd T cells	304	1	51	459182	0.856338028169014	2.1777809718565365e-6	0.14366197183098592	0.9999978222190281
dataset_name-Samusik_seed-42	cyanno	num-3	run0	23	mDCs	mDCs	936	63	36	458503	0.9629629629629629	1.3738480393225838e-4	0.037037037037037035	0.9998626151960678
dataset_name-Samusik_seed-42	cyanno	num-3	run0	24	pDCs	pDCs	23752	8	30	435748	0.9987385417542679	1.83588980989361e-5	0.0012614582457320662	0.999981641101901
dataset_name-Samusik_seed-42	cyanno	num-4	run0	1	B-cell Frac A-C (pro-B cells)	B-cell Frac A-C (pro-B cells)	3116	77	645	458094	0.8285030576974209	1.6805952362764122e-4	0.17149694230257911	0.9998319404763724
dataset_name-Samusik_seed-42	cyanno	num-4	run0	2	Basophils	Basophils	3585	57	32	458258	0.991152889134642	1.243686111080807e-4	0.008847110865358032	0.9998756313888919
dataset_name-Samusik_seed-42	cyanno	num-4	run0	3	CD4 T cells	CD4 T cells	5025	18	87	456802	0.982981220657277	3.9402828247449764e-5	0.017018779342723004	0.9999605971717526
dataset_name-Samusik_seed-42	cyanno	num-4	run0	4	CD8 T cells	CD8 T cells	11227	47	7	450651	0.9993768915791348	1.0428269040466122e-4	6.231084208652305e-4	0.9998957173095954
dataset_name-Samusik_seed-42	cyanno	num-4	run0	5	CLP	CLP	313	2	121	461496	0.7211981566820277	4.333713255528735e-6	0.27880184331797236	0.9999956662867445
dataset_name-Samusik_seed-42	cyanno	num-4	run0	6	CMP	CMP	1812	26	23	460071	0.987465940054496	5.650982292864331e-5	0.012534059945504087	0.9999434901770714
dataset_name-Samusik_seed-42	cyanno	num-4	run0	7	Classical Monocytes	Classical Monocytes	88129	335	75	373393	0.9991496984263752	8.963738333761452e-4	8.503015736247789e-4	0.9991036261666238
dataset_name-Samusik_seed-42	cyanno	num-4	run0	8	Eosinophils	Eosinophils	48499	14	85	413334	0.998250452823975	3.386976591153217e-5	0.001749547176025029	0.9999661302340884
dataset_name-Samusik_seed-42	cyanno	num-4	run0	9	GMP	GMP	5418	78	0	456436	1	1.7086003934161932e-4	0	0.9998291399606584
dataset_name-Samusik_seed-42	cyanno	num-4	run0	10	HSC	HSC	0	0	24	461908	0	0	1	1
dataset_name-Samusik_seed-42	cyanno	num-4	run0	11	IgD- IgMpos B cells	IgD- IgMpos B cells	43975	240	25	417692	0.9994318181818181	5.74256099078319e-4	5.681818181818182e-4	0.9994257439009216
dataset_name-Samusik_seed-42	cyanno	num-4	run0	12	IgDpos IgMpos B cells	IgDpos IgMpos B cells	102734	145	1	359052	0.9999902662189127	4.0367820443934667e-4	9.733781087263348e-6	0.9995963217955607
dataset_name-Samusik_seed-42	cyanno	num-4	run0	13	IgM- IgD- B-cells	IgM- IgD- B-cells	18652	76	96	443108	0.9948794538084063	1.7148633524675981e-4	0.00512054619159377	0.9998285136647532
dataset_name-Samusik_seed-42	cyanno	num-4	run0	14	Intermediate Monocytes	Intermediate Monocytes	75246	338	203	386145	0.9973094408143249	8.745533438728224e-4	0.002690559185675092	0.9991254466561271
dataset_name-Samusik_seed-42	cyanno	num-4	run0	15	MEP	MEP	4883	56	2	456991	0.9995905834186285	1.225256921060635e-4	4.0941658137154553e-4	0.999877474307894
dataset_name-Samusik_seed-42	cyanno	num-4	run0	16	MPP	MPP	1103	82	22	460725	0.9804444444444445	1.779486856753478e-4	0.019555555555555555	0.9998220513143247
dataset_name-Samusik_seed-42	cyanno	num-4	run0	17	Macrophages	Macrophages	2475	159	175	459123	0.9339622641509434	3.4619253530510666e-4	0.0660377358490566	0.9996538074646949
dataset_name-Samusik_seed-42	cyanno	num-4	run0	18	NK cells	NK cells	2733	30	58	459111	0.9792189179505554	6.533940554208837e-5	0.020781082049444642	0.9999346605944579
dataset_name-Samusik_seed-42	cyanno	num-4	run0	19	NKT cells	NKT cells	7531	135	40	454226	0.9947166820763439	2.97120571527926e-4	0.005283317923656056	0.999702879428472
dataset_name-Samusik_seed-42	cyanno	num-4	run0	20	Non-Classical Monocytes	Non-Classical Monocytes	7118	64	19	454731	0.9973378170099482	1.4072274321397552e-4	0.0026621829900518425	0.999859277256786
dataset_name-Samusik_seed-42	cyanno	num-4	run0	21	Plasma Cells	Plasma Cells	1341	8	157	460426	0.8951935914552737	1.7374911496544563e-5	0.1048064085447263	0.9999826250885034
dataset_name-Samusik_seed-42	cyanno	num-4	run0	22	gd T cells	gd T cells	284	0	77	461571	0.7867036011080333	0	0.21329639889196675	1
dataset_name-Samusik_seed-42	cyanno	num-4	run0	23	mDCs	mDCs	919	23	36	460954	0.962303664921466	4.9894029420122914e-5	0.03769633507853403	0.9999501059705799
dataset_name-Samusik_seed-42	cyanno	num-4	run0	24	pDCs	pDCs	23790	14	14	438114	0.9994118635523441	3.1954132125771464e-5	5.881364476558561e-4	0.9999680458678742
dataset_name-Samusik_seed-42	cyanno	num-5	run0	1	B-cell Frac A-C (pro-B cells)	B-cell Frac A-C (pro-B cells)	3308	108	511	464620	0.8661953390940037	2.323940025132981e-4	0.13380466090599633	0.9997676059974867
dataset_name-Samusik_seed-42	cyanno	num-5	run0	2	Basophils	Basophils	3590	32	45	464880	0.9876203576341128	6.883023023712014e-5	0.012379642365887207	0.9999311697697629
dataset_name-Samusik_seed-42	cyanno	num-5	run0	3	CD4 T cells	CD4 T cells	5144	23	79	463301	0.9848745931457017	4.964128773817027e-5	0.015125406854298296	0.9999503587122618
dataset_name-Samusik_seed-42	cyanno	num-5	run0	4	CD8 T cells	CD8 T cells	11531	47	7	456962	0.999393309065696	1.0284261360279557e-4	6.066909343040389e-4	0.9998971573863972
dataset_name-Samusik_seed-42	cyanno	num-5	run0	5	CLP	CLP	347	6	94	468100	0.7868480725623582	1.2817609686694894e-5	0.21315192743764172	0.9999871823903133
dataset_name-Samusik_seed-42	cyanno	num-5	run0	6	CMP	CMP	1818	25	27	466677	0.9853658536585366	5.3567372756062755e-5	0.014634146341463415	0.9999464326272439
dataset_name-Samusik_seed-42	cyanno	num-5	run0	7	Classical Monocytes	Classical Monocytes	89151	190	113	379093	0.9987340921312063	5.009452045042883e-4	0.0012659078687936906	0.9994990547954957
dataset_name-Samusik_seed-42	cyanno	num-5	run0	8	Eosinophils	Eosinophils	48607	34	84	419822	0.9982748351851471	8.098014557372052e-5	0.0017251648148528475	0.9999190198544263
dataset_name-Samusik_seed-42	cyanno	num-5	run0	9	GMP	GMP	5405	69	2	463071	0.9996301091178103	1.4898302888975256e-4	3.69890882189754e-4	0.9998510169711102
dataset_name-Samusik_seed-42	cyanno	num-5	run0	10	HSC	HSC	0	0	27	468520	0	0	1	1
dataset_name-Samusik_seed-42	cyanno	num-5	run0	11	IgD- IgMpos B cells	IgD- IgMpos B cells	45848	555	21	422123	0.9995421744533345	0.0013130562745162985	4.578255466655039e-4	0.9986869437254837
dataset_name-Samusik_seed-42	cyanno	num-5	run0	12	IgDpos IgMpos B cells	IgDpos IgMpos B cells	106101	208	0	362238	1	5.738785915695028e-4	0	0.9994261214084305
dataset_name-Samusik_seed-42	cyanno	num-5	run0	13	IgM- IgD- B-cells	IgM- IgD- B-cells	18806	46	64	449631	0.9966083730789613	1.0229564776495129e-4	0.003391626921038686	0.999897704352235
dataset_name-Samusik_seed-42	cyanno	num-5	run0	14	Intermediate Monocytes	Intermediate Monocytes	74152	211	78	394106	0.9989492119089317	5.35102468318637e-4	0.0010507880910683013	0.9994648975316813
dataset_name-Samusik_seed-42	cyanno	num-5	run0	15	MEP	MEP	4885	37	0	463625	1	7.979950912518171e-5	0	0.9999202004908748
dataset_name-Samusik_seed-42	cyanno	num-5	run0	16	MPP	MPP	1110	49	27	467361	0.9762532981530343	1.0483301598168632e-4	0.023746701846965697	0.9998951669840184
dataset_name-Samusik_seed-42	cyanno	num-5	run0	17	Macrophages	Macrophages	2440	131	99	465877	0.9610082709728239	2.8111105388748693e-4	0.038991729027176056	0.9997188889461125
dataset_name-Samusik_seed-42	cyanno	num-5	run0	18	NK cells	NK cells	2877	21	39	465610	0.9866255144032922	4.5100089985417635e-5	0.013374485596707819	0.9999548999100146
dataset_name-Samusik_seed-42	cyanno	num-5	run0	19	NKT cells	NKT cells	7667	46	30	460804	0.9961023775496947	9.981555820765976e-5	0.0038976224503053138	0.9999001844417923
dataset_name-Samusik_seed-42	cyanno	num-5	run0	20	Non-Classical Monocytes	Non-Classical Monocytes	7443	67	10	461027	0.9986582584194285	1.4530659691950015e-4	0.001341741580571582	0.9998546934030805
dataset_name-Samusik_seed-42	cyanno	num-5	run0	21	Plasma Cells	Plasma Cells	1126	2	439	466980	0.7194888178913738	4.282820322838996e-6	0.2805111821086262	0.9999957171796772
dataset_name-Samusik_seed-42	cyanno	num-5	run0	22	gd T cells	gd T cells	313	0	33	468201	0.9046242774566474	0	0.0953757225433526	1
dataset_name-Samusik_seed-42	cyanno	num-5	run0	23	mDCs	mDCs	930	10	59	467548	0.9403437815975733	2.1387720881687406e-5	0.05965621840242669	0.9999786122791183
dataset_name-Samusik_seed-42	cyanno	num-5	run0	24	pDCs	pDCs	24016	15	44	444472	0.998171238570241	3.374676874689248e-5	0.001828761429758936	0.9999662532312531
dataset_name-Samusik_seed-42	cygate	num-1	run0	1	B-cell Frac A-C (pro-B cells)	B-cell Frac A-C (pro-B cells)	3044	38	751	458808	0.8021080368906456	8.281645693762177e-5	0.19789196310935442	0.9999171835430624
dataset_name-Samusik_seed-42	cygate	num-1	run0	2	Basophils	Basophils	3418	96	245	458882	0.9331149331149331	2.091603519122921e-4	0.06688506688506689	0.9997908396480877
dataset_name-Samusik_seed-42	cygate	num-1	run0	3	CD4 T cells	CD4 T cells	4910	478	163	457090	0.9678691109796964	0.0010446534722707882	0.03213088902030357	0.9989553465277292
dataset_name-Samusik_seed-42	cygate	num-1	run0	4	CD8 T cells	CD8 T cells	10816	61	143	451621	0.9869513641755635	1.3505076580426053e-4	0.013048635824436536	0.9998649492341958
dataset_name-Samusik_seed-42	cygate	num-1	run0	5	CLP	CLP	368	80	66	462127	0.847926267281106	1.730826231536952e-4	0.15207373271889402	0.9998269173768463
dataset_name-Samusik_seed-42	cygate	num-1	run0	6	CMP	CMP	1857	27	11	460746	0.9941113490364025	5.8597183428716526e-5	0.005888650963597431	0.9999414028165713
dataset_name-Samusik_seed-42	cygate	num-1	run0	7	Classical Monocytes	Classical Monocytes	88117	489	2458	371577	0.9728622688379795	0.0013142829497992292	0.027137731162020427	0.9986857170502008
dataset_name-Samusik_seed-42	cygate	num-1	run0	8	Eosinophils	Eosinophils	45865	8	1384	415384	0.9707083747804186	1.9258916878514753e-5	0.029291625219581365	0.9999807410831215
dataset_name-Samusik_seed-42	cygate	num-1	run0	9	GMP	GMP	5583	126	55	456877	0.9902447676481022	2.7570934982921335e-4	0.009755232351897836	0.9997242906501708
dataset_name-Samusik_seed-42	cygate	num-1	run0	10	HSC	HSC	7	9	19	462606	0.2692307692307692	1.9454622093965826e-5	0.7307692307692307	0.999980545377906
dataset_name-Samusik_seed-42	cygate	num-1	run0	11	IgD- IgMpos B cells	IgD- IgMpos B cells	42931	321	699	418690	0.9839789135915654	7.660896730634757e-4	0.016021086408434564	0.9992339103269365
dataset_name-Samusik_seed-42	cygate	num-1	run0	12	IgDpos IgMpos B cells	IgDpos IgMpos B cells	102550	409	22	359660	0.9997855165152283	0.0011358933982097876	2.1448348477167258e-4	0.9988641066017903
dataset_name-Samusik_seed-42	cygate	num-1	run0	13	IgM- IgD- B-cells	IgM- IgD- B-cells	18031	235	386	443989	0.9790411033284465	5.290123901455122e-4	0.020958896671553456	0.9994709876098545
dataset_name-Samusik_seed-42	cygate	num-1	run0	14	Intermediate Monocytes	Intermediate Monocytes	74278	1999	1417	384947	0.9812801373934871	0.005166095527541311	0.01871986260651298	0.9948339044724587
dataset_name-Samusik_seed-42	cygate	num-1	run0	15	MEP	MEP	4913	120	61	457547	0.9877362283876157	2.62199372032504e-4	0.012263771612384398	0.9997378006279675
dataset_name-Samusik_seed-42	cygate	num-1	run0	16	MPP	MPP	1055	82	66	461438	0.9411239964317574	1.7767377361761137e-4	0.058876003568242644	0.9998223262263823
dataset_name-Samusik_seed-42	cygate	num-1	run0	17	Macrophages	Macrophages	2105	203	532	459801	0.7982555934774365	4.413005104303441e-4	0.2017444065225635	0.9995586994895697
dataset_name-Samusik_seed-42	cygate	num-1	run0	18	NK cells	NK cells	2870	133	208	459430	0.9324236517218973	2.894053698839985e-4	0.06757634827810266	0.999710594630116
dataset_name-Samusik_seed-42	cygate	num-1	run0	19	NKT cells	NKT cells	7196	126	444	454875	0.9418848167539267	2.769224683022675e-4	0.0581151832460733	0.9997230775316978
dataset_name-Samusik_seed-42	cygate	num-1	run0	20	Non-Classical Monocytes	Non-Classical Monocytes	7044	135	33	455429	0.9953370072064434	2.9633597035762265e-4	0.0046629927935565915	0.9997036640296424
dataset_name-Samusik_seed-42	cygate	num-1	run0	21	Plasma Cells	Plasma Cells	1555	17	20	461049	0.9873015873015873	3.687107702584879e-5	0.012698412698412698	0.9999631289229741
dataset_name-Samusik_seed-42	cygate	num-1	run0	22	gd T cells	gd T cells	319	5	30	462287	0.9140401146131805	1.0815674941379042e-5	0.08595988538681948	0.9999891843250586
dataset_name-Samusik_seed-42	cygate	num-1	run0	23	mDCs	mDCs	915	47	65	461614	0.9336734693877551	1.0180630375968514e-4	0.0663265306122449	0.9998981936962403
dataset_name-Samusik_seed-42	cygate	num-1	run0	24	pDCs	pDCs	22893	6	723	439019	0.969385162601626	1.3666647685211549e-5	0.030614837398373982	0.9999863333523148
dataset_name-Samusik_seed-42	cygate	num-2	run0	1	B-cell Frac A-C (pro-B cells)	B-cell Frac A-C (pro-B cells)	3101	19	663	459477	0.8238575982996812	4.1349652662917634e-5	0.1761424017003188	0.9999586503473371
dataset_name-Samusik_seed-42	cygate	num-2	run0	2	Basophils	Basophils	3319	88	182	459671	0.9480148528991716	1.9140462720686273e-4	0.051985147100828334	0.9998085953727931
dataset_name-Samusik_seed-42	cygate	num-2	run0	3	CD4 T cells	CD4 T cells	4738	397	186	457939	0.962225832656377	8.661767786078336e-4	0.03777416734362307	0.9991338232213922
dataset_name-Samusik_seed-42	cygate	num-2	run0	4	CD8 T cells	CD8 T cells	10418	54	466	452322	0.9571848585079015	1.1936972783702053e-4	0.042815141492098495	0.999880630272163
dataset_name-Samusik_seed-42	cygate	num-2	run0	5	CLP	CLP	366	105	80	462709	0.820627802690583	2.2687299865604757e-4	0.17937219730941703	0.9997731270013439
dataset_name-Samusik_seed-42	cygate	num-2	run0	6	CMP	CMP	1612	64	200	461384	0.8896247240618101	1.386938506613963e-4	0.11037527593818984	0.9998613061493387
dataset_name-Samusik_seed-42	cygate	num-2	run0	7	Classical Monocytes	Classical Monocytes	84338	517	5388	373017	0.9399505160154248	0.001384077486922208	0.06004948398457526	0.9986159225130778
dataset_name-Samusik_seed-42	cygate	num-2	run0	8	Eosinophils	Eosinophils	44129	16	1603	417512	0.9649479576664043	3.832078327681018e-5	0.03505204233359573	0.9999616792167232
dataset_name-Samusik_seed-42	cygate	num-2	run0	9	GMP	GMP	5028	59	278	457895	0.947606483226536	1.2883390034806988e-4	0.052393516773464	0.9998711660996519
dataset_name-Samusik_seed-42	cygate	num-2	run0	10	HSC	HSC	10	10	16	463224	0.38461538461538464	2.1587361894852276e-5	0.6153846153846154	0.9999784126381052
dataset_name-Samusik_seed-42	cygate	num-2	run0	11	IgD- IgMpos B cells	IgD- IgMpos B cells	43985	359	662	418254	0.9851725759849486	8.575940068750851e-4	0.014827424015051403	0.9991424059931249
dataset_name-Samusik_seed-42	cygate	num-2	run0	12	IgDpos IgMpos B cells	IgDpos IgMpos B cells	105415	388	22	357435	0.9997913445944023	0.0010843349924403965	2.0865540559765548e-4	0.9989156650075596
dataset_name-Samusik_seed-42	cygate	num-2	run0	13	IgM- IgD- B-cells	IgM- IgD- B-cells	18844	188	312	443916	0.9837126748799332	4.2332426638805326e-4	0.01628732512006682	0.999576675733612
dataset_name-Samusik_seed-42	cygate	num-2	run0	14	Intermediate Monocytes	Intermediate Monocytes	69922	1429	5449	386460	0.9277042894481963	0.0036840436310387765	0.07229571055180374	0.9963159563689612
dataset_name-Samusik_seed-42	cygate	num-2	run0	15	MEP	MEP	4779	76	8	458397	0.9983288071861292	1.6576766788883968e-4	0.0016711928138709003	0.9998342323321111
dataset_name-Samusik_seed-42	cygate	num-2	run0	16	MPP	MPP	1024	90	76	462070	0.9309090909090909	1.947377531590791e-4	0.06909090909090909	0.999805262246841
dataset_name-Samusik_seed-42	cygate	num-2	run0	17	Macrophages	Macrophages	2062	233	532	460433	0.79491133384734	5.057894439789349e-4	0.20508866615265997	0.9994942105560211
dataset_name-Samusik_seed-42	cygate	num-2	run0	18	NK cells	NK cells	2784	105	128	460243	0.9560439560439561	2.2808831579587617e-4	0.04395604395604396	0.9997719116842041
dataset_name-Samusik_seed-42	cygate	num-2	run0	19	NKT cells	NKT cells	7182	40	372	455666	0.9507545671167593	8.777589059612996e-5	0.04924543288324067	0.9999122241094038
dataset_name-Samusik_seed-42	cygate	num-2	run0	20	Non-Classical Monocytes	Non-Classical Monocytes	7069	108	20	456063	0.9971787276061503	2.3675332276712022e-4	0.002821272393849626	0.9997632466772329
dataset_name-Samusik_seed-42	cygate	num-2	run0	21	Plasma Cells	Plasma Cells	1485	3	60	461712	0.9611650485436893	6.49751470062701e-6	0.038834951456310676	0.9999935024852994
dataset_name-Samusik_seed-42	cygate	num-2	run0	22	gd T cells	gd T cells	316	2	31	462911	0.9106628242074928	4.3204662647192885e-6	0.0893371757925072	0.9999956795337352
dataset_name-Samusik_seed-42	cygate	num-2	run0	23	mDCs	mDCs	928	41	61	462230	0.9383215369059656	8.869256345303945e-5	0.06167846309403438	0.999911307436547
dataset_name-Samusik_seed-42	cygate	num-2	run0	24	pDCs	pDCs	23043	3	568	439646	0.9759434162043116	6.823625210110793e-6	0.02405658379568845	0.9999931763747899
dataset_name-Samusik_seed-42	cygate	num-3	run0	1	B-cell Frac A-C (pro-B cells)	B-cell Frac A-C (pro-B cells)	3225	33	672	455608	0.827559661277906	7.242544020402027e-5	0.1724403387220939	0.999927574559796
dataset_name-Samusik_seed-42	cygate	num-3	run0	2	Basophils	Basophils	3544	87	155	455752	0.9580967829143011	1.908568595490952e-4	0.041903217085698836	0.9998091431404509
dataset_name-Samusik_seed-42	cygate	num-3	run0	3	CD4 T cells	CD4 T cells	4947	61	120	454410	0.9763173475429248	1.3422198556123493e-4	0.023682652457075192	0.9998657780144388
dataset_name-Samusik_seed-42	cygate	num-3	run0	4	CD8 T cells	CD8 T cells	10942	71	214	448311	0.9808174973108641	1.5834712365795237e-4	0.01918250268913589	0.9998416528763421
dataset_name-Samusik_seed-42	cygate	num-3	run0	5	CLP	CLP	208	54	220	459056	0.48598130841121495	1.1761887129446102e-4	0.514018691588785	0.9998823811287055
dataset_name-Samusik_seed-42	cygate	num-3	run0	6	CMP	CMP	1841	44	1	457652	0.999457111834962	9.613367824931833e-5	5.428881650380022e-4	0.9999038663217507
dataset_name-Samusik_seed-42	cygate	num-3	run0	7	Classical Monocytes	Classical Monocytes	85046	738	2548	371206	0.97091124962897	0.0019841696599488096	0.029088750371029978	0.9980158303400511
dataset_name-Samusik_seed-42	cygate	num-3	run0	8	Eosinophils	Eosinophils	48109	6	736	410687	0.984931927525847	1.4609452802945265e-5	0.015068072474152932	0.999985390547197
dataset_name-Samusik_seed-42	cygate	num-3	run0	9	GMP	GMP	5469	124	0	453945	1	2.730862490062083e-4	0	0.9997269137509938
dataset_name-Samusik_seed-42	cygate	num-3	run0	10	HSC	HSC	0	8	28	459502	0	1.7409849622423887e-5	1	0.9999825901503776
dataset_name-Samusik_seed-42	cygate	num-3	run0	11	IgD- IgMpos B cells	IgD- IgMpos B cells	44638	240	783	413877	0.9827612778230334	5.795463600866422e-4	0.017238722176966603	0.9994204536399134
dataset_name-Samusik_seed-42	cygate	num-3	run0	12	IgDpos IgMpos B cells	IgDpos IgMpos B cells	99961	379	12	359186	0.9998799675912496	0.0010540514232475352	1.200324087503626e-4	0.9989459485767525
dataset_name-Samusik_seed-42	cygate	num-3	run0	13	IgM- IgD- B-cells	IgM- IgD- B-cells	19128	218	402	439790	0.9794162826420891	4.954455373538663e-4	0.020583717357910907	0.9995045544626462
dataset_name-Samusik_seed-42	cygate	num-3	run0	14	Intermediate Monocytes	Intermediate Monocytes	70861	762	2894	385021	0.9607619822384923	0.0019752036766783397	0.0392380177615077	0.9980247963233216
dataset_name-Samusik_seed-42	cygate	num-3	run0	15	MEP	MEP	4866	111	113	454448	0.9773046796545491	2.441927230568529e-4	0.022695320345450895	0.9997558072769431
dataset_name-Samusik_seed-42	cygate	num-3	run0	16	MPP	MPP	1025	98	95	458320	0.9151785714285714	2.1377869106361443e-4	0.08482142857142858	0.9997862213089364
dataset_name-Samusik_seed-42	cygate	num-3	run0	17	Macrophages	Macrophages	2474	204	233	456627	0.9139268562984854	4.465546339893746e-4	0.08607314370151459	0.9995534453660107
dataset_name-Samusik_seed-42	cygate	num-3	run0	18	NK cells	NK cells	2865	101	187	456385	0.9387287024901704	2.2125541637640586e-4	0.06127129750982962	0.9997787445836236
dataset_name-Samusik_seed-42	cygate	num-3	run0	19	NKT cells	NKT cells	7636	37	36	451829	0.9953076120959332	8.188268203405434e-5	0.0046923879040667365	0.999918117317966
dataset_name-Samusik_seed-42	cygate	num-3	run0	20	Non-Classical Monocytes	Non-Classical Monocytes	6291	61	651	452535	0.9062229904926534	1.347780360409725e-4	0.09377700950734659	0.999865221963959
dataset_name-Samusik_seed-42	cygate	num-3	run0	21	Plasma Cells	Plasma Cells	1228	10	25	458275	0.9800478850758181	2.1820482887286297e-5	0.019952114924181964	0.9999781795171128
dataset_name-Samusik_seed-42	cygate	num-3	run0	22	gd T cells	gd T cells	261	1	94	459182	0.7352112676056338	2.1777809718565365e-6	0.2647887323943662	0.9999978222190281
dataset_name-Samusik_seed-42	cygate	num-3	run0	23	mDCs	mDCs	933	26	39	458540	0.9598765432098766	5.6698490511725684e-5	0.040123456790123455	0.9999433015094883
dataset_name-Samusik_seed-42	cygate	num-3	run0	24	pDCs	pDCs	23273	2	509	435754	0.978597258430746	4.589724524734025e-6	0.021402741569254057	0.9999954102754752
dataset_name-Samusik_seed-42	cygate	num-4	run0	1	B-cell Frac A-C (pro-B cells)	B-cell Frac A-C (pro-B cells)	3043	28	718	458143	0.8090933262430204	6.111255404641498e-5	0.19090667375697953	0.9999388874459536
dataset_name-Samusik_seed-42	cygate	num-4	run0	2	Basophils	Basophils	3470	87	147	458228	0.9593585844622615	1.8982577484917578e-4	0.04064141553773846	0.9998101742251508
dataset_name-Samusik_seed-42	cygate	num-4	run0	3	CD4 T cells	CD4 T cells	5024	475	88	456345	0.9827856025039123	0.0010397968565299242	0.017214397496087636	0.9989602031434701
dataset_name-Samusik_seed-42	cygate	num-4	run0	4	CD8 T cells	CD8 T cells	11162	63	72	450635	0.9935908848139576	1.397831807551842e-4	0.0064091151860423716	0.9998602168192449
dataset_name-Samusik_seed-42	cygate	num-4	run0	5	CLP	CLP	367	94	67	461404	0.8456221198156681	2.0368452300985053e-4	0.1543778801843318	0.9997963154769901
dataset_name-Samusik_seed-42	cygate	num-4	run0	6	CMP	CMP	1831	28	4	460069	0.9978201634877384	6.085673238469279e-5	0.0021798365122615805	0.9999391432676153
dataset_name-Samusik_seed-42	cygate	num-4	run0	7	Classical Monocytes	Classical Monocytes	85121	808	3083	372920	0.9650469366468641	0.002162000171247538	0.03495306335313591	0.9978379998287524
dataset_name-Samusik_seed-42	cygate	num-4	run0	8	Eosinophils	Eosinophils	46962	9	1622	413339	0.9666145232998518	2.1773420943127824e-5	0.033385476700148194	0.9999782265790569
dataset_name-Samusik_seed-42	cygate	num-4	run0	9	GMP	GMP	5342	107	76	456407	0.9859726836471022	2.3438492576350342e-4	0.014027316352897749	0.9997656150742364
dataset_name-Samusik_seed-42	cygate	num-4	run0	10	HSC	HSC	6	15	18	461893	0.25	3.247399915134616e-5	0.75	0.9999675260008487
dataset_name-Samusik_seed-42	cygate	num-4	run0	11	IgD- IgMpos B cells	IgD- IgMpos B cells	43405	346	595	417586	0.9864772727272727	8.278858761712432e-4	0.013522727272727273	0.9991721141238288
dataset_name-Samusik_seed-42	cygate	num-4	run0	12	IgDpos IgMpos B cells	IgDpos IgMpos B cells	102721	377	14	358820	0.9998637270647783	0.0010495633315423013	1.3627293522168688e-4	0.9989504366684577
dataset_name-Samusik_seed-42	cygate	num-4	run0	13	IgM- IgD- B-cells	IgM- IgD- B-cells	18473	232	275	442952	0.985331768721997	5.234846023322141e-4	0.014668231278002987	0.9994765153976678
dataset_name-Samusik_seed-42	cygate	num-4	run0	14	Intermediate Monocytes	Intermediate Monocytes	70123	1508	5326	384975	0.9294092698379037	0.003901853380355669	0.07059073016209624	0.9960981466196444
dataset_name-Samusik_seed-42	cygate	num-4	run0	15	MEP	MEP	4872	65	13	456982	0.9973387922210849	1.42217321194538e-4	0.0026612077789150462	0.9998577826788054
dataset_name-Samusik_seed-42	cygate	num-4	run0	16	MPP	MPP	1038	80	87	460727	0.9226666666666666	1.736084738296076e-4	0.07733333333333334	0.9998263915261704
dataset_name-Samusik_seed-42	cygate	num-4	run0	17	Macrophages	Macrophages	2185	220	465	459062	0.8245283018867925	4.7900853941587086e-4	0.17547169811320754	0.9995209914605842
dataset_name-Samusik_seed-42	cygate	num-4	run0	18	NK cells	NK cells	2452	77	339	459064	0.878538158366177	1.677044742246935e-4	0.12146184163382301	0.9998322955257753
dataset_name-Samusik_seed-42	cygate	num-4	run0	19	NKT cells	NKT cells	7084	112	487	454249	0.9356756042794875	2.4650002971205717e-4	0.06432439572051248	0.999753499970288
dataset_name-Samusik_seed-42	cygate	num-4	run0	20	Non-Classical Monocytes	Non-Classical Monocytes	6691	108	446	454687	0.9375087571808883	2.374696291735837e-4	0.06249124281911167	0.9997625303708264
dataset_name-Samusik_seed-42	cygate	num-4	run0	21	Plasma Cells	Plasma Cells	1478	24	20	460410	0.986648865153538	5.2124734489633696e-5	0.01335113484646195	0.9999478752655103
dataset_name-Samusik_seed-42	cygate	num-4	run0	22	gd T cells	gd T cells	294	0	67	461571	0.814404432132964	0	0.18559556786703602	1
dataset_name-Samusik_seed-42	cygate	num-4	run0	23	mDCs	mDCs	886	43	69	460934	0.9277486910994764	9.328014195936023e-5	0.07225130890052356	0.9999067198580407
dataset_name-Samusik_seed-42	cygate	num-4	run0	24	pDCs	pDCs	23254	7	550	438121	0.9768946395563771	1.5977066062885732e-5	0.02310536044362292	0.9999840229339371
dataset_name-Samusik_seed-42	cygate	num-5	run0	1	B-cell Frac A-C (pro-B cells)	B-cell Frac A-C (pro-B cells)	3136	34	683	464694	0.8211573710395391	7.316107486529755e-5	0.17884262896046085	0.9999268389251347
dataset_name-Samusik_seed-42	cygate	num-5	run0	2	Basophils	Basophils	3384	76	251	464836	0.930949105914718	1.6347179681316034e-4	0.06905089408528198	0.9998365282031868
dataset_name-Samusik_seed-42	cygate	num-5	run0	3	CD4 T cells	CD4 T cells	5101	128	122	463196	0.9766417767566533	2.7626455784720845e-4	0.023358223243346736	0.9997237354421528
dataset_name-Samusik_seed-42	cygate	num-5	run0	4	CD8 T cells	CD8 T cells	11218	68	320	456941	0.9722655572889582	1.487935686168106e-4	0.027734442711041776	0.9998512064313831
dataset_name-Samusik_seed-42	cygate	num-5	run0	5	CLP	CLP	355	87	86	468019	0.8049886621315193	1.8585534045707596e-4	0.19501133786848074	0.9998141446595429
dataset_name-Samusik_seed-42	cygate	num-5	run0	6	CMP	CMP	1840	42	5	466660	0.997289972899729	8.999318623018542e-5	0.0027100271002710027	0.9999100068137698
dataset_name-Samusik_seed-42	cygate	num-5	run0	7	Classical Monocytes	Classical Monocytes	87600	747	1664	378536	0.9813586664276752	0.0019695056198142285	0.018641333572324788	0.9980304943801858
dataset_name-Samusik_seed-42	cygate	num-5	run0	8	Eosinophils	Eosinophils	48075	7	616	419849	0.9873487913577458	1.6672382912236575e-5	0.012651208642254216	0.9999833276170877
dataset_name-Samusik_seed-42	cygate	num-5	run0	9	GMP	GMP	5230	99	177	463041	0.9672646569262068	2.137582588418189e-4	0.03273534307379323	0.9997862417411582
dataset_name-Samusik_seed-42	cygate	num-5	run0	10	HSC	HSC	0	35	27	468485	0	7.470332109621787e-5	1	0.9999252966789037
dataset_name-Samusik_seed-42	cygate	num-5	run0	11	IgD- IgMpos B cells	IgD- IgMpos B cells	45188	378	681	422300	0.985153371558133	8.942977869678574e-4	0.014846628441867056	0.9991057022130322
dataset_name-Samusik_seed-42	cygate	num-5	run0	12	IgDpos IgMpos B cells	IgDpos IgMpos B cells	105840	389	261	362057	0.9975400797353465	0.0010732633275025796	0.0024599202646534905	0.9989267366724974
dataset_name-Samusik_seed-42	cygate	num-5	run0	13	IgM- IgD- B-cells	IgM- IgD- B-cells	18533	101	337	449576	0.9821409644939056	2.2460566139695826e-4	0.01785903550609433	0.9997753943386031
dataset_name-Samusik_seed-42	cygate	num-5	run0	14	Intermediate Monocytes	Intermediate Monocytes	71367	928	2863	393389	0.9614306884009161	0.0023534364483397876	0.03856931159908393	0.9976465635516603
dataset_name-Samusik_seed-42	cygate	num-5	run0	15	MEP	MEP	4801	112	84	463550	0.9828045035823951	2.4155527086541488e-4	0.017195496417604914	0.9997584447291346
dataset_name-Samusik_seed-42	cygate	num-5	run0	16	MPP	MPP	1078	91	59	467319	0.9481090589270009	1.9468988682313173e-4	0.051890941072999124	0.9998053101131769
dataset_name-Samusik_seed-42	cygate	num-5	run0	17	Macrophages	Macrophages	2060	203	479	465805	0.8113430484442694	4.356148392302278e-4	0.1886569515557306	0.9995643851607697
dataset_name-Samusik_seed-42	cygate	num-5	run0	18	NK cells	NK cells	2715	121	201	465510	0.9310699588477366	2.5986242324931117e-4	0.06893004115226338	0.9997401375767507
dataset_name-Samusik_seed-42	cygate	num-5	run0	19	NKT cells	NKT cells	7556	40	141	460810	0.9816811744835651	8.679613757187806e-5	0.018318825516434975	0.9999132038624281
dataset_name-Samusik_seed-42	cygate	num-5	run0	20	Non-Classical Monocytes	Non-Classical Monocytes	7420	159	33	460935	0.9955722527841138	3.44832073286575e-4	0.0044277472158862205	0.9996551679267134
dataset_name-Samusik_seed-42	cygate	num-5	run0	21	Plasma Cells	Plasma Cells	1525	7	40	466975	0.9744408945686901	1.4989871129936486e-5	0.025559105431309903	0.9999850101288701
dataset_name-Samusik_seed-42	cygate	num-5	run0	22	gd T cells	gd T cells	300	5	46	468196	0.8670520231213873	1.0679174115390612e-5	0.1329479768786127	0.9999893208258847
dataset_name-Samusik_seed-42	cygate	num-5	run0	23	mDCs	mDCs	917	38	72	467520	0.9271991911021233	8.127333935041214e-5	0.07280080889787664	0.9999187266606496
dataset_name-Samusik_seed-42	cygate	num-5	run0	24	pDCs	pDCs	23409	4	651	444483	0.9729426433915211	8.999138332504663e-6	0.027057356608478803	0.9999910008616675
dataset_name-Samusik_seed-42	dgcytof	num-1	run0	1	B-cell Frac A-C (pro-B cells)	B-cell Frac A-C (pro-B cells)	3146	237	649	458609	0.8289855072463768	5.165131656372727e-4	0.17101449275362318	0.9994834868343627
dataset_name-Samusik_seed-42	dgcytof	num-1	run0	2	Basophils	Basophils	3544	186	119	458792	0.9675129675129676	4.052481818300659e-4	0.03248703248703249	0.9995947518181699
dataset_name-Samusik_seed-42	dgcytof	num-1	run0	3	CD4 T cells	CD4 T cells	4894	296	179	457272	0.9647151586832249	6.468983845024128e-4	0.03528484131677508	0.9993531016154976
dataset_name-Samusik_seed-42	dgcytof	num-1	run0	4	CD8 T cells	CD8 T cells	10940	146	19	451536	0.9982662651701798	3.2323625913806617e-4	0.001733734829820239	0.9996767637408619
dataset_name-Samusik_seed-42	dgcytof	num-1	run0	5	CLP	CLP	286	101	148	462106	0.6589861751152074	2.185168117315402e-4	0.34101382488479265	0.9997814831882684
dataset_name-Samusik_seed-42	dgcytof	num-1	run0	6	CMP	CMP	1787	213	81	460560	0.9566381156316917	4.6226666927098593e-4	0.04336188436830835	0.999537733330729
dataset_name-Samusik_seed-42	dgcytof	num-1	run0	7	Classical Monocytes	Classical Monocytes	90512	1948	63	370118	0.9993044438310792	0.0052356302376460094	6.955561689207839e-4	0.9947643697623539
dataset_name-Samusik_seed-42	dgcytof	num-1	run0	8	Eosinophils	Eosinophils	46347	127	902	415265	0.9809096488814578	3.057353054464217e-4	0.019090351118542192	0.9996942646945536
dataset_name-Samusik_seed-42	dgcytof	num-1	run0	9	GMP	GMP	5357	216	281	456787	0.9501596310748492	4.7264459970722294e-4	0.049840368925150765	0.9995273554002928
dataset_name-Samusik_seed-42	dgcytof	num-1	run0	10	HSC	HSC	0	0	26	462615	0	0	1	1
dataset_name-Samusik_seed-42	dgcytof	num-1	run0	11	IgD- IgMpos B cells	IgD- IgMpos B cells	43392	670	238	418341	0.9945450378180152	0.0015990033674533604	0.005454962181984873	0.9984009966325467
dataset_name-Samusik_seed-42	dgcytof	num-1	run0	12	IgDpos IgMpos B cells	IgDpos IgMpos B cells	102533	227	39	359842	0.9996197792769956	6.304347222337941e-4	3.802207230043287e-4	0.9993695652777662
dataset_name-Samusik_seed-42	dgcytof	num-1	run0	13	IgM- IgD- B-cells	IgM- IgD- B-cells	18117	186	300	444038	0.9837107020687408	4.1870767900878837e-4	0.01628929793125916	0.9995812923209912
dataset_name-Samusik_seed-42	dgcytof	num-1	run0	14	Intermediate Monocytes	Intermediate Monocytes	74186	304	1509	386642	0.9800647334698461	7.856393398562073e-4	0.019935266530153907	0.9992143606601438
dataset_name-Samusik_seed-42	dgcytof	num-1	run0	15	MEP	MEP	4946	114	28	457553	0.9943707277844793	2.490894034308788e-4	0.0056292722155207075	0.9997509105965692
dataset_name-Samusik_seed-42	dgcytof	num-1	run0	16	MPP	MPP	1045	228	76	461292	0.9322033898305084	4.940197607904316e-4	0.06779661016949153	0.9995059802392096
dataset_name-Samusik_seed-42	dgcytof	num-1	run0	17	Macrophages	Macrophages	2468	238	169	459766	0.9359120212362533	5.173868053321276e-4	0.06408797876374668	0.9994826131946679
dataset_name-Samusik_seed-42	dgcytof	num-1	run0	18	NK cells	NK cells	2926	96	152	459467	0.9506172839506173	2.0889410157040491e-4	0.04938271604938271	0.9997911058984296
dataset_name-Samusik_seed-42	dgcytof	num-1	run0	19	NKT cells	NKT cells	7201	101	439	454900	0.9425392670157068	2.2197753411530964e-4	0.057460732984293196	0.9997780224658847
dataset_name-Samusik_seed-42	dgcytof	num-1	run0	20	Non-Classical Monocytes	Non-Classical Monocytes	7044	63	33	455501	0.9953370072064434	1.382901195002239e-4	0.0046629927935565915	0.9998617098804998
dataset_name-Samusik_seed-42	dgcytof	num-1	run0	21	Plasma Cells	Plasma Cells	1163	4	412	461062	0.7384126984126984	8.675547535493833e-6	0.2615873015873016	0.9999913244524645
dataset_name-Samusik_seed-42	dgcytof	num-1	run0	22	gd T cells	gd T cells	315	83	34	462209	0.9025787965616046	1.795402040268921e-4	0.09742120343839542	0.9998204597959731
dataset_name-Samusik_seed-42	dgcytof	num-1	run0	23	mDCs	mDCs	940	93	40	461568	0.9591836734693877	2.0144651595001528e-4	0.04081632653061224	0.99979855348405
dataset_name-Samusik_seed-42	dgcytof	num-1	run0	24	pDCs	pDCs	23553	122	63	438903	0.9973323170731707	2.7788850293263484e-4	0.0026676829268292685	0.9997221114970674
dataset_name-Samusik_seed-42	dgcytof	num-2	run0	1	B-cell Frac A-C (pro-B cells)	B-cell Frac A-C (pro-B cells)	3326	531	438	458965	0.8836344314558979	0.001155613977053119	0.11636556854410202	0.9988443860229469
dataset_name-Samusik_seed-42	dgcytof	num-2	run0	2	Basophils	Basophils	3335	54	166	459705	0.9525849757212225	1.1745283942239303e-4	0.047415024278777494	0.9998825471605776
dataset_name-Samusik_seed-42	dgcytof	num-2	run0	3	CD4 T cells	CD4 T cells	4451	52	473	458284	0.9039398862713242	1.1345388535921246e-4	0.09606011372867587	0.9998865461146408
dataset_name-Samusik_seed-42	dgcytof	num-2	run0	4	CD8 T cells	CD8 T cells	10850	190	34	452186	0.9968761484748254	4.200045979450722e-4	0.0031238515251745683	0.9995799954020549
dataset_name-Samusik_seed-42	dgcytof	num-2	run0	5	CLP	CLP	225	18	221	462796	0.5044843049327354	3.889251405532244e-5	0.49551569506726456	0.9999611074859447
dataset_name-Samusik_seed-42	dgcytof	num-2	run0	6	CMP	CMP	1553	80	259	461368	0.8570640176600441	1.7336731332674536e-4	0.14293598233995586	0.9998266326866733
dataset_name-Samusik_seed-42	dgcytof	num-2	run0	7	Classical Monocytes	Classical Monocytes	89622	111	104	373423	0.9988409156766155	2.97161704155445e-4	0.0011590843233845263	0.9997028382958446
dataset_name-Samusik_seed-42	dgcytof	num-2	run0	8	Eosinophils	Eosinophils	45556	259	176	417269	0.9961514912971223	6.203176792933647e-4	0.003848508702877635	0.9993796823207066
dataset_name-Samusik_seed-42	dgcytof	num-2	run0	9	GMP	GMP	5265	307	41	457647	0.9922728986053524	6.703730068958891e-4	0.007727101394647569	0.9993296269931041
dataset_name-Samusik_seed-42	dgcytof	num-2	run0	10	HSC	HSC	1	0	25	463234	0.038461538461538464	0	0.9615384615384616	1
dataset_name-Samusik_seed-42	dgcytof	num-2	run0	11	IgD- IgMpos B cells	IgD- IgMpos B cells	44266	308	381	418305	0.9914663919188299	7.357631033914379e-4	0.008533608081170067	0.9992642368966086
dataset_name-Samusik_seed-42	dgcytof	num-2	run0	12	IgDpos IgMpos B cells	IgDpos IgMpos B cells	105391	279	46	357544	0.9995637205155685	7.79715110543481e-4	4.3627948443146145e-4	0.9992202848894565
dataset_name-Samusik_seed-42	dgcytof	num-2	run0	13	IgM- IgD- B-cells	IgM- IgD- B-cells	18850	301	306	443803	0.9840258926707037	6.777691711851278e-4	0.015974107329296303	0.9993222308288149
dataset_name-Samusik_seed-42	dgcytof	num-2	run0	14	Intermediate Monocytes	Intermediate Monocytes	74897	90	474	387799	0.9937111090472462	2.32025141213079e-4	0.006288890952753712	0.9997679748587869
dataset_name-Samusik_seed-42	dgcytof	num-2	run0	15	MEP	MEP	4737	104	50	458369	0.9895550449133069	2.26839966584728e-4	0.010444955086693127	0.9997731600334153
dataset_name-Samusik_seed-42	dgcytof	num-2	run0	16	MPP	MPP	997	143	103	462017	0.9063636363636364	3.094166522416479e-4	0.09363636363636364	0.9996905833477584
dataset_name-Samusik_seed-42	dgcytof	num-2	run0	17	Macrophages	Macrophages	2383	230	211	460436	0.9186584425597533	4.992771335414378e-4	0.08134155744024672	0.9995007228664585
dataset_name-Samusik_seed-42	dgcytof	num-2	run0	18	NK cells	NK cells	2721	118	191	460230	0.9344093406593407	2.563278215610799e-4	0.06559065934065934	0.999743672178439
dataset_name-Samusik_seed-42	dgcytof	num-2	run0	19	NKT cells	NKT cells	7396	525	158	455181	0.979083929044215	0.0011520585640742058	0.020916070955785016	0.9988479414359258
dataset_name-Samusik_seed-42	dgcytof	num-2	run0	20	Non-Classical Monocytes	Non-Classical Monocytes	6925	196	164	455975	0.9768655663704331	4.2966343761440337e-4	0.023134433629566936	0.9995703365623856
dataset_name-Samusik_seed-42	dgcytof	num-2	run0	21	Plasma Cells	Plasma Cells	1437	36	108	461679	0.9300970873786408	7.797017640752413e-5	0.06990291262135923	0.9999220298235925
dataset_name-Samusik_seed-42	dgcytof	num-2	run0	22	gd T cells	gd T cells	295	31	52	462882	0.8501440922190202	6.696722710314897e-5	0.14985590778097982	0.9999330327728968
dataset_name-Samusik_seed-42	dgcytof	num-2	run0	23	mDCs	mDCs	944	117	45	462154	0.9544994944388271	2.5309829082940526e-4	0.0455005055611729	0.9997469017091706
dataset_name-Samusik_seed-42	dgcytof	num-2	run0	24	pDCs	pDCs	23570	187	41	439462	0.9982635212401	4.253393047635728e-4	0.0017364787599000466	0.9995746606952364
dataset_name-Samusik_seed-42	dgcytof	num-3	run0	1	B-cell Frac A-C (pro-B cells)	B-cell Frac A-C (pro-B cells)	3353	309	544	455332	0.8604054400821144	6.781654855467353e-4	0.13959455991788555	0.9993218345144532
dataset_name-Samusik_seed-42	dgcytof	num-3	run0	2	Basophils	Basophils	3517	110	182	455729	0.9507975128413084	2.4131327069425827e-4	0.049202487158691535	0.9997586867293058
dataset_name-Samusik_seed-42	dgcytof	num-3	run0	3	CD4 T cells	CD4 T cells	4878	140	189	454331	0.9626998223801065	3.0805045866512935e-4	0.037300177619893425	0.9996919495413349
dataset_name-Samusik_seed-42	dgcytof	num-3	run0	4	CD8 T cells	CD8 T cells	10987	59	169	448323	0.9848512011473647	1.3158422951858013e-4	0.015148798852635353	0.9998684157704815
dataset_name-Samusik_seed-42	dgcytof	num-3	run0	5	CLP	CLP	199	68	229	459042	0.4649532710280374	1.4811265274117315e-4	0.5350467289719626	0.9998518873472588
dataset_name-Samusik_seed-42	dgcytof	num-3	run0	6	CMP	CMP	1706	149	136	457547	0.9261672095548317	3.2554359225337343e-4	0.0738327904451683	0.9996744564077467
dataset_name-Samusik_seed-42	dgcytof	num-3	run0	7	Classical Monocytes	Classical Monocytes	87504	282	90	371662	0.9989725323652305	7.581786505495451e-4	0.0010274676347695048	0.9992418213494505
dataset_name-Samusik_seed-42	dgcytof	num-3	run0	8	Eosinophils	Eosinophils	48400	45	445	410648	0.9908895485720135	1.0957089602208949e-4	0.009110451427986489	0.999890429103978
dataset_name-Samusik_seed-42	dgcytof	num-3	run0	9	GMP	GMP	5320	275	149	453794	0.9727555311757177	6.056348264250588e-4	0.027244468824282317	0.9993943651735749
dataset_name-Samusik_seed-42	dgcytof	num-3	run0	10	HSC	HSC	1	3	27	459507	0.03571428571428571	6.528693608408957e-6	0.9642857142857143	0.9999934713063916
dataset_name-Samusik_seed-42	dgcytof	num-3	run0	11	IgD- IgMpos B cells	IgD- IgMpos B cells	44770	243	651	413874	0.9856674225578477	5.867906895877253e-4	0.014332577442152309	0.9994132093104122
dataset_name-Samusik_seed-42	dgcytof	num-3	run0	12	IgDpos IgMpos B cells	IgDpos IgMpos B cells	99904	105	69	359460	0.9993098136496854	2.920195235910058e-4	6.901863503145849e-4	0.999707980476409
dataset_name-Samusik_seed-42	dgcytof	num-3	run0	13	IgM- IgD- B-cells	IgM- IgD- B-cells	19268	498	262	439510	0.9865847414234511	0.001131797603679933	0.0134152585765489	0.99886820239632
dataset_name-Samusik_seed-42	dgcytof	num-3	run0	14	Intermediate Monocytes	Intermediate Monocytes	73699	344	56	385439	0.9992407294420718	8.91692998395471e-4	7.592705579282761e-4	0.9991083070016046
dataset_name-Samusik_seed-42	dgcytof	num-3	run0	15	MEP	MEP	4937	143	42	454416	0.991564571199036	3.1459062519936906e-4	0.008435428800964049	0.9996854093748007
dataset_name-Samusik_seed-42	dgcytof	num-3	run0	16	MPP	MPP	1032	158	88	458260	0.9214285714285714	3.446636039597049e-4	0.07857142857142857	0.9996553363960403
dataset_name-Samusik_seed-42	dgcytof	num-3	run0	17	Macrophages	Macrophages	2333	243	374	456588	0.8618396749168822	5.319253728402845e-4	0.13816032508311785	0.9994680746271597
dataset_name-Samusik_seed-42	dgcytof	num-3	run0	18	NK cells	NK cells	2856	126	196	456360	0.9357798165137615	2.760216085487835e-4	0.06422018348623854	0.9997239783914512
dataset_name-Samusik_seed-42	dgcytof	num-3	run0	19	NKT cells	NKT cells	7529	412	143	451454	0.9813607924921793	9.11774729676497e-4	0.018639207507820648	0.9990882252703235
dataset_name-Samusik_seed-42	dgcytof	num-3	run0	20	Non-Classical Monocytes	Non-Classical Monocytes	6783	62	159	452534	0.9770959377700951	1.369875120416442e-4	0.022904062229904928	0.9998630124879584
dataset_name-Samusik_seed-42	dgcytof	num-3	run0	21	Plasma Cells	Plasma Cells	1251	375	2	457910	0.9984038308060654	8.182681082732361e-4	0.0015961691939345571	0.9991817318917268
dataset_name-Samusik_seed-42	dgcytof	num-3	run0	22	gd T cells	gd T cells	296	18	59	459165	0.83380281690140845	3.920005749341766e-5	0.16619718309859155	0.9999607999425065
dataset_name-Samusik_seed-42	dgcytof	num-3	run0	23	mDCs	mDCs	943	113	29	458453	0.970164609053498	2.4642036260865395e-4	0.029835390946502057	0.9997535796373913
dataset_name-Samusik_seed-42	dgcytof	num-3	run0	24	pDCs	pDCs	23702	90	80	435666	0.9966361113447145	2.0653760361303116e-4	0.00336388865528551	0.999793462396387
dataset_name-Samusik_seed-42	dgcytof	num-4	run0	1	B-cell Frac A-C (pro-B cells)	B-cell Frac A-C (pro-B cells)	2995	113	766	458058	0.7963307630949216	2.466328074016033e-4	0.20366923690507843	0.9997533671925984
dataset_name-Samusik_seed-42	dgcytof	num-4	run0	2	Basophils	Basophils	3418	83	199	458232	0.9449820293060548	1.8109815301702977e-4	0.05501797069394526	0.999818901846983
dataset_name-Samusik_seed-42	dgcytof	num-4	run0	3	CD4 T cells	CD4 T cells	5000	284	112	456536	0.9780907668231612	6.216890679042074e-4	0.02190923317683881	0.9993783109320958
dataset_name-Samusik_seed-42	dgcytof	num-4	run0	4	CD8 T cells	CD8 T cells	11158	166	76	450532	0.9932348228591775	3.6831758738667576e-4	0.006765177140822503	0.9996316824126134
dataset_name-Samusik_seed-42	dgcytof	num-4	run0	5	CLP	CLP	197	27	237	461471	0.4539170506912442	5.850512894963792e-5	0.5460829493087558	0.9999414948710503
dataset_name-Samusik_seed-42	dgcytof	num-4	run0	6	CMP	CMP	1707	91	128	460006	0.9302452316076294	1.977843802502516e-4	0.06975476839237058	0.9998022156197498
dataset_name-Samusik_seed-42	dgcytof	num-4	run0	7	Classical Monocytes	Classical Monocytes	88103	232	101	373496	0.9988549272141853	6.20772326397808e-4	0.0011450727858147024	0.9993792276736022
dataset_name-Samusik_seed-42	dgcytof	num-4	run0	8	Eosinophils	Eosinophils	48323	190	261	413158	0.9946278610242055	4.596611087993652e-4	0.0053721389757945	0.9995403388912006
dataset_name-Samusik_seed-42	dgcytof	num-4	run0	9	GMP	GMP	5364	226	54	456288	0.9900332225913622	4.950560114257175e-4	0.009966777408637873	0.9995049439885743
dataset_name-Samusik_seed-42	dgcytof	num-4	run0	10	HSC	HSC	1	3	23	461905	0.041666666666666664	6.494799830269231e-6	0.9583333333333334	0.9999935052001697
dataset_name-Samusik_seed-42	dgcytof	num-4	run0	11	IgD- IgMpos B cells	IgD- IgMpos B cells	43625	376	375	417556	0.9914772727272727	8.99667888556033e-4	0.008522727272727272	0.999100332111444
dataset_name-Samusik_seed-42	dgcytof	num-4	run0	12	IgDpos IgMpos B cells	IgDpos IgMpos B cells	102643	124	92	359073	0.9991044921399718	3.4521446448606196e-4	8.955078600282279e-4	0.9996547855355139
dataset_name-Samusik_seed-42	dgcytof	num-4	run0	13	IgM- IgD- B-cells	IgM- IgD- B-cells	18568	305	180	442879	0.9903989758907616	6.88201740135023e-4	0.00960102410923832	0.9993117982598649
dataset_name-Samusik_seed-42	dgcytof	num-4	run0	14	Intermediate Monocytes	Intermediate Monocytes	75264	185	185	386298	0.9975480125647789	4.7867564679429626e-4	0.0024519874352211426	0.9995213243532057
dataset_name-Samusik_seed-42	dgcytof	num-4	run0	15	MEP	MEP	4854	104	31	456943	0.993654042988741	2.2754771391126076e-4	0.006345957011258956	0.9997724522860887
dataset_name-Samusik_seed-42	dgcytof	num-4	run0	16	MPP	MPP	1072	219	53	460588	0.9528888888888889	4.7525319710855086e-4	0.04711111111111111	0.9995247468028915
dataset_name-Samusik_seed-42	dgcytof	num-4	run0	17	Macrophages	Macrophages	2573	350	77	458932	0.9709433962264151	7.620590399797946e-4	0.029056603773584905	0.9992379409600202
dataset_name-Samusik_seed-42	dgcytof	num-4	run0	18	NK cells	NK cells	2655	135	136	459006	0.9512719455392332	2.940273249393977e-4	0.04872805446076675	0.9997059726750606
dataset_name-Samusik_seed-42	dgcytof	num-4	run0	19	NKT cells	NKT cells	7211	135	360	454226	0.9524501386870955	2.97120571527926e-4	0.04754986131290451	0.999702879428472
dataset_name-Samusik_seed-42	dgcytof	num-4	run0	20	Non-Classical Monocytes	Non-Classical Monocytes	7083	55	54	454740	0.9924337957124842	1.2093360744951022e-4	0.007566204287515763	0.9998790663925505
dataset_name-Samusik_seed-42	dgcytof	num-4	run0	21	Plasma Cells	Plasma Cells	1457	102	41	460332	0.972630173564753	2.215301215809432e-4	0.027369826435246995	0.999778469878419
dataset_name-Samusik_seed-42	dgcytof	num-4	run0	22	gd T cells	gd T cells	274	5	87	461566	0.7590027700831025	1.0832569637173913e-5	0.2409972299168975	0.9999891674303628
dataset_name-Samusik_seed-42	dgcytof	num-4	run0	23	mDCs	mDCs	918	95	37	460882	0.9612565445026178	2.0608403456137724e-4	0.0387434554973822	0.9997939159654387
dataset_name-Samusik_seed-42	dgcytof	num-4	run0	24	pDCs	pDCs	23775	89	29	438039	0.9987817173584271	2.0313698279954718e-4	0.001218282641572845	0.9997968630172005
dataset_name-Samusik_seed-42	dgcytof	num-5	run0	1	B-cell Frac A-C (pro-B cells)	B-cell Frac A-C (pro-B cells)	3220	277	599	464451	0.8431526577638125	5.960475805202183e-4	0.1568473422361875	0.9994039524194798
dataset_name-Samusik_seed-42	dgcytof	num-5	run0	2	Basophils	Basophils	3517	226	118	464686	0.9675378266850069	4.86113501049661e-4	0.032462173314993126	0.9995138864989503
dataset_name-Samusik_seed-42	dgcytof	num-5	run0	3	CD4 T cells	CD4 T cells	5040	264	183	463060	0.9649626651349799	5.697956505598674e-4	0.0350373348650201	0.9994302043494402
dataset_name-Samusik_seed-42	dgcytof	num-5	run0	4	CD8 T cells	CD8 T cells	11429	120	109	456889	0.9905529554515514	2.6257688579437165e-4	0.009447044548448604	0.9997374231142057
dataset_name-Samusik_seed-42	dgcytof	num-5	run0	5	CLP	CLP	207	93	234	468013	0.46938775510204084	1.9867295014377084e-4	0.5306122448979592	0.9998013270498562
dataset_name-Samusik_seed-42	dgcytof	num-5	run0	6	CMP	CMP	1591	76	254	466626	0.8623306233062331	1.6284481317843078e-4	0.13766937669376694	0.9998371551868216
dataset_name-Samusik_seed-42	dgcytof	num-5	run0	7	Classical Monocytes	Classical Monocytes	89169	181	95	379102	0.9989357411722531	4.772162211330326e-4	0.0010642588277469081	0.9995227837788669
dataset_name-Samusik_seed-42	dgcytof	num-5	run0	8	Eosinophils	Eosinophils	48387	146	304	419710	0.9937565463843421	3.4773827216950573e-4	0.006243453615657924	0.9996522617278305
dataset_name-Samusik_seed-42	dgcytof	num-5	run0	9	GMP	GMP	5314	183	93	462957	0.9828000739781765	3.951289027076046e-4	0.01719992602182356	0.9996048710972923
dataset_name-Samusik_seed-42	dgcytof	num-5	run0	10	HSC	HSC	0	5	27	468515	0	1.067190301374541e-5	1	0.9999893280969863
dataset_name-Samusik_seed-42	dgcytof	num-5	run0	11	IgD- IgMpos B cells	IgD- IgMpos B cells	45476	525	393	422153	0.9914321219124027	0.0012420802596775796	0.008567878087597288	0.9987579197403225
dataset_name-Samusik_seed-42	dgcytof	num-5	run0	12	IgDpos IgMpos B cells	IgDpos IgMpos B cells	105932	88	169	362358	0.9984071780661822	2.4279478874094347e-4	0.0015928219338177774	0.9997572052112591
dataset_name-Samusik_seed-42	dgcytof	num-5	run0	13	IgM- IgD- B-cells	IgM- IgD- B-cells	18626	272	244	449405	0.98706942236354	6.048786128710163e-4	0.01293057763645999	0.9993951213871289
dataset_name-Samusik_seed-42	dgcytof	num-5	run0	14	Intermediate Monocytes	Intermediate Monocytes	74148	175	82	394142	0.998895325340159	4.4380536471924875e-4	0.0011046746598410346	0.9995561946352808
dataset_name-Samusik_seed-42	dgcytof	num-5	run0	15	MEP	MEP	4838	76	47	463586	0.9903787103377687	1.6391250523010295e-4	0.00962128966223132	0.9998360874947699
dataset_name-Samusik_seed-42	dgcytof	num-5	run0	16	MPP	MPP	1098	425	39	466985	0.9656992084432717	9.092659549431976e-4	0.03430079155672823	0.9990907340450568
dataset_name-Samusik_seed-42	dgcytof	num-5	run0	17	Macrophages	Macrophages	2327	202	212	465806	0.9165025600630169	4.3346895332268973e-4	0.08349743993698307	0.9995665310466774
dataset_name-Samusik_seed-42	dgcytof	num-5	run0	18	NK cells	NK cells	2810	143	106	465488	0.9636488340192044	3.0711013656736774e-4	0.03635116598079561	0.9996928898634326
dataset_name-Samusik_seed-42	dgcytof	num-5	run0	19	NKT cells	NKT cells	7329	176	368	460674	0.9521891646095881	3.8190300531626344e-4	0.04781083539041185	0.9996180969946837
dataset_name-Samusik_seed-42	dgcytof	num-5	run0	20	Non-Classical Monocytes	Non-Classical Monocytes	7411	80	42	461014	0.9943646853615994	1.7350041423223897e-4	0.005635314638400644	0.9998264995857677
dataset_name-Samusik_seed-42	dgcytof	num-5	run0	21	Plasma Cells	Plasma Cells	1301	16	264	466966	0.8313099041533546	3.426256258271197e-5	0.16869009584664538	0.9999657374374172
dataset_name-Samusik_seed-42	dgcytof	num-5	run0	22	gd T cells	gd T cells	316	43	30	468158	0.9132947976878613	9.184089739235926e-5	0.08670520231213873	0.9999081591026077
dataset_name-Samusik_seed-42	dgcytof	num-5	run0	23	mDCs	mDCs	970	213	19	467345	0.980788675429727	4.5555845477994174e-4	0.019211324570273004	0.99954444154522
dataset_name-Samusik_seed-42	dgcytof	num-5	run0	24	pDCs	pDCs	24001	85	59	444402	0.9975477971737323	1.912316895657241e-4	0.002452202826267664	0.9998087683104343
dataset_name-Samusik_seed-42	gatemeclass	num-1	run0	1	B-cell Frac A-C (pro-B cells)	B-cell Frac A-C (pro-B cells)	1075	7341	2720	451505	0.28326745718050067	0.01599883185208109	0.7167325428194994	0.9840011681479189
dataset_name-Samusik_seed-42	gatemeclass	num-1	run0	2	Basophils	Basophils	3447	768	216	458210	0.941031941031941	0.0016732828152983368	0.05896805896805897	0.9983267171847017
dataset_name-Samusik_seed-42	gatemeclass	num-1	run0	3	CD4 T cells	CD4 T cells	4906	445	167	457123	0.9670806229055785	9.7253304426883e-4	0.03291937709442145	0.9990274669557312
dataset_name-Samusik_seed-42	gatemeclass	num-1	run0	4	CD8 T cells	CD8 T cells	10907	233	52	451449	0.9952550415183867	5.158496464326672e-4	0.004744958481613286	0.9994841503535673
dataset_name-Samusik_seed-42	gatemeclass	num-1	run0	5	CLP	CLP	46	29	388	462178	0.10599078341013825	6.27424508932145e-5	0.8940092165898618	0.9999372575491068
dataset_name-Samusik_seed-42	gatemeclass	num-1	run0	6	CMP	CMP	1008	297	860	460476	0.5396145610278372	6.445690177158818e-4	0.4603854389721627	0.9993554309822841
dataset_name-Samusik_seed-42	gatemeclass	num-1	run0	7	Classical Monocytes	Classical Monocytes	88613	1600	1962	370466	0.978338393596467	0.004300312310181527	0.021661606403532985	0.9956996876898184
dataset_name-Samusik_seed-42	gatemeclass	num-1	run0	8	Eosinophils	Eosinophils	45511	1342	1738	414050	0.9632161527228089	0.0032306833063708495	0.03678384727719105	0.9967693166936291
dataset_name-Samusik_seed-42	gatemeclass	num-1	run0	9	GMP	GMP	5495	1733	143	455270	0.9746363958850657	0.0037920976448732285	0.025363604114934372	0.9962079023551268
dataset_name-Samusik_seed-42	gatemeclass	num-1	run0	10	HSC	HSC	1	24	25	462591	0.038461538461538464	5.1878992250575535e-5	0.9615384615384616	0.9999481210077494
dataset_name-Samusik_seed-42	gatemeclass	num-1	run0	11	IgD- IgMpos B cells	IgD- IgMpos B cells	28225	1239	15405	417772	0.6469172587669035	0.0029569629436936025	0.3530827412330965	0.9970430370563064
dataset_name-Samusik_seed-42	gatemeclass	num-1	run0	12	IgDpos IgMpos B cells	IgDpos IgMpos B cells	102041	2407	531	357662	0.9948231486175565	0.006684829852056134	0.005176851382443552	0.9933151701479439
dataset_name-Samusik_seed-42	gatemeclass	num-1	run0	13	IgM- IgD- B-cells	IgM- IgD- B-cells	12942	12693	5475	431531	0.7027203127545203	0.02857342241751909	0.2972796872454797	0.971426577582481
dataset_name-Samusik_seed-42	gatemeclass	num-1	run0	14	Intermediate Monocytes	Intermediate Monocytes	69593	1398	6102	385548	0.9193870136732941	0.0036129072273650585	0.08061298632670585	0.9963870927726349
dataset_name-Samusik_seed-42	gatemeclass	num-1	run0	15	MEP	MEP	4317	32	657	457635	0.867913148371532	6.991983254200106e-5	0.13208685162846803	0.999930080167458
dataset_name-Samusik_seed-42	gatemeclass	num-1	run0	16	MPP	MPP	957	269	164	461251	0.8537020517395183	5.828566475992373e-4	0.1462979482604817	0.9994171433524007
dataset_name-Samusik_seed-42	gatemeclass	num-1	run0	17	Macrophages	Macrophages	2398	399	239	459605	0.9093667045885476	8.673837618803315e-4	0.0906332954114524	0.9991326162381197
dataset_name-Samusik_seed-42	gatemeclass	num-1	run0	18	NK cells	NK cells	2280	710	798	458853	0.7407407407407407	0.0015449459595311197	0.25925925925925924	0.9984550540404689
dataset_name-Samusik_seed-42	gatemeclass	num-1	run0	19	NKT cells	NKT cells	7093	722	547	454279	0.9284031413612566	0.0015868096993193422	0.07159685863874346	0.9984131903006807
dataset_name-Samusik_seed-42	gatemeclass	num-1	run0	20	Non-Classical Monocytes	Non-Classical Monocytes	7024	4803	53	450761	0.9925109509679243	0.010542975300945641	0.007489049032075738	0.9894570246990544
dataset_name-Samusik_seed-42	gatemeclass	num-1	run0	21	Plasma Cells	Plasma Cells	1176	26	399	461040	0.7466666666666667	5.639105898070992e-5	0.25333333333333335	0.9999436089410193
dataset_name-Samusik_seed-42	gatemeclass	num-1	run0	22	gd T cells	gd T cells	36	1	313	462291	0.10315186246418338	2.1631349882758083e-6	0.8968481375358166	0.9999978368650118
dataset_name-Samusik_seed-42	gatemeclass	num-1	run0	23	mDCs	mDCs	888	105	92	461556	0.9061224489795918	2.2743961478227532e-4	0.09387755102040816	0.9997725603852178
dataset_name-Samusik_seed-42	gatemeclass	num-1	run0	24	pDCs	pDCs	23511	472	105	438553	0.9955538617886179	0.0010751096179033085	0.004446138211382114	0.9989248903820966
dataset_name-Samusik_seed-42	gatemeclass	num-2	run0	1	B-cell Frac A-C (pro-B cells)	B-cell Frac A-C (pro-B cells)	1164	8056	2600	451440	0.30924548352816156	0.017532252729077075	0.6907545164718385	0.9824677472709229
dataset_name-Samusik_seed-42	gatemeclass	num-2	run0	2	Basophils	Basophils	3293	896	208	458863	0.940588403313339	0.001948847113378966	0.059411596686660954	0.998051152886621
dataset_name-Samusik_seed-42	gatemeclass	num-2	run0	3	CD4 T cells	CD4 T cells	4786	484	138	457852	0.9719740048740861	0.0010559938560357467	0.028025995125913892	0.9989440061439643
dataset_name-Samusik_seed-42	gatemeclass	num-2	run0	4	CD8 T cells	CD8 T cells	10838	217	46	452159	0.9957736126424109	4.7968946186358253e-4	0.004226387357589121	0.9995203105381364
dataset_name-Samusik_seed-42	gatemeclass	num-2	run0	5	CLP	CLP	70	59	376	462755	0.15695067264573992	1.2748101829244577e-4	0.8430493273542601	0.9998725189817076
dataset_name-Samusik_seed-42	gatemeclass	num-2	run0	6	CMP	CMP	552	81	1260	461367	0.304635761589404	1.755344047433297e-4	0.695364238410596	0.9998244655952566
dataset_name-Samusik_seed-42	gatemeclass	num-2	run0	7	Classical Monocytes	Classical Monocytes	89007	2077	719	371457	0.9919867151104473	0.005560404139917652	0.008013284889552639	0.9944395958600823
dataset_name-Samusik_seed-42	gatemeclass	num-2	run0	8	Eosinophils	Eosinophils	43390	337	2342	417191	0.9487885944196623	8.071314977678144e-4	0.05121140558033762	0.9991928685022322
dataset_name-Samusik_seed-42	gatemeclass	num-2	run0	9	GMP	GMP	5275	2098	31	455856	0.9941575574820958	0.00458124615136018	0.005842442517904259	0.9954187538486399
dataset_name-Samusik_seed-42	gatemeclass	num-2	run0	10	HSC	HSC	0	1	26	463233	0	2.158736189485228e-6	1	0.9999978412638105
dataset_name-Samusik_seed-42	gatemeclass	num-2	run0	11	IgD- IgMpos B cells	IgD- IgMpos B cells	29231	1153	15416	417460	0.6547136425739691	0.0027543339552283373	0.34528635742603087	0.9972456660447717
dataset_name-Samusik_seed-42	gatemeclass	num-2	run0	12	IgDpos IgMpos B cells	IgDpos IgMpos B cells	105000	2459	437	355364	0.9958553448979011	0.006872112748481791	0.004144655102098884	0.9931278872515182
dataset_name-Samusik_seed-42	gatemeclass	num-2	run0	13	IgM- IgD- B-cells	IgM- IgD- B-cells	13191	12349	5965	431755	0.6886093130089789	0.027806549817159944	0.31139068699102107	0.9721934501828401
dataset_name-Samusik_seed-42	gatemeclass	num-2	run0	14	Intermediate Monocytes	Intermediate Monocytes	68233	1136	7138	386753	0.9052951400405992	0.002928672893533975	0.09470485995940083	0.9970713271064661
dataset_name-Samusik_seed-42	gatemeclass	num-2	run0	15	MEP	MEP	4346	65	441	458408	0.9078754961353667	1.41774979115455e-4	0.09212450386463338	0.9998582250208845
dataset_name-Samusik_seed-42	gatemeclass	num-2	run0	16	MPP	MPP	1000	300	100	461860	0.9090909090909091	6.49125843863597e-4	0.09090909090909091	0.9993508741561364
dataset_name-Samusik_seed-42	gatemeclass	num-2	run0	17	Macrophages	Macrophages	2326	403	268	460263	0.8966846569005397	8.748203687704324e-4	0.10331534309946029	0.9991251796312296
dataset_name-Samusik_seed-42	gatemeclass	num-2	run0	18	NK cells	NK cells	1761	548	1151	459800	0.604739010989011	0.001190403781487049	0.395260989010989	0.998809596218513
dataset_name-Samusik_seed-42	gatemeclass	num-2	run0	19	NKT cells	NKT cells	6975	810	579	454896	0.9233518665607625	0.0017774617845716318	0.07664813343923749	0.9982225382154284
dataset_name-Samusik_seed-42	gatemeclass	num-2	run0	20	Non-Classical Monocytes	Non-Classical Monocytes	7036	5876	53	450295	0.9925236281562985	0.012881134486848134	0.00747637184370151	0.9871188655131519
dataset_name-Samusik_seed-42	gatemeclass	num-2	run0	21	Plasma Cells	Plasma Cells	1261	27	284	461688	0.8161812297734627	5.847763230564309e-5	0.18381877022653723	0.9999415223676944
dataset_name-Samusik_seed-42	gatemeclass	num-2	run0	22	gd T cells	gd T cells	77	1	270	462912	0.2219020172910663	2.1602331323596443e-6	0.7780979827089337	0.9999978397668676
dataset_name-Samusik_seed-42	gatemeclass	num-2	run0	23	mDCs	mDCs	872	106	117	462165	0.8816986855409504	2.2930272502493125e-4	0.11830131445904954	0.999770697274975
dataset_name-Samusik_seed-42	gatemeclass	num-2	run0	24	pDCs	pDCs	23506	407	105	439242	0.9955529202490365	9.257384868383643e-4	0.004447079750963534	0.9990742615131616
dataset_name-Samusik_seed-42	gatemeclass	num-3	run0	1	B-cell Frac A-C (pro-B cells)	B-cell Frac A-C (pro-B cells)	1184	8499	2713	447142	0.3038234539389274	0.018652842917999037	0.6961765460610726	0.9813471570820009
dataset_name-Samusik_seed-42	gatemeclass	num-3	run0	2	Basophils	Basophils	3391	408	308	455431	0.9167342525006759	8.950528585750671e-4	0.08326574749932414	0.999104947141425
dataset_name-Samusik_seed-42	gatemeclass	num-3	run0	3	CD4 T cells	CD4 T cells	4905	482	162	453989	0.9680284191829485	0.0010605737219756596	0.03197158081705151	0.9989394262780243
dataset_name-Samusik_seed-42	gatemeclass	num-3	run0	4	CD8 T cells	CD8 T cells	11119	281	37	448101	0.9966833990677663	6.266977710969664e-4	0.0033166009322337757	0.9993733022289031
dataset_name-Samusik_seed-42	gatemeclass	num-3	run0	5	CLP	CLP	45	33	383	459077	0.10514018691588785	7.187819912439284e-5	0.8948598130841121	0.9999281218008756
dataset_name-Samusik_seed-42	gatemeclass	num-3	run0	6	CMP	CMP	1031	220	811	457476	0.5597176981541803	4.806683912465916e-4	0.44028230184581973	0.9995193316087534
dataset_name-Samusik_seed-42	gatemeclass	num-3	run0	7	Classical Monocytes	Classical Monocytes	85745	1453	1849	370491	0.9788912482590132	0.003906502054072656	0.021108751740986826	0.9960934979459274
dataset_name-Samusik_seed-42	gatemeclass	num-3	run0	8	Eosinophils	Eosinophils	47222	1267	1623	409426	0.966772443443546	0.0030850294502219417	0.03322755655645409	0.9969149705497781
dataset_name-Samusik_seed-42	gatemeclass	num-3	run0	9	GMP	GMP	5436	1660	33	452409	0.9939659901261657	0.0036558320431476273	0.006034009873834339	0.9963441679568523
dataset_name-Samusik_seed-42	gatemeclass	num-3	run0	10	HSC	HSC	0	0	28	459510	0	0	1	1
dataset_name-Samusik_seed-42	gatemeclass	num-3	run0	11	IgD- IgMpos B cells	IgD- IgMpos B cells	29643	1264	15778	412853	0.6526276391977279	0.0030522774964563157	0.3473723608022721	0.9969477225035437
dataset_name-Samusik_seed-42	gatemeclass	num-3	run0	12	IgDpos IgMpos B cells	IgDpos IgMpos B cells	99482	2300	491	357265	0.9950886739419643	0.006396618135802984	0.00491132605803567	0.993603381864197
dataset_name-Samusik_seed-42	gatemeclass	num-3	run0	13	IgM- IgD- B-cells	IgM- IgD- B-cells	13609	13037	5921	426971	0.6968253968253968	0.029629006745331903	0.30317460317460315	0.9703709932546681
dataset_name-Samusik_seed-42	gatemeclass	num-3	run0	14	Intermediate Monocytes	Intermediate Monocytes	67374	1434	6381	384349	0.913483831604637	0.0037171155805206554	0.08651616839536302	0.9962828844194793
dataset_name-Samusik_seed-42	gatemeclass	num-3	run0	15	MEP	MEP	4504	55	475	454504	0.9045993171319542	1.2099639430744964e-4	0.09540068286804579	0.9998790036056926
dataset_name-Samusik_seed-42	gatemeclass	num-3	run0	16	MPP	MPP	947	289	173	458129	0.8455357142857143	6.304289971161691e-4	0.15446428571428572	0.9993695710028838
dataset_name-Samusik_seed-42	gatemeclass	num-3	run0	17	Macrophages	Macrophages	2445	431	262	456400	0.903213889915035	9.434561139677474e-4	0.0967861100849649	0.9990565438860323
dataset_name-Samusik_seed-42	gatemeclass	num-3	run0	18	NK cells	NK cells	2250	538	802	455948	0.737221494102228	0.0011785684555495677	0.26277850589777196	0.9988214315444505
dataset_name-Samusik_seed-42	gatemeclass	num-3	run0	19	NKT cells	NKT cells	7045	449	627	451417	0.918274244004171	9.936574117105513e-4	0.08172575599582899	0.9990063425882895
dataset_name-Samusik_seed-42	gatemeclass	num-3	run0	20	Non-Classical Monocytes	Non-Classical Monocytes	6889	5214	53	447382	0.9923653125900317	0.011520207867502142	0.007634687409968309	0.9884797921324978
dataset_name-Samusik_seed-42	gatemeclass	num-3	run0	21	Plasma Cells	Plasma Cells	939	27	314	458258	0.7494014365522745	5.8915303795673e-5	0.25059856344772546	0.9999410846962044
dataset_name-Samusik_seed-42	gatemeclass	num-3	run0	22	gd T cells	gd T cells	22	0	333	459183	0.061971830985915494	0	0.9380281690140845	1
dataset_name-Samusik_seed-42	gatemeclass	num-3	run0	23	mDCs	mDCs	892	135	80	458431	0.9176954732510288	2.94396008426268e-4	0.0823045267489712	0.9997056039915737
dataset_name-Samusik_seed-42	gatemeclass	num-3	run0	24	pDCs	pDCs	23665	219	117	435537	0.9950803128416449	5.025748354583758e-4	0.004919687158355058	0.9994974251645417
dataset_name-Samusik_seed-42	gatemeclass	num-4	run0	1	B-cell Frac A-C (pro-B cells)	B-cell Frac A-C (pro-B cells)	1115	8421	2646	449750	0.2964637064610476	0.018379600629459307	0.7035362935389524	0.9816203993705407
dataset_name-Samusik_seed-42	gatemeclass	num-4	run0	2	Basophils	Basophils	3323	399	294	457916	0.918717168924523	8.705802777565648e-4	0.08128283107547692	0.9991294197222435
dataset_name-Samusik_seed-42	gatemeclass	num-4	run0	3	CD4 T cells	CD4 T cells	4978	478	134	456342	0.9737871674491393	0.001046363994571166	0.02621283255086072	0.9989536360054289
dataset_name-Samusik_seed-42	gatemeclass	num-4	run0	4	CD8 T cells	CD8 T cells	11203	291	31	450407	0.997240519850454	6.456651682501365e-4	0.002759480149546021	0.9993543348317498
dataset_name-Samusik_seed-42	gatemeclass	num-4	run0	5	CLP	CLP	56	45	378	461453	0.12903225806451613	9.750854824939653e-5	0.8709677419354839	0.9999024914517506
dataset_name-Samusik_seed-42	gatemeclass	num-4	run0	6	CMP	CMP	899	216	936	459881	0.4899182561307902	4.694662212533444e-4	0.5100817438692098	0.9995305337787467
dataset_name-Samusik_seed-42	gatemeclass	num-4	run0	7	Classical Monocytes	Classical Monocytes	86385	1486	1819	372242	0.9793773525010203	0.003976153780289408	0.02062264749897964	0.9960238462197106
dataset_name-Samusik_seed-42	gatemeclass	num-4	run0	8	Eosinophils	Eosinophils	47024	1276	1560	412072	0.9678906635929524	0.0030869872359367894	0.032109336407047585	0.9969130127640632
dataset_name-Samusik_seed-42	gatemeclass	num-4	run0	9	GMP	GMP	5386	1805	32	454709	0.994093761535622	0.0039538765514310625	0.005906238464377999	0.9960461234485689
dataset_name-Samusik_seed-42	gatemeclass	num-4	run0	10	HSC	HSC	0	1	24	461907	0	2.1649332767564104e-6	1	0.9999978350667232
dataset_name-Samusik_seed-42	gatemeclass	num-4	run0	11	IgD- IgMpos B cells	IgD- IgMpos B cells	28891	1140	15109	416792	0.6566136363636363	0.002727716470622015	0.34338636363636366	0.997272283529378
dataset_name-Samusik_seed-42	gatemeclass	num-4	run0	12	IgDpos IgMpos B cells	IgDpos IgMpos B cells	102262	2450	473	356747	0.9953959215457244	0.006820769661216547	0.0046040784542755635	0.9931792303387834
dataset_name-Samusik_seed-42	gatemeclass	num-4	run0	13	IgM- IgD- B-cells	IgM- IgD- B-cells	12899	12113	5849	431071	0.6880200554725837	0.027331762879526336	0.31197994452741623	0.9726682371204737
dataset_name-Samusik_seed-42	gatemeclass	num-4	run0	14	Intermediate Monocytes	Intermediate Monocytes	68692	1356	6757	385127	0.9104428156768148	0.003508563119205761	0.0895571843231852	0.9964914368807942
dataset_name-Samusik_seed-42	gatemeclass	num-4	run0	15	MEP	MEP	4428	56	457	456991	0.9064483111566018	1.225256921060635e-4	0.09355168884339815	0.999877474307894
dataset_name-Samusik_seed-42	gatemeclass	num-4	run0	16	MPP	MPP	948	262	177	460545	0.8426666666666667	5.68567751791965e-4	0.15733333333333333	0.9994314322482081
dataset_name-Samusik_seed-42	gatemeclass	num-4	run0	17	Macrophages	Macrophages	2395	387	255	458895	0.9037735849056604	8.426195670633728e-4	0.09622641509433963	0.9991573804329367
dataset_name-Samusik_seed-42	gatemeclass	num-4	run0	18	NK cells	NK cells	1938	611	853	458530	0.6943747760659262	0.0013307458928738666	0.3056252239340738	0.9986692541071261
dataset_name-Samusik_seed-42	gatemeclass	num-4	run0	19	NKT cells	NKT cells	6938	413	633	453948	0.9163914938581429	9.089688595632108e-4	0.08360850614185708	0.9990910311404367
dataset_name-Samusik_seed-42	gatemeclass	num-4	run0	20	Non-Classical Monocytes	Non-Classical Monocytes	7085	5514	52	449281	0.9927140255009107	0.012124143845029078	0.007285974499089253	0.9878758561549709
dataset_name-Samusik_seed-42	gatemeclass	num-4	run0	21	Plasma Cells	Plasma Cells	1254	27	244	460407	0.8371161548731643	5.8640326300837906e-5	0.1628838451268358	0.9999413596736991
dataset_name-Samusik_seed-42	gatemeclass	num-4	run0	22	gd T cells	gd T cells	38	1	323	461570	0.10526315789473684	2.1665139274347826e-6	0.8947368421052632	0.9999978334860725
dataset_name-Samusik_seed-42	gatemeclass	num-4	run0	23	mDCs	mDCs	868	128	87	460849	0.9089005235602095	2.776711202511188e-4	0.09109947643979058	0.9997223288797489
dataset_name-Samusik_seed-42	gatemeclass	num-4	run0	24	pDCs	pDCs	23696	251	108	437877	0.9954629474037977	5.728919402549027e-4	0.004537052596202319	0.9994271080597451
dataset_name-Samusik_seed-42	gatemeclass	num-5	run0	1	B-cell Frac A-C (pro-B cells)	B-cell Frac A-C (pro-B cells)	8	149	3811	464579	0.002094789211835559	3.2061765161556867e-4	0.9979052107881644	0.9996793823483844
dataset_name-Samusik_seed-42	gatemeclass	num-5	run0	2	Basophils	Basophils	3419	815	216	464097	0.9405777166437415	0.0017530199263516536	0.0594222833562586	0.9982469800736483
dataset_name-Samusik_seed-42	gatemeclass	num-5	run0	3	CD4 T cells	CD4 T cells	5067	465	156	462859	0.9701321079839172	0.0010036173390543118	0.02986789201608271	0.9989963826609457
dataset_name-Samusik_seed-42	gatemeclass	num-5	run0	4	CD8 T cells	CD8 T cells	11478	265	60	456744	0.9947997919916797	5.798572894625708e-4	0.005200208008320333	0.9994201427105375
dataset_name-Samusik_seed-42	gatemeclass	num-5	run0	5	CLP	CLP	99	184	342	467922	0.22448979591836735	3.930733637253101e-4	0.7755102040816326	0.9996069266362747
dataset_name-Samusik_seed-42	gatemeclass	num-5	run0	6	CMP	CMP	905	198	940	466504	0.4905149051490515	4.2425359222801704e-4	0.5094850948509485	0.999575746407772
dataset_name-Samusik_seed-42	gatemeclass	num-5	run0	7	Classical Monocytes	Classical Monocytes	87379	1538	1885	377745	0.9788828643126009	0.004055019602776818	0.021117135687399174	0.9959449803972232
dataset_name-Samusik_seed-42	gatemeclass	num-5	run0	8	Eosinophils	Eosinophils	46142	544	2549	419312	0.947649462939763	0.0012956823291795283	0.052350537060237005	0.9987043176708205
dataset_name-Samusik_seed-42	gatemeclass	num-5	run0	9	GMP	GMP	5390	1828	17	461312	0.9968559275013871	0.003946970678412575	0.003144072498612909	0.9960530293215875
dataset_name-Samusik_seed-42	gatemeclass	num-5	run0	10	HSC	HSC	0	1283	27	467237	0	0.0027384103133270723	1	0.9972615896866729
dataset_name-Samusik_seed-42	gatemeclass	num-5	run0	11	IgD- IgMpos B cells	IgD- IgMpos B cells	38367	1548	7502	421130	0.8364472737578756	0.0036623623656778918	0.1635527262421243	0.9963376376343221
dataset_name-Samusik_seed-42	gatemeclass	num-5	run0	12	IgDpos IgMpos B cells	IgDpos IgMpos B cells	105638	2734	463	359712	0.9956362334002508	0.007543192641110676	0.004363766599749295	0.9924568073588893
dataset_name-Samusik_seed-42	gatemeclass	num-5	run0	13	IgM- IgD- B-cells	IgM- IgD- B-cells	0	0	18870	449677	0	0	1	1
dataset_name-Samusik_seed-42	gatemeclass	num-5	run0	14	Intermediate Monocytes	Intermediate Monocytes	68398	1487	5832	392830	0.9214333827293547	0.003771077584785845	0.07856661727064529	0.9962289224152141
dataset_name-Samusik_seed-42	gatemeclass	num-5	run0	15	MEP	MEP	4770	51	115	463611	0.9764585465711362	1.0999391798335856e-4	0.02354145342886387	0.9998900060820166
dataset_name-Samusik_seed-42	gatemeclass	num-5	run0	16	MPP	MPP	959	280	178	467130	0.8434476693051891	5.990458056096361e-4	0.1565523306948109	0.9994009541943903
dataset_name-Samusik_seed-42	gatemeclass	num-5	run0	17	Macrophages	Macrophages	2318	483	221	465525	0.9129578574241828	0.0010364628933408869	0.08704214257581724	0.9989635371066591
dataset_name-Samusik_seed-42	gatemeclass	num-5	run0	18	NK cells	NK cells	1992	616	924	465015	0.6831275720164609	0.0013229359729055841	0.3168724279835391	0.9986770640270944
dataset_name-Samusik_seed-42	gatemeclass	num-5	run0	19	NKT cells	NKT cells	7109	716	588	460134	0.9236065999740158	0.0015536508625366172	0.07639340002598415	0.9984463491374633
dataset_name-Samusik_seed-42	gatemeclass	num-5	run0	20	Non-Classical Monocytes	Non-Classical Monocytes	7404	4638	49	456456	0.9934254662551992	0.010058686515114055	0.006574533744800751	0.9899413134848859
dataset_name-Samusik_seed-42	gatemeclass	num-5	run0	21	Plasma Cells	Plasma Cells	1221	31	344	466951	0.7801916932907348	6.638371500400444e-5	0.21980830670926518	0.999933616284996
dataset_name-Samusik_seed-42	gatemeclass	num-5	run0	22	gd T cells	gd T cells	31	2	315	468199	0.08959537572254335	4.271669646156245e-6	0.9104046242774566	0.9999957283303539
dataset_name-Samusik_seed-42	gatemeclass	num-5	run0	23	mDCs	mDCs	922	129	67	467429	0.9322548028311426	2.759015993737675e-4	0.06774519716885744	0.9997240984006263
dataset_name-Samusik_seed-42	gatemeclass	num-5	run0	24	pDCs	pDCs	23947	234	113	444253	0.9953034081463009	5.264495924515228e-4	0.004696591853699085	0.9994735504075485
dataset_name-Samusik_seed-42	knn	num-1	run0	1	B-cell Frac A-C (pro-B cells)	B-cell Frac A-C (pro-B cells)	1226	15968	2569	442878	0.3230566534914361	0.03480034695736696	0.6769433465085639	0.965199653042633
dataset_name-Samusik_seed-42	knn	num-1	run0	2	Basophils	Basophils	3342	2696	321	456282	0.9123669123669124	0.005873919882870203	0.08763308763308764	0.9941260801171298
dataset_name-Samusik_seed-42	knn	num-1	run0	3	CD4 T cells	CD4 T cells	4157	626	916	456942	0.8194362310270057	0.0013681026645219945	0.18056376897299428	0.998631897335478
dataset_name-Samusik_seed-42	knn	num-1	run0	4	CD8 T cells	CD8 T cells	10350	307	609	451375	0.9444292362441828	6.79681722982098e-4	0.05557076375581713	0.999320318277018
dataset_name-Samusik_seed-42	knn	num-1	run0	5	CLP	CLP	208	4657	226	457550	0.4792626728110599	0.010075572200334483	0.5207373271889401	0.9899244277996655
dataset_name-Samusik_seed-42	knn	num-1	run0	6	CMP	CMP	1564	751	304	460022	0.8372591006423983	0.0016298698057394857	0.16274089935760172	0.9983701301942605
dataset_name-Samusik_seed-42	knn	num-1	run0	7	Classical Monocytes	Classical Monocytes	76645	7966	13930	364100	0.8462048026497377	0.021410179914316277	0.1537951973502622	0.9785898200856837
dataset_name-Samusik_seed-42	knn	num-1	run0	8	Eosinophils	Eosinophils	39774	4202	7475	411190	0.8417955935575356	0.010115746090439874	0.1582044064424644	0.9898842539095601
dataset_name-Samusik_seed-42	knn	num-1	run0	9	GMP	GMP	4690	2900	948	454103	0.83185526782547	0.006345691384958086	0.16814473217452997	0.9936543086150419
dataset_name-Samusik_seed-42	knn	num-1	run0	10	HSC	HSC	0	875	26	461740	0	0.0018914215924688996	1	0.9981085784075311
dataset_name-Samusik_seed-42	knn	num-1	run0	11	IgD- IgMpos B cells	IgD- IgMpos B cells	18057	14632	25573	404379	0.41386660554664223	0.03492032428742921	0.5861333944533578	0.9650796757125708
dataset_name-Samusik_seed-42	knn	num-1	run0	12	IgDpos IgMpos B cells	IgDpos IgMpos B cells	74686	3340	27886	356729	0.7281324338025972	0.0092759998778012	0.2718675661974028	0.9907240001221989
dataset_name-Samusik_seed-42	knn	num-1	run0	13	IgM- IgD- B-cells	IgM- IgD- B-cells	16775	24568	1642	419656	0.9108432426562415	0.055305431494021035	0.08915675734375848	0.944694568505979
dataset_name-Samusik_seed-42	knn	num-1	run0	14	Intermediate Monocytes	Intermediate Monocytes	62095	11281	13600	375665	0.8203315938965585	0.02915393879249301	0.17966840610344145	0.9708460612075069
dataset_name-Samusik_seed-42	knn	num-1	run0	15	MEP	MEP	4494	1001	480	456666	0.9034981905910736	0.002187179761704471	0.09650180940892641	0.9978128202382955
dataset_name-Samusik_seed-42	knn	num-1	run0	16	MPP	MPP	674	965	447	460555	0.6012488849241748	0.002090916970012134	0.39875111507582517	0.9979090830299878
dataset_name-Samusik_seed-42	knn	num-1	run0	17	Macrophages	Macrophages	2245	389	392	459615	0.8513462267728479	8.456448204798219e-4	0.14865377322715206	0.9991543551795202
dataset_name-Samusik_seed-42	knn	num-1	run0	18	NK cells	NK cells	2276	1697	802	457866	0.7394411955815464	0.0036926384413018456	0.2605588044184535	0.9963073615586981
dataset_name-Samusik_seed-42	knn	num-1	run0	19	NKT cells	NKT cells	6137	1541	1503	453460	0.8032722513089006	0.0033868057432840807	0.19672774869109946	0.9966131942567159
dataset_name-Samusik_seed-42	knn	num-1	run0	20	Non-Classical Monocytes	Non-Classical Monocytes	6617	562	460	455002	0.9350007065140596	0.0012336356691924734	0.06499929348594037	0.9987663643308076
dataset_name-Samusik_seed-42	knn	num-1	run0	21	Plasma Cells	Plasma Cells	1564	2	11	461064	0.993015873015873	4.337773767746917e-6	0.006984126984126984	0.9999956622262323
dataset_name-Samusik_seed-42	knn	num-1	run0	22	gd T cells	gd T cells	279	3877	70	458415	0.7994269340974212	0.008386474349545309	0.20057306590257878	0.9916135256504547
dataset_name-Samusik_seed-42	knn	num-1	run0	23	mDCs	mDCs	723	712	257	460949	0.7377551020408163	0.0015422571973807621	0.26224489795918365	0.9984577428026192
dataset_name-Samusik_seed-42	knn	num-1	run0	24	pDCs	pDCs	18290	258	5326	438767	0.7744749322493225	5.876658504640966e-4	0.22552506775067752	0.9994123341495359
dataset_name-Samusik_seed-42	knn	num-2	run0	1	B-cell Frac A-C (pro-B cells)	B-cell Frac A-C (pro-B cells)	1537	17369	2227	442127	0.4083421891604676	0.03780011142643244	0.5916578108395324	0.9621998885735675
dataset_name-Samusik_seed-42	knn	num-2	run0	2	Basophils	Basophils	3218	2715	283	457044	0.9191659525849757	0.005905267759848095	0.08083404741502428	0.9940947322401519
dataset_name-Samusik_seed-42	knn	num-2	run0	3	CD4 T cells	CD4 T cells	3982	863	942	457473	0.8086921202274574	0.0018828981358653912	0.19130787977254265	0.9981171018641346
dataset_name-Samusik_seed-42	knn	num-2	run0	4	CD8 T cells	CD8 T cells	9615	182	1269	452194	0.8834068357221609	4.023201938210692e-4	0.11659316427783903	0.999597679806179
dataset_name-Samusik_seed-42	knn	num-2	run0	5	CLP	CLP	203	4908	243	457906	0.4551569506726457	0.010604692165751252	0.5448430493273543	0.9893953078342488
dataset_name-Samusik_seed-42	knn	num-2	run0	6	CMP	CMP	1598	1130	214	460318	0.8818984547461368	0.0024488133007402784	0.11810154525386314	0.9975511866992597
dataset_name-Samusik_seed-42	knn	num-2	run0	7	Classical Monocytes	Classical Monocytes	71465	8215	18261	365319	0.7964803958718766	0.0219926432399728	0.2035196041281234	0.9780073567600271
dataset_name-Samusik_seed-42	knn	num-2	run0	8	Eosinophils	Eosinophils	38472	9854	7260	407674	0.8412490160062975	0.023600812400605468	0.15875098399370244	0.9763991875993945
dataset_name-Samusik_seed-42	knn	num-2	run0	9	GMP	GMP	3858	1235	1448	456719	0.7271013946475688	0.0026967774055909545	0.2728986053524312	0.9973032225944091
dataset_name-Samusik_seed-42	knn	num-2	run0	10	HSC	HSC	8	462	18	462772	0.3076923076923077	9.973361195421751e-4	0.6923076923076923	0.9990026638804578
dataset_name-Samusik_seed-42	knn	num-2	run0	11	IgD- IgMpos B cells	IgD- IgMpos B cells	20851	19847	23796	398766	0.46701906063117343	0.04741133218509697	0.5329809393688266	0.952588667814903
dataset_name-Samusik_seed-42	knn	num-2	run0	12	IgDpos IgMpos B cells	IgDpos IgMpos B cells	74508	3419	30929	354404	0.7066589527395506	0.009555003451427102	0.29334104726044935	0.9904449965485729
dataset_name-Samusik_seed-42	knn	num-2	run0	13	IgM- IgD- B-cells	IgM- IgD- B-cells	16677	25445	2479	418659	0.8705888494466486	0.057295138075766035	0.12941115055335142	0.942704861924234
dataset_name-Samusik_seed-42	knn	num-2	run0	14	Intermediate Monocytes	Intermediate Monocytes	58408	10049	16963	377840	0.7749399636464953	0.025906896045002566	0.22506003635350466	0.9740931039549975
dataset_name-Samusik_seed-42	knn	num-2	run0	15	MEP	MEP	4203	3073	584	455400	0.8780029245874242	0.0067026847818737415	0.12199707541257572	0.9932973152181263
dataset_name-Samusik_seed-42	knn	num-2	run0	16	MPP	MPP	622	459	478	461701	0.5654545454545454	9.931625411113035e-4	0.43454545454545457	0.9990068374588887
dataset_name-Samusik_seed-42	knn	num-2	run0	17	Macrophages	Macrophages	2278	421	316	460245	0.8781804163454124	9.138942313954145e-4	0.1218195836545875	0.9990861057686046
dataset_name-Samusik_seed-42	knn	num-2	run0	18	NK cells	NK cells	2212	2062	700	458286	0.7596153846153846	0.0044792200682961586	0.2403846153846154	0.9955207799317038
dataset_name-Samusik_seed-42	knn	num-2	run0	19	NKT cells	NKT cells	6217	1331	1337	454375	0.8230076780513635	0.0029207427595862243	0.17699232194863648	0.9970792572404138
dataset_name-Samusik_seed-42	knn	num-2	run0	20	Non-Classical Monocytes	Non-Classical Monocytes	6083	754	1006	455417	0.8580899985893639	0.001652888938577858	0.1419100014106362	0.9983471110614222
dataset_name-Samusik_seed-42	knn	num-2	run0	21	Plasma Cells	Plasma Cells	1515	2	30	461713	0.9805825242718447	4.3316764670846735e-6	0.019417475728155338	0.9999956683235329
dataset_name-Samusik_seed-42	knn	num-2	run0	22	gd T cells	gd T cells	264	3142	83	459771	0.760806916426513	0.006787452501874003	0.23919308357348704	0.993212547498126
dataset_name-Samusik_seed-42	knn	num-2	run0	23	mDCs	mDCs	604	282	385	461989	0.6107178968655207	6.100317778965152e-4	0.38928210313447925	0.9993899682221035
dataset_name-Samusik_seed-42	knn	num-2	run0	24	pDCs	pDCs	17401	242	6210	439407	0.7369869975858709	5.504391002822707e-4	0.263013002414129	0.9994495608997177
dataset_name-Samusik_seed-42	knn	num-3	run0	1	B-cell Frac A-C (pro-B cells)	B-cell Frac A-C (pro-B cells)	1503	22483	2394	433158	0.3856812933025404	0.049343671882029934	0.6143187066974596	0.9506563281179701
dataset_name-Samusik_seed-42	knn	num-3	run0	2	Basophils	Basophils	3181	2786	518	453053	0.8599621519329549	0.006111807019583668	0.14003784806704514	0.9938881929804163
dataset_name-Samusik_seed-42	knn	num-3	run0	3	CD4 T cells	CD4 T cells	4299	989	768	453482	0.8484310242747187	0.0021761564544272353	0.15156897572528122	0.9978238435455727
dataset_name-Samusik_seed-42	knn	num-3	run0	4	CD8 T cells	CD8 T cells	10611	395	545	447987	0.9511473646468268	8.809452654210026e-4	0.048852635353173184	0.999119054734579
dataset_name-Samusik_seed-42	knn	num-3	run0	5	CLP	CLP	125	2473	303	456637	0.29205607476635514	0.005386508679837076	0.7079439252336449	0.994613491320163
dataset_name-Samusik_seed-42	knn	num-3	run0	6	CMP	CMP	1567	815	275	456881	0.8507057546145494	0.0017806579039362372	0.1492942453854506	0.9982193420960638
dataset_name-Samusik_seed-42	knn	num-3	run0	7	Classical Monocytes	Classical Monocytes	67752	5266	19842	366678	0.7734776354544832	0.014158045297141505	0.22652236454551683	0.9858419547028585
dataset_name-Samusik_seed-42	knn	num-3	run0	8	Eosinophils	Eosinophils	42496	8690	6349	402003	0.8700174019858736	0.021159357476265725	0.12998259801412632	0.9788406425237343
dataset_name-Samusik_seed-42	knn	num-3	run0	9	GMP	GMP	4572	3480	897	450589	0.8359846407021393	0.007664033439851652	0.16401535929786068	0.9923359665601483
dataset_name-Samusik_seed-42	knn	num-3	run0	10	HSC	HSC	3	278	25	459232	0.10714285714285714	6.0499227437923e-4	0.8928571428571429	0.9993950077256207
dataset_name-Samusik_seed-42	knn	num-3	run0	11	IgD- IgMpos B cells	IgD- IgMpos B cells	15840	15920	29581	398197	0.34873736817771517	0.03844324188574726	0.6512626318222848	0.9615567581142528
dataset_name-Samusik_seed-42	knn	num-3	run0	12	IgDpos IgMpos B cells	IgDpos IgMpos B cells	71260	3550	28713	356015	0.7127924539625698	0.00987304103569591	0.2872075460374301	0.9901269589643041
dataset_name-Samusik_seed-42	knn	num-3	run0	13	IgM- IgD- B-cells	IgM- IgD- B-cells	17240	26678	2290	413330	0.8827444956477215	0.06063071580516718	0.11725550435227855	0.9393692841948328
dataset_name-Samusik_seed-42	knn	num-3	run0	14	Intermediate Monocytes	Intermediate Monocytes	60791	10421	12964	375362	0.8242288658396041	0.027012595163602337	0.17577113416039591	0.9729874048363977
dataset_name-Samusik_seed-42	knn	num-3	run0	15	MEP	MEP	4730	1108	249	453451	0.949989957822856	0.0024375273616846216	0.050010042177144005	0.9975624726383153
dataset_name-Samusik_seed-42	knn	num-3	run0	16	MPP	MPP	707	367	413	458051	0.63125	8.005793838810867e-4	0.36875	0.9991994206161189
dataset_name-Samusik_seed-42	knn	num-3	run0	17	Macrophages	Macrophages	2451	514	256	456317	0.9054303657185075	0.0011251425581889146	0.09456963428149243	0.998874857441811
dataset_name-Samusik_seed-42	knn	num-3	run0	18	NK cells	NK cells	2510	2398	542	454088	0.8224115334207077	0.005253173153174468	0.17758846657929228	0.9947468268468256
dataset_name-Samusik_seed-42	knn	num-3	run0	19	NKT cells	NKT cells	5886	911	1786	450955	0.7672054223149114	0.0020160844144060408	0.23279457768508863	0.997983915585594
dataset_name-Samusik_seed-42	knn	num-3	run0	20	Non-Classical Monocytes	Non-Classical Monocytes	6425	262	517	452334	0.9255257850763469	5.788827121759804e-4	0.07447421492365312	0.999421117287824
dataset_name-Samusik_seed-42	knn	num-3	run0	21	Plasma Cells	Plasma Cells	1244	1	9	458284	0.9928172386272945	2.1820482887286295e-6	0.007182761372705506	0.9999978179517113
dataset_name-Samusik_seed-42	knn	num-3	run0	22	gd T cells	gd T cells	258	3646	97	455537	0.7267605633802817	0.007940189423388932	0.27323943661971833	0.9920598105766111
dataset_name-Samusik_seed-42	knn	num-3	run0	23	mDCs	mDCs	774	850	198	457716	0.7962962962962963	0.0018536044974987243	0.2037037037037037	0.9981463955025013
dataset_name-Samusik_seed-42	knn	num-3	run0	24	pDCs	pDCs	18881	151	4901	435605	0.7939197712555714	3.465242016174189e-4	0.20608022874442855	0.9996534757983826
dataset_name-Samusik_seed-42	knn	num-4	run0	1	B-cell Frac A-C (pro-B cells)	B-cell Frac A-C (pro-B cells)	1804	22094	1957	436077	0.47965966498271734	0.04822217032505331	0.5203403350172826	0.9517778296749467
dataset_name-Samusik_seed-42	knn	num-4	run0	2	Basophils	Basophils	3277	2052	340	456263	0.9059994470555709	0.004477269999890904	0.09400055294442909	0.995522730000109
dataset_name-Samusik_seed-42	knn	num-4	run0	3	CD4 T cells	CD4 T cells	3975	631	1137	456189	0.7775821596244131	0.0013812880346744888	0.22241784037558684	0.9986187119653255
dataset_name-Samusik_seed-42	knn	num-4	run0	4	CD8 T cells	CD8 T cells	10514	291	720	450407	0.9359088481395763	6.456651682501365e-4	0.06409115186042372	0.9993543348317498
dataset_name-Samusik_seed-42	knn	num-4	run0	5	CLP	CLP	178	2337	256	459161	0.41013824884792627	0.0050639439390853264	0.5898617511520737	0.9949360560609146
dataset_name-Samusik_seed-42	knn	num-4	run0	6	CMP	CMP	1605	892	230	459205	0.8746594005449592	0.0019387216173980704	0.12534059945504086	0.998061278382602
dataset_name-Samusik_seed-42	knn	num-4	run0	7	Classical Monocytes	Classical Monocytes	71533	7537	16671	366191	0.8109949662146841	0.020167073379570168	0.18900503378531586	0.9798329266204299
dataset_name-Samusik_seed-42	knn	num-4	run0	8	Eosinophils	Eosinophils	41298	8168	7286	405180	0.8500329326527252	0.01976058914038534	0.14996706734727483	0.9802394108596146
dataset_name-Samusik_seed-42	knn	num-4	run0	9	GMP	GMP	4422	2158	996	454356	0.8161683277962348	0.004727127755118134	0.18383167220376523	0.9952728722448818
dataset_name-Samusik_seed-42	knn	num-4	run0	10	HSC	HSC	9	1695	15	460213	0.375	0.0036695619041021157	0.625	0.9963304380958978
dataset_name-Samusik_seed-42	knn	num-4	run0	11	IgD- IgMpos B cells	IgD- IgMpos B cells	23930	23600	20070	394332	0.5438636363636363	0.05646851640936803	0.4561363636363636	0.943531483590632
dataset_name-Samusik_seed-42	knn	num-4	run0	12	IgDpos IgMpos B cells	IgDpos IgMpos B cells	65934	3179	36801	356018	0.6417871222076216	0.008850296633880572	0.3582128777923784	0.9911497033661194
dataset_name-Samusik_seed-42	knn	num-4	run0	13	IgM- IgD- B-cells	IgM- IgD- B-cells	14682	17541	4066	425643	0.7831235331768722	0.03957949745478176	0.2168764668231278	0.9604205025452183
dataset_name-Samusik_seed-42	knn	num-4	run0	14	Intermediate Monocytes	Intermediate Monocytes	63165	10311	12284	376172	0.8371880343013162	0.026679051859978316	0.1628119656986839	0.9733209481400217
dataset_name-Samusik_seed-42	knn	num-4	run0	15	MEP	MEP	4047	1661	838	455386	0.8284544524053225	0.0036341995462173472	0.17154554759467758	0.9963658004537826
dataset_name-Samusik_seed-42	knn	num-4	run0	16	MPP	MPP	591	1148	534	459659	0.5253333333333333	0.0024912815994548696	0.4746666666666667	0.9975087184005451
dataset_name-Samusik_seed-42	knn	num-4	run0	17	Macrophages	Macrophages	2435	511	215	458771	0.9188679245283019	0.0011126061983705	0.08113207547169811	0.9988873938016295
dataset_name-Samusik_seed-42	knn	num-4	run0	18	NK cells	NK cells	2374	1561	417	457580	0.850591185954855	0.003399827068373332	0.1494088140451451	0.9966001729316266
dataset_name-Samusik_seed-42	knn	num-4	run0	19	NKT cells	NKT cells	6249	1482	1322	452879	0.8253863426231673	0.003261723607439899	0.17461365737683265	0.9967382763925601
dataset_name-Samusik_seed-42	knn	num-4	run0	20	Non-Classical Monocytes	Non-Classical Monocytes	6753	531	384	454264	0.9461958806221101	0.001167559010103453	0.05380411937788987	0.9988324409898965
dataset_name-Samusik_seed-42	knn	num-4	run0	21	Plasma Cells	Plasma Cells	1488	2	10	460432	0.9933244325767691	4.343727874136141e-6	0.006675567423230975	0.9999956562721258
dataset_name-Samusik_seed-42	knn	num-4	run0	22	gd T cells	gd T cells	263	2055	98	459516	0.7285318559556787	0.004452186120878478	0.27146814404432135	0.9955478138791215
dataset_name-Samusik_seed-42	knn	num-4	run0	23	mDCs	mDCs	615	348	340	460629	0.643979057591623	7.549183581827293e-4	0.35602094240837695	0.9992450816418172
dataset_name-Samusik_seed-42	knn	num-4	run0	24	pDCs	pDCs	18686	320	5118	437808	0.7849941186355235	7.303801628747764e-4	0.21500588136447657	0.9992696198371253
dataset_name-Samusik_seed-42	knn	num-5	run0	1	B-cell Frac A-C (pro-B cells)	B-cell Frac A-C (pro-B cells)	1650	24654	2169	440074	0.43205027494108406	0.053050386462619	0.5679497250589159	0.946949613537381
dataset_name-Samusik_seed-42	knn	num-5	run0	2	Basophils	Basophils	3101	1361	534	463551	0.8530949105914718	0.0029274357297725162	0.1469050894085282	0.9970725642702275
dataset_name-Samusik_seed-42	knn	num-5	run0	3	CD4 T cells	CD4 T cells	4383	576	840	462748	0.83917288914417	0.0012431905103124378	0.16082711085582999	0.9987568094896876
dataset_name-Samusik_seed-42	knn	num-5	run0	4	CD8 T cells	CD8 T cells	10645	251	893	456758	0.9226035708094991	5.492233194532274e-4	0.07739642919050095	0.9994507766805468
dataset_name-Samusik_seed-42	knn	num-5	run0	5	CLP	CLP	200	5663	241	462443	0.45351473922902497	0.012097687275958864	0.546485260770975	0.9879023127240412
dataset_name-Samusik_seed-42	knn	num-5	run0	6	CMP	CMP	1567	1001	278	465701	0.8493224932249323	0.0021448376051527527	0.15067750677506775	0.9978551623948473
dataset_name-Samusik_seed-42	knn	num-5	run0	7	Classical Monocytes	Classical Monocytes	70053	7680	19211	371603	0.78478445958057	0.02024873247680492	0.21521554041943	0.9797512675231951
dataset_name-Samusik_seed-42	knn	num-5	run0	8	Eosinophils	Eosinophils	40582	6644	8109	413212	0.8334599823375983	0.015824473152699973	0.16654001766240167	0.9841755268473
dataset_name-Samusik_seed-42	knn	num-5	run0	9	GMP	GMP	4103	990	1304	462150	0.7588311448122804	0.002137582588418189	0.24116885518771963	0.9978624174115818
dataset_name-Samusik_seed-42	knn	num-5	run0	10	HSC	HSC	4	2624	23	465896	0.14814814814814814	0.005600614701613592	0.8518518518518519	0.9943993852983865
dataset_name-Samusik_seed-42	knn	num-5	run0	11	IgD- IgMpos B cells	IgD- IgMpos B cells	23375	15920	22494	406758	0.5096034358717216	0.037664605207746796	0.49039656412827837	0.9623353947922532
dataset_name-Samusik_seed-42	knn	num-5	run0	12	IgDpos IgMpos B cells	IgDpos IgMpos B cells	78044	3453	28057	358993	0.7355632840406782	0.009526936426391793	0.2644367159593218	0.9904730635736082
dataset_name-Samusik_seed-42	knn	num-5	run0	13	IgM- IgD- B-cells	IgM- IgD- B-cells	15247	15153	3623	434524	0.8080021197668257	0.03369752066483276	0.19199788023317435	0.9663024793351672
dataset_name-Samusik_seed-42	knn	num-5	run0	14	Intermediate Monocytes	Intermediate Monocytes	54584	11842	19646	382475	0.7353361174727199	0.030031675022887675	0.26466388252728007	0.9699683249771123
dataset_name-Samusik_seed-42	knn	num-5	run0	15	MEP	MEP	4686	2728	199	460934	0.9592630501535312	0.0058835962403647486	0.040736949846468785	0.9941164037596353
dataset_name-Samusik_seed-42	knn	num-5	run0	16	MPP	MPP	676	1442	461	465968	0.594547053649956	0.003085085898889626	0.405452946350044	0.9969149141011103
dataset_name-Samusik_seed-42	knn	num-5	run0	17	Macrophages	Macrophages	2206	502	333	465506	0.8688460023631351	0.0010772347255841102	0.13115399763686492	0.9989227652744159
dataset_name-Samusik_seed-42	knn	num-5	run0	18	NK cells	NK cells	2510	1814	406	463817	0.8607681755829903	0.003895788725407028	0.1392318244170096	0.9961042112745929
dataset_name-Samusik_seed-42	knn	num-5	run0	19	NKT cells	NKT cells	6164	888	1533	459962	0.8008314927893985	0.0019268742540956927	0.19916850721060153	0.9980731257459043
dataset_name-Samusik_seed-42	knn	num-5	run0	20	Non-Classical Monocytes	Non-Classical Monocytes	7182	1241	271	459853	0.9636388031665102	0.002691425175777607	0.03636119683348987	0.9973085748242224
dataset_name-Samusik_seed-42	knn	num-5	run0	21	Plasma Cells	Plasma Cells	1508	2	57	466980	0.9635782747603834	4.282820322838996e-6	0.03642172523961661	0.9999957171796772
dataset_name-Samusik_seed-42	knn	num-5	run0	22	gd T cells	gd T cells	236	9134	110	459067	0.6820809248554913	0.01950871527399557	0.3179190751445087	0.9804912847260044
dataset_name-Samusik_seed-42	knn	num-5	run0	23	mDCs	mDCs	596	1261	393	466297	0.60262891809909	0.002696991603180782	0.39737108190091003	0.9973030083968192
dataset_name-Samusik_seed-42	knn	num-5	run0	24	pDCs	pDCs	18160	261	5900	444226	0.7547797173732336	5.871937761959292e-4	0.24522028262676643	0.999412806223804
dataset_name-Samusik_seed-42	lda	num-1	run0	1	B-cell Frac A-C (pro-B cells)	B-cell Frac A-C (pro-B cells)	34	136	3761	458710	0.008959156785243741	2.9639574061885685e-4	0.9910408432147563	0.9997036042593811
dataset_name-Samusik_seed-42	lda	num-1	run0	2	Basophils	Basophils	3163	518	500	458460	0.8634998634998635	0.0011285943988600762	0.1365001365001365	0.99887140560114
dataset_name-Samusik_seed-42	lda	num-1	run0	3	CD4 T cells	CD4 T cells	4506	662	567	456906	0.8882318154937907	0.0014467794950695852	0.11176818450620934	0.99855322050493045
dataset_name-Samusik_seed-42	lda	num-1	run0	4	CD8 T cells	CD8 T cells	9687	242	1272	451440	0.8839310156036134	5.357751692562467e-4	0.11606898439638653	0.9994642248307437
dataset_name-Samusik_seed-42	lda	num-1	run0	5	CLP	CLP	148	684	286	461523	0.34101382488479265	0.001479856427964094	0.6589861751152074	0.9985201435720359
dataset_name-Samusik_seed-42	lda	num-1	run0	6	CMP	CMP	542	1011	1326	459762	0.29014989293361887	0.0021941389794974966	0.7098501070663812	0.9978058610205025
dataset_name-Samusik_seed-42	lda	num-1	run0	7	Classical Monocytes	Classical Monocytes	79232	6689	11343	365377	0.8747667678719293	0.017977993151752646	0.12523323212807067	0.9820220068482474
dataset_name-Samusik_seed-42	lda	num-1	run0	8	Eosinophils	Eosinophils	40789	183	6460	415209	0.8632775296831678	4.4054772359602496e-4	0.1367224703168321	0.999559452276404
dataset_name-Samusik_seed-42	lda	num-1	run0	9	GMP	GMP	2910	592	2728	456411	0.5161404753458674	0.001295396310308685	0.4838595246541327	0.9987046036896913
dataset_name-Samusik_seed-42	lda	num-1	run0	10	HSC	HSC	5	180	21	462435	0.19230769230769232	3.890924418793165e-4	0.8076923076923077	0.9996109075581207
dataset_name-Samusik_seed-42	lda	num-1	run0	11	IgD- IgMpos B cells	IgD- IgMpos B cells	22588	5142	21042	413869	0.5177171670868669	0.012271754202156983	0.4822828329131332	0.987728245797843
dataset_name-Samusik_seed-42	lda	num-1	run0	12	IgDpos IgMpos B cells	IgDpos IgMpos B cells	89010	938	13562	359131	0.8677806808875717	0.0026050562531070433	0.13221931911242835	0.997394943746893
dataset_name-Samusik_seed-42	lda	num-1	run0	13	IgM- IgD- B-cells	IgM- IgD- B-cells	4088	3414	14329	440810	0.22196883314329152	0.007685311914709696	0.7780311668567085	0.9923146880852903
dataset_name-Samusik_seed-42	lda	num-1	run0	14	Intermediate Monocytes	Intermediate Monocytes	65226	4909	10469	382037	0.8616949600369905	0.012686524734717505	0.13830503996300944	0.9873134752652825
dataset_name-Samusik_seed-42	lda	num-1	run0	15	MEP	MEP	3157	774	1817	456893	0.6347004422999598	0.0016911859496096507	0.3652995577000402	0.9983088140503904
dataset_name-Samusik_seed-42	lda	num-1	run0	16	MPP	MPP	508	1433	613	460087	0.45316681534344333	0.0031049575316345985	0.5468331846565566	0.9968950424683654
dataset_name-Samusik_seed-42	lda	num-1	run0	17	Macrophages	Macrophages	2115	292	522	459712	0.8020477815699659	6.347770888948792e-4	0.19795221843003413	0.9993652229111051
dataset_name-Samusik_seed-42	lda	num-1	run0	18	NK cells	NK cells	2477	1095	601	458468	0.8047433398310592	0.0023826983460374313	0.19525666016894086	0.9976173016539626
dataset_name-Samusik_seed-42	lda	num-1	run0	19	NKT cells	NKT cells	6063	1042	1577	453959	0.793586387434555	0.0022901048569124024	0.20641361256544502	0.9977098951430876
dataset_name-Samusik_seed-42	lda	num-1	run0	20	Non-Classical Monocytes	Non-Classical Monocytes	5926	405	1151	455159	0.8373604634732231	8.890079110728679e-4	0.16263953652677687	0.9991109920889272
dataset_name-Samusik_seed-42	lda	num-1	run0	21	Plasma Cells	Plasma Cells	1540	2	35	461064	0.9777777777777777	4.337773767746917e-6	0.022222222222222223	0.9999956622262323
dataset_name-Samusik_seed-42	lda	num-1	run0	22	gd T cells	gd T cells	301	604	48	461688	0.8624641833810889	0.0013065335329185883	0.13753581661891118	0.9986934664670815
dataset_name-Samusik_seed-42	lda	num-1	run0	23	mDCs	mDCs	844	114	136	461547	0.8612244897959184	2.4693443890647034e-4	0.13877551020408163	0.9997530655610936
dataset_name-Samusik_seed-42	lda	num-1	run0	24	pDCs	pDCs	19745	26	3871	438999	0.8360857046070461	5.922213996925004e-5	0.16391429539295393	0.9999407778600308
dataset_name-Samusik_seed-42	lda	num-2	run0	1	B-cell Frac A-C (pro-B cells)	B-cell Frac A-C (pro-B cells)	82	260	3682	459236	0.021785334750265676	5.658373522293992e-4	0.9782146652497343	0.9994341626477706
dataset_name-Samusik_seed-42	lda	num-2	run0	2	Basophils	Basophils	2262	235	1239	459524	0.6461011139674379	5.111373567455994e-4	0.35389888603256214	0.9994888626432544
dataset_name-Samusik_seed-42	lda	num-2	run0	3	CD4 T cells	CD4 T cells	4147	562	777	457774	0.8422014622258327	0.0012261746840745655	0.15779853777416733	0.9987738253159254
dataset_name-Samusik_seed-42	lda	num-2	run0	4	CD8 T cells	CD8 T cells	8749	182	2135	452194	0.8038404998162441	4.023201938210692e-4	0.19615950018375597	0.999597679806179
dataset_name-Samusik_seed-42	lda	num-2	run0	5	CLP	CLP	167	1264	279	461550	0.3744394618834081	0.0027311187647737537	0.625560538116592	0.9972688812352263
dataset_name-Samusik_seed-42	lda	num-2	run0	6	CMP	CMP	470	922	1342	460526	0.25938189845474613	0.0019980582860907405	0.7406181015452539	0.9980019417139092
dataset_name-Samusik_seed-42	lda	num-2	run0	7	Classical Monocytes	Classical Monocytes	71120	8333	18606	365201	0.7926353565298798	0.022308544871417327	0.20736464347012015	0.9776914551285827
dataset_name-Samusik_seed-42	lda	num-2	run0	8	Eosinophils	Eosinophils	40076	498	5656	417030	0.8763229248666142	0.0011927343794907168	0.12367707513338581	0.9988072656205093
dataset_name-Samusik_seed-42	lda	num-2	run0	9	GMP	GMP	1709	313	3597	457641	0.3220882020354316	6.83474759473659e-4	0.6779117979645685	0.9993165252405264
dataset_name-Samusik_seed-42	lda	num-2	run0	10	HSC	HSC	4	470	22	462764	0.15384615384615385	0.001014606009058057	0.8461538461538461	0.998985393990942
dataset_name-Samusik_seed-42	lda	num-2	run0	11	IgD- IgMpos B cells	IgD- IgMpos B cells	25957	10790	18690	407823	0.5813828476717361	0.025775597031148102	0.41861715232826396	0.9742244029688519
dataset_name-Samusik_seed-42	lda	num-2	run0	12	IgDpos IgMpos B cells	IgDpos IgMpos B cells	82839	753	22598	357070	0.7856729611047355	0.0021043923951227284	0.21432703889526447	0.9978956076048773
dataset_name-Samusik_seed-42	lda	num-2	run0	13	IgM- IgD- B-cells	IgM- IgD- B-cells	1755	1485	17401	442619	0.09161620380037586	0.0033438113595013782	0.9083837961996242	0.9966561886404987
dataset_name-Samusik_seed-42	lda	num-2	run0	14	Intermediate Monocytes	Intermediate Monocytes	51293	2797	24078	385092	0.6805402608430298	0.007210825777477578	0.3194597391569702	0.9927891742225224
dataset_name-Samusik_seed-42	lda	num-2	run0	15	MEP	MEP	2488	419	2299	458054	0.51974096511385	9.139033269134714e-4	0.48025903488615	0.9990860966730866
dataset_name-Samusik_seed-42	lda	num-2	run0	16	MPP	MPP	356	1037	744	461123	0.3236363636363636	0.002243811666955167	0.6763636363636364	0.9977561883330448
dataset_name-Samusik_seed-42	lda	num-2	run0	17	Macrophages	Macrophages	2284	375	310	460291	0.8804934464148034	8.140388046871269e-4	0.1195065535851966	0.9991859611953129
dataset_name-Samusik_seed-42	lda	num-2	run0	18	NK cells	NK cells	2034	936	878	459412	0.698489010989011	0.0020332444150946674	0.301510989010989	0.9979667555849053
dataset_name-Samusik_seed-42	lda	num-2	run0	19	NKT cells	NKT cells	5929	1375	1625	454331	0.7848821816256288	0.0030172962392419674	0.2151178183743712	0.996982703760758
dataset_name-Samusik_seed-42	lda	num-2	run0	20	Non-Classical Monocytes	Non-Classical Monocytes	5897	471	1192	455700	0.8318521653265623	0.0010325075465121632	0.16814783467343772	0.9989674924534878
dataset_name-Samusik_seed-42	lda	num-2	run0	21	Plasma Cells	Plasma Cells	1406	2	139	461713	0.9100323624595469	4.3316764670846735e-6	0.08996763754045307	0.9999956683235329
dataset_name-Samusik_seed-42	lda	num-2	run0	22	gd T cells	gd T cells	280	339	67	462574	0.8069164265129684	7.323190318699194e-4	0.1930835734870317	0.9992676809681301
dataset_name-Samusik_seed-42	lda	num-2	run0	23	mDCs	mDCs	791	84	198	462187	0.7997977755308392	1.8171159341598327e-4	0.20020222446916078	0.999818288406584
dataset_name-Samusik_seed-42	lda	num-2	run0	24	pDCs	pDCs	19087	4	4524	439645	0.8083943924441997	9.098166946814391e-6	0.19160560755580025	0.9999909018330532
dataset_name-Samusik_seed-42	lda	num-3	run0	1	B-cell Frac A-C (pro-B cells)	B-cell Frac A-C (pro-B cells)	24	219	3873	455422	0.006158583525789068	4.806415577175891e-4	0.993841416474211	0.9995193584422825
dataset_name-Samusik_seed-42	lda	num-3	run0	2	Basophils	Basophils	3147	507	552	455332	0.8507704785077048	0.0011122348021998995	0.1492295214922952	0.9988877651978001
dataset_name-Samusik_seed-42	lda	num-3	run0	3	CD4 T cells	CD4 T cells	4396	598	671	453873	0.8675745016775213	0.0013158155305839096	0.1324254983224788	0.9986841844694161
dataset_name-Samusik_seed-42	lda	num-3	run0	4	CD8 T cells	CD8 T cells	10123	374	1033	448008	0.9074040874865543	8.341102006771012e-4	0.09259591251344568	0.9991658897993229
dataset_name-Samusik_seed-42	lda	num-3	run0	5	CLP	CLP	134	843	294	458267	0.3130841121495327	0.0018361612685413081	0.6869158878504673	0.9981638387314586
dataset_name-Samusik_seed-42	lda	num-3	run0	6	CMP	CMP	424	740	1418	456956	0.2301845819761129	0.0016167936796476264	0.7698154180238871	0.9983832063203524
dataset_name-Samusik_seed-42	lda	num-3	run0	7	Classical Monocytes	Classical Monocytes	76555	5883	11039	366061	0.8739753864419938	0.01581689716731551	0.12602461355800626	0.9841831028326845
dataset_name-Samusik_seed-42	lda	num-3	run0	8	Eosinophils	Eosinophils	41679	176	7166	410517	0.8532910226225816	4.2854394888639446e-4	0.14670897737741836	0.9995714560511136
dataset_name-Samusik_seed-42	lda	num-3	run0	9	GMP	GMP	2744	695	2725	453374	0.5017370634485281	0.001530604379510603	0.4982629365514719	0.9984693956204894
dataset_name-Samusik_seed-42	lda	num-3	run0	10	HSC	HSC	2	63	26	459447	0.07142857142857142	1.371025657765881e-4	0.9285714285714286	0.9998628974342234
dataset_name-Samusik_seed-42	lda	num-3	run0	11	IgD- IgMpos B cells	IgD- IgMpos B cells	31585	9407	13836	404710	0.6953831927962837	0.02271580253889601	0.30461680720371637	0.977284197461104
dataset_name-Samusik_seed-42	lda	num-3	run0	12	IgDpos IgMpos B cells	IgDpos IgMpos B cells	87887	1107	12086	358458	0.8791073589869265	0.0030787201201451756	0.12089264101307352	0.9969212798798548
dataset_name-Samusik_seed-42	lda	num-3	run0	13	IgM- IgD- B-cells	IgM- IgD- B-cells	3296	3367	16234	436641	0.16876600102406555	0.007652133597570953	0.8312339989759344	0.992347866402429
dataset_name-Samusik_seed-42	lda	num-3	run0	14	Intermediate Monocytes	Intermediate Monocytes	62984	5401	10771	380382	0.8539624432241882	0.014000098500970753	0.14603755677581182	0.9859999014990293
dataset_name-Samusik_seed-42	lda	num-3	run0	15	MEP	MEP	3052	745	1927	453814	0.6129744928700542	0.0016389511592554541	0.38702550712994577	0.9983610488407445
dataset_name-Samusik_seed-42	lda	num-3	run0	16	MPP	MPP	453	1485	667	456933	0.4044642857142857	0.003239401594178239	0.5955357142857143	0.9967605984058218
dataset_name-Samusik_seed-42	lda	num-3	run0	17	Macrophages	Macrophages	2647	552	60	456279	0.9778352419652752	0.0012083243037359548	0.02216475803472479	0.998791675696264
dataset_name-Samusik_seed-42	lda	num-3	run0	18	NK cells	NK cells	2319	1195	733	455291	0.759829619921363	0.0026178239858396534	0.24017038007863695	0.9973821760141603
dataset_name-Samusik_seed-42	lda	num-3	run0	19	NKT cells	NKT cells	5996	887	1676	450979	0.7815432742440042	0.0019629713233569246	0.21845672575599584	0.9980370286766431
dataset_name-Samusik_seed-42	lda	num-3	run0	20	Non-Classical Monocytes	Non-Classical Monocytes	4998	210	1944	452386	0.7199654278305964	4.63989960141053e-4	0.28003457216940364	0.9995360100398589
dataset_name-Samusik_seed-42	lda	num-3	run0	21	Plasma Cells	Plasma Cells	1208	1	45	458284	0.9640861931364725	2.1820482887286295e-6	0.035913806863527534	0.9999978179517113
dataset_name-Samusik_seed-42	lda	num-3	run0	22	gd T cells	gd T cells	235	283	120	458900	0.6619718309859155	6.163120150353998e-4	0.3380281690140845	0.9993836879849646
dataset_name-Samusik_seed-42	lda	num-3	run0	23	mDCs	mDCs	755	82	217	458484	0.7767489711934157	1.788183162292887e-4	0.22325102880658437	0.9998211816837708
dataset_name-Samusik_seed-42	lda	num-3	run0	24	pDCs	pDCs	18906	7	4876	435749	0.7949709864603481	1.6064035836569088e-5	0.20502901353965183	0.9999839359641635
dataset_name-Samusik_seed-42	lda	num-4	run0	1	B-cell Frac A-C (pro-B cells)	B-cell Frac A-C (pro-B cells)	14	180	3747	457991	0.003722414251528849	3.928664188698106e-4	0.9962775857484711	0.9996071335811302
dataset_name-Samusik_seed-42	lda	num-4	run0	2	Basophils	Basophils	2825	411	792	457904	0.7810340060823887	0.00089676314325300285	0.2189659939176113	0.999103236856747
dataset_name-Samusik_seed-42	lda	num-4	run0	3	CD4 T cells	CD4 T cells	4119	525	993	456295	0.8057511737089202	0.0011492491572172847	0.1942488262910798	0.9988507508427827
dataset_name-Samusik_seed-42	lda	num-4	run0	4	CD8 T cells	CD8 T cells	9748	296	1486	450402	0.867722983799181	6.567590714846749e-4	0.13227701620081894	0.9993432409285153
dataset_name-Samusik_seed-42	lda	num-4	run0	5	CLP	CLP	166	878	268	460620	0.3824884792626728	0.0019025001191771145	0.6175115207373272	0.9980974998808229
dataset_name-Samusik_seed-42	lda	num-4	run0	6	CMP	CMP	476	756	1359	459341	0.25940054495912807	0.0016431317743867055	0.740599455040872	0.9983568682256133
dataset_name-Samusik_seed-42	lda	num-4	run0	7	Classical Monocytes	Classical Monocytes	77196	11641	11008	362087	0.8751984037005125	0.031148321774124497	0.12480159629948755	0.9688516782258755
dataset_name-Samusik_seed-42	lda	num-4	run0	8	Eosinophils	Eosinophils	41290	233	7294	413115	0.8498682693890993	5.636896755276425e-4	0.1501317306109007	0.9994363103244723
dataset_name-Samusik_seed-42	lda	num-4	run0	9	GMP	GMP	2465	464	2953	456050	0.4549649317091178	0.0010163981827501457	0.5450350682908822	0.9989836018172499
dataset_name-Samusik_seed-42	lda	num-4	run0	10	HSC	HSC	3	313	21	461595	0.125	6.776241156247564e-4	0.875	0.9993223758843752
dataset_name-Samusik_seed-42	lda	num-4	run0	11	IgD- IgMpos B cells	IgD- IgMpos B cells	28464	9089	15536	408843	0.6469090909090909	0.021747557018845173	0.35309090909090907	0.9782524429811549
dataset_name-Samusik_seed-42	lda	num-4	run0	12	IgDpos IgMpos B cells	IgDpos IgMpos B cells	82092	799	20643	358398	0.7990655570156228	0.0022244061058416414	0.2009344429843773	0.9977755938941584
dataset_name-Samusik_seed-42	lda	num-4	run0	13	IgM- IgD- B-cells	IgM- IgD- B-cells	1751	1291	16997	441893	0.0933966289737572	0.002913011300046933	0.9066033710262428	0.997086988699953
dataset_name-Samusik_seed-42	lda	num-4	run0	14	Intermediate Monocytes	Intermediate Monocytes	52989	3681	22460	382802	0.702315471378017	0.009524351653242186	0.2976845286219831	0.9904756483467578
dataset_name-Samusik_seed-42	lda	num-4	run0	15	MEP	MEP	2889	573	1996	456474	0.5914022517911975	0.0012537003852995424	0.40859774820880246	0.9987462996147004
dataset_name-Samusik_seed-42	lda	num-4	run0	16	MPP	MPP	409	1436	716	459371	0.3635555555555556	0.003116272105241457	0.6364444444444445	0.9968837278947585
dataset_name-Samusik_seed-42	lda	num-4	run0	17	Macrophages	Macrophages	2530	458	120	458824	0.9547169811320755	9.972086866021311e-4	0.045283018867924525	0.9990027913133979
dataset_name-Samusik_seed-42	lda	num-4	run0	18	NK cells	NK cells	2079	1045	712	458096	0.7448943031171623	0.002275989293049412	0.2551056968828377	0.9977240107069506
dataset_name-Samusik_seed-42	lda	num-4	run0	19	NKT cells	NKT cells	5990	1319	1581	453042	0.7911768590674944	0.0029029780284839588	0.20882314093250562	0.9970970219715161
dataset_name-Samusik_seed-42	lda	num-4	run0	20	Non-Classical Monocytes	Non-Classical Monocytes	5793	337	1344	454458	0.8116855821773854	7.409931947360899e-4	0.18831441782261454	0.9992590068052639
dataset_name-Samusik_seed-42	lda	num-4	run0	21	Plasma Cells	Plasma Cells	1439	2	59	460432	0.9606141522029372	4.343727874136141e-6	0.03938584779706275	0.9999956562721258
dataset_name-Samusik_seed-42	lda	num-4	run0	22	gd T cells	gd T cells	287	605	74	460966	0.7950138504155124	0.0013107409260980434	0.20498614958448755	0.9986892590739019
dataset_name-Samusik_seed-42	lda	num-4	run0	23	mDCs	mDCs	785	85	170	460892	0.8219895287958116	1.843909782917586e-4	0.17801047120418848	0.9998156090217083
dataset_name-Samusik_seed-42	lda	num-4	run0	24	pDCs	pDCs	19165	5	4639	438123	0.805116787094606	1.141219004491838e-5	0.19488321290539404	0.999988587809955
dataset_name-Samusik_seed-42	lda	num-5	run0	1	B-cell Frac A-C (pro-B cells)	B-cell Frac A-C (pro-B cells)	69	171	3750	464557	0.018067556952081697	3.679571706460553e-4	0.9819324430479183	0.9996320428293539
dataset_name-Samusik_seed-42	lda	num-5	run0	2	Basophils	Basophils	2280	263	1355	464649	0.6272352132049519	5.656984547613311e-4	0.37276478679504815	0.9994343015452387
dataset_name-Samusik_seed-42	lda	num-5	run0	3	CD4 T cells	CD4 T cells	4425	684	798	462640	0.8472142446869615	0.00147628873099602	0.15278575531303848	0.998523711269004
dataset_name-Samusik_seed-42	lda	num-5	run0	4	CD8 T cells	CD8 T cells	9912	319	1626	456690	0.859074362974519	6.980168880700381e-4	0.14092563702548103	0.99930198311193
dataset_name-Samusik_seed-42	lda	num-5	run0	5	CLP	CLP	167	1216	274	466890	0.3786848072562358	0.0025977022298368318	0.6213151927437641	0.9974022977701632
dataset_name-Samusik_seed-42	lda	num-5	run0	6	CMP	CMP	432	646	1413	466056	0.23414634146341465	0.0013841809120166617	0.7658536585365854	0.9986158190879834
dataset_name-Samusik_seed-42	lda	num-5	run0	7	Classical Monocytes	Classical Monocytes	82237	9257	7027	370026	0.9212784549202366	0.02440657767419051	0.0787215450797634	0.9755934223258095
dataset_name-Samusik_seed-42	lda	num-5	run0	8	Eosinophils	Eosinophils	41911	251	6780	419605	0.8607545542297345	5.978240158530544e-4	0.13924544577026554	0.9994021759841469
dataset_name-Samusik_seed-42	lda	num-5	run0	9	GMP	GMP	2339	413	3068	462727	0.43258738672091734	8.917389990067799e-4	0.5674126132790827	0.9991082610009933
dataset_name-Samusik_seed-42	lda	num-5	run0	10	HSC	HSC	0	1	27	468519	0	2.134380602749082e-6	1	0.9999978656193973
dataset_name-Samusik_seed-42	lda	num-5	run0	11	IgD- IgMpos B cells	IgD- IgMpos B cells	22507	8012	23362	414666	0.4906799799428808	0.018955327696260512	0.5093200200571192	0.9810446723037395
dataset_name-Samusik_seed-42	lda	num-5	run0	12	IgDpos IgMpos B cells	IgDpos IgMpos B cells	86842	1056	19259	361390	0.8184842744177717	0.002913537464891322	0.18151572558222825	0.9970864625351087
dataset_name-Samusik_seed-42	lda	num-5	run0	13	IgM- IgD- B-cells	IgM- IgD- B-cells	3463	2616	15407	447061	0.18351881293057765	0.0058175090120241866	0.8164811870694224	0.9941824909879758
dataset_name-Samusik_seed-42	lda	num-5	run0	14	Intermediate Monocytes	Intermediate Monocytes	60233	4283	13997	390034	0.8114374242220127	0.01086181929767167	0.18856257577798732	0.9891381807023283
dataset_name-Samusik_seed-42	lda	num-5	run0	15	MEP	MEP	2835	542	2050	463120	0.5803480040941658	0.0011689549715094185	0.4196519959058342	0.9988310450284906
dataset_name-Samusik_seed-42	lda	num-5	run0	16	MPP	MPP	440	985	697	466425	0.38698328935795956	0.0021073575661624696	0.6130167106420404	0.9978926424338376
dataset_name-Samusik_seed-42	lda	num-5	run0	17	Macrophages	Macrophages	2359	396	180	465612	0.9291059472233163	8.497708193850749e-4	0.07089405277668373	0.9991502291806149
dataset_name-Samusik_seed-42	lda	num-5	run0	18	NK cells	NK cells	2137	1193	779	464438	0.7328532235939643	0.0025621146358382496	0.2671467764060357	0.9974378853641618
dataset_name-Samusik_seed-42	lda	num-5	run0	19	NKT cells	NKT cells	6119	1189	1578	459661	0.7949850591139405	0.0025800151893240753	0.2050149408860595	0.997419984810676
dataset_name-Samusik_seed-42	lda	num-5	run0	20	Non-Classical Monocytes	Non-Classical Monocytes	6243	551	1210	460543	0.8376492687508386	0.001194984103024546	0.1623507312491614	0.9988050158969755
dataset_name-Samusik_seed-42	lda	num-5	run0	21	Plasma Cells	Plasma Cells	1466	2	99	466980	0.936741214057508	4.282820322838996e-6	0.06325878594249201	0.9999957171796772
dataset_name-Samusik_seed-42	lda	num-5	run0	22	gd T cells	gd T cells	294	357	52	467844	0.8497109826589595	7.624930318388898e-4	0.15028901734104047	0.9992375069681612
dataset_name-Samusik_seed-42	lda	num-5	run0	23	mDCs	mDCs	777	67	212	467491	0.7856420626895855	1.4329772990730562e-4	0.21435793731041455	0.9998567022700927
dataset_name-Samusik_seed-42	lda	num-5	run0	24	pDCs	pDCs	20843	12	3217	444475	0.8662926018287614	2.6997414997513987e-5	0.13370739817123858	0.9999730025850024
dataset_name-Samusik_seed-42	random	num-1	run0	1	B-cell Frac A-C (pro-B cells)	B-cell Frac A-C (pro-B cells)	143	18335	3652	440511	0.03768115942028986	0.039958940472402504	0.9623188405797102	0.9600410595275974
dataset_name-Samusik_seed-42	random	num-1	run0	2	Basophils	Basophils	137	18401	3526	440577	0.0374010374010374	0.04009124620352174	0.9625989625989626	0.9599087537964782
dataset_name-Samusik_seed-42	random	num-1	run0	3	CD4 T cells	CD4 T cells	212	18251	4861	439317	0.041789867928247584	0.039886967620113296	0.9582101320717524	0.9601130323798867
dataset_name-Samusik_seed-42	random	num-1	run0	4	CD8 T cells	CD8 T cells	451	18066	10508	433616	0.0411533899078383	0.03999716614786509	0.9588466100921617	0.9600028338521349
dataset_name-Samusik_seed-42	random	num-1	run0	5	CLP	CLP	15	18555	419	443652	0.03456221198156682	0.04014435090771018	0.9654377880184332	0.9598556490922898
dataset_name-Samusik_seed-42	random	num-1	run0	6	CMP	CMP	73	18492	1795	442281	0.03907922912205567	0.040132559850512076	0.9609207708779444	0.9598674401494879
dataset_name-Samusik_seed-42	random	num-1	run0	7	Classical Monocytes	Classical Monocytes	3693	14955	86882	357111	0.04077284018768976	0.04019448162422796	0.9592271598123102	0.959805518375772
dataset_name-Samusik_seed-42	random	num-1	run0	8	Eosinophils	Eosinophils	1914	16733	45335	398659	0.0405087938369066	0.04028243201602342	0.9594912061630934	0.9597175679839766
dataset_name-Samusik_seed-42	random	num-1	run0	9	GMP	GMP	227	18330	5411	438673	0.040262504434196524	0.04010914589182128	0.9597374955658035	0.9598908541081788
dataset_name-Samusik_seed-42	random	num-1	run0	10	HSC	HSC	2	18501	24	444114	0.07692307692307693	0.03999221815116241	0.9230769230769231	0.9600077818488376
dataset_name-Samusik_seed-42	random	num-1	run0	11	IgD- IgMpos B cells	IgD- IgMpos B cells	1637	16752	41993	402259	0.037520055008022	0.03997985733071447	0.962479944991978	0.9600201426692855
dataset_name-Samusik_seed-42	random	num-1	run0	12	IgDpos IgMpos B cells	IgDpos IgMpos B cells	4107	14292	98465	345777	0.04004016690714815	0.03969239229147747	0.9599598330928518	0.9603076077085225
dataset_name-Samusik_seed-42	random	num-1	run0	13	IgM- IgD- B-cells	IgM- IgD- B-cells	754	17819	17663	426405	0.04094043546723136	0.040112645872352685	0.9590595645327686	0.9598873541276474
dataset_name-Samusik_seed-42	random	num-1	run0	14	Intermediate Monocytes	Intermediate Monocytes	3095	15500	72600	371446	0.040887773300746416	0.040057268972931624	0.9591122266992536	0.9599427310270684
dataset_name-Samusik_seed-42	random	num-1	run0	15	MEP	MEP	198	18119	4776	439548	0.039806996381182146	0.039589920182141164	0.9601930036188179	0.9604100798178589
dataset_name-Samusik_seed-42	random	num-1	run0	16	MPP	MPP	36	18469	1085	443051	0.032114183764495985	0.04001776737736176	0.967885816235504	0.9599822326226383
dataset_name-Samusik_seed-42	random	num-1	run0	17	Macrophages	Macrophages	108	18142	2529	441862	0.040955631399317405	0.039438787488804444	0.9590443686006825	0.9605612125111955
dataset_name-Samusik_seed-42	random	num-1	run0	18	NK cells	NK cells	122	18379	2956	441184	0.0396361273554256	0.03999234054960908	0.9603638726445743	0.9600076594503909
dataset_name-Samusik_seed-42	random	num-1	run0	19	NKT cells	NKT cells	285	18268	7355	436733	0.037303664921465966	0.04014936230909383	0.962696335078534	0.9598506376909062
dataset_name-Samusik_seed-42	random	num-1	run0	20	Non-Classical Monocytes	Non-Classical Monocytes	285	18401	6792	437163	0.04027130139889784	0.04039169030037492	0.9597286986011022	0.9596083096996251
dataset_name-Samusik_seed-42	random	num-1	run0	21	Plasma Cells	Plasma Cells	71	18270	1504	442796	0.04507936507936508	0.03962556336836809	0.954920634920635	0.9603744366316319
dataset_name-Samusik_seed-42	random	num-1	run0	22	gd T cells	gd T cells	18	18310	331	443982	0.05157593123209169	0.03960700163533005	0.9484240687679083	0.96039299836467
dataset_name-Samusik_seed-42	random	num-1	run0	23	mDCs	mDCs	39	18532	941	443129	0.03979591836734694	0.040142008963286915	0.960204081632653	0.9598579910367131
dataset_name-Samusik_seed-42	random	num-1	run0	24	pDCs	pDCs	960	17650	22656	421375	0.04065040650406504	0.040202721940663974	0.959349593495935	0.959797278059336
dataset_name-Samusik_seed-42	random	num-2	run0	1	B-cell Frac A-C (pro-B cells)	B-cell Frac A-C (pro-B cells)	154	18720	3610	440776	0.04091392136025505	0.04074028936051674	0.9590860786397449	0.9592597106394832
dataset_name-Samusik_seed-42	random	num-2	run0	2	Basophils	Basophils	144	18428	3357	441331	0.04113110539845758	0.040081868979182575	0.9588688946015425	0.9599181310208175
dataset_name-Samusik_seed-42	random	num-2	run0	3	CD4 T cells	CD4 T cells	192	18503	4732	439833	0.03899268887083672	0.04036994693849054	0.9610073111291633	0.9596300530615095
dataset_name-Samusik_seed-42	random	num-2	run0	4	CD8 T cells	CD8 T cells	414	18238	10470	434138	0.038037486218302094	0.04031602030169593	0.961962513781698	0.9596839796983041
dataset_name-Samusik_seed-42	random	num-2	run0	5	CLP	CLP	15	18444	431	444370	0.033632286995515695	0.039851862735353724	0.9663677130044843	0.9601481372646463
dataset_name-Samusik_seed-42	random	num-2	run0	6	CMP	CMP	85	18491	1727	442957	0.04690949227373068	0.04007168738406061	0.9530905077262694	0.9599283126159394
dataset_name-Samusik_seed-42	random	num-2	run0	7	Classical Monocytes	Classical Monocytes	3606	14836	86120	358698	0.04018901990504425	0.039717937322974614	0.9598109800949558	0.9602820626770254
dataset_name-Samusik_seed-42	random	num-2	run0	8	Eosinophils	Eosinophils	1853	16727	43879	400801	0.040518674013819644	0.04006198386695024	0.9594813259861803	0.9599380161330497
dataset_name-Samusik_seed-42	random	num-2	run0	9	GMP	GMP	203	18318	5103	439636	0.03825857519788918	0.03999965061993126	0.9617414248021108	0.9600003493800687
dataset_name-Samusik_seed-42	random	num-2	run0	10	HSC	HSC	3	18350	23	444884	0.11538461538461539	0.03961280907705393	0.8846153846153846	0.9603871909229461
dataset_name-Samusik_seed-42	random	num-2	run0	11	IgD- IgMpos B cells	IgD- IgMpos B cells	1804	16808	42843	401805	0.04040585033708872	0.04015164364221847	0.9595941496629112	0.9598483563577815
dataset_name-Samusik_seed-42	random	num-2	run0	12	IgDpos IgMpos B cells	IgDpos IgMpos B cells	4273	14143	101164	343680	0.040526570369035536	0.03952512834557868	0.9594734296309645	0.9604748716544214
dataset_name-Samusik_seed-42	random	num-2	run0	13	IgM- IgD- B-cells	IgM- IgD- B-cells	758	17813	18398	426291	0.039569847567341825	0.04010997424026805	0.9604301524326582	0.9598900257597319
dataset_name-Samusik_seed-42	random	num-2	run0	14	Intermediate Monocytes	Intermediate Monocytes	3080	15606	72291	372283	0.04086452349046715	0.0402331594863479	0.9591354765095328	0.9597668405136521
dataset_name-Samusik_seed-42	random	num-2	run0	15	MEP	MEP	194	18444	4593	440029	0.04052642573636933	0.04022919561239157	0.9594735742636307	0.9597708043876084
dataset_name-Samusik_seed-42	random	num-2	run0	16	MPP	MPP	43	18256	1057	443904	0.03909090909090909	0.03950147135191276	0.9609090909090909	0.9604985286480873
dataset_name-Samusik_seed-42	random	num-2	run0	17	Macrophages	Macrophages	120	18306	2474	442360	0.04626060138781804	0.039738118289606786	0.9537393986121819	0.9602618817103932
dataset_name-Samusik_seed-42	random	num-2	run0	18	NK cells	NK cells	116	18370	2796	441978	0.03983516483516483	0.039904593915907095	0.9601648351648352	0.9600954060840929
dataset_name-Samusik_seed-42	random	num-2	run0	19	NKT cells	NKT cells	307	18252	7247	437454	0.04064072014826582	0.0400521388790141	0.9593592798517342	0.9599478611209858
dataset_name-Samusik_seed-42	random	num-2	run0	20	Non-Classical Monocytes	Non-Classical Monocytes	284	18143	6805	438028	0.04006206799266469	0.03977236606448021	0.9599379320073353	0.9602276339355198
dataset_name-Samusik_seed-42	random	num-2	run0	21	Plasma Cells	Plasma Cells	59	18157	1486	443558	0.038187702265372166	0.039325124806428205	0.9618122977346278	0.9606748751935718
dataset_name-Samusik_seed-42	random	num-2	run0	22	gd T cells	gd T cells	17	18428	330	444485	0.04899135446685879	0.039808776163123526	0.9510086455331412	0.9601912238368765
dataset_name-Samusik_seed-42	random	num-2	run0	23	mDCs	mDCs	40	18471	949	443800	0.04044489383215369	0.03995708145222175	0.9595551061678463	0.9600429185477782
dataset_name-Samusik_seed-42	random	num-2	run0	24	pDCs	pDCs	951	17770	22660	421879	0.04027783660158401	0.04041860666122293	0.959722163398416	0.9595813933387771
dataset_name-Samusik_seed-42	random	num-3	run0	1	B-cell Frac A-C (pro-B cells)	B-cell Frac A-C (pro-B cells)	159	18256	3738	437385	0.04080061585835258	0.0400666314049877	0.9591993841416474	0.9599333685950123
dataset_name-Samusik_seed-42	random	num-3	run0	2	Basophils	Basophils	147	18118	3552	437721	0.039740470397404706	0.03974648944035065	0.9602595296025953	0.9602535105596494
dataset_name-Samusik_seed-42	random	num-3	run0	3	CD4 T cells	CD4 T cells	226	18041	4841	436430	0.04460232879415828	0.03969670231983999	0.9553976712058417	0.96030329768016
dataset_name-Samusik_seed-42	random	num-3	run0	4	CD8 T cells	CD8 T cells	444	17865	10712	430517	0.03979921118680531	0.03984325864999041	0.9602007888131947	0.9601567413500096
dataset_name-Samusik_seed-42	random	num-3	run0	5	CLP	CLP	17	18528	411	440582	0.0397196261682243	0.040356341617477295	0.9602803738317757	0.9596436583825227
dataset_name-Samusik_seed-42	random	num-3	run0	6	CMP	CMP	83	18399	1759	439297	0.04505971769815418	0.040199171502482	0.9549402823018458	0.959800828497518
dataset_name-Samusik_seed-42	random	num-3	run0	7	Classical Monocytes	Classical Monocytes	3390	15065	84204	356879	0.038701280909651345	0.0405034091153507	0.9612987190903487	0.9594965908846493
dataset_name-Samusik_seed-42	random	num-3	run0	8	Eosinophils	Eosinophils	1961	16328	46884	394365	0.040147405056812364	0.03975719089441505	0.9598525949431876	0.9602428091055849
dataset_name-Samusik_seed-42	random	num-3	run0	9	GMP	GMP	231	18142	5238	435927	0.042238069116840374	0.03995428007637606	0.9577619308831596	0.960045719923624
dataset_name-Samusik_seed-42	random	num-3	run0	10	HSC	HSC	2	18246	26	441264	0.07142857142857142	0.03970751452634328	0.9285714285714286	0.9602924854736568
dataset_name-Samusik_seed-42	random	num-3	run0	11	IgD- IgMpos B cells	IgD- IgMpos B cells	1781	16665	43640	397452	0.039210937672001935	0.04024225037851622	0.9607890623279981	0.9597577496214837
dataset_name-Samusik_seed-42	random	num-3	run0	12	IgDpos IgMpos B cells	IgDpos IgMpos B cells	4050	14455	95923	345110	0.040510937953247374	0.040201354414361797	0.9594890620467527	0.9597986455856382
dataset_name-Samusik_seed-42	random	num-3	run0	13	IgM- IgD- B-cells	IgM- IgD- B-cells	744	17656	18786	422352	0.0380952380952381	0.04012654315376084	0.9619047619047619	0.9598734568462391
dataset_name-Samusik_seed-42	random	num-3	run0	14	Intermediate Monocytes	Intermediate Monocytes	2902	15458	70853	370325	0.039346484984068876	0.04006915804999184	0.9606535150159311	0.9599308419500082
dataset_name-Samusik_seed-42	random	num-3	run0	15	MEP	MEP	192	18126	4787	436433	0.03856196023297851	0.03987601169485149	0.9614380397670215	0.9601239883051486
dataset_name-Samusik_seed-42	random	num-3	run0	16	MPP	MPP	50	18431	1070	439987	0.044642857142857144	0.04020566382646406	0.9553571428571429	0.9597943361735359
dataset_name-Samusik_seed-42	random	num-3	run0	17	Macrophages	Macrophages	86	18126	2621	438705	0.031769486516438863	0.03967769262593826	0.9682305134835612	0.9603223073740618
dataset_name-Samusik_seed-42	random	num-3	run0	18	NK cells	NK cells	113	18051	2939	438435	0.03702490170380079	0.039543381396143586	0.9629750982961992	0.9604566186038564
dataset_name-Samusik_seed-42	random	num-3	run0	19	NKT cells	NKT cells	309	18215	7363	433651	0.04027632950990615	0.040310623060818916	0.9597236704900939	0.9596893769391811
dataset_name-Samusik_seed-42	random	num-3	run0	20	Non-Classical Monocytes	Non-Classical Monocytes	274	18272	6668	434324	0.039469893402477675	0.04037154548427295	0.9605301065975224	0.9596284545157271
dataset_name-Samusik_seed-42	random	num-3	run0	21	Plasma Cells	Plasma Cells	49	18282	1204	440003	0.03910614525139665	0.039892206814536806	0.9608938547486033	0.9601077931854632
dataset_name-Samusik_seed-42	random	num-3	run0	22	gd T cells	gd T cells	13	18397	342	440786	0.036619718309859155	0.040064636539244705	0.9633802816901409	0.9599353634607553
dataset_name-Samusik_seed-42	random	num-3	run0	23	mDCs	mDCs	34	18304	938	440262	0.03497942386831276	0.039915737320254885	0.9650205761316872	0.9600842626797451
dataset_name-Samusik_seed-42	random	num-3	run0	24	pDCs	pDCs	928	17416	22854	418340	0.03902110840131192	0.03996732116138389	0.9609788915986881	0.9600326788386161
dataset_name-Samusik_seed-42	random	num-4	run0	1	B-cell Frac A-C (pro-B cells)	B-cell Frac A-C (pro-B cells)	147	18228	3614	439943	0.03908534964105291	0.03978427268421616	0.9609146503589471	0.9602157273157839
dataset_name-Samusik_seed-42	random	num-4	run0	2	Basophils	Basophils	132	18401	3485	439914	0.03649433231960188	0.0401492423333297	0.9635056676803981	0.9598507576666703
dataset_name-Samusik_seed-42	random	num-4	run0	3	CD4 T cells	CD4 T cells	212	18135	4900	438685	0.041471048513302036	0.039698349459305636	0.9585289514866979	0.9603016505406944
dataset_name-Samusik_seed-42	random	num-4	run0	4	CD8 T cells	CD8 T cells	448	18053	10786	432645	0.03987893893537475	0.04005564701862444	0.9601210610646252	0.9599443529813756
dataset_name-Samusik_seed-42	random	num-4	run0	5	CLP	CLP	15	18397	419	443101	0.03456221198156682	0.03986366138098107	0.9654377880184332	0.9601363386190189
dataset_name-Samusik_seed-42	random	num-4	run0	6	CMP	CMP	69	18287	1766	441810	0.03760217983651226	0.03974596661138847	0.9623978201634877	0.9602540333886115
dataset_name-Samusik_seed-42	random	num-4	run0	7	Classical Monocytes	Classical Monocytes	3515	14883	84689	358845	0.03985080041721464	0.03982307988697662	0.9601491995827853	0.9601769201130234
dataset_name-Samusik_seed-42	random	num-4	run0	8	Eosinophils	Eosinophils	1946	16549	46638	396799	0.04005433887699654	0.040036482576424705	0.9599456611230035	0.9599635174235753
dataset_name-Samusik_seed-42	random	num-4	run0	9	GMP	GMP	212	18028	5206	438486	0.039128829826504244	0.039490574221162984	0.9608711701734958	0.960509425778837
dataset_name-Samusik_seed-42	random	num-4	run0	10	HSC	HSC	2	18455	22	443453	0.08333333333333333	0.03995384362253955	0.9166666666666666	0.9600461563774605
dataset_name-Samusik_seed-42	random	num-4	run0	11	IgD- IgMpos B cells	IgD- IgMpos B cells	1778	16759	42222	401173	0.04040909090909091	0.04009982485188978	0.959590909090909	0.9599001751481102
dataset_name-Samusik_seed-42	random	num-4	run0	12	IgDpos IgMpos B cells	IgDpos IgMpos B cells	4158	14531	98577	344666	0.040473061760841	0.04045412406005618	0.959526938239159	0.9595458759399438
dataset_name-Samusik_seed-42	random	num-4	run0	13	IgM- IgD- B-cells	IgM- IgD- B-cells	837	17671	17911	425513	0.04464476210795818	0.03987282934401964	0.9553552378920418	0.9601271706559804
dataset_name-Samusik_seed-42	random	num-4	run0	14	Intermediate Monocytes	Intermediate Monocytes	2957	15482	72492	371001	0.03919203700512929	0.040058683046861054	0.9608079629948707	0.959941316953139
dataset_name-Samusik_seed-42	random	num-4	run0	15	MEP	MEP	206	18322	4679	438725	0.04216990788126919	0.040087780906558845	0.9578300921187308	0.9599122190934412
dataset_name-Samusik_seed-42	random	num-4	run0	16	MPP	MPP	47	18445	1078	442362	0.041777777777777775	0.04002760374733891	0.9582222222222222	0.9599723962526611
dataset_name-Samusik_seed-42	random	num-4	run0	17	Macrophages	Macrophages	101	18229	2549	441053	0.03811320754716981	0.0396902121136905	0.9618867924528302	0.9603097878863095
dataset_name-Samusik_seed-42	random	num-4	run0	18	NK cells	NK cells	94	18539	2697	440602	0.03367968470082408	0.04037757464482588	0.966320315299176	0.9596224253551742
dataset_name-Samusik_seed-42	random	num-4	run0	19	NKT cells	NKT cells	322	18079	7249	436282	0.04253070928543125	0.03978994676039537	0.9574692907145688	0.9602100532396046
dataset_name-Samusik_seed-42	random	num-4	run0	20	Non-Classical Monocytes	Non-Classical Monocytes	315	18307	6822	436488	0.044136191677175286	0.040253300937785154	0.9558638083228247	0.9597466990622149
dataset_name-Samusik_seed-42	random	num-4	run0	21	Plasma Cells	Plasma Cells	70	18551	1428	441883	0.04672897196261682	0.04029024789654978	0.9532710280373832	0.9597097521034502
dataset_name-Samusik_seed-42	random	num-4	run0	22	gd T cells	gd T cells	13	18418	348	443153	0.036011080332409975	0.03990285351549382	0.96398891966759	0.9600971464845062
dataset_name-Samusik_seed-42	random	num-4	run0	23	mDCs	mDCs	31	18380	924	442597	0.032460732984293195	0.03987183742355909	0.9675392670157068	0.960128162576441
dataset_name-Samusik_seed-42	random	num-4	run0	24	pDCs	pDCs	991	17602	22813	420526	0.04163165854478239	0.040175473834130664	0.9583683414552177	0.9598245261658693
dataset_name-Samusik_seed-42	random	num-5	run0	1	B-cell Frac A-C (pro-B cells)	B-cell Frac A-C (pro-B cells)	139	18826	3680	445902	0.036396962555642835	0.04050971751217917	0.9636030374443572	0.9594902824878209
dataset_name-Samusik_seed-42	random	num-5	run0	2	Basophils	Basophils	144	18579	3491	446333	0.03961485557083907	0.039962401486732975	0.9603851444291609	0.960037598513267
dataset_name-Samusik_seed-42	random	num-5	run0	3	CD4 T cells	CD4 T cells	208	18620	5015	444704	0.039823856021443615	0.040187859899336105	0.9601761439785564	0.9598121401006638
dataset_name-Samusik_seed-42	random	num-5	run0	4	CD8 T cells	CD8 T cells	431	18521	11107	438488	0.03735482752643439	0.040526554181646315	0.9626451724735656	0.9594734458183537
dataset_name-Samusik_seed-42	random	num-5	run0	5	CLP	CLP	11	18685	430	449421	0.024943310657596373	0.03991617283264901	0.9750566893424036	0.960083827167351
dataset_name-Samusik_seed-42	random	num-5	run0	6	CMP	CMP	70	18429	1775	448273	0.037940379403794036	0.039487724500859224	0.962059620596206	0.9605122754991408
dataset_name-Samusik_seed-42	random	num-5	run0	7	Classical Monocytes	Classical Monocytes	3421	15099	85843	364184	0.03832452052339129	0.03980932443584342	0.9616754794766087	0.9601906755641566
dataset_name-Samusik_seed-42	random	num-5	run0	8	Eosinophils	Eosinophils	1964	16872	46727	402984	0.04033599638536896	0.040185206356465074	0.959664003614631	0.959814793643535
dataset_name-Samusik_seed-42	random	num-5	run0	9	GMP	GMP	205	18393	5202	444747	0.037913815424449784	0.03971369348361187	0.9620861845755502	0.9602863065163881
dataset_name-Samusik_seed-42	random	num-5	run0	10	HSC	HSC	1	18695	26	449825	0.037037037037037035	0.03990224536839409	0.9629629629629629	0.960097754631606
dataset_name-Samusik_seed-42	random	num-5	run0	11	IgD- IgMpos B cells	IgD- IgMpos B cells	1911	16927	43958	405751	0.04166212474656086	0.040047033439166456	0.9583378752534392	0.9599529665608335
dataset_name-Samusik_seed-42	random	num-5	run0	12	IgDpos IgMpos B cells	IgDpos IgMpos B cells	4245	14506	101856	347940	0.04000904798258263	0.04002251369859234	0.9599909520174174	0.9599774863014077
dataset_name-Samusik_seed-42	random	num-5	run0	13	IgM- IgD- B-cells	IgM- IgD- B-cells	743	17775	18127	431902	0.03937466878643349	0.03952837258743498	0.9606253312135665	0.960471627412565
dataset_name-Samusik_seed-42	random	num-5	run0	14	Intermediate Monocytes	Intermediate Monocytes	2995	15900	71235	378417	0.04034756836858413	0.04032288742306317	0.9596524316314159	0.9596771125769368
dataset_name-Samusik_seed-42	random	num-5	run0	15	MEP	MEP	187	18635	4698	445027	0.03828045035823951	0.040190914933723274	0.9617195496417605	0.9598090850662767
dataset_name-Samusik_seed-42	random	num-5	run0	16	MPP	MPP	48	18769	1089	448641	0.04221635883905013	0.04015532401959736	0.9577836411609498	0.9598446759804027
dataset_name-Samusik_seed-42	random	num-5	run0	17	Macrophages	Macrophages	98	18840	2441	447168	0.0385978731784167	0.0404284904980172	0.9614021268215833	0.9595715095019828
dataset_name-Samusik_seed-42	random	num-5	run0	18	NK cells	NK cells	104	18749	2812	446882	0.03566529492455418	0.04026578986364739	0.9643347050754458	0.9597342101363526
dataset_name-Samusik_seed-42	random	num-5	run0	19	NKT cells	NKT cells	292	18554	7405	442296	0.03793685851630505	0.040260388412715634	0.962063141483695	0.9597396115872844
dataset_name-Samusik_seed-42	random	num-5	run0	20	Non-Classical Monocytes	Non-Classical Monocytes	317	18327	7136	442767	0.04253320810411915	0.03974677614542805	0.9574667918958809	0.9602532238545719
dataset_name-Samusik_seed-42	random	num-5	run0	21	Plasma Cells	Plasma Cells	61	18573	1504	448409	0.038977635782747606	0.03977241092804434	0.9610223642172524	0.9602275890719557
dataset_name-Samusik_seed-42	random	num-5	run0	22	gd T cells	gd T cells	19	18882	327	449319	0.05491329479768786	0.04032883312936111	0.9450867052023122	0.9596711668706389
dataset_name-Samusik_seed-42	random	num-5	run0	23	mDCs	mDCs	47	18252	942	449306	0.047522750252780584	0.039036868153255855	0.9524772497472194	0.9609631318467442
dataset_name-Samusik_seed-42	random	num-5	run0	24	pDCs	pDCs	915	17845	23145	426642	0.038029925187032416	0.040147405885886424	0.9619700748129676	0.9598525941141136
dataset_name-Transformed_seed-42	cyanno	num-1	run0	1	B-cells IgM+	B-cells IgM+	5729	234	599	155517	0.9053413400758533	0.0015023980584394322	0.09465865992414665	0.9984976019415606
dataset_name-Transformed_seed-42	cyanno	num-1	run0	2	B-cells IgM-	B-cells IgM-	1645	253	1521	158660	0.5195830701200252	0.0015920660990604923	0.48041692987997475	0.9984079339009395
dataset_name-Transformed_seed-42	cyanno	num-1	run0	3	CD4 T-cells	CD4 T-cells	58439	3147	2215	98278	0.9634813862234972	0.03102785309341878	0.036518613776502784	0.9689721469065812
dataset_name-Transformed_seed-42	cyanno	num-1	run0	4	CD8 T-cells	CD8 T-cells	45437	7190	4497	104955	0.9099411222814114	0.06411342458424361	0.09005887771858853	0.9358865754157564
dataset_name-Transformed_seed-42	cyanno	num-1	run0	5	DC	DC	809	9	1091	160170	0.42578947368421055	5.618714063641301e-5	0.5742105263157895	0.9999438128593636
dataset_name-Transformed_seed-42	cyanno	num-1	run0	6	NK cells	NK cells	21369	2477	2149	136084	0.908623182243388	0.017876603084562036	0.09137681775661195	0.9821233969154379
dataset_name-Transformed_seed-42	cyanno	num-1	run0	7	monocytes	monocytes	13239	2102	3340	143398	0.7985403220942155	0.014446735395189004	0.20145967790578442	0.985553264604811
dataset_name-Transformed_seed-42	cyanno	num-2	run0	1	B-cells IgM+	B-cells IgM+	5706	275	413	150814	0.93250531132538	0.0018201192674516344	0.06749468867462004	0.9981798807325484
dataset_name-Transformed_seed-42	cyanno	num-2	run0	2	B-cells IgM-	B-cells IgM-	2315	347	652	153894	0.7802494101786316	0.0022497260780207596	0.2197505898213684	0.9977502739219792
dataset_name-Transformed_seed-42	cyanno	num-2	run0	3	CD4 T-cells	CD4 T-cells	57061	3266	1238	95643	0.9787646443335221	0.033020250937730644	0.021235355666477985	0.9669797490622694
dataset_name-Transformed_seed-42	cyanno	num-2	run0	4	CD8 T-cells	CD8 T-cells	43511	4611	4525	104561	0.9057998168040636	0.042236104495658226	0.094200183195936385	0.9577638955043418
dataset_name-Transformed_seed-42	cyanno	num-2	run0	5	DC	DC	1168	67	616	155357	0.6547085201793722	4.3107885526044883e-4	0.3452914798206278	0.9995689211447395
dataset_name-Transformed_seed-42	cyanno	num-2	run0	6	NK cells	NK cells	20182	1073	3119	132834	0.8661430839878117	0.008013023964393198	0.13385691601218833	0.9919869760356068
dataset_name-Transformed_seed-42	cyanno	num-2	run0	7	monocytes	monocytes	15060	2566	1642	137940	0.9016884205484373	0.018262565299702504	0.09831157945156269	0.9817374347002975
dataset_name-Transformed_seed-42	cyanno	num-3	run0	1	B-cells IgM+	B-cells IgM+	5457	289	411	153491	0.929959100204499	0.0018793081024840682	0.07004089979550102	0.998120691897516
dataset_name-Transformed_seed-42	cyanno	num-3	run0	2	B-cells IgM-	B-cells IgM-	2307	415	650	156276	0.7801826175177545	0.0026485248035943354	0.21981738248224553	0.9973514751964057
dataset_name-Transformed_seed-42	cyanno	num-3	run0	3	CD4 T-cells	CD4 T-cells	56854	1818	2289	98687	0.9612971949343118	0.01808865230585543	0.038702805065688246	0.9819113476941446
dataset_name-Transformed_seed-42	cyanno	num-3	run0	4	CD8 T-cells	CD8 T-cells	44962	4833	4729	105124	0.9048318609003643	0.04395354547686823	0.09516813909963574	0.9560464545231318
dataset_name-Transformed_seed-42	cyanno	num-3	run0	5	DC	DC	1140	18	725	157765	0.6112600536193029	1.1408073113073018e-4	0.38873994638069703	0.9998859192688693
dataset_name-Transformed_seed-42	cyanno	num-3	run0	6	NK cells	NK cells	21870	2936	1225	133617	0.9469582160640831	0.02150080920961092	0.05304178393591687	0.978499190790389
dataset_name-Transformed_seed-42	cyanno	num-3	run0	7	monocytes	monocytes	14686	2063	2343	140556	0.8624111809266546	0.014465113343944356	0.13758881907334547	0.9855348866560556
dataset_name-Transformed_seed-42	cyanno	num-4	run0	1	B-cells IgM+	B-cells IgM+	5670	351	640	153414	0.8985736925515055	0.0022827041264266903	0.10142630744849446	0.9977172958735733
dataset_name-Transformed_seed-42	cyanno	num-4	run0	2	B-cells IgM-	B-cells IgM-	1636	123	1526	156790	0.5173940543959519	7.838738664100489e-4	0.48260594560404807	0.9992161261335899
dataset_name-Transformed_seed-42	cyanno	num-4	run0	3	CD4 T-cells	CD4 T-cells	56011	3262	4021	96781	0.9330190565031983	0.0326059794288456	0.06698094349680171	0.9673940205711544
dataset_name-Transformed_seed-42	cyanno	num-4	run0	4	CD8 T-cells	CD8 T-cells	45119	8530	3706	102720	0.9240962621607783	0.07667415730337078	0.0759037378392217	0.9233258426966292
dataset_name-Transformed_seed-42	cyanno	num-4	run0	5	DC	DC	1052	30	799	158194	0.5683414370610481	1.89604611184144e-4	0.43165856293895194	0.9998103953888159
dataset_name-Transformed_seed-42	cyanno	num-4	run0	6	NK cells	NK cells	20666	1734	2203	135472	0.90366872185054	0.012637931285803828	0.09633127814945996	0.9873620687141962
dataset_name-Transformed_seed-42	cyanno	num-4	run0	7	monocytes	monocytes	13745	2146	3281	140903	0.8072947257136145	0.015001852512076282	0.19270527428638554	0.9849981474879237
dataset_name-Transformed_seed-42	cyanno	num-5	run0	1	B-cells IgM+	B-cells IgM+	5851	213	490	150963	0.92272512222047	0.0014089538021908239	0.07727487777953004	0.9985910461978091
dataset_name-Transformed_seed-42	cyanno	num-5	run0	2	B-cells IgM-	B-cells IgM-	2476	428	586	154027	0.8086218158066623	0.002771033634391894	0.19137818419333769	0.9972289663656081
dataset_name-Transformed_seed-42	cyanno	num-5	run0	3	CD4 T-cells	CD4 T-cells	57915	4239	1307	94056	0.9779304988011212	0.043125286128490765	0.022069501198878794	0.9568747138715092
dataset_name-Transformed_seed-42	cyanno	num-5	run0	4	CD8 T-cells	CD8 T-cells	41681	4748	4841	106247	0.8959417049997851	0.042776701653227625	0.10405829500021495	0.9572232983467723
dataset_name-Transformed_seed-42	cyanno	num-5	run0	5	DC	DC	779	6	1059	155673	0.4238302502720348	3.8540843659067696e-5	0.5761697497279652	0.9999614591563409
dataset_name-Transformed_seed-42	cyanno	num-5	run0	6	NK cells	NK cells	20588	1523	2421	132985	0.8947803033595549	0.011322746602432569	0.10521969664044505	0.9886772533975674
dataset_name-Transformed_seed-42	cyanno	num-5	run0	7	monocytes	monocytes	14930	2140	2593	137854	0.8520230554128859	0.015286369415832108	0.14797694458711408	0.9847136305841679
dataset_name-Transformed_seed-42	cygate	num-1	run0	1	B-cells IgM+	B-cells IgM+	5147	118	1181	155633	0.8133691529709229	7.576195337429616e-4	0.18663084702907712	0.999242380466257
dataset_name-Transformed_seed-42	cygate	num-1	run0	2	B-cells IgM-	B-cells IgM-	2748	1890	418	157023	0.8679722046746684	0.011893300107606048	0.13202779532533165	0.988106699892394
dataset_name-Transformed_seed-42	cygate	num-1	run0	3	CD4 T-cells	CD4 T-cells	34037	322	26617	101103	0.5611666172057902	0.003174759674636431	0.4388333827942098	0.9968252403253636
dataset_name-Transformed_seed-42	cygate	num-1	run0	4	CD8 T-cells	CD8 T-cells	33221	6033	16713	106112	0.6652981936155725	0.05379642427214767	0.3347018063844274	0.9462035757278523
dataset_name-Transformed_seed-42	cygate	num-1	run0	5	DC	DC	1184	253	716	159926	0.6231578947368421	0.0015794829534458324	0.37684210526315787	0.9984205170465542
dataset_name-Transformed_seed-42	cygate	num-1	run0	6	NK cells	NK cells	21737	7252	1781	131309	0.9242707713240922	0.05233795945468061	0.07572922867590781	0.9476620405453194
dataset_name-Transformed_seed-42	cygate	num-1	run0	7	monocytes	monocytes	10543	1770	6036	143730	0.6359249653175704	0.012164948453608248	0.3640750346824296	0.9878350515463917
dataset_name-Transformed_seed-42	cygate	num-2	run0	1	B-cells IgM+	B-cells IgM+	5364	229	755	150860	0.8766138257885275	0.0015156629536233611	0.12338617421147247	0.9984843370463766
dataset_name-Transformed_seed-42	cygate	num-2	run0	2	B-cells IgM-	B-cells IgM-	1990	1279	977	152962	0.6707111560498821	0.008292218022445393	0.329288843950118	0.9917077819775546
dataset_name-Transformed_seed-42	cygate	num-2	run0	3	CD4 T-cells	CD4 T-cells	53142	3515	5157	95394	0.9115422219935162	0.03553771648687177	0.08845777800648381	0.9644622835131282
dataset_name-Transformed_seed-42	cygate	num-2	run0	4	CD8 T-cells	CD8 T-cells	37819	9450	10217	99722	0.7873053543175952	0.0865606565786099	0.21269464568240487	0.9134393434213901
dataset_name-Transformed_seed-42	cygate	num-2	run0	5	DC	DC	1206	382	578	155042	0.6760089686098655	0.0024577928762610666	0.3239910313901345	0.997542207123739
dataset_name-Transformed_seed-42	cygate	num-2	run0	6	NK cells	NK cells	16583	4109	6718	129798	0.7116861937255912	0.030685475740625957	0.28831380627440883	0.969314524259374
dataset_name-Transformed_seed-42	cygate	num-2	run0	7	monocytes	monocytes	14191	5698	2511	134808	0.8496587235061669	0.040553428323345624	0.15034127649383308	0.9594465716766544
dataset_name-Transformed_seed-42	cygate	num-3	run0	1	B-cells IgM+	B-cells IgM+	4977	152	891	153628	0.848159509202454	9.884250227597867e-4	0.15184049079754602	0.9990115749772402
dataset_name-Transformed_seed-42	cygate	num-3	run0	2	B-cells IgM-	B-cells IgM-	2543	1392	414	155299	0.8599932363882313	0.00888372657012847	0.1400067636117687	0.9911162734298715
dataset_name-Transformed_seed-42	cygate	num-3	run0	3	CD4 T-cells	CD4 T-cells	34264	274	24879	100231	0.5793415957932468	0.002726232525744988	0.4206584042067531	0.997273767474255
dataset_name-Transformed_seed-42	cygate	num-3	run0	4	CD8 T-cells	CD8 T-cells	36726	9809	12965	100148	0.7390875611277696	0.08920759933428522	0.26091243887223037	0.9107924006657148
dataset_name-Transformed_seed-42	cygate	num-3	run0	5	DC	DC	1361	389	504	157394	0.7297587131367292	0.0024654113561030024	0.27024128686327076	0.997534588643897
dataset_name-Transformed_seed-42	cygate	num-3	run0	6	NK cells	NK cells	20127	5166	2968	131387	0.8714873349209785	0.037831464706011585	0.12851266507902143	0.9621685352939884
dataset_name-Transformed_seed-42	cygate	num-3	run0	7	monocytes	monocytes	12366	3437	4663	139182	0.726172999001703	0.024099173321927653	0.27382700099829704	0.9759008266780723
dataset_name-Transformed_seed-42	cygate	num-4	run0	1	B-cells IgM+	B-cells IgM+	5247	146	1063	153619	0.8315372424722662	9.495008617045491e-4	0.16846275752773376	0.9990504991382955
dataset_name-Transformed_seed-42	cygate	num-4	run0	2	B-cells IgM-	B-cells IgM-	2701	1131	461	155782	0.8542061986084757	0.007207815796014352	0.14579380139152434	0.9927921842039856
dataset_name-Transformed_seed-42	cygate	num-4	run0	3	CD4 T-cells	CD4 T-cells	46545	1039	13487	99004	0.775336487206823	0.010385534220285278	0.22466351279317698	0.9896144657797147
dataset_name-Transformed_seed-42	cygate	num-4	run0	4	CD8 T-cells	CD8 T-cells	32738	7365	16087	103885	0.6705171530977982	0.06620224719101124	0.32948284690220175	0.9337977528089888
dataset_name-Transformed_seed-42	cygate	num-4	run0	5	DC	DC	1247	251	604	157973	0.6736898973527823	0.0015863585802406714	0.3263101026472177	0.9984136414197593
dataset_name-Transformed_seed-42	cygate	num-4	run0	6	NK cells	NK cells	20692	5500	2177	131706	0.9048056320783594	0.040085710537440054	0.09519436792164065	0.95991428946256
dataset_name-Transformed_seed-42	cygate	num-4	run0	7	monocytes	monocytes	12165	2119	4861	140930	0.7144954775049923	0.014813105998643822	0.28550452249500763	0.9851868940013562
dataset_name-Transformed_seed-42	cygate	num-5	run0	1	B-cells IgM+	B-cells IgM+	5600	270	741	150906	0.8831414603374862	0.001785997777424988	0.1168585396625138	0.9982140022225751
dataset_name-Transformed_seed-42	cygate	num-5	run0	2	B-cells IgM-	B-cells IgM-	2265	1116	797	153339	0.739712606139778	0.007225405457900359	0.2602873938602221	0.9927745945420996
dataset_name-Transformed_seed-42	cygate	num-5	run0	3	CD4 T-cells	CD4 T-cells	55395	5803	3827	92492	0.9353787443855324	0.059036573579531	0.06462125561446759	0.940963426420469
dataset_name-Transformed_seed-42	cygate	num-5	run0	4	CD8 T-cells	CD8 T-cells	30908	5340	15614	105655	0.6643738446326469	0.04811027523762332	0.3356261553673531	0.9518897247623767
dataset_name-Transformed_seed-42	cygate	num-5	run0	5	DC	DC	1244	286	594	155393	0.676822633297062	0.0018371135477488936	0.32317736670293795	0.9981628864522512
dataset_name-Transformed_seed-42	cygate	num-5	run0	6	NK cells	NK cells	21475	6650	1534	127858	0.9333304359163805	0.04943943854640616	0.06666956408361946	0.9505605614535938
dataset_name-Transformed_seed-42	cygate	num-5	run0	7	monocytes	monocytes	10390	3237	7133	136757	0.5929349997146607	0.023122419532265667	0.40706500028533926	0.9768775804677343
dataset_name-Transformed_seed-42	dgcytof	num-1	run0	1	B-cells IgM+	B-cells IgM+	5654	1326	674	154425	0.8934892541087232	0.00851358899782345	0.10651074589127686	0.9914864110021766
dataset_name-Transformed_seed-42	dgcytof	num-1	run0	2	B-cells IgM-	B-cells IgM-	1433	653	1733	158260	0.45262160454832595	0.004109166650934788	0.547378395451674	0.9958908333490653
dataset_name-Transformed_seed-42	dgcytof	num-1	run0	3	CD4 T-cells	CD4 T-cells	51913	1552	8741	99873	0.8558874929930425	0.01530194725166379	0.1441125070069575	0.9846980527483362
dataset_name-Transformed_seed-42	dgcytof	num-1	run0	4	CD8 T-cells	CD8 T-cells	42690	12513	7244	99632	0.8549285056274282	0.11157875964153552	0.1450714943725718	0.8884212403584645
dataset_name-Transformed_seed-42	dgcytof	num-1	run0	5	DC	DC	1752	603	148	159576	0.9221052631578948	0.003764538422639672	0.07789473684210527	0.9962354615773603
dataset_name-Transformed_seed-42	dgcytof	num-1	run0	6	NK cells	NK cells	21037	3937	2481	134624	0.8945063355727528	0.028413478540137555	0.10549366442724721	0.9715865214598625
dataset_name-Transformed_seed-42	dgcytof	num-1	run0	7	monocytes	monocytes	13115	3901	3464	141599	0.7910609807587913	0.026810996563573882	0.20893901924120875	0.9731890034364261
dataset_name-Transformed_seed-42	dgcytof	num-2	run0	1	B-cells IgM+	B-cells IgM+	5102	381	1017	150708	0.833796371956202	0.0025216925123602643	0.166203628043798	0.9974783074876398
dataset_name-Transformed_seed-42	dgcytof	num-2	run0	2	B-cells IgM-	B-cells IgM-	2443	1303	524	152938	0.8233906302662622	0.008447818673374784	0.17660936973373778	0.9915521813266253
dataset_name-Transformed_seed-42	dgcytof	num-2	run0	3	CD4 T-cells	CD4 T-cells	53295	1725	5004	97184	0.9141666237842845	0.01744027338260421	0.08583337621571553	0.9825597266173958
dataset_name-Transformed_seed-42	dgcytof	num-2	run0	4	CD8 T-cells	CD8 T-cells	43769	10802	4267	98370	0.9111707885752353	0.09894478437694647	0.08882921142476476	0.9010552156230536
dataset_name-Transformed_seed-42	dgcytof	num-2	run0	5	DC	DC	1342	93	442	155331	0.7522421524663677	5.983631871525633e-4	0.24775784753363228	0.9994016368128474
dataset_name-Transformed_seed-42	dgcytof	num-2	run0	6	NK cells	NK cells	19267	1935	4034	131972	0.8268743830736879	0.014450327466077204	0.17312561692631218	0.9855496725339228
dataset_name-Transformed_seed-42	dgcytof	num-2	run0	7	monocytes	monocytes	13501	2250	3201	138256	0.8083463058316369	0.016013551022732126	0.19165369416836306	0.9839864489772678
dataset_name-Transformed_seed-42	dgcytof	num-3	run0	1	B-cells IgM+	B-cells IgM+	5002	383	866	153397	0.8524199045671438	0.0024905709455065677	0.14758009543285616	0.9975094290544935
dataset_name-Transformed_seed-42	dgcytof	num-3	run0	2	B-cells IgM-	B-cells IgM-	2100	918	857	155773	0.7101792357118701	0.00585866450530024	0.28982076428812986	0.9941413354946997
dataset_name-Transformed_seed-42	dgcytof	num-3	run0	3	CD4 T-cells	CD4 T-cells	55941	9955	3202	90550	0.9458600341545069	0.09904979851748669	0.054139965845493125	0.9009502014825133
dataset_name-Transformed_seed-42	dgcytof	num-3	run0	4	CD8 T-cells	CD8 T-cells	35030	5141	14661	104816	0.7049566319856715	0.04675464045035787	0.29504336801432857	0.9532453595496422
dataset_name-Transformed_seed-42	dgcytof	num-3	run0	5	DC	DC	1358	119	507	157664	0.7281501340482573	7.542003891420495e-4	0.27184986595174265	0.9992457996108579
dataset_name-Transformed_seed-42	dgcytof	num-3	run0	6	NK cells	NK cells	21542	4329	1553	132224	0.9327560077938948	0.031701976521936535	0.06724399220610522	0.9682980234780635
dataset_name-Transformed_seed-42	dgcytof	num-3	run0	7	monocytes	monocytes	14254	3576	2775	139043	0.8370426918785601	0.02507379802130151	0.1629573081214399	0.9749262019786985
dataset_name-Transformed_seed-42	dgcytof	num-4	run0	1	B-cells IgM+	B-cells IgM+	6108	2160	202	151605	0.967987321711569	0.014047410008779631	0.03201267828843106	0.9859525899912204
dataset_name-Transformed_seed-42	dgcytof	num-4	run0	2	B-cells IgM-	B-cells IgM-	662	204	2500	156709	0.20936116382036685	0.0013000834857532517	0.7906388361796332	0.9986999165142467
dataset_name-Transformed_seed-42	dgcytof	num-4	run0	3	CD4 T-cells	CD4 T-cells	49538	1122	10494	98921	0.8251932302771855	0.011215177473686316	0.1748067697228145	0.9887848225263137
dataset_name-Transformed_seed-42	dgcytof	num-4	run0	4	CD8 T-cells	CD8 T-cells	40906	11574	7919	99676	0.8378084997439836	0.10403595505617977	0.1621915002560164	0.8959640449438202
dataset_name-Transformed_seed-42	dgcytof	num-4	run0	5	DC	DC	1687	600	164	157624	0.9113992436520799	0.00379209222368288	0.08860075634792004	0.9962079077763171
dataset_name-Transformed_seed-42	dgcytof	num-4	run0	6	NK cells	NK cells	19045	1748	3824	135458	0.832786741877651	0.01273996763989913	0.16721325812234902	0.9872600323601008
dataset_name-Transformed_seed-42	dgcytof	num-4	run0	7	monocytes	monocytes	15821	8900	1205	134149	0.9292258898155762	0.06221644331662577	0.07077411018442382	0.9377835566833742
dataset_name-Transformed_seed-42	dgcytof	num-5	run0	1	B-cells IgM+	B-cells IgM+	5614	404	727	150772	0.88534931398832994	0.0026723818595544265	0.11465068601167008	0.9973276181404456
dataset_name-Transformed_seed-42	dgcytof	num-5	run0	2	B-cells IgM-	B-cells IgM-	2261	775	801	153680	0.7384062704114958	0.005017642679097472	0.26159372958850424	0.9949823573209026
dataset_name-Transformed_seed-42	dgcytof	num-5	run0	3	CD4 T-cells	CD4 T-cells	57242	5290	1980	93005	0.9665664786734659	0.05381758990793021	0.03343352132653406	0.9461824100920698
dataset_name-Transformed_seed-42	dgcytof	num-5	run0	4	CD8 T-cells	CD8 T-cells	37769	4450	8753	106545	0.8118524569021108	0.04009189603135276	0.18814754309788917	0.9599081039686472
dataset_name-Transformed_seed-42	dgcytof	num-5	run0	5	DC	DC	1580	441	258	155238	0.8596300326441785	0.0028327520089414756	0.14036996735582155	0.9971672479910585
dataset_name-Transformed_seed-42	dgcytof	num-5	run0	6	NK cells	NK cells	20628	2746	2381	131762	0.8965187535312269	0.02041514259374907	0.10348124646877309	0.9795848574062509
dataset_name-Transformed_seed-42	dgcytof	num-5	run0	7	monocytes	monocytes	14722	3595	2801	136399	0.840152941847857	0.025679671985942256	0.1598470581521429	0.9743203280140578
dataset_name-Transformed_seed-42	gatemeclass	num-1	run0	1	B-cells IgM+	B-cells IgM+	5979	1296	349	154455	0.9448482932996207	0.008320973862126086	0.05515170670037927	0.991679026137874
dataset_name-Transformed_seed-42	gatemeclass	num-1	run0	2	B-cells IgM-	B-cells IgM-	1858	27322	1308	131591	0.5868603916614024	0.1719305531957738	0.4131396083385976	0.8280694468042262
dataset_name-Transformed_seed-42	gatemeclass	num-1	run0	3	CD4 T-cells	CD4 T-cells	54221	2277	6433	99148	0.8939393939393939	0.02245008627064333	0.10606060606060606	0.9775499137293566
dataset_name-Transformed_seed-42	gatemeclass	num-1	run0	4	CD8 T-cells	CD8 T-cells	22785	4458	27149	107687	0.45630231906116075	0.03975210664764368	0.5436976809388393	0.9602478933523563
dataset_name-Transformed_seed-42	gatemeclass	num-1	run0	5	DC	DC	1627	6825	273	153354	0.8563157894736843	0.042608581649279866	0.1436842105263158	0.9573914183507202
dataset_name-Transformed_seed-42	gatemeclass	num-1	run0	6	NK cells	NK cells	19767	4074	3751	134487	0.8405051449953227	0.02940221274384567	0.15949485500467728	0.9705977872561543
dataset_name-Transformed_seed-42	gatemeclass	num-1	run0	7	monocytes	monocytes	8283	1304	8296	144196	0.49960793775257856	0.008962199312714777	0.5003920622474214	0.9910378006872852
dataset_name-Transformed_seed-42	gatemeclass	num-2	run0	1	B-cells IgM+	B-cells IgM+	5770	1523	349	149566	0.9429645366890015	0.010080151433923053	0.05703546331099853	0.989919848566077
dataset_name-Transformed_seed-42	gatemeclass	num-2	run0	2	B-cells IgM-	B-cells IgM-	914	224	2053	154017	0.3080552746882373	0.0014522727420076373	0.6919447253117628	0.9985477272579923
dataset_name-Transformed_seed-42	gatemeclass	num-2	run0	3	CD4 T-cells	CD4 T-cells	52048	1842	6251	97067	0.8927768915418789	0.018623178881598236	0.10722310845812107	0.9813768211184017
dataset_name-Transformed_seed-42	gatemeclass	num-2	run0	4	CD8 T-cells	CD8 T-cells	17144	7443	30892	101729	0.3568989924223499	0.06817682189572417	0.6431010075776501	0.9318231781042758
dataset_name-Transformed_seed-42	gatemeclass	num-2	run0	5	DC	DC	1373	5444	411	149980	0.7696188340807175	0.03502676549310274	0.2303811659192825	0.9649732345068973
dataset_name-Transformed_seed-42	gatemeclass	num-2	run0	6	NK cells	NK cells	22529	31390	772	102517	0.9668683747478649	0.23441642333858573	0.0331316252521351	0.7655835766614143
dataset_name-Transformed_seed-42	gatemeclass	num-2	run0	7	monocytes	monocytes	8222	1335	8480	139171	0.4922763740869357	0.009501373606821061	0.5077236259130643	0.990498626393179
dataset_name-Transformed_seed-42	gatemeclass	num-3	run0	1	B-cells IgM+	B-cells IgM+	5588	1630	280	152150	0.9522835719154737	0.010599557809858239	0.047716428084526245	0.9894004421901418
dataset_name-Transformed_seed-42	gatemeclass	num-3	run0	2	B-cells IgM-	B-cells IgM-	958	268	1999	156423	0.3239770037199865	0.001710372644248872	0.6760229962800135	0.9982896273557511
dataset_name-Transformed_seed-42	gatemeclass	num-3	run0	3	CD4 T-cells	CD4 T-cells	53947	2453	5196	98052	0.9121451397460393	0.024406745933038158	0.08785486025396073	0.9755932540669618
dataset_name-Transformed_seed-42	gatemeclass	num-3	run0	4	CD8 T-cells	CD8 T-cells	39739	8767	9952	101190	0.7997222837133485	0.07973116763825859	0.2002777162866515	0.9202688323617414
dataset_name-Transformed_seed-42	gatemeclass	num-3	run0	5	DC	DC	1544	5834	321	151949	0.8278820375335121	0.036974832523148884	0.17211796246648794	0.9630251674768511
dataset_name-Transformed_seed-42	gatemeclass	num-3	run0	6	NK cells	NK cells	19916	6463	3179	130090	0.8623511582593635	0.047329608283963	0.1376488417406365	0.952670391716037
dataset_name-Transformed_seed-42	gatemeclass	num-3	run0	7	monocytes	monocytes	9702	2821	7327	139798	0.5697339832051207	0.019779973215349987	0.4302660167948793	0.98022002678465
dataset_name-Transformed_seed-42	gatemeclass	num-4	run0	1	B-cells IgM+	B-cells IgM+	5971	1291	339	152474	0.9462757527733756	0.008395928852469679	0.0537242472266244	0.9916040711475304
dataset_name-Transformed_seed-42	gatemeclass	num-4	run0	2	B-cells IgM-	B-cells IgM-	1234	883	1928	156030	0.3902593295382669	0.005627322146667261	0.6097406704617331	0.9943726778533327
dataset_name-Transformed_seed-42	gatemeclass	num-4	run0	3	CD4 T-cells	CD4 T-cells	55355	6627	4677	93416	0.9220915511727079	0.06624151614805633	0.07790844882729211	0.9337584838519437
dataset_name-Transformed_seed-42	gatemeclass	num-4	run0	4	CD8 T-cells	CD8 T-cells	38784	8907	10041	102343	0.794347158218126	0.08006292134831461	0.20565284178187404	0.9199370786516854
dataset_name-Transformed_seed-42	gatemeclass	num-4	run0	5	DC	DC	1545	5188	306	153036	0.8346839546191248	0.032788957427444636	0.16531604538087522	0.9672110425725554
dataset_name-Transformed_seed-42	gatemeclass	num-4	run0	6	NK cells	NK cells	19257	4987	3612	132219	0.8420569329660239	0.036346806990947916	0.15794306703397612	0.9636531930090521
dataset_name-Transformed_seed-42	gatemeclass	num-4	run0	7	monocytes	monocytes	7827	2219	9199	140830	0.4597086808410666	0.015512167159504785	0.5402913191589334	0.9844878328404952
dataset_name-Transformed_seed-42	gatemeclass	num-5	run0	1	B-cells IgM+	B-cells IgM+	6060	1361	281	149815	0.9556852231509225	0.009002751759538552	0.044314776849077434	0.9909972482404614
dataset_name-Transformed_seed-42	gatemeclass	num-5	run0	2	B-cells IgM-	B-cells IgM-	1136	1715	1926	152740	0.37099934683213587	0.011103557670518922	0.6290006531678641	0.988896442329481
dataset_name-Transformed_seed-42	gatemeclass	num-5	run0	3	CD4 T-cells	CD4 T-cells	52872	2320	6350	95975	0.8927763331194488	0.023602421282872984	0.10722366688055114	0.9763975787171271
dataset_name-Transformed_seed-42	gatemeclass	num-5	run0	4	CD8 T-cells	CD8 T-cells	36093	8391	10429	102604	0.7758264906925756	0.07559799990990586	0.22417350930742444	0.9244020000900941
dataset_name-Transformed_seed-42	gatemeclass	num-5	run0	5	DC	DC	1702	7213	136	148466	0.926006528835691	0.04633251755214255	0.07399347116430903	0.9536674824478575
dataset_name-Transformed_seed-42	gatemeclass	num-5	run0	6	NK cells	NK cells	19663	5329	3346	129179	0.854578643139641	0.03961846135545841	0.14542135686035898	0.9603815386445416
dataset_name-Transformed_seed-42	gatemeclass	num-5	run0	7	monocytes	monocytes	10451	3211	7072	136783	0.5964161387890201	0.022936697287026585	0.40358386121097983	0.9770633027129734
dataset_name-Transformed_seed-42	knn	num-1	run0	1	B-cells IgM+	B-cells IgM+	2256	361	4072	155390	0.35651074589127685	0.0023178021328916026	0.6434892541087232	0.9976821978671084
dataset_name-Transformed_seed-42	knn	num-1	run0	2	B-cells IgM-	B-cells IgM-	2039	13945	1127	144968	0.6440303221730891	0.08775241798971764	0.3559696778269109	0.9122475820102823
dataset_name-Transformed_seed-42	knn	num-1	run0	3	CD4 T-cells	CD4 T-cells	26442	1434	34212	99991	0.4359481650014838	0.014138526004436776	0.5640518349985162	0.9858614739955632
dataset_name-Transformed_seed-42	knn	num-1	run0	4	CD8 T-cells	CD8 T-cells	28446	32812	21488	79333	0.5696719669964353	0.2925854919969682	0.4303280330035647	0.7074145080030317
dataset_name-Transformed_seed-42	knn	num-1	run0	5	DC	DC	1722	2770	178	157409	0.9063157894736842	0.01729315328476267	0.09368421052631579	0.9827068467152373
dataset_name-Transformed_seed-42	knn	num-1	run0	6	NK cells	NK cells	18383	24743	5135	113818	0.7816566034526745	0.17857117082007204	0.21834339654732546	0.821428829179928
dataset_name-Transformed_seed-42	knn	num-1	run0	7	monocytes	monocytes	4335	2391	12244	143109	0.2614753603956813	0.01643298969072165	0.7385246396043187	0.9835670103092784
dataset_name-Transformed_seed-42	knn	num-2	run0	1	B-cells IgM+	B-cells IgM+	3843	916	2276	150173	0.6280437980062101	0.0060626518144934445	0.3719562019937898	0.9939373481855066
dataset_name-Transformed_seed-42	knn	num-2	run0	2	B-cells IgM-	B-cells IgM-	1647	15354	1320	138887	0.5551061678463094	0.09954551643207707	0.4448938321536906	0.9004544835679229
dataset_name-Transformed_seed-42	knn	num-2	run0	3	CD4 T-cells	CD4 T-cells	43070	6695	15229	92214	0.7387776805777114	0.06768848133132475	0.2612223194222886	0.9323115186686752
dataset_name-Transformed_seed-42	knn	num-2	run0	4	CD8 T-cells	CD8 T-cells	21242	15969	26794	93203	0.4422100091597968	0.14627376983109222	0.5577899908402032	0.8537262301689078
dataset_name-Transformed_seed-42	knn	num-2	run0	5	DC	DC	1592	1143	192	154281	0.8923766816143498	0.007354076590487956	0.10762331838565023	0.9926459234095121
dataset_name-Transformed_seed-42	knn	num-2	run0	6	NK cells	NK cells	16138	13996	7163	119911	0.6925883009312905	0.10452030140321268	0.3074116990687095	0.8954796985967873
dataset_name-Transformed_seed-42	knn	num-2	run0	7	monocytes	monocytes	7900	7703	8802	132803	0.4729972458388217	0.05482328156804692	0.5270027541611783	0.9451767184319531
dataset_name-Transformed_seed-42	knn	num-3	run0	1	B-cells IgM+	B-cells IgM+	2849	715	3019	153065	0.48551465576005454	0.004649499284692418	0.5144853442399455	0.9953505007153076
dataset_name-Transformed_seed-42	knn	num-3	run0	2	B-cells IgM-	B-cells IgM-	2121	23723	836	132968	0.7172810280689889	0.15139988895341788	0.28271897193101114	0.8486001110465822
dataset_name-Transformed_seed-42	knn	num-3	run0	3	CD4 T-cells	CD4 T-cells	32153	1620	26990	98885	0.5436484452936104	0.01611860106462365	0.4563515547063896	0.9838813989353763
dataset_name-Transformed_seed-42	knn	num-3	run0	4	CD8 T-cells	CD8 T-cells	22505	21724	27186	88233	0.4528989152965326	0.1975681402730158	0.5471010847034674	0.8024318597269842
dataset_name-Transformed_seed-42	knn	num-3	run0	5	DC	DC	1767	3267	98	154516	0.9474530831099196	0.020705652700227527	0.05254691689008043	0.9792943472997725
dataset_name-Transformed_seed-42	knn	num-3	run0	6	NK cells	NK cells	16376	19243	6719	117310	0.7090712275384282	0.14091964292252826	0.2909287724615718	0.8590803570774718
dataset_name-Transformed_seed-42	knn	num-3	run0	7	monocytes	monocytes	7065	4520	9964	138099	0.4148804979740443	0.03169283195086209	0.5851195020259558	0.968307168049138
dataset_name-Transformed_seed-42	knn	num-4	run0	1	B-cells IgM+	B-cells IgM+	2573	958	3737	152807	0.40776545166402534	0.0062302864761161515	0.5922345483359747	0.9937697135238839
dataset_name-Transformed_seed-42	knn	num-4	run0	2	B-cells IgM-	B-cells IgM-	1008	2877	2154	154036	0.3187855787476281	0.01833500092407895	0.681214421252372	0.9816649990759211
dataset_name-Transformed_seed-42	knn	num-4	run0	3	CD4 T-cells	CD4 T-cells	37871	1520	22161	98523	0.630846881663113	0.015193466809272013	0.369153118336887	0.984806533190728
dataset_name-Transformed_seed-42	knn	num-4	run0	4	CD8 T-cells	CD8 T-cells	27166	25921	21659	85329	0.5563952892985151	0.23299775280898877	0.4436047107014849	0.7670022471910113
dataset_name-Transformed_seed-42	knn	num-4	run0	5	DC	DC	1715	4073	136	154151	0.9265262020529443	0.025741986045100616	0.07347379794705565	0.9742580139548994
dataset_name-Transformed_seed-42	knn	num-4	run0	6	NK cells	NK cells	19325	25686	3544	111520	0.8450303904849359	0.18720755652085186	0.15496960951506406	0.8127924434791481
dataset_name-Transformed_seed-42	knn	num-4	run0	7	monocytes	monocytes	6114	3268	10912	139781	0.35909785034652886	0.022845318736936293	0.6409021496534711	0.9771546812630637
dataset_name-Transformed_seed-42	knn	num-5	run0	1	B-cells IgM+	B-cells IgM+	3411	1728	2930	149448	0.537927771644851	0.011430385775519924	0.46207222835514905	0.9885696142244801
dataset_name-Transformed_seed-42	knn	num-5	run0	2	B-cells IgM-	B-cells IgM-	1461	8733	1601	145722	0.47713912475506204	0.05654074002136544	0.522860875244938	0.9434592599786346
dataset_name-Transformed_seed-42	knn	num-5	run0	3	CD4 T-cells	CD4 T-cells	39545	5073	19677	93222	0.6677417176049442	0.05160994964138563	0.3322582823950559	0.9483900503586143
dataset_name-Transformed_seed-42	knn	num-5	run0	4	CD8 T-cells	CD8 T-cells	23615	21748	22907	89247	0.5076093031254031	0.1959367539078337	0.49239069687459697	0.8040632460921663
dataset_name-Transformed_seed-42	knn	num-5	run0	5	DC	DC	1645	3819	193	151860	0.8949945593035908	0.02453124698899659	0.10500544069640914	0.9754687530110034
dataset_name-Transformed_seed-42	knn	num-5	run0	6	NK cells	NK cells	17362	14263	5647	120245	0.7545742970142119	0.1060383025544949	0.24542570298578817	0.8939616974455051
dataset_name-Transformed_seed-42	knn	num-5	run0	7	monocytes	monocytes	7803	7311	9720	132683	0.4453004622496148	0.052223666728574085	0.5546995377503852	0.947776333271426
dataset_name-Transformed_seed-42	lda	num-1	run0	1	B-cells IgM+	B-cells IgM+	1451	246	4877	155505	0.2292983565107459	0.0015794441127183773	0.7707016434892541	0.9984205558872816
dataset_name-Transformed_seed-42	lda	num-1	run0	2	B-cells IgM-	B-cells IgM-	610	884	2556	158029	0.19267214150347442	0.005562792219642194	0.8073278584965256	0.9944372077803578
dataset_name-Transformed_seed-42	lda	num-1	run0	3	CD4 T-cells	CD4 T-cells	20228	55	40426	101370	0.33349820292148913	5.422726152329307e-4	0.6665017970785109	0.999457727384767
dataset_name-Transformed_seed-42	lda	num-1	run0	4	CD8 T-cells	CD8 T-cells	14675	4178	35259	107967	0.2938879320703328	0.037255339069954076	0.7061120679296672	0.962744660930046
dataset_name-Transformed_seed-42	lda	num-1	run0	5	DC	DC	1179	582	721	159597	0.6205263157894737	0.0036334350944880415	0.3794736842105263	0.996366564905512
dataset_name-Transformed_seed-42	lda	num-1	run0	6	NK cells	NK cells	8572	3262	14946	135299	0.3644867760864019	0.023541977901429697	0.6355132239135981	0.9764580220985704
dataset_name-Transformed_seed-42	lda	num-1	run0	7	monocytes	monocytes	5893	1815	10686	143685	0.355449665239158	0.012474226804123712	0.644550334760842	0.9875257731958763
dataset_name-Transformed_seed-42	lda	num-2	run0	1	B-cells IgM+	B-cells IgM+	3720	765	2399	150324	0.6079424742605001	0.0050632408712745465	0.3920575257394999	0.9949367591287255
dataset_name-Transformed_seed-42	lda	num-2	run0	2	B-cells IgM-	B-cells IgM-	586	318	2381	153923	0.19750589821368386	0.002061708624814414	0.8024941017863162	0.9979382913751856
dataset_name-Transformed_seed-42	lda	num-2	run0	3	CD4 T-cells	CD4 T-cells	41030	432	17269	98477	0.7037856567008011	0.004367651073208707	0.29621434329919893	0.9956323489267913
dataset_name-Transformed_seed-42	lda	num-2	run0	4	CD8 T-cells	CD8 T-cells	32654	14194	15382	94978	0.6797818302939462	0.13001502216685598	0.32021816970605377	0.869984977833144
dataset_name-Transformed_seed-42	lda	num-2	run0	5	DC	DC	929	383	855	155041	0.5207399103139013	0.0024642268890261478	0.4792600896860987	0.9975357731109739
dataset_name-Transformed_seed-42	lda	num-2	run0	6	NK cells	NK cells	7081	3311	16220	130596	0.30389253680099565	0.02472611588639877	0.6961074631990043	0.9752738841136013
dataset_name-Transformed_seed-42	lda	num-2	run0	7	monocytes	monocytes	8703	2074	7999	138432	0.5210753203209196	0.014760935476065079	0.47892467967908037	0.985239064523935
dataset_name-Transformed_seed-42	lda	num-3	run0	1	B-cells IgM+	B-cells IgM+	2417	427	3451	153353	0.411895023858214	0.002776693978410717	0.5881049761417859	0.9972233060215893
dataset_name-Transformed_seed-42	lda	num-3	run0	2	B-cells IgM-	B-cells IgM-	39	6	2918	156685	0.013189042948934731	3.82919248712434e-5	0.9868109570510653	0.9999617080751287
dataset_name-Transformed_seed-42	lda	num-3	run0	3	CD4 T-cells	CD4 T-cells	23250	50	35893	100455	0.39311499247586357	4.974876871797423e-4	0.6068850075241364	0.9995025123128203
dataset_name-Transformed_seed-42	lda	num-3	run0	4	CD8 T-cells	CD8 T-cells	6882	1921	42809	108036	0.13849590469099032	0.017470465727511663	0.8615040953090097	0.9825295342724883
dataset_name-Transformed_seed-42	lda	num-3	run0	5	DC	DC	1178	514	687	157269	0.6316353887399464	0.003257638655621962	0.3683646112600536	0.996742361344378
dataset_name-Transformed_seed-42	lda	num-3	run0	6	NK cells	NK cells	8545	4491	14550	132062	0.3699935050876813	0.032888329073693	0.6300064949123186	0.967111670926307
dataset_name-Transformed_seed-42	lda	num-3	run0	7	monocytes	monocytes	6306	1437	10723	141182	0.37030947207704507	0.01007579635251965	0.629690527922955	0.9899242036474803
dataset_name-Transformed_seed-42	lda	num-4	run0	1	B-cells IgM+	B-cells IgM+	2464	499	3846	153266	0.39049128367670366	0.0032452118492504794	0.6095087163232964	0.9967547881507495
dataset_name-Transformed_seed-42	lda	num-4	run0	2	B-cells IgM-	B-cells IgM-	500	629	2662	156284	0.15812776723592664	0.004008590747739193	0.8418722327640734	0.9959914092522608
dataset_name-Transformed_seed-42	lda	num-4	run0	3	CD4 T-cells	CD4 T-cells	29140	70	30892	99973	0.4854077825159915	6.99699129374369e-4	0.5145922174840085	0.9993003008706256
dataset_name-Transformed_seed-42	lda	num-4	run0	4	CD8 T-cells	CD8 T-cells	25250	9868	23575	101382	0.5171530977982591	0.08870112359550562	0.4828469022017409	0.9112988764044944
dataset_name-Transformed_seed-42	lda	num-4	run0	5	DC	DC	1087	371	764	157853	0.5872501350621285	0.0023447770249772474	0.4127498649378714	0.9976552229750227
dataset_name-Transformed_seed-42	lda	num-4	run0	6	NK cells	NK cells	10859	4750	12010	132456	0.4748349293803839	0.03461947728233459	0.525165070619616	0.9653805227176654
dataset_name-Transformed_seed-42	lda	num-4	run0	7	monocytes	monocytes	7489	2332	9537	140717	0.4398566897685892	0.016302106271277674	0.5601433102314107	0.9836978937287223
dataset_name-Transformed_seed-42	lda	num-5	run0	1	B-cells IgM+	B-cells IgM+	4443	207	1898	150969	0.7006781264784734	0.0013692649626924909	0.29932187352152656	0.9986307350373075
dataset_name-Transformed_seed-42	lda	num-5	run0	2	B-cells IgM-	B-cells IgM-	1105	614	1957	153841	0.36087524493794904	0.003975267877375287	0.6391247550620509	0.9960247321226248
dataset_name-Transformed_seed-42	lda	num-5	run0	3	CD4 T-cells	CD4 T-cells	33446	134	25776	98161	0.5647563405491203	0.0013632432982349052	0.4352436594508797	0.9986367567017651
dataset_name-Transformed_seed-42	lda	num-5	run0	4	CD8 T-cells	CD8 T-cells	34624	22416	11898	88579	0.7442500322428098	0.20195504301995584	0.25574996775719017	0.7980449569800442
dataset_name-Transformed_seed-42	lda	num-5	run0	5	DC	DC	866	294	972	155385	0.47116430903155604	0.0018885013392943171	0.528835690968444	0.9981114986607057
dataset_name-Transformed_seed-42	lda	num-5	run0	6	NK cells	NK cells	2873	1311	20136	133197	0.12486418358033813	0.009746632170577215	0.8751358164196619	0.9902533678294227
dataset_name-Transformed_seed-42	lda	num-5	run0	7	monocytes	monocytes	9132	3320	8391	136674	0.5211436397877076	0.023715302084375046	0.47885636021229244	0.976284697915625
dataset_name-Transformed_seed-42	random	num-1	run0	1	B-cells IgM+	B-cells IgM+	802	19558	5526	136193	0.12673830594184576	0.12557222746563426	0.8732616940581542	0.8744277725343658
dataset_name-Transformed_seed-42	random	num-1	run0	2	B-cells IgM-	B-cells IgM-	387	20109	2779	138804	0.12223626026531902	0.12654093749410056	0.877763739734681	0.8734590625058994
dataset_name-Transformed_seed-42	random	num-1	run0	3	CD4 T-cells	CD4 T-cells	7564	12609	53090	88816	0.1247073564810235	0.12431846191767315	0.8752926435189765	0.8756815380823268
dataset_name-Transformed_seed-42	random	num-1	run0	4	CD8 T-cells	CD8 T-cells	6217	14227	43717	97918	0.12450434573637201	0.12686254402782113	0.875495654263628	0.8731374559721788
dataset_name-Transformed_seed-42	random	num-1	run0	5	DC	DC	234	20094	1666	140085	0.1231578947368421	0.12544715599423145	0.8768421052631579	0.8745528440057685
dataset_name-Transformed_seed-42	random	num-1	run0	6	NK cells	NK cells	2943	17277	20575	121284	0.12513819202313123	0.12468876523697144	0.8748618079768687	0.8753112347630285
dataset_name-Transformed_seed-42	random	num-1	run0	7	monocytes	monocytes	2007	18074	14572	127426	0.12105675854997286	0.12421993127147767	0.8789432414500271	0.8757800687285223
dataset_name-Transformed_seed-42	random	num-2	run0	1	B-cells IgM+	B-cells IgM+	749	18950	5370	132139	0.12240562183363295	0.12542276406621264	0.8775943781663671	0.8745772359337873
dataset_name-Transformed_seed-42	random	num-2	run0	2	B-cells IgM-	B-cells IgM-	365	19419	2602	134822	0.12301988540613414	0.12590037668324247	0.8769801145938658	0.8740996233167575
dataset_name-Transformed_seed-42	random	num-2	run0	3	CD4 T-cells	CD4 T-cells	7279	12227	51020	86682	0.12485634401962298	0.1236186797965807	0.875143655980377	0.8763813202034193
dataset_name-Transformed_seed-42	random	num-2	run0	4	CD8 T-cells	CD8 T-cells	6003	13586	42033	95586	0.12496877341993505	0.12444582860074012	0.8750312265800649	0.8755541713992598
dataset_name-Transformed_seed-42	random	num-2	run0	5	DC	DC	210	19199	1574	136225	0.11771300448430494	0.12352661107679638	0.8822869955156951	0.8764733889232036
dataset_name-Transformed_seed-42	random	num-2	run0	6	NK cells	NK cells	2919	16690	20382	117217	0.12527359340800823	0.12463874181334807	0.8747264065919917	0.8753612581866519
dataset_name-Transformed_seed-42	random	num-2	run0	7	monocytes	monocytes	2160	17701	14542	122805	0.12932582924200695	0.1259803851792806	0.870674170757993	0.8740196148207194
dataset_name-Transformed_seed-42	random	num-3	run0	1	B-cells IgM+	B-cells IgM+	720	19322	5148	134458	0.12269938650306748	0.12564702822213553	0.8773006134969326	0.8743529717778645
dataset_name-Transformed_seed-42	random	num-3	run0	2	B-cells IgM-	B-cells IgM-	379	19289	2578	137402	0.12817044301657085	0.123102156473569	0.8718295569834291	0.876897843526431
dataset_name-Transformed_seed-42	random	num-3	run0	3	CD4 T-cells	CD4 T-cells	7400	12533	51743	87972	0.12512047072350066	0.12470026366847421	0.8748795292764994	0.8752997363315258
dataset_name-Transformed_seed-42	random	num-3	run0	4	CD8 T-cells	CD8 T-cells	6151	13733	43540	96224	0.12378499124589966	0.12489427685367917	0.8762150087541003	0.8751057231463208
dataset_name-Transformed_seed-42	random	num-3	run0	5	DC	DC	225	19908	1640	137875	0.12064343163538874	0.12617328863058758	0.8793565683646113	0.8738267113694124
dataset_name-Transformed_seed-42	random	num-3	run0	6	NK cells	NK cells	2927	17234	20168	119319	0.1267373890452479	0.1262074066479682	0.8732626109547521	0.8737925933520319
dataset_name-Transformed_seed-42	random	num-3	run0	7	monocytes	monocytes	2163	17600	14866	125019	0.12701861530330613	0.12340571733079042	0.8729813846966938	0.8765942826692096
dataset_name-Transformed_seed-42	random	num-4	run0	1	B-cells IgM+	B-cells IgM+	826	19361	5484	134404	0.13090332805071314	0.12591291906480667	0.8690966719492869	0.8740870809351933
dataset_name-Transformed_seed-42	random	num-4	run0	2	B-cells IgM-	B-cells IgM-	408	19750	2754	137163	0.12903225806451613	0.12586592570405256	0.8709677419354839	0.8741340742959475
dataset_name-Transformed_seed-42	random	num-4	run0	3	CD4 T-cells	CD4 T-cells	7493	12485	52539	87558	0.1248167643923241	0.12479633757484282	0.8751832356076759	0.8752036624251572
dataset_name-Transformed_seed-42	random	num-4	run0	4	CD8 T-cells	CD8 T-cells	5994	13844	42831	97406	0.12276497695852534	0.12444044943820225	0.8772350230414746	0.8755595505617978
dataset_name-Transformed_seed-42	random	num-4	run0	5	DC	DC	227	19923	1624	138301	0.12263641274986493	0.12591642228739003	0.8773635872501351	0.8740835777126099
dataset_name-Transformed_seed-42	random	num-4	run0	6	NK cells	NK cells	2930	17174	19939	120032	0.12812103721194631	0.12516945323090828	0.8718789627880537	0.8748305467690918
dataset_name-Transformed_seed-42	random	num-4	run0	7	monocytes	monocytes	2164	17745	14862	125304	0.12709972982497356	0.12404840299477801	0.8729002701750265	0.875951597005222
dataset_name-Transformed_seed-42	random	num-5	run0	1	B-cells IgM+	B-cells IgM+	786	18998	5555	132178	0.12395521211165432	0.1256680954648886	0.8760447878883457	0.8743319045351114
dataset_name-Transformed_seed-42	random	num-5	run0	2	B-cells IgM-	B-cells IgM-	398	19046	2664	135409	0.12998040496407576	0.12331099673043928	0.8700195950359242	0.8766890032695607
dataset_name-Transformed_seed-42	random	num-5	run0	3	CD4 T-cells	CD4 T-cells	7374	12264	51848	86031	0.124514538516092	0.12476728216084236	0.875485461483908	0.8752327178391577
dataset_name-Transformed_seed-42	random	num-5	run0	4	CD8 T-cells	CD8 T-cells	5900	13795	40622	97200	0.12682171875671724	0.12428487769719357	0.8731782812432828	0.8757151223028065
dataset_name-Transformed_seed-42	random	num-5	run0	5	DC	DC	222	19595	1616	136084	0.12078346028291621	0.12586797191657192	0.8792165397170838	0.874132028083428
dataset_name-Transformed_seed-42	random	num-5	run0	6	NK cells	NK cells	2970	16912	20039	117596	0.1290799252466426	0.1257322984506498	0.8709200747533574	0.8742677015493502
dataset_name-Transformed_seed-42	random	num-5	run0	7	monocytes	monocytes	2153	17361	15370	122633	0.12286708896878389	0.12401245767675757	0.8771329110312162	0.8759875423232424
dataset_name-flowcyt_seed-42	cyanno	num-1	run0	1	B_Lymphocytes	B_Lymphocytes	258575	126558	761	1666192	0.9970655828731838	0.07059433830707014	0.002934417126816177	0.9294056616929298
dataset_name-flowcyt_seed-42	cyanno	num-1	run0	2	HSPCs	HSPCs	177566	32833	25230	1816457	0.8755892621156236	0.017754381411244316	0.12441073788437641	0.9822456185887557
dataset_name-flowcyt_seed-42	cyanno	num-1	run0	3	Mast_cells	Mast_cells	256	4	3319	2048507	0.07160839160839161	1.952637793987926e-6	0.9283916083916084	0.999998047362206
dataset_name-flowcyt_seed-42	cyanno	num-1	run0	4	Monocytes	Monocytes	266412	1699	37874	1746101	0.8755315722708241	9.720791852614716e-4	0.12446842772917584	0.9990279208147386
dataset_name-flowcyt_seed-42	cyanno	num-1	run0	5	T_Lymphocytes	T_Lymphocytes	1187988	195	94105	769798	0.9266004884201068	2.5324905551089426e-4	0.07339951157989319	0.9997467509444891
dataset_name-flowcyt_seed-42	cyanno	num-2	run0	1	B_Lymphocytes	B_Lymphocytes	253534	3196	1572	1741560	0.9938378556364805	0.0018317747581896838	0.006162144363519478	0.9981682252418104
dataset_name-flowcyt_seed-42	cyanno	num-2	run0	2	HSPCs	HSPCs	173343	3265	24018	1799236	0.8783042242388314	0.0018113720880043895	0.12169577576116862	0.9981886279119956
dataset_name-flowcyt_seed-42	cyanno	num-2	run0	3	Mast_cells	Mast_cells	2700	119	841	1996202	0.7624964699237503	5.96096519547708e-5	0.23750353007624964	0.9999403903480453
dataset_name-flowcyt_seed-42	cyanno	num-2	run0	4	Monocytes	Monocytes	289986	1711	10646	1697519	0.9645879347507916	0.001006926666784367	0.035412065249208334	0.9989930733332156
dataset_name-flowcyt_seed-42	cyanno	num-2	run0	5	T_Lymphocytes	T_Lymphocytes	1242219	29789	1003	726851	0.9991932253451113	0.039370109959822375	8.067746548886683e-4	0.9606298900401776
dataset_name-flowcyt_seed-42	cyanno	num-3	run0	1	B_Lymphocytes	B_Lymphocytes	265280	18186	1786	1768875	0.993312514509522	0.01017648530184476	0.006687485490478009	0.9898235146981552
dataset_name-flowcyt_seed-42	cyanno	num-3	run0	2	HSPCs	HSPCs	169377	1861	33166	1849723	0.8362520551191599	0.0010050853755487195	0.16374794488084013	0.9989949146244513
dataset_name-flowcyt_seed-42	cyanno	num-3	run0	3	Mast_cells	Mast_cells	2657	51	895	2050524	0.7480292792792793	2.4871072747887788e-5	0.25197072072072074	0.9999751289272522
dataset_name-flowcyt_seed-42	cyanno	num-3	run0	4	Monocytes	Monocytes	283820	2613	19873	1747821	0.9345622059118913	0.0014927726495257748	0.06543779408810871	0.9985072273504743
dataset_name-flowcyt_seed-42	cyanno	num-3	run0	5	T_Lymphocytes	T_Lymphocytes	1276260	34022	1013	742832	0.9992069040839351	0.04379458688505176	7.930959160649289e-4	0.9562054131149482
dataset_name-flowcyt_seed-42	cyanno	num-4	run0	1	B_Lymphocytes	B_Lymphocytes	264074	1556	1880	1730704	0.9929311083871647	8.982485308210084e-4	0.007068891612835302	0.999101751469179
dataset_name-flowcyt_seed-42	cyanno	num-4	run0	2	HSPCs	HSPCs	164921	3562	24456	1805275	0.8708607697872498	0.001969221107263949	0.12913923021275023	0.9980307788927361
dataset_name-flowcyt_seed-42	cyanno	num-4	run0	3	Mast_cells	Mast_cells	3116	221	305	1994572	0.9108447822274189	1.1078843769754556e-4	0.08915521777258112	0.9998892115623025
dataset_name-flowcyt_seed-42	cyanno	num-4	run0	4	Monocytes	Monocytes	272307	3432	3882	1718593	0.9859444076339029	0.0019930024244711893	0.014055592366097129	0.9980069975755288
dataset_name-flowcyt_seed-42	cyanno	num-4	run0	5	T_Lymphocytes	T_Lymphocytes	1262022	23003	1251	711938	0.9990097152396988	0.03129911108510751	9.902847603012175e-4	0.9687008889148925
dataset_name-flowcyt_seed-42	cyanno	num-5	run0	1	B_Lymphocytes	B_Lymphocytes	255964	21587	1451	1710120	0.9943631878484159	0.01246573467682466	0.005636812151584018	0.9875342653231753
dataset_name-flowcyt_seed-42	cyanno	num-5	run0	2	HSPCs	HSPCs	166369	8041	24015	1790697	0.8738601983359946	0.004470356438792087	0.12613980166400537	0.9955296435612079
dataset_name-flowcyt_seed-42	cyanno	num-5	run0	3	Mast_cells	Mast_cells	2852	169	641	1985460	0.8164901231033496	8.511156918034537e-5	0.18350987689665044	0.9999148884308197
dataset_name-flowcyt_seed-42	cyanno	num-5	run0	4	Monocytes	Monocytes	263137	1421	34238	1690326	0.8848659100462379	8.39960112239005e-4	0.11513408995376208	0.999160039887761
dataset_name-flowcyt_seed-42	cyanno	num-5	run0	5	T_Lymphocytes	T_Lymphocytes	1239577	30005	878	718662	0.9992921952025668	0.04007789845151449	7.078047974331999e-4	0.9599221015484856
dataset_name-flowcyt_seed-42	cygate	num-1	run0	1	B_Lymphocytes	B_Lymphocytes	254081	8438	5255	1784312	0.9797367122188975	0.004706735462278623	0.020263287781102507	0.9952932645377214
dataset_name-flowcyt_seed-42	cygate	num-1	run0	2	HSPCs	HSPCs	161875	14863	40921	1834427	0.7982159411428233	0.008037138577508124	0.20178405885717668	0.9919628614224919
dataset_name-flowcyt_seed-42	cygate	num-1	run0	3	Mast_cells	Mast_cells	2643	2571	932	2045940	0.7393006993006993	0.0012550579420857392	0.2606993006993007	0.9987449420579143
dataset_name-flowcyt_seed-42	cygate	num-1	run0	4	Monocytes	Monocytes	293875	10023	10411	1737777	0.9657854781357013	0.00573463783041538	0.03421452186429872	0.9942653621695846
dataset_name-flowcyt_seed-42	cygate	num-1	run0	5	T_Lymphocytes	T_Lymphocytes	1160704	1162	121389	768831	0.9053196608982343	0.0015091046282238929	0.09468033910176563	0.9984908953717762
dataset_name-flowcyt_seed-42	cygate	num-2	run0	1	B_Lymphocytes	B_Lymphocytes	251510	24345	3596	1720411	0.9859038987714911	0.013953240453106338	0.014096101228508934	0.9860467595468937
dataset_name-flowcyt_seed-42	cygate	num-2	run0	2	HSPCs	HSPCs	118696	1526	78665	1800975	0.6014156798962308	8.466014720657576e-4	0.3985843201037692	0.9991533985279343
dataset_name-flowcyt_seed-42	cygate	num-2	run0	3	Mast_cells	Mast_cells	2962	20658	579	1975663	0.8364868681163513	0.010348035210770212	0.1635131318836487	0.9896519647892298
dataset_name-flowcyt_seed-42	cygate	num-2	run0	4	Monocytes	Monocytes	287628	7589	13004	1691641	0.9567444583410948	0.004466140546012017	0.04325554165890524	0.995533859453988
dataset_name-flowcyt_seed-42	cygate	num-2	run0	5	T_Lymphocytes	T_Lymphocytes	1143244	421	99978	756219	0.9195815389367306	5.564072742651723e-4	0.08041846106326947	0.9994435927257348
dataset_name-flowcyt_seed-42	cygate	num-3	run0	1	B_Lymphocytes	B_Lymphocytes	263310	16408	3756	1770653	0.9859360607490283	0.009181555638000046	0.01406393925097167	0.990818444362
dataset_name-flowcyt_seed-42	cygate	num-3	run0	2	HSPCs	HSPCs	148602	3679	53941	1847905	0.7336812429953146	0.0019869473920707892	0.26631875700468544	0.9980130526079292
dataset_name-flowcyt_seed-42	cygate	num-3	run0	3	Mast_cells	Mast_cells	2997	11938	555	2038637	0.84375	0.005821781695378126	0.15625	0.9941782183046218
dataset_name-flowcyt_seed-42	cygate	num-3	run0	4	Monocytes	Monocytes	291575	5714	12118	1744720	0.9600978619856236	0.0032643333024838413	0.03990213801437636	0.9967356666975161
dataset_name-flowcyt_seed-42	cygate	num-3	run0	5	T_Lymphocytes	T_Lymphocytes	1167781	8256	109492	768598	0.9142767442825457	0.010627479552142358	0.08572325571745429	0.9893725204478576
dataset_name-flowcyt_seed-42	cygate	num-4	run0	1	B_Lymphocytes	B_Lymphocytes	261018	16728	4936	1715532	0.9814403994675771	0.00965674898687264	0.0185596005324229	0.9903432510131274
dataset_name-flowcyt_seed-42	cygate	num-4	run0	2	HSPCs	HSPCs	79311	713	110066	1808124	0.4187995374306278	3.941759262996058e-4	0.5812004625693722	0.9996058240737004
dataset_name-flowcyt_seed-42	cygate	num-4	run0	3	Mast_cells	Mast_cells	2881	74031	540	1920762	0.8421514177141187	0.03711212140808595	0.15784858228588133	0.962887878591914
dataset_name-flowcyt_seed-42	cygate	num-4	run0	4	Monocytes	Monocytes	269405	11349	6784	1710676	0.9754371100948988	0.006590496653649047	0.024562889905101217	0.9934095033463509
dataset_name-flowcyt_seed-42	cygate	num-4	run0	5	T_Lymphocytes	T_Lymphocytes	1134016	628	129257	734313	0.8976808654977981	8.544903604507029e-4	0.10231913450220181	0.9991455096395493
dataset_name-flowcyt_seed-42	cygate	num-5	run0	1	B_Lymphocytes	B_Lymphocytes	253819	39814	3596	1691893	0.9860303401122701	0.022991187308245564	0.01396965988772993	0.9770088126917544
dataset_name-flowcyt_seed-42	cygate	num-5	run0	2	HSPCs	HSPCs	122084	8885	68300	1789853	0.64125136566098	0.004939574301538079	0.3587486343390201	0.9950604256984619
dataset_name-flowcyt_seed-42	cygate	num-5	run0	3	Mast_cells	Mast_cells	3144	12737	349	1972892	0.9000858860578299	0.006414592051183781	0.09991411394217005	0.9935854079488162
dataset_name-flowcyt_seed-42	cygate	num-5	run0	4	Monocytes	Monocytes	276961	7085	20414	1684662	0.9313526691887347	0.004187978462500599	0.06864733081126524	0.9958120215374994
dataset_name-flowcyt_seed-42	cygate	num-5	run0	5	T_Lymphocytes	T_Lymphocytes	1099698	625	140757	748042	0.8865279272525001	8.348170815596253e-4	0.1134720727474999	0.9991651829184404
dataset_name-flowcyt_seed-42	dgcytof	num-1	run0	1	B_Lymphocytes	B_Lymphocytes	255916	125640	3420	1667110	0.9868124749359903	0.07008227583321712	0.013187525064009624	0.9299177241667829
dataset_name-flowcyt_seed-42	dgcytof	num-1	run0	2	HSPCs	HSPCs	171972	3142	30824	1846148	0.8480048916152192	0.00169903043870891	0.15199510838478075	0.9983009695612911
dataset_name-flowcyt_seed-42	dgcytof	num-1	run0	3	Mast_cells	Mast_cells	2436	168	1139	2048343	0.6813986013986014	8.201078734749289e-5	0.3186013986013986	0.9999179892126525
dataset_name-flowcyt_seed-42	dgcytof	num-1	run0	4	Monocytes	Monocytes	297056	9866	7230	1737934	0.9762394589300855	0.005644810619063966	0.023760541069914487	0.994355189380936
dataset_name-flowcyt_seed-42	dgcytof	num-1	run0	5	T_Lymphocytes	T_Lymphocytes	1185195	695	96898	769298	0.9244220193074917	9.026056081029308e-4	0.07557798069250826	0.999097394391897
dataset_name-flowcyt_seed-42	dgcytof	num-2	run0	1	B_Lymphocytes	B_Lymphocytes	252527	123820	2579	1620936	0.9898904768997985	0.070966943228738	0.010109523100201485	0.929033056771262
dataset_name-flowcyt_seed-42	dgcytof	num-2	run0	2	HSPCs	HSPCs	170683	8422	26678	1794079	0.8648263841387103	0.004672396853039194	0.13517361586128973	0.9953276031469608
dataset_name-flowcyt_seed-42	dgcytof	num-2	run0	3	Mast_cells	Mast_cells	3045	198	496	1996123	0.8599265744140073	9.918244610961865e-5	0.14007342558599264	0.9999008175538904
dataset_name-flowcyt_seed-42	dgcytof	num-2	run0	4	Monocytes	Monocytes	286335	4341	14297	1694889	0.9524435189866681	0.002554686534489151	0.04755648101333192	0.9974453134655108
dataset_name-flowcyt_seed-42	dgcytof	num-2	run0	5	T_Lymphocytes	T_Lymphocytes	1149811	680	93411	755960	0.9248637813680903	8.987100866990908e-4	0.07513621863190967	0.9991012899133009
dataset_name-flowcyt_seed-42	dgcytof	num-3	run0	1	B_Lymphocytes	B_Lymphocytes	265860	141785	1206	1645276	0.99548426231718	0.07933976512273504	0.004515737682819977	0.920660234877265
dataset_name-flowcyt_seed-42	dgcytof	num-3	run0	2	HSPCs	HSPCs	144775	1067	57768	1850517	0.7147864897824165	5.762633507310497e-4	0.2852135102175834	0.999423736649269
dataset_name-flowcyt_seed-42	dgcytof	num-3	run0	3	Mast_cells	Mast_cells	2766	120	786	2050455	0.7787162162162162	5.8520171171500675e-5	0.22128378378378377	0.9999414798288285
dataset_name-flowcyt_seed-42	dgcytof	num-3	run0	4	Monocytes	Monocytes	290767	12531	12926	1737903	0.9574372804114681	0.007158796047151735	0.04256271958853184	0.9928412039528483
dataset_name-flowcyt_seed-42	dgcytof	num-3	run0	5	T_Lymphocytes	T_Lymphocytes	1184549	9907	92724	766947	0.9274047130096699	0.012752718013938269	0.07259528699033017	0.9872472819860617
dataset_name-flowcyt_seed-42	dgcytof	num-4	run0	1	B_Lymphocytes	B_Lymphocytes	262743	126759	3211	1605501	0.9879264835272266	0.07317550483183817	0.012073516472773486	0.9268244951681618
dataset_name-flowcyt_seed-42	dgcytof	num-4	run0	2	HSPCs	HSPCs	161747	8372	27630	1800465	0.8541005507532594	0.0046283882959050485	0.14589944924674064	0.9953716117040949
dataset_name-flowcyt_seed-42	dgcytof	num-4	run0	3	Mast_cells	Mast_cells	3015	199	406	1994594	0.8813212510961708	9.975972444258627e-5	0.11867874890382929	0.9999002402755575
dataset_name-flowcyt_seed-42	dgcytof	num-4	run0	4	Monocytes	Monocytes	265375	4827	10814	1717198	0.9608456527957304	0.0028030951931592167	0.03915434720426954	0.9971969048068408
dataset_name-flowcyt_seed-42	dgcytof	num-4	run0	5	T_Lymphocytes	T_Lymphocytes	1164653	524	98620	734417	0.9219329471935204	7.129824026690577e-4	0.07806705280647967	0.999287017597331
dataset_name-flowcyt_seed-42	dgcytof	num-5	run0	1	B_Lymphocytes	B_Lymphocytes	255797	133095	1618	1598612	0.9937144300060214	0.07685769012887284	0.006285569993978595	0.9231423098711271
dataset_name-flowcyt_seed-42	dgcytof	num-5	run0	2	HSPCs	HSPCs	164424	21748	25960	1776990	0.8636440036977897	0.012090699145734398	0.13635599630221026	0.9879093008542656
dataset_name-flowcyt_seed-42	dgcytof	num-5	run0	3	Mast_cells	Mast_cells	2788	383	705	1985246	0.7981677640996279	1.9288598222527974e-4	0.20183223590037216	0.9998071140177747
dataset_name-flowcyt_seed-42	dgcytof	num-5	run0	4	Monocytes	Monocytes	261825	1821	35550	1689926	0.880453972257251	0.0010764020861275356	0.11954602774274906	0.9989235979138724
dataset_name-flowcyt_seed-42	dgcytof	num-5	run0	5	T_Lymphocytes	T_Lymphocytes	1146016	1225	94439	747442	0.9238674518624215	0.0016362414798568657	0.07613254813757855	0.9983637585201431
dataset_name-flowcyt_seed-42	gatemeclass	num-1	run0	1	B_Lymphocytes	B_Lymphocytes	0	0	259336	1792750	0	0	1	1
dataset_name-flowcyt_seed-42	gatemeclass	num-1	run0	2	HSPCs	HSPCs	0	0	202796	1849290	0	0	1	1
dataset_name-flowcyt_seed-42	gatemeclass	num-1	run0	3	Mast_cells	Mast_cells	0	0	3575	2048511	0	0	1	1
dataset_name-flowcyt_seed-42	gatemeclass	num-1	run0	4	Monocytes	Monocytes	0	0	304286	1747800	0	0	1	1
dataset_name-flowcyt_seed-42	gatemeclass	num-1	run0	5	T_Lymphocytes	T_Lymphocytes	0	0	1282093	769993	0	0	1	1
dataset_name-flowcyt_seed-42	gatemeclass	num-2	run0	1	B_Lymphocytes	B_Lymphocytes	0	0	255106	1744756	0	0	1	1
dataset_name-flowcyt_seed-42	gatemeclass	num-2	run0	2	HSPCs	HSPCs	0	0	197361	1802501	0	0	1	1
dataset_name-flowcyt_seed-42	gatemeclass	num-2	run0	3	Mast_cells	Mast_cells	0	0	3541	1996321	0	0	1	1
dataset_name-flowcyt_seed-42	gatemeclass	num-2	run0	4	Monocytes	Monocytes	0	0	300632	1699230	0	0	1	1
dataset_name-flowcyt_seed-42	gatemeclass	num-2	run0	5	T_Lymphocytes	T_Lymphocytes	0	0	1243222	756640	0	0	1	1
dataset_name-flowcyt_seed-42	gatemeclass	num-3	run0	1	B_Lymphocytes	B_Lymphocytes	0	0	267066	1787061	0	0	1	1
dataset_name-flowcyt_seed-42	gatemeclass	num-3	run0	2	HSPCs	HSPCs	0	0	202543	1851584	0	0	1	1
dataset_name-flowcyt_seed-42	gatemeclass	num-3	run0	3	Mast_cells	Mast_cells	0	0	3552	2050575	0	0	1	1
dataset_name-flowcyt_seed-42	gatemeclass	num-3	run0	4	Monocytes	Monocytes	0	0	303693	1750434	0	0	1	1
dataset_name-flowcyt_seed-42	gatemeclass	num-3	run0	5	T_Lymphocytes	T_Lymphocytes	0	0	1277273	776854	0	0	1	1
dataset_name-flowcyt_seed-42	gatemeclass	num-4	run0	1	B_Lymphocytes	B_Lymphocytes	0	0	265954	1732260	0	0	1	1
dataset_name-flowcyt_seed-42	gatemeclass	num-4	run0	2	HSPCs	HSPCs	0	0	189377	1808837	0	0	1	1
dataset_name-flowcyt_seed-42	gatemeclass	num-4	run0	3	Mast_cells	Mast_cells	0	0	3421	1994793	0	0	1	1
dataset_name-flowcyt_seed-42	gatemeclass	num-4	run0	4	Monocytes	Monocytes	0	0	276189	1722025	0	0	1	1
dataset_name-flowcyt_seed-42	gatemeclass	num-4	run0	5	T_Lymphocytes	T_Lymphocytes	0	0	1263273	734941	0	0	1	1
dataset_name-flowcyt_seed-42	gatemeclass	num-5	run0	1	B_Lymphocytes	B_Lymphocytes	0	0	257415	1731707	0	0	1	1
dataset_name-flowcyt_seed-42	gatemeclass	num-5	run0	2	HSPCs	HSPCs	0	0	190384	1798738	0	0	1	1
dataset_name-flowcyt_seed-42	gatemeclass	num-5	run0	3	Mast_cells	Mast_cells	0	0	3493	1985629	0	0	1	1
dataset_name-flowcyt_seed-42	gatemeclass	num-5	run0	4	Monocytes	Monocytes	0	0	297375	1691747	0	0	1	1
dataset_name-flowcyt_seed-42	gatemeclass	num-5	run0	5	T_Lymphocytes	T_Lymphocytes	0	0	1240455	748667	0	0	1	1
dataset_name-flowcyt_seed-42	knn	num-1	run0	1	B_Lymphocytes	B_Lymphocytes	150749	216114	108587	1576636	0.581288367214733	0.12054887742295356	0.41871163278526696	0.8794511225770464
dataset_name-flowcyt_seed-42	knn	num-1	run0	2	HSPCs	HSPCs	101588	315250	101208	1534040	0.5009369021085228	0.17047082934531632	0.4990630978914771	0.8295291706546837
dataset_name-flowcyt_seed-42	knn	num-1	run0	3	Mast_cells	Mast_cells	1658	11030	1917	2037481	0.4637762237762238	0.0053843987169217055	0.5362237762237763	0.9946156012830782
dataset_name-flowcyt_seed-42	knn	num-1	run0	4	Monocytes	Monocytes	269661	101988	34625	1645812	0.8862090270337775	0.05835221421215242	0.11379097296622256	0.9416477857878476
dataset_name-flowcyt_seed-42	knn	num-1	run0	5	T_Lymphocytes	T_Lymphocytes	828533	55515	453560	714478	0.646234711522487	0.07209805803429382	0.35376528847751293	0.9279019419657062
dataset_name-flowcyt_seed-42	knn	num-2	run0	1	B_Lymphocytes	B_Lymphocytes	140277	252429	114829	1492327	0.5498773059042124	0.14467868286453808	0.45012269409578765	0.8553213171354619
dataset_name-flowcyt_seed-42	knn	num-2	run0	2	HSPCs	HSPCs	107390	414157	89971	1388344	0.5441297926135356	0.2297679723894744	0.4558702073864644	0.7702320276105256
dataset_name-flowcyt_seed-42	knn	num-2	run0	3	Mast_cells	Mast_cells	2880	23060	661	1973261	0.8133295679186671	0.011551248521655585	0.18667043208133297	0.9884487514783444
dataset_name-flowcyt_seed-42	knn	num-2	run0	4	Monocytes	Monocytes	220145	16343	80487	1682887	0.7322740094201549	0.009617885748250678	0.26772599057984514	0.9903821142517493
dataset_name-flowcyt_seed-42	knn	num-2	run0	5	T_Lymphocytes	T_Lymphocytes	734928	88253	508294	668387	0.5911478400478756	0.11663803129625713	0.40885215995212437	0.8833619687037428
dataset_name-flowcyt_seed-42	knn	num-3	run0	1	B_Lymphocytes	B_Lymphocytes	214493	520574	52573	1266487	0.8031460388068867	0.2913017518708091	0.19685396119311332	0.7086982481291909
dataset_name-flowcyt_seed-42	knn	num-3	run0	2	HSPCs	HSPCs	125633	305939	76910	1545645	0.6202781631554781	0.16523095900591062	0.37972183684452193	0.8347690409940894
dataset_name-flowcyt_seed-42	knn	num-3	run0	3	Mast_cells	Mast_cells	2588	8628	964	2041947	0.7286036036036037	0.004207600307230898	0.2713963963963964	0.9957923996927691
dataset_name-flowcyt_seed-42	knn	num-3	run0	4	Monocytes	Monocytes	239730	34740	63963	1715694	0.7893826989756102	0.0198465066377824	0.21061730102438977	0.9801534933622176
dataset_name-flowcyt_seed-42	knn	num-3	run0	5	T_Lymphocytes	T_Lymphocytes	591798	10004	685475	766850	0.4633292960862713	0.012877580600730638	0.5366707039137287	0.9871224193992694
dataset_name-flowcyt_seed-42	knn	num-4	run0	1	B_Lymphocytes	B_Lymphocytes	84286	225790	181668	1506470	0.3169194672762959	0.13034417466200224	0.6830805327237041	0.8696558253379978
dataset_name-flowcyt_seed-42	knn	num-4	run0	2	HSPCs	HSPCs	107377	413154	82000	1395683	0.5670012725938208	0.22840864046898643	0.43299872740617923	0.7715913595310135
dataset_name-flowcyt_seed-42	knn	num-4	run0	3	Mast_cells	Mast_cells	2651	129	770	1994664	0.77491961414791	6.466836408589763e-5	0.22508038585209003	0.9999353316359141
dataset_name-flowcyt_seed-42	knn	num-4	run0	4	Monocytes	Monocytes	146096	3428	130093	1718597	0.5289711031214133	0.0019906795778226218	0.4710288968785868	0.9980093204221774
dataset_name-flowcyt_seed-42	knn	num-4	run0	5	T_Lymphocytes	T_Lymphocytes	876787	138516	386486	596425	0.6940597954678046	0.18847227192386873	0.30594020453219534	0.8115277280761313
dataset_name-flowcyt_seed-42	knn	num-5	run0	1	B_Lymphocytes	B_Lymphocytes	181299	388928	76116	1342779	0.7043062758580503	0.22459226647464034	0.2956937241419498	0.7754077335253596
dataset_name-flowcyt_seed-42	knn	num-5	run0	2	HSPCs	HSPCs	60385	145468	129999	1653270	0.3171747625850912	0.08087225599281274	0.6828252374149089	0.9191277440071872
dataset_name-flowcyt_seed-42	knn	num-5	run0	3	Mast_cells	Mast_cells	2975	13679	518	1971950	0.8517034068136272	0.006889000916082511	0.14829659318637275	0.9931109990839175
dataset_name-flowcyt_seed-42	knn	num-5	run0	4	Monocytes	Monocytes	269497	150259	27878	1541488	0.9062530474989492	0.0888188363862918	0.09374695250105086	0.9111811636137082
dataset_name-flowcyt_seed-42	knn	num-5	run0	5	T_Lymphocytes	T_Lymphocytes	721471	55161	518984	693506	0.5816180353176859	0.07367895205745678	0.41838196468231414	0.9263210479425432
dataset_name-flowcyt_seed-42	lda	num-1	run0	1	B_Lymphocytes	B_Lymphocytes	254013	9931	4456	1662399	0.9827600215112837	0.005938421244610813	0.017239978488716248	0.9940615787553891
dataset_name-flowcyt_seed-42	lda	num-1	run0	2	HSPCs	HSPCs	165447	7265	14659	1743428	0.9186090413423207	0.00414978525646701	0.08139095865767937	0.995850214743533
dataset_name-flowcyt_seed-42	lda	num-1	run0	3	Mast_cells	Mast_cells	3063	144	363	1927229	0.8940455341506129	7.471309393666924e-5	0.10595446584938704	0.9999252869060633
dataset_name-flowcyt_seed-42	lda	num-1	run0	4	Monocytes	Monocytes	294225	2556	4252	1629766	0.9857543462310329	0.0015658675187861218	0.014245653768967123	0.9984341324812139
dataset_name-flowcyt_seed-42	lda	num-1	run0	5	T_Lymphocytes	T_Lymphocytes	1184355	779	5966	739699	0.9949879066235074	0.0010520231526122315	0.00501209337649256	0.9989479768473878
dataset_name-flowcyt_seed-42	lda	num-2	run0	1	B_Lymphocytes	B_Lymphocytes	250678	15898	3561	1608438	0.9859934943104717	0.009787383891017623	0.014006505689528357	0.9902126161089824
dataset_name-flowcyt_seed-42	lda	num-2	run0	2	HSPCs	HSPCs	147318	3116	27353	1700788	0.8434027400083586	0.0018287415253441508	0.15659725999164142	0.9981712584746558
dataset_name-flowcyt_seed-42	lda	num-2	run0	3	Mast_cells	Mast_cells	3379	982	13	1874201	0.9961674528301887	5.236822219484711e-4	0.0038325471698113208	0.9994763177780516
dataset_name-flowcyt_seed-42	lda	num-2	run0	4	Monocytes	Monocytes	280513	3504	14310	1580248	0.951462402865448	0.002212467608564977	0.04853759713455192	0.997787532391435
dataset_name-flowcyt_seed-42	lda	num-2	run0	5	T_Lymphocytes	T_Lymphocytes	1149612	3591	1838	723534	0.9984037517912198	0.004938628158844765	0.0015962482087802335	0.9950613718411553
dataset_name-flowcyt_seed-42	lda	num-3	run0	1	B_Lymphocytes	B_Lymphocytes	211071	15429	55128	1651212	0.7929068103185962	0.009257542566155519	0.20709318968140375	0.9907424574338445
dataset_name-flowcyt_seed-42	lda	num-3	run0	2	HSPCs	HSPCs	102114	2092	77739	1750895	0.5677636736668279	0.001193391622413629	0.4322363263331721	0.9988066083775864
dataset_name-flowcyt_seed-42	lda	num-3	run0	3	Mast_cells	Mast_cells	2323	60	1080	1929377	0.6826329709080223	3.109715424758621e-5	0.31736702909197767	0.9999689028457525
dataset_name-flowcyt_seed-42	lda	num-3	run0	4	Monocytes	Monocytes	279095	6830	18789	1628126	0.9369251117884814	0.004177482452127152	0.06307488821151858	0.9958225175478729
dataset_name-flowcyt_seed-42	lda	num-3	run0	5	T_Lymphocytes	T_Lymphocytes	1184286	101481	1215	645858	0.998975116849332	0.13578978214705775	0.0010248831506679454	0.8642102178529423
dataset_name-flowcyt_seed-42	lda	num-4	run0	1	B_Lymphocytes	B_Lymphocytes	259780	10987	5307	1600853	0.9799801574577403	0.0068164333928925945	0.020019842542259712	0.9931835666071074
dataset_name-flowcyt_seed-42	lda	num-4	run0	2	HSPCs	HSPCs	147893	2358	18794	1707882	0.8872497555298253	0.0013787538591074936	0.11275024447017463	0.9986212461408925
dataset_name-flowcyt_seed-42	lda	num-4	run0	3	Mast_cells	Mast_cells	2769	102	503	1873553	0.8462713936430318	5.443905094587851e-5	0.15372860635696822	0.9999455609490541
dataset_name-flowcyt_seed-42	lda	num-4	run0	4	Monocytes	Monocytes	262864	4902	7516	1601645	0.9722020859531031	0.003051264606637714	0.02779791404689696	0.9969487353933623
dataset_name-flowcyt_seed-42	lda	num-4	run0	5	T_Lymphocytes	T_Lymphocytes	1169467	3304	2034	702122	0.9982637658866702	0.004683694675274231	0.0017362341133298222	0.9953163053247258
dataset_name-flowcyt_seed-42	lda	num-5	run0	1	B_Lymphocytes	B_Lymphocytes	233640	22362	22908	1588925	0.9107067683240563	0.01387834693633102	0.08929323167594368	0.986121653063669
dataset_name-flowcyt_seed-42	lda	num-5	run0	2	HSPCs	HSPCs	124814	17596	42880	1682545	0.7442961584791347	0.010349729816526982	0.2557038415208654	0.9896502701834731
dataset_name-flowcyt_seed-42	lda	num-5	run0	3	Mast_cells	Mast_cells	2864	111	480	1864380	0.8564593301435407	5.953367433792923e-5	0.14354066985645933	0.999940466325662
dataset_name-flowcyt_seed-42	lda	num-5	run0	4	Monocytes	Monocytes	239154	1289	52412	1574980	0.8202396712922632	8.177538224757322e-4	0.17976032870773684	0.9991822461775243
dataset_name-flowcyt_seed-42	lda	num-5	run0	5	T_Lymphocytes	T_Lymphocytes	1147824	29813	859	689339	0.9992521870698878	0.04145577012926335	7.478129301121371e-4	0.9585442298707366
dataset_name-flowcyt_seed-42	random	num-1	run0	1	B_Lymphocytes	B_Lymphocytes	43419	297855	215917	1494895	0.16742372829071167	0.16614419188397714	0.8325762717092884	0.8338558081160229
dataset_name-flowcyt_seed-42	random	num-1	run0	2	HSPCs	HSPCs	33622	308090	169174	1541200	0.165792224698712	0.1665990731578065	0.834207775301288	0.8334009268421935
dataset_name-flowcyt_seed-42	random	num-1	run0	3	Mast_cells	Mast_cells	547	341404	3028	1707107	0.153006993006993	0.16665958835466346	0.846993006993007	0.8333404116453366
dataset_name-flowcyt_seed-42	random	num-1	run0	4	Monocytes	Monocytes	50602	291564	253684	1456236	0.16629749643427566	0.16681771369721937	0.8337025035657244	0.8331822863027807
dataset_name-flowcyt_seed-42	random	num-1	run0	5	T_Lymphocytes	T_Lymphocytes	213927	128208	1068166	641785	0.16685763045270507	0.16650540978943965	0.8331423695472949	0.8334945902105604
dataset_name-flowcyt_seed-42	random	num-2	run0	1	B_Lymphocytes	B_Lymphocytes	42199	290922	212907	1453834	0.16541751272020258	0.16674079355508736	0.8345824872797974	0.8332592064449127
dataset_name-flowcyt_seed-42	random	num-2	run0	2	HSPCs	HSPCs	32756	300739	164605	1501762	0.1659699738043484	0.16684539980837737	0.8340300261956516	0.8331546001916227
dataset_name-flowcyt_seed-42	random	num-2	run0	3	Mast_cells	Mast_cells	615	332640	2926	1663681	0.173679751482632	0.16662650946415933	0.826320248517368	0.8333734905358406
dataset_name-flowcyt_seed-42	random	num-2	run0	4	Monocytes	Monocytes	50175	282738	250457	1416492	0.16689840070252002	0.16639183630232518	0.83310159929748	0.8336081636976749
dataset_name-flowcyt_seed-42	random	num-2	run0	5	T_Lymphocytes	T_Lymphocytes	207332	126284	1035890	630356	0.16676989306817286	0.16690103615986465	0.8332301069318271	0.8330989638401354
dataset_name-flowcyt_seed-42	random	num-3	run0	1	B_Lymphocytes	B_Lymphocytes	44463	298298	222603	1488763	0.16648693581361912	0.1669209948625145	0.8335130641863809	0.8330790051374856
dataset_name-flowcyt_seed-42	random	num-3	run0	2	HSPCs	HSPCs	33790	308147	168753	1543437	0.16682877216196068	0.16642345148802323	0.8331712278380393	0.8335765485119768
dataset_name-flowcyt_seed-42	random	num-3	run0	3	Mast_cells	Mast_cells	590	341913	2962	1708662	0.1661036036036036	0.1667400607146776	0.8338963963963963	0.8332599392853224
dataset_name-flowcyt_seed-42	random	num-3	run0	4	Monocytes	Monocytes	50287	291637	253406	1458797	0.16558498220242152	0.16660839540365419	0.8344150177975784	0.8333916045963459
dataset_name-flowcyt_seed-42	random	num-3	run0	5	T_Lymphocytes	T_Lymphocytes	212887	129901	1064386	646953	0.1666730604968554	0.1672141740919143	0.8333269395031446	0.8327858259080857
dataset_name-flowcyt_seed-42	random	num-4	run0	1	B_Lymphocytes	B_Lymphocytes	44211	288442	221743	1443818	0.16623551441226678	0.16651195548012424	0.8337644855877332	0.8334880445198758
dataset_name-flowcyt_seed-42	random	num-4	run0	2	HSPCs	HSPCs	31355	301287	158022	1507550	0.16556920851000914	0.16656393030438896	0.8344307914899909	0.833436069695611
dataset_name-flowcyt_seed-42	random	num-4	run0	3	Mast_cells	Mast_cells	597	333086	2824	1661707	0.17451037708272435	0.1669777265109713	0.8254896229172757	0.8330222734890287
dataset_name-flowcyt_seed-42	random	num-4	run0	4	Monocytes	Monocytes	46157	287137	230032	1434888	0.16712106564707502	0.16674380453245452	0.832878934352925	0.8332561954675455
dataset_name-flowcyt_seed-42	random	num-4	run0	5	T_Lymphocytes	T_Lymphocytes	210630	122737	1052643	612204	0.16673355640467263	0.1670025212908247	0.8332664435953274	0.8329974787091753
dataset_name-flowcyt_seed-42	random	num-5	run0	1	B_Lymphocytes	B_Lymphocytes	43012	288476	214403	1443231	0.16709204980284753	0.16658476289580165	0.8329079501971525	0.8334152371041983
dataset_name-flowcyt_seed-42	random	num-5	run0	2	HSPCs	HSPCs	31946	299364	158438	1499374	0.16779771409362132	0.1664300192690653	0.8322022859063787	0.8335699807309347
dataset_name-flowcyt_seed-42	random	num-5	run0	3	Mast_cells	Mast_cells	608	331317	2885	1654312	0.17406241053535643	0.16685745423742301	0.8259375894646436	0.833142545762577
dataset_name-flowcyt_seed-42	random	num-5	run0	4	Monocytes	Monocytes	49524	281487	247851	1410260	0.16653720050441362	0.16638835475990205	0.8334627994955863	0.833611645240098
dataset_name-flowcyt_seed-42	random	num-5	run0	5	T_Lymphocytes	T_Lymphocytes	207551	124898	1032904	623769	0.16731844363560144	0.16682717416421453	0.8326815563643986	0.8331728258357854
dataset_name-panel_CD20_seed-42	cyanno	num-1	run0	2	CD15+	CD15+	179	258	76	659035	0.7019607843137254	3.913282865129768e-4	0.2980392156862745	0.999608671713487
dataset_name-panel_CD20_seed-42	cyanno	num-1	run0	3	CD19+	CD19+	37878	358	10327	610985	0.7857691110880614	5.855959747637578e-4	0.2142308889119386	0.9994144040252363
dataset_name-panel_CD20_seed-42	cyanno	num-1	run0	4	CD20+	CD20+	73	16	2678	656781	0.026535805161759362	2.4360647201494526e-5	0.9734641948382406	0.9999756393527985
dataset_name-panel_CD20_seed-42	cyanno	num-1	run0	5	CD3+	CD3+	284225	0	57385	317938	0.8320160416849623	0	0.16798395831503762	1
dataset_name-panel_CD20_seed-42	cyanno	num-1	run0	6	Other	Other	57474	70195	209253	322626	0.2154787479332801	0.17869462172338038	0.7845212520667199	0.8213053782766196
dataset_name-panel_CD20_seed-42	cyanno	num-2	run0	1	CD11c+CD14-+	CD11c+CD14-+	0	0	40584	334288	0	0	1	1
dataset_name-panel_CD20_seed-42	cyanno	num-2	run0	2	CD15+	CD15+	55	1	250	374566	0.18032786885245902	2.669749337234727e-6	0.819672131147541	0.9999973302506627
dataset_name-panel_CD20_seed-42	cyanno	num-2	run0	3	CD19+	CD19+	21622	230	61	352959	0.9971867361527464	6.512094091265583e-4	0.0028132638472536087	0.9993487905908734
dataset_name-panel_CD20_seed-42	cyanno	num-2	run0	4	CD20+	CD20+	749	39	405	373679	0.6490467937608319	1.0435676098020432e-4	0.3509532062391681	0.9998956432390198
dataset_name-panel_CD20_seed-42	cyanno	num-2	run0	5	CD3+	CD3+	144118	889	9	229856	0.9999375550729565	0.0038527378708097682	6.244492704351024e-5	0.9961472621291902
dataset_name-panel_CD20_seed-42	cyanno	num-2	run0	6	Other	Other	166823	40346	196	167507	0.9988264808195475	0.19410833617989637	0.0011735191804525234	0.8058916638201036
dataset_name-panel_CD20_seed-42	cyanno	num-3	run0	1	CD11c+CD14-+	CD11c+CD14-+	0	0	40584	411536	0	0	1	1
dataset_name-panel_CD20_seed-42	cyanno	num-3	run0	2	CD15+	CD15+	45	54	205	451816	0.18	1.1950339699471087e-4	0.82	0.9998804966030053
dataset_name-panel_CD20_seed-42	cyanno	num-3	run0	3	CD19+	CD19+	26429	60	402	425229	0.985017330699564	1.4108053582387507e-4	0.014982669300436062	0.9998589194641762
dataset_name-panel_CD20_seed-42	cyanno	num-3	run0	4	CD20+	CD20+	1495	422	139	450064	0.9149326805385557	9.367660704217223e-4	0.0850673194614443	0.9990632339295783
dataset_name-panel_CD20_seed-42	cyanno	num-3	run0	5	CD3+	CD3+	201586	181	23	250330	0.9998859177913685	7.225231626555321e-4	1.140822086315591e-4	0.9992774768373445
dataset_name-panel_CD20_seed-42	cyanno	num-3	run0	6	Other	Other	180933	40915	279	229993	0.9984603668631217	0.15102913166093287	0.0015396331368783525	0.8489708683390671
dataset_name-panel_CD20_seed-42	cyanno	num-4	run0	1	CD11c+CD14-+	CD11c+CD14-+	0	0	40584	577781	0	0	1	1
dataset_name-panel_CD20_seed-42	cyanno	num-4	run0	2	CD15+	CD15+	45	7	102	618211	0.30612244897959184	1.132286669103779e-5	0.6938775510204082	0.999988677133309
dataset_name-panel_CD20_seed-42	cyanno	num-4	run0	3	CD19+	CD19+	43364	145	4709	570147	0.9020448068562394	2.54255714616372e-4	0.09795519314376053	0.9997457442853837
dataset_name-panel_CD20_seed-42	cyanno	num-4	run0	4	CD20+	CD20+	15	5	2729	615616	0.005466472303206997	8.121880182774792e-6	0.994533527696793	0.9999918781198173
dataset_name-panel_CD20_seed-42	cyanno	num-4	run0	5	CD3+	CD3+	331386	280	8774	277925	0.9742062558795861	0.0010064520767060262	0.025793744120413922	0.998993547923294
dataset_name-panel_CD20_seed-42	cyanno	num-4	run0	6	Other	Other	186608	56510	49	375198	0.999737486405546	0.1308986629851659	2.6251359445399853e-4	0.869101337014834
dataset_name-panel_CD20_seed-42	cygate	num-1	run0	2	CD15+	CD15+	254	1485	1	657808	0.996078431372549	0.002252412811906087	0.00392156862745098	0.9977475871880939
dataset_name-panel_CD20_seed-42	cygate	num-1	run0	3	CD19+	CD19+	47915	2768	290	608575	0.9939840265532621	0.004527736475268385	0.006015973446737891	0.9954722635247316
dataset_name-panel_CD20_seed-42	cygate	num-1	run0	4	CD20+	CD20+	682	229	2069	656568	0.24790985096328608	3.486617630713904e-4	0.7520901490367139	0.9996513382369286
dataset_name-panel_CD20_seed-42	cygate	num-1	run0	5	CD3+	CD3+	341262	1886	348	316052	0.9989812944585932	0.005931974158483729	0.0010187055414068674	0.9940680258415163
dataset_name-panel_CD20_seed-42	cygate	num-1	run0	6	Other	Other	69756	239	196971	392582	0.261525829781012	6.084196109678455e-4	0.738474170218988	0.9993915803890322
dataset_name-panel_CD20_seed-42	cygate	num-2	run0	1	CD11c+CD14-+	CD11c+CD14-+	0	0	40584	334288	0	0	1	1
dataset_name-panel_CD20_seed-42	cygate	num-2	run0	2	CD15+	CD15+	37	50	268	374517	0.12131147540983607	1.3348746686173634e-4	0.8786885245901639	0.9998665125331383
dataset_name-panel_CD20_seed-42	cygate	num-2	run0	3	CD19+	CD19+	20186	268	1497	352921	0.9309597380436286	7.58800528895294e-4	0.06904026195637135	0.9992411994711047
dataset_name-panel_CD20_seed-42	cygate	num-2	run0	4	CD20+	CD20+	952	1505	202	372213	0.8249566724436742	0.004027100648082244	0.17504332755632582	0.9959728993519178
dataset_name-panel_CD20_seed-42	cygate	num-2	run0	5	CD3+	CD3+	143759	304	368	230441	0.9974466963164431	0.0013174716678584584	0.002553303683556863	0.9986825283321416
dataset_name-panel_CD20_seed-42	cygate	num-2	run0	6	Other	Other	145604	41299	21415	166554	0.871781054850047	0.1986933072892862	0.128218945149953	0.8013066927107139
dataset_name-panel_CD20_seed-42	cygate	num-3	run0	1	CD11c+CD14-+	CD11c+CD14-+	0	0	40584	411536	0	0	1	1
dataset_name-panel_CD20_seed-42	cygate	num-3	run0	2	CD15+	CD15+	1	182	249	451688	0.004	4.027707083895811e-4	0.996	0.9995972292916104
dataset_name-panel_CD20_seed-42	cygate	num-3	run0	3	CD19+	CD19+	24194	86	2637	425203	0.9017181618277366	2.0221543468088759e-4	0.09828183817226342	0.9997977845653191
dataset_name-panel_CD20_seed-42	cygate	num-3	run0	4	CD20+	CD20+	843	2769	791	447717	0.5159118727050184	0.006146694902838268	0.48408812729498163	0.9938533050971617
dataset_name-panel_CD20_seed-42	cygate	num-3	run0	5	CD3+	CD3+	198417	548	3192	249963	0.9841673734803505	0.0021875286913548707	0.01583262651964942	0.9978124713086451
dataset_name-panel_CD20_seed-42	cygate	num-3	run0	6	Other	Other	157369	41565	23843	229343	0.8684248283778117	0.15342847018175912	0.13157517162218837	0.8465715298182409
dataset_name-panel_CD20_seed-42	cygate	num-4	run0	1	CD11c+CD14-+	CD11c+CD14-+	0	0	40584	577781	0	0	1	1
dataset_name-panel_CD20_seed-42	cygate	num-4	run0	2	CD15+	CD15+	92	1565	55	616653	0.6258503401360545	0.0025314694816391627	0.3741496598639456	0.9974685305183608
dataset_name-panel_CD20_seed-42	cygate	num-4	run0	3	CD19+	CD19+	11001	0	37072	570292	0.22883947330102136	0	0.7711605266989786	1
dataset_name-panel_CD20_seed-42	cygate	num-4	run0	4	CD20+	CD20+	604	724	2140	614897	0.22011661807580174	0.0011760482504657899	0.7798833819241983	0.9988239517495342
dataset_name-panel_CD20_seed-42	cygate	num-4	run0	5	CD3+	CD3+	339687	1518	473	276687	0.9986094778927563	0.00545640804442767	0.00139052210724365	0.9945435919555723
dataset_name-panel_CD20_seed-42	cygate	num-4	run0	6	Other	Other	39969	73858	146688	357850	0.21413073177003808	0.17108323218471744	0.785869268229962	0.8289167678152826
dataset_name-panel_CD20_seed-42	dgcytof	num-1	run0	2	CD15+	CD15+	57	71	198	659222	0.2235294117647059	1.0769111760628431e-4	0.7764705882352941	0.9998923088823937
dataset_name-panel_CD20_seed-42	dgcytof	num-1	run0	3	CD19+	CD19+	0	0	48205	611343	0	0	1	1
dataset_name-panel_CD20_seed-42	dgcytof	num-1	run0	4	CD20+	CD20+	0	0	2751	656797	0	0	1	1
dataset_name-panel_CD20_seed-42	dgcytof	num-1	run0	5	CD3+	CD3+	341281	1052	329	316886	0.9990369134393021	0.0033088212167152087	9.630865606978719e-4	0.9966911787832848
dataset_name-panel_CD20_seed-42	dgcytof	num-1	run0	6	Other	Other	2321	50930	264406	341891	0.008701781221998522	0.12965192797737393	0.9912982187780015	0.8703480720226261
dataset_name-panel_CD20_seed-42	dgcytof	num-2	run0	1	CD11c+CD14-+	CD11c+CD14-+	0	0	40584	334288	0	0	1	1
dataset_name-panel_CD20_seed-42	dgcytof	num-2	run0	2	CD15+	CD15+	0	0	305	374567	0	0	1	1
dataset_name-panel_CD20_seed-42	dgcytof	num-2	run0	3	CD19+	CD19+	21557	218	126	352971	0.9941889959876401	6.172332660416944e-4	0.005811004012359913	0.9993827667339583
dataset_name-panel_CD20_seed-42	dgcytof	num-2	run0	4	CD20+	CD20+	936	402	218	373316	0.8110918544194108	0.001075677382411337	0.18890814558058924	0.9989243226175887
dataset_name-panel_CD20_seed-42	dgcytof	num-2	run0	5	CD3+	CD3+	144038	250	89	230495	0.999382489054792	0.0010834470952783375	6.175109452080457e-4	0.9989165529047217
dataset_name-panel_CD20_seed-42	dgcytof	num-2	run0	6	Other	Other	166682	40789	337	167064	0.9979822654907525	0.1962396501373567	0.002017734509247451	0.8037603498626433
dataset_name-panel_CD20_seed-42	dgcytof	num-3	run0	1	CD11c+CD14-+	CD11c+CD14-+	0	0	40584	411536	0	0	1	1
dataset_name-panel_CD20_seed-42	dgcytof	num-3	run0	2	CD15+	CD15+	7	2	243	451868	0.028	4.426051740544847e-6	0.972	0.9999955739482594
dataset_name-panel_CD20_seed-42	dgcytof	num-3	run0	3	CD19+	CD19+	26435	278	396	425011	0.9852409526294212	6.536731493172878e-4	0.014759047370578808	0.9993463268506827
dataset_name-panel_CD20_seed-42	dgcytof	num-3	run0	4	CD20+	CD20+	1364	930	270	449556	0.8347613219094248	0.0020644370746260706	0.16523867809057527	0.9979355629253739
dataset_name-panel_CD20_seed-42	dgcytof	num-3	run0	5	CD3+	CD3+	201375	11	234	250500	0.9988393375295745	4.391024745420361e-5	0.0011606624704254274	0.9999560897525458
dataset_name-panel_CD20_seed-42	dgcytof	num-3	run0	6	Other	Other	180634	41084	578	229824	0.9968103657594419	0.15165295967634768	0.0031896342405580203	0.8483470403236523
dataset_name-panel_CD20_seed-42	dgcytof	num-4	run0	1	CD11c+CD14-+	CD11c+CD14-+	0	0	40584	577781	0	0	1	1
dataset_name-panel_CD20_seed-42	dgcytof	num-4	run0	2	CD15+	CD15+	87	27	60	618191	0.5918367346938775	4.3673914379717186e-5	0.40816326530612246	0.9999563260856202
dataset_name-panel_CD20_seed-42	dgcytof	num-4	run0	3	CD19+	CD19+	39339	101	8734	570191	0.8183179747467393	1.7710225638795565e-4	0.18168202525326066	0.999822897743612
dataset_name-panel_CD20_seed-42	dgcytof	num-4	run0	4	CD20+	CD20+	0	0	2744	615621	0	0	1	1
dataset_name-panel_CD20_seed-42	dgcytof	num-4	run0	5	CD3+	CD3+	338003	781	2157	277424	0.9936588664158044	0.0028072823996693084	0.006341133584195672	0.9971927176003307
dataset_name-panel_CD20_seed-42	dgcytof	num-4	run0	6	Other	Other	185829	54198	828	377510	0.9955640559957569	0.1255431912311099	0.004435944004243077	0.8744568087688901
dataset_name-panel_CD20_seed-42	gatemeclass	num-1	run0	2	CD15+	CD15+	254	202795	1	456498	0.996078431372549	0.30759465063332997	0.00392156862745098	0.6924053493666701
dataset_name-panel_CD20_seed-42	gatemeclass	num-1	run0	3	CD19+	CD19+	47824	6127	381	605216	0.9920962555751478	0.010022197031780849	0.007903744424852194	0.9899778029682191
dataset_name-panel_CD20_seed-42	gatemeclass	num-1	run0	4	CD20+	CD20+	35	38025	2716	618772	0.01272264631043257	0.05789460061480183	0.9872773536895675	0.9421053993851982
dataset_name-panel_CD20_seed-42	gatemeclass	num-1	run0	5	CD3+	CD3+	181129	252	160481	317686	0.5302215977284037	7.926073636998408e-4	0.4697784022715963	0.9992073926363002
dataset_name-panel_CD20_seed-42	gatemeclass	num-1	run0	6	Other	Other	466	2	266261	392819	0.0017471047175576526	5.091377497638874e-6	0.9982528952824423	0.9999949086225024
dataset_name-panel_CD20_seed-42	gatemeclass	num-2	run0	1	CD11c+CD14-+	CD11c+CD14-+	0	0	40584	334288	0	0	1	1
dataset_name-panel_CD20_seed-42	gatemeclass	num-2	run0	2	CD15+	CD15+	0	2	305	374565	0	5.339498674469454e-6	1	0.9999946605013256
dataset_name-panel_CD20_seed-42	gatemeclass	num-2	run0	3	CD19+	CD19+	21348	6390	335	346799	0.9845501083798367	0.01809229619269003	0.015449891620163261	0.98190770380731
dataset_name-panel_CD20_seed-42	gatemeclass	num-2	run0	4	CD20+	CD20+	290	48343	864	325375	0.2512998266897747	0.12935689477092352	0.7487001733102253	0.8706431052290765
dataset_name-panel_CD20_seed-42	gatemeclass	num-2	run0	5	CD3+	CD3+	94421	187	49706	230558	0.65512360626392	8.104184272681964e-4	0.34487639373608	0.9991895815727319
dataset_name-panel_CD20_seed-42	gatemeclass	num-2	run0	6	Other	Other	128842	24728	38177	183125	0.7714212155503266	0.11896869422139686	0.2285787844496734	0.8810313057786031
dataset_name-panel_CD20_seed-42	gatemeclass	num-3	run0	1	CD11c+CD14-+	CD11c+CD14-+	0	0	40584	411536	0	0	1	1
dataset_name-panel_CD20_seed-42	gatemeclass	num-3	run0	2	CD15+	CD15+	0	3	250	451867	0	6.63907761081727e-6	1	0.9999933609223892
dataset_name-panel_CD20_seed-42	gatemeclass	num-3	run0	3	CD19+	CD19+	26646	6716	185	418573	0.9931049904960679	0.01579161464321908	0.006895009503932019	0.9842083853567809
dataset_name-panel_CD20_seed-42	gatemeclass	num-3	run0	4	CD20+	CD20+	0	25	1634	450461	0	5.5495620285647054e-5	1	0.9999445043797144
dataset_name-panel_CD20_seed-42	gatemeclass	num-3	run0	5	CD3+	CD3+	201556	78697	53	171814	0.9997371149105446	0.31414588580940556	2.6288508945533184e-4	0.6858541141905944
dataset_name-panel_CD20_seed-42	gatemeclass	num-3	run0	6	Other	Other	116052	22425	65160	248483	0.6404211641613138	0.08277717896850591	0.35957883583868616	0.9172228210314941
dataset_name-panel_CD20_seed-42	gatemeclass	num-4	run0	1	CD11c+CD14-+	CD11c+CD14-+	0	0	40584	577781	0	0	1	1
dataset_name-panel_CD20_seed-42	gatemeclass	num-4	run0	2	CD15+	CD15+	134	23905	13	594313	0.9115646258503401	0.03866758974989405	0.08843537414965986	0.961332410250106
dataset_name-panel_CD20_seed-42	gatemeclass	num-4	run0	3	CD19+	CD19+	47719	6450	354	563842	0.9926361991138477	0.011309995581211029	0.00736380088615231	0.988690004418789
dataset_name-panel_CD20_seed-42	gatemeclass	num-4	run0	4	CD20+	CD20+	35	1586	2709	614035	0.012755102040816327	0.002576260393976164	0.9872448979591837	0.9974237396060238
dataset_name-panel_CD20_seed-42	gatemeclass	num-4	run0	5	CD3+	CD3+	340132	126420	28	151785	0.99991768579492	0.4544131126327708	8.231420507996237e-5	0.5455868873672292
dataset_name-panel_CD20_seed-42	gatemeclass	num-4	run0	6	Other	Other	59969	12015	126688	419693	0.32127913766962934	0.0278313119052693	0.6787208623303707	0.9721686880947307
dataset_name-panel_CD20_seed-42	knn	num-1	run0	2	CD15+	CD15+	240	1210	15	658083	0.9411764705882353	0.0018352993282197748	0.058823529411764705	0.9981647006717802
dataset_name-panel_CD20_seed-42	knn	num-1	run0	3	CD19+	CD19+	944	10991	47261	600352	0.019583030805932995	0.017978450722425873	0.980416969194067	0.9820215492775741
dataset_name-panel_CD20_seed-42	knn	num-1	run0	4	CD20+	CD20+	578	13153	2173	643644	0.21010541621228643	0.020025974540078595	0.7898945837877136	0.9799740254599214
dataset_name-panel_CD20_seed-42	knn	num-1	run0	5	CD3+	CD3+	280024	2	61586	317936	0.819718392318726	6.2905346325384195e-6	0.18028160768127396	0.9999937094653675
dataset_name-panel_CD20_seed-42	knn	num-1	run0	6	Other	Other	128348	24058	138379	368763	0.48119612937572875	0.06124417991909801	0.5188038706242712	0.938755820080902
dataset_name-panel_CD20_seed-42	knn	num-2	run0	1	CD11c+CD14-+	CD11c+CD14-+	0	0	40584	334288	0	0	1	1
dataset_name-panel_CD20_seed-42	knn	num-2	run0	2	CD15+	CD15+	188	44	117	374523	0.6163934426229508	1.1746897083832799e-4	0.3836065573770492	0.9998825310291617
dataset_name-panel_CD20_seed-42	knn	num-2	run0	3	CD19+	CD19+	18702	259	2981	352930	0.8625190241202786	7.333184215816461e-4	0.13748097587972144	0.9992666815784184
dataset_name-panel_CD20_seed-42	knn	num-2	run0	4	CD20+	CD20+	1008	64572	146	309146	0.8734835355285961	0.17278268641060907	0.1265164644714038	0.8272173135893909
dataset_name-panel_CD20_seed-42	knn	num-2	run0	5	CD3+	CD3+	142200	724	1927	230021	0.9866298472874617	0.0031376627879260654	0.013370152712538247	0.996862337212074
dataset_name-panel_CD20_seed-42	knn	num-2	run0	6	Other	Other	117528	29647	49491	178206	0.7036804195929804	0.1426344580063795	0.29631958040701956	0.8573655419936205
dataset_name-panel_CD20_seed-42	knn	num-3	run0	1	CD11c+CD14-+	CD11c+CD14-+	0	0	40584	411536	0	0	1	1
dataset_name-panel_CD20_seed-42	knn	num-3	run0	2	CD15+	CD15+	158	152	92	451718	0.632	3.3637993228140836e-4	0.368	0.9996636200677186
dataset_name-panel_CD20_seed-42	knn	num-3	run0	3	CD19+	CD19+	19956	208	6875	425081	0.743766538705229	4.890791908561002e-4	0.256233461294771	0.9995109208091439
dataset_name-panel_CD20_seed-42	knn	num-3	run0	4	CD20+	CD20+	1178	54651	456	395835	0.7209302325581395	0.1213156457692359	0.27906976744186046	0.8786843542307641
dataset_name-panel_CD20_seed-42	knn	num-3	run0	5	CD3+	CD3+	198278	554	3331	249957	0.9834779201325338	0.0022114797354208	0.016522079867466233	0.9977885202645792
dataset_name-panel_CD20_seed-42	knn	num-3	run0	6	Other	Other	141759	35226	39453	235682	0.7822826302893848	0.13002938266865505	0.2177173697106152	0.869970617331345
dataset_name-panel_CD20_seed-42	knn	num-4	run0	1	CD11c+CD14-+	CD11c+CD14-+	0	0	40584	577781	0	0	1	1
dataset_name-panel_CD20_seed-42	knn	num-4	run0	2	CD15+	CD15+	109	27	38	618191	0.7414965986394558	4.3673914379717186e-5	0.2585034013605442	0.9999563260856202
dataset_name-panel_CD20_seed-42	knn	num-4	run0	3	CD19+	CD19+	47483	206451	590	363841	0.9877269985230794	0.3620092864707904	0.012273001476920517	0.6379907135292096
dataset_name-panel_CD20_seed-42	knn	num-4	run0	4	CD20+	CD20+	199	819	2545	614802	0.07252186588921283	0.0013303639739385108	0.9274781341107872	0.9986696360260615
dataset_name-panel_CD20_seed-42	knn	num-4	run0	5	CD3+	CD3+	105966	3	234194	278202	0.31151810912511757	1.0783415107564565e-5	0.6884818908748824	0.9999892165848925
dataset_name-panel_CD20_seed-42	knn	num-4	run0	6	Other	Other	11165	246143	175492	185565	0.059815597593446804	0.570160849463063	0.9401844024065532	0.429839150536937
dataset_name-panel_CD20_seed-42	lda	num-1	run0	2	CD15+	CD15+	242	574	13	658719	0.9490196078431372	8.706295986761576e-4	0.050980392156862744	0.9991293704013239
dataset_name-panel_CD20_seed-42	lda	num-1	run0	3	CD19+	CD19+	40361	364	7844	610979	0.8372782906337517	5.954104324413627e-4	0.1627217093662483	0.9994045895675586
dataset_name-panel_CD20_seed-42	lda	num-1	run0	4	CD20+	CD20+	1114	3694	1637	653103	0.4049436568520538	0.005624264422645049	0.5950563431479462	0.9943757355773549
dataset_name-panel_CD20_seed-42	lda	num-1	run0	5	CD3+	CD3+	49395	0	292215	317938	0.14459471326951787	0	0.8554052867304821	1
dataset_name-panel_CD20_seed-42	lda	num-1	run0	6	Other	Other	325	1478	266402	391343	0.0012184743201850581	0.0037625279707551276	0.9987815256798149	0.9962374720292448
dataset_name-panel_CD20_seed-42	lda	num-2	run0	1	CD11c+CD14-+	CD11c+CD14-+	0	0	40584	334288	0	0	1	1
dataset_name-panel_CD20_seed-42	lda	num-2	run0	2	CD15+	CD15+	296	861	9	373706	0.9704918032786886	0.0022986541793591	0.029508196721311476	0.9977013458206409
dataset_name-panel_CD20_seed-42	lda	num-2	run0	3	CD19+	CD19+	18648	2181	3035	351008	0.8600285938292672	0.006175164005674016	0.13997140617073284	0.993824835994326
dataset_name-panel_CD20_seed-42	lda	num-2	run0	4	CD20+	CD20+	1021	5937	133	367781	0.8847487001733102	0.015886309998448027	0.11525129982668977	0.984113690001552
dataset_name-panel_CD20_seed-42	lda	num-2	run0	5	CD3+	CD3+	143433	1315	694	229430	0.9951848022924227	0.0056989317211640555	0.004815197707577345	0.9943010682788359
dataset_name-panel_CD20_seed-42	lda	num-2	run0	6	Other	Other	155258	39217	11761	168636	0.9295828618300912	0.18867661279846815	0.07041713816990881	0.8113233872015319
dataset_name-panel_CD20_seed-42	lda	num-3	run0	1	CD11c+CD14-+	CD11c+CD14-+	0	0	40584	411536	0	0	1	1
dataset_name-panel_CD20_seed-42	lda	num-3	run0	2	CD15+	CD15+	250	1774	0	450096	1	0.00392590789386328	0	0.9960740921061367
dataset_name-panel_CD20_seed-42	lda	num-3	run0	3	CD19+	CD19+	18893	2276	7938	423013	0.704148186798852	0.005351654992252327	0.29585181320114795	0.9946483450077477
dataset_name-panel_CD20_seed-42	lda	num-3	run0	4	CD20+	CD20+	545	2248	1089	448238	0.33353733170134636	0.004990166176085383	0.6664626682986536	0.9950098338239146
dataset_name-panel_CD20_seed-42	lda	num-3	run0	5	CD3+	CD3+	198741	1390	2868	249121	0.9857744445932474	0.0055486585419402745	0.014225555406752674	0.9944513414580597
dataset_name-panel_CD20_seed-42	lda	num-3	run0	6	Other	Other	175622	44524	5590	226384	0.9691521532790323	0.16435099738656667	0.030847846720967707	0.8356490026134333
dataset_name-panel_CD20_seed-42	lda	num-4	run0	1	CD11c+CD14-+	CD11c+CD14-+	0	0	40584	577781	0	0	1	1
dataset_name-panel_CD20_seed-42	lda	num-4	run0	2	CD15+	CD15+	30	7	117	618211	0.20408163265306123	1.132286669103779e-5	0.7959183673469388	0.999988677133309
dataset_name-panel_CD20_seed-42	lda	num-4	run0	3	CD19+	CD19+	35950	208	12123	570084	0.7478210221954111	3.6472543889796803e-4	0.25217897780458887	0.999635274561102
dataset_name-panel_CD20_seed-42	lda	num-4	run0	4	CD20+	CD20+	1474	5744	1270	609877	0.5371720116618076	0.009330415953971681	0.46282798833819244	0.9906695840460283
dataset_name-panel_CD20_seed-42	lda	num-4	run0	5	CD3+	CD3+	77069	0	263091	278205	0.22656690968955787	0	0.7734330903104422	1
dataset_name-panel_CD20_seed-42	lda	num-4	run0	6	Other	Other	186240	307803	417	123905	0.9977659557369936	0.7129888721079989	0.002234044263006477	0.28701112789200106
dataset_name-panel_CD20_seed-42	random	num-1	run0	2	CD15+	CD15+	33	94135	222	565158	0.12941176470588237	0.14278173740658553	0.8705882352941177	0.8572182625934145
dataset_name-panel_CD20_seed-42	random	num-1	run0	3	CD19+	CD19+	6783	87428	41422	523915	0.14071154444559694	0.14300973430627323	0.859288455554403	0.8569902656937267
dataset_name-panel_CD20_seed-42	random	num-1	run0	4	CD20+	CD20+	394	93690	2357	563107	0.14322064703744092	0.1426468147692514	0.856779352962559	0.8573531852307487
dataset_name-panel_CD20_seed-42	random	num-1	run0	5	CD3+	CD3+	48527	45279	293083	272659	0.14205380404554901	0.14241455881335355	0.857946195954451	0.8575854411866465
dataset_name-panel_CD20_seed-42	random	num-1	run0	6	Other	Other	37998	56073	228729	336748	0.14246026836428258	0.14274440521255227	0.8575397316357174	0.8572555947874477
dataset_name-panel_CD20_seed-42	random	num-2	run0	1	CD11c+CD14-+	CD11c+CD14-+	0	0	40584	334288	0	0	1	1
dataset_name-panel_CD20_seed-42	random	num-2	run0	2	CD15+	CD15+	41	62290	264	312277	0.13442622950819672	0.16629868621635116	0.8655737704918033	0.8337013137836489
dataset_name-panel_CD20_seed-42	random	num-2	run0	3	CD19+	CD19+	3596	58741	18087	294448	0.1658442097495734	0.1663160517456659	0.8341557902504266	0.8336839482543341
dataset_name-panel_CD20_seed-42	random	num-2	run0	4	CD20+	CD20+	181	62297	973	311421	0.15684575389948008	0.16669520868676382	0.8431542461005199	0.8333047913132362
dataset_name-panel_CD20_seed-42	random	num-2	run0	5	CD3+	CD3+	23962	38442	120165	192303	0.16625614909073247	0.1665994929467594	0.8337438509092675	0.8334005070532405
dataset_name-panel_CD20_seed-42	random	num-2	run0	6	Other	Other	27994	34337	139025	173516	0.16760967315095887	0.16519848161922127	0.8323903268490411	0.8348015183807788
dataset_name-panel_CD20_seed-42	random	num-3	run0	1	CD11c+CD14-+	CD11c+CD14-+	0	0	40584	411536	0	0	1	1
dataset_name-panel_CD20_seed-42	random	num-3	run0	2	CD15+	CD15+	41	75639	209	376231	0.164	0.16739106380153584	0.836	0.8326089361984642
dataset_name-panel_CD20_seed-42	random	num-3	run0	3	CD19+	CD19+	4451	71022	22380	354267	0.1658902016324401	0.1669970302547209	0.8341097983675599	0.8330029697452791
dataset_name-panel_CD20_seed-42	random	num-3	run0	4	CD20+	CD20+	266	74876	1368	375610	0.16279069767441862	0.16621160258032436	0.8372093023255814	0.8337883974196756
dataset_name-panel_CD20_seed-42	random	num-3	run0	5	CD3+	CD3+	33500	41875	168109	208636	0.16616321691987956	0.16715832837679784	0.8338367830801204	0.8328416716232022
dataset_name-panel_CD20_seed-42	random	num-3	run0	6	Other	Other	30298	44984	150914	225924	0.16719643290731298	0.16604899080130525	0.832803567092687	0.8339510091986948
dataset_name-panel_CD20_seed-42	random	num-4	run0	1	CD11c+CD14-+	CD11c+CD14-+	0	0	40584	577781	0	0	1	1
dataset_name-panel_CD20_seed-42	random	num-4	run0	2	CD15+	CD15+	28	102922	119	515296	0.19047619047619047	0.16648172651071305	0.8095238095238095	0.833518273489287
dataset_name-panel_CD20_seed-42	random	num-4	run0	3	CD19+	CD19+	8057	94620	40016	475672	0.16759927610092984	0.16591500494483527	0.8324007238990702	0.8340849950551648
dataset_name-panel_CD20_seed-42	random	num-4	run0	4	CD20+	CD20+	450	102686	2294	512935	0.16399416909620992	0.16680067768968246	0.8360058309037901	0.8331993223103176
dataset_name-panel_CD20_seed-42	random	num-4	run0	5	CD3+	CD3+	56723	46575	283437	231630	0.16675388052681092	0.16741251954493988	0.833246119473189	0.8325874804550601
dataset_name-panel_CD20_seed-42	random	num-4	run0	6	Other	Other	31154	71782	155503	359926	0.16690507186979325	0.16627442623254607	0.8330949281302067	0.8337255737674539
dataset_name-panel_CD56_seed-42	cyanno	num-1	run0	1	APCs	APCs	53053	17431	85330	782546	0.38337801608579086	0.02178937644457278	0.6166219839142091	0.9782106235554272
dataset_name-panel_CD56_seed-42	cyanno	num-1	run0	2	CD15+	CD15+	192	20	193	937955	0.4987012987012987	2.132252991817479e-5	0.5012987012987012	0.9999786774700818
dataset_name-panel_CD56_seed-42	cyanno	num-1	run0	3	CD19+	CD19+	52048	321	16348	869643	0.7609801742791976	3.6898078541181017e-4	0.23901982572080238	0.9996310192145882
dataset_name-panel_CD56_seed-42	cyanno	num-1	run0	4	CD20+	CD20+	0	0	10	938350	0	0	1	1
dataset_name-panel_CD56_seed-42	cyanno	num-1	run0	5	CD3+	CD3+	548607	39	7651	382063	0.9862455910746453	1.0206698734892778e-4	0.013754408925354782	0.9998979330126511
dataset_name-panel_CD56_seed-42	cyanno	num-1	run0	6	CD45+DR- NK cells	CD45+DR- NK cells	0	0	29172	909188	0	0	1	1
dataset_name-panel_CD56_seed-42	cyanno	num-1	run0	7	CD56+DR- NK cells	CD56+DR- NK cells	20959	17794	8202	891405	0.7187339254483728	0.019571072999420368	0.28126607455162717	0.9804289270005796
dataset_name-panel_CD56_seed-42	cyanno	num-1	run0	8	Other	Other	100035	127861	16560	693904	0.8579698957931301	0.15559314402536004	0.14203010420686993	0.8444068559746399
dataset_name-panel_CD56_seed-42	cyanno	num-2	run0	1	APCs	APCs	64747	87773	17146	348116	0.7906292357100119	0.20136548524968512	0.20937076428998816	0.7986345147503149
dataset_name-panel_CD56_seed-42	cyanno	num-2	run0	2	CD15+	CD15+	12	0	427	517343	0.02733485193621868	0	0.9726651480637813	1
dataset_name-panel_CD56_seed-42	cyanno	num-2	run0	3	CD19+	CD19+	33119	2	569	484092	0.983109712657326	4.131429019983722e-6	0.01689028734267395	0.99999586857098
dataset_name-panel_CD56_seed-42	cyanno	num-2	run0	4	CD20+	CD20+	0	0	10	517772	0	0	1	1
dataset_name-panel_CD56_seed-42	cyanno	num-2	run0	5	CD3+	CD3+	273851	642	68	243221	0.9997517514301673	0.0026326256955749743	2.482485698326878e-4	0.997367374304425
dataset_name-panel_CD56_seed-42	cyanno	num-2	run0	6	CD45+DR- NK cells	CD45+DR- NK cells	76	28784	65	488857	0.5390070921985816	0.05560610538964263	0.46099290780141844	0.9443938946103574
dataset_name-panel_CD56_seed-42	cyanno	num-2	run0	7	CD56+DR- NK cells	CD56+DR- NK cells	0	0	29278	488504	0	0	1	1
dataset_name-panel_CD56_seed-42	cyanno	num-2	run0	8	Other	Other	10822	17954	87592	401414	0.10996402950799683	0.04281204097594476	0.8900359704920032	0.9571879590240553
dataset_name-panel_CD56_seed-42	cyanno	num-3	run0	1	APCs	APCs	0	0	171911	371870	0	0	1	1
dataset_name-panel_CD56_seed-42	cyanno	num-3	run0	2	CD15+	CD15+	12	8	393	543368	0.02962962962962963	1.472277023644769e-5	0.9703703703703703	0.9999852772297636
dataset_name-panel_CD56_seed-42	cyanno	num-3	run0	3	CD19+	CD19+	34740	450	203	508388	0.9941905388776007	8.843679127738101e-4	0.0058094611223993365	0.9991156320872262
dataset_name-panel_CD56_seed-42	cyanno	num-3	run0	4	CD20+	CD20+	0	0	10	543771	0	0	1	1
dataset_name-panel_CD56_seed-42	cyanno	num-3	run0	5	CD3+	CD3+	286756	56	90	256879	0.9996862427922997	2.179539572265359e-4	3.1375720770029914e-4	0.9997820460427734
dataset_name-panel_CD56_seed-42	cyanno	num-3	run0	6	CD45+DR- NK cells	CD45+DR- NK cells	0	0	29172	514609	0	0	1	1
dataset_name-panel_CD56_seed-42	cyanno	num-3	run0	7	CD56+DR- NK cells	CD56+DR- NK cells	23	28726	94	514938	0.19658119658119658	0.05283778215956914	0.8034188034188035	0.9471622178404309
dataset_name-panel_CD56_seed-42	cyanno	num-3	run0	8	Other	Other	19191	173819	1186	349585	0.9417971242086667	0.33209337337888134	0.05820287579133337	0.6679066266211187
dataset_name-panel_CD56_seed-42	cyanno	num-4	run0	1	APCs	APCs	56143	40810	67403	759401	0.45442992893335277	0.05099904900082603	0.5455700710666472	0.9490009509991739
dataset_name-panel_CD56_seed-42	cyanno	num-4	run0	2	CD15+	CD15+	107	48	2	923600	0.981651376146789	5.1967849223946785e-5	0.01834862385321101	0.9999480321507761
dataset_name-panel_CD56_seed-42	cyanno	num-4	run0	3	CD19+	CD19+	63303	328	4918	855208	0.9279107606162326	3.833853864711713e-4	0.07208923938376746	0.9996166146135288
dataset_name-panel_CD56_seed-42	cyanno	num-4	run0	5	CD3+	CD3+	550718	159	5641	367239	0.9898608632196118	4.3277317786161054e-4	0.010139136780388202	0.9995672268221384
dataset_name-panel_CD56_seed-42	cyanno	num-4	run0	6	CD45+DR- NK cells	CD45+DR- NK cells	20540	24159	8491	870567	0.7075195480693052	0.027001562489521933	0.2924804519306948	0.9729984375104781
dataset_name-panel_CD56_seed-42	cyanno	num-4	run0	7	CD56+DR- NK cells	CD56+DR- NK cells	0	0	29278	894479	0	0	1	1
dataset_name-panel_CD56_seed-42	cyanno	num-4	run0	8	Other	Other	76989	90451	40224	716093	0.6568298738194569	0.11214639250927413	0.3431701261805431	0.8878536074907258
dataset_name-panel_CD56_seed-42	cygate	num-1	run0	1	APCs	APCs	73001	33912	65382	766065	0.5275286704291712	0.04239121874753899	0.47247132957082877	0.957608781252461
dataset_name-panel_CD56_seed-42	cygate	num-1	run0	2	CD15+	CD15+	232	599	153	937376	0.6025974025974026	6.38609771049335e-4	0.3974025974025974	0.9993613902289507
dataset_name-panel_CD56_seed-42	cygate	num-1	run0	3	CD19+	CD19+	68207	16451	189	853513	0.997236680507632	0.018909977884142334	0.0027633194923679747	0.9810900221158577
dataset_name-panel_CD56_seed-42	cygate	num-1	run0	4	CD20+	CD20+	0	0	10	938350	0	0	1	1
dataset_name-panel_CD56_seed-42	cygate	num-1	run0	5	CD3+	CD3+	556103	2801	155	379301	0.9997213523221239	0.007330503373444787	2.7864767787609345e-4	0.9926694966265552
dataset_name-panel_CD56_seed-42	cygate	num-1	run0	6	CD45+DR- NK cells	CD45+DR- NK cells	0	0	29172	909188	0	0	1	1
dataset_name-panel_CD56_seed-42	cygate	num-1	run0	7	CD56+DR- NK cells	CD56+DR- NK cells	29058	42263	103	866936	0.9964678851891224	0.04648377307938086	0.003532114810877542	0.9535162269206191
dataset_name-panel_CD56_seed-42	cygate	num-1	run0	8	Other	Other	56266	58246	60329	763519	0.482576439813028	0.07087914428090755	0.517423560186972	0.9291208557190924
dataset_name-panel_CD56_seed-42	cygate	num-2	run0	1	APCs	APCs	67993	88495	13900	347394	0.830266323128961	0.203021870246783	0.16973367687103905	0.796978129753217
dataset_name-panel_CD56_seed-42	cygate	num-2	run0	2	CD15+	CD15+	70	55	369	517288	0.15945330296127563	1.0631244648134797e-4	0.8405466970387244	0.9998936875535187
dataset_name-panel_CD56_seed-42	cygate	num-2	run0	3	CD19+	CD19+	33004	465	684	483629	0.9796960341961529	9.605572471462154e-4	0.020303965803847066	0.9990394427528538
dataset_name-panel_CD56_seed-42	cygate	num-2	run0	4	CD20+	CD20+	0	0	10	517772	0	0	1	1
dataset_name-panel_CD56_seed-42	cygate	num-2	run0	5	CD3+	CD3+	272883	201	1036	243662	0.9962178600243138	8.242332785211369e-4	0.003782139975686243	0.9991757667214789
dataset_name-panel_CD56_seed-42	cygate	num-2	run0	6	CD45+DR- NK cells	CD45+DR- NK cells	46	41608	95	476033	0.3262411347517731	0.08038003172082582	0.6737588652482269	0.9196199682791741
dataset_name-panel_CD56_seed-42	cygate	num-2	run0	7	CD56+DR- NK cells	CD56+DR- NK cells	0	0	29278	488504	0	0	1	1
dataset_name-panel_CD56_seed-42	cygate	num-2	run0	8	Other	Other	6713	695	91701	418673	0.06821183977889325	0.0016572556799755824	0.9317881602211068	0.9983427443200245
dataset_name-panel_CD56_seed-42	cygate	num-3	run0	1	APCs	APCs	0	0	171911	371870	0	0	1	1
dataset_name-panel_CD56_seed-42	cygate	num-3	run0	2	CD15+	CD15+	26	4	379	543372	0.06419753086419754	7.361385118223845e-6	0.9358024691358025	0.9999926386148817
dataset_name-panel_CD56_seed-42	cygate	num-3	run0	3	CD19+	CD19+	34464	2449	479	506389	0.9862919611939445	0.0048129267075179135	0.013708038806055577	0.9951870732924821
dataset_name-panel_CD56_seed-42	cygate	num-3	run0	4	CD20+	CD20+	0	0	10	543771	0	0	1	1
dataset_name-panel_CD56_seed-42	cygate	num-3	run0	5	CD3+	CD3+	286160	186	686	256749	0.9976084728390844	7.239185007881371e-4	0.0023915271609156134	0.9992760814992119
dataset_name-panel_CD56_seed-42	cygate	num-3	run0	6	CD45+DR- NK cells	CD45+DR- NK cells	0	0	29172	514609	0	0	1	1
dataset_name-panel_CD56_seed-42	cygate	num-3	run0	7	CD56+DR- NK cells	CD56+DR- NK cells	78	40001	39	503663	0.6666666666666666	0.07357669442891197	0.3333333333333333	0.926423305571088
dataset_name-panel_CD56_seed-42	cygate	num-3	run0	8	Other	Other	5245	163031	15132	360373	0.2573980468174903	0.3114821438124279	0.7426019531825097	0.6885178561875721
dataset_name-panel_CD56_seed-42	cygate	num-4	run0	1	APCs	APCs	64040	25127	59506	775084	0.5183494406941545	0.031400468126531626	0.4816505593058456	0.9685995318734684
dataset_name-panel_CD56_seed-42	cygate	num-4	run0	2	CD15+	CD15+	109	777	0	922871	1	8.412295593126386e-4	0	0.9991587704406873
dataset_name-panel_CD56_seed-42	cygate	num-4	run0	3	CD19+	CD19+	68204	7008	17	848528	0.9997508098679292	0.008191356062164538	2.4919013207077e-4	0.9918086439378354
dataset_name-panel_CD56_seed-42	cygate	num-4	run0	5	CD3+	CD3+	556094	1876	265	365522	0.9995236888411979	0.00510617912998982	4.7631115880214037e-4	0.9948938208700102
dataset_name-panel_CD56_seed-42	cygate	num-4	run0	6	CD45+DR- NK cells	CD45+DR- NK cells	27689	36323	1342	858403	0.9537735524094934	0.040596786055172196	0.0462264475905067	0.9594032139448277
dataset_name-panel_CD56_seed-42	cygate	num-4	run0	7	CD56+DR- NK cells	CD56+DR- NK cells	0	0	29278	894479	0	0	1	1
dataset_name-panel_CD56_seed-42	cygate	num-4	run0	8	Other	Other	76037	58204	41176	748340	0.6487079078259237	0.07216469281279136	0.35129209217407625	0.9278353071872086
dataset_name-panel_CD56_seed-42	dgcytof	num-1	run0	1	APCs	APCs	68739	64243	69644	735734	0.4967300896786455	0.08030605879919048	0.5032699103213545	0.9196939412008095
dataset_name-panel_CD56_seed-42	dgcytof	num-1	run0	2	CD15+	CD15+	189	1076	196	936899	0.4909090909090909	0.0011471521095978037	0.509090909090909	0.9988528478904022
dataset_name-panel_CD56_seed-42	dgcytof	num-1	run0	3	CD19+	CD19+	50267	1503	18129	868461	0.7349406398034973	0.0017276576961805317	0.2650593601965027	0.9982723423038194
dataset_name-panel_CD56_seed-42	dgcytof	num-1	run0	4	CD20+	CD20+	0	0	10	938350	0	0	1	1
dataset_name-panel_CD56_seed-42	dgcytof	num-1	run0	5	CD3+	CD3+	555927	2438	331	379664	0.999404952378213	0.006380495260427844	5.950476217870125e-4	0.9936195047395722
dataset_name-panel_CD56_seed-42	dgcytof	num-1	run0	6	CD45+DR- NK cells	CD45+DR- NK cells	0	0	29172	909188	0	0	1	1
dataset_name-panel_CD56_seed-42	dgcytof	num-1	run0	7	CD56+DR- NK cells	CD56+DR- NK cells	27711	29187	1450	880012	0.9502760536332773	0.03210188308610106	0.04972394636672268	0.9678981169138989
dataset_name-panel_CD56_seed-42	dgcytof	num-1	run0	8	Other	Other	65922	71158	50673	750607	0.5653930271452464	0.08659166550047763	0.43460697285475364	0.9134083344995224
dataset_name-panel_CD56_seed-42	dgcytof	num-2	run0	1	APCs	APCs	66454	87074	15439	348815	0.8114735081142467	0.1997618659796416	0.18852649188575335	0.8002381340203584
dataset_name-panel_CD56_seed-42	dgcytof	num-2	run0	2	CD15+	CD15+	0	0	439	517343	0	0	1	1
dataset_name-panel_CD56_seed-42	dgcytof	num-2	run0	3	CD19+	CD19+	33230	66	458	484028	0.9864046544763714	1.3633715765946284e-4	0.013595345523628592	0.9998636628423405
dataset_name-panel_CD56_seed-42	dgcytof	num-2	run0	4	CD20+	CD20+	0	0	10	517772	0	0	1	1
dataset_name-panel_CD56_seed-42	dgcytof	num-2	run0	5	CD3+	CD3+	273808	65	111	243798	0.9995947707168907	2.6654310001927314e-4	4.052292831092403e-4	0.9997334568999807
dataset_name-panel_CD56_seed-42	dgcytof	num-2	run0	6	CD45+DR- NK cells	CD45+DR- NK cells	89	29065	52	488576	0.6312056737588653	0.056148952652514	0.36879432624113473	0.943851047347486
dataset_name-panel_CD56_seed-42	dgcytof	num-2	run0	7	CD56+DR- NK cells	CD56+DR- NK cells	0	0	29278	488504	0	0	1	1
dataset_name-panel_CD56_seed-42	dgcytof	num-2	run0	8	Other	Other	11245	16686	87169	402682	0.11426219846769768	0.03978844356269434	0.8857378015323023	0.9602115564373057
dataset_name-panel_CD56_seed-42	dgcytof	num-3	run0	1	APCs	APCs	0	0	171911	371870	0	0	1	1
dataset_name-panel_CD56_seed-42	dgcytof	num-3	run0	2	CD15+	CD15+	0	0	405	543376	0	0	1	1
dataset_name-panel_CD56_seed-42	dgcytof	num-3	run0	3	CD19+	CD19+	34838	929	105	507909	0.9969951063160003	0.0018257284243708215	0.0030048936839996566	0.9981742715756292
dataset_name-panel_CD56_seed-42	dgcytof	num-3	run0	4	CD20+	CD20+	0	0	10	543771	0	0	1	1
dataset_name-panel_CD56_seed-42	dgcytof	num-3	run0	5	CD3+	CD3+	286672	558	174	256377	0.9993934027317795	0.0021717555023644114	6.065972682205783e-4	0.9978282444976356
dataset_name-panel_CD56_seed-42	dgcytof	num-3	run0	6	CD45+DR- NK cells	CD45+DR- NK cells	0	0	29172	514609	0	0	1	1
dataset_name-panel_CD56_seed-42	dgcytof	num-3	run0	7	CD56+DR- NK cells	CD56+DR- NK cells	99	29867	18	513797	0.8461538461538461	0.054936504900085344	0.15384615384615385	0.9450634950999146
dataset_name-panel_CD56_seed-42	dgcytof	num-3	run0	8	Other	Other	17789	173029	2588	350375	0.872994061932571	0.33058402304911694	0.12700593806742896	0.6694159769508831
dataset_name-panel_CD56_seed-42	dgcytof	num-4	run0	1	APCs	APCs	63393	59518	60153	740693	0.5131125248895149	0.07437788283340269	0.4868874751104852	0.9256221171665973
dataset_name-panel_CD56_seed-42	dgcytof	num-4	run0	2	CD15+	CD15+	40	36	69	923612	0.3669724770642202	3.897588691796009e-5	0.6330275229357798	0.9999610241130821
dataset_name-panel_CD56_seed-42	dgcytof	num-4	run0	3	CD19+	CD19+	62832	156	5389	855380	0.9210067281335659	1.8234183015092292e-4	0.0789932718664341	0.999817658169849
dataset_name-panel_CD56_seed-42	dgcytof	num-4	run0	5	CD3+	CD3+	556035	2297	324	365101	0.999417642205842	0.006252075405963016	5.823577941580886e-4	0.9937479245940369
dataset_name-panel_CD56_seed-42	dgcytof	num-4	run0	6	CD45+DR- NK cells	CD45+DR- NK cells	17666	21073	11365	873653	0.6085219248389653	0.023552461871008554	0.3914780751610348	0.9764475381289914
dataset_name-panel_CD56_seed-42	dgcytof	num-4	run0	7	CD56+DR- NK cells	CD56+DR- NK cells	0	0	29278	894479	0	0	1	1
dataset_name-panel_CD56_seed-42	dgcytof	num-4	run0	8	Other	Other	57922	82789	59291	723755	0.49416020407292705	0.10264660080541173	0.505839795927073	0.8973533991945882
dataset_name-panel_CD56_seed-42	gatemeclass	num-1	run0	1	APCs	APCs	11481	142074	126902	657903	0.08296539314800229	0.17759760593117052	0.9170346068519977	0.8224023940688295
dataset_name-panel_CD56_seed-42	gatemeclass	num-1	run0	2	CD15+	CD15+	1	107571	384	830404	0.0025974025974025974	0.11468429329139902	0.9974025974025974	0.8853157067086009
dataset_name-panel_CD56_seed-42	gatemeclass	num-1	run0	3	CD19+	CD19+	7648	2704	60748	867260	0.11181940464354641	0.0031081745911325067	0.8881805953564536	0.9968918254088674
dataset_name-panel_CD56_seed-42	gatemeclass	num-1	run0	4	CD20+	CD20+	0	0	10	938350	0	0	1	1
dataset_name-panel_CD56_seed-42	gatemeclass	num-1	run0	5	CD3+	CD3+	555405	35174	853	346928	0.9984665389082045	0.09205395417977398	0.0015334610917955337	0.907946045820226
dataset_name-panel_CD56_seed-42	gatemeclass	num-1	run0	6	CD45+DR- NK cells	CD45+DR- NK cells	0	0	29172	909188	0	0	1	1
dataset_name-panel_CD56_seed-42	gatemeclass	num-1	run0	7	CD56+DR- NK cells	CD56+DR- NK cells	19	65	29142	909134	6.515551592880903e-4	7.149149966069034e-5	0.999348444840712	0.9999285085003393
dataset_name-panel_CD56_seed-42	gatemeclass	num-1	run0	8	Other	Other	22597	50983	93998	770782	0.1938076246837343	0.062040851094899395	0.8061923753162658	0.9379591489051006
dataset_name-panel_CD56_seed-42	gatemeclass	num-2	run0	1	APCs	APCs	3653	58773	78240	377116	0.04460698716618026	0.13483478592026868	0.9553930128338197	0.8651652140797313
dataset_name-panel_CD56_seed-42	gatemeclass	num-2	run0	2	CD15+	CD15+	5	22	434	517321	0.011389521640091117	4.2524978592539184e-5	0.9886104783599089	0.9999574750214074
dataset_name-panel_CD56_seed-42	gatemeclass	num-2	run0	3	CD19+	CD19+	32980	4049	708	480045	0.9789836143433863	0.008364078050957046	0.02101638565661363	0.9916359219490429
dataset_name-panel_CD56_seed-42	gatemeclass	num-2	run0	4	CD20+	CD20+	0	0	10	517772	0	0	1	1
dataset_name-panel_CD56_seed-42	gatemeclass	num-2	run0	5	CD3+	CD3+	273558	46697	361	197166	0.9986820921513294	0.19148866371692302	0.0013179078486705925	0.8085113362830769
dataset_name-panel_CD56_seed-42	gatemeclass	num-2	run0	6	CD45+DR- NK cells	CD45+DR- NK cells	1	4465	140	513176	0.0070921985815602835	0.008625669141354722	0.9929078014184397	0.9913743308586452
dataset_name-panel_CD56_seed-42	gatemeclass	num-2	run0	7	CD56+DR- NK cells	CD56+DR- NK cells	0	0	29278	488504	0	0	1	1
dataset_name-panel_CD56_seed-42	gatemeclass	num-2	run0	8	Other	Other	18401	32649	80013	386719	0.18697543032495376	0.07785286431010473	0.8130245696750462	0.9221471356898953
dataset_name-panel_CD56_seed-42	gatemeclass	num-3	run0	1	APCs	APCs	0	0	171911	371870	0	0	1	1
dataset_name-panel_CD56_seed-42	gatemeclass	num-3	run0	2	CD15+	CD15+	3	15	402	543361	0.007407407407407408	2.760519419333942e-5	0.9925925925925926	0.9999723948058067
dataset_name-panel_CD56_seed-42	gatemeclass	num-3	run0	3	CD19+	CD19+	34725	4357	218	504481	0.993761268351315	0.008562646657678868	0.0062387316486850015	0.9914373533423211
dataset_name-panel_CD56_seed-42	gatemeclass	num-3	run0	4	CD20+	CD20+	0	0	10	543771	0	0	1	1
dataset_name-panel_CD56_seed-42	gatemeclass	num-3	run0	5	CD3+	CD3+	286759	109957	87	146978	0.9996967013658897	0.4279564870492537	3.0329863411028915e-4	0.5720435129507463
dataset_name-panel_CD56_seed-42	gatemeclass	num-3	run0	6	CD45+DR- NK cells	CD45+DR- NK cells	0	0	29172	514609	0	0	1	1
dataset_name-panel_CD56_seed-42	gatemeclass	num-3	run0	7	CD56+DR- NK cells	CD56+DR- NK cells	40	49658	77	494006	0.3418803418803419	0.09133950381117749	0.6581196581196581	0.9086604961888225
dataset_name-panel_CD56_seed-42	gatemeclass	num-3	run0	8	Other	Other	1467	56800	18910	466604	0.07199293320901017	0.10852037814002186	0.9280070667909899	0.8914796218599781
dataset_name-panel_CD56_seed-42	gatemeclass	num-4	run0	1	APCs	APCs	0	0	123546	800211	0	0	1	1
dataset_name-panel_CD56_seed-42	gatemeclass	num-4	run0	2	CD15+	CD15+	0	0	109	923648	0	0	1	1
dataset_name-panel_CD56_seed-42	gatemeclass	num-4	run0	3	CD19+	CD19+	67793	4934	428	850602	0.9937262719690418	0.005767144807465729	0.006273728030958209	0.9942328551925342
dataset_name-panel_CD56_seed-42	gatemeclass	num-4	run0	5	CD3+	CD3+	556349	192078	10	175320	0.9999820259940074	0.5228063299201411	1.79740059925336e-5	0.4771936700798589
dataset_name-panel_CD56_seed-42	gatemeclass	num-4	run0	6	CD45+DR- NK cells	CD45+DR- NK cells	22	37	29009	894689	7.578106162378147e-4	4.135344228288884e-5	0.9992421893837622	0.9999586465577172
dataset_name-panel_CD56_seed-42	gatemeclass	num-4	run0	7	CD56+DR- NK cells	CD56+DR- NK cells	0	0	29278	894479	0	0	1	1
dataset_name-panel_CD56_seed-42	gatemeclass	num-4	run0	8	Other	Other	2495	6161	114718	800383	0.02128603482548864	0.0076387649030927015	0.9787139651745114	0.9923612350969073
dataset_name-panel_CD56_seed-42	knn	num-1	run0	1	APCs	APCs	39242	19276	99141	780701	0.283575294653245	0.024095692751166596	0.7164247053467551	0.9759043072488334
dataset_name-panel_CD56_seed-42	knn	num-1	run0	2	CD15+	CD15+	335	432	50	937543	0.8701298701298701	4.605666462325755e-4	0.12987012987012986	0.9995394333537674
dataset_name-panel_CD56_seed-42	knn	num-1	run0	3	CD19+	CD19+	45752	8256	22644	861708	0.6689280074858179	0.009490047864049547	0.3310719925141821	0.9905099521359505
dataset_name-panel_CD56_seed-42	knn	num-1	run0	4	CD20+	CD20+	0	0	10	938350	0	0	1	1
dataset_name-panel_CD56_seed-42	knn	num-1	run0	5	CD3+	CD3+	459182	56	97076	382046	0.8254838582096797	1.4655772542410142e-4	0.17451614179032032	0.9998534422745758
dataset_name-panel_CD56_seed-42	knn	num-1	run0	6	CD45+DR- NK cells	CD45+DR- NK cells	0	0	29172	909188	0	0	1	1
dataset_name-panel_CD56_seed-42	knn	num-1	run0	7	CD56+DR- NK cells	CD56+DR- NK cells	14649	129174	14512	780025	0.5023490278111176	0.14207450734107716	0.49765097218888243	0.8579254926589228
dataset_name-panel_CD56_seed-42	knn	num-1	run0	8	Other	Other	72591	149415	44004	672350	0.6225910201981217	0.18182205375015972	0.3774089798018783	0.8181779462498403
dataset_name-panel_CD56_seed-42	knn	num-2	run0	1	APCs	APCs	16580	72089	65313	363800	0.20245930665624656	0.16538384772270004	0.7975406933437534	0.8346161522772999
dataset_name-panel_CD56_seed-42	knn	num-2	run0	2	CD15+	CD15+	137	110	302	517233	0.3120728929384966	2.1262489296269594e-4	0.6879271070615034	0.9997873751070373
dataset_name-panel_CD56_seed-42	knn	num-2	run0	3	CD19+	CD19+	30619	897	3069	483197	0.9088993113274757	0.0018529459154626993	0.09110068867252434	0.9981470540845373
dataset_name-panel_CD56_seed-42	knn	num-2	run0	4	CD20+	CD20+	0	0	10	517772	0	0	1	1
dataset_name-panel_CD56_seed-42	knn	num-2	run0	5	CD3+	CD3+	270301	1112	3618	242751	0.9867917157991961	0.0045599373418681805	0.013208284200803888	0.9954400626581318
dataset_name-panel_CD56_seed-42	knn	num-2	run0	6	CD45+DR- NK cells	CD45+DR- NK cells	4	26604	137	491037	0.028368794326241134	0.051394692460604935	0.9716312056737588	0.9486053075393951
dataset_name-panel_CD56_seed-42	knn	num-2	run0	7	CD56+DR- NK cells	CD56+DR- NK cells	0	0	29278	488504	0	0	1	1
dataset_name-panel_CD56_seed-42	knn	num-2	run0	8	Other	Other	25061	74268	73353	345100	0.25464872883939277	0.17709505732435474	0.7453512711606072	0.8229049426756453
dataset_name-panel_CD56_seed-42	knn	num-3	run0	1	APCs	APCs	0	0	171911	371870	0	0	1	1
dataset_name-panel_CD56_seed-42	knn	num-3	run0	2	CD15+	CD15+	266	306	139	543070	0.6567901234567901	5.631459615441242e-4	0.3432098765432099	0.9994368540384558
dataset_name-panel_CD56_seed-42	knn	num-3	run0	3	CD19+	CD19+	29663	40995	5280	467843	0.8488967747474458	0.0805659168536941	0.15110322525255415	0.9194340831463059
dataset_name-panel_CD56_seed-42	knn	num-3	run0	4	CD20+	CD20+	0	0	10	543771	0	0	1	1
dataset_name-panel_CD56_seed-42	knn	num-3	run0	5	CD3+	CD3+	278840	138	8006	256797	0.97208955327946	5.371008231653921e-4	0.027910446720539942	0.9994628991768346
dataset_name-panel_CD56_seed-42	knn	num-3	run0	6	CD45+DR- NK cells	CD45+DR- NK cells	0	0	29172	514609	0	0	1	1
dataset_name-panel_CD56_seed-42	knn	num-3	run0	7	CD56+DR- NK cells	CD56+DR- NK cells	5	42062	112	501602	0.042735042735042736	0.0773676388357515	0.9572649572649573	0.9226323611642485
dataset_name-panel_CD56_seed-42	knn	num-3	run0	8	Other	Other	10108	141398	10269	382006	0.4960494675369289	0.27015078218737343	0.5039505324630711	0.7298492178126266
dataset_name-panel_CD56_seed-42	knn	num-4	run0	1	APCs	APCs	28629	4266	94917	795945	0.23172745374192608	0.005331093923977551	0.768272546258074	0.9946689060760224
dataset_name-panel_CD56_seed-42	knn	num-4	run0	2	CD15+	CD15+	91	255	18	923393	0.8348623853211009	2.760791990022173e-4	0.1651376146788991	0.9997239208009978
dataset_name-panel_CD56_seed-42	knn	num-4	run0	3	CD19+	CD19+	43170	4641	25051	850895	0.632796353029126	0.005424669446989957	0.3672036469708741	0.9945753305530101
dataset_name-panel_CD56_seed-42	knn	num-4	run0	5	CD3+	CD3+	470962	2	85397	367396	0.8465073810255608	5.443687771844158e-6	0.15349261897443917	0.9999945563122281
dataset_name-panel_CD56_seed-42	knn	num-4	run0	6	CD45+DR- NK cells	CD45+DR- NK cells	1215	104535	27816	790191	0.04185181357858841	0.11683465105518337	0.9581481864214116	0.8831653489448166
dataset_name-panel_CD56_seed-42	knn	num-4	run0	7	CD56+DR- NK cells	CD56+DR- NK cells	0	0	29278	894479	0	0	1	1
dataset_name-panel_CD56_seed-42	knn	num-4	run0	8	Other	Other	95893	158892	21320	647652	0.8181089128339006	0.197003511277748	0.18189108716609934	0.8029964887222519
dataset_name-panel_CD56_seed-42	lda	num-1	run0	1	APCs	APCs	129817	629165	8566	170812	0.9380993330105577	0.7864788612672614	0.06190066698944235	0.21352113873273856
dataset_name-panel_CD56_seed-42	lda	num-1	run0	2	CD15+	CD15+	167	134	218	937841	0.43376623376623374	1.428609504517711e-4	0.5662337662337662	0.9998571390495482
dataset_name-panel_CD56_seed-42	lda	num-1	run0	3	CD19+	CD19+	49933	293	18463	869671	0.730057313293175	3.367955455628049e-4	0.269942686706825	0.9996632044544372
dataset_name-panel_CD56_seed-42	lda	num-1	run0	4	CD20+	CD20+	0	0	10	938350	0	0	1	1
dataset_name-panel_CD56_seed-42	lda	num-1	run0	5	CD3+	CD3+	91059	0	465199	382102	0.16369921870786577	0	0.8363007812921343	1
dataset_name-panel_CD56_seed-42	lda	num-1	run0	6	CD45+DR- NK cells	CD45+DR- NK cells	0	0	29172	909188	0	0	1	1
dataset_name-panel_CD56_seed-42	lda	num-1	run0	7	CD56+DR- NK cells	CD56+DR- NK cells	5528	8187	23633	901012	0.18956825897602964	0.009004629349570336	0.8104317410239704	0.9909953706504296
dataset_name-panel_CD56_seed-42	lda	num-1	run0	8	Other	Other	92	2997	116503	818768	7.890561344826107e-4	0.0036470280432970496	0.9992109438655173	0.9963529719567029
dataset_name-panel_CD56_seed-42	lda	num-2	run0	1	APCs	APCs	73044	82090	8849	353799	0.8919443664293651	0.18832776234316534	0.10805563357063486	0.8116722376568346
dataset_name-panel_CD56_seed-42	lda	num-2	run0	2	CD15+	CD15+	438	910	1	516433	0.9977220956719818	0.0017589877508732117	0.002277904328018223	0.9982410122491268
dataset_name-panel_CD56_seed-42	lda	num-2	run0	3	CD19+	CD19+	30321	1922	3367	482172	0.9000534314889574	0.003970303288204357	0.09994656851104251	0.9960296967117956
dataset_name-panel_CD56_seed-42	lda	num-2	run0	4	CD20+	CD20+	0	0	10	517772	0	0	1	1
dataset_name-panel_CD56_seed-42	lda	num-2	run0	5	CD3+	CD3+	268746	1397	5173	242466	0.9811148551214045	0.005728626318875762	0.018885144878595498	0.9942713736811243
dataset_name-panel_CD56_seed-42	lda	num-2	run0	6	CD45+DR- NK cells	CD45+DR- NK cells	99	30189	42	487452	0.7021276595744681	0.05832034170399949	0.2978723404255319	0.9416796582960005
dataset_name-panel_CD56_seed-42	lda	num-2	run0	7	CD56+DR- NK cells	CD56+DR- NK cells	0	0	29278	488504	0	0	1	1
dataset_name-panel_CD56_seed-42	lda	num-2	run0	8	Other	Other	11751	5995	86663	413373	0.11940374336984576	0.014295320577631101	0.8805962566301543	0.985704679422369
dataset_name-panel_CD56_seed-42	lda	num-3	run0	1	APCs	APCs	0	0	171911	371870	0	0	1	1
dataset_name-panel_CD56_seed-42	lda	num-3	run0	2	CD15+	CD15+	405	546	0	542830	1	0.001004829068637555	0	0.9989951709313625
dataset_name-panel_CD56_seed-42	lda	num-3	run0	3	CD19+	CD19+	26337	1543	8606	507295	0.753713190052371	0.0030323993097999755	0.246286809947629	0.9969676006902001
dataset_name-panel_CD56_seed-42	lda	num-3	run0	4	CD20+	CD20+	0	0	10	543771	0	0	1	1
dataset_name-panel_CD56_seed-42	lda	num-3	run0	5	CD3+	CD3+	284243	20140	2603	236795	0.990925444315068	0.07838558390254345	0.009074555684931984	0.9216144160974565
dataset_name-panel_CD56_seed-42	lda	num-3	run0	6	CD45+DR- NK cells	CD45+DR- NK cells	0	0	29172	514609	0	0	1	1
dataset_name-panel_CD56_seed-42	lda	num-3	run0	7	CD56+DR- NK cells	CD56+DR- NK cells	77	30829	40	512835	0.6581196581196581	0.05670598016421908	0.3418803418803419	0.9432940198357809
dataset_name-panel_CD56_seed-42	lda	num-3	run0	8	Other	Other	4614	168417	15763	354987	0.22643176129950435	0.3217724740353532	0.7735682387004956	0.6782275259646469
dataset_name-panel_CD56_seed-42	lda	num-4	run0	1	APCs	APCs	88791	516873	34755	283338	0.7186877762129086	0.6459208883656935	0.2813122237870915	0.35407911163430644
dataset_name-panel_CD56_seed-42	lda	num-4	run0	2	CD15+	CD15+	107	69	2	923579	0.981651376146789	7.47037832594235e-5	0.01834862385321101	0.9999252962167405
dataset_name-panel_CD56_seed-42	lda	num-4	run0	3	CD19+	CD19+	58669	710	9552	854826	0.8599844622623533	8.298890987638159e-4	0.14001553773764677	0.9991701109012362
dataset_name-panel_CD56_seed-42	lda	num-4	run0	5	CD3+	CD3+	193744	0	362615	367398	0.34823558170174296	0	0.651764418298257	1
dataset_name-panel_CD56_seed-42	lda	num-4	run0	6	CD45+DR- NK cells	CD45+DR- NK cells	1	648	29030	894078	3.4445937101718855e-5	7.242440702516748e-4	0.9999655540628983	0.9992757559297484
dataset_name-panel_CD56_seed-42	lda	num-4	run0	7	CD56+DR- NK cells	CD56+DR- NK cells	0	0	29278	894479	0	0	1	1
dataset_name-panel_CD56_seed-42	lda	num-4	run0	8	Other	Other	795	3419	116418	803125	0.006782524122750889	0.004239074371639985	0.9932174758772491	0.99576092562836
dataset_name-panel_CD56_seed-42	random	num-1	run0	1	APCs	APCs	19876	114395	118507	685582	0.14363035922042447	0.14299786118850916	0.8563696407795756	0.8570021388114908
dataset_name-panel_CD56_seed-42	random	num-1	run0	2	CD15+	CD15+	43	133796	342	804179	0.11168831168831168	0.1426434606466057	0.8883116883116883	0.8573565393533943
dataset_name-panel_CD56_seed-42	random	num-1	run0	3	CD19+	CD19+	9693	123856	58703	746108	0.141718813965729	0.14236910952637122	0.8582811860342711	0.8576308904736288
dataset_name-panel_CD56_seed-42	random	num-1	run0	4	CD20+	CD20+	0	0	10	938350	0	0	1	1
dataset_name-panel_CD56_seed-42	random	num-1	run0	5	CD3+	CD3+	79113	54655	477145	327447	0.14222357251491213	0.14303772291168326	0.8577764274850879	0.8569622770883167
dataset_name-panel_CD56_seed-42	random	num-1	run0	6	CD45+DR- NK cells	CD45+DR- NK cells	0	0	29172	909188	0	0	1	1
dataset_name-panel_CD56_seed-42	random	num-1	run0	7	CD56+DR- NK cells	CD56+DR- NK cells	4203	130377	24958	778822	0.14413085970988648	0.14339765001941268	0.8558691402901135	0.8566023499805873
dataset_name-panel_CD56_seed-42	random	num-1	run0	8	Other	Other	16426	117110	100169	704655	0.14088082679360178	0.14251032837855104	0.8591191732063982	0.857489671621449
dataset_name-panel_CD56_seed-42	random	num-2	run0	1	APCs	APCs	11630	62370	70263	373519	0.14201458000073267	0.14308688679916218	0.8579854199992674	0.8569131132008379
dataset_name-panel_CD56_seed-42	random	num-2	run0	2	CD15+	CD15+	56	73637	383	443706	0.1275626423690205	0.14233690220994583	0.8724373576309795	0.8576630977900542
dataset_name-panel_CD56_seed-42	random	num-2	run0	3	CD19+	CD19+	4863	69471	28825	414623	0.14435407266682498	0.1435072527236446	0.855645927333175	0.8564927472763554
dataset_name-panel_CD56_seed-42	random	num-2	run0	4	CD20+	CD20+	0	0	10	517772	0	0	1	1
dataset_name-panel_CD56_seed-42	random	num-2	run0	5	CD3+	CD3+	39323	34703	234596	209160	0.14355703693427618	0.1423053107687513	0.8564429630657238	0.8576946892312487
dataset_name-panel_CD56_seed-42	random	num-2	run0	6	CD45+DR- NK cells	CD45+DR- NK cells	15	73847	126	443794	0.10638297872340426	0.14266064705075526	0.8936170212765957	0.8573393529492448
dataset_name-panel_CD56_seed-42	random	num-2	run0	7	CD56+DR- NK cells	CD56+DR- NK cells	0	0	29278	488504	0	0	1	1
dataset_name-panel_CD56_seed-42	random	num-2	run0	8	Other	Other	14094	59568	84320	359800	0.1432113317210966	0.14204231128746114	0.8567886682789034	0.8579576887125389
dataset_name-panel_CD56_seed-42	random	num-3	run0	1	APCs	APCs	0	0	171911	371870	0	0	1	1
dataset_name-panel_CD56_seed-42	random	num-3	run0	2	CD15+	CD15+	76	90485	329	452891	0.18765432098765433	0.16652373310562116	0.8123456790123457	0.8334762668943788
dataset_name-panel_CD56_seed-42	random	num-3	run0	3	CD19+	CD19+	5674	84662	29269	424176	0.1623787310763243	0.16638301384723625	0.8376212689236757	0.8336169861527637
dataset_name-panel_CD56_seed-42	random	num-3	run0	4	CD20+	CD20+	0	0	10	543771	0	0	1	1
dataset_name-panel_CD56_seed-42	random	num-3	run0	5	CD3+	CD3+	48111	42824	238735	214111	0.1677241446629899	0.16667250471909237	0.8322758553370101	0.8333274952809077
dataset_name-panel_CD56_seed-42	random	num-3	run0	6	CD45+DR- NK cells	CD45+DR- NK cells	0	0	29172	514609	0	0	1	1
dataset_name-panel_CD56_seed-42	random	num-3	run0	7	CD56+DR- NK cells	CD56+DR- NK cells	21	90757	96	452907	0.1794871794871795	0.16693582801141882	0.8205128205128205	0.8330641719885812
dataset_name-panel_CD56_seed-42	random	num-3	run0	8	Other	Other	3437	86930	16940	436474	0.16867055994503607	0.16608585337521303	0.8313294400549639	0.833914146624787
dataset_name-panel_CD56_seed-42	random	num-4	run0	1	APCs	APCs	15562	100425	107984	699786	0.1259611804510061	0.12549814986297364	0.8740388195489939	0.8745018501370263
dataset_name-panel_CD56_seed-42	random	num-4	run0	2	CD15+	CD15+	10	115060	99	808588	0.09174311926605505	0.12457126524390244	0.908256880733945	0.8754287347560976
dataset_name-panel_CD56_seed-42	random	num-4	run0	3	CD19+	CD19+	8529	106874	59692	748662	0.1250201550842116	0.12492051766378037	0.8749798449157884	0.8750794823362197
dataset_name-panel_CD56_seed-42	random	num-4	run0	5	CD3+	CD3+	68926	45810	487433	321588	0.12388763370413708	0.12468766841409044	0.876112366295863	0.8753123315859096
dataset_name-panel_CD56_seed-42	random	num-4	run0	6	CD45+DR- NK cells	CD45+DR- NK cells	3585	112320	25446	782406	0.12348868450966209	0.12553563884362365	0.8765113154903379	0.8744643611563764
dataset_name-panel_CD56_seed-42	random	num-4	run0	7	CD56+DR- NK cells	CD56+DR- NK cells	0	0	29278	894479	0	0	1	1
dataset_name-panel_CD56_seed-42	random	num-4	run0	8	Other	Other	14553	100832	102660	705712	0.12415858309231911	0.1250173580114662	0.8758414169076809	0.8749826419885338
