dataset	model	population_id	population_name	population	f1_mean	f1_sd	precision_sd	recall_sd	n_runs
dataset_name-BodenmillerXL_seed-42	cyanno	1	B-cells IgM+	B-cells IgM+	0.935611597992204	0.009999367076023969	0.009128925969847275	0.015109712490895265	5
dataset_name-BodenmillerXL_seed-42	cyanno	2	B-cells IgM-	B-cells IgM-	0.7559239228171152	0.09041152459874785	0.03305900402437915	0.14899419704985933	5
dataset_name-BodenmillerXL_seed-42	cyanno	3	CD4 T-cells	CD4 T-cells	0.9553139444198854	0.010136548207413177	0.013403482710106395	0.018529575021400256	5
dataset_name-BodenmillerXL_seed-42	cyanno	4	CD8 T-cells	CD8 T-cells	0.894471240447857	0.01082125518054031	0.028308868231876862	0.010284252448780621	5
dataset_name-BodenmillerXL_seed-42	cyanno	5	DC	DC	0.6869210149879398	0.08664861343087481	0.018934445731448948	0.10668538007480617	5
dataset_name-BodenmillerXL_seed-42	cyanno	6	NK cells	NK cells	0.9094000034361025	0.004984953003653468	0.027252511912466446	0.02909052578504369	5
dataset_name-BodenmillerXL_seed-42	cyanno	7	monocytes	monocytes	0.854960078780764	0.021365436676191965	0.009126768378099637	0.042262240300435086	5
dataset_name-BodenmillerXL_seed-42	cygate	1	B-cells IgM+	B-cells IgM+	0.9045976273212366	0.012535498397973044	0.00987872546408929	0.029542935149120816	5
dataset_name-BodenmillerXL_seed-42	cygate	2	B-cells IgM-	B-cells IgM-	0.7111811721020281	0.04974231828553338	0.04548161930570776	0.08873687283472736	5
dataset_name-BodenmillerXL_seed-42	cygate	3	CD4 T-cells	CD4 T-cells	0.8315173011644084	0.10106040772220917	0.03802795951569949	0.17737872679366684	5
dataset_name-BodenmillerXL_seed-42	cygate	4	CD8 T-cells	CD8 T-cells	0.7570113670159835	0.022693350439005448	0.027901354114629125	0.05556846502559705	5
dataset_name-BodenmillerXL_seed-42	cygate	5	DC	DC	0.7322625760879509	0.018878955396548457	0.031341056300679904	0.03771020273831456	5
dataset_name-BodenmillerXL_seed-42	cygate	6	NK cells	NK cells	0.8194460394044618	0.03716508252375187	0.022290631210831347	0.09114419832144936	5
dataset_name-BodenmillerXL_seed-42	cygate	7	monocytes	monocytes	0.7405857651459616	0.0453845068919546	0.060831306015767216	0.0984730587032526	5
dataset_name-BodenmillerXL_seed-42	dgcytof	1	B-cells IgM+	B-cells IgM+	0.9392781928166045	0.008344460552595823	0.028107396111369157	0.014425302968975083	5
dataset_name-BodenmillerXL_seed-42	dgcytof	2	B-cells IgM-	B-cells IgM-	0.7948377706250603	0.030596302942593478	0.026036040788388767	0.05879450714712583	5
dataset_name-BodenmillerXL_seed-42	dgcytof	3	CD4 T-cells	CD4 T-cells	0.9585791776197143	0.004319536481890534	0.0060244232907978364	0.004574577363955338	5
dataset_name-BodenmillerXL_seed-42	dgcytof	4	CD8 T-cells	CD8 T-cells	0.8935750926281031	0.0017040032854309392	0.01748258187577867	0.015391104797752887	5
dataset_name-BodenmillerXL_seed-42	dgcytof	5	DC	DC	0.8615963090886141	0.017394149588485647	0.037253407307922225	0.02065894498543307	5
dataset_name-BodenmillerXL_seed-42	dgcytof	6	NK cells	NK cells	0.9054883635089135	0.009133937455393221	0.020659705736785237	0.036859171869292696	5
dataset_name-BodenmillerXL_seed-42	dgcytof	7	monocytes	monocytes	0.861639642117357	0.0034152404489843735	0.019776098962148887	0.024889143694157297	5
dataset_name-BodenmillerXL_seed-42	gatemeclass[E]	1	B-cells IgM+	B-cells IgM+	0.8718320351464952	0.014536532696986307	0.024960768248564396	0.005083802640838794	5
dataset_name-BodenmillerXL_seed-42	gatemeclass[E]	2	B-cells IgM-	B-cells IgM-	0.38977624302085406	0.1573058318071117	0.3044917501735867	0.10563713681446654	5
dataset_name-BodenmillerXL_seed-42	gatemeclass[E]	3	CD4 T-cells	CD4 T-cells	0.9242545249275669	0.009728869448907631	0.029634454548541404	0.013597936527664419	5
dataset_name-BodenmillerXL_seed-42	gatemeclass[E]	4	CD8 T-cells	CD8 T-cells	0.6943068796473405	0.15483473951788998	0.05687172006303398	0.21260229856878085	5
dataset_name-BodenmillerXL_seed-42	gatemeclass[E]	5	DC	DC	0.330166566464942	0.01922827903439354	0.015080261351013553	0.06187156581561414	5
dataset_name-BodenmillerXL_seed-42	gatemeclass[E]	6	NK cells	NK cells	0.7749257260053953	0.10739621078883486	0.17150174276463873	0.052981615205890724	5
dataset_name-BodenmillerXL_seed-42	gatemeclass[E]	7	monocytes	monocytes	0.639824121025921	0.03567191514434575	0.044447602951187	0.05904946140397313	5
dataset_name-BodenmillerXL_seed-42	gatemeclass[V]	1	B-cells IgM+	B-cells IgM+	0.42366424357564014	0.32277694258061523	0.2586202167385874	0.4803134695887877	5
dataset_name-BodenmillerXL_seed-42	gatemeclass[V]	2	B-cells IgM-	B-cells IgM-	0.19506456291476412	0.10122203498804781	0.17226978500224188	0.3184846323659812	5
dataset_name-BodenmillerXL_seed-42	gatemeclass[V]	3	CD4 T-cells	CD4 T-cells	0.85078110771829	0.05780912481568918	0.04651738721558307	0.10771674906795263	5
dataset_name-BodenmillerXL_seed-42	gatemeclass[V]	4	CD8 T-cells	CD8 T-cells	0.6342281275178665	0.025520468366637516	0.07209569166575931	0.09764387400092563	5
dataset_name-BodenmillerXL_seed-42	gatemeclass[V]	5	DC	DC	0.20464275864762335	0.10257516059631118	0.2599049232136324	0.21356213091926998	5
dataset_name-BodenmillerXL_seed-42	gatemeclass[V]	6	NK cells	NK cells	0.4750908780063872	0.23256443375834146	0.1382125657679093	0.2286494680329052	5
dataset_name-BodenmillerXL_seed-42	gatemeclass[V]	7	monocytes	monocytes	0.41994162378558597	0.16431005409275215	0.15867548504826384	0.317098187128301	5
dataset_name-BodenmillerXL_seed-42	knn	1	B-cells IgM+	B-cells IgM+	0.9025373182993233	0.013366701620702524	0.01709613311313584	0.015986255407808975	5
dataset_name-BodenmillerXL_seed-42	knn	2	B-cells IgM-	B-cells IgM-	0.6794861080210952	0.020492906195952305	0.017386197933802312	0.03538709065251558	5
dataset_name-BodenmillerXL_seed-42	knn	3	CD4 T-cells	CD4 T-cells	0.931698586774463	0.008867339593506222	0.01202868724855631	0.023292110444144074	5
dataset_name-BodenmillerXL_seed-42	knn	4	CD8 T-cells	CD8 T-cells	0.8222684855279487	0.012451650343625822	0.03758515780552671	0.051490561245284436	5
dataset_name-BodenmillerXL_seed-42	knn	5	DC	DC	0.670118104824601	0.03862922488539078	0.04607436948548588	0.008029269152484298	5
dataset_name-BodenmillerXL_seed-42	knn	6	NK cells	NK cells	0.8549996108987543	0.008076170548459218	0.013138333982835404	0.013467926452269102	5
dataset_name-BodenmillerXL_seed-42	knn	7	monocytes	monocytes	0.7886816576019167	0.021997598672558027	0.0643580561286557	0.08538859238225366	5
dataset_name-BodenmillerXL_seed-42	lda	1	B-cells IgM+	B-cells IgM+	0.9205378930031559	0.015667520584600712	0.01922746469667327	0.036120848023074824	5
dataset_name-BodenmillerXL_seed-42	lda	2	B-cells IgM-	B-cells IgM-	0.7277011858238895	0.05841688052294991	0.09986480113398498	0.015012918152637804	5
dataset_name-BodenmillerXL_seed-42	lda	3	CD4 T-cells	CD4 T-cells	0.9249670182699156	0.013440343042314193	0.01370891095933242	0.03312543151012092	5
dataset_name-BodenmillerXL_seed-42	lda	4	CD8 T-cells	CD8 T-cells	0.8428613854220964	0.009385215035888355	0.006417833007332216	0.018043095981341885	5
dataset_name-BodenmillerXL_seed-42	lda	5	DC	DC	0.8161478855453186	0.03781813286599756	0.07408517600092515	0.036911346221214614	5
dataset_name-BodenmillerXL_seed-42	lda	6	NK cells	NK cells	0.8379175479466288	0.01886301682887981	0.007574119108260075	0.038120218227800415	5
dataset_name-BodenmillerXL_seed-42	lda	7	monocytes	monocytes	0.805701996240302	0.023377355816200256	0.020438123735348007	0.05267127365076615	5
dataset_name-BodenmillerXL_seed-42	random	1	B-cells IgM+	B-cells IgM+	0.05924387613732662	0.0025576173646845194	0.0019084630822466836	0.0035498919060376107	5
dataset_name-BodenmillerXL_seed-42	random	2	B-cells IgM-	B-cells IgM-	0.033731941871412346	0.0014201316408242646	8.687420838021364e-4	0.0035918611307938	5
dataset_name-BodenmillerXL_seed-42	random	3	CD4 T-cells	CD4 T-cells	0.18715044919119575	1.0401683169185928e-4	0.0017729536155421184	2.2146126561201277e-4	5
dataset_name-BodenmillerXL_seed-42	random	4	CD8 T-cells	CD8 T-cells	0.17676452527994696	0.0013597490898201382	0.003778735404969575	0.0015089656731613291	5
dataset_name-BodenmillerXL_seed-42	random	5	DC	DC	0.020493513791854368	4.452104439218687e-4	2.481060769930528e-4	0.0021396179872520986	5
dataset_name-BodenmillerXL_seed-42	random	6	NK cells	NK cells	0.13616307398901853	0.00147333968411075	0.0020068818155762097	0.0017330696926764024	5
dataset_name-BodenmillerXL_seed-42	random	7	monocytes	monocytes	0.11573314360590921	0.0035558502486864887	0.00423860007817176	0.003397551647088142	5
dataset_name-FR-FCM-Z238_seed-42	cyanno	1	B Cell (CD27-)	B Cell (CD27-)	0.9839513620806161	0.004299975497004212	0.00675128663683837	0.009878353994523524	5
dataset_name-FR-FCM-Z238_seed-42	cyanno	10	CD4+ T Cell (Treg)	CD4+ T Cell (Treg)	0.7184156981303816	0.04575761658917162	0.1340772085985368	0.13708850490573063	5
dataset_name-FR-FCM-Z238_seed-42	cyanno	11	CD4- CD8- T Cell	CD4- CD8- T Cell	0.8488295784918846	0.1228844733436476	0.2075173920699321	0.032485471183967274	5
dataset_name-FR-FCM-Z238_seed-42	cyanno	12	CD8+ T Cell (Central Memory)	CD8+ T Cell (Central Memory)	0.6676880636698763	0.12555598795448378	0.08980696306567051	0.2282871866758579	5
dataset_name-FR-FCM-Z238_seed-42	cyanno	13	CD8+ T Cell (EMRA)	CD8+ T Cell (EMRA)	0.739285023045509	0.1383631519189459	0.06504489060401841	0.200332529829542	5
dataset_name-FR-FCM-Z238_seed-42	cyanno	14	CD8+ T Cell (Effector Memory)	CD8+ T Cell (Effector Memory)	0.5876353264741215	0.11075923424710639	0.13080889237537222	0.21556166182936437	5
dataset_name-FR-FCM-Z238_seed-42	cyanno	15	CD8+ T Cell (Naive)	CD8+ T Cell (Naive)	0.8080891724336792	0.17242990611686423	0.01626090544918903	0.2504204876620695	5
dataset_name-FR-FCM-Z238_seed-42	cyanno	16	Dendritic Cell (Type 1, CD141+)	Dendritic Cell (Type 1, CD141+)	0.41750327338738513	0.14578662090747738	0.14558783652165638	0.24444414057525796	5
dataset_name-FR-FCM-Z238_seed-42	cyanno	17	Dendritic Cell (Type 2, CD1c+)	Dendritic Cell (Type 2, CD1c+)	0.25464684014869887	NA	NA	0.15090705069826166	5
dataset_name-FR-FCM-Z238_seed-42	cyanno	18	Monocyte (CD14+ CD16+)	Monocyte (CD14+ CD16+)	0.7932942932540885	0.05558714070056623	0.1055569123757469	0.03805116936707701	5
dataset_name-FR-FCM-Z238_seed-42	cyanno	19	Monocyte (CD14+ CD16-)	Monocyte (CD14+ CD16-)	0.9669042449100899	0.013365018488231127	0.010295699107285432	0.0347927583301721	5
dataset_name-FR-FCM-Z238_seed-42	cyanno	2	B Cell (Memory)	B Cell (Memory)	0.9586086609900589	0.011297816072589591	0.021630278784778703	0.013315827410221923	5
dataset_name-FR-FCM-Z238_seed-42	cyanno	20	Monocyte (CD14- CD16+)	Monocyte (CD14- CD16+)	0.7321262867820477	0.050619245383592505	0.15333907966421287	0.15638216289440424	5
dataset_name-FR-FCM-Z238_seed-42	cyanno	21	NK Cell (CD56+ CD16+)	NK Cell (CD56+ CD16+)	0.9352226465281063	0.011516851333500222	0.032000210134720354	0.018558031507556763	5
dataset_name-FR-FCM-Z238_seed-42	cyanno	22	NK Cell (CD56+ CD16-)	NK Cell (CD56+ CD16-)	0.7648487724914491	0.08757999207566204	0.04950771738289371	0.15273888581565132	5
dataset_name-FR-FCM-Z238_seed-42	cyanno	23	Plasmacytoid Dendritic Cell	Plasmacytoid Dendritic Cell	0.9897709921768911	0.0042701397385280435	0.008575400734453306	6.892428575997066e-4	5
dataset_name-FR-FCM-Z238_seed-42	cyanno	3	B Cell (Plasmablast)	B Cell (Plasmablast)	0.8566494952895013	0.024615616672075433	0.05567722504798529	0.09580516981996211	5
dataset_name-FR-FCM-Z238_seed-42	cyanno	4	Basophil	Basophil	0.9646071470807728	0.002945088781260331	0.016341415948930637	0.5278020294159492	5
dataset_name-FR-FCM-Z238_seed-42	cyanno	5	CD4+ CD8+ T Cell	CD4+ CD8+ T Cell	0.7202906383649855	0.03499225708379893	0.021627113385295854	0.49388117335758214	5
dataset_name-FR-FCM-Z238_seed-42	cyanno	6	CD4+ T Cell (Central Memory)	CD4+ T Cell (Central Memory)	0.6889298463458928	0.06365209492275956	0.1434539267763339	0.188663924969333	5
dataset_name-FR-FCM-Z238_seed-42	cyanno	7	CD4+ T Cell (EMRA)	CD4+ T Cell (EMRA)	0.4105233542145595	0.1335867342702481	0.2182431952922707	0.1954928803206025	5
dataset_name-FR-FCM-Z238_seed-42	cyanno	8	CD4+ T Cell (Effector Memory)	CD4+ T Cell (Effector Memory)	0.6994157246672625	0.057119620412280275	0.09030037730213639	0.17299221904125145	5
dataset_name-FR-FCM-Z238_seed-42	cyanno	9	CD4+ T Cell (Naive)	CD4+ T Cell (Naive)	0.7201236954786628	0.0530704683868138	0.1481230505845032	0.19009411262826525	5
dataset_name-FR-FCM-Z238_seed-42	cygate	1	B Cell (CD27-)	B Cell (CD27-)	0.9728815712931638	0.005822692902507763	0.008264622292996874	0.018132368289741376	5
dataset_name-FR-FCM-Z238_seed-42	cygate	10	CD4+ T Cell (Treg)	CD4+ T Cell (Treg)	0.28887062851809564	0.23177708712353498	0.17321999224514095	0.19503247649538663	5
dataset_name-FR-FCM-Z238_seed-42	cygate	11	CD4- CD8- T Cell	CD4- CD8- T Cell	0.8323617819174813	0.05640709815644565	0.1569005412257777	0.07439591651748115	5
dataset_name-FR-FCM-Z238_seed-42	cygate	12	CD8+ T Cell (Central Memory)	CD8+ T Cell (Central Memory)	0.6732982881047384	0.08861083743348855	0.06978520708845179	0.16408220061047635	5
dataset_name-FR-FCM-Z238_seed-42	cygate	13	CD8+ T Cell (EMRA)	CD8+ T Cell (EMRA)	0.6906650308579325	0.026923434503590252	0.055615901838173464	0.048011169986903676	5
dataset_name-FR-FCM-Z238_seed-42	cygate	14	CD8+ T Cell (Effector Memory)	CD8+ T Cell (Effector Memory)	0.5061194295439594	0.04988291853760887	0.05266846772005446	0.12809871386436414	5
dataset_name-FR-FCM-Z238_seed-42	cygate	15	CD8+ T Cell (Naive)	CD8+ T Cell (Naive)	0.8370190695295553	0.09673147424948095	0.024633457038950538	0.1592012576387473	5
dataset_name-FR-FCM-Z238_seed-42	cygate	16	Dendritic Cell (Type 1, CD141+)	Dendritic Cell (Type 1, CD141+)	0.45697749870178433	0.11562719058418354	0.07798845885320879	0.26254703672601465	5
dataset_name-FR-FCM-Z238_seed-42	cygate	17	Dendritic Cell (Type 2, CD1c+)	Dendritic Cell (Type 2, CD1c+)	0.06973848069738481	NA	NA	0.061684633862063167	5
dataset_name-FR-FCM-Z238_seed-42	cygate	18	Monocyte (CD14+ CD16+)	Monocyte (CD14+ CD16+)	0.7745019684809561	0.0655250264089169	0.11313418326828104	0.03170423188979127	5
dataset_name-FR-FCM-Z238_seed-42	cygate	19	Monocyte (CD14+ CD16-)	Monocyte (CD14+ CD16-)	0.9628365342890168	0.01826020354743282	0.006782064275376128	0.0400305592330827	5
dataset_name-FR-FCM-Z238_seed-42	cygate	2	B Cell (Memory)	B Cell (Memory)	0.9343530965709319	0.011749540324262302	0.03261004020052461	0.02208558777752349	5
dataset_name-FR-FCM-Z238_seed-42	cygate	20	Monocyte (CD14- CD16+)	Monocyte (CD14- CD16+)	0.6976821298668497	0.04359742986095427	0.12913803305850058	0.11187891217959672	5
dataset_name-FR-FCM-Z238_seed-42	cygate	21	NK Cell (CD56+ CD16+)	NK Cell (CD56+ CD16+)	0.9249295612431039	0.007710504017784508	0.03338877163884627	0.027836009747530078	5
dataset_name-FR-FCM-Z238_seed-42	cygate	22	NK Cell (CD56+ CD16-)	NK Cell (CD56+ CD16-)	0.7853284610679383	0.0546031369076112	0.03993316417595756	0.11075160005574901	5
dataset_name-FR-FCM-Z238_seed-42	cygate	23	Plasmacytoid Dendritic Cell	Plasmacytoid Dendritic Cell	0.9722991057052546	0.009678058209526495	0.017828204227867427	0.002323726540564927	5
dataset_name-FR-FCM-Z238_seed-42	cygate	3	B Cell (Plasmablast)	B Cell (Plasmablast)	0.7439026249565167	0.02543815154428469	0.015592939129961103	0.06392447039128354	5
dataset_name-FR-FCM-Z238_seed-42	cygate	4	Basophil	Basophil	0.8955350594549127	0.015512516465096509	0.0030588137828602563	0.500523344275675	5
dataset_name-FR-FCM-Z238_seed-42	cygate	5	CD4+ CD8+ T Cell	CD4+ CD8+ T Cell	0.576791881961125	0.09830841005555042	0.045103860340046424	0.31519989322123226	5
dataset_name-FR-FCM-Z238_seed-42	cygate	6	CD4+ T Cell (Central Memory)	CD4+ T Cell (Central Memory)	0.6426101928509071	0.04414889825188355	0.11394191893667187	0.16626943505404604	5
dataset_name-FR-FCM-Z238_seed-42	cygate	7	CD4+ T Cell (EMRA)	CD4+ T Cell (EMRA)	0.22844737868994874	0.06763659678152308	0.08021794039574257	0.10721287808347982	5
dataset_name-FR-FCM-Z238_seed-42	cygate	8	CD4+ T Cell (Effector Memory)	CD4+ T Cell (Effector Memory)	0.597030152615507	0.1023526890159767	0.030468840996359905	0.24149664799422785	5
dataset_name-FR-FCM-Z238_seed-42	cygate	9	CD4+ T Cell (Naive)	CD4+ T Cell (Naive)	0.701564631551992	0.028468647273171766	0.10095879713287571	0.14735494875690108	5
dataset_name-FR-FCM-Z238_seed-42	dgcytof	1	B Cell (CD27-)	B Cell (CD27-)	0.9841946153107755	0.007460460387037457	0.00510507435728403	0.01588645432548031	5
dataset_name-FR-FCM-Z238_seed-42	dgcytof	10	CD4+ T Cell (Treg)	CD4+ T Cell (Treg)	0.7141567381486156	0.026788475965315414	0.13823048616682085	0.15122095169247157	5
dataset_name-FR-FCM-Z238_seed-42	dgcytof	11	CD4- CD8- T Cell	CD4- CD8- T Cell	0.8474146376238944	0.09129973945277038	0.1833091707360782	0.06491407186651375	5
dataset_name-FR-FCM-Z238_seed-42	dgcytof	12	CD8+ T Cell (Central Memory)	CD8+ T Cell (Central Memory)	0.6855587902214608	0.10668990357732082	0.06743503393900882	0.18383526051235516	5
dataset_name-FR-FCM-Z238_seed-42	dgcytof	13	CD8+ T Cell (EMRA)	CD8+ T Cell (EMRA)	0.7891983446221581	0.08835580408953041	0.07336513043660164	0.16642013722617727	5
dataset_name-FR-FCM-Z238_seed-42	dgcytof	14	CD8+ T Cell (Effector Memory)	CD8+ T Cell (Effector Memory)	0.5939616992162232	0.11507919123431302	0.10403148601290421	0.17311824138042187	5
dataset_name-FR-FCM-Z238_seed-42	dgcytof	15	CD8+ T Cell (Naive)	CD8+ T Cell (Naive)	0.8371531777963591	0.12826609118212215	0.029269721060360875	0.21013130627525228	5
dataset_name-FR-FCM-Z238_seed-42	dgcytof	16	Dendritic Cell (Type 1, CD141+)	Dendritic Cell (Type 1, CD141+)	0.38409709823185983	0.10645994618366325	0.08405942178466079	0.16973544299547974	5
dataset_name-FR-FCM-Z238_seed-42	dgcytof	17	Dendritic Cell (Type 2, CD1c+)	Dendritic Cell (Type 2, CD1c+)	0.27955859169732	NA	NA	0.29300201084480004	5
dataset_name-FR-FCM-Z238_seed-42	dgcytof	18	Monocyte (CD14+ CD16+)	Monocyte (CD14+ CD16+)	0.7772071931668854	0.04177553312327545	0.10216265513164345	0.05332056004363858	5
dataset_name-FR-FCM-Z238_seed-42	dgcytof	19	Monocyte (CD14+ CD16-)	Monocyte (CD14+ CD16-)	0.9645802631886383	0.009969078551072348	0.010595045183680105	0.029543231569695152	5
dataset_name-FR-FCM-Z238_seed-42	dgcytof	2	B Cell (Memory)	B Cell (Memory)	0.957835855947727	0.02447127561950834	0.05625805142522503	0.015428656097492274	5
dataset_name-FR-FCM-Z238_seed-42	dgcytof	20	Monocyte (CD14- CD16+)	Monocyte (CD14- CD16+)	0.7303049587964996	0.06097671963978711	0.12743879731911692	0.15290276181233725	5
dataset_name-FR-FCM-Z238_seed-42	dgcytof	21	NK Cell (CD56+ CD16+)	NK Cell (CD56+ CD16+)	0.9327843436253197	0.015526856949903932	0.03301778909941848	0.01168456423147328	5
dataset_name-FR-FCM-Z238_seed-42	dgcytof	22	NK Cell (CD56+ CD16-)	NK Cell (CD56+ CD16-)	0.7443578182061724	0.10105171507705096	0.04110881636023708	0.14690715723803824	5
dataset_name-FR-FCM-Z238_seed-42	dgcytof	23	Plasmacytoid Dendritic Cell	Plasmacytoid Dendritic Cell	0.9876599196439383	0.0036382469316100573	0.009179736066457032	0.0027078114136484706	5
dataset_name-FR-FCM-Z238_seed-42	dgcytof	3	B Cell (Plasmablast)	B Cell (Plasmablast)	0.6891659737696364	0.24069296936087847	0.024591050338280237	0.27505663600647623	5
dataset_name-FR-FCM-Z238_seed-42	dgcytof	4	Basophil	Basophil	0.9213466508384112	0.02839030125569833	0.02386568148649204	0.4908453545285429	5
dataset_name-FR-FCM-Z238_seed-42	dgcytof	5	CD4+ CD8+ T Cell	CD4+ CD8+ T Cell	0.7165758154614481	0.02450868004182595	0.024190689054659213	0.49922399641710397	5
dataset_name-FR-FCM-Z238_seed-42	dgcytof	6	CD4+ T Cell (Central Memory)	CD4+ T Cell (Central Memory)	0.6535281918593415	0.07487090741912587	0.15240447846244284	0.21930721109869128	5
dataset_name-FR-FCM-Z238_seed-42	dgcytof	7	CD4+ T Cell (EMRA)	CD4+ T Cell (EMRA)	0.38803796108886884	0.11198433276589245	0.211157742208789	0.22920442961239543	5
dataset_name-FR-FCM-Z238_seed-42	dgcytof	8	CD4+ T Cell (Effector Memory)	CD4+ T Cell (Effector Memory)	0.6813534096417176	0.058406098266833524	0.1029372895695398	0.18452834175258556	5
dataset_name-FR-FCM-Z238_seed-42	dgcytof	9	CD4+ T Cell (Naive)	CD4+ T Cell (Naive)	0.7028999668581456	0.03982313814481274	0.15784240720707116	0.18156472612750169	5
dataset_name-FR-FCM-Z238_seed-42	gatemeclass[E]	1	B Cell (CD27-)	B Cell (CD27-)	NA	NA	NA	0	5
dataset_name-FR-FCM-Z238_seed-42	gatemeclass[E]	10	CD4+ T Cell (Treg)	CD4+ T Cell (Treg)	NA	NA	NA	0	5
dataset_name-FR-FCM-Z238_seed-42	gatemeclass[E]	11	CD4- CD8- T Cell	CD4- CD8- T Cell	NA	NA	NA	0	5
dataset_name-FR-FCM-Z238_seed-42	gatemeclass[E]	12	CD8+ T Cell (Central Memory)	CD8+ T Cell (Central Memory)	NA	NA	NA	0	5
dataset_name-FR-FCM-Z238_seed-42	gatemeclass[E]	13	CD8+ T Cell (EMRA)	CD8+ T Cell (EMRA)	NA	NA	NA	0	5
dataset_name-FR-FCM-Z238_seed-42	gatemeclass[E]	14	CD8+ T Cell (Effector Memory)	CD8+ T Cell (Effector Memory)	NA	NA	NA	0	5
dataset_name-FR-FCM-Z238_seed-42	gatemeclass[E]	15	CD8+ T Cell (Naive)	CD8+ T Cell (Naive)	NA	NA	NA	0	5
dataset_name-FR-FCM-Z238_seed-42	gatemeclass[E]	16	Dendritic Cell (Type 1, CD141+)	Dendritic Cell (Type 1, CD141+)	NA	NA	NA	0	5
dataset_name-FR-FCM-Z238_seed-42	gatemeclass[E]	17	Dendritic Cell (Type 2, CD1c+)	Dendritic Cell (Type 2, CD1c+)	NA	NA	NA	0	5
dataset_name-FR-FCM-Z238_seed-42	gatemeclass[E]	18	Monocyte (CD14+ CD16+)	Monocyte (CD14+ CD16+)	NA	NA	NA	0	5
dataset_name-FR-FCM-Z238_seed-42	gatemeclass[E]	19	Monocyte (CD14+ CD16-)	Monocyte (CD14+ CD16-)	NA	NA	NA	0	5
dataset_name-FR-FCM-Z238_seed-42	gatemeclass[E]	2	B Cell (Memory)	B Cell (Memory)	NA	NA	NA	0	5
dataset_name-FR-FCM-Z238_seed-42	gatemeclass[E]	20	Monocyte (CD14- CD16+)	Monocyte (CD14- CD16+)	NA	NA	NA	0	5
dataset_name-FR-FCM-Z238_seed-42	gatemeclass[E]	21	NK Cell (CD56+ CD16+)	NK Cell (CD56+ CD16+)	NA	NA	NA	0	5
dataset_name-FR-FCM-Z238_seed-42	gatemeclass[E]	22	NK Cell (CD56+ CD16-)	NK Cell (CD56+ CD16-)	NA	NA	NA	0	5
dataset_name-FR-FCM-Z238_seed-42	gatemeclass[E]	23	Plasmacytoid Dendritic Cell	Plasmacytoid Dendritic Cell	NA	NA	NA	0	5
dataset_name-FR-FCM-Z238_seed-42	gatemeclass[E]	3	B Cell (Plasmablast)	B Cell (Plasmablast)	NA	NA	NA	0	5
dataset_name-FR-FCM-Z238_seed-42	gatemeclass[E]	4	Basophil	Basophil	NA	NA	NA	0	5
dataset_name-FR-FCM-Z238_seed-42	gatemeclass[E]	5	CD4+ CD8+ T Cell	CD4+ CD8+ T Cell	NA	NA	NA	0	5
dataset_name-FR-FCM-Z238_seed-42	gatemeclass[E]	6	CD4+ T Cell (Central Memory)	CD4+ T Cell (Central Memory)	NA	NA	NA	0	5
dataset_name-FR-FCM-Z238_seed-42	gatemeclass[E]	7	CD4+ T Cell (EMRA)	CD4+ T Cell (EMRA)	NA	NA	NA	0	5
dataset_name-FR-FCM-Z238_seed-42	gatemeclass[E]	8	CD4+ T Cell (Effector Memory)	CD4+ T Cell (Effector Memory)	NA	NA	NA	0	5
dataset_name-FR-FCM-Z238_seed-42	gatemeclass[E]	9	CD4+ T Cell (Naive)	CD4+ T Cell (Naive)	NA	NA	NA	0	5
dataset_name-FR-FCM-Z238_seed-42	gatemeclass[V]	1	B Cell (CD27-)	B Cell (CD27-)	NA	NA	NA	0	5
dataset_name-FR-FCM-Z238_seed-42	gatemeclass[V]	10	CD4+ T Cell (Treg)	CD4+ T Cell (Treg)	NA	NA	NA	0	5
dataset_name-FR-FCM-Z238_seed-42	gatemeclass[V]	11	CD4- CD8- T Cell	CD4- CD8- T Cell	NA	NA	NA	0	5
dataset_name-FR-FCM-Z238_seed-42	gatemeclass[V]	12	CD8+ T Cell (Central Memory)	CD8+ T Cell (Central Memory)	NA	NA	NA	0	5
dataset_name-FR-FCM-Z238_seed-42	gatemeclass[V]	13	CD8+ T Cell (EMRA)	CD8+ T Cell (EMRA)	NA	NA	NA	0	5
dataset_name-FR-FCM-Z238_seed-42	gatemeclass[V]	14	CD8+ T Cell (Effector Memory)	CD8+ T Cell (Effector Memory)	NA	NA	NA	0	5
dataset_name-FR-FCM-Z238_seed-42	gatemeclass[V]	15	CD8+ T Cell (Naive)	CD8+ T Cell (Naive)	NA	NA	NA	0	5
dataset_name-FR-FCM-Z238_seed-42	gatemeclass[V]	16	Dendritic Cell (Type 1, CD141+)	Dendritic Cell (Type 1, CD141+)	NA	NA	NA	0	5
dataset_name-FR-FCM-Z238_seed-42	gatemeclass[V]	17	Dendritic Cell (Type 2, CD1c+)	Dendritic Cell (Type 2, CD1c+)	NA	NA	NA	0	5
dataset_name-FR-FCM-Z238_seed-42	gatemeclass[V]	18	Monocyte (CD14+ CD16+)	Monocyte (CD14+ CD16+)	NA	NA	NA	0	5
dataset_name-FR-FCM-Z238_seed-42	gatemeclass[V]	19	Monocyte (CD14+ CD16-)	Monocyte (CD14+ CD16-)	NA	NA	NA	0	5
dataset_name-FR-FCM-Z238_seed-42	gatemeclass[V]	2	B Cell (Memory)	B Cell (Memory)	NA	NA	NA	0	5
dataset_name-FR-FCM-Z238_seed-42	gatemeclass[V]	20	Monocyte (CD14- CD16+)	Monocyte (CD14- CD16+)	NA	NA	NA	0	5
dataset_name-FR-FCM-Z238_seed-42	gatemeclass[V]	21	NK Cell (CD56+ CD16+)	NK Cell (CD56+ CD16+)	NA	NA	NA	0	5
dataset_name-FR-FCM-Z238_seed-42	gatemeclass[V]	22	NK Cell (CD56+ CD16-)	NK Cell (CD56+ CD16-)	NA	NA	NA	0	5
dataset_name-FR-FCM-Z238_seed-42	gatemeclass[V]	23	Plasmacytoid Dendritic Cell	Plasmacytoid Dendritic Cell	NA	NA	NA	0	5
dataset_name-FR-FCM-Z238_seed-42	gatemeclass[V]	3	B Cell (Plasmablast)	B Cell (Plasmablast)	NA	NA	NA	0	5
dataset_name-FR-FCM-Z238_seed-42	gatemeclass[V]	4	Basophil	Basophil	NA	NA	NA	0	5
dataset_name-FR-FCM-Z238_seed-42	gatemeclass[V]	5	CD4+ CD8+ T Cell	CD4+ CD8+ T Cell	NA	NA	NA	0	5
dataset_name-FR-FCM-Z238_seed-42	gatemeclass[V]	6	CD4+ T Cell (Central Memory)	CD4+ T Cell (Central Memory)	NA	NA	NA	0	5
dataset_name-FR-FCM-Z238_seed-42	gatemeclass[V]	7	CD4+ T Cell (EMRA)	CD4+ T Cell (EMRA)	NA	NA	NA	0	5
dataset_name-FR-FCM-Z238_seed-42	gatemeclass[V]	8	CD4+ T Cell (Effector Memory)	CD4+ T Cell (Effector Memory)	NA	NA	NA	0	5
dataset_name-FR-FCM-Z238_seed-42	gatemeclass[V]	9	CD4+ T Cell (Naive)	CD4+ T Cell (Naive)	NA	NA	NA	0	5
dataset_name-FR-FCM-Z238_seed-42	knn	1	B Cell (CD27-)	B Cell (CD27-)	0.9748769689690172	0.005871589918030143	0.010044740276660713	0.01510144971930676	5
dataset_name-FR-FCM-Z238_seed-42	knn	10	CD4+ T Cell (Treg)	CD4+ T Cell (Treg)	0.6474971965654185	0.021613689137075447	0.05720020799523716	0.057084592211072364	5
dataset_name-FR-FCM-Z238_seed-42	knn	11	CD4- CD8- T Cell	CD4- CD8- T Cell	0.7587203275155916	0.042748288876117826	0.09116233618982791	0.14558164422901268	5
dataset_name-FR-FCM-Z238_seed-42	knn	12	CD8+ T Cell (Central Memory)	CD8+ T Cell (Central Memory)	0.5285895484957607	0.03297216085620866	0.07866929215222289	0.09029494158600276	5
dataset_name-FR-FCM-Z238_seed-42	knn	13	CD8+ T Cell (EMRA)	CD8+ T Cell (EMRA)	0.6974934309988021	0.02233629381003627	0.10715037677340042	0.10290108108981848	5
dataset_name-FR-FCM-Z238_seed-42	knn	14	CD8+ T Cell (Effector Memory)	CD8+ T Cell (Effector Memory)	0.39463709739483616	0.04054193069250504	0.054132998036121656	0.07189608553109879	5
dataset_name-FR-FCM-Z238_seed-42	knn	15	CD8+ T Cell (Naive)	CD8+ T Cell (Naive)	0.8326822220778857	0.018415629583409976	0.058762226755286	0.07660135504330205	5
dataset_name-FR-FCM-Z238_seed-42	knn	16	Dendritic Cell (Type 1, CD141+)	Dendritic Cell (Type 1, CD141+)	0.28870466716721305	0.10793889417609108	0.0969589161488767	0.27911344483238676	5
dataset_name-FR-FCM-Z238_seed-42	knn	17	Dendritic Cell (Type 2, CD1c+)	Dendritic Cell (Type 2, CD1c+)	0.06966345022358202	NA	NA	0.3260473504137624	5
dataset_name-FR-FCM-Z238_seed-42	knn	18	Monocyte (CD14+ CD16+)	Monocyte (CD14+ CD16+)	0.671899871635168	0.06912063518773594	0.09790070817401275	0.0527564306250398	5
dataset_name-FR-FCM-Z238_seed-42	knn	19	Monocyte (CD14+ CD16-)	Monocyte (CD14+ CD16-)	0.928983518784548	0.03331274230129675	0.007739936718498808	0.06372723001120045	5
dataset_name-FR-FCM-Z238_seed-42	knn	2	B Cell (Memory)	B Cell (Memory)	0.9396482337397062	0.01447235988625065	0.03966205448621833	0.013995712242906194	5
dataset_name-FR-FCM-Z238_seed-42	knn	20	Monocyte (CD14- CD16+)	Monocyte (CD14- CD16+)	0.6711836257026034	0.0619249705955954	0.14387599001558496	0.14606091619152609	5
dataset_name-FR-FCM-Z238_seed-42	knn	21	NK Cell (CD56+ CD16+)	NK Cell (CD56+ CD16+)	0.9372304155699879	0.00471331814881041	0.021286757648395122	0.022979675824814357	5
dataset_name-FR-FCM-Z238_seed-42	knn	22	NK Cell (CD56+ CD16-)	NK Cell (CD56+ CD16-)	0.7837074248417405	0.03485560170036272	0.035931520381405374	0.08501997377483524	5
dataset_name-FR-FCM-Z238_seed-42	knn	23	Plasmacytoid Dendritic Cell	Plasmacytoid Dendritic Cell	0.984891897238912	0.005561124610847735	0.011568568461747914	0.001490525848368838	5
dataset_name-FR-FCM-Z238_seed-42	knn	3	B Cell (Plasmablast)	B Cell (Plasmablast)	0.7971083289126786	0.044490152984469476	0.03799961515578417	0.11583024100822104	5
dataset_name-FR-FCM-Z238_seed-42	knn	4	Basophil	Basophil	0.9158477561745957	0.04949655111944632	0.08926739785903823	0.5385737948473626	5
dataset_name-FR-FCM-Z238_seed-42	knn	5	CD4+ CD8+ T Cell	CD4+ CD8+ T Cell	0.3800764385306061	0.060367084111316444	0.017864514193347687	0.17338810588445822	5
dataset_name-FR-FCM-Z238_seed-42	knn	6	CD4+ T Cell (Central Memory)	CD4+ T Cell (Central Memory)	0.6189310524418002	0.03745466276260678	0.05172105189081986	0.10816177749995878	5
dataset_name-FR-FCM-Z238_seed-42	knn	7	CD4+ T Cell (EMRA)	CD4+ T Cell (EMRA)	0.26103235263114744	0.01910315677148329	0.05581118570921755	0.19127007869188287	5
dataset_name-FR-FCM-Z238_seed-42	knn	8	CD4+ T Cell (Effector Memory)	CD4+ T Cell (Effector Memory)	0.5943514988412614	0.033793908051972514	0.03148442225294417	0.11662902536362814	5
dataset_name-FR-FCM-Z238_seed-42	knn	9	CD4+ T Cell (Naive)	CD4+ T Cell (Naive)	0.6829672142512156	0.009697875331002519	0.04724517641607829	0.09179378305195003	5
dataset_name-FR-FCM-Z238_seed-42	lda	1	B Cell (CD27-)	B Cell (CD27-)	0.9713228588552189	0.007567639669226581	0.011987783895636225	0.010221804740994185	5
dataset_name-FR-FCM-Z238_seed-42	lda	10	CD4+ T Cell (Treg)	CD4+ T Cell (Treg)	0.6410420414399649	0.06692591360250326	0.04405707037269023	0.13145281341861398	5
dataset_name-FR-FCM-Z238_seed-42	lda	11	CD4- CD8- T Cell	CD4- CD8- T Cell	0.861540535698956	0.023381325539815416	0.10409527911685634	0.07874143127140246	5
dataset_name-FR-FCM-Z238_seed-42	lda	12	CD8+ T Cell (Central Memory)	CD8+ T Cell (Central Memory)	0.5364291077269957	0.04717402848470421	0.12994178639617854	0.12108626402705173	5
dataset_name-FR-FCM-Z238_seed-42	lda	13	CD8+ T Cell (EMRA)	CD8+ T Cell (EMRA)	0.7723631781901915	0.019886012491070144	0.0866152851057389	0.08490207559949398	5
dataset_name-FR-FCM-Z238_seed-42	lda	14	CD8+ T Cell (Effector Memory)	CD8+ T Cell (Effector Memory)	0.49684851920995765	0.07140009246527446	0.1213655952819925	0.09138718783381017	5
dataset_name-FR-FCM-Z238_seed-42	lda	15	CD8+ T Cell (Naive)	CD8+ T Cell (Naive)	0.8381831056913627	0.041121178320338965	0.043352464625123814	0.09319929842708385	5
dataset_name-FR-FCM-Z238_seed-42	lda	16	Dendritic Cell (Type 1, CD141+)	Dendritic Cell (Type 1, CD141+)	0.4379465660409761	0.07595711322061399	0.16938177852161695	0.24728255971877464	5
dataset_name-FR-FCM-Z238_seed-42	lda	17	Dendritic Cell (Type 2, CD1c+)	Dendritic Cell (Type 2, CD1c+)	0.3176020408163265	NA	NA	0.274276318422388	5
dataset_name-FR-FCM-Z238_seed-42	lda	18	Monocyte (CD14+ CD16+)	Monocyte (CD14+ CD16+)	0.7404502723878919	0.04456941856160092	0.09122627880083413	0.09529246851318897	5
dataset_name-FR-FCM-Z238_seed-42	lda	19	Monocyte (CD14+ CD16-)	Monocyte (CD14+ CD16-)	0.9527759856478225	0.021058075210594145	0.010416153080507138	0.04707062433426616	5
dataset_name-FR-FCM-Z238_seed-42	lda	2	B Cell (Memory)	B Cell (Memory)	0.9092254567346966	0.02093187128380984	0.03387128098742294	0.031369160597264155	5
dataset_name-FR-FCM-Z238_seed-42	lda	20	Monocyte (CD14- CD16+)	Monocyte (CD14- CD16+)	0.7125229101506942	0.03173662841634001	0.13230721510859272	0.13891071238880315	5
dataset_name-FR-FCM-Z238_seed-42	lda	21	NK Cell (CD56+ CD16+)	NK Cell (CD56+ CD16+)	0.9385706420692088	0.010443245522619146	0.028916731168929014	0.012553455885463343	5
dataset_name-FR-FCM-Z238_seed-42	lda	22	NK Cell (CD56+ CD16-)	NK Cell (CD56+ CD16-)	0.7635483025315517	0.06854377055545466	0.020250811748960967	0.1128458795177787	5
dataset_name-FR-FCM-Z238_seed-42	lda	23	Plasmacytoid Dendritic Cell	Plasmacytoid Dendritic Cell	0.9832128805122583	0.006461366797446258	0.013694111501893882	0.0018792736079368687	5
dataset_name-FR-FCM-Z238_seed-42	lda	3	B Cell (Plasmablast)	B Cell (Plasmablast)	0.805818658990118	0.04618398006864114	0.011487300629730602	0.11319840720478645	5
dataset_name-FR-FCM-Z238_seed-42	lda	4	Basophil	Basophil	0.9236446999220713	0.034879280329128556	0.06167714758500382	0.5398715420735226	5
dataset_name-FR-FCM-Z238_seed-42	lda	5	CD4+ CD8+ T Cell	CD4+ CD8+ T Cell	0.46099756633913375	0.03415205776781284	0.015309746552662729	0.20640825620381734	5
dataset_name-FR-FCM-Z238_seed-42	lda	6	CD4+ T Cell (Central Memory)	CD4+ T Cell (Central Memory)	0.5072408199088987	0.10587240682865531	0.11507261311764318	0.14587195358523627	5
dataset_name-FR-FCM-Z238_seed-42	lda	7	CD4+ T Cell (EMRA)	CD4+ T Cell (EMRA)	0.31110841117726884	0.10759524139707215	0.06875835037055195	0.18095234678018204	5
dataset_name-FR-FCM-Z238_seed-42	lda	8	CD4+ T Cell (Effector Memory)	CD4+ T Cell (Effector Memory)	0.630228901806944	0.012085865498284314	0.11607758633920158	0.16615348865693966	5
dataset_name-FR-FCM-Z238_seed-42	lda	9	CD4+ T Cell (Naive)	CD4+ T Cell (Naive)	0.6937128942636742	0.0414587732668874	0.10450745587172988	0.09621870673247959	5
dataset_name-FR-FCM-Z238_seed-42	random	1	B Cell (CD27-)	B Cell (CD27-)	0.04577791122370873	0.0018193215562402575	7.106168284341809e-4	0.0034670461004271654	5
dataset_name-FR-FCM-Z238_seed-42	random	10	CD4+ T Cell (Treg)	CD4+ T Cell (Treg)	0.030068561214388185	9.341766254914109e-4	4.821855158332525e-4	0.003550939413245574	5
dataset_name-FR-FCM-Z238_seed-42	random	11	CD4- CD8- T Cell	CD4- CD8- T Cell	0.055108244356797724	0.00242790782624116	7.449841310993646e-4	0.00338388751002018	5
dataset_name-FR-FCM-Z238_seed-42	random	12	CD8+ T Cell (Central Memory)	CD8+ T Cell (Central Memory)	0.019512542693555603	7.548748730925971e-4	5.122117163400438e-4	0.0032792312008395326	5
dataset_name-FR-FCM-Z238_seed-42	random	13	CD8+ T Cell (EMRA)	CD8+ T Cell (EMRA)	0.02378493788815432	5.690194269734198e-4	4.71879578187953e-4	0.003909482235070027	5
dataset_name-FR-FCM-Z238_seed-42	random	14	CD8+ T Cell (Effector Memory)	CD8+ T Cell (Effector Memory)	0.005750868958509474	2.776233169112598e-4	1.5077798831256693e-4	0.003920203359550388	5
dataset_name-FR-FCM-Z238_seed-42	random	15	CD8+ T Cell (Naive)	CD8+ T Cell (Naive)	0.05647422042077618	0.002474040532507871	5.341127033041421e-4	0.003357866885652629	5
dataset_name-FR-FCM-Z238_seed-42	random	16	Dendritic Cell (Type 1, CD141+)	Dendritic Cell (Type 1, CD141+)	0.005713224434127709	2.2895114590399502e-4	1.2602694963259435e-4	0.019665171688337025	5
dataset_name-FR-FCM-Z238_seed-42	random	17	Dendritic Cell (Type 2, CD1c+)	Dendritic Cell (Type 2, CD1c+)	2.644910581676873e-4	NA	NA	0.014319647146550379	5
dataset_name-FR-FCM-Z238_seed-42	random	18	Monocyte (CD14+ CD16+)	Monocyte (CD14+ CD16+)	0.04354683593927706	0.0015693698813858017	4.8386797721020443e-4	0.003359624235061831	5
dataset_name-FR-FCM-Z238_seed-42	random	19	Monocyte (CD14+ CD16-)	Monocyte (CD14+ CD16-)	0.07878998289843357	0.004977477096511729	0.0018891400437260376	0.003351755044974621	5
dataset_name-FR-FCM-Z238_seed-42	random	2	B Cell (Memory)	B Cell (Memory)	0.02419079020343806	4.4044569926045865e-4	2.919368415387127e-4	0.0034069405512464103	5
dataset_name-FR-FCM-Z238_seed-42	random	20	Monocyte (CD14- CD16+)	Monocyte (CD14- CD16+)	0.018056858396499766	7.221923969291445e-4	4.673447892528076e-4	0.003952441035760723	5
dataset_name-FR-FCM-Z238_seed-42	random	21	NK Cell (CD56+ CD16+)	NK Cell (CD56+ CD16+)	0.059963829439628594	0.0033503446771154487	0.0017949246461934148	0.0035069723803571036	5
dataset_name-FR-FCM-Z238_seed-42	random	22	NK Cell (CD56+ CD16-)	NK Cell (CD56+ CD16-)	0.035444813457162015	0.0012050373596504897	3.7960241550623157e-4	0.0031602675909226953	5
dataset_name-FR-FCM-Z238_seed-42	random	23	Plasmacytoid Dendritic Cell	Plasmacytoid Dendritic Cell	0.020175453980647445	5.279302428875415e-4	3.802406187893549e-4	0.002788562142286112	5
dataset_name-FR-FCM-Z238_seed-42	random	3	B Cell (Plasmablast)	B Cell (Plasmablast)	0.011258355649308379	6.342821336105249e-4	3.4557731926129873e-4	0.0045010673135788245	5
dataset_name-FR-FCM-Z238_seed-42	random	4	Basophil	Basophil	0.001702783676452629	1.6730087962031756e-4	8.562658951778859e-5	0.021608010921087245	5
dataset_name-FR-FCM-Z238_seed-42	random	5	CD4+ CD8+ T Cell	CD4+ CD8+ T Cell	0.05567100415661985	0.0014614320757148531	8.542919068100144e-4	0.023847266039640373	5
dataset_name-FR-FCM-Z238_seed-42	random	6	CD4+ T Cell (Central Memory)	CD4+ T Cell (Central Memory)	0.058798435570998696	0.0031826401640011074	0.0016438575862287416	0.003666263309694438	5
dataset_name-FR-FCM-Z238_seed-42	random	7	CD4+ T Cell (EMRA)	CD4+ T Cell (EMRA)	0.005533825252647785	2.7422787547672534e-4	0.00014793615823038421	0.0033827591222789387	5
dataset_name-FR-FCM-Z238_seed-42	random	8	CD4+ T Cell (Effector Memory)	CD4+ T Cell (Effector Memory)	0.021903544190244387	7.961497757643887e-4	4.2894158660271607e-4	0.003564402715897439	5
dataset_name-FR-FCM-Z238_seed-42	random	9	CD4+ T Cell (Naive)	CD4+ T Cell (Naive)	0.059466509523982185	0.0031493390193468047	0.0012819582053779951	0.003537480035138964	5
dataset_name-FR-FCM-Z2KP-covid_seed-42	cyanno	1	CD14 monocytes	CD14 monocytes	0.9997081351757108	1.0092225081201445e-4	2.587887349020936e-4	7.467105132289249e-5	5
dataset_name-FR-FCM-Z2KP-covid_seed-42	cyanno	2	CD19	CD19	0.9989348968010427	1.8732498382539013e-4	4.8100386162336795e-4	2.8065568011680076e-4	5
dataset_name-FR-FCM-Z2KP-covid_seed-42	cyanno	3	CD3+	CD3+	0.9266550520513832	0.01606280044488309	0.03639250830860051	0.04478333870562463	5
dataset_name-FR-FCM-Z2KP-covid_seed-42	cyanno	4	CD4	CD4	0.9981833543752753	8.988500967077288e-4	5.023818842994339e-4	0.0013150157214927049	5
dataset_name-FR-FCM-Z2KP-covid_seed-42	cyanno	5	CD8	CD8	0.9728531785813295	0.006330084869205951	0.02254037703601631	0.016335430874069863	5
dataset_name-FR-FCM-Z2KP-covid_seed-42	cygate	1	CD14 monocytes	CD14 monocytes	0.9904597994228147	0.0031637091544963495	0.003399609843846732	0.003687648183823165	5
dataset_name-FR-FCM-Z2KP-covid_seed-42	cygate	2	CD19	CD19	0.9880369793958556	0.0031865993001623663	0.005673753572048715	0.0041887698988856605	5
dataset_name-FR-FCM-Z2KP-covid_seed-42	cygate	3	CD3+	CD3+	0.31474470964533935	0.31635907806987285	0.24938367152621305	0.3319595548814408	5
dataset_name-FR-FCM-Z2KP-covid_seed-42	cygate	4	CD4	CD4	0.9646791362322583	0.020192461747712588	0.007133141412463407	0.03950813034116479	5
dataset_name-FR-FCM-Z2KP-covid_seed-42	cygate	5	CD8	CD8	0.8712931895758088	0.04603103044963319	0.08959816714614349	0.015697558007833866	5
dataset_name-FR-FCM-Z2KP-covid_seed-42	dgcytof	1	CD14 monocytes	CD14 monocytes	0.9975378555476807	0.0014165374419516218	0.003700293359355675	9.523583476757746e-4	5
dataset_name-FR-FCM-Z2KP-covid_seed-42	dgcytof	2	CD19	CD19	0.9936036888543619	0.0028462768906560728	8.180153082056957e-4	0.006318008709265989	5
dataset_name-FR-FCM-Z2KP-covid_seed-42	dgcytof	3	CD3+	CD3+	0.8984522819978983	0.07952894384676273	0.05087087490993248	0.10259015073311828	5
dataset_name-FR-FCM-Z2KP-covid_seed-42	dgcytof	4	CD4	CD4	0.9956725729271702	0.001961304500037509	0.001698709677719648	0.004553660696568109	5
dataset_name-FR-FCM-Z2KP-covid_seed-42	dgcytof	5	CD8	CD8	0.9722348820902211	0.024927206396737664	0.04969496020109394	0.009899549921192777	5
dataset_name-FR-FCM-Z2KP-covid_seed-42	gatemeclass[E]	1	CD14 monocytes	CD14 monocytes	NA	NA	NA	0	5
dataset_name-FR-FCM-Z2KP-covid_seed-42	gatemeclass[E]	2	CD19	CD19	NA	NA	NA	0	5
dataset_name-FR-FCM-Z2KP-covid_seed-42	gatemeclass[E]	3	CD3+	CD3+	NA	NA	NA	0	5
dataset_name-FR-FCM-Z2KP-covid_seed-42	gatemeclass[E]	4	CD4	CD4	NA	NA	NA	0	5
dataset_name-FR-FCM-Z2KP-covid_seed-42	gatemeclass[E]	5	CD8	CD8	NA	NA	NA	0	5
dataset_name-FR-FCM-Z2KP-covid_seed-42	gatemeclass[V]	1	CD14 monocytes	CD14 monocytes	NA	NA	NA	0	5
dataset_name-FR-FCM-Z2KP-covid_seed-42	gatemeclass[V]	2	CD19	CD19	NA	NA	NA	0	5
dataset_name-FR-FCM-Z2KP-covid_seed-42	gatemeclass[V]	3	CD3+	CD3+	NA	NA	NA	0	5
dataset_name-FR-FCM-Z2KP-covid_seed-42	gatemeclass[V]	4	CD4	CD4	NA	NA	NA	0	5
dataset_name-FR-FCM-Z2KP-covid_seed-42	gatemeclass[V]	5	CD8	CD8	NA	NA	NA	0	5
dataset_name-FR-FCM-Z2KP-covid_seed-42	knn	1	CD14 monocytes	CD14 monocytes	0.9430744313628191	0.012152064180781548	0.01711425437135614	0.028464737242874783	5
dataset_name-FR-FCM-Z2KP-covid_seed-42	knn	2	CD19	CD19	0.9320496409081522	0.01312422024440033	0.026402857061544122	0.023359386320964477	5
dataset_name-FR-FCM-Z2KP-covid_seed-42	knn	3	CD3+	CD3+	0.26917882523409903	0.044517426141958645	0.04266150808957819	0.05090165030769317	5
dataset_name-FR-FCM-Z2KP-covid_seed-42	knn	4	CD4	CD4	0.8626162465163816	0.03194782235176795	0.008019071602098657	0.05728832988427247	5
dataset_name-FR-FCM-Z2KP-covid_seed-42	knn	5	CD8	CD8	0.562540202708572	0.04639150124416189	0.042559918083001906	0.07099979553577147	5
dataset_name-FR-FCM-Z2KP-covid_seed-42	lda	1	CD14 monocytes	CD14 monocytes	0.9908761895598642	0.0015572318574633127	0.003270435147095579	0.003280377885727074	5
dataset_name-FR-FCM-Z2KP-covid_seed-42	lda	2	CD19	CD19	0.9839609656086643	0.0012925360132865834	0.0032427103586466746	0.004069142832048864	5
dataset_name-FR-FCM-Z2KP-covid_seed-42	lda	3	CD3+	CD3+	0.1785549132659873	0.16343249512556074	0.11475090654953225	0.16547991481805455	5
dataset_name-FR-FCM-Z2KP-covid_seed-42	lda	4	CD4	CD4	0.9595241567814069	0.013653005704003672	0.014864562892658363	0.01658257044558815	5
dataset_name-FR-FCM-Z2KP-covid_seed-42	lda	5	CD8	CD8	0.7150810786119209	0.044580604763634575	0.1081121282490878	0.04006342395815914	5
dataset_name-FR-FCM-Z2KP-covid_seed-42	random	1	CD14 monocytes	CD14 monocytes	0.2029138352567488	0.003696316676083453	0.012281129763273184	3.1834231209774435e-4	5
dataset_name-FR-FCM-Z2KP-covid_seed-42	random	2	CD19	CD19	0.13838838952082957	0.002053884229819541	0.0032514876578059798	6.617440595418659e-4	5
dataset_name-FR-FCM-Z2KP-covid_seed-42	random	3	CD3+	CD3+	0.0773229212666615	0.003743627825741788	0.00319737785524181	0.0015537247585253153	5
dataset_name-FR-FCM-Z2KP-covid_seed-42	random	4	CD4	CD4	0.2457156883357472	0.0016402110745635692	0.011876249667359277	3.539559491961361e-4	5
dataset_name-FR-FCM-Z2KP-covid_seed-42	random	5	CD8	CD8	0.12620197251125037	0.0023929691875600114	0.0028174325531744623	9.414094884956869e-4	5
dataset_name-FR-FCM-Z2KP-healthy_seed-42	cyanno	1	CD14 monocytes	CD14 monocytes	0.9997745315605424	3.0477838490811075e-5	1.0084820613342158e-4	9.014209169201847e-5	5
dataset_name-FR-FCM-Z2KP-healthy_seed-42	cyanno	2	CD19	CD19	0.9990665906505704	7.010760400509602e-5	3.1032578412994015e-4	2.1496253588443117e-4	5
dataset_name-FR-FCM-Z2KP-healthy_seed-42	cyanno	3	CD3+	CD3+	0.9422432211042082	0.01527387854850633	0.02401437187915896	0.01755145429854725	5
dataset_name-FR-FCM-Z2KP-healthy_seed-42	cyanno	4	CD4	CD4	0.9985584931174948	3.580924523276187e-4	4.95978806291265e-4	3.5833728148475984e-4	5
dataset_name-FR-FCM-Z2KP-healthy_seed-42	cyanno	5	CD8	CD8	0.9826167957943931	0.006677863375084054	0.005872158086414101	0.011297806943703416	5
dataset_name-FR-FCM-Z2KP-healthy_seed-42	cygate	1	CD14 monocytes	CD14 monocytes	0.987852146895133	0.005547503391693625	0.004489157428847844	0.007460685557654433	5
dataset_name-FR-FCM-Z2KP-healthy_seed-42	cygate	2	CD19	CD19	0.9912836740099235	0.0028915373803374105	0.007574708334558991	0.002561747795507551	5
dataset_name-FR-FCM-Z2KP-healthy_seed-42	cygate	3	CD3+	CD3+	0.5308972919959913	0.20293771781046482	0.21789040397077833	0.20011167369954982	5
dataset_name-FR-FCM-Z2KP-healthy_seed-42	cygate	4	CD4	CD4	0.9733545509314425	0.009948838490353695	0.012879315685613058	0.009458031773236094	5
dataset_name-FR-FCM-Z2KP-healthy_seed-42	cygate	5	CD8	CD8	0.858483996546712	0.13348599335070513	0.03749378362686627	0.2122582455182215	5
dataset_name-FR-FCM-Z2KP-healthy_seed-42	dgcytof	1	CD14 monocytes	CD14 monocytes	0.998864953512695	5.094735967208215e-4	8.700514664026943e-4	4.414509410376849e-4	5
dataset_name-FR-FCM-Z2KP-healthy_seed-42	dgcytof	2	CD19	CD19	0.9965948418154263	0.0011928234992693396	0.0031608491632116897	0.0015983549631737356	5
dataset_name-FR-FCM-Z2KP-healthy_seed-42	dgcytof	3	CD3+	CD3+	0.9196583222265622	0.03243245392407061	0.052683991134734064	0.03277293503775566	5
dataset_name-FR-FCM-Z2KP-healthy_seed-42	dgcytof	4	CD4	CD4	0.995588268837071	0.0028002079237609465	0.003513307998603762	0.003020243712220438	5
dataset_name-FR-FCM-Z2KP-healthy_seed-42	dgcytof	5	CD8	CD8	0.9816565095839094	0.009399630786337104	0.01265327677686517	0.02274939172267175	5
dataset_name-FR-FCM-Z2KP-healthy_seed-42	gatemeclass[E]	1	CD14 monocytes	CD14 monocytes	0.5784991546493996	0.31993805738851194	0.4136154530308144	0.05940578963129227	5
dataset_name-FR-FCM-Z2KP-healthy_seed-42	gatemeclass[E]	2	CD19	CD19	0.8439912877705602	0.18336695993946456	0.2623273970901524	0.03044266019011618	5
dataset_name-FR-FCM-Z2KP-healthy_seed-42	gatemeclass[E]	3	CD3+	CD3+	0.12162781340892195	0.08772495557094391	0.04637145571589322	0.1535614711843402	5
dataset_name-FR-FCM-Z2KP-healthy_seed-42	gatemeclass[E]	4	CD4	CD4	0.5832692723895192	0.2513069989261909	0.08052380961858721	0.3811422507566799	5
dataset_name-FR-FCM-Z2KP-healthy_seed-42	gatemeclass[E]	5	CD8	CD8	0.10057332832946225	0.09291040413642634	0.07589566802628259	0.09065681746342781	5
dataset_name-FR-FCM-Z2KP-healthy_seed-42	gatemeclass[V]	1	CD14 monocytes	CD14 monocytes	0.3015662388295135	0.3583996516887989	0.46199336105717537	0.35618873036339904	5
dataset_name-FR-FCM-Z2KP-healthy_seed-42	gatemeclass[V]	2	CD19	CD19	0.6155583408594023	0.17479136758537575	0.2406467760630124	0.11567952805535955	5
dataset_name-FR-FCM-Z2KP-healthy_seed-42	gatemeclass[V]	3	CD3+	CD3+	0.0896187540811236	0.07492550667882394	0.10982303559687617	0.08073782512540863	5
dataset_name-FR-FCM-Z2KP-healthy_seed-42	gatemeclass[V]	4	CD4	CD4	0.5636026440446831	0.35462624840236917	0.1138665982242807	0.49868242634093735	5
dataset_name-FR-FCM-Z2KP-healthy_seed-42	gatemeclass[V]	5	CD8	CD8	0.1068251246031473	0.18331467821317024	0.09911226134642051	0.41646751392086856	5
dataset_name-FR-FCM-Z2KP-healthy_seed-42	knn	1	CD14 monocytes	CD14 monocytes	0.927498024179832	0.029369712578295983	0.06615181971053244	0.01993373724682441	5
dataset_name-FR-FCM-Z2KP-healthy_seed-42	knn	2	CD19	CD19	0.9341169535905895	0.008771943695709395	0.03148652229131918	0.019884987725702675	5
dataset_name-FR-FCM-Z2KP-healthy_seed-42	knn	3	CD3+	CD3+	0.2734110041505527	0.022622176913629638	0.01103957611547919	0.08567031284012831	5
dataset_name-FR-FCM-Z2KP-healthy_seed-42	knn	4	CD4	CD4	0.8477490424526593	0.025052609753308325	0.009671210625568525	0.04677824856475553	5
dataset_name-FR-FCM-Z2KP-healthy_seed-42	knn	5	CD8	CD8	0.5685360856951536	0.039539862945167835	0.06397386623860007	0.04749055322573158	5
dataset_name-FR-FCM-Z2KP-healthy_seed-42	lda	1	CD14 monocytes	CD14 monocytes	0.9784713425668758	0.01396672515712496	0.0019550778721249377	0.028460247516748048	5
dataset_name-FR-FCM-Z2KP-healthy_seed-42	lda	2	CD19	CD19	0.9873844579561938	0.002802905028259306	0.006120855758110493	7.103492269377544e-4	5
dataset_name-FR-FCM-Z2KP-healthy_seed-42	lda	3	CD3+	CD3+	0.24522313885779598	0.12773819520430915	0.192449813833416	0.21028269819916773	5
dataset_name-FR-FCM-Z2KP-healthy_seed-42	lda	4	CD4	CD4	0.9188522357784447	0.06950081956127996	0.015992946680276777	0.1263518889982134	5
dataset_name-FR-FCM-Z2KP-healthy_seed-42	lda	5	CD8	CD8	0.7491503203750097	0.05146533132882343	0.0730962831006219	0.06435464418075132	5
dataset_name-FR-FCM-Z2KP-healthy_seed-42	random	1	CD14 monocytes	CD14 monocytes	0.15453205384079632	0.009569275345500611	0.016397562550295997	0.0015184104268395253	5
dataset_name-FR-FCM-Z2KP-healthy_seed-42	random	2	CD19	CD19	0.14450426394891008	0.006586120189077432	0.010155411009426058	8.523710693317222e-4	5
dataset_name-FR-FCM-Z2KP-healthy_seed-42	random	3	CD3+	CD3+	0.08650427034751665	0.005046867019110612	0.004566635960467195	0.0016157549992438917	5
dataset_name-FR-FCM-Z2KP-healthy_seed-42	random	4	CD4	CD4	0.25218559222896514	0.0021101258980672595	0.017960289580327724	4.927707987171808e-4	5
dataset_name-FR-FCM-Z2KP-healthy_seed-42	random	5	CD8	CD8	0.15915283903025987	0.005668493992565288	0.010948069402397974	8.688542660872957e-4	5
dataset_name-FR-FCM-Z2KP-healthy_seed-420_sub-sampling-1000	cyanno	1	CD14 monocytes	CD14 monocytes	0.9872115439793967	0.01653215944974042	0.003558028009365388	0.03066491515180194	5
dataset_name-FR-FCM-Z2KP-healthy_seed-420_sub-sampling-1000	cyanno	2	CD19	CD19	0.9902247495811528	0.002471453373048271	0.006294867112501716	0.003321896373564406	5
dataset_name-FR-FCM-Z2KP-healthy_seed-420_sub-sampling-1000	cyanno	3	CD3+	CD3+	0.48398351935015443	0.23287889736751477	0.022845551124421114	0.21052686943705617	5
dataset_name-FR-FCM-Z2KP-healthy_seed-420_sub-sampling-1000	cyanno	4	CD4	CD4	0.9781053546293657	0.0059137343209437285	0.01219112445521889	0.0016097389473675385	5
dataset_name-FR-FCM-Z2KP-healthy_seed-420_sub-sampling-1000	cyanno	5	CD8	CD8	0.9344146652615828	0.033698810175358786	0.06339267101104396	0.006067602808887292	5
dataset_name-FR-FCM-Z2KP-healthy_seed-420_sub-sampling-1000	cygate	1	CD14 monocytes	CD14 monocytes	0.9857306532154565	0.003817235250620877	0.005466448114398558	0.006142163497547233	5
dataset_name-FR-FCM-Z2KP-healthy_seed-420_sub-sampling-1000	cygate	2	CD19	CD19	0.9898742916459745	4.980629345996255e-4	0.0066406619834728136	0.006602828629234452	5
dataset_name-FR-FCM-Z2KP-healthy_seed-420_sub-sampling-1000	cygate	3	CD3+	CD3+	0.5092400644542574	0.19807439796828294	0.1687661532315752	0.2652118984984313	5
dataset_name-FR-FCM-Z2KP-healthy_seed-420_sub-sampling-1000	cygate	4	CD4	CD4	0.970344185068045	0.008920026330954118	0.019309970481160777	0.010369120401104957	5
dataset_name-FR-FCM-Z2KP-healthy_seed-420_sub-sampling-1000	cygate	5	CD8	CD8	0.8545036559782302	0.13862986206751954	0.03561038553342053	0.21534870133105927	5
dataset_name-FR-FCM-Z2KP-healthy_seed-420_sub-sampling-1000	dgcytof	1	CD14 monocytes	CD14 monocytes	0.9708367427308504	0.02311450921151227	0.007521087431884558	0.04879673552373507	5
dataset_name-FR-FCM-Z2KP-healthy_seed-420_sub-sampling-1000	dgcytof	2	CD19	CD19	0.969148342596227	0.0171111753295599	0.02649109789113317	0.01281414278317408	5
dataset_name-FR-FCM-Z2KP-healthy_seed-420_sub-sampling-1000	dgcytof	3	CD3+	CD3+	0.16810842261358366	0.12845435697475444	0.1557837160869632	0.1127219381053396	5
dataset_name-FR-FCM-Z2KP-healthy_seed-420_sub-sampling-1000	dgcytof	4	CD4	CD4	0.9676991119126548	0.009200931644459506	0.019011453854851923	0.007078922519924865	5
dataset_name-FR-FCM-Z2KP-healthy_seed-420_sub-sampling-1000	dgcytof	5	CD8	CD8	0.8443713650415557	0.033610031806703994	0.05146696037152236	0.10844196844226099	5
dataset_name-FR-FCM-Z2KP-healthy_seed-420_sub-sampling-1000	gatemeclass[E]	1	CD14 monocytes	CD14 monocytes	0.6995717649959827	0.3476211346867527	0.28814558874851676	0.4206646633606001	5
dataset_name-FR-FCM-Z2KP-healthy_seed-420_sub-sampling-1000	gatemeclass[E]	2	CD19	CD19	0.7875300696223834	0.31875754045886556	0.36752508168979825	0.026781995435986028	5
dataset_name-FR-FCM-Z2KP-healthy_seed-420_sub-sampling-1000	gatemeclass[E]	3	CD3+	CD3+	0.0878987693513959	0.05420431645555542	0.04864888538149649	0.4051501251143619	5
dataset_name-FR-FCM-Z2KP-healthy_seed-420_sub-sampling-1000	gatemeclass[E]	4	CD4	CD4	0.18647017338439756	0.30524212890462105	0.2512382776974336	0.20114694295085384	5
dataset_name-FR-FCM-Z2KP-healthy_seed-420_sub-sampling-1000	gatemeclass[E]	5	CD8	CD8	0.3485359411197345	0.03342838716574953	0.03198209174331521	0.4640744656872531	5
dataset_name-FR-FCM-Z2KP-healthy_seed-420_sub-sampling-1000	gatemeclass[V]	1	CD14 monocytes	CD14 monocytes	0.41486986206446197	0.19361960436392736	0.2265450215572984	0.33917554538713807	5
dataset_name-FR-FCM-Z2KP-healthy_seed-420_sub-sampling-1000	gatemeclass[V]	2	CD19	CD19	0.6742478506369306	0.12564636992920006	0.2039367755876609	0.18430959910817632	5
dataset_name-FR-FCM-Z2KP-healthy_seed-420_sub-sampling-1000	gatemeclass[V]	3	CD3+	CD3+	0.09103784251282626	0.036060593542180094	0.018297792696548517	0.17987152585015503	5
dataset_name-FR-FCM-Z2KP-healthy_seed-420_sub-sampling-1000	gatemeclass[V]	4	CD4	CD4	0.5644930564674236	0.20802102247339452	0.0857282140756105	0.3349904980199438	5
dataset_name-FR-FCM-Z2KP-healthy_seed-420_sub-sampling-1000	gatemeclass[V]	5	CD8	CD8	0.15338866772959237	0.12465976179648797	0.041208488468013706	0.30519905670741476	5
dataset_name-FR-FCM-Z2KP-healthy_seed-420_sub-sampling-1000	knn	1	CD14 monocytes	CD14 monocytes	0.907478398274539	0.018828710412140095	0.039216584950285356	0.04207615886462795	5
dataset_name-FR-FCM-Z2KP-healthy_seed-420_sub-sampling-1000	knn	2	CD19	CD19	0.907310231750065	0.01959032588971593	0.030870242651672167	0.028920756282924065	5
dataset_name-FR-FCM-Z2KP-healthy_seed-420_sub-sampling-1000	knn	3	CD3+	CD3+	0.22534452362051297	0.01520724093051814	0.00859276669576295	0.05776621925794428	5
dataset_name-FR-FCM-Z2KP-healthy_seed-420_sub-sampling-1000	knn	4	CD4	CD4	0.8298355954271293	0.0275469177437598	0.011050404803869176	0.04808583133647816	5
dataset_name-FR-FCM-Z2KP-healthy_seed-420_sub-sampling-1000	knn	5	CD8	CD8	0.5456444614867392	0.02709135592633693	0.06821091973274968	0.10819835495382438	5
dataset_name-FR-FCM-Z2KP-healthy_seed-420_sub-sampling-1000	lda	1	CD14 monocytes	CD14 monocytes	0.972201864794283	0.02093545328542422	0.004247337988289874	0.042894211571169495	5
dataset_name-FR-FCM-Z2KP-healthy_seed-420_sub-sampling-1000	lda	2	CD19	CD19	0.9866628374494445	0.0015280089082022232	0.0036863532018242204	7.98256322252273e-4	5
dataset_name-FR-FCM-Z2KP-healthy_seed-420_sub-sampling-1000	lda	3	CD3+	CD3+	0.18669612939442448	0.040352936806893114	0.15799106013566813	0.047305641962484664	5
dataset_name-FR-FCM-Z2KP-healthy_seed-420_sub-sampling-1000	lda	4	CD4	CD4	0.9173925633511512	0.07517310550162835	0.02497360280054127	0.13542359370377735	5
dataset_name-FR-FCM-Z2KP-healthy_seed-420_sub-sampling-1000	lda	5	CD8	CD8	0.7573553655400349	0.06190062547658609	0.12649159450040395	0.1179187888763482	5
dataset_name-FR-FCM-Z2KP-healthy_seed-420_sub-sampling-1000	random	1	CD14 monocytes	CD14 monocytes	0.1545057845143337	0.008315707422211379	0.014519182964414687	5.689290702517838e-4	5
dataset_name-FR-FCM-Z2KP-healthy_seed-420_sub-sampling-1000	random	2	CD19	CD19	0.1451505476647199	0.0082192422245036	0.011827930359058039	0.001352759662353244	5
dataset_name-FR-FCM-Z2KP-healthy_seed-420_sub-sampling-1000	random	3	CD3+	CD3+	0.08868376221680847	0.00547728637383585	0.00503596523283864	0.0014784215207437948	5
dataset_name-FR-FCM-Z2KP-healthy_seed-420_sub-sampling-1000	random	4	CD4	CD4	0.252060296792741	0.0030919097075428055	0.023639764883637077	2.461507750301298e-4	5
dataset_name-FR-FCM-Z2KP-healthy_seed-420_sub-sampling-1000	random	5	CD8	CD8	0.15987870668427476	0.0061100741357866355	0.011225180828684535	0.0010224641514176463	5
dataset_name-FR-FCM-Z2KP-healthy_seed-420_sub-sampling-10000	cyanno	1	CD14 monocytes	CD14 monocytes	0.9987791723313867	3.598032528694076e-4	4.667113724747631e-4	5.692212134109837e-4	5
dataset_name-FR-FCM-Z2KP-healthy_seed-420_sub-sampling-10000	cyanno	2	CD19	CD19	0.9972470403401306	3.2547252177105875e-4	8.086271406054177e-4	4.1870085262293107e-4	5
dataset_name-FR-FCM-Z2KP-healthy_seed-420_sub-sampling-10000	cyanno	3	CD3+	CD3+	0.8740499204992824	0.028857161870708577	0.01789060547037075	0.053239184463479	5
dataset_name-FR-FCM-Z2KP-healthy_seed-420_sub-sampling-10000	cyanno	4	CD4	CD4	0.9951106793274527	0.002900402311899148	0.00625228040986036	8.594153189549987e-4	5
dataset_name-FR-FCM-Z2KP-healthy_seed-420_sub-sampling-10000	cyanno	5	CD8	CD8	0.9691122427828486	0.0045111551237563404	0.007288105716615424	0.011293101455659286	5
dataset_name-FR-FCM-Z2KP-healthy_seed-420_sub-sampling-10000	cygate	1	CD14 monocytes	CD14 monocytes	0.9840265658765195	0.00767805386579274	0.004843791899145264	0.011715840347468488	5
dataset_name-FR-FCM-Z2KP-healthy_seed-420_sub-sampling-10000	cygate	2	CD19	CD19	0.9863701617298903	0.006349491838025169	0.008994495891900328	0.007845515407848514	5
dataset_name-FR-FCM-Z2KP-healthy_seed-420_sub-sampling-10000	cygate	3	CD3+	CD3+	0.49731233615111275	0.12922198308886979	0.1796179848728808	0.14606931616273072	5
dataset_name-FR-FCM-Z2KP-healthy_seed-420_sub-sampling-10000	cygate	4	CD4	CD4	0.9682726887621265	0.01162590089949647	0.018270056144959215	0.013809302055563296	5
dataset_name-FR-FCM-Z2KP-healthy_seed-420_sub-sampling-10000	cygate	5	CD8	CD8	0.8176304579076628	0.132191276680237	0.038292490817165	0.21927883564185713	5
dataset_name-FR-FCM-Z2KP-healthy_seed-420_sub-sampling-10000	dgcytof	1	CD14 monocytes	CD14 monocytes	0.9944223117387404	0.0017382172181398608	0.0013657683094828205	0.0037633989904046912	5
dataset_name-FR-FCM-Z2KP-healthy_seed-420_sub-sampling-10000	dgcytof	2	CD19	CD19	0.992546368161807	0.0015204627934787367	0.0031475344496951145	0.0015301892314923064	5
dataset_name-FR-FCM-Z2KP-healthy_seed-420_sub-sampling-10000	dgcytof	3	CD3+	CD3+	0.6407018844019906	0.053726820203123665	0.05209385121678194	0.09204583620643919	5
dataset_name-FR-FCM-Z2KP-healthy_seed-420_sub-sampling-10000	dgcytof	4	CD4	CD4	0.9844944428761395	0.002944986027601927	0.0060365299048929875	0.003494266751729083	5
dataset_name-FR-FCM-Z2KP-healthy_seed-420_sub-sampling-10000	dgcytof	5	CD8	CD8	0.9276850745398139	0.013011748168468455	0.033118180627357476	0.027798038432382276	5
dataset_name-FR-FCM-Z2KP-healthy_seed-420_sub-sampling-10000	gatemeclass[E]	1	CD14 monocytes	CD14 monocytes	0.5452131422763093	0.35827681011312923	0.4290557464838463	0.3742108447560865	5
dataset_name-FR-FCM-Z2KP-healthy_seed-420_sub-sampling-10000	gatemeclass[E]	2	CD19	CD19	0.7844858178277309	0.23824635958955132	0.3365909141349902	0.023385368868656543	5
dataset_name-FR-FCM-Z2KP-healthy_seed-420_sub-sampling-10000	gatemeclass[E]	3	CD3+	CD3+	0.049810247061142336	0.038928567387556644	0.019682920537596463	0.07857576493504295	5
dataset_name-FR-FCM-Z2KP-healthy_seed-420_sub-sampling-10000	gatemeclass[E]	4	CD4	CD4	0.5553622605550241	0.23705503560799163	0.055485494827673676	0.3448162401672395	5
dataset_name-FR-FCM-Z2KP-healthy_seed-420_sub-sampling-10000	gatemeclass[E]	5	CD8	CD8	0.31721452574970904	0.11783176483431204	0.03322761940879192	0.41523937924026705	5
dataset_name-FR-FCM-Z2KP-healthy_seed-420_sub-sampling-10000	gatemeclass[V]	1	CD14 monocytes	CD14 monocytes	0.4743047471011629	0.2725928035292963	0.36902292851140944	0.23411310672875357	5
dataset_name-FR-FCM-Z2KP-healthy_seed-420_sub-sampling-10000	gatemeclass[V]	2	CD19	CD19	0.722646425753237	0.17690179547242454	0.2829738507115104	0.09625612335548162	5
dataset_name-FR-FCM-Z2KP-healthy_seed-420_sub-sampling-10000	gatemeclass[V]	3	CD3+	CD3+	0.11622641909474633	0.08552851141251912	0.12040852920838956	0.11694456808272465	5
dataset_name-FR-FCM-Z2KP-healthy_seed-420_sub-sampling-10000	gatemeclass[V]	4	CD4	CD4	0.5871163714587284	0.39417399690451216	0.08806945281783435	0.5208588258317749	5
dataset_name-FR-FCM-Z2KP-healthy_seed-420_sub-sampling-10000	gatemeclass[V]	5	CD8	CD8	0.0925549390400889	0.1595069836836752	0.04710223863150191	0.34240883732566824	5
dataset_name-FR-FCM-Z2KP-healthy_seed-420_sub-sampling-10000	knn	1	CD14 monocytes	CD14 monocytes	0.9260474003211657	0.02499019089163263	0.06186863068652744	0.0284651929758326	5
dataset_name-FR-FCM-Z2KP-healthy_seed-420_sub-sampling-10000	knn	2	CD19	CD19	0.9380893710080667	0.018317568046364738	0.038085762689013786	0.013112002670157103	5
dataset_name-FR-FCM-Z2KP-healthy_seed-420_sub-sampling-10000	knn	3	CD3+	CD3+	0.24774167094521243	0.005155814814577857	0.010041827288115755	0.06915875863612365	5
dataset_name-FR-FCM-Z2KP-healthy_seed-420_sub-sampling-10000	knn	4	CD4	CD4	0.8188967956210323	0.04033941893691582	0.011489761851847689	0.06802326617579005	5
dataset_name-FR-FCM-Z2KP-healthy_seed-420_sub-sampling-10000	knn	5	CD8	CD8	0.5480273630559345	0.030052047524050555	0.0525819577773332	0.06211941785671306	5
dataset_name-FR-FCM-Z2KP-healthy_seed-420_sub-sampling-10000	lda	1	CD14 monocytes	CD14 monocytes	0.9785315799967452	0.01452841000212997	0.0032730851964728486	0.030206396897874452	5
dataset_name-FR-FCM-Z2KP-healthy_seed-420_sub-sampling-10000	lda	2	CD19	CD19	0.9874832711544367	0.0028442406444042067	0.00649031630558086	9.962150871135414e-4	5
dataset_name-FR-FCM-Z2KP-healthy_seed-420_sub-sampling-10000	lda	3	CD3+	CD3+	0.2447646378994923	0.12131304407433578	0.1764560981332516	0.16191656517648037	5
dataset_name-FR-FCM-Z2KP-healthy_seed-420_sub-sampling-10000	lda	4	CD4	CD4	0.9267888101631775	0.059585550299355715	0.015378211146327406	0.11184045154273517	5
dataset_name-FR-FCM-Z2KP-healthy_seed-420_sub-sampling-10000	lda	5	CD8	CD8	0.7697929903562607	0.0477978105268149	0.05247446672251417	0.05681162120805817	5
dataset_name-FR-FCM-Z2KP-healthy_seed-420_sub-sampling-10000	random	1	CD14 monocytes	CD14 monocytes	0.15460411505236069	0.00789312996565764	0.014210762021533829	7.985329311625701e-4	5
dataset_name-FR-FCM-Z2KP-healthy_seed-420_sub-sampling-10000	random	2	CD19	CD19	0.14456766892886144	0.007133654343322768	0.010862679064131619	0.0010755111353735083	5
dataset_name-FR-FCM-Z2KP-healthy_seed-420_sub-sampling-10000	random	3	CD3+	CD3+	0.0883121002404917	0.006080956420941839	0.005427449232037624	0.0010121419222301248	5
dataset_name-FR-FCM-Z2KP-healthy_seed-420_sub-sampling-10000	random	4	CD4	CD4	0.251303001218459	0.0034215264726708047	0.024354137630435743	4.227906514120786e-4	5
dataset_name-FR-FCM-Z2KP-healthy_seed-420_sub-sampling-10000	random	5	CD8	CD8	0.15998681424255057	0.006134854616198719	0.011417909319690495	9.81204211269262e-4	5
dataset_name-FR-FCM-Z2KP-healthy_seed-420_sub-sampling-100000	cyanno	1	CD14 monocytes	CD14 monocytes	0.9997005935157348	4.5934072383011895e-5	1.6446299457266493e-4	1.541882828955349e-4	5
dataset_name-FR-FCM-Z2KP-healthy_seed-420_sub-sampling-100000	cyanno	2	CD19	CD19	0.9988628580652564	1.5111678207708893e-4	3.95400284902547e-4	2.3142215861183776e-4	5
dataset_name-FR-FCM-Z2KP-healthy_seed-420_sub-sampling-100000	cyanno	3	CD3+	CD3+	0.9241019292478483	0.007559899987641872	0.019527353602360416	0.01631223569200525	5
dataset_name-FR-FCM-Z2KP-healthy_seed-420_sub-sampling-100000	cyanno	4	CD4	CD4	0.9979507282108055	3.9750090875196844e-4	8.773916000494606e-4	4.7711994455875426e-4	5
dataset_name-FR-FCM-Z2KP-healthy_seed-420_sub-sampling-100000	cyanno	5	CD8	CD8	0.9772425120868327	0.004724838534238849	0.005792007549308346	0.009900391878218512	5
dataset_name-FR-FCM-Z2KP-healthy_seed-420_sub-sampling-100000	cygate	1	CD14 monocytes	CD14 monocytes	0.9856310336536315	0.0038871720545950615	0.005553293623427136	0.005784335014189062	5
dataset_name-FR-FCM-Z2KP-healthy_seed-420_sub-sampling-100000	cygate	2	CD19	CD19	0.9907158502822818	0.0031376681251946833	0.008627775145246206	0.0037913677194730015	5
dataset_name-FR-FCM-Z2KP-healthy_seed-420_sub-sampling-100000	cygate	3	CD3+	CD3+	0.4567647503515808	0.13179003989827504	0.18875797437532943	0.09939541986768856	5
dataset_name-FR-FCM-Z2KP-healthy_seed-420_sub-sampling-100000	cygate	4	CD4	CD4	0.967351664146168	0.010480795476928399	0.012249642971487278	0.012410463561233197	5
dataset_name-FR-FCM-Z2KP-healthy_seed-420_sub-sampling-100000	cygate	5	CD8	CD8	0.7828165061363381	0.15170141983458496	0.04035956379269268	0.2360244066743078	5
dataset_name-FR-FCM-Z2KP-healthy_seed-420_sub-sampling-100000	dgcytof	1	CD14 monocytes	CD14 monocytes	0.9979344044791105	2.533485279353335e-4	7.694900354944014e-4	0.001064793032500905	5
dataset_name-FR-FCM-Z2KP-healthy_seed-420_sub-sampling-100000	dgcytof	2	CD19	CD19	0.9957641475779854	5.602930894204781e-4	0.0011449408292639575	4.370591977011429e-4	5
dataset_name-FR-FCM-Z2KP-healthy_seed-420_sub-sampling-100000	dgcytof	3	CD3+	CD3+	0.856558378386039	0.034327154342028696	0.10088780255107559	0.06940857303245425	5
dataset_name-FR-FCM-Z2KP-healthy_seed-420_sub-sampling-100000	dgcytof	4	CD4	CD4	0.9936007755808652	9.545770504757663e-4	0.0010102159336097738	0.002394748862500093	5
dataset_name-FR-FCM-Z2KP-healthy_seed-420_sub-sampling-100000	dgcytof	5	CD8	CD8	0.961265410178429	0.02111328437086828	0.025171353270097827	0.055713963179561954	5
dataset_name-FR-FCM-Z2KP-healthy_seed-420_sub-sampling-100000	gatemeclass[E]	1	CD14 monocytes	CD14 monocytes	0.4003039251415983	0.29369424392683735	0.42158913271917964	0.450254414067419	5
dataset_name-FR-FCM-Z2KP-healthy_seed-420_sub-sampling-100000	gatemeclass[E]	2	CD19	CD19	0.7922679592473049	0.1843671834787241	0.2731115961356131	0.030812705281166298	5
dataset_name-FR-FCM-Z2KP-healthy_seed-420_sub-sampling-100000	gatemeclass[E]	3	CD3+	CD3+	0.06593429746319283	0.0618218357918276	0.03407223319175977	0.1352006993138907	5
dataset_name-FR-FCM-Z2KP-healthy_seed-420_sub-sampling-100000	gatemeclass[E]	4	CD4	CD4	0.39255458834828766	0.33488448154696676	0.141558829299803	0.34200913349772205	5
dataset_name-FR-FCM-Z2KP-healthy_seed-420_sub-sampling-100000	gatemeclass[E]	5	CD8	CD8	0.22970721723594337	0.19890621696718133	0.03644653234972729	0.45436534940795575	5
dataset_name-FR-FCM-Z2KP-healthy_seed-420_sub-sampling-100000	gatemeclass[V]	1	CD14 monocytes	CD14 monocytes	0.39185337314825963	0.3209531439224447	0.46048550192788984	0.29313215807750537	5
dataset_name-FR-FCM-Z2KP-healthy_seed-420_sub-sampling-100000	gatemeclass[V]	2	CD19	CD19	0.6175553102031683	0.21787484926652773	0.33439466165005866	0.127480681160596	5
dataset_name-FR-FCM-Z2KP-healthy_seed-420_sub-sampling-100000	gatemeclass[V]	3	CD3+	CD3+	0.06967322996760816	0.09496959347697921	0.11961145377945354	0.0682402211350383	5
dataset_name-FR-FCM-Z2KP-healthy_seed-420_sub-sampling-100000	gatemeclass[V]	4	CD4	CD4	0.5514295050466655	0.34509154677547044	0.137355204704048	0.5011227467454469	5
dataset_name-FR-FCM-Z2KP-healthy_seed-420_sub-sampling-100000	gatemeclass[V]	5	CD8	CD8	0.1083062576810546	0.18205495003165062	0.015383021520508135	0.4162182706321094	5
dataset_name-FR-FCM-Z2KP-healthy_seed-420_sub-sampling-100000	knn	1	CD14 monocytes	CD14 monocytes	0.9228549224483388	0.025729388723303836	0.06243720977522084	0.019912173469471606	5
dataset_name-FR-FCM-Z2KP-healthy_seed-420_sub-sampling-100000	knn	2	CD19	CD19	0.9372454161830223	0.01639802081002792	0.036410366882851576	0.011378301811128264	5
dataset_name-FR-FCM-Z2KP-healthy_seed-420_sub-sampling-100000	knn	3	CD3+	CD3+	0.262633882696722	0.032214400884871965	0.016553465380130326	0.10427249455911437	5
dataset_name-FR-FCM-Z2KP-healthy_seed-420_sub-sampling-100000	knn	4	CD4	CD4	0.8273754234225151	0.024894080585910174	0.014011248312977462	0.044201656438700124	5
dataset_name-FR-FCM-Z2KP-healthy_seed-420_sub-sampling-100000	knn	5	CD8	CD8	0.5417347622380263	0.040276184438737934	0.05196497732945473	0.050148235349144116	5
dataset_name-FR-FCM-Z2KP-healthy_seed-420_sub-sampling-100000	lda	1	CD14 monocytes	CD14 monocytes	0.9784166080974936	0.014292494184933481	0.0028345087648156283	0.029613305458720946	5
dataset_name-FR-FCM-Z2KP-healthy_seed-420_sub-sampling-100000	lda	2	CD19	CD19	0.9873380950155979	0.0028110701132002657	0.006221695724904964	7.799544267309479e-4	5
dataset_name-FR-FCM-Z2KP-healthy_seed-420_sub-sampling-100000	lda	3	CD3+	CD3+	0.24204551512834652	0.12917725375503583	0.18701858804797283	0.16687542274622638	5
dataset_name-FR-FCM-Z2KP-healthy_seed-420_sub-sampling-100000	lda	4	CD4	CD4	0.922144845814142	0.07035699417598075	0.01408062784924829	0.12625627868431377	5
dataset_name-FR-FCM-Z2KP-healthy_seed-420_sub-sampling-100000	lda	5	CD8	CD8	0.7657581037741592	0.037025119407094555	0.07756173252059226	0.043456341089611404	5
dataset_name-FR-FCM-Z2KP-healthy_seed-420_sub-sampling-100000	random	1	CD14 monocytes	CD14 monocytes	0.15434673314466882	0.008493183353888102	0.014766658009493935	8.340099963763225e-4	5
dataset_name-FR-FCM-Z2KP-healthy_seed-420_sub-sampling-100000	random	2	CD19	CD19	0.1454234356682806	0.008031943398750267	0.011792475283294109	7.861429427299289e-4	5
dataset_name-FR-FCM-Z2KP-healthy_seed-420_sub-sampling-100000	random	3	CD3+	CD3+	0.08832247729906954	0.006054726155000579	0.00539330222804437	0.0010736975266425882	5
dataset_name-FR-FCM-Z2KP-healthy_seed-420_sub-sampling-100000	random	4	CD4	CD4	0.25210196105800237	0.003185965116869556	0.024070167512061227	5.393779764425472e-4	5
dataset_name-FR-FCM-Z2KP-healthy_seed-420_sub-sampling-100000	random	5	CD8	CD8	0.15901786283698033	0.0057077846510371994	0.011094638078898655	9.670910173186313e-4	5
dataset_name-FR-FCM-Z2KP-healthy_seed-420_sub-sampling-5000	cyanno	1	CD14 monocytes	CD14 monocytes	0.9968237867868792	7.689217403252824e-4	0.0013125058666121204	5.41617760228338e-4	5
dataset_name-FR-FCM-Z2KP-healthy_seed-420_sub-sampling-5000	cyanno	2	CD19	CD19	0.994333014173577	0.001128762318672428	0.0024948538760797027	0.001234528152417996	5
dataset_name-FR-FCM-Z2KP-healthy_seed-420_sub-sampling-5000	cyanno	3	CD3+	CD3+	0.8350763296213763	0.05833305933763968	0.03290070418621263	0.09383060943016923	5
dataset_name-FR-FCM-Z2KP-healthy_seed-420_sub-sampling-5000	cyanno	4	CD4	CD4	0.9922732933648554	0.005137249500425949	0.010901732700994529	8.870917858616672e-4	5
dataset_name-FR-FCM-Z2KP-healthy_seed-420_sub-sampling-5000	cyanno	5	CD8	CD8	0.9654915589366856	0.006430716740315425	0.008217481888807977	0.016642905891850687	5
dataset_name-FR-FCM-Z2KP-healthy_seed-420_sub-sampling-5000	cygate	1	CD14 monocytes	CD14 monocytes	0.9830374115377134	0.008857850584945143	0.004696682044206133	0.013018728837969312	5
dataset_name-FR-FCM-Z2KP-healthy_seed-420_sub-sampling-5000	cygate	2	CD19	CD19	0.989755593595166	0.003296931885653301	0.00766392153700121	0.001780063560058601	5
dataset_name-FR-FCM-Z2KP-healthy_seed-420_sub-sampling-5000	cygate	3	CD3+	CD3+	0.35734022185841924	0.12318782914234702	0.1892014210857123	0.18978390350460844	5
dataset_name-FR-FCM-Z2KP-healthy_seed-420_sub-sampling-5000	cygate	4	CD4	CD4	0.96583135517357	0.007812296081749794	0.015597784130469057	0.010969165573996005	5
dataset_name-FR-FCM-Z2KP-healthy_seed-420_sub-sampling-5000	cygate	5	CD8	CD8	0.7898325705464126	0.09985601368874462	0.045541070318010184	0.1647812072984872	5
dataset_name-FR-FCM-Z2KP-healthy_seed-420_sub-sampling-5000	dgcytof	1	CD14 monocytes	CD14 monocytes	0.9908911862104104	0.0022321653865022646	9.303290509697247e-4	0.004941212519368341	5
dataset_name-FR-FCM-Z2KP-healthy_seed-420_sub-sampling-5000	dgcytof	2	CD19	CD19	0.9904148873806775	0.0013869040979237782	0.004903720118768134	0.0036999736604860257	5
dataset_name-FR-FCM-Z2KP-healthy_seed-420_sub-sampling-5000	dgcytof	3	CD3+	CD3+	0.5120775955597592	0.08461811458669681	0.05577696237424194	0.12632056105608194	5
dataset_name-FR-FCM-Z2KP-healthy_seed-420_sub-sampling-5000	dgcytof	4	CD4	CD4	0.9816654763710063	0.002069372423957614	0.004991961718263498	0.0038168249864002327	5
dataset_name-FR-FCM-Z2KP-healthy_seed-420_sub-sampling-5000	dgcytof	5	CD8	CD8	0.9028013170309954	0.009400247576908253	0.04529431558882289	0.04491518803813548	5
dataset_name-FR-FCM-Z2KP-healthy_seed-420_sub-sampling-5000	gatemeclass[E]	1	CD14 monocytes	CD14 monocytes	0.577552880628316	0.26257457381074295	0.3619530253100551	0.31497616735737205	5
dataset_name-FR-FCM-Z2KP-healthy_seed-420_sub-sampling-5000	gatemeclass[E]	2	CD19	CD19	0.8299100182901716	0.17670245730423506	0.2524053625406575	0.02889320111836939	5
dataset_name-FR-FCM-Z2KP-healthy_seed-420_sub-sampling-5000	gatemeclass[E]	3	CD3+	CD3+	0.06598229984282641	0.06838123335885599	0.07743573782397532	0.049902111912596504	5
dataset_name-FR-FCM-Z2KP-healthy_seed-420_sub-sampling-5000	gatemeclass[E]	4	CD4	CD4	0.572563260832116	0.20269831439957778	0.07368826546456864	0.3568553949907804	5
dataset_name-FR-FCM-Z2KP-healthy_seed-420_sub-sampling-5000	gatemeclass[E]	5	CD8	CD8	0.3014200878685311	0.10175338695715086	0.045672901141064044	0.35313788693951403	5
dataset_name-FR-FCM-Z2KP-healthy_seed-420_sub-sampling-5000	gatemeclass[V]	1	CD14 monocytes	CD14 monocytes	0.503338012302814	0.28275951785215603	0.3434024362481079	0.28640391600308507	5
dataset_name-FR-FCM-Z2KP-healthy_seed-420_sub-sampling-5000	gatemeclass[V]	2	CD19	CD19	0.6705350027833118	0.13235724385688533	0.23380413146248097	0.18932533431813295	5
dataset_name-FR-FCM-Z2KP-healthy_seed-420_sub-sampling-5000	gatemeclass[V]	3	CD3+	CD3+	0.10731905880833835	0.09010796877049561	0.13130159209555556	0.4054298790980558	5
dataset_name-FR-FCM-Z2KP-healthy_seed-420_sub-sampling-5000	gatemeclass[V]	4	CD4	CD4	0.4147347707421491	0.32246409597472814	0.09131400746021566	0.431468434147798	5
dataset_name-FR-FCM-Z2KP-healthy_seed-420_sub-sampling-5000	gatemeclass[V]	5	CD8	CD8	0.14512605156329406	0.1604496107259773	0.32807136187194036	0.3386919036154898	5
dataset_name-FR-FCM-Z2KP-healthy_seed-420_sub-sampling-5000	knn	1	CD14 monocytes	CD14 monocytes	0.928653424387702	0.012009804458019989	0.037935782046475526	0.02259384100040376	5
dataset_name-FR-FCM-Z2KP-healthy_seed-420_sub-sampling-5000	knn	2	CD19	CD19	0.9303258285791005	0.015628319390067803	0.027633765878422072	0.023809159689462726	5
dataset_name-FR-FCM-Z2KP-healthy_seed-420_sub-sampling-5000	knn	3	CD3+	CD3+	0.2510426339993822	0.014048729865357162	0.00884622426907689	0.05169784682585246	5
dataset_name-FR-FCM-Z2KP-healthy_seed-420_sub-sampling-5000	knn	4	CD4	CD4	0.833157780754083	0.03240111684318815	0.012149602590347986	0.05501320556347468	5
dataset_name-FR-FCM-Z2KP-healthy_seed-420_sub-sampling-5000	knn	5	CD8	CD8	0.5644894797772785	0.031963334242984746	0.060836660734424744	0.05694371821416903	5
dataset_name-FR-FCM-Z2KP-healthy_seed-420_sub-sampling-5000	lda	1	CD14 monocytes	CD14 monocytes	0.9784365850456306	0.013145001419101174	0.00246959577070315	0.027313497609624704	5
dataset_name-FR-FCM-Z2KP-healthy_seed-420_sub-sampling-5000	lda	2	CD19	CD19	0.987319705606077	0.0025378472260084387	0.005706373490644694	8.128712164253547e-4	5
dataset_name-FR-FCM-Z2KP-healthy_seed-420_sub-sampling-5000	lda	3	CD3+	CD3+	0.21519625740821208	0.08039095016480993	0.18512746738252422	0.13999390726514488	5
dataset_name-FR-FCM-Z2KP-healthy_seed-420_sub-sampling-5000	lda	4	CD4	CD4	0.9224342063626013	0.06557625922726346	0.012779305247009428	0.11854388890761111	5
dataset_name-FR-FCM-Z2KP-healthy_seed-420_sub-sampling-5000	lda	5	CD8	CD8	0.762311865508328	0.07135984786108815	0.07491677266800499	0.12088950664511221	5
dataset_name-FR-FCM-Z2KP-healthy_seed-420_sub-sampling-5000	random	1	CD14 monocytes	CD14 monocytes	0.15448179723880442	0.0079812549482618355	0.014365904334790505	7.584633723554191e-4	5
dataset_name-FR-FCM-Z2KP-healthy_seed-420_sub-sampling-5000	random	2	CD19	CD19	0.14526362766720036	0.007435699438867201	0.011177236187124245	8.207799387637321e-4	5
dataset_name-FR-FCM-Z2KP-healthy_seed-420_sub-sampling-5000	random	3	CD3+	CD3+	0.08832437191621721	0.006055797606410609	0.005395162180671523	0.0010801263939643226	5
dataset_name-FR-FCM-Z2KP-healthy_seed-420_sub-sampling-5000	random	4	CD4	CD4	0.2517102797088646	0.0031233050459664115	0.024042161327191378	5.10198734792066e-4	5
dataset_name-FR-FCM-Z2KP-healthy_seed-420_sub-sampling-5000	random	5	CD8	CD8	0.15949114640271517	0.0060106980743688575	0.011255137533039082	0.0014354661465209807	5
dataset_name-FR-FCM-Z2KP-healthy_seed-420_sub-sampling-50000	cyanno	1	CD14 monocytes	CD14 monocytes	0.9996199278386957	1.1995451096433069e-4	1.3695042888282825e-4	2.6489607258576274e-4	5
dataset_name-FR-FCM-Z2KP-healthy_seed-420_sub-sampling-50000	cyanno	2	CD19	CD19	0.9984226086003826	3.13252055060175e-4	4.351594826054684e-4	3.308498581196242e-4	5
dataset_name-FR-FCM-Z2KP-healthy_seed-420_sub-sampling-50000	cyanno	3	CD3+	CD3+	0.9114217794213909	0.008395112393482099	0.015210515850023597	0.01932386762338463	5
dataset_name-FR-FCM-Z2KP-healthy_seed-420_sub-sampling-50000	cyanno	4	CD4	CD4	0.9975002305804496	4.957168936709462e-4	9.364035906965048e-4	4.913126720425045e-4	5
dataset_name-FR-FCM-Z2KP-healthy_seed-420_sub-sampling-50000	cyanno	5	CD8	CD8	0.9743265934459955	0.004240879886234498	0.006293750285231957	0.008138921338657311	5
dataset_name-FR-FCM-Z2KP-healthy_seed-420_sub-sampling-50000	cygate	1	CD14 monocytes	CD14 monocytes	0.982390642590982	0.007563403799079917	0.005756203829325491	0.012890338922513397	5
dataset_name-FR-FCM-Z2KP-healthy_seed-420_sub-sampling-50000	cygate	2	CD19	CD19	0.9900412773884816	0.003676097460513835	0.010355128432888897	0.004076191909317014	5
dataset_name-FR-FCM-Z2KP-healthy_seed-420_sub-sampling-50000	cygate	3	CD3+	CD3+	0.45006835081033536	0.15676175475759277	0.20879575485914215	0.13314415748762934	5
dataset_name-FR-FCM-Z2KP-healthy_seed-420_sub-sampling-50000	cygate	4	CD4	CD4	0.9672416457927999	0.010504522601292558	0.0122736027668354	0.012605462344576391	5
dataset_name-FR-FCM-Z2KP-healthy_seed-420_sub-sampling-50000	cygate	5	CD8	CD8	0.7937329417578844	0.16207260607689347	0.04395309678363879	0.2547880155272904	5
dataset_name-FR-FCM-Z2KP-healthy_seed-420_sub-sampling-50000	dgcytof	1	CD14 monocytes	CD14 monocytes	0.9964017794629666	0.00106305754949062	0.0033499531801564706	0.0027664541760226463	5
dataset_name-FR-FCM-Z2KP-healthy_seed-420_sub-sampling-50000	dgcytof	2	CD19	CD19	0.9940367332233073	0.001017616586598076	0.002835376530626126	0.003879869938075355	5
dataset_name-FR-FCM-Z2KP-healthy_seed-420_sub-sampling-50000	dgcytof	3	CD3+	CD3+	0.8465842928583672	0.04615796227302739	0.04656487486563601	0.0784217325250184	5
dataset_name-FR-FCM-Z2KP-healthy_seed-420_sub-sampling-50000	dgcytof	4	CD4	CD4	0.9918611508123999	0.0033735501872159722	0.007568705745891271	0.001817138725429261	5
dataset_name-FR-FCM-Z2KP-healthy_seed-420_sub-sampling-50000	dgcytof	5	CD8	CD8	0.9666696707721943	0.010428259525551967	0.013362693936798098	0.020266080817283424	5
dataset_name-FR-FCM-Z2KP-healthy_seed-420_sub-sampling-50000	gatemeclass[E]	1	CD14 monocytes	CD14 monocytes	0.6397613626387033	0.36319063095102294	0.3365858622740134	0.37521452989559073	5
dataset_name-FR-FCM-Z2KP-healthy_seed-420_sub-sampling-50000	gatemeclass[E]	2	CD19	CD19	0.955488906057994	0.012347980784389078	0.03122747522382453	0.02524851044286435	5
dataset_name-FR-FCM-Z2KP-healthy_seed-420_sub-sampling-50000	gatemeclass[E]	3	CD3+	CD3+	0.13444960979640272	0.045911731518003596	0.09831654369967045	0.09942428926875845	5
dataset_name-FR-FCM-Z2KP-healthy_seed-420_sub-sampling-50000	gatemeclass[E]	4	CD4	CD4	0.6412110820876931	0.3053028153837997	0.033982284118347084	0.4514735255302608	5
dataset_name-FR-FCM-Z2KP-healthy_seed-420_sub-sampling-50000	gatemeclass[E]	5	CD8	CD8	0.1862421426631354	0.1625429084512636	0.049736173049004594	0.3578380308547803	5
dataset_name-FR-FCM-Z2KP-healthy_seed-420_sub-sampling-50000	gatemeclass[V]	1	CD14 monocytes	CD14 monocytes	0.4490953724628652	0.31991584847894927	0.37088619808712564	0.3072155159004227	5
dataset_name-FR-FCM-Z2KP-healthy_seed-420_sub-sampling-50000	gatemeclass[V]	2	CD19	CD19	0.6596225261268925	0.1558582019797435	0.25703119886463116	0.12041444353087792	5
dataset_name-FR-FCM-Z2KP-healthy_seed-420_sub-sampling-50000	gatemeclass[V]	3	CD3+	CD3+	0.11162042030616842	0.06889524573328952	0.13486116614952784	0.0887150966071485	5
dataset_name-FR-FCM-Z2KP-healthy_seed-420_sub-sampling-50000	gatemeclass[V]	4	CD4	CD4	0.5713553906174427	0.3815305417313881	0.2783558040232098	0.4986105085379587	5
dataset_name-FR-FCM-Z2KP-healthy_seed-420_sub-sampling-50000	gatemeclass[V]	5	CD8	CD8	0.10706062512379826	0.18541538260610443	0.17487846759946757	0.4139600571310787	5
dataset_name-FR-FCM-Z2KP-healthy_seed-420_sub-sampling-50000	knn	1	CD14 monocytes	CD14 monocytes	0.9307534007846606	0.012461999984360756	0.036778642664977594	0.01896162158950898	5
dataset_name-FR-FCM-Z2KP-healthy_seed-420_sub-sampling-50000	knn	2	CD19	CD19	0.9390340402430257	0.016066494766097606	0.03537745777912479	0.014909567884205966	5
dataset_name-FR-FCM-Z2KP-healthy_seed-420_sub-sampling-50000	knn	3	CD3+	CD3+	0.2576975580908394	0.02055759702166283	0.009852339130571364	0.08657400263241963	5
dataset_name-FR-FCM-Z2KP-healthy_seed-420_sub-sampling-50000	knn	4	CD4	CD4	0.815608299662302	0.045456595698306575	0.01352940066241735	0.07543202631611058	5
dataset_name-FR-FCM-Z2KP-healthy_seed-420_sub-sampling-50000	knn	5	CD8	CD8	0.5243298570639185	0.02896377378652522	0.056249746086174626	0.044014017982977806	5
dataset_name-FR-FCM-Z2KP-healthy_seed-420_sub-sampling-50000	lda	1	CD14 monocytes	CD14 monocytes	0.9782293396766062	0.0141551604567112	0.0033196013851267483	0.029545560880149074	5
dataset_name-FR-FCM-Z2KP-healthy_seed-420_sub-sampling-50000	lda	2	CD19	CD19	0.9874215259292078	0.002889248053227691	0.006404842898732241	8.286715304542285e-4	5
dataset_name-FR-FCM-Z2KP-healthy_seed-420_sub-sampling-50000	lda	3	CD3+	CD3+	0.23691884568373017	0.11820519789085994	0.18039800432696723	0.1513728643607535	5
dataset_name-FR-FCM-Z2KP-healthy_seed-420_sub-sampling-50000	lda	4	CD4	CD4	0.9239223169049741	0.06668708764955615	0.014587738939188011	0.1214196939852248	5
dataset_name-FR-FCM-Z2KP-healthy_seed-420_sub-sampling-50000	lda	5	CD8	CD8	0.7654177811273695	0.03816150808083557	0.06633508193637785	0.045399700308872984	5
dataset_name-FR-FCM-Z2KP-healthy_seed-420_sub-sampling-50000	random	1	CD14 monocytes	CD14 monocytes	0.153907425641525	0.007698221105360324	0.013968199149238993	0.0010530431328772511	5
dataset_name-FR-FCM-Z2KP-healthy_seed-420_sub-sampling-50000	random	2	CD19	CD19	0.14517026733044577	0.007451581430133595	0.011145939079479349	0.0014444112364758995	5
dataset_name-FR-FCM-Z2KP-healthy_seed-420_sub-sampling-50000	random	3	CD3+	CD3+	0.08821371034556097	0.005043467277458966	0.004715448967973072	0.0013353525168869908	5
dataset_name-FR-FCM-Z2KP-healthy_seed-420_sub-sampling-50000	random	4	CD4	CD4	0.25214963318795247	0.003171313065711917	0.02406076105886909	5.194014839723153e-4	5
dataset_name-FR-FCM-Z2KP-healthy_seed-420_sub-sampling-50000	random	5	CD8	CD8	0.1591439399356708	0.005828361832800071	0.01114310588962034	7.58947563709837e-4	5
dataset_name-FR-FCM-Z3YR_seed-42	cyanno	1	/Granulocytes	/Granulocytes	0.9998741364445863	1.629096031296007e-4	2.779971454620623e-4	6.34344325246007e-5	5
dataset_name-FR-FCM-Z3YR_seed-42	cyanno	10	/PBMC/CD3-CD19-/CD7hi cells/NK cells CD56 mid	/PBMC/CD3-CD19-/CD7hi cells/NK cells CD56 mid	0.995396236995994	0.004986895680468463	0.007483601477548895	0.002557027119971891	5
dataset_name-FR-FCM-Z3YR_seed-42	cyanno	11	/PBMC/CD3-CD19-/CD7low cells/CD11c hi HLADR hi/Monocytes CD14hi	/PBMC/CD3-CD19-/CD7low cells/CD11c hi HLADR hi/Monocytes CD14hi	0.996708391554262	0.001916572245402866	0.0033402650071569034	6.791662340441888e-4	5
dataset_name-FR-FCM-Z3YR_seed-42	cyanno	12	/PBMC/CD3-CD19-/CD7low cells/CD11c hi HLADR hi/Monocytes CD14mid	/PBMC/CD3-CD19-/CD7low cells/CD11c hi HLADR hi/Monocytes CD14mid	0.9426657907886612	0.02937061111105638	0.010114256195224446	0.048567816943598886	5
dataset_name-FR-FCM-Z3YR_seed-42	cyanno	13	/PBMC/CD3-CD19-/CD7low cells/CD11c hi HLADR hi/Monocytes non-class	/PBMC/CD3-CD19-/CD7low cells/CD11c hi HLADR hi/Monocytes non-class	0.9899591638003968	0.009072681142999953	0.011011818277431912	0.007412000443762647	5
dataset_name-FR-FCM-Z3YR_seed-42	cyanno	14	/PBMC/CD3-CD19-/CD7low cells/CD11c hi HLADR hi/cDC/cDC1	/PBMC/CD3-CD19-/CD7low cells/CD11c hi HLADR hi/cDC/cDC1	0.8859020634015813	0.17499681938508949	6.116053519668971e-4	0.42703071658734704	5
dataset_name-FR-FCM-Z3YR_seed-42	cyanno	15	/PBMC/CD3-CD19-/CD7low cells/CD11c hi HLADR hi/cDC/cDC2	/PBMC/CD3-CD19-/CD7low cells/CD11c hi HLADR hi/cDC/cDC2	0.9862226092521231	0.012719785954385205	0.01819825101121287	0.007982749811743415	5
dataset_name-FR-FCM-Z3YR_seed-42	cyanno	16	/PBMC/CD3-CD19-/CD7low cells/CD11c low HLADR hi/pDC	/PBMC/CD3-CD19-/CD7low cells/CD11c low HLADR hi/pDC	0.9791300818797731	0.019369711371155736	0.0327559296390144	0.006092734169910106	5
dataset_name-FR-FCM-Z3YR_seed-42	cyanno	17	/PBMC/CD3-CD19-/CD7low cells/CD11c low HLADR low/Basophils	/PBMC/CD3-CD19-/CD7low cells/CD11c low HLADR low/Basophils	0.9981992057947745	0.0010346965160202314	0.0018060558875571348	3.132109832211219e-4	5
dataset_name-FR-FCM-Z3YR_seed-42	cyanno	18	/PBMC/T cells/NKT cells	/PBMC/T cells/NKT cells	NA	NA	NA	0	5
dataset_name-FR-FCM-Z3YR_seed-42	cyanno	19	/PBMC/T cells/T cells CD4/T cells CM	/PBMC/T cells/T cells CD4/T cells CM	0.9987507057549936	0.0014067686716506523	0.0024737411522374885	4.2567101353362547e-4	5
dataset_name-FR-FCM-Z3YR_seed-42	cyanno	2	/PBMC/B cells/B cells DN	/PBMC/B cells/B cells DN	0.9742788542948685	0.014227826697368795	0.010905716951769888	0.019805869032326593	5
dataset_name-FR-FCM-Z3YR_seed-42	cyanno	20	/PBMC/T cells/T cells CD4/T cells EM	/PBMC/T cells/T cells CD4/T cells EM	0.9928756976287728	0.00656345822169946	0.007099014955319001	0.006060805109869769	5
dataset_name-FR-FCM-Z3YR_seed-42	cyanno	21	/PBMC/T cells/T cells CD4/T cells Naive	/PBMC/T cells/T cells CD4/T cells Naive	0.998871335594652	0.001047437388758819	0.0017636893918676567	4.0778361082441334e-4	5
dataset_name-FR-FCM-Z3YR_seed-42	cyanno	22	/PBMC/T cells/T cells CD4/T cells TEMRA	/PBMC/T cells/T cells CD4/T cells TEMRA	0.6008582572177623	0.4393083693101527	0.05375069346132771	0.43326465297224837	5
dataset_name-FR-FCM-Z3YR_seed-42	cyanno	23	/PBMC/T cells/T cells CD4hiCD8hi	/PBMC/T cells/T cells CD4hiCD8hi	0.9341767618450734	0.06680270905014865	0.01070202955888101	0.11227754430478597	5
dataset_name-FR-FCM-Z3YR_seed-42	cyanno	24	/PBMC/T cells/T cells CD4lowCD8low	/PBMC/T cells/T cells CD4lowCD8low	0.9952891510430888	0.004836074073933432	0.006683723186333345	0.0029761998419411506	5
dataset_name-FR-FCM-Z3YR_seed-42	cyanno	25	/PBMC/T cells/T cells CD8/T cells CM	/PBMC/T cells/T cells CD8/T cells CM	0.9968865648552204	0.0032106979012852485	0.003592257376857681	0.0033181600605224817	5
dataset_name-FR-FCM-Z3YR_seed-42	cyanno	26	/PBMC/T cells/T cells CD8/T cells EM	/PBMC/T cells/T cells CD8/T cells EM	0.9904810313955774	0.009220733030071303	0.003426371085332839	0.016125483396905983	5
dataset_name-FR-FCM-Z3YR_seed-42	cyanno	27	/PBMC/T cells/T cells CD8/T cells Naive	/PBMC/T cells/T cells CD8/T cells Naive	0.9973178678876992	0.002425545371262896	0.0028368207246108777	0.0025859555311890663	5
dataset_name-FR-FCM-Z3YR_seed-42	cyanno	28	/PBMC/T cells/T cells CD8/T cells TEMRA	/PBMC/T cells/T cells CD8/T cells TEMRA	0.9795533441306514	0.022074847464818068	0.0046999538434359615	0.04128061622587509	5
dataset_name-FR-FCM-Z3YR_seed-42	cyanno	3	/PBMC/B cells/B cells NSM	/PBMC/B cells/B cells NSM	0.98548080516801	0.016486745623164115	0.0020710608128238447	0.032132942841437195	5
dataset_name-FR-FCM-Z3YR_seed-42	cyanno	4	/PBMC/B cells/B cells Naive/B cells TR	/PBMC/B cells/B cells Naive/B cells TR	0.9855102878084034	0.015271575339072457	0.0066232446155402675	0.024192165812353957	5
dataset_name-FR-FCM-Z3YR_seed-42	cyanno	5	/PBMC/B cells/B cells SWME/B cells CD27hi CD20hi	/PBMC/B cells/B cells SWME/B cells CD27hi CD20hi	0.9879542153588766	0.011102241302698518	0.018081649674645348	0.003939233292374806	5
dataset_name-FR-FCM-Z3YR_seed-42	cyanno	6	/PBMC/B cells/B cells SWME/B cells PB	/PBMC/B cells/B cells SWME/B cells PB	0.865690062441236	0.12147340590663844	0.13111724958184978	0.1370606130242157	5
dataset_name-FR-FCM-Z3YR_seed-42	cyanno	7	/PBMC/B cells/B cells SWME/B cells PC	/PBMC/B cells/B cells SWME/B cells PC	0.9034938192939532	0.09909001839393868	0.023111382537701633	0.17053228100034018	5
dataset_name-FR-FCM-Z3YR_seed-42	cyanno	8	/PBMC/CD3 CD19 DP	/PBMC/CD3 CD19 DP	0.9838751035960256	0.007281178844686132	0.004059561698032032	0.011414051583378802	5
dataset_name-FR-FCM-Z3YR_seed-42	cyanno	9	/PBMC/CD3-CD19-/CD7hi cells/NK cells CD56 hi	/PBMC/CD3-CD19-/CD7hi cells/NK cells CD56 hi	0.9334284297487058	0.09084707601783397	0.006072533085141577	0.14510992472832462	5
dataset_name-FR-FCM-Z3YR_seed-42	cygate	1	/Granulocytes	/Granulocytes	0.9970030690859144	0.0018573579640561646	1.4983285170512564e-4	0.0038395077365340124	5
dataset_name-FR-FCM-Z3YR_seed-42	cygate	10	/PBMC/CD3-CD19-/CD7hi cells/NK cells CD56 mid	/PBMC/CD3-CD19-/CD7hi cells/NK cells CD56 mid	0.9498225932068666	6.903631935106607e-4	6.189304661153999e-4	0.0011190374094114726	5
dataset_name-FR-FCM-Z3YR_seed-42	cygate	11	/PBMC/CD3-CD19-/CD7low cells/CD11c hi HLADR hi/Monocytes CD14hi	/PBMC/CD3-CD19-/CD7low cells/CD11c hi HLADR hi/Monocytes CD14hi	0.93962813340573	0.027855630320168245	0.010081890311986766	0.055912311580328375	5
dataset_name-FR-FCM-Z3YR_seed-42	cygate	12	/PBMC/CD3-CD19-/CD7low cells/CD11c hi HLADR hi/Monocytes CD14mid	/PBMC/CD3-CD19-/CD7low cells/CD11c hi HLADR hi/Monocytes CD14mid	0.47247693011039543	0.09369353784931937	0.11253876699805819	0.05547995605557677	5
dataset_name-FR-FCM-Z3YR_seed-42	cygate	13	/PBMC/CD3-CD19-/CD7low cells/CD11c hi HLADR hi/Monocytes non-class	/PBMC/CD3-CD19-/CD7low cells/CD11c hi HLADR hi/Monocytes non-class	0.49868267814426	0.04870569920810923	0.12092307964824729	0.04294816942402845	5
dataset_name-FR-FCM-Z3YR_seed-42	cygate	14	/PBMC/CD3-CD19-/CD7low cells/CD11c hi HLADR hi/cDC/cDC1	/PBMC/CD3-CD19-/CD7low cells/CD11c hi HLADR hi/cDC/cDC1	0.6263907164096763	0.2714241132407962	0.3066873481936929	0.3475334826177768	5
dataset_name-FR-FCM-Z3YR_seed-42	cygate	15	/PBMC/CD3-CD19-/CD7low cells/CD11c hi HLADR hi/cDC/cDC2	/PBMC/CD3-CD19-/CD7low cells/CD11c hi HLADR hi/cDC/cDC2	0.8884769517204858	0.022792149781929325	0.03236689402605575	0.036317639210507034	5
dataset_name-FR-FCM-Z3YR_seed-42	cygate	16	/PBMC/CD3-CD19-/CD7low cells/CD11c low HLADR hi/pDC	/PBMC/CD3-CD19-/CD7low cells/CD11c low HLADR hi/pDC	0.921220880317779	0.009021235337324969	0.01726278353254979	0.003563195740926765	5
dataset_name-FR-FCM-Z3YR_seed-42	cygate	17	/PBMC/CD3-CD19-/CD7low cells/CD11c low HLADR low/Basophils	/PBMC/CD3-CD19-/CD7low cells/CD11c low HLADR low/Basophils	0.9887552753284988	0.010716815507355777	0.01667847604944797	0.00449552364093748	5
dataset_name-FR-FCM-Z3YR_seed-42	cygate	18	/PBMC/T cells/NKT cells	/PBMC/T cells/NKT cells	0.010554411965331387	0.012043460539614534	0.006284591026453455	0.12429286270495708	5
dataset_name-FR-FCM-Z3YR_seed-42	cygate	19	/PBMC/T cells/T cells CD4/T cells CM	/PBMC/T cells/T cells CD4/T cells CM	0.9735510877963373	0.009071428944176459	8.411198627314738e-4	0.018090657475400767	5
dataset_name-FR-FCM-Z3YR_seed-42	cygate	2	/PBMC/B cells/B cells DN	/PBMC/B cells/B cells DN	0.3752231639411102	0.24264452453469673	0.019728154693750503	0.1937394668025404	5
dataset_name-FR-FCM-Z3YR_seed-42	cygate	20	/PBMC/T cells/T cells CD4/T cells EM	/PBMC/T cells/T cells CD4/T cells EM	0.9684880814407928	0.005957105136175142	0.016986610498341125	0.007882175530890368	5
dataset_name-FR-FCM-Z3YR_seed-42	cygate	21	/PBMC/T cells/T cells CD4/T cells Naive	/PBMC/T cells/T cells CD4/T cells Naive	0.970289203207243	0.0014685432289355184	0.003198983543858805	4.525543079209693e-4	5
dataset_name-FR-FCM-Z3YR_seed-42	cygate	22	/PBMC/T cells/T cells CD4/T cells TEMRA	/PBMC/T cells/T cells CD4/T cells TEMRA	0.008122693101385905	0.01235848142085673	0.007496258157893421	0.028551307565881368	5
dataset_name-FR-FCM-Z3YR_seed-42	cygate	23	/PBMC/T cells/T cells CD4hiCD8hi	/PBMC/T cells/T cells CD4hiCD8hi	0.08830103787574844	0.030018221381379627	0.10254972587204891	0.016945596439542982	5
dataset_name-FR-FCM-Z3YR_seed-42	cygate	24	/PBMC/T cells/T cells CD4lowCD8low	/PBMC/T cells/T cells CD4lowCD8low	0.9692586139979553	0.006286093495386098	0.0035278092033287013	0.014335462354172402	5
dataset_name-FR-FCM-Z3YR_seed-42	cygate	25	/PBMC/T cells/T cells CD8/T cells CM	/PBMC/T cells/T cells CD8/T cells CM	0.8926675983500599	0.011967092996471326	0.004369575760246431	0.020163992375761733	5
dataset_name-FR-FCM-Z3YR_seed-42	cygate	26	/PBMC/T cells/T cells CD8/T cells EM	/PBMC/T cells/T cells CD8/T cells EM	0.7592090853077135	0.08245791978656779	0.018085527680513053	0.10644375946062941	5
dataset_name-FR-FCM-Z3YR_seed-42	cygate	27	/PBMC/T cells/T cells CD8/T cells Naive	/PBMC/T cells/T cells CD8/T cells Naive	0.9175810886927771	0.010932027681579838	0.030845129500300952	0.020858671393243718	5
dataset_name-FR-FCM-Z3YR_seed-42	cygate	28	/PBMC/T cells/T cells CD8/T cells TEMRA	/PBMC/T cells/T cells CD8/T cells TEMRA	0.36853186681647065	0.16440301913352745	0.11863861753453833	0.30597772654729105	5
dataset_name-FR-FCM-Z3YR_seed-42	cygate	3	/PBMC/B cells/B cells NSM	/PBMC/B cells/B cells NSM	0.9575982177615902	0.007754561918232539	0.011672211123223822	0.004622222561492123	5
dataset_name-FR-FCM-Z3YR_seed-42	cygate	4	/PBMC/B cells/B cells Naive/B cells TR	/PBMC/B cells/B cells Naive/B cells TR	0.9130301516917715	0.041342684195632126	0.03291919493055179	0.09794476074056604	5
dataset_name-FR-FCM-Z3YR_seed-42	cygate	5	/PBMC/B cells/B cells SWME/B cells CD27hi CD20hi	/PBMC/B cells/B cells SWME/B cells CD27hi CD20hi	0.8854084480135692	0.018980104863671368	0.026113978055605953	0.03884490548953164	5
dataset_name-FR-FCM-Z3YR_seed-42	cygate	6	/PBMC/B cells/B cells SWME/B cells PB	/PBMC/B cells/B cells SWME/B cells PB	0.4744756209451978	0.14120101505451244	0.26375403620379123	0.09041300095814857	5
dataset_name-FR-FCM-Z3YR_seed-42	cygate	7	/PBMC/B cells/B cells SWME/B cells PC	/PBMC/B cells/B cells SWME/B cells PC	0.7838799388073467	0.10110707353913163	0.13862612605873612	0.10158416960150235	5
dataset_name-FR-FCM-Z3YR_seed-42	cygate	8	/PBMC/CD3 CD19 DP	/PBMC/CD3 CD19 DP	0.8843941472934497	0.007278841062672397	0.05011653943235698	0.046677629622399255	5
dataset_name-FR-FCM-Z3YR_seed-42	cygate	9	/PBMC/CD3-CD19-/CD7hi cells/NK cells CD56 hi	/PBMC/CD3-CD19-/CD7hi cells/NK cells CD56 hi	0.4927752374362243	0.1022327126781349	0.10919789121251927	0.10814544658007182	5
dataset_name-FR-FCM-Z3YR_seed-42	dgcytof	1	/Granulocytes	/Granulocytes	0.9992047572732086	2.188874851416218e-4	4.4241241880731955e-4	1.85265485162189e-4	5
dataset_name-FR-FCM-Z3YR_seed-42	dgcytof	10	/PBMC/CD3-CD19-/CD7hi cells/NK cells CD56 mid	/PBMC/CD3-CD19-/CD7hi cells/NK cells CD56 mid	0.9805310510139027	0.007106969012877489	0.010258228324409804	0.006256630893814949	5
dataset_name-FR-FCM-Z3YR_seed-42	dgcytof	11	/PBMC/CD3-CD19-/CD7low cells/CD11c hi HLADR hi/Monocytes CD14hi	/PBMC/CD3-CD19-/CD7low cells/CD11c hi HLADR hi/Monocytes CD14hi	0.9861600156111241	0.008630586161667182	0.017546930644546627	0.0038275330581309056	5
dataset_name-FR-FCM-Z3YR_seed-42	dgcytof	12	/PBMC/CD3-CD19-/CD7low cells/CD11c hi HLADR hi/Monocytes CD14mid	/PBMC/CD3-CD19-/CD7low cells/CD11c hi HLADR hi/Monocytes CD14mid	0.6379545711528019	0.34031956745762976	0.17311761765611675	0.3300565456070553	5
dataset_name-FR-FCM-Z3YR_seed-42	dgcytof	13	/PBMC/CD3-CD19-/CD7low cells/CD11c hi HLADR hi/Monocytes non-class	/PBMC/CD3-CD19-/CD7low cells/CD11c hi HLADR hi/Monocytes non-class	0.9225576848056144	0.03476970473326056	0.03315240307981748	0.05655037163617921	5
dataset_name-FR-FCM-Z3YR_seed-42	dgcytof	14	/PBMC/CD3-CD19-/CD7low cells/CD11c hi HLADR hi/cDC/cDC1	/PBMC/CD3-CD19-/CD7low cells/CD11c hi HLADR hi/cDC/cDC1	0.8236187266876653	0.04093345394508968	0.4589598950341942	0.41744575369180015	5
dataset_name-FR-FCM-Z3YR_seed-42	dgcytof	15	/PBMC/CD3-CD19-/CD7low cells/CD11c hi HLADR hi/cDC/cDC2	/PBMC/CD3-CD19-/CD7low cells/CD11c hi HLADR hi/cDC/cDC2	0.9036646173231865	0.057695116611991094	0.0797072828206618	0.09007114974224917	5
dataset_name-FR-FCM-Z3YR_seed-42	dgcytof	16	/PBMC/CD3-CD19-/CD7low cells/CD11c low HLADR hi/pDC	/PBMC/CD3-CD19-/CD7low cells/CD11c low HLADR hi/pDC	0.9547612690345146	0.02196762345285255	0.04767311427347111	0.00911520646665903	5
dataset_name-FR-FCM-Z3YR_seed-42	dgcytof	17	/PBMC/CD3-CD19-/CD7low cells/CD11c low HLADR low/Basophils	/PBMC/CD3-CD19-/CD7low cells/CD11c low HLADR low/Basophils	0.99759924758182	6.622093225720426e-4	0.001108212045233755	6.198452143854449e-4	5
dataset_name-FR-FCM-Z3YR_seed-42	dgcytof	18	/PBMC/T cells/NKT cells	/PBMC/T cells/NKT cells	0.004662004662004662	NA	0.04441155916843275	0.0010750326814902835	5
dataset_name-FR-FCM-Z3YR_seed-42	dgcytof	19	/PBMC/T cells/T cells CD4/T cells CM	/PBMC/T cells/T cells CD4/T cells CM	0.9807325133616374	0.008645316855142172	0.010211963730841534	0.019147912203308894	5
dataset_name-FR-FCM-Z3YR_seed-42	dgcytof	2	/PBMC/B cells/B cells DN	/PBMC/B cells/B cells DN	0.8261378191414066	0.12664633241531068	0.0818132263090123	0.16727428655854704	5
dataset_name-FR-FCM-Z3YR_seed-42	dgcytof	20	/PBMC/T cells/T cells CD4/T cells EM	/PBMC/T cells/T cells CD4/T cells EM	0.9696587905303259	0.01576840780009909	0.030759482255343425	0.005054656476561233	5
dataset_name-FR-FCM-Z3YR_seed-42	dgcytof	21	/PBMC/T cells/T cells CD4/T cells Naive	/PBMC/T cells/T cells CD4/T cells Naive	0.9863097587453014	0.0055103466453276405	0.013165615788941997	0.008883861265044998	5
dataset_name-FR-FCM-Z3YR_seed-42	dgcytof	22	/PBMC/T cells/T cells CD4/T cells TEMRA	/PBMC/T cells/T cells CD4/T cells TEMRA	0.5747847714968388	0.33566032433920157	0.0611864847635789	0.36125848097429053	5
dataset_name-FR-FCM-Z3YR_seed-42	dgcytof	23	/PBMC/T cells/T cells CD4hiCD8hi	/PBMC/T cells/T cells CD4hiCD8hi	0.8667226608430965	0.04718904390855501	0.06491204041299412	0.10006256616425167	5
dataset_name-FR-FCM-Z3YR_seed-42	dgcytof	24	/PBMC/T cells/T cells CD4lowCD8low	/PBMC/T cells/T cells CD4lowCD8low	0.9768385209531852	0.009199015047951528	0.014378309928322574	0.01010767060690305	5
dataset_name-FR-FCM-Z3YR_seed-42	dgcytof	25	/PBMC/T cells/T cells CD8/T cells CM	/PBMC/T cells/T cells CD8/T cells CM	0.966528716122508	0.010826709586822587	0.01783744478093541	0.031564175780638234	5
dataset_name-FR-FCM-Z3YR_seed-42	dgcytof	26	/PBMC/T cells/T cells CD8/T cells EM	/PBMC/T cells/T cells CD8/T cells EM	0.9419218215518813	0.016488174887664044	0.03190701697893641	0.016994680594827463	5
dataset_name-FR-FCM-Z3YR_seed-42	dgcytof	27	/PBMC/T cells/T cells CD8/T cells Naive	/PBMC/T cells/T cells CD8/T cells Naive	0.9708471154806171	0.010613985940465417	0.02703598968054385	0.02141930397082033	5
dataset_name-FR-FCM-Z3YR_seed-42	dgcytof	28	/PBMC/T cells/T cells CD8/T cells TEMRA	/PBMC/T cells/T cells CD8/T cells TEMRA	0.832042137632897	0.04678590806926306	0.0656906008540159	0.07797053726184748	5
dataset_name-FR-FCM-Z3YR_seed-42	dgcytof	3	/PBMC/B cells/B cells NSM	/PBMC/B cells/B cells NSM	0.8394365695064138	0.13046512926131973	0.17574875187092584	0.1743829683307938	5
dataset_name-FR-FCM-Z3YR_seed-42	dgcytof	4	/PBMC/B cells/B cells Naive/B cells TR	/PBMC/B cells/B cells Naive/B cells TR	0.9540449236045233	0.04033405783516664	0.07060011867012767	0.01837752614651759	5
dataset_name-FR-FCM-Z3YR_seed-42	dgcytof	5	/PBMC/B cells/B cells SWME/B cells CD27hi CD20hi	/PBMC/B cells/B cells SWME/B cells CD27hi CD20hi	0.8794972953985006	0.07504046355525414	0.05494641587861426	0.11838583140451792	5
dataset_name-FR-FCM-Z3YR_seed-42	dgcytof	6	/PBMC/B cells/B cells SWME/B cells PB	/PBMC/B cells/B cells SWME/B cells PB	0.2307767390880171	0.20714956553473426	0.29960518502309197	0.20948557245350313	5
dataset_name-FR-FCM-Z3YR_seed-42	dgcytof	7	/PBMC/B cells/B cells SWME/B cells PC	/PBMC/B cells/B cells SWME/B cells PC	0.8049077214115432	0.21640196638006176	0.022460810696007156	0.29220223467358813	5
dataset_name-FR-FCM-Z3YR_seed-42	dgcytof	8	/PBMC/CD3 CD19 DP	/PBMC/CD3 CD19 DP	0.9666847236464933	0.017660832734822284	0.015992655533213013	0.021470128353895446	5
dataset_name-FR-FCM-Z3YR_seed-42	dgcytof	9	/PBMC/CD3-CD19-/CD7hi cells/NK cells CD56 hi	/PBMC/CD3-CD19-/CD7hi cells/NK cells CD56 hi	0.5119926140427907	0.24255661304710666	0.07028584116866576	0.2499244404866031	5
dataset_name-FR-FCM-Z3YR_seed-42	gatemeclass[E]	1	/Granulocytes	/Granulocytes	NA	NA	NA	0	5
dataset_name-FR-FCM-Z3YR_seed-42	gatemeclass[E]	10	/PBMC/CD3-CD19-/CD7hi cells/NK cells CD56 mid	/PBMC/CD3-CD19-/CD7hi cells/NK cells CD56 mid	NA	NA	NA	0	5
dataset_name-FR-FCM-Z3YR_seed-42	gatemeclass[E]	11	/PBMC/CD3-CD19-/CD7low cells/CD11c hi HLADR hi/Monocytes CD14hi	/PBMC/CD3-CD19-/CD7low cells/CD11c hi HLADR hi/Monocytes CD14hi	NA	NA	NA	0	5
dataset_name-FR-FCM-Z3YR_seed-42	gatemeclass[E]	12	/PBMC/CD3-CD19-/CD7low cells/CD11c hi HLADR hi/Monocytes CD14mid	/PBMC/CD3-CD19-/CD7low cells/CD11c hi HLADR hi/Monocytes CD14mid	NA	NA	NA	0	5
dataset_name-FR-FCM-Z3YR_seed-42	gatemeclass[E]	13	/PBMC/CD3-CD19-/CD7low cells/CD11c hi HLADR hi/Monocytes non-class	/PBMC/CD3-CD19-/CD7low cells/CD11c hi HLADR hi/Monocytes non-class	NA	NA	NA	0	5
dataset_name-FR-FCM-Z3YR_seed-42	gatemeclass[E]	14	/PBMC/CD3-CD19-/CD7low cells/CD11c hi HLADR hi/cDC/cDC1	/PBMC/CD3-CD19-/CD7low cells/CD11c hi HLADR hi/cDC/cDC1	NA	NA	NA	0	5
dataset_name-FR-FCM-Z3YR_seed-42	gatemeclass[E]	15	/PBMC/CD3-CD19-/CD7low cells/CD11c hi HLADR hi/cDC/cDC2	/PBMC/CD3-CD19-/CD7low cells/CD11c hi HLADR hi/cDC/cDC2	NA	NA	NA	0	5
dataset_name-FR-FCM-Z3YR_seed-42	gatemeclass[E]	16	/PBMC/CD3-CD19-/CD7low cells/CD11c low HLADR hi/pDC	/PBMC/CD3-CD19-/CD7low cells/CD11c low HLADR hi/pDC	NA	NA	NA	0	5
dataset_name-FR-FCM-Z3YR_seed-42	gatemeclass[E]	17	/PBMC/CD3-CD19-/CD7low cells/CD11c low HLADR low/Basophils	/PBMC/CD3-CD19-/CD7low cells/CD11c low HLADR low/Basophils	NA	NA	NA	0	5
dataset_name-FR-FCM-Z3YR_seed-42	gatemeclass[E]	18	/PBMC/T cells/NKT cells	/PBMC/T cells/NKT cells	NA	NA	NA	0	5
dataset_name-FR-FCM-Z3YR_seed-42	gatemeclass[E]	19	/PBMC/T cells/T cells CD4/T cells CM	/PBMC/T cells/T cells CD4/T cells CM	NA	NA	NA	0	5
dataset_name-FR-FCM-Z3YR_seed-42	gatemeclass[E]	2	/PBMC/B cells/B cells DN	/PBMC/B cells/B cells DN	NA	NA	NA	0	5
dataset_name-FR-FCM-Z3YR_seed-42	gatemeclass[E]	20	/PBMC/T cells/T cells CD4/T cells EM	/PBMC/T cells/T cells CD4/T cells EM	NA	NA	NA	0	5
dataset_name-FR-FCM-Z3YR_seed-42	gatemeclass[E]	21	/PBMC/T cells/T cells CD4/T cells Naive	/PBMC/T cells/T cells CD4/T cells Naive	NA	NA	NA	0	5
dataset_name-FR-FCM-Z3YR_seed-42	gatemeclass[E]	22	/PBMC/T cells/T cells CD4/T cells TEMRA	/PBMC/T cells/T cells CD4/T cells TEMRA	NA	NA	NA	0	5
dataset_name-FR-FCM-Z3YR_seed-42	gatemeclass[E]	23	/PBMC/T cells/T cells CD4hiCD8hi	/PBMC/T cells/T cells CD4hiCD8hi	NA	NA	NA	0	5
dataset_name-FR-FCM-Z3YR_seed-42	gatemeclass[E]	24	/PBMC/T cells/T cells CD4lowCD8low	/PBMC/T cells/T cells CD4lowCD8low	NA	NA	NA	0	5
dataset_name-FR-FCM-Z3YR_seed-42	gatemeclass[E]	25	/PBMC/T cells/T cells CD8/T cells CM	/PBMC/T cells/T cells CD8/T cells CM	NA	NA	NA	0	5
dataset_name-FR-FCM-Z3YR_seed-42	gatemeclass[E]	26	/PBMC/T cells/T cells CD8/T cells EM	/PBMC/T cells/T cells CD8/T cells EM	NA	NA	NA	0	5
dataset_name-FR-FCM-Z3YR_seed-42	gatemeclass[E]	27	/PBMC/T cells/T cells CD8/T cells Naive	/PBMC/T cells/T cells CD8/T cells Naive	NA	NA	NA	0	5
dataset_name-FR-FCM-Z3YR_seed-42	gatemeclass[E]	28	/PBMC/T cells/T cells CD8/T cells TEMRA	/PBMC/T cells/T cells CD8/T cells TEMRA	NA	NA	NA	0	5
dataset_name-FR-FCM-Z3YR_seed-42	gatemeclass[E]	3	/PBMC/B cells/B cells NSM	/PBMC/B cells/B cells NSM	NA	NA	NA	0	5
dataset_name-FR-FCM-Z3YR_seed-42	gatemeclass[E]	4	/PBMC/B cells/B cells Naive/B cells TR	/PBMC/B cells/B cells Naive/B cells TR	NA	NA	NA	0	5
dataset_name-FR-FCM-Z3YR_seed-42	gatemeclass[E]	5	/PBMC/B cells/B cells SWME/B cells CD27hi CD20hi	/PBMC/B cells/B cells SWME/B cells CD27hi CD20hi	NA	NA	NA	0	5
dataset_name-FR-FCM-Z3YR_seed-42	gatemeclass[E]	6	/PBMC/B cells/B cells SWME/B cells PB	/PBMC/B cells/B cells SWME/B cells PB	NA	NA	NA	0	5
dataset_name-FR-FCM-Z3YR_seed-42	gatemeclass[E]	7	/PBMC/B cells/B cells SWME/B cells PC	/PBMC/B cells/B cells SWME/B cells PC	NA	NA	NA	0	5
dataset_name-FR-FCM-Z3YR_seed-42	gatemeclass[E]	8	/PBMC/CD3 CD19 DP	/PBMC/CD3 CD19 DP	NA	NA	NA	0	5
dataset_name-FR-FCM-Z3YR_seed-42	gatemeclass[E]	9	/PBMC/CD3-CD19-/CD7hi cells/NK cells CD56 hi	/PBMC/CD3-CD19-/CD7hi cells/NK cells CD56 hi	NA	NA	NA	0	5
dataset_name-FR-FCM-Z3YR_seed-42	gatemeclass[V]	1	/Granulocytes	/Granulocytes	NA	NA	NA	0	5
dataset_name-FR-FCM-Z3YR_seed-42	gatemeclass[V]	10	/PBMC/CD3-CD19-/CD7hi cells/NK cells CD56 mid	/PBMC/CD3-CD19-/CD7hi cells/NK cells CD56 mid	NA	NA	NA	0	5
dataset_name-FR-FCM-Z3YR_seed-42	gatemeclass[V]	11	/PBMC/CD3-CD19-/CD7low cells/CD11c hi HLADR hi/Monocytes CD14hi	/PBMC/CD3-CD19-/CD7low cells/CD11c hi HLADR hi/Monocytes CD14hi	NA	NA	NA	0	5
dataset_name-FR-FCM-Z3YR_seed-42	gatemeclass[V]	12	/PBMC/CD3-CD19-/CD7low cells/CD11c hi HLADR hi/Monocytes CD14mid	/PBMC/CD3-CD19-/CD7low cells/CD11c hi HLADR hi/Monocytes CD14mid	NA	NA	NA	0	5
dataset_name-FR-FCM-Z3YR_seed-42	gatemeclass[V]	13	/PBMC/CD3-CD19-/CD7low cells/CD11c hi HLADR hi/Monocytes non-class	/PBMC/CD3-CD19-/CD7low cells/CD11c hi HLADR hi/Monocytes non-class	NA	NA	NA	0	5
dataset_name-FR-FCM-Z3YR_seed-42	gatemeclass[V]	14	/PBMC/CD3-CD19-/CD7low cells/CD11c hi HLADR hi/cDC/cDC1	/PBMC/CD3-CD19-/CD7low cells/CD11c hi HLADR hi/cDC/cDC1	NA	NA	NA	0	5
dataset_name-FR-FCM-Z3YR_seed-42	gatemeclass[V]	15	/PBMC/CD3-CD19-/CD7low cells/CD11c hi HLADR hi/cDC/cDC2	/PBMC/CD3-CD19-/CD7low cells/CD11c hi HLADR hi/cDC/cDC2	NA	NA	NA	0	5
dataset_name-FR-FCM-Z3YR_seed-42	gatemeclass[V]	16	/PBMC/CD3-CD19-/CD7low cells/CD11c low HLADR hi/pDC	/PBMC/CD3-CD19-/CD7low cells/CD11c low HLADR hi/pDC	NA	NA	NA	0	5
dataset_name-FR-FCM-Z3YR_seed-42	gatemeclass[V]	17	/PBMC/CD3-CD19-/CD7low cells/CD11c low HLADR low/Basophils	/PBMC/CD3-CD19-/CD7low cells/CD11c low HLADR low/Basophils	NA	NA	NA	0	5
dataset_name-FR-FCM-Z3YR_seed-42	gatemeclass[V]	18	/PBMC/T cells/NKT cells	/PBMC/T cells/NKT cells	NA	NA	NA	0	5
dataset_name-FR-FCM-Z3YR_seed-42	gatemeclass[V]	19	/PBMC/T cells/T cells CD4/T cells CM	/PBMC/T cells/T cells CD4/T cells CM	NA	NA	NA	0	5
dataset_name-FR-FCM-Z3YR_seed-42	gatemeclass[V]	2	/PBMC/B cells/B cells DN	/PBMC/B cells/B cells DN	NA	NA	NA	0	5
dataset_name-FR-FCM-Z3YR_seed-42	gatemeclass[V]	20	/PBMC/T cells/T cells CD4/T cells EM	/PBMC/T cells/T cells CD4/T cells EM	NA	NA	NA	0	5
dataset_name-FR-FCM-Z3YR_seed-42	gatemeclass[V]	21	/PBMC/T cells/T cells CD4/T cells Naive	/PBMC/T cells/T cells CD4/T cells Naive	NA	NA	NA	0	5
dataset_name-FR-FCM-Z3YR_seed-42	gatemeclass[V]	22	/PBMC/T cells/T cells CD4/T cells TEMRA	/PBMC/T cells/T cells CD4/T cells TEMRA	NA	NA	NA	0	5
dataset_name-FR-FCM-Z3YR_seed-42	gatemeclass[V]	23	/PBMC/T cells/T cells CD4hiCD8hi	/PBMC/T cells/T cells CD4hiCD8hi	NA	NA	NA	0	5
dataset_name-FR-FCM-Z3YR_seed-42	gatemeclass[V]	24	/PBMC/T cells/T cells CD4lowCD8low	/PBMC/T cells/T cells CD4lowCD8low	NA	NA	NA	0	5
dataset_name-FR-FCM-Z3YR_seed-42	gatemeclass[V]	25	/PBMC/T cells/T cells CD8/T cells CM	/PBMC/T cells/T cells CD8/T cells CM	NA	NA	NA	0	5
dataset_name-FR-FCM-Z3YR_seed-42	gatemeclass[V]	26	/PBMC/T cells/T cells CD8/T cells EM	/PBMC/T cells/T cells CD8/T cells EM	NA	NA	NA	0	5
dataset_name-FR-FCM-Z3YR_seed-42	gatemeclass[V]	27	/PBMC/T cells/T cells CD8/T cells Naive	/PBMC/T cells/T cells CD8/T cells Naive	NA	NA	NA	0	5
dataset_name-FR-FCM-Z3YR_seed-42	gatemeclass[V]	28	/PBMC/T cells/T cells CD8/T cells TEMRA	/PBMC/T cells/T cells CD8/T cells TEMRA	NA	NA	NA	0	5
dataset_name-FR-FCM-Z3YR_seed-42	gatemeclass[V]	3	/PBMC/B cells/B cells NSM	/PBMC/B cells/B cells NSM	NA	NA	NA	0	5
dataset_name-FR-FCM-Z3YR_seed-42	gatemeclass[V]	4	/PBMC/B cells/B cells Naive/B cells TR	/PBMC/B cells/B cells Naive/B cells TR	NA	NA	NA	0	5
dataset_name-FR-FCM-Z3YR_seed-42	gatemeclass[V]	5	/PBMC/B cells/B cells SWME/B cells CD27hi CD20hi	/PBMC/B cells/B cells SWME/B cells CD27hi CD20hi	NA	NA	NA	0	5
dataset_name-FR-FCM-Z3YR_seed-42	gatemeclass[V]	6	/PBMC/B cells/B cells SWME/B cells PB	/PBMC/B cells/B cells SWME/B cells PB	NA	NA	NA	0	5
dataset_name-FR-FCM-Z3YR_seed-42	gatemeclass[V]	7	/PBMC/B cells/B cells SWME/B cells PC	/PBMC/B cells/B cells SWME/B cells PC	NA	NA	NA	0	5
dataset_name-FR-FCM-Z3YR_seed-42	gatemeclass[V]	8	/PBMC/CD3 CD19 DP	/PBMC/CD3 CD19 DP	NA	NA	NA	0	5
dataset_name-FR-FCM-Z3YR_seed-42	gatemeclass[V]	9	/PBMC/CD3-CD19-/CD7hi cells/NK cells CD56 hi	/PBMC/CD3-CD19-/CD7hi cells/NK cells CD56 hi	NA	NA	NA	0	5
dataset_name-FR-FCM-Z3YR_seed-42	knn	1	/Granulocytes	/Granulocytes	0.9906840726025649	0.0029520205813953586	1.6287990322154996e-4	0.005829335990116913	5
dataset_name-FR-FCM-Z3YR_seed-42	knn	10	/PBMC/CD3-CD19-/CD7hi cells/NK cells CD56 mid	/PBMC/CD3-CD19-/CD7hi cells/NK cells CD56 mid	0.9535049204526306	0.010664470668865106	0.009270046759839768	0.02076438291327337	5
dataset_name-FR-FCM-Z3YR_seed-42	knn	11	/PBMC/CD3-CD19-/CD7low cells/CD11c hi HLADR hi/Monocytes CD14hi	/PBMC/CD3-CD19-/CD7low cells/CD11c hi HLADR hi/Monocytes CD14hi	0.9494634252443419	0.011209214995792556	0.02568881163694256	0.004554310229877156	5
dataset_name-FR-FCM-Z3YR_seed-42	knn	12	/PBMC/CD3-CD19-/CD7low cells/CD11c hi HLADR hi/Monocytes CD14mid	/PBMC/CD3-CD19-/CD7low cells/CD11c hi HLADR hi/Monocytes CD14mid	0.48162423098955437	0.04226916325056348	0.04294397120997821	0.03551511131130285	5
dataset_name-FR-FCM-Z3YR_seed-42	knn	13	/PBMC/CD3-CD19-/CD7low cells/CD11c hi HLADR hi/Monocytes non-class	/PBMC/CD3-CD19-/CD7low cells/CD11c hi HLADR hi/Monocytes non-class	0.8945947741305076	0.014084948784865445	0.023582764059891452	0.009511229582872933	5
dataset_name-FR-FCM-Z3YR_seed-42	knn	14	/PBMC/CD3-CD19-/CD7low cells/CD11c hi HLADR hi/cDC/cDC1	/PBMC/CD3-CD19-/CD7low cells/CD11c hi HLADR hi/cDC/cDC1	0.861258476519741	0.039648050062665065	0.0690924856493406	0.4296064967294658	5
dataset_name-FR-FCM-Z3YR_seed-42	knn	15	/PBMC/CD3-CD19-/CD7low cells/CD11c hi HLADR hi/cDC/cDC2	/PBMC/CD3-CD19-/CD7low cells/CD11c hi HLADR hi/cDC/cDC2	0.8493185619722383	0.03933258932646176	0.060108971819057104	0.0116950941148508	5
dataset_name-FR-FCM-Z3YR_seed-42	knn	16	/PBMC/CD3-CD19-/CD7low cells/CD11c low HLADR hi/pDC	/PBMC/CD3-CD19-/CD7low cells/CD11c low HLADR hi/pDC	0.711425520149069	0.19446281935217918	0.2561572514120382	0.004485428352942388	5
dataset_name-FR-FCM-Z3YR_seed-42	knn	17	/PBMC/CD3-CD19-/CD7low cells/CD11c low HLADR low/Basophils	/PBMC/CD3-CD19-/CD7low cells/CD11c low HLADR low/Basophils	0.9869153382118933	0.005246572835990499	0.01037706212755888	1.814590411849239e-4	5
dataset_name-FR-FCM-Z3YR_seed-42	knn	18	/PBMC/T cells/NKT cells	/PBMC/T cells/NKT cells	0.016451852221303888	0.0065471437524234405	0.003752287736560612	0.1021896706060888	5
dataset_name-FR-FCM-Z3YR_seed-42	knn	19	/PBMC/T cells/T cells CD4/T cells CM	/PBMC/T cells/T cells CD4/T cells CM	0.9686994757630216	0.0017943169768692513	0.0034601517596428238	0.004491365490923432	5
dataset_name-FR-FCM-Z3YR_seed-42	knn	2	/PBMC/B cells/B cells DN	/PBMC/B cells/B cells DN	0.6082309361312203	0.03463477267402626	0.035569191607285444	0.036194395660153755	5
dataset_name-FR-FCM-Z3YR_seed-42	knn	20	/PBMC/T cells/T cells CD4/T cells EM	/PBMC/T cells/T cells CD4/T cells EM	0.9518675373068562	0.007075572975640734	0.0053296307540196064	0.014551812709197483	5
dataset_name-FR-FCM-Z3YR_seed-42	knn	21	/PBMC/T cells/T cells CD4/T cells Naive	/PBMC/T cells/T cells CD4/T cells Naive	0.9730101383871301	0.0020285067346937358	0.003447662207815089	0.005218344372895538	5
dataset_name-FR-FCM-Z3YR_seed-42	knn	22	/PBMC/T cells/T cells CD4/T cells TEMRA	/PBMC/T cells/T cells CD4/T cells TEMRA	0.3169088850480395	0.12346511707832367	0.1271393056225599	0.19827362060616954	5
dataset_name-FR-FCM-Z3YR_seed-42	knn	23	/PBMC/T cells/T cells CD4hiCD8hi	/PBMC/T cells/T cells CD4hiCD8hi	0.7152033705895704	0.05026620278198691	0.07581735790105572	0.03259010706278927	5
dataset_name-FR-FCM-Z3YR_seed-42	knn	24	/PBMC/T cells/T cells CD4lowCD8low	/PBMC/T cells/T cells CD4lowCD8low	0.9490816377174253	0.01840798842889037	0.02360506746182534	0.01609267166230093	5
dataset_name-FR-FCM-Z3YR_seed-42	knn	25	/PBMC/T cells/T cells CD8/T cells CM	/PBMC/T cells/T cells CD8/T cells CM	0.9234995636343813	0.012781381609422302	0.00868002509034544	0.020611608642092518	5
dataset_name-FR-FCM-Z3YR_seed-42	knn	26	/PBMC/T cells/T cells CD8/T cells EM	/PBMC/T cells/T cells CD8/T cells EM	0.8395132309745432	0.05780634493993932	0.07468785519535658	0.048222768113500195	5
dataset_name-FR-FCM-Z3YR_seed-42	knn	27	/PBMC/T cells/T cells CD8/T cells Naive	/PBMC/T cells/T cells CD8/T cells Naive	0.9417284156467463	0.010190407666096935	0.01612620888159958	0.0065673542888997965	5
dataset_name-FR-FCM-Z3YR_seed-42	knn	28	/PBMC/T cells/T cells CD8/T cells TEMRA	/PBMC/T cells/T cells CD8/T cells TEMRA	0.6397995190973909	0.04341785263716391	0.047655385731707016	0.07241501543172299	5
dataset_name-FR-FCM-Z3YR_seed-42	knn	3	/PBMC/B cells/B cells NSM	/PBMC/B cells/B cells NSM	0.8614926341191156	0.03216653275665086	0.04868257923844218	0.011406704540164323	5
dataset_name-FR-FCM-Z3YR_seed-42	knn	4	/PBMC/B cells/B cells Naive/B cells TR	/PBMC/B cells/B cells Naive/B cells TR	0.8488900462948764	0.08947903540309843	0.13491768797396328	0.01638829698093306	5
dataset_name-FR-FCM-Z3YR_seed-42	knn	5	/PBMC/B cells/B cells SWME/B cells CD27hi CD20hi	/PBMC/B cells/B cells SWME/B cells CD27hi CD20hi	0.8837600977353116	0.015566068763326254	0.02625523473469808	0.023524783166710136	5
dataset_name-FR-FCM-Z3YR_seed-42	knn	6	/PBMC/B cells/B cells SWME/B cells PB	/PBMC/B cells/B cells SWME/B cells PB	0.4740502242352746	0.052556364572725243	0.07246621633763649	0.10962415825398404	5
dataset_name-FR-FCM-Z3YR_seed-42	knn	7	/PBMC/B cells/B cells SWME/B cells PC	/PBMC/B cells/B cells SWME/B cells PC	0.8176581676712458	0.01588496648828937	0.024038853656638246	0.009356728875421222	5
dataset_name-FR-FCM-Z3YR_seed-42	knn	8	/PBMC/CD3 CD19 DP	/PBMC/CD3 CD19 DP	0.9180928614163878	0.009667731290558916	0.01983084619896897	0.006129728616112002	5
dataset_name-FR-FCM-Z3YR_seed-42	knn	9	/PBMC/CD3-CD19-/CD7hi cells/NK cells CD56 hi	/PBMC/CD3-CD19-/CD7hi cells/NK cells CD56 hi	0.4906400524832815	0.057097368410151325	0.056996853039402155	0.03808525925584449	5
dataset_name-FR-FCM-Z3YR_seed-42	lda	1	/Granulocytes	/Granulocytes	0.9976401349400605	8.186594699073915e-4	2.559889331647225e-5	0.0016485933868788873	5
dataset_name-FR-FCM-Z3YR_seed-42	lda	10	/PBMC/CD3-CD19-/CD7hi cells/NK cells CD56 mid	/PBMC/CD3-CD19-/CD7hi cells/NK cells CD56 mid	0.9699945370418065	0.0020678994741176963	8.455057650392965e-4	0.004507271509646215	5
dataset_name-FR-FCM-Z3YR_seed-42	lda	11	/PBMC/CD3-CD19-/CD7low cells/CD11c hi HLADR hi/Monocytes CD14hi	/PBMC/CD3-CD19-/CD7low cells/CD11c hi HLADR hi/Monocytes CD14hi	0.937206471657998	0.0075344850267716	0.008429687780437052	0.014725621164701342	5
dataset_name-FR-FCM-Z3YR_seed-42	lda	12	/PBMC/CD3-CD19-/CD7low cells/CD11c hi HLADR hi/Monocytes CD14mid	/PBMC/CD3-CD19-/CD7low cells/CD11c hi HLADR hi/Monocytes CD14mid	0.4439079362008528	0.10307515964970566	0.11812172336515636	0.10003560439217919	5
dataset_name-FR-FCM-Z3YR_seed-42	lda	13	/PBMC/CD3-CD19-/CD7low cells/CD11c hi HLADR hi/Monocytes non-class	/PBMC/CD3-CD19-/CD7low cells/CD11c hi HLADR hi/Monocytes non-class	0.8084118159077368	0.013960134010502416	0.0574225692008148	0.03513342359834374	5
dataset_name-FR-FCM-Z3YR_seed-42	lda	14	/PBMC/CD3-CD19-/CD7low cells/CD11c hi HLADR hi/cDC/cDC1	/PBMC/CD3-CD19-/CD7low cells/CD11c hi HLADR hi/cDC/cDC1	0.8745194183297549	0.010705332902319046	0.023761163269637224	0.4024859483381159	5
dataset_name-FR-FCM-Z3YR_seed-42	lda	15	/PBMC/CD3-CD19-/CD7low cells/CD11c hi HLADR hi/cDC/cDC2	/PBMC/CD3-CD19-/CD7low cells/CD11c hi HLADR hi/cDC/cDC2	0.8502699574258513	0.010590974094495793	0.01746872232278475	0.0053157752702715	5
dataset_name-FR-FCM-Z3YR_seed-42	lda	16	/PBMC/CD3-CD19-/CD7low cells/CD11c low HLADR hi/pDC	/PBMC/CD3-CD19-/CD7low cells/CD11c low HLADR hi/pDC	0.8940093298142192	0.009721624575935376	0.016750318800461912	6.235153938040721e-4	5
dataset_name-FR-FCM-Z3YR_seed-42	lda	17	/PBMC/CD3-CD19-/CD7low cells/CD11c low HLADR low/Basophils	/PBMC/CD3-CD19-/CD7low cells/CD11c low HLADR low/Basophils	0.944516370437592	0.010648432060645995	0.01936370984724213	1.4092855859117358e-4	5
dataset_name-FR-FCM-Z3YR_seed-42	lda	18	/PBMC/T cells/NKT cells	/PBMC/T cells/NKT cells	0.046238098218011156	0.015132448630466913	0.01356751907748706	0.033094366014422824	5
dataset_name-FR-FCM-Z3YR_seed-42	lda	19	/PBMC/T cells/T cells CD4/T cells CM	/PBMC/T cells/T cells CD4/T cells CM	0.9463405948617882	0.001640567014315186	0.0031211868869044815	0.003766057711165284	5
dataset_name-FR-FCM-Z3YR_seed-42	lda	2	/PBMC/B cells/B cells DN	/PBMC/B cells/B cells DN	0.6570492963367364	0.040446939385477054	0.01988920586883284	0.0548299451137559	5
dataset_name-FR-FCM-Z3YR_seed-42	lda	20	/PBMC/T cells/T cells CD4/T cells EM	/PBMC/T cells/T cells CD4/T cells EM	0.9644099536039059	0.00265215029737663	0.0021772669142359593	0.0068567327454809954	5
dataset_name-FR-FCM-Z3YR_seed-42	lda	21	/PBMC/T cells/T cells CD4/T cells Naive	/PBMC/T cells/T cells CD4/T cells Naive	0.95714289675088	0.001758572374169064	0.0020202031161284184	0.0043795015026319006	5
dataset_name-FR-FCM-Z3YR_seed-42	lda	22	/PBMC/T cells/T cells CD4/T cells TEMRA	/PBMC/T cells/T cells CD4/T cells TEMRA	0.38445093174865524	0.03324621409061826	0.03490049176920755	0.03379538127173009	5
dataset_name-FR-FCM-Z3YR_seed-42	lda	23	/PBMC/T cells/T cells CD4hiCD8hi	/PBMC/T cells/T cells CD4hiCD8hi	0.8391719836868374	0.014651402415134693	0.013866590567963428	0.03274461947805807	5
dataset_name-FR-FCM-Z3YR_seed-42	lda	24	/PBMC/T cells/T cells CD4lowCD8low	/PBMC/T cells/T cells CD4lowCD8low	0.96058970415919	0.003892455006292148	0.003304072927892556	0.004866630560189238	5
dataset_name-FR-FCM-Z3YR_seed-42	lda	25	/PBMC/T cells/T cells CD8/T cells CM	/PBMC/T cells/T cells CD8/T cells CM	0.9125657561517347	0.004790042320504671	0.007517303794638592	0.010567404172519142	5
dataset_name-FR-FCM-Z3YR_seed-42	lda	26	/PBMC/T cells/T cells CD8/T cells EM	/PBMC/T cells/T cells CD8/T cells EM	0.8604584914393781	0.029716939626071293	0.01045016920096373	0.04933514570398225	5
dataset_name-FR-FCM-Z3YR_seed-42	lda	27	/PBMC/T cells/T cells CD8/T cells Naive	/PBMC/T cells/T cells CD8/T cells Naive	0.9293163033954073	0.005050871163148922	0.006175887153005686	0.010651883532947364	5
dataset_name-FR-FCM-Z3YR_seed-42	lda	28	/PBMC/T cells/T cells CD8/T cells TEMRA	/PBMC/T cells/T cells CD8/T cells TEMRA	0.7298278262568914	0.02779058574158725	0.08215845709534061	0.07426246154970588	5
dataset_name-FR-FCM-Z3YR_seed-42	lda	3	/PBMC/B cells/B cells NSM	/PBMC/B cells/B cells NSM	0.8733214496008646	0.015844357434717328	0.028666552349347892	0.009132296840514382	5
dataset_name-FR-FCM-Z3YR_seed-42	lda	4	/PBMC/B cells/B cells Naive/B cells TR	/PBMC/B cells/B cells Naive/B cells TR	0.9265738349084063	0.01435729150664798	0.026322426075312554	0.007994318520458274	5
dataset_name-FR-FCM-Z3YR_seed-42	lda	5	/PBMC/B cells/B cells SWME/B cells CD27hi CD20hi	/PBMC/B cells/B cells SWME/B cells CD27hi CD20hi	0.8595771516911466	0.01548403628317435	0.031471535297750035	0.014406390237177382	5
dataset_name-FR-FCM-Z3YR_seed-42	lda	6	/PBMC/B cells/B cells SWME/B cells PB	/PBMC/B cells/B cells SWME/B cells PB	0.5424609698646399	0.04112515508159877	0.10719288538239262	0.03881886818132444	5
dataset_name-FR-FCM-Z3YR_seed-42	lda	7	/PBMC/B cells/B cells SWME/B cells PC	/PBMC/B cells/B cells SWME/B cells PC	0.8393024138712526	0.006562095096668575	0.011634422185387525	0.007444613049105233	5
dataset_name-FR-FCM-Z3YR_seed-42	lda	8	/PBMC/CD3 CD19 DP	/PBMC/CD3 CD19 DP	0.8990936301443886	0.0197613964024671	0.0114451682603686	0.030536481314640353	5
dataset_name-FR-FCM-Z3YR_seed-42	lda	9	/PBMC/CD3-CD19-/CD7hi cells/NK cells CD56 hi	/PBMC/CD3-CD19-/CD7hi cells/NK cells CD56 hi	0.6774879827437069	0.025167834324312476	0.036130972070124556	0.0049975375904300545	5
dataset_name-FR-FCM-Z3YR_seed-42	random	1	/Granulocytes	/Granulocytes	0.06568788474020207	0.0011337193582906307	0.0019465946969593076	6.299846207613297e-4	5
dataset_name-FR-FCM-Z3YR_seed-42	random	10	/PBMC/CD3-CD19-/CD7hi cells/NK cells CD56 mid	/PBMC/CD3-CD19-/CD7hi cells/NK cells CD56 mid	0.03636946768000703	4.759582241817212e-4	3.288674501547595e-4	6.672994451129178e-4	5
dataset_name-FR-FCM-Z3YR_seed-42	random	11	/PBMC/CD3-CD19-/CD7low cells/CD11c hi HLADR hi/Monocytes CD14hi	/PBMC/CD3-CD19-/CD7low cells/CD11c hi HLADR hi/Monocytes CD14hi	0.04493448583580486	4.32868641517311e-4	6.45818497933112e-4	4.862004381246376e-4	5
dataset_name-FR-FCM-Z3YR_seed-42	random	12	/PBMC/CD3-CD19-/CD7low cells/CD11c hi HLADR hi/Monocytes CD14mid	/PBMC/CD3-CD19-/CD7low cells/CD11c hi HLADR hi/Monocytes CD14mid	0.004806021993436386	3.500882506308286e-4	1.9866965195104602e-4	8.954843253659257e-4	5
dataset_name-FR-FCM-Z3YR_seed-42	random	13	/PBMC/CD3-CD19-/CD7low cells/CD11c hi HLADR hi/Monocytes non-class	/PBMC/CD3-CD19-/CD7low cells/CD11c hi HLADR hi/Monocytes non-class	0.00923133795187776	2.1865817208197776e-4	1.2356246065469074e-4	0.001046577413629638	5
dataset_name-FR-FCM-Z3YR_seed-42	random	14	/PBMC/CD3-CD19-/CD7low cells/CD11c hi HLADR hi/cDC/cDC1	/PBMC/CD3-CD19-/CD7low cells/CD11c hi HLADR hi/cDC/cDC1	3.239850040316508e-4	5.0980517972261175e-5	2.562989708751547e-5	0.014449578628442934	5
dataset_name-FR-FCM-Z3YR_seed-42	random	15	/PBMC/CD3-CD19-/CD7low cells/CD11c hi HLADR hi/cDC/cDC2	/PBMC/CD3-CD19-/CD7low cells/CD11c hi HLADR hi/cDC/cDC2	0.005885056666139179	2.3298019479152566e-4	1.3006522218491788e-4	0.001195572314058922	5
dataset_name-FR-FCM-Z3YR_seed-42	random	16	/PBMC/CD3-CD19-/CD7low cells/CD11c low HLADR hi/pDC	/PBMC/CD3-CD19-/CD7low cells/CD11c low HLADR hi/pDC	0.004836970357198111	7.84179971254573e-5	4.392293037873127e-5	4.0565428846148433e-4	5
dataset_name-FR-FCM-Z3YR_seed-42	random	17	/PBMC/CD3-CD19-/CD7low cells/CD11c low HLADR low/Basophils	/PBMC/CD3-CD19-/CD7low cells/CD11c low HLADR low/Basophils	0.013622533536855148	6.341815520427569e-4	3.9963477584917506e-4	0.0016089294509797115	5
dataset_name-FR-FCM-Z3YR_seed-42	random	18	/PBMC/T cells/NKT cells	/PBMC/T cells/NKT cells	1.6096157014721088e-4	4.685086336858942e-5	2.3478727275707832e-05	0.010319443581830894	5
dataset_name-FR-FCM-Z3YR_seed-42	random	19	/PBMC/T cells/T cells CD4/T cells CM	/PBMC/T cells/T cells CD4/T cells CM	0.04518183269429399	6.857436305402779e-4	6.076669512615453e-4	7.134593835737256e-4	5
dataset_name-FR-FCM-Z3YR_seed-42	random	2	/PBMC/B cells/B cells DN	/PBMC/B cells/B cells DN	0.005542814596384715	1.996759822271148e-4	1.0724455218135517e-4	0.0014939231743094864	5
dataset_name-FR-FCM-Z3YR_seed-42	random	20	/PBMC/T cells/T cells CD4/T cells EM	/PBMC/T cells/T cells CD4/T cells EM	0.014116532640599488	3.6314051653017147e-4	2.479174318311601e-4	6.568036073776999e-4	5
dataset_name-FR-FCM-Z3YR_seed-42	random	21	/PBMC/T cells/T cells CD4/T cells Naive	/PBMC/T cells/T cells CD4/T cells Naive	0.04895288308636141	7.418893897470155e-4	8.600218036229239e-4	6.530442504033278e-4	5
dataset_name-FR-FCM-Z3YR_seed-42	random	22	/PBMC/T cells/T cells CD4/T cells TEMRA	/PBMC/T cells/T cells CD4/T cells TEMRA	5.722444591406717e-4	5.9922222113632235e-5	3.0210240758117077e-5	0.0037119289551950105	5
dataset_name-FR-FCM-Z3YR_seed-42	random	23	/PBMC/T cells/T cells CD4hiCD8hi	/PBMC/T cells/T cells CD4hiCD8hi	0.004774477094725468	1.5020316040654266e-4	8.11270742102663e-5	0.0011975338182168243	5
dataset_name-FR-FCM-Z3YR_seed-42	random	24	/PBMC/T cells/T cells CD4lowCD8low	/PBMC/T cells/T cells CD4lowCD8low	0.03149079083763015	2.4872704463273134e-4	2.1292369405822195e-4	4.798742688413988e-4	5
dataset_name-FR-FCM-Z3YR_seed-42	random	25	/PBMC/T cells/T cells CD8/T cells CM	/PBMC/T cells/T cells CD8/T cells CM	0.03143968087330012	5.749642432042248e-4	4.170733781070584e-4	8.616115146426234e-4	5
dataset_name-FR-FCM-Z3YR_seed-42	random	26	/PBMC/T cells/T cells CD8/T cells EM	/PBMC/T cells/T cells CD8/T cells EM	0.010211243032588517	2.2761700867735668e-4	1.2504049682430428e-4	0.0011184787040564022	5
dataset_name-FR-FCM-Z3YR_seed-42	random	27	/PBMC/T cells/T cells CD8/T cells Naive	/PBMC/T cells/T cells CD8/T cells Naive	0.030414783355041854	2.004593829534142e-4	1.677528813833961e-4	4.8729429505280384e-4	5
dataset_name-FR-FCM-Z3YR_seed-42	random	28	/PBMC/T cells/T cells CD8/T cells TEMRA	/PBMC/T cells/T cells CD8/T cells TEMRA	0.0032134626851120607	1.337262092248352e-4	6.923882108622519e-5	0.0019120824152469224	5
dataset_name-FR-FCM-Z3YR_seed-42	random	3	/PBMC/B cells/B cells NSM	/PBMC/B cells/B cells NSM	0.005706704280745726	2.8190437852967964e-4	1.552688402628631e-4	0.001581314487246499	5
dataset_name-FR-FCM-Z3YR_seed-42	random	4	/PBMC/B cells/B cells Naive/B cells TR	/PBMC/B cells/B cells Naive/B cells TR	0.006975976616740955	2.580555941812008e-4	1.4511323338900007e-4	0.0014047069509975647	5
dataset_name-FR-FCM-Z3YR_seed-42	random	5	/PBMC/B cells/B cells SWME/B cells CD27hi CD20hi	/PBMC/B cells/B cells SWME/B cells CD27hi CD20hi	0.010834653520699808	3.831440646945718e-4	2.1961359497658776e-4	0.0015372726798445688	5
dataset_name-FR-FCM-Z3YR_seed-42	random	6	/PBMC/B cells/B cells SWME/B cells PB	/PBMC/B cells/B cells SWME/B cells PB	7.497295042327314e-4	1.1425725025028824e-4	5.757834745185683e-5	0.006870617432393277	5
dataset_name-FR-FCM-Z3YR_seed-42	random	7	/PBMC/B cells/B cells SWME/B cells PC	/PBMC/B cells/B cells SWME/B cells PC	0.001086396517129442	8.26248466492714e-5	4.194778875884004e-5	0.0027967890993827213	5
dataset_name-FR-FCM-Z3YR_seed-42	random	8	/PBMC/CD3 CD19 DP	/PBMC/CD3 CD19 DP	0.005165966359947369	1.4199329441005236e-4	7.860200269762632e-5	7.96879491485916e-4	5
dataset_name-FR-FCM-Z3YR_seed-42	random	9	/PBMC/CD3-CD19-/CD7hi cells/NK cells CD56 hi	/PBMC/CD3-CD19-/CD7hi cells/NK cells CD56 hi	0.0026659618997585803	1.674656026928511e-4	8.698575464592327e-5	0.0023415128248693265	5
dataset_name-FlowCyt_seed-42	cyanno	1	B_Lymphocytes	B_Lymphocytes	0.9414648586510455	0.07936602605561255	0.1328002672939759	0.001636410908367494	5
dataset_name-FlowCyt_seed-42	cyanno	2	HSPCs	HSPCs	0.9053285664730559	0.026875681777710245	0.060451930842856647	0.01738506057186477	5
dataset_name-FlowCyt_seed-42	cyanno	3	Mast_cells	Mast_cells	0.725852865199933	0.3324784147002234	0.022363283317655226	0.3361003183632744	5
dataset_name-FlowCyt_seed-42	cyanno	4	Monocytes	Monocytes	0.9590378524674709	0.02489985473206794	0.0029635261604290157	0.04834005722902026	5
dataset_name-FlowCyt_seed-42	cyanno	5	T_Lymphocytes	T_Lymphocytes	0.9828445141729325	0.011841242279453922	0.01051719052784718	0.032456699635370984	5
dataset_name-FlowCyt_seed-42	cygate	1	B_Lymphocytes	B_Lymphocytes	0.953127467953094	0.020161835871812857	0.03927125549978793	0.003001713480607812	5
dataset_name-FlowCyt_seed-42	cygate	2	HSPCs	HSPCs	0.75734657555106	0.10500978172215678	0.034211476685162896	0.1451030769128421	5
dataset_name-FlowCyt_seed-42	cygate	3	Mast_cells	Mast_cells	0.3080106831884767	0.194001798307115	0.17694887950838445	0.05807207582817174	5
dataset_name-FlowCyt_seed-42	cygate	4	Monocytes	Monocytes	0.9644630250486752	0.006824012945365285	0.008195957352091733	0.016436668490449207	5
dataset_name-FlowCyt_seed-42	cygate	5	T_Lymphocytes	T_Lymphocytes	0.9490463803454982	0.006855592241428756	0.0028705430491569916	0.013162903585460422	5
dataset_name-FlowCyt_seed-42	dgcytof	1	B_Lymphocytes	B_Lymphocytes	0.8042359787818606	0.0061129548130669	0.010423472818715362	0.00560819586810163	5
dataset_name-FlowCyt_seed-42	dgcytof	2	HSPCs	HSPCs	0.9010148161889284	0.025810842075168997	0.06660854985587959	0.026925190437009666	5
dataset_name-FlowCyt_seed-42	dgcytof	3	Mast_cells	Mast_cells	0.6313708291321656	0.367777622194688	0.1924020176384727	0.38556176332348896	5
dataset_name-FlowCyt_seed-42	dgcytof	4	Monocytes	Monocytes	0.9650841835361279	0.01666283006191019	0.01456524641527124	0.04013780998243034	5
dataset_name-FlowCyt_seed-42	dgcytof	5	T_Lymphocytes	T_Lymphocytes	0.9613050255788989	3.9397621121883e-4	5.588323194586561e-4	9.009937106844176e-4	5
dataset_name-FlowCyt_seed-42	gatemeclass[E]	1	B_Lymphocytes	B_Lymphocytes	NA	NA	NA	0	5
dataset_name-FlowCyt_seed-42	gatemeclass[E]	2	HSPCs	HSPCs	NA	NA	NA	0	5
dataset_name-FlowCyt_seed-42	gatemeclass[E]	3	Mast_cells	Mast_cells	NA	NA	NA	0	5
dataset_name-FlowCyt_seed-42	gatemeclass[E]	4	Monocytes	Monocytes	NA	NA	NA	0	5
dataset_name-FlowCyt_seed-42	gatemeclass[E]	5	T_Lymphocytes	T_Lymphocytes	NA	NA	NA	0	5
dataset_name-FlowCyt_seed-42	gatemeclass[V]	1	B_Lymphocytes	B_Lymphocytes	NA	NA	NA	0	5
dataset_name-FlowCyt_seed-42	gatemeclass[V]	2	HSPCs	HSPCs	NA	NA	NA	0	5
dataset_name-FlowCyt_seed-42	gatemeclass[V]	3	Mast_cells	Mast_cells	NA	NA	NA	0	5
dataset_name-FlowCyt_seed-42	gatemeclass[V]	4	Monocytes	Monocytes	NA	NA	NA	0	5
dataset_name-FlowCyt_seed-42	gatemeclass[V]	5	T_Lymphocytes	T_Lymphocytes	NA	NA	NA	0	5
dataset_name-FlowCyt_seed-42	knn	1	B_Lymphocytes	B_Lymphocytes	0.9846806079478899	0.0033115380529145553	0.008204958396310894	0.0021938272370195864	5
dataset_name-FlowCyt_seed-42	knn	2	HSPCs	HSPCs	0.7906871205701094	0.06460267628007861	0.14971942013879722	0.04639017681997097	5
dataset_name-FlowCyt_seed-42	knn	3	Mast_cells	Mast_cells	0.5694134943054028	0.20175067673795988	0.20974654803101173	0.01302702918136108	5
dataset_name-FlowCyt_seed-42	knn	4	Monocytes	Monocytes	0.9398438648028112	0.07671769347655635	0.13160427466617486	0.02341066201468915	5
dataset_name-FlowCyt_seed-42	knn	5	T_Lymphocytes	T_Lymphocytes	0.9599996952488181	5.570965006373628e-4	0.0010613480642731243	0.0015322331695407988	5
dataset_name-FlowCyt_seed-42	lda	1	B_Lymphocytes	B_Lymphocytes	0.9904572124738701	0.002081799221407797	0.004844707312235621	9.412824284117886e-4	5
dataset_name-FlowCyt_seed-42	lda	2	HSPCs	HSPCs	0.9659503517011491	0.010630278446253203	0.0029463710901718437	0.020603274346994688	5
dataset_name-FlowCyt_seed-42	lda	3	Mast_cells	Mast_cells	0.7319569319402267	0.1962474429767366	0.2676879401181822	0.01965999147958437	5
dataset_name-FlowCyt_seed-42	lda	4	Monocytes	Monocytes	0.9908432809902853	0.0016676698306117184	0.00409037133482599	0.0010821216694703207	5
dataset_name-FlowCyt_seed-42	lda	5	T_Lymphocytes	T_Lymphocytes	0.9990972815415022	1.9725743481938373e-4	1.8137165037255211e-4	4.133380415028588e-4	5
dataset_name-FlowCyt_seed-42	random	1	B_Lymphocytes	B_Lymphocytes	0.14553424893343542	0.0016009508254566094	0.0024769537582622183	7.811606556647608e-4	5
dataset_name-FlowCyt_seed-42	random	2	HSPCs	HSPCs	0.12272432303675064	0.001565377409499396	0.0018925864818791645	9.194595565682445e-4	5
dataset_name-FlowCyt_seed-42	random	3	Mast_cells	Mast_cells	0.003479074604965641	1.987175624726882e-4	1.0047275821415552e-4	0.009211573676007485	5
dataset_name-FlowCyt_seed-42	random	4	Monocytes	Monocytes	0.155962551194963	0.0027064985620169927	0.004837196285312373	5.965220333378194e-4	5
dataset_name-FlowCyt_seed-42	random	5	T_Lymphocytes	T_Lymphocytes	0.2633909841375045	4.950493845965142e-4	0.004330677467605044	2.5917020707688795e-4	5
dataset_name-Levine_seed-42	cyanno	1	Basophils	Basophils	0.9501163900019081	0.051689896967790513	0.010743833881664838	0.10520714244963272	2
dataset_name-Levine_seed-42	cyanno	10	Monocytes	Monocytes	0.9999224252955596	1.0970719911672574e-4	2.1938036149993977e-4	0	2
dataset_name-Levine_seed-42	cyanno	11	Plasma_B_cells	Plasma_B_cells	0.9041809192759906	0.04007091842589361	0.021213203435596444	0.053181012349775826	2
dataset_name-Levine_seed-42	cyanno	12	Pre_B_cells	Pre_B_cells	0.9923010566650048	0.005068141181637255	0.0054876616258809395	0.0046409156283127	2
dataset_name-Levine_seed-42	cyanno	13	Pro_B_cells	Pro_B_cells	0.9652478536890234	0.0068615012812088564	0.02462560929505386	0.009708251373672035	2
dataset_name-Levine_seed-42	cyanno	14	pDCs	pDCs	0.947478502139196	0.07062231598011538	0.12828414859565637	1.4451925619045531e-4	2
dataset_name-Levine_seed-42	cyanno	2	CD16+_NK_cells	CD16+_NK_cells	0.9897267456981533	0.0065790895466670335	0.00469571054634107	0.008456579435629795	2
dataset_name-Levine_seed-42	cyanno	3	CD16-_NK_cells	CD16-_NK_cells	0.9945249362715607	0.0020327604063732946	0.0018994625714902373	0.002165698390057485	2
dataset_name-Levine_seed-42	cyanno	4	CD34+CD38+CD123+_HSPCs	CD34+CD38+CD123+_HSPCs	0.9666380502694711	0.017840391436432596	0.005942073791483571	0.03897940461954305	2
dataset_name-Levine_seed-42	cyanno	5	CD34+CD38+CD123-_HSPCs	CD34+CD38+CD123-_HSPCs	0.9958843546497316	6.52751427055199e-4	0.0024325183432957627	0.0011507026544939438	2
dataset_name-Levine_seed-42	cyanno	6	CD34+CD38lo_HSCs	CD34+CD38lo_HSCs	0.9992481203007519	0.0010633184679496876	0	0.00212344378734702	2
dataset_name-Levine_seed-42	cyanno	7	CD4_T_cells	CD4_T_cells	0.9994622695563025	3.311094527347731e-4	6.46612600134598e-4	1.5401044569575688e-5	2
dataset_name-Levine_seed-42	cyanno	8	CD8_T_cells	CD8_T_cells	0.9991248679155953	3.1604506141967635e-4	2.877145042721562e-4	9.196472395130812e-4	2
dataset_name-Levine_seed-42	cyanno	9	Mature_B_cells	Mature_B_cells	0.9997565330303522	3.443142904657642e-4	4.590112179075228e-4	2.2958012376183672e-4	2
dataset_name-Levine_seed-42	cygate	1	Basophils	Basophils	0.985825334244091	0.0015450421996758702	0.002677474405406937	0.005885253640407064	2
dataset_name-Levine_seed-42	cygate	10	Monocytes	Monocytes	0.994334146032528	0.004717626178728324	9.235752211044253e-4	0.010246737767748015	2
dataset_name-Levine_seed-42	cygate	11	Plasma_B_cells	Plasma_B_cells	0.9466906183584658	0.010841683771861342	0.026627452011208932	0.04344788367443948	2
dataset_name-Levine_seed-42	cygate	12	Pre_B_cells	Pre_B_cells	0.9817235833864539	0.019509538275615818	0.004617158162287386	0.03391523472719422	2
dataset_name-Levine_seed-42	cygate	13	Pro_B_cells	Pro_B_cells	0.9555016181229774	0.040046500552636144	0.051715943668462466	0.028113477936258405	2
dataset_name-Levine_seed-42	cygate	14	pDCs	pDCs	0.9905746693575976	0.008461225390349577	0.0025400259697905656	0.01919882734161782	2
dataset_name-Levine_seed-42	cygate	2	CD16+_NK_cells	CD16+_NK_cells	0.927505557703946	0.03580666626856106	0.0038654451552277585	0.06087654101630442	2
dataset_name-Levine_seed-42	cygate	3	CD16-_NK_cells	CD16-_NK_cells	0.8660841286192248	0.0684073724256485	0.009616783689373444	0.1113976938163939	2
dataset_name-Levine_seed-42	cygate	4	CD34+CD38+CD123+_HSPCs	CD34+CD38+CD123+_HSPCs	0.9479549927269615	0.0051730666374133856	0.016749537918216165	0.007643020513635897	2
dataset_name-Levine_seed-42	cygate	5	CD34+CD38+CD123-_HSPCs	CD34+CD38+CD123-_HSPCs	0.9896126435332631	0.003107519734206853	0.007732849138048063	0.0014575938271107556	2
dataset_name-Levine_seed-42	cygate	6	CD34+CD38lo_HSCs	CD34+CD38lo_HSCs	0.997378277153558	0.003707676006221622	0.005284804044742471	0.00212344378734702	2
dataset_name-Levine_seed-42	cygate	7	CD4_T_cells	CD4_T_cells	0.9982770158936456	7.199722222377596e-4	9.874161720013195e-4	4.519344653100477e-4	2
dataset_name-Levine_seed-42	cygate	8	CD8_T_cells	CD8_T_cells	0.9978761951956137	7.502764223178256e-4	3.696131983911101e-4	0.00186726718275944	2
dataset_name-Levine_seed-42	cygate	9	Mature_B_cells	Mature_B_cells	0.9791080291737932	0.027184750953947748	0.0021639186273961306	0.050331615799393145	2
dataset_name-Levine_seed-42	dgcytof	1	Basophils	Basophils	0.9544385214242277	0.05632153723888789	0.004512771974821687	0.10791636383348918	2
dataset_name-Levine_seed-42	dgcytof	10	Monocytes	Monocytes	0.9994223276345924	6.752047185673227e-4	6.48183175441225e-4	7.022350256957979e-4	2
dataset_name-Levine_seed-42	dgcytof	11	Plasma_B_cells	Plasma_B_cells	0.821981460568417	0.03215785356751362	0.1262666732076121	0.061308676501345326	2
dataset_name-Levine_seed-42	dgcytof	12	Pre_B_cells	Pre_B_cells	0.9835433408932952	0.0139042239095772	0.014475534643648933	0.013323625643534237	2
dataset_name-Levine_seed-42	dgcytof	13	Pro_B_cells	Pro_B_cells	0.9164467068878833	0.08581090965756809	0.10916701557633932	0.061991230125634504	2
dataset_name-Levine_seed-42	dgcytof	14	pDCs	pDCs	0.94047533074851275	0.06696408161798835	0.13266263637862477	0.01248053473973536	2
dataset_name-Levine_seed-42	dgcytof	2	CD16+_NK_cells	CD16+_NK_cells	0.9714749451982939	0.03242662142523798	0.0074805283087663954	0.06880849775330601	2
dataset_name-Levine_seed-42	dgcytof	3	CD16-_NK_cells	CD16-_NK_cells	0.9873740348526934	0.007760132621915151	0.02195594067120267	0.006795546094302921	2
dataset_name-Levine_seed-42	dgcytof	4	CD34+CD38+CD123+_HSPCs	CD34+CD38+CD123+_HSPCs	0.9176719576719576	0.0032923490340961976	0.011161283695387124	0.00560488170999959	2
dataset_name-Levine_seed-42	dgcytof	5	CD34+CD38+CD123-_HSPCs	CD34+CD38+CD123-_HSPCs	0.9792991442595108	0.016058481759871943	0.017998563687288586	0.014097499945739084	2
dataset_name-Levine_seed-42	dgcytof	6	CD34+CD38lo_HSCs	CD34+CD38lo_HSCs	0.9643526068117224	0.025308644146088882	0.018498986255047884	0.06618349596403095	2
dataset_name-Levine_seed-42	dgcytof	7	CD4_T_cells	CD4_T_cells	0.9963465792500205	0.004565910295202637	1.661381944034178e-4	0.009242970996702458	2
dataset_name-Levine_seed-42	dgcytof	8	CD8_T_cells	CD8_T_cells	0.9949831531227717	0.0061726465307199024	0.012629472499292084	3.957524754180428e-4	2
dataset_name-Levine_seed-42	dgcytof	9	Mature_B_cells	Mature_B_cells	0.9979537563776582	0.0018829508847989286	4.616709580913047e-4	0.003294474775982765	2
dataset_name-Levine_seed-42	gatemeclass[E]	1	Basophils	Basophils	0.9550970898610489	0.005238824410756966	0.03284642041868596	0.042514155859777775	2
dataset_name-Levine_seed-42	gatemeclass[E]	10	Monocytes	Monocytes	0.9678371914961704	0.04355297427241928	4.543238572883145e-4	0.08232264390983222	2
dataset_name-Levine_seed-42	gatemeclass[E]	11	Plasma_B_cells	Plasma_B_cells	0.4118842659014826	0.05562843878775091	0.05277706405445295	0.0620110672304933	2
dataset_name-Levine_seed-42	gatemeclass[E]	12	Pre_B_cells	Pre_B_cells	0.8848210920397361	0.04479739459333519	0.06121338741058736	0.14223967520213068	2
dataset_name-Levine_seed-42	gatemeclass[E]	13	Pro_B_cells	Pro_B_cells	0.48245214824764493	0.1985968900608105	0.17450771730049058	0.09935226695139761	2
dataset_name-Levine_seed-42	gatemeclass[E]	14	pDCs	pDCs	0.8792439101550142	0.03032886345880158	0.03810637609790971	0.0177906909992486	2
dataset_name-Levine_seed-42	gatemeclass[E]	2	CD16+_NK_cells	CD16+_NK_cells	0.8510064013497204	0.17297544329659353	0.27299139596496824	0.004719911956368078	2
dataset_name-Levine_seed-42	gatemeclass[E]	3	CD16-_NK_cells	CD16-_NK_cells	0.9047272546992697	0.10086098064723467	0.005270893498094344	0.17470161670150244	2
dataset_name-Levine_seed-42	gatemeclass[E]	4	CD34+CD38+CD123+_HSPCs	CD34+CD38+CD123+_HSPCs	0.7288802978235968	0.010225914218190298	0.26778008281620735	0.1967440863885106	2
dataset_name-Levine_seed-42	gatemeclass[E]	5	CD34+CD38+CD123-_HSPCs	CD34+CD38+CD123-_HSPCs	0.6350450986569585	0.10244265288867309	0.017932354391302648	0.10828524137531928	2
dataset_name-Levine_seed-42	gatemeclass[E]	6	CD34+CD38lo_HSCs	CD34+CD38lo_HSCs	0.703593153738618	0.051274392052488724	0.06453092570126709	0.00919026471163775	2
dataset_name-Levine_seed-42	gatemeclass[E]	7	CD4_T_cells	CD4_T_cells	0.9897295838853282	0.009216337952185294	0.018507738219291782	4.4506272002388587e-4	2
dataset_name-Levine_seed-42	gatemeclass[E]	8	CD8_T_cells	CD8_T_cells	0.9851299113996117	0.012921282160581731	0.0016652886126904132	0.02680710459560039	2
dataset_name-Levine_seed-42	gatemeclass[E]	9	Mature_B_cells	Mature_B_cells	0.9916616316228446	0.0015989771197714034	8.384375800612397e-4	0.003987041482664426	2
dataset_name-Levine_seed-42	gatemeclass[V]	1	Basophils	Basophils	0.9232825997531879	0.05303543251186641	0.0021759401288273064	0.09568190955036557	2
dataset_name-Levine_seed-42	gatemeclass[V]	10	Monocytes	Monocytes	0.9903373185598964	0.0015475607087431925	0.01136858204478879	0.008248674629592419	2
dataset_name-Levine_seed-42	gatemeclass[V]	11	Plasma_B_cells	Plasma_B_cells	0.579436013087602	0.2788259663730121	0.33975174691634347	0.046859495787443986	2
dataset_name-Levine_seed-42	gatemeclass[V]	12	Pre_B_cells	Pre_B_cells	0.9307728461953662	0.00625112637364576	0.012879382573464914	0.028488578867556798	2
dataset_name-Levine_seed-42	gatemeclass[V]	13	Pro_B_cells	Pro_B_cells	0.6916820191599116	0.182391341993236	0.19797548741376825	0.11063361461247019	2
dataset_name-Levine_seed-42	gatemeclass[V]	14	pDCs	pDCs	0.8670825575484495	0.038482412608365005	0.1764393698013748	0.11898010968628903	2
dataset_name-Levine_seed-42	gatemeclass[V]	2	CD16+_NK_cells	CD16+_NK_cells	0.8032433894119089	0.24022461806735126	0.3484670737042713	0.00138432699186416	2
dataset_name-Levine_seed-42	gatemeclass[V]	3	CD16-_NK_cells	CD16-_NK_cells	0.8297558069991546	0.16140751326865682	0.050714087242290457	0.2848615004307438	2
dataset_name-Levine_seed-42	gatemeclass[V]	4	CD34+CD38+CD123+_HSPCs	CD34+CD38+CD123+_HSPCs	0.40218216602397394	0.20443170851414855	0.17903037174090475	0.058532798766928275	2
dataset_name-Levine_seed-42	gatemeclass[V]	5	CD34+CD38+CD123-_HSPCs	CD34+CD38+CD123-_HSPCs	0.736071299322737	0.18621755360085285	0.0088782635001311	0.2517064586732416	2
dataset_name-Levine_seed-42	gatemeclass[V]	6	CD34+CD38lo_HSCs	CD34+CD38lo_HSCs	0.8472130695885596	0.08934366432903264	0.011202159568262836	0.13708103713597222	2
dataset_name-Levine_seed-42	gatemeclass[V]	7	CD4_T_cells	CD4_T_cells	0.9930875345299839	0.0024668830092334946	0.003645195200164166	0.0012912156204565198	2
dataset_name-Levine_seed-42	gatemeclass[V]	8	CD8_T_cells	CD8_T_cells	0.9902017002177952	0.0029445893723381643	3.9991550407714063e-4	0.005515618315201124	2
dataset_name-Levine_seed-42	gatemeclass[V]	9	Mature_B_cells	Mature_B_cells	0.9610304184852649	0.0050679898283725825	0.0017496589717868876	0.007920514269784388	2
dataset_name-Levine_seed-42	knn	1	Basophils	Basophils	0.9474717887660812	0.029348481518613023	0.03358626306492749	0.08726785836033346	2
dataset_name-Levine_seed-42	knn	10	Monocytes	Monocytes	0.9988520490555357	0.0010564014584444044	3.76091366610954e-4	0.0017354025307973783	2
dataset_name-Levine_seed-42	knn	11	Plasma_B_cells	Plasma_B_cells	0.7469751728472659	0.09027722497078412	0.16773720824065202	0.07425273422421536	2
dataset_name-Levine_seed-42	knn	12	Pre_B_cells	Pre_B_cells	0.9596657352477919	0.026478692166059133	0.004871907981243645	0.04725379292191221	2
dataset_name-Levine_seed-42	knn	13	Pro_B_cells	Pro_B_cells	0.773125884016973	0.11881794286416103	0.12817498502329103	0.09189129598829789	2
dataset_name-Levine_seed-42	knn	14	pDCs	pDCs	0.9239433684087921	0.04033761245557565	0.1264722478778656	0.056514440414401186	2
dataset_name-Levine_seed-42	knn	2	CD16+_NK_cells	CD16+_NK_cells	0.9367661845850613	0.029467941193087023	0.006069061658801621	0.05084440115350408	2
dataset_name-Levine_seed-42	knn	3	CD16-_NK_cells	CD16-_NK_cells	0.9660380364438739	3.288970286263639e-4	0.005180866208861407	0.004646532591688162	2
dataset_name-Levine_seed-42	knn	4	CD34+CD38+CD123+_HSPCs	CD34+CD38+CD123+_HSPCs	0.7209928915386379	0.10596062405535628	0.17776958027632497	0.06044355389533727	2
dataset_name-Levine_seed-42	knn	5	CD34+CD38+CD123-_HSPCs	CD34+CD38+CD123-_HSPCs	0.8853458467750068	0.03482879178117092	0.00820624531602181	0.05173371992256453	2
dataset_name-Levine_seed-42	knn	6	CD34+CD38lo_HSCs	CD34+CD38lo_HSCs	0.8524522157346441	0.08729500322340016	0.14291745105957118	0.013080413730057453	2
dataset_name-Levine_seed-42	knn	7	CD4_T_cells	CD4_T_cells	0.9946448043731106	0.0021824872515197437	0.0021272883215324037	0.0022383940690929934	2
dataset_name-Levine_seed-42	knn	8	CD8_T_cells	CD8_T_cells	0.9924614591414025	0.0031589201045190743	0.0024986756994141977	0.003809260115674674	2
dataset_name-Levine_seed-42	knn	9	Mature_B_cells	Mature_B_cells	0.9920807472696251	0.0010153817968953417	0.002661620558941525	0.004618386823009556	2
dataset_name-Levine_seed-42	lda	1	Basophils	Basophils	0.9234599706687634	0.06279663079543944	0.027885226470481635	0.1366953973285991	2
dataset_name-Levine_seed-42	lda	10	Monocytes	Monocytes	0.9995500387897596	6.363412460638346e-4	7.021042881336279e-4	5.705659583778161e-4	2
dataset_name-Levine_seed-42	lda	11	Plasma_B_cells	Plasma_B_cells	0.7541454081632653	0.020593883720781626	0.01493268978903274	0.08057425078654712	2
dataset_name-Levine_seed-42	lda	12	Pre_B_cells	Pre_B_cells	0.9386919318659592	0.04471147635409503	0.003965859300118167	0.08062796901788938	2
dataset_name-Levine_seed-42	lda	13	Pro_B_cells	Pro_B_cells	0.7889235401656092	0.1487669326501089	0.19658768509637947	0.042046616481806125	2
dataset_name-Levine_seed-42	lda	14	pDCs	pDCs	0.9248779947084853	0.07042004927590617	0.14631405454501226	0.02359740060054464	2
dataset_name-Levine_seed-42	lda	2	CD16+_NK_cells	CD16+_NK_cells	0.9144219977553312	0.10594697563232786	0.00910607836914363	0.18961725892838405	2
dataset_name-Levine_seed-42	lda	3	CD16-_NK_cells	CD16-_NK_cells	0.9703764625288669	0.027691786509789665	0.054515297648931815	8.302817113654217e-4	2
dataset_name-Levine_seed-42	lda	4	CD34+CD38+CD123+_HSPCs	CD34+CD38+CD123+_HSPCs	0.9105008537279453	0.02555565202353206	0.042676987347360876	0.007451945000795005	2
dataset_name-Levine_seed-42	lda	5	CD34+CD38+CD123-_HSPCs	CD34+CD38+CD123-_HSPCs	0.8394831621719372	0.07541536886189462	0.02553203093390266	0.10411993169398667	2
dataset_name-Levine_seed-42	lda	6	CD34+CD38lo_HSCs	CD34+CD38lo_HSCs	0.7505144082848851	0.07430966091076809	0.11655606283294745	0.010022654676277741	2
dataset_name-Levine_seed-42	lda	7	CD4_T_cells	CD4_T_cells	0.9969214673516723	0.002210305287351715	0.004010282748589939	3.899987762321689e-4	2
dataset_name-Levine_seed-42	lda	8	CD8_T_cells	CD8_T_cells	0.9938320166676967	0.002977346588398756	7.696908619838432e-4	0.006661180432923443	2
dataset_name-Levine_seed-42	lda	9	Mature_B_cells	Mature_B_cells	0.9849414638663578	0.004371457997452577	0.013860457101221262	0.005177031790830093	2
dataset_name-Levine_seed-42	random	1	Basophils	Basophils	0.01606248887616106	0.005750074212914296	0.003738609230947213	0.00542417050848226	2
dataset_name-Levine_seed-42	random	10	Monocytes	Monocytes	0.10162872018005034	0.0022638439583158804	0.041029069032259044	0.0032620034732857915	2
dataset_name-Levine_seed-42	random	11	Plasma_B_cells	Plasma_B_cells	0.003569359157368381	0.002561306788894756	0.0013491137120336984	0.024483333987443963	2
dataset_name-Levine_seed-42	random	12	Pre_B_cells	Pre_B_cells	0.06584803214161071	0.012526554147428001	0.026765951060906987	0.002822555372741621	2
dataset_name-Levine_seed-42	random	13	Pro_B_cells	Pro_B_cells	0.008801766883300591	0.0057636227039847224	0.0034611345186991395	0.005303581768950426	2
dataset_name-Levine_seed-42	random	14	pDCs	pDCs	0.023946717829214235	0.010643008902079455	0.007598288641263763	0.003920548026912109	2
dataset_name-Levine_seed-42	random	2	CD16+_NK_cells	CD16+_NK_cells	0.028683156404643514	0.01055721985288879	0.008307562515145172	0.006705016554725853	2
dataset_name-Levine_seed-42	random	3	CD16-_NK_cells	CD16-_NK_cells	0.04919508406610904	0.0022288521182285744	3.34807757433824e-4	0.007132372259551677	2
dataset_name-Levine_seed-42	random	4	CD34+CD38+CD123+_HSPCs	CD34+CD38+CD123+_HSPCs	0.0044233098294847	0.0012602449157377395	6.91187638522472e-4	1.9107551284089645e-4	2
dataset_name-Levine_seed-42	random	5	CD34+CD38+CD123-_HSPCs	CD34+CD38+CD123-_HSPCs	0.04811690071358026	0.016971772914414388	0.015935185442402744	0.014053499215000952	2
dataset_name-Levine_seed-42	random	6	CD34+CD38lo_HSCs	CD34+CD38lo_HSCs	0.018217295214646247	0.0010697116247631619	4.94537245459657e-4	0.011262745848088429	2
dataset_name-Levine_seed-42	random	7	CD4_T_cells	CD4_T_cells	0.10614749300711385	9.199437944934263e-4	0.0069618965712574575	2.5506440911126103e-4	2
dataset_name-Levine_seed-42	random	8	CD8_T_cells	CD8_T_cells	0.10064851361909409	0.004385577519955028	0.02608175403841545	9.728233027663394e-4	2
dataset_name-Levine_seed-42	random	9	Mature_B_cells	Mature_B_cells	0.09061718926370303	0.008375683368815182	0.030699433455205462	0.002686087448013835	2
dataset_name-Samusik_seed-42	cyanno	1	B-cell Frac A-C (pro-B cells)	B-cell Frac A-C (pro-B cells)	0.9020688352503263	0.010701282177025123	0.009428674447396238	0.02155038590816233	5
dataset_name-Samusik_seed-42	cyanno	10	HSC	HSC	NA	NA	NA	0	5
dataset_name-Samusik_seed-42	cyanno	11	IgD- IgMpos B cells	IgD- IgMpos B cells	0.9957780135230393	0.00202429624961643	0.004063906942726055	1.677927960924346e-4	5
dataset_name-Samusik_seed-42	cyanno	12	IgDpos IgMpos B cells	IgDpos IgMpos B cells	0.9991624997568088	1.5875857762035576e-4	3.189393439715207e-4	4.353079237844016e-6	5
dataset_name-Samusik_seed-42	cyanno	13	IgM- IgD- B-cells	IgM- IgD- B-cells	0.9960381633242663	6.78116703870022e-4	7.487811889057799e-4	6.659938294579258e-4	5
dataset_name-Samusik_seed-42	cyanno	14	Intermediate Monocytes	Intermediate Monocytes	0.9971265177622396	7.465652128213992e-4	0.0010613153759334922	6.985171092345721e-4	5
dataset_name-Samusik_seed-42	cyanno	15	MEP	MEP	0.9948213855867992	8.557789219189431e-4	0.001579603338648529	3.378589304246705e-4	5
dataset_name-Samusik_seed-42	cyanno	16	MPP	MPP	0.9530147378787508	0.010200965763878824	0.020131763673196704	0.002414738895558449	5
dataset_name-Samusik_seed-42	cyanno	17	Macrophages	Macrophages	0.9436602364304935	0.011264667658938432	0.006648769657632642	0.016547308557519593	5
dataset_name-Samusik_seed-42	cyanno	18	NK cells	NK cells	0.9809266346558274	0.007804788379168867	0.0025808961967464183	0.013210948804239031	5
dataset_name-Samusik_seed-42	cyanno	19	NKT cells	NKT cells	0.9896284138073449	0.0032725183602611905	0.005635535087975722	0.001019683466361761	5
dataset_name-Samusik_seed-42	cyanno	2	Basophils	Basophils	0.9868184976109693	0.001729405322717721	0.002657441371436747	0.004079833312180227	5
dataset_name-Samusik_seed-42	cyanno	20	Non-Classical Monocytes	Non-Classical Monocytes	0.9946911598237107	7.106163820206257e-4	0.0018440658542959547	7.154910977857529e-4	5
dataset_name-Samusik_seed-42	cyanno	21	Plasma Cells	Plasma Cells	0.8912618175767006	0.0791095470255545	0.002747818065222845	0.13259032977006607	5
dataset_name-Samusik_seed-42	cyanno	22	gd T cells	gd T cells	0.9272477249465558	0.028199025238597523	0.0014662740836064011	0.047757049505209453	5
dataset_name-Samusik_seed-42	cyanno	23	mDCs	mDCs	0.9610283576623111	0.007058071377254187	0.02145579369373018	0.012579776122287735	5
dataset_name-Samusik_seed-42	cyanno	24	pDCs	pDCs	0.9992018026721846	2.814595961542178e-4	1.2572362122252226e-4	5.554355488268459e-4	5
dataset_name-Samusik_seed-42	cyanno	3	CD4 T cells	CD4 T cells	0.988948649708919	9.400852384509003e-4	8.957058337186108e-4	0.0018891651452276012	5
dataset_name-Samusik_seed-42	cyanno	4	CD8 T cells	CD8 T cells	0.9973598802948543	5.299883265098772e-4	0.0010551980908066146	1.592971529477174e-4	5
dataset_name-Samusik_seed-42	cyanno	5	CLP	CLP	0.8512064864203756	0.014505904456053936	0.004672157966574293	0.0244084749966435	5
dataset_name-Samusik_seed-42	cyanno	6	CMP	CMP	0.985555733908931	0.00111656299096029	0.00510420503812473	0.0058449082075985375	5
dataset_name-Samusik_seed-42	cyanno	7	Classical Monocytes	Classical Monocytes	0.9980499226207985	3.230725223314678e-4	7.935686587421749e-4	8.748382154451147e-4	5
dataset_name-Samusik_seed-42	cyanno	8	Eosinophils	Eosinophils	0.9986068401922233	3.9823580854999045e-4	0.0011206998078080418	3.827085610437928e-4	5
dataset_name-Samusik_seed-42	cyanno	9	GMP	GMP	0.9931548422336698	5.797927826420011e-4	0.001211115648850814	3.91308319343211e-4	5
dataset_name-Samusik_seed-42	cygate	1	B-cell Frac A-C (pro-B cells)	B-cell Frac A-C (pro-B cells)	0.8951770231151518	0.006980212580270214	0.0023195718655489557	0.010721511689057184	5
dataset_name-Samusik_seed-42	cygate	10	HSC	HSC	0.3449275362318841	0.08465554705223326	0.2365313220834201	0.17286311580187871	5
dataset_name-Samusik_seed-42	cygate	11	IgD- IgMpos B cells	IgD- IgMpos B cells	0.9886304633367323	3.911905242173377e-4	0.001199551987665594	0.0014023020850903233	5
dataset_name-Samusik_seed-42	cygate	12	IgDpos IgMpos B cells	IgDpos IgMpos B cells	0.9978098512968927	4.926477892886101e-4	1.355562398866317e-4	0.0010250127014447446	5
dataset_name-Samusik_seed-42	cygate	13	IgM- IgD- B-cells	IgM- IgD- B-cells	0.9857628391434364	0.00215157223930544	0.0029962641708074656	0.002713805203605732	5
dataset_name-Samusik_seed-42	cygate	14	Intermediate Monocytes	Intermediate Monocytes	0.9666317889921173	0.01221036568823871	0.00635445752987171	0.023041215991085533	5
dataset_name-Samusik_seed-42	cygate	15	MEP	MEP	0.9845512682901255	0.006692635386455692	0.00480833237434683	0.009122522739292238	5
dataset_name-Samusik_seed-42	cygate	16	MPP	MPP	0.9267861641618166	0.008584866927302313	0.00651412199152907	0.0133529081008533	5
dataset_name-Samusik_seed-42	cygate	17	Macrophages	Macrophages	0.8672412798179157	0.0298797272351855	0.009060489154950647	0.049119147232846085	5
dataset_name-Samusik_seed-42	cygate	18	NK cells	NK cells	0.944345152022011	0.014222339294019714	0.005825044041881431	0.029047346310169968	5
dataset_name-Samusik_seed-42	cygate	19	NKT cells	NKT cells	0.9753728573202654	0.01584636388314099	0.006154976566556684	0.026059494018651215	5
dataset_name-Samusik_seed-42	cygate	2	Basophils	Basophils	0.9603360809410415	0.007019194719580154	0.0020136579699565967	0.013429022176209464	5
dataset_name-Samusik_seed-42	cygate	20	Non-Classical Monocytes	Non-Classical Monocytes	0.9746318402972016	0.020084673016470135	0.0043149424989848886	0.042106028895590425	5
dataset_name-Samusik_seed-42	cygate	21	Plasma Cells	Plasma Cells	0.9847156064051785	0.0033341042331785273	0.00544836849227109	0.010742063713534747	5
dataset_name-Samusik_seed-42	cygate	22	gd T cells	gd T cells	0.9127536159144461	0.04305547999560746	0.00723473222868942	0.07500081741812391	5
dataset_name-Samusik_seed-42	cygate	23	mDCs	mDCs	0.948107972689527	0.010546610909994486	0.008450730628715201	0.01338963218334443	5
dataset_name-Samusik_seed-42	cygate	24	pDCs	pDCs	0.9871196406072978	0.0018859359469794424	8.981893355827393e-5	0.003635694647855918	5
dataset_name-Samusik_seed-42	cygate	3	CD4 T cells	CD4 T cells	0.957164892966302	0.020307540285392566	0.036553836399546735	0.008097731840275929	5
dataset_name-Samusik_seed-42	cygate	4	CD8 T cells	CD8 T cells	0.9860884216303093	0.007121988406686643	4.8749188858190174e-4	0.014117042687828797	5
dataset_name-Samusik_seed-42	cygate	5	CLP	CLP	0.7719619185753427	0.09556469248248498	0.016074891791981304	0.15479246816785894	5
dataset_name-Samusik_seed-42	cygate	6	CMP	CMP	0.9761673131084647	0.029030711951650478	0.009601360343257545	0.04813458239651971	5
dataset_name-Samusik_seed-42	cygate	7	Classical Monocytes	Classical Monocytes	0.9789713390837385	0.0078471730580411	0.0017022663447755287	0.015704938119886526	5
dataset_name-Samusik_seed-42	cygate	8	Eosinophils	Eosinophils	0.9871758539752805	0.005408041176537188	9.453051758100464e-5	0.01049849318835621	5
dataset_name-Samusik_seed-42	cygate	9	GMP	GMP	0.9795731114015837	0.00851051740326743	0.004320626414701869	0.020834313438385446	5
dataset_name-Samusik_seed-42	dgcytof	1	B-cell Frac A-C (pro-B cells)	B-cell Frac A-C (pro-B cells)	0.9264847103675767	0.022643398197078515	0.03244459029106213	0.06098637078799824	5
dataset_name-Samusik_seed-42	dgcytof	10	HSC	HSC	0.1636904761904762	0.19088621542981743	0.22263416678987577	0.1558355891519666	5
dataset_name-Samusik_seed-42	dgcytof	11	IgD- IgMpos B cells	IgD- IgMpos B cells	0.9963831327918116	5.711694149603008e-4	0.0015310562336432105	0.001135172977878912	5
dataset_name-Samusik_seed-42	dgcytof	12	IgDpos IgMpos B cells	IgDpos IgMpos B cells	0.9995495764406055	1.54299162445378e-4	4.984946214415814e-4	3.581360599724499e-4	5
dataset_name-Samusik_seed-42	dgcytof	13	IgM- IgD- B-cells	IgM- IgD- B-cells	0.9933648964923792	4.665260975094797e-4	0.0037302154058519283	0.003406355944188342	5
dataset_name-Samusik_seed-42	dgcytof	14	Intermediate Monocytes	Intermediate Monocytes	0.9983553189354026	3.34556551022106e-4	9.892446016069867e-4	5.607472181603623e-4	5
dataset_name-Samusik_seed-42	dgcytof	15	MEP	MEP	0.9918640371017338	0.0026887984769503343	0.0021539955195028024	0.006922224414245616	5
dataset_name-Samusik_seed-42	dgcytof	16	MPP	MPP	0.9153911173399945	0.019852969503684603	0.04955664662663023	0.04331517167636532	5
dataset_name-Samusik_seed-42	dgcytof	17	Macrophages	Macrophages	0.934799349091406	0.0181309365114843	0.02919574811042038	0.057466257510631724	5
dataset_name-Samusik_seed-42	dgcytof	18	NK cells	NK cells	0.979174985307049	0.003490634601495425	0.004697536813561789	0.01010806810592082	5
dataset_name-Samusik_seed-42	dgcytof	19	NKT cells	NKT cells	0.9911032681167338	0.0035204160184961995	0.005155140487288837	0.007839990111458351	5
dataset_name-Samusik_seed-42	dgcytof	2	Basophils	Basophils	0.9807002901501821	0.005430323498467964	0.012443453089136731	0.005364151521684659	5
dataset_name-Samusik_seed-42	dgcytof	20	Non-Classical Monocytes	Non-Classical Monocytes	0.9952174391872278	0.0017257070254866316	0.004370489762438918	0.0022460511102019684	5
dataset_name-Samusik_seed-42	dgcytof	21	Plasma Cells	Plasma Cells	0.9335462652461157	0.018440264679840394	0.06371616135162443	0.05535396931720724	5
dataset_name-Samusik_seed-42	dgcytof	22	gd T cells	gd T cells	0.9324837773790966	0.010950015826787477	0.02462904926521095	0.028108576467690237	5
dataset_name-Samusik_seed-42	dgcytof	23	mDCs	mDCs	0.9695493418157635	0.0058886868717349106	0.01841984391461986	0.01661131640038189	5
dataset_name-Samusik_seed-42	dgcytof	24	pDCs	pDCs	0.997561053215647	3.829456509274812e-4	0.0012932058070585673	7.703130307141494e-4	5
dataset_name-Samusik_seed-42	dgcytof	3	CD4 T cells	CD4 T cells	0.9819504190772197	0.010399784929467151	0.024526613619633826	0.004902854863313254	5
dataset_name-Samusik_seed-42	dgcytof	4	CD8 T cells	CD8 T cells	0.9968622182306166	0.001914843695404896	0.0040472601555614435	3.463532890306895e-4	5
dataset_name-Samusik_seed-42	dgcytof	5	CLP	CLP	0.8082960452459653	0.07492110507541248	0.061057089889348624	0.1458564913456551	5
dataset_name-Samusik_seed-42	dgcytof	6	CMP	CMP	0.9058587397419499	0.02772172560767966	0.04852738507240417	0.08835558676937934	5
dataset_name-Samusik_seed-42	dgcytof	7	Classical Monocytes	Classical Monocytes	0.9988886376477834	3.973332654026891e-4	4.576077137041651e-4	0.0010987801987249037	5
dataset_name-Samusik_seed-42	dgcytof	8	Eosinophils	Eosinophils	0.997386409808636	8.952719211283197e-4	7.706782694624592e-4	0.001946267673721201	5
dataset_name-Samusik_seed-42	dgcytof	9	GMP	GMP	0.9688725148731506	0.011241234395902956	0.026925944455027426	0.009259727841670357	5
dataset_name-Samusik_seed-42	gatemeclass[E]	1	B-cell Frac A-C (pro-B cells)	B-cell Frac A-C (pro-B cells)	0.14484401172623523	0.07438205288091816	0.03424680278727205	0.13290761676040916	5
dataset_name-Samusik_seed-42	gatemeclass[E]	10	HSC	HSC	0.027777777777777776	NA	0.010869565217391304	0.017200522903844537	5
dataset_name-Samusik_seed-42	gatemeclass[E]	11	IgD- IgMpos B cells	IgD- IgMpos B cells	0.7908108918401981	0.026379604684404746	0.09527076358213417	0.1328782535085809	5
dataset_name-Samusik_seed-42	gatemeclass[E]	12	IgDpos IgMpos B cells	IgDpos IgMpos B cells	0.9863381578714903	4.356260008383432e-4	8.650697753028291e-4	3.491366596662678e-4	5
dataset_name-Samusik_seed-42	gatemeclass[E]	13	IgM- IgD- B-cells	IgM- IgD- B-cells	0.5421622570149052	0.10302408513678364	0.18543098233957547	0.20953307096512924	5
dataset_name-Samusik_seed-42	gatemeclass[E]	14	Intermediate Monocytes	Intermediate Monocytes	0.9460415784388191	0.0028241687145932446	0.002106005282877228	0.006556069153986771	5
dataset_name-Samusik_seed-42	gatemeclass[E]	15	MEP	MEP	0.9502754551324685	0.021431556520277666	0.0036866951424183434	0.04388633695480285	5
dataset_name-Samusik_seed-42	gatemeclass[E]	16	MPP	MPP	0.8200371007096059	0.00936283244519945	0.009948470951330933	0.020690907478846523	5
dataset_name-Samusik_seed-42	gatemeclass[E]	17	Macrophages	Macrophages	0.8759636497280537	0.007955880791917823	0.01710221024351478	0.00602977965178183	5
dataset_name-Samusik_seed-42	gatemeclass[E]	18	NK cells	NK cells	0.7805153883865474	0.036073349642922796	0.038703206173745903	0.10466730209397164	5
dataset_name-Samusik_seed-42	gatemeclass[E]	19	NKT cells	NKT cells	0.9331399809157968	0.0014754634958086235	0.0037080961440889774	0.005084836401131372	5
dataset_name-Samusik_seed-42	gatemeclass[E]	2	Basophils	Basophils	0.8967073387973248	0.00950962217289102	0.029071722532277144	0.013256752060612682	5
dataset_name-Samusik_seed-42	gatemeclass[E]	20	Non-Classical Monocytes	Non-Classical Monocytes	0.7303730301860203	0.02199698234098297	0.02757765151800177	4.430869117296712e-4	5
dataset_name-Samusik_seed-42	gatemeclass[E]	21	Plasma Cells	Plasma Cells	0.8898762326232426	0.01866578103654524	0.004982838430756806	0.03070891107222494	5
dataset_name-Samusik_seed-42	gatemeclass[E]	22	gd T cells	gd T cells	0.3593318928707899	0.05168947345536048	0.010669522844774713	0.03762743851021513	5
dataset_name-Samusik_seed-42	gatemeclass[E]	23	mDCs	mDCs	0.9137561491586373	0.00322906292148194	0.013158166055048576	0.011343823436526644	5
dataset_name-Samusik_seed-42	gatemeclass[E]	24	pDCs	pDCs	0.9856781311952715	0.012320126844683341	0.023907959128472604	1.7959754010598338e-4	5
dataset_name-Samusik_seed-42	gatemeclass[E]	3	CD4 T cells	CD4 T cells	0.9421878936006624	0.0020884295718907645	0.004893797486772204	0.0022569658644882745	5
dataset_name-Samusik_seed-42	gatemeclass[E]	4	CD8 T cells	CD8 T cells	0.9874246087975027	6.499032233165234e-4	0.0021506953012237536	0.0011025587027924174	5
dataset_name-Samusik_seed-42	gatemeclass[E]	5	CLP	CLP	0.35823855212462946	0.04305905849340012	0.14904352318719752	0.061276290064717645	5
dataset_name-Samusik_seed-42	gatemeclass[E]	6	CMP	CMP	0.6351807439825	0.046071223747056037	0.030047286940006496	0.06690443846933843	5
dataset_name-Samusik_seed-42	gatemeclass[E]	7	Classical Monocytes	Classical Monocytes	0.9818166001796057	0.001944750916436315	0.0021887632080038175	0.0060074537023041595	5
dataset_name-Samusik_seed-42	gatemeclass[E]	8	Eosinophils	Eosinophils	0.9700936589863155	0.0017975508496588138	0.009252572884722036	0.009685322394138829	5
dataset_name-Samusik_seed-42	gatemeclass[E]	9	GMP	GMP	0.8589002145076728	0.008383085387796295	0.014324324232051213	0.00947254105893878	5
dataset_name-Samusik_seed-42	gatemeclass[V]	1	B-cell Frac A-C (pro-B cells)	B-cell Frac A-C (pro-B cells)	0.0714921770591374	0.016009897708724064	0.1071133086896285	0.008725567926882867	5
dataset_name-Samusik_seed-42	gatemeclass[V]	10	HSC	HSC	0.03389830508474576	NA	0.015625	0.01656346649999844	5
dataset_name-Samusik_seed-42	gatemeclass[V]	11	IgD- IgMpos B cells	IgD- IgMpos B cells	0.9085279119048376	0.002073411281784319	0.002828940945856483	0.005439632449083666	5
dataset_name-Samusik_seed-42	gatemeclass[V]	12	IgDpos IgMpos B cells	IgDpos IgMpos B cells	0.9726423282708546	0.0025490951655970347	0.004840833967180924	1.293611724924174e-4	5
dataset_name-Samusik_seed-42	gatemeclass[V]	13	IgM- IgD- B-cells	IgM- IgD- B-cells	0.8912981134371148	0.005059317909030822	0.006509356162773952	0.0069733975761232265	5
dataset_name-Samusik_seed-42	gatemeclass[V]	14	Intermediate Monocytes	Intermediate Monocytes	0.9380604763750126	0.0038430126439990453	0.0027934336792445227	0.0069902184392313495	5
dataset_name-Samusik_seed-42	gatemeclass[V]	15	MEP	MEP	0.9580251280769998	0.010024009713388807	0.0014802495199102421	0.020104781591217865	5
dataset_name-Samusik_seed-42	gatemeclass[V]	16	MPP	MPP	0.7162217396525258	0.12638177419537838	0.06640826664571733	0.257509563420138	5
dataset_name-Samusik_seed-42	gatemeclass[V]	17	Macrophages	Macrophages	0.8515202654920524	0.04325658553146145	0.0202838097553985	0.06682982965212216	5
dataset_name-Samusik_seed-42	gatemeclass[V]	18	NK cells	NK cells	0.8011830105881482	0.005396920934035675	0.010291183177719813	0.012219929700102907	5
dataset_name-Samusik_seed-42	gatemeclass[V]	19	NKT cells	NKT cells	0.9032528165082635	0.0044006901066348456	0.014966279976581223	0.006634710541967322	5
dataset_name-Samusik_seed-42	gatemeclass[V]	2	Basophils	Basophils	0.784728887219276	0.014651291511730532	0.005164065767906235	0.023344199154914966	5
dataset_name-Samusik_seed-42	gatemeclass[V]	20	Non-Classical Monocytes	Non-Classical Monocytes	0.9794177578217022	8.026741071467674e-4	0.001113356181743054	0.001742881482512244	5
dataset_name-Samusik_seed-42	gatemeclass[V]	21	Plasma Cells	Plasma Cells	0.56797638033987	0.2393889163935425	0.14790518169890945	0.29232858087669034	5
dataset_name-Samusik_seed-42	gatemeclass[V]	22	gd T cells	gd T cells	0.19961840352074675	0.17421075330184208	0.3534205658195203	0.15969580453404195	5
dataset_name-Samusik_seed-42	gatemeclass[V]	23	mDCs	mDCs	0.6934527191446318	0.10089173044101103	0.13158318164640292	0.23007083239193382	5
dataset_name-Samusik_seed-42	gatemeclass[V]	24	pDCs	pDCs	0.9902906978464732	9.274650450181332e-4	0.0019968795253556804	8.104392938672509e-4	5
dataset_name-Samusik_seed-42	gatemeclass[V]	3	CD4 T cells	CD4 T cells	0.9268018009280761	0.0014896384174583393	0.0016368722520752345	0.001793520865085241	5
dataset_name-Samusik_seed-42	gatemeclass[V]	4	CD8 T cells	CD8 T cells	0.9758432651432325	0.0010258271587951558	0.0037078317258558875	0.005380760609314533	5
dataset_name-Samusik_seed-42	gatemeclass[V]	5	CLP	CLP	0.2720089780477706	0.17346995287244646	0.1551678488126439	0.22289298657597528	5
dataset_name-Samusik_seed-42	gatemeclass[V]	6	CMP	CMP	0.6162820494122454	0.015883116247197123	0.013202755336115146	0.024048441104264597	5
dataset_name-Samusik_seed-42	gatemeclass[V]	7	Classical Monocytes	Classical Monocytes	0.9696230292310455	0.00226276453765843	3.043873500940861e-4	0.004535134250327485	5
dataset_name-Samusik_seed-42	gatemeclass[V]	8	Eosinophils	Eosinophils	0.9048250010939691	0.010148664916077441	0.017421014361063202	6.404338485651846e-4	5
dataset_name-Samusik_seed-42	gatemeclass[V]	9	GMP	GMP	0.7978863454760906	0.0025833184147930296	0.004708783335608142	0.006519467169342083	5
dataset_name-Samusik_seed-42	knn	1	B-cell Frac A-C (pro-B cells)	B-cell Frac A-C (pro-B cells)	0.563613070194029	0.027200699008113706	0.06172418924721581	0.02039808755291245	5
dataset_name-Samusik_seed-42	knn	10	HSC	HSC	0.23778547210805276	0.14433383797021698	0.05164909982560168	0.20563982032793193	5
dataset_name-Samusik_seed-42	knn	11	IgD- IgMpos B cells	IgD- IgMpos B cells	0.953504895286523	0.002439827867023961	0.004795173278325044	0.0032612056194248665	5
dataset_name-Samusik_seed-42	knn	12	IgDpos IgMpos B cells	IgDpos IgMpos B cells	0.9929722995172172	0.0014822784854140664	0.0010657922137701234	0.0021425485955238553	5
dataset_name-Samusik_seed-42	knn	13	IgM- IgD- B-cells	IgM- IgD- B-cells	0.9333179642993782	0.0051903350931930235	0.012609362286892543	0.004109820216635092	5
dataset_name-Samusik_seed-42	knn	14	Intermediate Monocytes	Intermediate Monocytes	0.9842899206698178	8.728139640900947e-4	0.0026174747068776626	0.0024953022843052274	5
dataset_name-Samusik_seed-42	knn	15	MEP	MEP	0.9916851226365546	0.001415375931858911	0.0011169615914089787	0.002184827319348238	5
dataset_name-Samusik_seed-42	knn	16	MPP	MPP	0.9081803135720344	0.013119801066982392	0.011738822243101263	0.03076441631637667	5
dataset_name-Samusik_seed-42	knn	17	Macrophages	Macrophages	0.888459898642772	0.023445602066562703	0.028821461926060343	0.024688809166702907	5
dataset_name-Samusik_seed-42	knn	18	NK cells	NK cells	0.9287644967522167	0.006013948228036617	0.016236063573705904	0.008303555379898462	5
dataset_name-Samusik_seed-42	knn	19	NKT cells	NKT cells	0.9478735927703472	0.005938425911168747	0.005623714134935047	0.011231006978303464	5
dataset_name-Samusik_seed-42	knn	2	Basophils	Basophils	0.9018546596052801	0.005244628062513541	0.006339170990681585	0.013616041345452223	5
dataset_name-Samusik_seed-42	knn	20	Non-Classical Monocytes	Non-Classical Monocytes	0.9911780004578605	0.0014262235479477327	0.004478304138219904	0.001893191142681675	5
dataset_name-Samusik_seed-42	knn	21	Plasma Cells	Plasma Cells	0.9750824296924747	0.010329571265124638	0.020801887424656187	0.00828306216316341	5
dataset_name-Samusik_seed-42	knn	22	gd T cells	gd T cells	0.7801561429485854	0.05891201244167499	0.11818742884044467	0.035448463164856954	5
dataset_name-Samusik_seed-42	knn	23	mDCs	mDCs	0.9171275300258221	0.02304990405764674	0.043240870226986965	0.006732206557582038	5
dataset_name-Samusik_seed-42	knn	24	pDCs	pDCs	0.9953152081155344	7.014814620830605e-4	3.4381141056876623e-4	0.0013403055706059659	5
dataset_name-Samusik_seed-42	knn	3	CD4 T cells	CD4 T cells	0.9444979663738767	0.008822155046748789	0.024700346817891728	0.00874700445959379	5
dataset_name-Samusik_seed-42	knn	4	CD8 T cells	CD8 T cells	0.9903336112575825	0.0013690475053038777	0.003430904490822929	0.0016470751131512156	5
dataset_name-Samusik_seed-42	knn	5	CLP	CLP	0.6977070108807889	0.041386324551006014	0.05337536233711145	0.024082537090003558	5
dataset_name-Samusik_seed-42	knn	6	CMP	CMP	0.9284946782369745	0.00877494569797005	0.023000811755858306	0.012778658621856504	5
dataset_name-Samusik_seed-42	knn	7	Classical Monocytes	Classical Monocytes	0.9858881126590046	0.0031387329655439243	0.0029654354968632235	0.008502568727804473	5
dataset_name-Samusik_seed-42	knn	8	Eosinophils	Eosinophils	0.9700457749211905	0.005651210089238948	0.013376865348191335	0.006666515809852798	5
dataset_name-Samusik_seed-42	knn	9	GMP	GMP	0.9345995242469304	0.005938191120738376	0.01407866669631179	0.00621860620964134	5
dataset_name-Samusik_seed-42	lda	1	B-cell Frac A-C (pro-B cells)	B-cell Frac A-C (pro-B cells)	0.4586427981519076	0.033350666484756125	0.02301011571381877	0.028490556799890772	5
dataset_name-Samusik_seed-42	lda	10	HSC	HSC	0.14508877469829617	0.048832071777966314	0.04968270868367147	0.22047965627481156	5
dataset_name-Samusik_seed-42	lda	11	IgD- IgMpos B cells	IgD- IgMpos B cells	0.9370181146753522	0.011196194886527316	0.003900415820055788	0.022475429251020914	5
dataset_name-Samusik_seed-42	lda	12	IgDpos IgMpos B cells	IgDpos IgMpos B cells	0.9972243842127857	5.54935678010804e-4	4.2673154655788836e-5	0.0011213573397622658	5
dataset_name-Samusik_seed-42	lda	13	IgM- IgD- B-cells	IgM- IgD- B-cells	0.920624190452596	0.014397609282835701	0.02659873922905584	0.0014757822393458569	5
dataset_name-Samusik_seed-42	lda	14	Intermediate Monocytes	Intermediate Monocytes	0.9840036468701423	0.0014777215094211246	0.0032665587411685876	0.002377767738248285	5
dataset_name-Samusik_seed-42	lda	15	MEP	MEP	0.9757336838539811	0.0038671853211295873	0.007421651373197813	0.009871298851500681	5
dataset_name-Samusik_seed-42	lda	16	MPP	MPP	0.8726542006137964	0.010987784108150142	0.02651587627130162	0.021404318058899603	5
dataset_name-Samusik_seed-42	lda	17	Macrophages	Macrophages	0.9053499993601765	0.0036670304435531863	0.007124638740256148	0.0017175062634555884	5
dataset_name-Samusik_seed-42	lda	18	NK cells	NK cells	0.8292753628643483	0.001961840132414207	0.0029890606611563215	0.0016605152507464232	5
dataset_name-Samusik_seed-42	lda	19	NKT cells	NKT cells	0.9222980313491218	0.003614961693223605	0.0013602055251897376	0.006906140966102509	5
dataset_name-Samusik_seed-42	lda	2	Basophils	Basophils	0.9036728256411506	0.0012749417645846338	0.003421082122559724	0.0033353843300067618	5
dataset_name-Samusik_seed-42	lda	20	Non-Classical Monocytes	Non-Classical Monocytes	0.9894840947774904	0.0013845951595066307	0.0019371340203317025	0.0018549588875701043	5
dataset_name-Samusik_seed-42	lda	21	Plasma Cells	Plasma Cells	0.9848613230366362	0.006795064096076317	8.321136863800058e-4	0.013693702625033891	5
dataset_name-Samusik_seed-42	lda	22	gd T cells	gd T cells	0.7629427162850467	0.018412407432456212	0.027680397712774786	0.005230001717455212	5
dataset_name-Samusik_seed-42	lda	23	mDCs	mDCs	0.969651150585361	0.0019526974088168246	0.004368695875488918	0.002252848400879993	5
dataset_name-Samusik_seed-42	lda	24	pDCs	pDCs	0.9990153610570265	6.618314792596243e-5	8.475349249253247e-5	1.4126027992244052e-4	5
dataset_name-Samusik_seed-42	lda	3	CD4 T cells	CD4 T cells	0.9384088743571386	0.0023476481301002864	0.004730107026822183	0.0016873437026498736	5
dataset_name-Samusik_seed-42	lda	4	CD8 T cells	CD8 T cells	0.98636668597196	0.0020532737185631686	0.004299395569936807	3.367734203991943e-4	5
dataset_name-Samusik_seed-42	lda	5	CLP	CLP	0.6785854691009987	0.02590994581141024	0.010654154209492787	0.032305859695738674	5
dataset_name-Samusik_seed-42	lda	6	CMP	CMP	0.7795425986100455	0.021555693748074266	0.025717479348992267	0.024631732176354913	5
dataset_name-Samusik_seed-42	lda	7	Classical Monocytes	Classical Monocytes	0.9902769075471143	8.19458513919755e-4	0.001117375543521232	0.0015085661554333197	5
dataset_name-Samusik_seed-42	lda	8	Eosinophils	Eosinophils	0.963025662506035	0.0037664298271336545	1.3478367809381317e-4	0.0071203244550139405	5
dataset_name-Samusik_seed-42	lda	9	GMP	GMP	0.8526646229529414	0.011344828316193	0.021250525972058877	0.01912032592437951	5
dataset_name-Samusik_seed-42	random	1	B-cell Frac A-C (pro-B cells)	B-cell Frac A-C (pro-B cells)	0.013236319756492738	7.742838576480295e-4	4.852532647948188e-4	0.001963718732812581	5
dataset_name-Samusik_seed-42	random	10	HSC	HSC	2.1689252493318492e-4	7.766259860143607e-5	3.8885895133370683e-5	0.028024165157402643	5
dataset_name-Samusik_seed-42	random	11	IgD- IgMpos B cells	IgD- IgMpos B cells	0.05630527559919162	0.0022970522542066912	0.004458545131820215	0.0015606121273951759	5
dataset_name-Samusik_seed-42	random	12	IgDpos IgMpos B cells	IgDpos IgMpos B cells	0.06835132913002367	4.379672657962868e-4	0.004941813509805874	2.632635510732659e-4	5
dataset_name-Samusik_seed-42	random	13	IgM- IgD- B-cells	IgM- IgD- B-cells	0.04097181832897034	0.0022850946182854364	0.0021308014251086877	0.0025141771734253264	5
dataset_name-Samusik_seed-42	random	14	Intermediate Monocytes	Intermediate Monocytes	0.06429220441181566	0.001286960285865142	0.00379075998050385	8.1466626858107e-4	5
dataset_name-Samusik_seed-42	random	15	MEP	MEP	0.016684315531442426	6.735293323012865e-4	4.4525229804398255e-4	0.0015781375837432704	5
dataset_name-Samusik_seed-42	random	16	MPP	MPP	0.004561285859966367	5.524780370078806e-4	2.9307162511543766e-4	0.004812390763261007	5
dataset_name-Samusik_seed-42	random	17	Macrophages	Macrophages	0.00974710152025329	0.001211325440417453	6.87010127659099e-4	0.005236223655881363	5
dataset_name-Samusik_seed-42	random	18	NK cells	NK cells	0.010226367823029459	0.0010351075654042139	6.323840752762075e-4	0.0026292757518811523	5
dataset_name-Samusik_seed-42	random	19	NKT cells	NKT cells	0.023132817704189578	0.0012529967138986816	8.903400495795404e-4	0.0021256778218417863	5
dataset_name-Samusik_seed-42	random	2	Basophils	Basophils	0.012714994458180943	5.833599782468435e-4	3.552559012447714e-4	0.001885906409403039	5
dataset_name-Samusik_seed-42	random	20	Non-Classical Monocytes	Non-Classical Monocytes	0.022927412031233788	0.001354084183175484	0.0010208739849880608	0.0019687954830159187	5
dataset_name-Samusik_seed-42	random	21	Plasma Cells	Plasma Cells	0.006220777556315173	8.582293029481592e-4	4.7815940543029413e-4	0.0039733783458234485	5
dataset_name-Samusik_seed-42	random	22	gd T cells	gd T cells	0.0016960488640222777	2.9063919805466894e-4	1.477469730005916e-4	0.008754154124792251	5
dataset_name-Samusik_seed-42	random	23	mDCs	mDCs	0.003937720985157518	6.365579691507331e-4	3.3665422981323445e-4	0.0057939024268474455	5
dataset_name-Samusik_seed-42	random	24	pDCs	pDCs	0.04478881912517266	0.001505634015716999	0.0016427968955499206	0.0014117082433577864	5
dataset_name-Samusik_seed-42	random	3	CD4 T cells	CD4 T cells	0.017802918606820182	0.00114234770593023	7.683966780615589e-4	0.0021604874704519742	5
dataset_name-Samusik_seed-42	random	4	CD8 T cells	CD8 T cells	0.02943532178628814	0.001189317733225732	0.0010085791644818237	0.0015314879940561373	5
dataset_name-Samusik_seed-42	random	5	CLP	CLP	0.0015397944501396134	2.3574312810247674e-4	1.2054530785837134e-4	0.005342599538518373	5
dataset_name-Samusik_seed-42	random	6	CMP	CMP	0.0074735180156965874	7.23827979726655e-4	3.946942825831299e-4	0.004344334598179687	5
dataset_name-Samusik_seed-42	random	7	Classical Monocytes	Classical Monocytes	0.065530986393096	0.001776371892582939	0.006367377594827135	0.001026489697160696	5
dataset_name-Samusik_seed-42	random	8	Eosinophils	Eosinophils	0.0580655602637502	2.886102885817791e-4	0.00282127473516511	2.094594909326832e-4	5
dataset_name-Samusik_seed-42	random	9	GMP	GMP	0.01803662009998486	0.001030833056865414	7.168277082207662e-4	0.0017503645278765388	5
