dataset	model	population_id	population_name	population	median_f1	mean_f1	median_precision	median_recall	median_support	n_runs
dataset_name-BodenmillerXL_seed-42	cyanno	1	B-cells IgM+	B-cells IgM+	0.9397279145858447	0.935611597992204	0.9540210667112523	0.92272512222047	6310	5
dataset_name-BodenmillerXL_seed-42	cyanno	2	B-cells IgM-	B-cells IgM-	0.8124669836238775	0.7559239228171152	0.8667017913593256	0.7801826175177545	3062	5
dataset_name-BodenmillerXL_seed-42	cyanno	3	CD4 T-cells	CD4 T-cells	0.9561354712041885	0.9553139444198854	0.9458617202910803	0.9634813862234972	59222	5
dataset_name-BodenmillerXL_seed-42	cyanno	4	CD8 T-cells	CD8 T-cells	0.8968381190089403	0.894471240447857	0.8977363285877361	0.9057998168040636	48825	5
dataset_name-BodenmillerXL_seed-42	cyanno	5	DC	DC	0.7173542448005455	0.6869210149879398	0.9844559585492227	0.5683414370610481	1851	5
dataset_name-BodenmillerXL_seed-42	cyanno	6	NK cells	NK cells	0.9125886524822696	0.9094000034361025	0.9225892857142857	0.90366872185054	23095	5
dataset_name-BodenmillerXL_seed-42	cyanno	7	monocytes	monocytes	0.8631804122221258	0.854960078780764	0.8649550059782267	0.8520230554128859	17026	5
dataset_name-BodenmillerXL_seed-42	cygate	1	B-cells IgM+	B-cells IgM+	0.90515595162317	0.9045976273212366	0.9703645934880094	0.848159509202454	6310	5
dataset_name-BodenmillerXL_seed-42	cygate	2	B-cells IgM-	B-cells IgM-	0.7042542286007176	0.7111811721020281	0.6462515883100381	0.8542061986084757	3062	5
dataset_name-BodenmillerXL_seed-42	cygate	3	CD4 T-cells	CD4 T-cells	0.8650200713648528	0.8315173011644084	0.9781649293880296	0.775336487206823	59222	5
dataset_name-BodenmillerXL_seed-42	cygate	4	CD8 T-cells	CD8 T-cells	0.746840642744956	0.7570113670159835	0.8163479041468219	0.6705171530977982	48825	5
dataset_name-BodenmillerXL_seed-42	cygate	5	DC	DC	0.7387173396674583	0.7322625760879509	0.8130718954248366	0.6760089686098655	1851	5
dataset_name-BodenmillerXL_seed-42	cygate	6	NK cells	NK cells	0.8319004711912044	0.8194460394044618	0.7900122174709835	0.9048056320783594	23095	5
dataset_name-BodenmillerXL_seed-42	cygate	7	monocytes	monocytes	0.7532894736842105	0.7405857651459616	0.7825096500664431	0.7144954775049923	17026	5
dataset_name-BodenmillerXL_seed-42	dgcytof	1	B-cells IgM+	B-cells IgM+	0.9403758911211926	0.9392781928166045	0.9304387708301483	0.9597855227882037	6310	5
dataset_name-BodenmillerXL_seed-42	dgcytof	2	B-cells IgM-	B-cells IgM-	0.8046230049532196	0.7948377706250603	0.8534107402031931	0.7391304347826086	3062	5
dataset_name-BodenmillerXL_seed-42	dgcytof	3	CD4 T-cells	CD4 T-cells	0.9590500630976276	0.9585791776197143	0.9497389360601864	0.9672898737098955	59222	5
dataset_name-BodenmillerXL_seed-42	dgcytof	4	CD8 T-cells	CD8 T-cells	0.8938232665720445	0.8935750926281031	0.8961380616647374	0.8864185194437505	48825	5
dataset_name-BodenmillerXL_seed-42	dgcytof	5	DC	DC	0.8628628628628628	0.8615963090886141	0.8204613841524574	0.8819368879216539	1851	5
dataset_name-BodenmillerXL_seed-42	dgcytof	6	NK cells	NK cells	0.9025556685637619	0.9054883635089135	0.918961794385934	0.8867250616549026	23095	5
dataset_name-BodenmillerXL_seed-42	dgcytof	7	monocytes	monocytes	0.8618874038072094	0.861639642117357	0.8625681298716521	0.8644426171737343	17026	5
dataset_name-BodenmillerXL_seed-42	gatemeclass[E]	1	B-cells IgM+	B-cells IgM+	0.8779663507457203	0.8718320351464952	0.8204036798022792	0.9442161820480405	6310	5
dataset_name-BodenmillerXL_seed-42	gatemeclass[E]	2	B-cells IgM-	B-cells IgM-	0.442979242979243	0.38977624302085406	0.5983827493261455	0.40888308295231873	3062	5
dataset_name-BodenmillerXL_seed-42	gatemeclass[E]	3	CD4 T-cells	CD4 T-cells	0.9256177186019716	0.9242545249275669	0.9576729139180568	0.8947519502887441	59222	5
dataset_name-BodenmillerXL_seed-42	gatemeclass[E]	4	CD8 T-cells	CD8 T-cells	0.7949053841327155	0.6943068796473405	0.815649056205842	0.7760844331714027	48825	5
dataset_name-BodenmillerXL_seed-42	gatemeclass[E]	5	DC	DC	0.3198974836905872	0.330166566464942	0.20191176470588235	0.8573743922204214	1851	5
dataset_name-BodenmillerXL_seed-42	gatemeclass[E]	6	NK cells	NK cells	0.8213600511617991	0.7749257260053953	0.7966156586511214	0.855230561954018	23095	5
dataset_name-BodenmillerXL_seed-42	gatemeclass[E]	7	monocytes	monocytes	0.6338485021942377	0.639824121025921	0.7841306884480747	0.500934917666928	17026	5
dataset_name-BodenmillerXL_seed-42	gatemeclass[V]	1	B-cells IgM+	B-cells IgM+	0.38361360475407763	0.42366424357564014	0.23780224948073833	0.9786662452591656	6310	5
dataset_name-BodenmillerXL_seed-42	gatemeclass[V]	2	B-cells IgM-	B-cells IgM-	0.1657397107897664	0.19506456291476412	0.18342224045958144	0.319330385344283	3062	5
dataset_name-BodenmillerXL_seed-42	gatemeclass[V]	3	CD4 T-cells	CD4 T-cells	0.8615986620987514	0.85078110771829	0.9406170518633197	0.8629254518708892	59222	5
dataset_name-BodenmillerXL_seed-42	gatemeclass[V]	4	CD8 T-cells	CD8 T-cells	0.644666052124361	0.6342281275178665	0.6872996794871795	0.5785660754434174	48825	5
dataset_name-BodenmillerXL_seed-42	gatemeclass[V]	5	DC	DC	0.19777282850779512	0.20464275864762335	0.6434782608695652	0.15924932975871314	1851	5
dataset_name-BodenmillerXL_seed-42	gatemeclass[V]	6	NK cells	NK cells	0.4796299392520761	0.4750908780063872	0.6683233672439233	0.374027554435221	23095	5
dataset_name-BodenmillerXL_seed-42	gatemeclass[V]	7	monocytes	monocytes	0.4746229809385287	0.41994162378558597	0.3954186883189755	0.6488343414175818	17026	5
dataset_name-BodenmillerXL_seed-42	knn	1	B-cells IgM+	B-cells IgM+	0.904364725888736	0.9025373182993233	0.9274206942368377	0.8824273072060683	6310	5
dataset_name-BodenmillerXL_seed-42	knn	2	B-cells IgM-	B-cells IgM-	0.6701722098067568	0.6794861080210952	0.5705315093070195	0.8458622867972204	3062	5
dataset_name-BodenmillerXL_seed-42	knn	3	CD4 T-cells	CD4 T-cells	0.9343775224552184	0.931698586774463	0.9643134773569556	0.914955659616803	59222	5
dataset_name-BodenmillerXL_seed-42	knn	4	CD8 T-cells	CD8 T-cells	0.8288842534293321	0.8222684855279487	0.8747711554109032	0.7872845365975518	48825	5
dataset_name-BodenmillerXL_seed-42	knn	5	DC	DC	0.6914125200642055	0.670118104824601	0.5384375	0.971164309031556	1851	5
dataset_name-BodenmillerXL_seed-42	knn	6	NK cells	NK cells	0.8539906291297905	0.8549996108987543	0.7917796012326885	0.9268112477726107	23095	5
dataset_name-BodenmillerXL_seed-42	knn	7	monocytes	monocytes	0.7922534116696198	0.7886816576019167	0.7900056465273857	0.8098202748737225	17026	5
dataset_name-BodenmillerXL_seed-42	lda	1	B-cells IgM+	B-cells IgM+	0.9194265941670786	0.9205378930031559	0.9517877366121986	0.9119137113907502	6310	5
dataset_name-BodenmillerXL_seed-42	lda	2	B-cells IgM-	B-cells IgM-	0.7526283240568955	0.7277011858238895	0.7371290127195639	0.7788298951640176	3062	5
dataset_name-BodenmillerXL_seed-42	lda	3	CD4 T-cells	CD4 T-cells	0.9280615707058127	0.9249670182699156	0.9734418346587757	0.8998867270788913	59222	5
dataset_name-BodenmillerXL_seed-42	lda	4	CD8 T-cells	CD8 T-cells	0.8467179236478378	0.8428613854220964	0.8988554697897259	0.7932384045299359	48825	5
dataset_name-BodenmillerXL_seed-42	lda	5	DC	DC	0.8280195485222248	0.8161478855453186	0.7421777221526908	0.9345844504021448	1851	5
dataset_name-BodenmillerXL_seed-42	lda	6	NK cells	NK cells	0.8393077012428855	0.8379175479466288	0.8953211736716892	0.789890244435699	23095	5
dataset_name-BodenmillerXL_seed-42	lda	7	monocytes	monocytes	0.8040357004268529	0.805701996240302	0.8945171967189524	0.7301773757782215	17026	5
dataset_name-BodenmillerXL_seed-42	random	1	B-cells IgM+	B-cells IgM+	0.06010191846522782	0.05924387613732662	0.0393909626719057	0.12395521211165432	6310	5
dataset_name-BodenmillerXL_seed-42	random	2	B-cells IgM-	B-cells IgM-	0.03350276243093923	0.033731941871412346	0.01926988000813504	0.12817044301657085	3062	5
dataset_name-BodenmillerXL_seed-42	random	3	CD4 T-cells	CD4 T-cells	0.1871617178410643	0.18715044919119575	0.37495662519208844	0.1248167643923241	59222	5
dataset_name-BodenmillerXL_seed-42	random	4	CD8 T-cells	CD8 T-cells	0.17681638519583184	0.17676452527994696	0.3040990021522207	0.12450434573637201	48825	5
dataset_name-BodenmillerXL_seed-42	random	5	DC	DC	0.020503347956592012	0.020493513791854368	0.011202502901549175	0.12078346028291621	1851	5
dataset_name-BodenmillerXL_seed-42	random	6	NK cells	NK cells	0.13605220228384993	0.13616307398901853	0.14574214086748905	0.1267373890452479	23095	5
dataset_name-BodenmillerXL_seed-42	random	7	monocytes	monocytes	0.11717882767023148	0.11573314360590921	0.10875585317959821	0.12701861530330613	17026	5
dataset_name-FR-FCM-Z238_seed-42	cyanno	1	B Cell (CD27-)	B Cell (CD27-)	0.9835284017480809	0.9839513620806161	0.9923578959111954	0.9763119367833338	110209	5
dataset_name-FR-FCM-Z238_seed-42	cyanno	10	CD4+ T Cell (Treg)	CD4+ T Cell (Treg)	0.7419926888076536	0.7184156981303816	0.864464005788014	0.6611599232132309	53998	5
dataset_name-FR-FCM-Z238_seed-42	cyanno	11	CD4- CD8- T Cell	CD4- CD8- T Cell	0.9314518739076962	0.8488295784918846	0.9197420467321842	0.9599790835684405	165094	5
dataset_name-FR-FCM-Z238_seed-42	cyanno	12	CD8+ T Cell (Central Memory)	CD8+ T Cell (Central Memory)	0.728377720603574	0.6676880636698763	0.6923099859856278	0.7941850521635027	28946	5
dataset_name-FR-FCM-Z238_seed-42	cyanno	13	CD8+ T Cell (EMRA)	CD8+ T Cell (EMRA)	0.8200058976627306	0.739285023045509	0.858634947911073	0.7809049684542587	40513	5
dataset_name-FR-FCM-Z238_seed-42	cyanno	14	CD8+ T Cell (Effector Memory)	CD8+ T Cell (Effector Memory)	0.6321351959399362	0.5876353264741215	0.5606309880963902	0.6982607523257381	7420	5
dataset_name-FR-FCM-Z238_seed-42	cyanno	15	CD8+ T Cell (Naive)	CD8+ T Cell (Naive)	0.9222907415564472	0.8080891724336792	0.9668125570704367	0.8877202315213684	172943	5
dataset_name-FR-FCM-Z238_seed-42	cyanno	16	Dendritic Cell (Type 1, CD141+)	Dendritic Cell (Type 1, CD141+)	0.4163586717675779	0.41750327338738513	0.6246135705176032	0.2485294117647059	7463	5
dataset_name-FR-FCM-Z238_seed-42	cyanno	17	Dendritic Cell (Type 2, CD1c+)	Dendritic Cell (Type 2, CD1c+)	0.25464684014869887	0.25464684014869887	0.2044776119402985	0	461	5
dataset_name-FR-FCM-Z238_seed-42	cyanno	18	Monocyte (CD14+ CD16+)	Monocyte (CD14+ CD16+)	0.8153356253170264	0.7932942932540885	0.770047640592979	0.8404354557002223	100186	5
dataset_name-FR-FCM-Z238_seed-42	cyanno	19	Monocyte (CD14+ CD16-)	Monocyte (CD14+ CD16-)	0.973087573881429	0.9669042449100899	0.9697157049011157	0.9764829738245274	678706	5
dataset_name-FR-FCM-Z238_seed-42	cyanno	2	B Cell (Memory)	B Cell (Memory)	0.9578307949643455	0.9586086609900589	0.9460182913227749	0.9657047582403488	38985	5
dataset_name-FR-FCM-Z238_seed-42	cyanno	20	Monocyte (CD14- CD16+)	Monocyte (CD14- CD16+)	0.7483609116453326	0.7321262867820477	0.7560967360054118	0.7763908973285638	27095	5
dataset_name-FR-FCM-Z238_seed-42	cyanno	21	NK Cell (CD56+ CD16+)	NK Cell (CD56+ CD16+)	0.9388918117355656	0.9352226465281063	0.9027588173287944	0.9873374061526976	211586	5
dataset_name-FR-FCM-Z238_seed-42	cyanno	22	NK Cell (CD56+ CD16-)	NK Cell (CD56+ CD16-)	0.7693682453507781	0.7648487724914491	0.9419945427339143	0.6447656592203241	70398	5
dataset_name-FR-FCM-Z238_seed-42	cyanno	23	Plasmacytoid Dendritic Cell	Plasmacytoid Dendritic Cell	0.9900096061479348	0.9897709921768911	0.9826780663000986	0.9988079864905136	30997	5
dataset_name-FR-FCM-Z238_seed-42	cyanno	3	B Cell (Plasmablast)	B Cell (Plasmablast)	0.8699709925589608	0.8566494952895013	0.8480435608458908	0.9008609093354856	15469	5
dataset_name-FR-FCM-Z238_seed-42	cyanno	4	Basophil	Basophil	0.9646071470807728	0.9646071470807728	0.9661830752149819	0	2334	5
dataset_name-FR-FCM-Z238_seed-42	cyanno	5	CD4+ CD8+ T Cell	CD4+ CD8+ T Cell	0.7378677914722352	0.7202906383649855	0.6182884290269426	0.7375922612989962	186698	5
dataset_name-FR-FCM-Z238_seed-42	cyanno	6	CD4+ T Cell (Central Memory)	CD4+ T Cell (Central Memory)	0.6957559413766939	0.6889298463458928	0.685188669901951	0.695479311592746	198103	5
dataset_name-FR-FCM-Z238_seed-42	cyanno	7	CD4+ T Cell (EMRA)	CD4+ T Cell (EMRA)	0.43322917280820705	0.4105233542145595	0.45929512442292536	0.5119130555942595	7522	5
dataset_name-FR-FCM-Z238_seed-42	cyanno	8	CD4+ T Cell (Effector Memory)	CD4+ T Cell (Effector Memory)	0.7169934192486975	0.6994157246672625	0.7124091085909213	0.7032136105860114	33856	5
dataset_name-FR-FCM-Z238_seed-42	cyanno	9	CD4+ T Cell (Naive)	CD4+ T Cell (Naive)	0.7387321278579273	0.7201236954786628	0.6971348285620166	0.8480576289844437	207118	5
dataset_name-FR-FCM-Z238_seed-42	cygate	1	B Cell (CD27-)	B Cell (CD27-)	0.9750257371865579	0.9728815712931638	0.995053447129032	0.9563741468421906	110209	5
dataset_name-FR-FCM-Z238_seed-42	cygate	10	CD4+ T Cell (Treg)	CD4+ T Cell (Treg)	0.15967659030604447	0.28887062851809564	0.6006711409395973	0.10608018310691081	53998	5
dataset_name-FR-FCM-Z238_seed-42	cygate	11	CD4- CD8- T Cell	CD4- CD8- T Cell	0.8464678494731799	0.8323617819174813	0.968260639569852	0.8124513571359082	165094	5
dataset_name-FR-FCM-Z238_seed-42	cygate	12	CD8+ T Cell (Central Memory)	CD8+ T Cell (Central Memory)	0.708518909050849	0.6732982881047384	0.6561534425464933	0.7699675047032666	28946	5
dataset_name-FR-FCM-Z238_seed-42	cygate	13	CD8+ T Cell (EMRA)	CD8+ T Cell (EMRA)	0.6889469661480806	0.6906650308579325	0.6097560975609756	0.7934316741605533	40513	5
dataset_name-FR-FCM-Z238_seed-42	cygate	14	CD8+ T Cell (Effector Memory)	CD8+ T Cell (Effector Memory)	0.5028223629313308	0.5061194295439594	0.47764436821040596	0.5567848573713676	7420	5
dataset_name-FR-FCM-Z238_seed-42	cygate	15	CD8+ T Cell (Naive)	CD8+ T Cell (Naive)	0.8861695002878662	0.8370190695295553	0.9177779223313601	0.8722064495238315	172943	5
dataset_name-FR-FCM-Z238_seed-42	cygate	16	Dendritic Cell (Type 1, CD141+)	Dendritic Cell (Type 1, CD141+)	0.4780446668640822	0.45697749870178433	0.45400730103618114	0.4687123140828085	7463	5
dataset_name-FR-FCM-Z238_seed-42	cygate	17	Dendritic Cell (Type 2, CD1c+)	Dendritic Cell (Type 2, CD1c+)	0.06973848069738481	0.06973848069738481	0.04666666666666667	0	461	5
dataset_name-FR-FCM-Z238_seed-42	cygate	18	Monocyte (CD14+ CD16+)	Monocyte (CD14+ CD16+)	0.7941461859739091	0.7745019684809561	0.7354146409223503	0.8452087964433154	100186	5
dataset_name-FR-FCM-Z238_seed-42	cygate	19	Monocyte (CD14+ CD16-)	Monocyte (CD14+ CD16-)	0.9694131933611077	0.9628365342890168	0.9788688674466587	0.9601384512845371	678706	5
dataset_name-FR-FCM-Z238_seed-42	cygate	2	B Cell (Memory)	B Cell (Memory)	0.935556451508018	0.9343530965709319	0.9033092645294823	0.9484673592407337	38985	5
dataset_name-FR-FCM-Z238_seed-42	cygate	20	Monocyte (CD14- CD16+)	Monocyte (CD14- CD16+)	0.6860113701206754	0.6976821298668497	0.8156598653130968	0.5990773205388448	27095	5
dataset_name-FR-FCM-Z238_seed-42	cygate	21	NK Cell (CD56+ CD16+)	NK Cell (CD56+ CD16+)	0.9231088659920298	0.9249295612431039	0.9083981993810373	0.9587069283170038	211586	5
dataset_name-FR-FCM-Z238_seed-42	cygate	22	NK Cell (CD56+ CD16-)	NK Cell (CD56+ CD16-)	0.7645059060789398	0.7853284610679383	0.9157201451333018	0.6561541830924222	70398	5
dataset_name-FR-FCM-Z238_seed-42	cygate	23	Plasmacytoid Dendritic Cell	Plasmacytoid Dendritic Cell	0.9682215376878105	0.9722991057052546	0.9418044605331779	0.9947683851528095	30997	5
dataset_name-FR-FCM-Z238_seed-42	cygate	3	B Cell (Plasmablast)	B Cell (Plasmablast)	0.7462913655382274	0.7439026249565167	0.6875673927108044	0.815983108324269	15469	5
dataset_name-FR-FCM-Z238_seed-42	cygate	4	Basophil	Basophil	0.8955350594549127	0.8955350594549127	0.8784864996666802	0	2334	5
dataset_name-FR-FCM-Z238_seed-42	cygate	5	CD4+ CD8+ T Cell	CD4+ CD8+ T Cell	0.5302642683827408	0.576791881961125	0.6567448274522562	0.43075983674168977	186698	5
dataset_name-FR-FCM-Z238_seed-42	cygate	6	CD4+ T Cell (Central Memory)	CD4+ T Cell (Central Memory)	0.6500348275014342	0.6426101928509071	0.6314516011485708	0.6532530459608348	198103	5
dataset_name-FR-FCM-Z238_seed-42	cygate	7	CD4+ T Cell (EMRA)	CD4+ T Cell (EMRA)	0.19275743745211052	0.22844737868994874	0.18287573322817569	0.3832295668300437	7522	5
dataset_name-FR-FCM-Z238_seed-42	cygate	8	CD4+ T Cell (Effector Memory)	CD4+ T Cell (Effector Memory)	0.6610790714783042	0.597030152615507	0.5643534087435035	0.7390512556909972	33856	5
dataset_name-FR-FCM-Z238_seed-42	cygate	9	CD4+ T Cell (Naive)	CD4+ T Cell (Naive)	0.7004095182282984	0.701564631551992	0.6304220062248961	0.8776445868876904	207118	5
dataset_name-FR-FCM-Z238_seed-42	dgcytof	1	B Cell (CD27-)	B Cell (CD27-)	0.9858920630858312	0.9841946153107755	0.9878047669790614	0.9850051377181257	110209	5
dataset_name-FR-FCM-Z238_seed-42	dgcytof	10	CD4+ T Cell (Treg)	CD4+ T Cell (Treg)	0.7212633953750706	0.7141567381486156	0.7564500904585857	0.621308211349139	53998	5
dataset_name-FR-FCM-Z238_seed-42	dgcytof	11	CD4- CD8- T Cell	CD4- CD8- T Cell	0.8930739644873898	0.8474146376238944	0.8497288465362766	0.9612924408989201	165094	5
dataset_name-FR-FCM-Z238_seed-42	dgcytof	12	CD8+ T Cell (Central Memory)	CD8+ T Cell (Central Memory)	0.7252708431464907	0.6855587902214608	0.7613722998729352	0.7641183512912605	28946	5
dataset_name-FR-FCM-Z238_seed-42	dgcytof	13	CD8+ T Cell (EMRA)	CD8+ T Cell (EMRA)	0.8233849512245036	0.7891983446221581	0.8372577817785569	0.8672735749515373	40513	5
dataset_name-FR-FCM-Z238_seed-42	dgcytof	14	CD8+ T Cell (Effector Memory)	CD8+ T Cell (Effector Memory)	0.6170142336974512	0.5939616992162232	0.6838532828612452	0.626596745999731	7420	5
dataset_name-FR-FCM-Z238_seed-42	dgcytof	15	CD8+ T Cell (Naive)	CD8+ T Cell (Naive)	0.9183912221437214	0.8371531777963591	0.9532107170846394	0.9002156779979531	172943	5
dataset_name-FR-FCM-Z238_seed-42	dgcytof	16	Dendritic Cell (Type 1, CD141+)	Dendritic Cell (Type 1, CD141+)	0.385602548840477	0.38409709823185983	0.5970200554771246	0.2070855614973262	7463	5
dataset_name-FR-FCM-Z238_seed-42	dgcytof	17	Dendritic Cell (Type 2, CD1c+)	Dendritic Cell (Type 2, CD1c+)	0.27955859169732	0.27955859169732	0.17768871075484302	0	461	5
dataset_name-FR-FCM-Z238_seed-42	dgcytof	18	Monocyte (CD14+ CD16+)	Monocyte (CD14+ CD16+)	0.7914751471005325	0.7772071931668854	0.7209382432543262	0.867289218799619	100186	5
dataset_name-FR-FCM-Z238_seed-42	dgcytof	19	Monocyte (CD14+ CD16-)	Monocyte (CD14+ CD16-)	0.9662267875963009	0.9645802631886383	0.9746382453702594	0.9579592749792489	678706	5
dataset_name-FR-FCM-Z238_seed-42	dgcytof	2	B Cell (Memory)	B Cell (Memory)	0.9664291924579229	0.957835855947727	0.9633193330787833	0.9759394638963704	38985	5
dataset_name-FR-FCM-Z238_seed-42	dgcytof	20	Monocyte (CD14- CD16+)	Monocyte (CD14- CD16+)	0.733376658371507	0.7303049587964996	0.8347292910672064	0.7176725778217521	27095	5
dataset_name-FR-FCM-Z238_seed-42	dgcytof	21	NK Cell (CD56+ CD16+)	NK Cell (CD56+ CD16+)	0.9385894978232439	0.9327843436253197	0.8921533149700497	0.9872868365587277	211586	5
dataset_name-FR-FCM-Z238_seed-42	dgcytof	22	NK Cell (CD56+ CD16-)	NK Cell (CD56+ CD16-)	0.7599728859515336	0.7443578182061724	0.9491819586428768	0.633659728992695	70398	5
dataset_name-FR-FCM-Z238_seed-42	dgcytof	23	Plasmacytoid Dendritic Cell	Plasmacytoid Dendritic Cell	0.9894141647792073	0.9876599196439383	0.9849516416390939	0.9960106810796898	30997	5
dataset_name-FR-FCM-Z238_seed-42	dgcytof	3	B Cell (Plasmablast)	B Cell (Plasmablast)	0.807541241162608	0.6891659737696364	0.8475889781859931	0.7642381537268085	15469	5
dataset_name-FR-FCM-Z238_seed-42	dgcytof	4	Basophil	Basophil	0.9213466508384112	0.9213466508384112	0.9537419446637414	0	2334	5
dataset_name-FR-FCM-Z238_seed-42	dgcytof	5	CD4+ CD8+ T Cell	CD4+ CD8+ T Cell	0.7214697106517255	0.7165758154614481	0.6113604814217162	0.791513567365478	186698	5
dataset_name-FR-FCM-Z238_seed-42	dgcytof	6	CD4+ T Cell (Central Memory)	CD4+ T Cell (Central Memory)	0.6667713648698051	0.6535281918593415	0.6834629959992822	0.6508755880815473	198103	5
dataset_name-FR-FCM-Z238_seed-42	dgcytof	7	CD4+ T Cell (EMRA)	CD4+ T Cell (EMRA)	0.4220288966389454	0.38803796108886884	0.3703269069572506	0.4514756713639989	7522	5
dataset_name-FR-FCM-Z238_seed-42	dgcytof	8	CD4+ T Cell (Effector Memory)	CD4+ T Cell (Effector Memory)	0.7063056294070049	0.6813534096417176	0.6913611676849966	0.7219104442344045	33856	5
dataset_name-FR-FCM-Z238_seed-42	dgcytof	9	CD4+ T Cell (Naive)	CD4+ T Cell (Naive)	0.7140192443302018	0.7028999668581456	0.6731503324040318	0.7968279481394696	207118	5
dataset_name-FR-FCM-Z238_seed-42	gatemeclass[E]	1	B Cell (CD27-)	B Cell (CD27-)	NA	NA	NA	0	110209	5
dataset_name-FR-FCM-Z238_seed-42	gatemeclass[E]	10	CD4+ T Cell (Treg)	CD4+ T Cell (Treg)	NA	NA	NA	0	53998	5
dataset_name-FR-FCM-Z238_seed-42	gatemeclass[E]	11	CD4- CD8- T Cell	CD4- CD8- T Cell	NA	NA	NA	0	165094	5
dataset_name-FR-FCM-Z238_seed-42	gatemeclass[E]	12	CD8+ T Cell (Central Memory)	CD8+ T Cell (Central Memory)	NA	NA	NA	0	28946	5
dataset_name-FR-FCM-Z238_seed-42	gatemeclass[E]	13	CD8+ T Cell (EMRA)	CD8+ T Cell (EMRA)	NA	NA	NA	0	40513	5
dataset_name-FR-FCM-Z238_seed-42	gatemeclass[E]	14	CD8+ T Cell (Effector Memory)	CD8+ T Cell (Effector Memory)	NA	NA	NA	0	7420	5
dataset_name-FR-FCM-Z238_seed-42	gatemeclass[E]	15	CD8+ T Cell (Naive)	CD8+ T Cell (Naive)	NA	NA	NA	0	172943	5
dataset_name-FR-FCM-Z238_seed-42	gatemeclass[E]	16	Dendritic Cell (Type 1, CD141+)	Dendritic Cell (Type 1, CD141+)	NA	NA	NA	0	7463	5
dataset_name-FR-FCM-Z238_seed-42	gatemeclass[E]	17	Dendritic Cell (Type 2, CD1c+)	Dendritic Cell (Type 2, CD1c+)	NA	NA	NA	0	461	5
dataset_name-FR-FCM-Z238_seed-42	gatemeclass[E]	18	Monocyte (CD14+ CD16+)	Monocyte (CD14+ CD16+)	NA	NA	NA	0	100186	5
dataset_name-FR-FCM-Z238_seed-42	gatemeclass[E]	19	Monocyte (CD14+ CD16-)	Monocyte (CD14+ CD16-)	NA	NA	NA	0	678706	5
dataset_name-FR-FCM-Z238_seed-42	gatemeclass[E]	2	B Cell (Memory)	B Cell (Memory)	NA	NA	NA	0	38985	5
dataset_name-FR-FCM-Z238_seed-42	gatemeclass[E]	20	Monocyte (CD14- CD16+)	Monocyte (CD14- CD16+)	NA	NA	NA	0	27095	5
dataset_name-FR-FCM-Z238_seed-42	gatemeclass[E]	21	NK Cell (CD56+ CD16+)	NK Cell (CD56+ CD16+)	NA	NA	NA	0	211586	5
dataset_name-FR-FCM-Z238_seed-42	gatemeclass[E]	22	NK Cell (CD56+ CD16-)	NK Cell (CD56+ CD16-)	NA	NA	NA	0	70398	5
dataset_name-FR-FCM-Z238_seed-42	gatemeclass[E]	23	Plasmacytoid Dendritic Cell	Plasmacytoid Dendritic Cell	NA	NA	NA	0	30997	5
dataset_name-FR-FCM-Z238_seed-42	gatemeclass[E]	3	B Cell (Plasmablast)	B Cell (Plasmablast)	NA	NA	NA	0	15469	5
dataset_name-FR-FCM-Z238_seed-42	gatemeclass[E]	4	Basophil	Basophil	NA	NA	NA	0	2334	5
dataset_name-FR-FCM-Z238_seed-42	gatemeclass[E]	5	CD4+ CD8+ T Cell	CD4+ CD8+ T Cell	NA	NA	NA	0	186698	5
dataset_name-FR-FCM-Z238_seed-42	gatemeclass[E]	6	CD4+ T Cell (Central Memory)	CD4+ T Cell (Central Memory)	NA	NA	NA	0	198103	5
dataset_name-FR-FCM-Z238_seed-42	gatemeclass[E]	7	CD4+ T Cell (EMRA)	CD4+ T Cell (EMRA)	NA	NA	NA	0	7522	5
dataset_name-FR-FCM-Z238_seed-42	gatemeclass[E]	8	CD4+ T Cell (Effector Memory)	CD4+ T Cell (Effector Memory)	NA	NA	NA	0	33856	5
dataset_name-FR-FCM-Z238_seed-42	gatemeclass[E]	9	CD4+ T Cell (Naive)	CD4+ T Cell (Naive)	NA	NA	NA	0	207118	5
dataset_name-FR-FCM-Z238_seed-42	gatemeclass[V]	1	B Cell (CD27-)	B Cell (CD27-)	NA	NA	NA	0	110209	5
dataset_name-FR-FCM-Z238_seed-42	gatemeclass[V]	10	CD4+ T Cell (Treg)	CD4+ T Cell (Treg)	NA	NA	NA	0	53998	5
dataset_name-FR-FCM-Z238_seed-42	gatemeclass[V]	11	CD4- CD8- T Cell	CD4- CD8- T Cell	NA	NA	NA	0	165094	5
dataset_name-FR-FCM-Z238_seed-42	gatemeclass[V]	12	CD8+ T Cell (Central Memory)	CD8+ T Cell (Central Memory)	NA	NA	NA	0	28946	5
dataset_name-FR-FCM-Z238_seed-42	gatemeclass[V]	13	CD8+ T Cell (EMRA)	CD8+ T Cell (EMRA)	NA	NA	NA	0	40513	5
dataset_name-FR-FCM-Z238_seed-42	gatemeclass[V]	14	CD8+ T Cell (Effector Memory)	CD8+ T Cell (Effector Memory)	NA	NA	NA	0	7420	5
dataset_name-FR-FCM-Z238_seed-42	gatemeclass[V]	15	CD8+ T Cell (Naive)	CD8+ T Cell (Naive)	NA	NA	NA	0	172943	5
dataset_name-FR-FCM-Z238_seed-42	gatemeclass[V]	16	Dendritic Cell (Type 1, CD141+)	Dendritic Cell (Type 1, CD141+)	NA	NA	NA	0	7463	5
dataset_name-FR-FCM-Z238_seed-42	gatemeclass[V]	17	Dendritic Cell (Type 2, CD1c+)	Dendritic Cell (Type 2, CD1c+)	NA	NA	NA	0	461	5
dataset_name-FR-FCM-Z238_seed-42	gatemeclass[V]	18	Monocyte (CD14+ CD16+)	Monocyte (CD14+ CD16+)	NA	NA	NA	0	100186	5
dataset_name-FR-FCM-Z238_seed-42	gatemeclass[V]	19	Monocyte (CD14+ CD16-)	Monocyte (CD14+ CD16-)	NA	NA	NA	0	678706	5
dataset_name-FR-FCM-Z238_seed-42	gatemeclass[V]	2	B Cell (Memory)	B Cell (Memory)	NA	NA	NA	0	38985	5
dataset_name-FR-FCM-Z238_seed-42	gatemeclass[V]	20	Monocyte (CD14- CD16+)	Monocyte (CD14- CD16+)	NA	NA	NA	0	27095	5
dataset_name-FR-FCM-Z238_seed-42	gatemeclass[V]	21	NK Cell (CD56+ CD16+)	NK Cell (CD56+ CD16+)	NA	NA	NA	0	211586	5
dataset_name-FR-FCM-Z238_seed-42	gatemeclass[V]	22	NK Cell (CD56+ CD16-)	NK Cell (CD56+ CD16-)	NA	NA	NA	0	70398	5
dataset_name-FR-FCM-Z238_seed-42	gatemeclass[V]	23	Plasmacytoid Dendritic Cell	Plasmacytoid Dendritic Cell	NA	NA	NA	0	30997	5
dataset_name-FR-FCM-Z238_seed-42	gatemeclass[V]	3	B Cell (Plasmablast)	B Cell (Plasmablast)	NA	NA	NA	0	15469	5
dataset_name-FR-FCM-Z238_seed-42	gatemeclass[V]	4	Basophil	Basophil	NA	NA	NA	0	2334	5
dataset_name-FR-FCM-Z238_seed-42	gatemeclass[V]	5	CD4+ CD8+ T Cell	CD4+ CD8+ T Cell	NA	NA	NA	0	186698	5
dataset_name-FR-FCM-Z238_seed-42	gatemeclass[V]	6	CD4+ T Cell (Central Memory)	CD4+ T Cell (Central Memory)	NA	NA	NA	0	198103	5
dataset_name-FR-FCM-Z238_seed-42	gatemeclass[V]	7	CD4+ T Cell (EMRA)	CD4+ T Cell (EMRA)	NA	NA	NA	0	7522	5
dataset_name-FR-FCM-Z238_seed-42	gatemeclass[V]	8	CD4+ T Cell (Effector Memory)	CD4+ T Cell (Effector Memory)	NA	NA	NA	0	33856	5
dataset_name-FR-FCM-Z238_seed-42	gatemeclass[V]	9	CD4+ T Cell (Naive)	CD4+ T Cell (Naive)	NA	NA	NA	0	207118	5
dataset_name-FR-FCM-Z238_seed-42	knn	1	B Cell (CD27-)	B Cell (CD27-)	0.974637584667146	0.9748769689690172	0.9751120547298892	0.980613070718644	110209	5
dataset_name-FR-FCM-Z238_seed-42	knn	10	CD4+ T Cell (Treg)	CD4+ T Cell (Treg)	0.6468635361571238	0.6474971965654185	0.5996277546158427	0.7457868809955924	53998	5
dataset_name-FR-FCM-Z238_seed-42	knn	11	CD4- CD8- T Cell	CD4- CD8- T Cell	0.7474115371487086	0.7587203275155916	0.8999862994930813	0.639069948438564	165094	5
dataset_name-FR-FCM-Z238_seed-42	knn	12	CD8+ T Cell (Central Memory)	CD8+ T Cell (Central Memory)	0.5224691679411669	0.5285895484957607	0.43903940886699505	0.6135048008596485	28946	5
dataset_name-FR-FCM-Z238_seed-42	knn	13	CD8+ T Cell (EMRA)	CD8+ T Cell (EMRA)	0.7035026057447582	0.6974934309988021	0.652510173340228	0.7631405958297178	40513	5
dataset_name-FR-FCM-Z238_seed-42	knn	14	CD8+ T Cell (Effector Memory)	CD8+ T Cell (Effector Memory)	0.395390137918005	0.39463709739483616	0.27496321210847174	0.7035094796288827	7420	5
dataset_name-FR-FCM-Z238_seed-42	knn	15	CD8+ T Cell (Naive)	CD8+ T Cell (Naive)	0.8399515056796962	0.8326822220778857	0.8811669023608529	0.825069531579769	172943	5
dataset_name-FR-FCM-Z238_seed-42	knn	16	Dendritic Cell (Type 1, CD141+)	Dendritic Cell (Type 1, CD141+)	0.2687373577096315	0.28870466716721305	0.18639400744623524	0.5609625668449197	7463	5
dataset_name-FR-FCM-Z238_seed-42	knn	17	Dendritic Cell (Type 2, CD1c+)	Dendritic Cell (Type 2, CD1c+)	0.06966345022358202	0.06966345022358202	0.0365793376173999	0	461	5
dataset_name-FR-FCM-Z238_seed-42	knn	18	Monocyte (CD14+ CD16+)	Monocyte (CD14+ CD16+)	0.6755660842957258	0.671899871635168	0.5588784802518977	0.8518634798460604	100186	5
dataset_name-FR-FCM-Z238_seed-42	knn	19	Monocyte (CD14+ CD16-)	Monocyte (CD14+ CD16-)	0.9413834461320051	0.928983518784548	0.9800847322651547	0.9056225017807631	678706	5
dataset_name-FR-FCM-Z238_seed-42	knn	2	B Cell (Memory)	B Cell (Memory)	0.943797950671953	0.9396482337397062	0.9407945388287224	0.9475151073140238	38985	5
dataset_name-FR-FCM-Z238_seed-42	knn	20	Monocyte (CD14- CD16+)	Monocyte (CD14- CD16+)	0.6975965722702016	0.6711836257026034	0.6626589110098345	0.7717862851054114	27095	5
dataset_name-FR-FCM-Z238_seed-42	knn	21	NK Cell (CD56+ CD16+)	NK Cell (CD56+ CD16+)	0.9364594740065703	0.9372304155699879	0.9196886705613226	0.961793447020502	211586	5
dataset_name-FR-FCM-Z238_seed-42	knn	22	NK Cell (CD56+ CD16-)	NK Cell (CD56+ CD16-)	0.7974229632915102	0.7837074248417405	0.8385163870926942	0.7601691271320051	70398	5
dataset_name-FR-FCM-Z238_seed-42	knn	23	Plasmacytoid Dendritic Cell	Plasmacytoid Dendritic Cell	0.9878631608336481	0.984891897238912	0.9800247653806048	0.9986738687453505	30997	5
dataset_name-FR-FCM-Z238_seed-42	knn	3	B Cell (Plasmablast)	B Cell (Plasmablast)	0.7946793098906888	0.7971083289126786	0.8170062961207772	0.7735401576821999	15469	5
dataset_name-FR-FCM-Z238_seed-42	knn	4	Basophil	Basophil	0.9158477561745957	0.9158477561745957	0.8593621838687628	0	2334	5
dataset_name-FR-FCM-Z238_seed-42	knn	5	CD4+ CD8+ T Cell	CD4+ CD8+ T Cell	0.36376917963773336	0.3800764385306061	0.5120515394586798	0.24479105293040096	186698	5
dataset_name-FR-FCM-Z238_seed-42	knn	6	CD4+ T Cell (Central Memory)	CD4+ T Cell (Central Memory)	0.6201445963463363	0.6189310524418002	0.6621954073507503	0.5831155253528489	198103	5
dataset_name-FR-FCM-Z238_seed-42	knn	7	CD4+ T Cell (EMRA)	CD4+ T Cell (EMRA)	0.2715643852057737	0.26103235263114744	0.17829296615792967	0.5436108165429481	7522	5
dataset_name-FR-FCM-Z238_seed-42	knn	8	CD4+ T Cell (Effector Memory)	CD4+ T Cell (Effector Memory)	0.6100190234622701	0.5943514988412614	0.5002931220333213	0.7500954618886767	33856	5
dataset_name-FR-FCM-Z238_seed-42	knn	9	CD4+ T Cell (Naive)	CD4+ T Cell (Naive)	0.6829042875856411	0.6829672142512156	0.5733364458019483	0.8442441201816474	207118	5
dataset_name-FR-FCM-Z238_seed-42	lda	1	B Cell (CD27-)	B Cell (CD27-)	0.9685274113215631	0.9713228588552189	0.9672480496080924	0.9770390246537846	110209	5
dataset_name-FR-FCM-Z238_seed-42	lda	10	CD4+ T Cell (Treg)	CD4+ T Cell (Treg)	0.6598846376870569	0.6410420414399649	0.718337048240726	0.6006333567909923	53998	5
dataset_name-FR-FCM-Z238_seed-42	lda	11	CD4- CD8- T Cell	CD4- CD8- T Cell	0.8691056718513244	0.861540535698956	0.9765582933284797	0.8063885775254902	165094	5
dataset_name-FR-FCM-Z238_seed-42	lda	12	CD8+ T Cell (Central Memory)	CD8+ T Cell (Central Memory)	0.5315504704138954	0.5364291077269957	0.5362569520210756	0.4990120974730493	28946	5
dataset_name-FR-FCM-Z238_seed-42	lda	13	CD8+ T Cell (EMRA)	CD8+ T Cell (EMRA)	0.7738329238329239	0.7723631781901915	0.7306078245566536	0.8514632799558255	40513	5
dataset_name-FR-FCM-Z238_seed-42	lda	14	CD8+ T Cell (Effector Memory)	CD8+ T Cell (Effector Memory)	0.5131478172070463	0.49684851920995765	0.5547928413826918	0.4777960526315789	7420	5
dataset_name-FR-FCM-Z238_seed-42	lda	15	CD8+ T Cell (Naive)	CD8+ T Cell (Naive)	0.8512219234668497	0.8381831056913627	0.9351975482023148	0.7810847821941791	172943	5
dataset_name-FR-FCM-Z238_seed-42	lda	16	Dendritic Cell (Type 1, CD141+)	Dendritic Cell (Type 1, CD141+)	0.45692487760203093	0.4379465660409761	0.4848255822700748	0.4323529411764706	7463	5
dataset_name-FR-FCM-Z238_seed-42	lda	17	Dendritic Cell (Type 2, CD1c+)	Dendritic Cell (Type 2, CD1c+)	0.3176020408163265	0.3176020408163265	0.21428571428571427	0	461	5
dataset_name-FR-FCM-Z238_seed-42	lda	18	Monocyte (CD14+ CD16+)	Monocyte (CD14+ CD16+)	0.7485481837847955	0.7404502723878919	0.7078002164629287	0.7769133058113686	100186	5
dataset_name-FR-FCM-Z238_seed-42	lda	19	Monocyte (CD14+ CD16-)	Monocyte (CD14+ CD16-)	0.9568602293853681	0.9527759856478225	0.9823172508727437	0.9325973827198286	678706	5
dataset_name-FR-FCM-Z238_seed-42	lda	2	B Cell (Memory)	B Cell (Memory)	0.9053066161775534	0.9092254567346966	0.9347826086956522	0.895626523021675	38985	5
dataset_name-FR-FCM-Z238_seed-42	lda	20	Monocyte (CD14- CD16+)	Monocyte (CD14- CD16+)	0.7135306095923053	0.7125229101506942	0.805879140880961	0.6459024763849885	27095	5
dataset_name-FR-FCM-Z238_seed-42	lda	21	NK Cell (CD56+ CD16+)	NK Cell (CD56+ CD16+)	0.9442898496591652	0.9385706420692088	0.9329901187411774	0.9608354090821997	211586	5
dataset_name-FR-FCM-Z238_seed-42	lda	22	NK Cell (CD56+ CD16-)	NK Cell (CD56+ CD16-)	0.8000315507177789	0.7635483025315517	0.8994714625235004	0.7203897838006762	70398	5
dataset_name-FR-FCM-Z238_seed-42	lda	23	Plasmacytoid Dendritic Cell	Plasmacytoid Dendritic Cell	0.9841502461092438	0.9832128805122583	0.9695856873822976	0.9991590387165638	30997	5
dataset_name-FR-FCM-Z238_seed-42	lda	3	B Cell (Plasmablast)	B Cell (Plasmablast)	0.834492737492348	0.805818658990118	0.7356445004727388	0.961417877023482	15469	5
dataset_name-FR-FCM-Z238_seed-42	lda	4	Basophil	Basophil	0.9236446999220713	0.9236446999220713	0.8699876706984002	0	2334	5
dataset_name-FR-FCM-Z238_seed-42	lda	5	CD4+ CD8+ T Cell	CD4+ CD8+ T Cell	0.4517899753189252	0.46099756633913375	0.6114029208684674	0.330742696761615	186698	5
dataset_name-FR-FCM-Z238_seed-42	lda	6	CD4+ T Cell (Central Memory)	CD4+ T Cell (Central Memory)	0.5190509312929902	0.5072408199088987	0.7845874094616971	0.39707065020708515	198103	5
dataset_name-FR-FCM-Z238_seed-42	lda	7	CD4+ T Cell (EMRA)	CD4+ T Cell (EMRA)	0.30699835975943135	0.31110841117726884	0.3158931082981716	0.2985908003190641	7522	5
dataset_name-FR-FCM-Z238_seed-42	lda	8	CD4+ T Cell (Effector Memory)	CD4+ T Cell (Effector Memory)	0.6285691142521566	0.630228901806944	0.5719694246759159	0.7011308562197092	33856	5
dataset_name-FR-FCM-Z238_seed-42	lda	9	CD4+ T Cell (Naive)	CD4+ T Cell (Naive)	0.7178569038216988	0.6937128942636742	0.6258852113096387	0.860688110159426	207118	5
dataset_name-FR-FCM-Z238_seed-42	random	1	B Cell (CD27-)	B Cell (CD27-)	0.04586694905367448	0.04577791122370873	0.04625572999066975	0.04594966254727052	110209	5
dataset_name-FR-FCM-Z238_seed-42	random	10	CD4+ T Cell (Treg)	CD4+ T Cell (Treg)	0.029685044545492572	0.030068561214388185	0.02237220347456568	0.04477997637330183	53998	5
dataset_name-FR-FCM-Z238_seed-42	random	11	CD4- CD8- T Cell	CD4- CD8- T Cell	0.055422673776451395	0.055108244356797724	0.06953800407481507	0.046070872652981806	165094	5
dataset_name-FR-FCM-Z238_seed-42	random	12	CD8+ T Cell (Central Memory)	CD8+ T Cell (Central Memory)	0.019429457224341754	0.019512542693555603	0.012399512087363255	0.0452539763981529	28946	5
dataset_name-FR-FCM-Z238_seed-42	random	13	CD8+ T Cell (EMRA)	CD8+ T Cell (EMRA)	0.023593562271424985	0.02378493788815432	0.016367496622273693	0.04517367410796456	40513	5
dataset_name-FR-FCM-Z238_seed-42	random	14	CD8+ T Cell (Effector Memory)	CD8+ T Cell (Effector Memory)	0.005699968142172015	0.005750868958509474	0.00304678798589825	0.04412156758197814	7420	5
dataset_name-FR-FCM-Z238_seed-42	random	15	CD8+ T Cell (Naive)	CD8+ T Cell (Naive)	0.056591831945442005	0.05647422042077618	0.07330769163065386	0.04601516106462823	172943	5
dataset_name-FR-FCM-Z238_seed-42	random	16	Dendritic Cell (Type 1, CD141+)	Dendritic Cell (Type 1, CD141+)	0.005690294254035229	0.005713224434127709	0.003046857632145933	0.04164398475775721	7463	5
dataset_name-FR-FCM-Z238_seed-42	random	17	Dendritic Cell (Type 2, CD1c+)	Dendritic Cell (Type 2, CD1c+)	2.644910581676873e-4	2.644910581676873e-4	1.3279398545395113e-4	0	461	5
dataset_name-FR-FCM-Z238_seed-42	random	18	Monocyte (CD14+ CD16+)	Monocyte (CD14+ CD16+)	0.043371561627423894	0.04354683593927706	0.04154184752705264	0.045462831679157385	100186	5
dataset_name-FR-FCM-Z238_seed-42	random	19	Monocyte (CD14+ CD16-)	Monocyte (CD14+ CD16-)	0.07807497993597431	0.07878998289843357	0.2833291904880272	0.04535086023583994	678706	5
dataset_name-FR-FCM-Z238_seed-42	random	2	B Cell (Memory)	B Cell (Memory)	0.024181291531777133	0.02419079020343806	0.016465565249675143	0.04550468128767474	38985	5
dataset_name-FR-FCM-Z238_seed-42	random	20	Monocyte (CD14- CD16+)	Monocyte (CD14- CD16+)	0.01790730337078652	0.018056858396499766	0.011461493671661917	0.04705665251891493	27095	5
dataset_name-FR-FCM-Z238_seed-42	random	21	NK Cell (CD56+ CD16+)	NK Cell (CD56+ CD16+)	0.059418166926554196	0.059963829439628594	0.08827616610601574	0.04517627898064763	211586	5
dataset_name-FR-FCM-Z238_seed-42	random	22	NK Cell (CD56+ CD16-)	NK Cell (CD56+ CD16-)	0.03562827239758828	0.035444813457162015	0.028966303966303966	0.045285377425495044	70398	5
dataset_name-FR-FCM-Z238_seed-42	random	23	Plasmacytoid Dendritic Cell	Plasmacytoid Dendritic Cell	0.020072423050508836	0.020175453980647445	0.01313115842140195	0.046649675775075006	30997	5
dataset_name-FR-FCM-Z238_seed-42	random	3	B Cell (Plasmablast)	B Cell (Plasmablast)	0.011529592621060724	0.011258355649308379	0.006592528467736565	0.04683268379681617	15469	5
dataset_name-FR-FCM-Z238_seed-42	random	4	Basophil	Basophil	0.001702783676452629	0.001702783676452629	8.70238844295347e-4	0	2334	5
dataset_name-FR-FCM-Z238_seed-42	random	5	CD4+ CD8+ T Cell	CD4+ CD8+ T Cell	0.05622539623652589	0.05567100415661985	0.07697326704467133	0.041644397181096374	186698	5
dataset_name-FR-FCM-Z238_seed-42	random	6	CD4+ T Cell (Central Memory)	CD4+ T Cell (Central Memory)	0.05860815389517907	0.058798435570998696	0.0831549420535912	0.045250504624469015	198103	5
dataset_name-FR-FCM-Z238_seed-42	random	7	CD4+ T Cell (EMRA)	CD4+ T Cell (EMRA)	0.005596855100467356	0.005533825252647785	0.003003616599579085	0.041478330231321456	7522	5
dataset_name-FR-FCM-Z238_seed-42	random	8	CD4+ T Cell (Effector Memory)	CD4+ T Cell (Effector Memory)	0.021705853539064412	0.021903544190244387	0.014240769871379661	0.045457230623818526	33856	5
dataset_name-FR-FCM-Z238_seed-42	random	9	CD4+ T Cell (Naive)	CD4+ T Cell (Naive)	0.05966441133258085	0.059466509523982185	0.0867936024371668	0.04531283672149989	207118	5
dataset_name-FR-FCM-Z2KP-covid_seed-42	cyanno	1	CD14 monocytes	CD14 monocytes	0.999735645957841	0.9997081351757108	0.9996908725477345	0.9997969876517462	891283	5
dataset_name-FR-FCM-Z2KP-covid_seed-42	cyanno	2	CD19	CD19	0.9989578911752947	0.9989348968010427	0.9989306897179534	0.9989386921825736	410167	5
dataset_name-FR-FCM-Z2KP-covid_seed-42	cyanno	3	CD3+	CD3+	0.9311977363364086	0.9266550520513832	0.9597689304157649	0.9179388975635624	177410	5
dataset_name-FR-FCM-Z2KP-covid_seed-42	cyanno	4	CD4	CD4	0.998560567573108	0.9981833543752753	0.9978828294467417	0.9991795054736795	1629182	5
dataset_name-FR-FCM-Z2KP-covid_seed-42	cyanno	5	CD8	CD8	0.9740076775318245	0.9728531785813295	0.9689482275795135	0.9849442972921785	345016	5
dataset_name-FR-FCM-Z2KP-covid_seed-42	cygate	1	CD14 monocytes	CD14 monocytes	0.9907855190547243	0.9904597994228147	0.9916899182433121	0.989796787845287	891283	5
dataset_name-FR-FCM-Z2KP-covid_seed-42	cygate	2	CD19	CD19	0.9861907904757071	0.9880369793958556	0.9857699870030326	0.9933698073428191	410167	5
dataset_name-FR-FCM-Z2KP-covid_seed-42	cygate	3	CD3+	CD3+	0.20835451080050826	0.31474470964533935	0.376069884408365	0.17961497384779693	177410	5
dataset_name-FR-FCM-Z2KP-covid_seed-42	cygate	4	CD4	CD4	0.9695105713393882	0.9646791362322583	0.9934148987660498	0.9531930748068662	1629182	5
dataset_name-FR-FCM-Z2KP-covid_seed-42	cygate	5	CD8	CD8	0.8489305716585228	0.8712931895758088	0.773450718628563	0.9407354849287497	345016	5
dataset_name-FR-FCM-Z2KP-covid_seed-42	dgcytof	1	CD14 monocytes	CD14 monocytes	0.9983514141203323	0.9975378555476807	0.9986967210354388	0.9981891273590991	891283	5
dataset_name-FR-FCM-Z2KP-covid_seed-42	dgcytof	2	CD19	CD19	0.9952038645709668	0.9936036888543619	0.9938051196005812	0.9966065524573638	410167	5
dataset_name-FR-FCM-Z2KP-covid_seed-42	dgcytof	3	CD3+	CD3+	0.9329066654668977	0.8984522819978983	0.9586393818734505	0.9085193197688748	177410	5
dataset_name-FR-FCM-Z2KP-covid_seed-42	dgcytof	4	CD4	CD4	0.9964292963283445	0.9956725729271702	0.995965807128876	0.997774113866951	1629182	5
dataset_name-FR-FCM-Z2KP-covid_seed-42	dgcytof	5	CD8	CD8	0.9808809909786548	0.9722348820902211	0.9754655631096659	0.9908786838871241	345016	5
dataset_name-FR-FCM-Z2KP-covid_seed-42	gatemeclass[E]	1	CD14 monocytes	CD14 monocytes	NA	NA	NA	0	891283	5
dataset_name-FR-FCM-Z2KP-covid_seed-42	gatemeclass[E]	2	CD19	CD19	NA	NA	NA	0	410167	5
dataset_name-FR-FCM-Z2KP-covid_seed-42	gatemeclass[E]	3	CD3+	CD3+	NA	NA	NA	0	177410	5
dataset_name-FR-FCM-Z2KP-covid_seed-42	gatemeclass[E]	4	CD4	CD4	NA	NA	NA	0	1629182	5
dataset_name-FR-FCM-Z2KP-covid_seed-42	gatemeclass[E]	5	CD8	CD8	NA	NA	NA	0	345016	5
dataset_name-FR-FCM-Z2KP-covid_seed-42	gatemeclass[V]	1	CD14 monocytes	CD14 monocytes	NA	NA	NA	0	891283	5
dataset_name-FR-FCM-Z2KP-covid_seed-42	gatemeclass[V]	2	CD19	CD19	NA	NA	NA	0	410167	5
dataset_name-FR-FCM-Z2KP-covid_seed-42	gatemeclass[V]	3	CD3+	CD3+	NA	NA	NA	0	177410	5
dataset_name-FR-FCM-Z2KP-covid_seed-42	gatemeclass[V]	4	CD4	CD4	NA	NA	NA	0	1629182	5
dataset_name-FR-FCM-Z2KP-covid_seed-42	gatemeclass[V]	5	CD8	CD8	NA	NA	NA	0	345016	5
dataset_name-FR-FCM-Z2KP-covid_seed-42	knn	1	CD14 monocytes	CD14 monocytes	0.9443604634991312	0.9430744313628191	0.9557114297532056	0.9332759628535493	891283	5
dataset_name-FR-FCM-Z2KP-covid_seed-42	knn	2	CD19	CD19	0.9323910784865915	0.9320496409081522	0.9226226293669251	0.9476289035293886	410167	5
dataset_name-FR-FCM-Z2KP-covid_seed-42	knn	3	CD3+	CD3+	0.25163418717595454	0.26917882523409903	0.19376619106907478	0.38894028223786936	177410	5
dataset_name-FR-FCM-Z2KP-covid_seed-42	knn	4	CD4	CD4	0.8752438546123718	0.8626162465163816	0.9327887598949995	0.8285282524950545	1629182	5
dataset_name-FR-FCM-Z2KP-covid_seed-42	knn	5	CD8	CD8	0.5565073742521663	0.562540202708572	0.515461130799009	0.6340667075614906	345016	5
dataset_name-FR-FCM-Z2KP-covid_seed-42	lda	1	CD14 monocytes	CD14 monocytes	0.9913715891959763	0.9908761895598642	0.9951984239118716	0.989318307446597	891283	5
dataset_name-FR-FCM-Z2KP-covid_seed-42	lda	2	CD19	CD19	0.9839943720738423	0.9839609656086643	0.9788455558729621	0.9920568938993142	410167	5
dataset_name-FR-FCM-Z2KP-covid_seed-42	lda	3	CD3+	CD3+	0.0982029316064099	0.1785549132659873	0.47652788735813556	0.05871625168437174	177410	5
dataset_name-FR-FCM-Z2KP-covid_seed-42	lda	4	CD4	CD4	0.9603401461406321	0.9595241567814069	0.9595063881607464	0.9643144136423238	1629182	5
dataset_name-FR-FCM-Z2KP-covid_seed-42	lda	5	CD8	CD8	0.7068045837763	0.7150810786119209	0.779501634293232	0.6712829924055921	345016	5
dataset_name-FR-FCM-Z2KP-covid_seed-42	random	1	CD14 monocytes	CD14 monocytes	0.20326675043651016	0.2029138352567488	0.2601482181449108	0.16668050399935327	891283	5
dataset_name-FR-FCM-Z2KP-covid_seed-42	random	2	CD19	CD19	0.13881640851457863	0.13838838952082957	0.11933579576354494	0.16662277798149785	410167	5
dataset_name-FR-FCM-Z2KP-covid_seed-42	random	3	CD3+	CD3+	0.07885007690809842	0.0773229212666615	0.05178042408867621	0.16655569631440945	177410	5
dataset_name-FR-FCM-Z2KP-covid_seed-42	random	4	CD4	CD4	0.24584843328643255	0.2457156883357472	0.4727442786411183	0.16634280687246292	1629182	5
dataset_name-FR-FCM-Z2KP-covid_seed-42	random	5	CD8	CD8	0.12539025684103564	0.12620197251125037	0.10072882547630889	0.16604240812092053	345016	5
dataset_name-FR-FCM-Z2KP-healthy_seed-42	cyanno	1	CD14 monocytes	CD14 monocytes	0.9997752330832926	0.9997745315605424	0.9997407899426498	0.9998768584650084	177033	5
dataset_name-FR-FCM-Z2KP-healthy_seed-42	cyanno	2	CD19	CD19	0.9990614938130784	0.9990665906505704	0.9990457524556161	0.9991827777555534	162089	5
dataset_name-FR-FCM-Z2KP-healthy_seed-42	cyanno	3	CD3+	CD3+	0.94026614715078	0.9422432211042082	0.9671148314534114	0.9299266798115636	71844	5
dataset_name-FR-FCM-Z2KP-healthy_seed-42	cyanno	4	CD4	CD4	0.9985447500552249	0.9985584931174948	0.9980846419963276	0.9989816433566434	661241	5
dataset_name-FR-FCM-Z2KP-healthy_seed-42	cyanno	5	CD8	CD8	0.9840351511565475	0.9826167957943931	0.9771712410349983	0.9911472448057814	184381	5
dataset_name-FR-FCM-Z2KP-healthy_seed-42	cygate	1	CD14 monocytes	CD14 monocytes	0.985711070094089	0.987852146895133	0.9878075084859287	0.9844494667617842	177033	5
dataset_name-FR-FCM-Z2KP-healthy_seed-42	cygate	2	CD19	CD19	0.9901215663573042	0.9912836740099235	0.982695669901833	0.997361518523692	162089	5
dataset_name-FR-FCM-Z2KP-healthy_seed-42	cygate	3	CD3+	CD3+	0.6189828133703136	0.5308972919959913	0.6025377305757407	0.5647242264889324	71844	5
dataset_name-FR-FCM-Z2KP-healthy_seed-42	cygate	4	CD4	CD4	0.9728576059548355	0.9733545509314425	0.9703166802706921	0.9734135477915523	661241	5
dataset_name-FR-FCM-Z2KP-healthy_seed-42	cygate	5	CD8	CD8	0.9125161575662163	0.858483996546712	0.947306329005808	0.869354320913341	184381	5
dataset_name-FR-FCM-Z2KP-healthy_seed-42	dgcytof	1	CD14 monocytes	CD14 monocytes	0.9990680279651545	0.998864953512695	0.9988315657019594	0.9989719430840578	177033	5
dataset_name-FR-FCM-Z2KP-healthy_seed-42	dgcytof	2	CD19	CD19	0.9968777116648073	0.9965948418154263	0.995816568848203	0.9986242126239289	162089	5
dataset_name-FR-FCM-Z2KP-healthy_seed-42	dgcytof	3	CD3+	CD3+	0.9205506955399397	0.9196583222265622	0.9506578947368421	0.9073826624352764	71844	5
dataset_name-FR-FCM-Z2KP-healthy_seed-42	dgcytof	4	CD4	CD4	0.9969440146174877	0.995588268837071	0.995882911139373	0.9970995533708608	661241	5
dataset_name-FR-FCM-Z2KP-healthy_seed-42	dgcytof	5	CD8	CD8	0.9810873760564318	0.9816565095839094	0.9882823277096141	0.9909700722394221	184381	5
dataset_name-FR-FCM-Z2KP-healthy_seed-42	gatemeclass[E]	1	CD14 monocytes	CD14 monocytes	0.3971334744683211	0.5784991546493996	0.2485425237910638	0.9818000033891986	177033	5
dataset_name-FR-FCM-Z2KP-healthy_seed-42	gatemeclass[E]	2	CD19	CD19	0.9423585919962962	0.8439912877705602	0.9306098632048798	0.9448441096594936	162089	5
dataset_name-FR-FCM-Z2KP-healthy_seed-42	gatemeclass[E]	3	CD3+	CD3+	0.14041005749116853	0.12162781340892195	0.09422411869701026	0.016846031551913904	71844	5
dataset_name-FR-FCM-Z2KP-healthy_seed-42	gatemeclass[E]	4	CD4	CD4	0.6818496790191724	0.5832692723895192	0.7350334010558113	0.18018648018648017	661241	5
dataset_name-FR-FCM-Z2KP-healthy_seed-42	gatemeclass[E]	5	CD8	CD8	0.11684601466526996	0.10057332832946225	0.16990566676828237	3.0111412225233364e-4	184381	5
dataset_name-FR-FCM-Z2KP-healthy_seed-42	gatemeclass[V]	1	CD14 monocytes	CD14 monocytes	0.19878717239085117	0.3015662388295135	0.9596337185379428	0.47644939482408233	177033	5
dataset_name-FR-FCM-Z2KP-healthy_seed-42	gatemeclass[V]	2	CD19	CD19	0.586992036746194	0.6155583408594023	0.5055419109850373	0.8553630924146917	162089	5
dataset_name-FR-FCM-Z2KP-healthy_seed-42	gatemeclass[V]	3	CD3+	CD3+	0.06045824441265448	0.0896187540811236	0.06332077943343704	0.07115954520230941	71844	5
dataset_name-FR-FCM-Z2KP-healthy_seed-42	gatemeclass[V]	4	CD4	CD4	0.7585045205266876	0.5636026440446831	0.6991985992972369	0.08493444055944056	661241	5
dataset_name-FR-FCM-Z2KP-healthy_seed-42	gatemeclass[V]	5	CD8	CD8	0.001759687445991736	0.1068251246031473	0.192087327373176	1.0949604445539405e-4	184381	5
dataset_name-FR-FCM-Z2KP-healthy_seed-42	knn	1	CD14 monocytes	CD14 monocytes	0.9379799598044906	0.927498024179832	0.9210461863089575	0.9555480630155193	177033	5
dataset_name-FR-FCM-Z2KP-healthy_seed-42	knn	2	CD19	CD19	0.9345876707440225	0.9341169535905895	0.9385193306836446	0.9448942855888459	162089	5
dataset_name-FR-FCM-Z2KP-healthy_seed-42	knn	3	CD3+	CD3+	0.27931744543918047	0.2734110041505527	0.19173869428203752	0.5404348310227716	71844	5
dataset_name-FR-FCM-Z2KP-healthy_seed-42	knn	4	CD4	CD4	0.8492729064076143	0.8477490424526593	0.9511996417865893	0.7659897871167016	661241	5
dataset_name-FR-FCM-Z2KP-healthy_seed-42	knn	5	CD8	CD8	0.5686103681680547	0.5685360856951536	0.6330676615228082	0.5434850217700997	184381	5
dataset_name-FR-FCM-Z2KP-healthy_seed-42	lda	1	CD14 monocytes	CD14 monocytes	0.9846877257026813	0.9784713425668758	0.9928214503351614	0.9766861897596681	177033	5
dataset_name-FR-FCM-Z2KP-healthy_seed-42	lda	2	CD19	CD19	0.9866863634421336	0.9873844579561938	0.976387085082606	0.9975276264636393	162089	5
dataset_name-FR-FCM-Z2KP-healthy_seed-42	lda	3	CD3+	CD3+	0.28516719965257215	0.24522313885779598	0.3128745590904421	0.3411218815306327	71844	5
dataset_name-FR-FCM-Z2KP-healthy_seed-42	lda	4	CD4	CD4	0.9416578934388729	0.9188522357784447	0.9704786311003292	0.9144995903697244	661241	5
dataset_name-FR-FCM-Z2KP-healthy_seed-42	lda	5	CD8	CD8	0.7316494944687908	0.7491503203750097	0.9363412621735788	0.6524709564798652	184381	5
dataset_name-FR-FCM-Z2KP-healthy_seed-42	random	1	CD14 monocytes	CD14 monocytes	0.1531456208275986	0.15453205384079632	0.1416458801671132	0.16628552441265002	177033	5
dataset_name-FR-FCM-Z2KP-healthy_seed-42	random	2	CD19	CD19	0.14576836245863972	0.14450426394891008	0.12967869786911893	0.16641616614185378	162089	5
dataset_name-FR-FCM-Z2KP-healthy_seed-42	random	3	CD3+	CD3+	0.08763164128960006	0.08650427034751665	0.05954808433417563	0.16731380701968937	71844	5
dataset_name-FR-FCM-Z2KP-healthy_seed-42	random	4	CD4	CD4	0.25266880836459416	0.25218559222896514	0.515710271238902	0.16703962703962705	661241	5
dataset_name-FR-FCM-Z2KP-healthy_seed-42	random	5	CD8	CD8	0.15736813933379998	0.15915283903025987	0.14847259113223948	0.166861010624739	184381	5
dataset_name-FR-FCM-Z2KP-healthy_seed-420_sub-sampling-1000	cyanno	1	CD14 monocytes	CD14 monocytes	0.994267791800463	0.9872115439793967	0.9911001277843765	0.994515146893517	177033	5
dataset_name-FR-FCM-Z2KP-healthy_seed-420_sub-sampling-1000	cyanno	2	CD19	CD19	0.9906442266625111	0.9902247495811528	0.9856584174677252	0.9983781099160343	173113	5
dataset_name-FR-FCM-Z2KP-healthy_seed-420_sub-sampling-1000	cyanno	3	CD3+	CD3+	0.575495807138068	0.48398351935015443	0.9253290529695024	0.4121847335894438	73604	5
dataset_name-FR-FCM-Z2KP-healthy_seed-420_sub-sampling-1000	cyanno	4	CD4	CD4	0.9762051037976159	0.9781053546293657	0.9571577548892158	0.9960259256322842	661241	5
dataset_name-FR-FCM-Z2KP-healthy_seed-420_sub-sampling-1000	cyanno	5	CD8	CD8	0.9519470704445713	0.9344146652615828	0.9145809554867113	0.9924965026071474	198192	5
dataset_name-FR-FCM-Z2KP-healthy_seed-420_sub-sampling-1000	cygate	1	CD14 monocytes	CD14 monocytes	0.9881393957523184	0.9857306532154565	0.9824705250360485	0.9847860759304989	177033	5
dataset_name-FR-FCM-Z2KP-healthy_seed-420_sub-sampling-1000	cygate	2	CD19	CD19	0.9900202536801729	0.9898742916459745	0.981492604339162	0.9976605472939494	173113	5
dataset_name-FR-FCM-Z2KP-healthy_seed-420_sub-sampling-1000	cygate	3	CD3+	CD3+	0.5232581254348474	0.5092400644542574	0.5710282739171306	0.4971344457716485	73604	5
dataset_name-FR-FCM-Z2KP-healthy_seed-420_sub-sampling-1000	cygate	4	CD4	CD4	0.9749360368155281	0.970344185068045	0.9918468061758672	0.9536063931888776	661241	5
dataset_name-FR-FCM-Z2KP-healthy_seed-420_sub-sampling-1000	cygate	5	CD8	CD8	0.9025999869018292	0.8545036559782302	0.9372871558364854	0.8889368500436612	198192	5
dataset_name-FR-FCM-Z2KP-healthy_seed-420_sub-sampling-1000	dgcytof	1	CD14 monocytes	CD14 monocytes	0.9792277458423485	0.9708367427308504	0.9779219764768897	0.9837420793592748	177033	5
dataset_name-FR-FCM-Z2KP-healthy_seed-420_sub-sampling-1000	dgcytof	2	CD19	CD19	0.9724460923575171	0.969148342596227	0.9720569060933562	0.9817344740140833	173113	5
dataset_name-FR-FCM-Z2KP-healthy_seed-420_sub-sampling-1000	dgcytof	3	CD3+	CD3+	0.09625180567170988	0.16810842261358366	0.4605193428722841	0.051600456496929514	73604	5
dataset_name-FR-FCM-Z2KP-healthy_seed-420_sub-sampling-1000	dgcytof	4	CD4	CD4	0.9696988404276116	0.9676991119126548	0.9551346366280543	0.9871313327519227	661241	5
dataset_name-FR-FCM-Z2KP-healthy_seed-420_sub-sampling-1000	dgcytof	5	CD8	CD8	0.8498647985951109	0.8443713650415557	0.7880615694829519	0.986130339693814	198192	5
dataset_name-FR-FCM-Z2KP-healthy_seed-420_sub-sampling-1000	gatemeclass[E]	1	CD14 monocytes	CD14 monocytes	0.8712429108304124	0.6995717649959827	0.9190385666360638	0.788034531478865	177033	5
dataset_name-FR-FCM-Z2KP-healthy_seed-420_sub-sampling-1000	gatemeclass[E]	2	CD19	CD19	0.9591906083901288	0.7875300696223834	0.9726988715844447	0.9595577737930719	173113	5
dataset_name-FR-FCM-Z2KP-healthy_seed-420_sub-sampling-1000	gatemeclass[E]	3	CD3+	CD3+	0.08641051047502393	0.0878987693513959	0.1104152935514616	0.036679094122899096	73604	5
dataset_name-FR-FCM-Z2KP-healthy_seed-420_sub-sampling-1000	gatemeclass[E]	4	CD4	CD4	0.017829554588936838	0.18647017338439756	0.5886524822695035	0.001380737129125387	661241	5
dataset_name-FR-FCM-Z2KP-healthy_seed-420_sub-sampling-1000	gatemeclass[E]	5	CD8	CD8	0.3402549168565882	0.3485359411197345	0.22001120491346693	0.7503435438394788	198192	5
dataset_name-FR-FCM-Z2KP-healthy_seed-420_sub-sampling-1000	gatemeclass[V]	1	CD14 monocytes	CD14 monocytes	0.3867382352612961	0.41486986206446197	0.8927050419013601	0.24683643477476366	177033	5
dataset_name-FR-FCM-Z2KP-healthy_seed-420_sub-sampling-1000	gatemeclass[V]	2	CD19	CD19	0.6071688332297438	0.6742478506369306	0.7285889905750581	0.7142090295464669	173113	5
dataset_name-FR-FCM-Z2KP-healthy_seed-420_sub-sampling-1000	gatemeclass[V]	3	CD3+	CD3+	0.09730378389419395	0.09103784251282626	0.057685903710505866	0.08831635209620844	73604	5
dataset_name-FR-FCM-Z2KP-healthy_seed-420_sub-sampling-1000	gatemeclass[V]	4	CD4	CD4	0.6715384957376984	0.5644930564674236	0.6465568503365332	0.6087291387733352	661241	5
dataset_name-FR-FCM-Z2KP-healthy_seed-420_sub-sampling-1000	gatemeclass[V]	5	CD8	CD8	0.12665861706043013	0.15338866772959237	0.15218352638152943	0.0283996189568945	198192	5
dataset_name-FR-FCM-Z2KP-healthy_seed-420_sub-sampling-1000	knn	1	CD14 monocytes	CD14 monocytes	0.9074849596028722	0.907478398274539	0.9004646360351058	0.9259761046933356	177033	5
dataset_name-FR-FCM-Z2KP-healthy_seed-420_sub-sampling-1000	knn	2	CD19	CD19	0.9160021634986865	0.907310231750065	0.9010676198705126	0.9217481183686056	173113	5
dataset_name-FR-FCM-Z2KP-healthy_seed-420_sub-sampling-1000	knn	3	CD3+	CD3+	0.22542425841217478	0.22534452362051297	0.16951320036669826	0.3522158275117337	73604	5
dataset_name-FR-FCM-Z2KP-healthy_seed-420_sub-sampling-1000	knn	4	CD4	CD4	0.8267043660869923	0.8298355954271293	0.9157682078909407	0.7461448505510188	661241	5
dataset_name-FR-FCM-Z2KP-healthy_seed-420_sub-sampling-1000	knn	5	CD8	CD8	0.5374527925910462	0.5456444614867392	0.542975893599335	0.5995574343097563	198192	5
dataset_name-FR-FCM-Z2KP-healthy_seed-420_sub-sampling-1000	lda	1	CD14 monocytes	CD14 monocytes	0.9828687651448625	0.972201864794283	0.9895547237683202	0.976272547973455	177033	5
dataset_name-FR-FCM-Z2KP-healthy_seed-420_sub-sampling-1000	lda	2	CD19	CD19	0.9864829577746034	0.9866628374494445	0.9764044089699734	0.9967766718848382	173113	5
dataset_name-FR-FCM-Z2KP-healthy_seed-420_sub-sampling-1000	lda	3	CD3+	CD3+	0.19921177825019645	0.18669612939442448	0.4092823377739579	0.1473609487222315	73604	5
dataset_name-FR-FCM-Z2KP-healthy_seed-420_sub-sampling-1000	lda	4	CD4	CD4	0.9471410658444408	0.9173925633511512	0.9732330263439709	0.9286879938687598	661241	5
dataset_name-FR-FCM-Z2KP-healthy_seed-420_sub-sampling-1000	lda	5	CD8	CD8	0.7446098543721502	0.7573553655400349	0.8574676325524044	0.7650611528215064	198192	5
dataset_name-FR-FCM-Z2KP-healthy_seed-420_sub-sampling-1000	random	1	CD14 monocytes	CD14 monocytes	0.1533428746677571	0.1545057845143337	0.14221798557832752	0.16635593575963215	177033	5
dataset_name-FR-FCM-Z2KP-healthy_seed-420_sub-sampling-1000	random	2	CD19	CD19	0.14756496063484287	0.1451505476647199	0.13116582959242634	0.16712347669014482	173113	5
dataset_name-FR-FCM-Z2KP-healthy_seed-420_sub-sampling-1000	random	3	CD3+	CD3+	0.09021032118584793	0.08868376221680847	0.06168002496048775	0.1678497856466789	73604	5
dataset_name-FR-FCM-Z2KP-healthy_seed-420_sub-sampling-1000	random	4	CD4	CD4	0.25200145742036595	0.252060296792741	0.5152200089799583	0.16697698135198136	661241	5
dataset_name-FR-FCM-Z2KP-healthy_seed-420_sub-sampling-1000	random	5	CD8	CD8	0.1571044803625306	0.15987870668427476	0.14849636653550166	0.1670249051424881	198192	5
dataset_name-FR-FCM-Z2KP-healthy_seed-420_sub-sampling-10000	cyanno	1	CD14 monocytes	CD14 monocytes	0.9987599804181276	0.9987791723313867	0.9987410627330815	0.9987232167161393	177033	5
dataset_name-FR-FCM-Z2KP-healthy_seed-420_sub-sampling-10000	cyanno	2	CD19	CD19	0.9972052063014042	0.9972470403401306	0.9956463399885975	0.9991599183920724	173113	5
dataset_name-FR-FCM-Z2KP-healthy_seed-420_sub-sampling-10000	cyanno	3	CD3+	CD3+	0.8844555977138466	0.8740499204992824	0.9385450359081191	0.840063040052171	73604	5
dataset_name-FR-FCM-Z2KP-healthy_seed-420_sub-sampling-10000	cyanno	4	CD4	CD4	0.9962874272379331	0.9951106793274527	0.9936937646175092	0.9975001550115616	661241	5
dataset_name-FR-FCM-Z2KP-healthy_seed-420_sub-sampling-10000	cyanno	5	CD8	CD8	0.9690573588620208	0.9691122427828486	0.9602552180480227	0.9836568230531079	198192	5
dataset_name-FR-FCM-Z2KP-healthy_seed-420_sub-sampling-10000	cygate	1	CD14 monocytes	CD14 monocytes	0.9811850749166695	0.9840265658765195	0.982604470822477	0.9825268642980285	177033	5
dataset_name-FR-FCM-Z2KP-healthy_seed-420_sub-sampling-10000	cygate	2	CD19	CD19	0.9880680551391163	0.9863701617298903	0.9789686166971359	0.994553756650646	173113	5
dataset_name-FR-FCM-Z2KP-healthy_seed-420_sub-sampling-10000	cygate	3	CD3+	CD3+	0.5075616508537031	0.49731233615111275	0.42622315267116384	0.5483665301014203	73604	5
dataset_name-FR-FCM-Z2KP-healthy_seed-420_sub-sampling-10000	cygate	4	CD4	CD4	0.9682316189066393	0.9682726887621265	0.9645549698067029	0.95559806020243665	661241	5
dataset_name-FR-FCM-Z2KP-healthy_seed-420_sub-sampling-10000	cygate	5	CD8	CD8	0.8590842515912668	0.8176304579076628	0.9583320608588897	0.7784641184408986	198192	5
dataset_name-FR-FCM-Z2KP-healthy_seed-420_sub-sampling-10000	dgcytof	1	CD14 monocytes	CD14 monocytes	0.9936079528571666	0.9944223117387404	0.9967202254926156	0.9923742052506873	177033	5
dataset_name-FR-FCM-Z2KP-healthy_seed-420_sub-sampling-10000	dgcytof	2	CD19	CD19	0.9926076531861698	0.992546368161807	0.989940929228672	0.9957914939255765	173113	5
dataset_name-FR-FCM-Z2KP-healthy_seed-420_sub-sampling-10000	dgcytof	3	CD3+	CD3+	0.6532041458631997	0.6407018844019906	0.7346118335000384	0.5385712733003641	73604	5
dataset_name-FR-FCM-Z2KP-healthy_seed-420_sub-sampling-10000	dgcytof	4	CD4	CD4	0.9838576714561368	0.9844944428761395	0.9798864157057967	0.9888695345862384	661241	5
dataset_name-FR-FCM-Z2KP-healthy_seed-420_sub-sampling-10000	dgcytof	5	CD8	CD8	0.9350916316134351	0.9276850745398139	0.9036651567534995	0.9687826777257672	198192	5
dataset_name-FR-FCM-Z2KP-healthy_seed-420_sub-sampling-10000	gatemeclass[E]	1	CD14 monocytes	CD14 monocytes	0.3522603605672742	0.5452131422763093	0.9776953468896953	0.904930364746625	177033	5
dataset_name-FR-FCM-Z2KP-healthy_seed-420_sub-sampling-10000	gatemeclass[E]	2	CD19	CD19	0.947379739441511	0.7844858178277309	0.9645369926565006	0.9558843067822752	173113	5
dataset_name-FR-FCM-Z2KP-healthy_seed-420_sub-sampling-10000	gatemeclass[E]	3	CD3+	CD3+	0.025164980202375713	0.049810247061142336	0.05693115158999691	0.018580856891205463	73604	5
dataset_name-FR-FCM-Z2KP-healthy_seed-420_sub-sampling-10000	gatemeclass[E]	4	CD4	CD4	0.5930549935702012	0.5553622605550241	0.7919056548781092	0.18324446386946386	661241	5
dataset_name-FR-FCM-Z2KP-healthy_seed-420_sub-sampling-10000	gatemeclass[E]	5	CD8	CD8	0.37220456961626863	0.31721452574970904	0.26450886929736045	0.1290081780933265	198192	5
dataset_name-FR-FCM-Z2KP-healthy_seed-420_sub-sampling-10000	gatemeclass[V]	1	CD14 monocytes	CD14 monocytes	0.4665606008485266	0.4743047471011629	0.9507966876487857	0.4449396440211712	177033	5
dataset_name-FR-FCM-Z2KP-healthy_seed-420_sub-sampling-10000	gatemeclass[V]	2	CD19	CD19	0.790971748364198	0.722646425753237	0.7294732888106191	0.9198444847976905	173113	5
dataset_name-FR-FCM-Z2KP-healthy_seed-420_sub-sampling-10000	gatemeclass[V]	3	CD3+	CD3+	0.11663997933780865	0.11622641909474633	0.07834297003274729	0.1726672463453073	73604	5
dataset_name-FR-FCM-Z2KP-healthy_seed-420_sub-sampling-10000	gatemeclass[V]	4	CD4	CD4	0.7553273311390958	0.5871163714587284	0.6658553746014718	0.8518306234821923	661241	5
dataset_name-FR-FCM-Z2KP-healthy_seed-420_sub-sampling-10000	gatemeclass[V]	5	CD8	CD8	8.502428097254697e-4	0.0925549390400889	0.0948905109489051	3.8706324060403984e-5	198192	5
dataset_name-FR-FCM-Z2KP-healthy_seed-420_sub-sampling-10000	knn	1	CD14 monocytes	CD14 monocytes	0.9311280147631896	0.9260474003211657	0.9290833451519879	0.9360953414343178	177033	5
dataset_name-FR-FCM-Z2KP-healthy_seed-420_sub-sampling-10000	knn	2	CD19	CD19	0.9406012170062102	0.9380893710080667	0.9351770811847409	0.9579645259659422	173113	5
dataset_name-FR-FCM-Z2KP-healthy_seed-420_sub-sampling-10000	knn	3	CD3+	CD3+	0.24824706336876196	0.24774167094521243	0.17209717808660507	0.47899570675506764	73604	5
dataset_name-FR-FCM-Z2KP-healthy_seed-420_sub-sampling-10000	knn	4	CD4	CD4	0.8369260361804443	0.8188967956210323	0.9394048436645378	0.7546066888659848	661241	5
dataset_name-FR-FCM-Z2KP-healthy_seed-420_sub-sampling-10000	knn	5	CD8	CD8	0.5431291143413448	0.5480273630559345	0.5579827315188066	0.5452707718854712	198192	5
dataset_name-FR-FCM-Z2KP-healthy_seed-420_sub-sampling-10000	lda	1	CD14 monocytes	CD14 monocytes	0.9856694096665851	0.9785315799967452	0.992356207998639	0.9790721235410135	177033	5
dataset_name-FR-FCM-Z2KP-healthy_seed-420_sub-sampling-10000	lda	2	CD19	CD19	0.9873799741156657	0.9874832711544367	0.9772890002685044	0.9975853922004703	173113	5
dataset_name-FR-FCM-Z2KP-healthy_seed-420_sub-sampling-10000	lda	3	CD3+	CD3+	0.2886337457734181	0.2447646378994923	0.43360547391338156	0.33642209915420906	73604	5
dataset_name-FR-FCM-Z2KP-healthy_seed-420_sub-sampling-10000	lda	4	CD4	CD4	0.9399083143493413	0.9267888101631775	0.9709314302919535	0.9108063109490209	661241	5
dataset_name-FR-FCM-Z2KP-healthy_seed-420_sub-sampling-10000	lda	5	CD8	CD8	0.7927299638128807	0.7697929903562607	0.9060285754599495	0.6920150009580904	198192	5
dataset_name-FR-FCM-Z2KP-healthy_seed-420_sub-sampling-10000	random	1	CD14 monocytes	CD14 monocytes	0.15295281983082562	0.15460411505236069	0.14091364670088985	0.16684636520373838	177033	5
dataset_name-FR-FCM-Z2KP-healthy_seed-420_sub-sampling-10000	random	2	CD19	CD19	0.14647970391177328	0.14456766892886144	0.13015615007461095	0.16655802331175987	173113	5
dataset_name-FR-FCM-Z2KP-healthy_seed-420_sub-sampling-10000	random	3	CD3+	CD3+	0.0897514460370365	0.0883121002404917	0.06134311281820782	0.16637682734633988	73604	5
dataset_name-FR-FCM-Z2KP-healthy_seed-420_sub-sampling-10000	random	4	CD4	CD4	0.25133065266623944	0.251303001218459	0.5155773537717234	0.16637820512820511	661241	5
dataset_name-FR-FCM-Z2KP-healthy_seed-420_sub-sampling-10000	random	5	CD8	CD8	0.1571044803625306	0.15998681424255057	0.14849636653550166	0.167574620941494	198192	5
dataset_name-FR-FCM-Z2KP-healthy_seed-420_sub-sampling-100000	cyanno	1	CD14 monocytes	CD14 monocytes	0.9996823627417489	0.9997005935157348	0.9995594314073575	0.9998963018652702	177033	5
dataset_name-FR-FCM-Z2KP-healthy_seed-420_sub-sampling-100000	cyanno	2	CD19	CD19	0.9988902082217721	0.9988628580652564	0.998686464877213	0.999121960800171	173113	5
dataset_name-FR-FCM-Z2KP-healthy_seed-420_sub-sampling-100000	cyanno	3	CD3+	CD3+	0.9226928459412514	0.9241019292478483	0.955584780853668	0.894872813990461	73604	5
dataset_name-FR-FCM-Z2KP-healthy_seed-420_sub-sampling-100000	cyanno	4	CD4	CD4	0.9981553253877894	0.9979507282108055	0.9974368662062295	0.9987980769230769	661241	5
dataset_name-FR-FCM-Z2KP-healthy_seed-420_sub-sampling-100000	cyanno	5	CD8	CD8	0.9777656327785111	0.9772425120868327	0.9699870073624945	0.9856612685560054	198192	5
dataset_name-FR-FCM-Z2KP-healthy_seed-420_sub-sampling-100000	cygate	1	CD14 monocytes	CD14 monocytes	0.9854398796910246	0.9856310336536315	0.9869759111453025	0.9844494667617842	177033	5
dataset_name-FR-FCM-Z2KP-healthy_seed-420_sub-sampling-100000	cygate	2	CD19	CD19	0.9901215663573042	0.9907158502822818	0.982695669901833	0.9969825640205049	173113	5
dataset_name-FR-FCM-Z2KP-healthy_seed-420_sub-sampling-100000	cygate	3	CD3+	CD3+	0.37133066520181013	0.4567647503515808	0.3946704067321178	0.48216129558176185	73604	5
dataset_name-FR-FCM-Z2KP-healthy_seed-420_sub-sampling-100000	cygate	4	CD4	CD4	0.9642270706738679	0.967351664146168	0.9660768678256474	0.9597323528634477	661241	5
dataset_name-FR-FCM-Z2KP-healthy_seed-420_sub-sampling-100000	cygate	5	CD8	CD8	0.8404288876668276	0.7828165061363381	0.9646733535311939	0.746869294276415	198192	5
dataset_name-FR-FCM-Z2KP-healthy_seed-420_sub-sampling-100000	dgcytof	1	CD14 monocytes	CD14 monocytes	0.9979547773269747	0.9979344044791105	0.9981353951719165	0.9974014100952485	177033	5
dataset_name-FR-FCM-Z2KP-healthy_seed-420_sub-sampling-100000	dgcytof	2	CD19	CD19	0.9956591917910877	0.9957641475779854	0.9936682438074033	0.9974158402011454	173113	5
dataset_name-FR-FCM-Z2KP-healthy_seed-420_sub-sampling-100000	dgcytof	3	CD3+	CD3+	0.8561556646663029	0.856558378386039	0.8981952079659786	0.8696538231617846	73604	5
dataset_name-FR-FCM-Z2KP-healthy_seed-420_sub-sampling-100000	dgcytof	4	CD4	CD4	0.993417535243442	0.9936007755808652	0.9936358839050132	0.9916619072934446	661241	5
dataset_name-FR-FCM-Z2KP-healthy_seed-420_sub-sampling-100000	dgcytof	5	CD8	CD8	0.9649201593969746	0.961265410178429	0.9708586491786415	0.988964465579165	198192	5
dataset_name-FR-FCM-Z2KP-healthy_seed-420_sub-sampling-100000	gatemeclass[E]	1	CD14 monocytes	CD14 monocytes	0.27849347789858553	0.4003039251415983	0.9164725612596665	0.8522949693442389	177033	5
dataset_name-FR-FCM-Z2KP-healthy_seed-420_sub-sampling-100000	gatemeclass[E]	2	CD19	CD19	0.8307404308425396	0.7922679592473049	0.7647757686533063	0.9448441096594936	173113	5
dataset_name-FR-FCM-Z2KP-healthy_seed-420_sub-sampling-100000	gatemeclass[E]	3	CD3+	CD3+	0.05893100329100268	0.06593429746319283	0.0573912593361686	0.016846031551913904	73604	5
dataset_name-FR-FCM-Z2KP-healthy_seed-420_sub-sampling-100000	gatemeclass[E]	4	CD4	CD4	0.27511855801963836	0.39255458834828766	0.7350334010558113	0.07429066136908652	661241	5
dataset_name-FR-FCM-Z2KP-healthy_seed-420_sub-sampling-100000	gatemeclass[E]	5	CD8	CD8	0.33023734613098266	0.22970721723594337	0.23123782849390603	3.0111412225233364e-4	198192	5
dataset_name-FR-FCM-Z2KP-healthy_seed-420_sub-sampling-100000	gatemeclass[V]	1	CD14 monocytes	CD14 monocytes	0.21535558828883997	0.39185337314825963	0.9505951077035414	0.47775273536572277	177033	5
dataset_name-FR-FCM-Z2KP-healthy_seed-420_sub-sampling-100000	gatemeclass[V]	2	CD19	CD19	0.586903693439775	0.6175553102031683	0.5045732463957765	0.8553630924146917	173113	5
dataset_name-FR-FCM-Z2KP-healthy_seed-420_sub-sampling-100000	gatemeclass[V]	3	CD3+	CD3+	0.034575271350604724	0.06967322996760816	0.08808325683295337	0.005029350617585911	73604	5
dataset_name-FR-FCM-Z2KP-healthy_seed-420_sub-sampling-100000	gatemeclass[V]	4	CD4	CD4	0.7219575233707137	0.5514295050466655	0.6993682072019795	0.08493444055944056	661241	5
dataset_name-FR-FCM-Z2KP-healthy_seed-420_sub-sampling-100000	gatemeclass[V]	5	CD8	CD8	0.006203086679713628	0.1083062576810546	0.192087327373176	1.0949604445539405e-4	198192	5
dataset_name-FR-FCM-Z2KP-healthy_seed-420_sub-sampling-100000	knn	1	CD14 monocytes	CD14 monocytes	0.9333090333517248	0.9228549224483388	0.9372925822409927	0.9394943978514606	177033	5
dataset_name-FR-FCM-Z2KP-healthy_seed-420_sub-sampling-100000	knn	2	CD19	CD19	0.94443214774204165	0.9372454161830223	0.9334273374265825	0.9567295329248177	173113	5
dataset_name-FR-FCM-Z2KP-healthy_seed-420_sub-sampling-100000	knn	3	CD3+	CD3+	0.26299074363601427	0.262633882696722	0.18029391254939436	0.4903537851203739	73604	5
dataset_name-FR-FCM-Z2KP-healthy_seed-420_sub-sampling-100000	knn	4	CD4	CD4	0.8388367631700161	0.8273754234225151	0.9583850053429824	0.7494301514310632	661241	5
dataset_name-FR-FCM-Z2KP-healthy_seed-420_sub-sampling-100000	knn	5	CD8	CD8	0.5255290573711406	0.5417347622380263	0.561772723000282	0.5241886655364495	198192	5
dataset_name-FR-FCM-Z2KP-healthy_seed-420_sub-sampling-100000	lda	1	CD14 monocytes	CD14 monocytes	0.9848293452442114	0.9784166080974936	0.9929916936334108	0.9768000911210891	177033	5
dataset_name-FR-FCM-Z2KP-healthy_seed-420_sub-sampling-100000	lda	2	CD19	CD19	0.986919540489557	0.9873380950155979	0.9762013832247685	0.9976874485884124	173113	5
dataset_name-FR-FCM-Z2KP-healthy_seed-420_sub-sampling-100000	lda	3	CD3+	CD3+	0.2590281341212432	0.24204551512834652	0.40166185643794805	0.2771408668547882	73604	5
dataset_name-FR-FCM-Z2KP-healthy_seed-420_sub-sampling-100000	lda	4	CD4	CD4	0.9408832781795154	0.922144845814142	0.9705832771409305	0.9129469594862444	661241	5
dataset_name-FR-FCM-Z2KP-healthy_seed-420_sub-sampling-100000	lda	5	CD8	CD8	0.7560143143785036	0.7657581037741592	0.9123380096855409	0.680496017081383	198192	5
dataset_name-FR-FCM-Z2KP-healthy_seed-420_sub-sampling-100000	random	1	CD14 monocytes	CD14 monocytes	0.15295281983082562	0.15434673314466882	0.14116997171485712	0.16629940243949862	177033	5
dataset_name-FR-FCM-Z2KP-healthy_seed-420_sub-sampling-100000	random	2	CD19	CD19	0.14634079423175061	0.1454234356682806	0.1300679382946659	0.16726773248703267	173113	5
dataset_name-FR-FCM-Z2KP-healthy_seed-420_sub-sampling-100000	random	3	CD3+	CD3+	0.0897514460370365	0.08832247729906954	0.06134311281820782	0.16637682734633988	73604	5
dataset_name-FR-FCM-Z2KP-healthy_seed-420_sub-sampling-100000	random	4	CD4	CD4	0.25328905941192825	0.25210196105800237	0.5167359439947495	0.16685402412549602	661241	5
dataset_name-FR-FCM-Z2KP-healthy_seed-420_sub-sampling-100000	random	5	CD8	CD8	0.15760710819647417	0.15901786283698033	0.14857350955730833	0.165834480699368	198192	5
dataset_name-FR-FCM-Z2KP-healthy_seed-420_sub-sampling-5000	cyanno	1	CD14 monocytes	CD14 monocytes	0.9968728731489838	0.9968237867868792	0.9979563415683521	0.9957635017200183	177033	5
dataset_name-FR-FCM-Z2KP-healthy_seed-420_sub-sampling-5000	cyanno	2	CD19	CD19	0.9944993124140518	0.994333014173577	0.9913611318957894	0.9989601278887492	173113	5
dataset_name-FR-FCM-Z2KP-healthy_seed-420_sub-sampling-5000	cyanno	3	CD3+	CD3+	0.8525785936040028	0.8350763296213763	0.930255744044472	0.800255420901038	73604	5
dataset_name-FR-FCM-Z2KP-healthy_seed-420_sub-sampling-5000	cyanno	4	CD4	CD4	0.9944146731342438	0.9922732933648554	0.9910061377033241	0.9978467365967366	661241	5
dataset_name-FR-FCM-Z2KP-healthy_seed-420_sub-sampling-5000	cyanno	5	CD8	CD8	0.967368395810408	0.9654915589366856	0.9558080673238143	0.9811413431769469	198192	5
dataset_name-FR-FCM-Z2KP-healthy_seed-420_sub-sampling-5000	cygate	1	CD14 monocytes	CD14 monocytes	0.9812355059596872	0.9830374115377134	0.9850694843229585	0.9781170742178013	177033	5
dataset_name-FR-FCM-Z2KP-healthy_seed-420_sub-sampling-5000	cygate	2	CD19	CD19	0.9880468754463853	0.989755593595166	0.9792852456014527	0.998795777695545	173113	5
dataset_name-FR-FCM-Z2KP-healthy_seed-420_sub-sampling-5000	cygate	3	CD3+	CD3+	0.375836876002342	0.35734022185841924	0.32510085084644247	0.4453372908145413	73604	5
dataset_name-FR-FCM-Z2KP-healthy_seed-420_sub-sampling-5000	cygate	4	CD4	CD4	0.9638152511085315	0.96583135517357	0.9661420387632488	0.9573967736422878	661241	5
dataset_name-FR-FCM-Z2KP-healthy_seed-420_sub-sampling-5000	cygate	5	CD8	CD8	0.8215146116341948	0.7898325705464126	0.9613255230539182	0.7469635627530364	198192	5
dataset_name-FR-FCM-Z2KP-healthy_seed-420_sub-sampling-5000	dgcytof	1	CD14 monocytes	CD14 monocytes	0.9908271326022077	0.9908911862104104	0.9968887361395004	0.9860494489579822	177033	5
dataset_name-FR-FCM-Z2KP-healthy_seed-420_sub-sampling-5000	dgcytof	2	CD19	CD19	0.9906775135848227	0.9904148873806775	0.9859744219530787	0.9950567273517407	173113	5
dataset_name-FR-FCM-Z2KP-healthy_seed-420_sub-sampling-5000	dgcytof	3	CD3+	CD3+	0.5451612438606347	0.5120775955597592	0.6761705700555586	0.45667885281306936	73604	5
dataset_name-FR-FCM-Z2KP-healthy_seed-420_sub-sampling-5000	dgcytof	4	CD4	CD4	0.9810241650051892	0.9816654763710063	0.9738985293137719	0.9900772144522144	661241	5
dataset_name-FR-FCM-Z2KP-healthy_seed-420_sub-sampling-5000	dgcytof	5	CD8	CD8	0.9019476223360843	0.9028013170309954	0.8648554784815284	0.9423639702914346	198192	5
dataset_name-FR-FCM-Z2KP-healthy_seed-420_sub-sampling-5000	gatemeclass[E]	1	CD14 monocytes	CD14 monocytes	0.3971334744683211	0.577552880628316	0.8065550489994421	0.9276057396917573	177033	5
dataset_name-FR-FCM-Z2KP-healthy_seed-420_sub-sampling-5000	gatemeclass[E]	2	CD19	CD19	0.911181092194044	0.8299100182901716	0.8562728917523499	0.9318883767130729	173113	5
dataset_name-FR-FCM-Z2KP-healthy_seed-420_sub-sampling-5000	gatemeclass[E]	3	CD3+	CD3+	0.02697368988012651	0.06598229984282641	0.057258651148290554	0.016846031551913904	73604	5
dataset_name-FR-FCM-Z2KP-healthy_seed-420_sub-sampling-5000	gatemeclass[E]	4	CD4	CD4	0.6035818378482626	0.572563260832116	0.7883358644929687	0.47213092089345643	661241	5
dataset_name-FR-FCM-Z2KP-healthy_seed-420_sub-sampling-5000	gatemeclass[E]	5	CD8	CD8	0.35217947624328244	0.3014200878685311	0.2397678296640979	0.2012931639880415	198192	5
dataset_name-FR-FCM-Z2KP-healthy_seed-420_sub-sampling-5000	gatemeclass[V]	1	CD14 monocytes	CD14 monocytes	0.4694296034975784	0.503338012302814	0.9457314903700919	0.45095347429126376	177033	5
dataset_name-FR-FCM-Z2KP-healthy_seed-420_sub-sampling-5000	gatemeclass[V]	2	CD19	CD19	0.673091987351688	0.6705350027833118	0.7302243153535096	0.6966090660940872	173113	5
dataset_name-FR-FCM-Z2KP-healthy_seed-420_sub-sampling-5000	gatemeclass[V]	3	CD3+	CD3+	0.10706280980717932	0.10731905880833835	0.060171893408309696	0.16471930873322102	73604	5
dataset_name-FR-FCM-Z2KP-healthy_seed-420_sub-sampling-5000	gatemeclass[V]	4	CD4	CD4	0.45245603451895805	0.4147347707421491	0.720844700875899	0.32970029688206665	661241	5
dataset_name-FR-FCM-Z2KP-healthy_seed-420_sub-sampling-5000	gatemeclass[V]	5	CD8	CD8	0.10593059236254423	0.14512605156329406	0.2265403169269782	0.0215080971659919	198192	5
dataset_name-FR-FCM-Z2KP-healthy_seed-420_sub-sampling-5000	knn	1	CD14 monocytes	CD14 monocytes	0.9250743737802951	0.928653424387702	0.9307208036994483	0.9345366912253988	177033	5
dataset_name-FR-FCM-Z2KP-healthy_seed-420_sub-sampling-5000	knn	2	CD19	CD19	0.935063653034957	0.9303258285791005	0.9184151209841676	0.9555881485620276	173113	5
dataset_name-FR-FCM-Z2KP-healthy_seed-420_sub-sampling-5000	knn	3	CD3+	CD3+	0.24884864569510579	0.2510426339993822	0.17457396942217548	0.4331286343133525	73604	5
dataset_name-FR-FCM-Z2KP-healthy_seed-420_sub-sampling-5000	knn	4	CD4	CD4	0.8512398771794365	0.833157780754083	0.9415692323594541	0.7830280927085811	661241	5
dataset_name-FR-FCM-Z2KP-healthy_seed-420_sub-sampling-5000	knn	5	CD8	CD8	0.5693638367408984	0.5644894797772785	0.5687813493815707	0.5470862432194814	198192	5
dataset_name-FR-FCM-Z2KP-healthy_seed-420_sub-sampling-5000	lda	1	CD14 monocytes	CD14 monocytes	0.9821516729210015	0.9784365850456306	0.9925257100881488	0.9719922547074233	177033	5
dataset_name-FR-FCM-Z2KP-healthy_seed-420_sub-sampling-5000	lda	2	CD19	CD19	0.9863716684261931	0.987319705606077	0.9752662602987474	0.9976874485884124	173113	5
dataset_name-FR-FCM-Z2KP-healthy_seed-420_sub-sampling-5000	lda	3	CD3+	CD3+	0.22548878969174815	0.21519625740821208	0.37503508673440744	0.1612070317684391	73604	5
dataset_name-FR-FCM-Z2KP-healthy_seed-420_sub-sampling-5000	lda	4	CD4	CD4	0.9363385395771996	0.9224342063626013	0.96919553495214	0.909805359549671	661241	5
dataset_name-FR-FCM-Z2KP-healthy_seed-420_sub-sampling-5000	lda	5	CD8	CD8	0.7870655829596412	0.762311865508328	0.8927676767676768	0.6832385028393854	198192	5
dataset_name-FR-FCM-Z2KP-healthy_seed-420_sub-sampling-5000	random	1	CD14 monocytes	CD14 monocytes	0.1524476833148028	0.15448179723880442	0.14091364670088985	0.16680505894381273	177033	5
dataset_name-FR-FCM-Z2KP-healthy_seed-420_sub-sampling-5000	random	2	CD19	CD19	0.1470991270057037	0.14526362766720036	0.13083386253724782	0.16686210740961108	173113	5
dataset_name-FR-FCM-Z2KP-healthy_seed-420_sub-sampling-5000	random	3	CD3+	CD3+	0.0897514460370365	0.08832437191621721	0.06134311281820782	0.16637682734633988	73604	5
dataset_name-FR-FCM-Z2KP-healthy_seed-420_sub-sampling-5000	random	4	CD4	CD4	0.25133065266623944	0.2517102797088646	0.5155773537717234	0.16678613053613053	661241	5
dataset_name-FR-FCM-Z2KP-healthy_seed-420_sub-sampling-5000	random	5	CD8	CD8	0.1571044803625306	0.15949114640271517	0.14849636653550166	0.16677200585886554	198192	5
dataset_name-FR-FCM-Z2KP-healthy_seed-420_sub-sampling-50000	cyanno	1	CD14 monocytes	CD14 monocytes	0.9996553966384691	0.9996199278386957	0.9996241429811942	0.9997537169300167	177033	5
dataset_name-FR-FCM-Z2KP-healthy_seed-420_sub-sampling-50000	cyanno	2	CD19	CD19	0.9985953291840346	0.9984226086003826	0.9977578347415804	0.9994342307538446	173113	5
dataset_name-FR-FCM-Z2KP-healthy_seed-420_sub-sampling-50000	cyanno	3	CD3+	CD3+	0.908743231248548	0.9114217794213909	0.9496553439974242	0.8750339655453508	73604	5
dataset_name-FR-FCM-Z2KP-healthy_seed-420_sub-sampling-50000	cyanno	4	CD4	CD4	0.9976061952383583	0.9975002305804496	0.9967699666525598	0.9984429854519539	661241	5
dataset_name-FR-FCM-Z2KP-healthy_seed-420_sub-sampling-50000	cyanno	5	CD8	CD8	0.973843972859199	0.9743265934459955	0.9642442048169433	0.9853549040540911	198192	5
dataset_name-FR-FCM-Z2KP-healthy_seed-420_sub-sampling-50000	cygate	1	CD14 monocytes	CD14 monocytes	0.9840122751238715	0.982390642590982	0.9877904494724645	0.9798907548310202	177033	5
dataset_name-FR-FCM-Z2KP-healthy_seed-420_sub-sampling-50000	cygate	2	CD19	CD19	0.9880223795387074	0.9900412773884816	0.9767956817763602	0.998795777695545	173113	5
dataset_name-FR-FCM-Z2KP-healthy_seed-420_sub-sampling-50000	cygate	3	CD3+	CD3+	0.365107176523628	0.45006835081033536	0.3678354391640799	0.4841177109939677	73604	5
dataset_name-FR-FCM-Z2KP-healthy_seed-420_sub-sampling-50000	cygate	4	CD4	CD4	0.9638152511085315	0.9672416457927999	0.9660355078790903	0.9594152197468221	661241	5
dataset_name-FR-FCM-Z2KP-healthy_seed-420_sub-sampling-50000	cygate	5	CD8	CD8	0.8513449134170169	0.7937329417578844	0.9526527205383692	0.7890966103040407	198192	5
dataset_name-FR-FCM-Z2KP-healthy_seed-420_sub-sampling-50000	dgcytof	1	CD14 monocytes	CD14 monocytes	0.9967317855099718	0.9964017794629666	0.9990870313552346	0.9950264082320148	177033	5
dataset_name-FR-FCM-Z2KP-healthy_seed-420_sub-sampling-50000	dgcytof	2	CD19	CD19	0.9939187818842727	0.9940367332233073	0.9914430491797698	0.9977671688157429	173113	5
dataset_name-FR-FCM-Z2KP-healthy_seed-420_sub-sampling-50000	dgcytof	3	CD3+	CD3+	0.8455725548182879	0.8465842928583672	0.8733238106343284	0.8358851847830021	73604	5
dataset_name-FR-FCM-Z2KP-healthy_seed-420_sub-sampling-50000	dgcytof	4	CD4	CD4	0.9913436602236626	0.9918611508123999	0.9867068319749452	0.9952400356437594	661241	5
dataset_name-FR-FCM-Z2KP-healthy_seed-420_sub-sampling-50000	dgcytof	5	CD8	CD8	0.9724498465438464	0.9666696707721943	0.9666034266937882	0.9645157406850057	198192	5
dataset_name-FR-FCM-Z2KP-healthy_seed-420_sub-sampling-50000	gatemeclass[E]	1	CD14 monocytes	CD14 monocytes	0.8585468347566761	0.6397613626387033	0.9767604913746513	0.8738822705371315	177033	5
dataset_name-FR-FCM-Z2KP-healthy_seed-420_sub-sampling-50000	gatemeclass[E]	2	CD19	CD19	0.9632669670106089	0.955488906057994	0.9758472649537319	0.9492345034778191	173113	5
dataset_name-FR-FCM-Z2KP-healthy_seed-420_sub-sampling-50000	gatemeclass[E]	3	CD3+	CD3+	0.13953557665921285	0.13444960979640272	0.12299236767974042	0.17110684260341852	73604	5
dataset_name-FR-FCM-Z2KP-healthy_seed-420_sub-sampling-50000	gatemeclass[E]	4	CD4	CD4	0.773895725177923	0.6412110820876931	0.7299356388053166	0.7975067279834857	661241	5
dataset_name-FR-FCM-Z2KP-healthy_seed-420_sub-sampling-50000	gatemeclass[E]	5	CD8	CD8	0.2581789906926711	0.1862421426631354	0.26	7.188317325503597e-5	198192	5
dataset_name-FR-FCM-Z2KP-healthy_seed-420_sub-sampling-50000	gatemeclass[V]	1	CD14 monocytes	CD14 monocytes	0.3867382352612961	0.4490953724628652	0.9597216628008722	0.42725932453271426	177033	5
dataset_name-FR-FCM-Z2KP-healthy_seed-420_sub-sampling-50000	gatemeclass[V]	2	CD19	CD19	0.5875373721479151	0.6596225261268925	0.504883688435552	0.8554316705051348	173113	5
dataset_name-FR-FCM-Z2KP-healthy_seed-420_sub-sampling-50000	gatemeclass[V]	3	CD3+	CD3+	0.09641893762067189	0.11162042030616842	0.1859143857344944	0.13988689091703366	73604	5
dataset_name-FR-FCM-Z2KP-healthy_seed-420_sub-sampling-50000	gatemeclass[V]	4	CD4	CD4	0.7498304539106899	0.5713553906174427	0.6324826924267999	0.8385119775271171	661241	5
dataset_name-FR-FCM-Z2KP-healthy_seed-420_sub-sampling-50000	gatemeclass[V]	5	CD8	CD8	1.1058643989074061e-5	0.10706062512379826	0.2	5.4748022227697025e-6	198192	5
dataset_name-FR-FCM-Z2KP-healthy_seed-420_sub-sampling-50000	knn	1	CD14 monocytes	CD14 monocytes	0.927509094132069	0.9307534007846606	0.9228458218617457	0.9422272448848771	177033	5
dataset_name-FR-FCM-Z2KP-healthy_seed-420_sub-sampling-50000	knn	2	CD19	CD19	0.9430238441681698	0.9390340402430257	0.9255883951339827	0.9720770953154498	173113	5
dataset_name-FR-FCM-Z2KP-healthy_seed-420_sub-sampling-50000	knn	3	CD3+	CD3+	0.27013117057558395	0.2576975580908394	0.1749522321864409	0.5122348421580091	73604	5
dataset_name-FR-FCM-Z2KP-healthy_seed-420_sub-sampling-50000	knn	4	CD4	CD4	0.8348571017205386	0.815608299662302	0.9542024649794585	0.7541441017722736	661241	5
dataset_name-FR-FCM-Z2KP-healthy_seed-420_sub-sampling-50000	knn	5	CD8	CD8	0.5153590938992649	0.5243298570639185	0.5548873192061891	0.5118470977637846	198192	5
dataset_name-FR-FCM-Z2KP-healthy_seed-420_sub-sampling-50000	lda	1	CD14 monocytes	CD14 monocytes	0.9843611595657523	0.9782293396766062	0.9928949551131928	0.9759728075486629	177033	5
dataset_name-FR-FCM-Z2KP-healthy_seed-420_sub-sampling-50000	lda	2	CD19	CD19	0.9869747685564361	0.9874215259292078	0.9763477269679496	0.9975710449938694	173113	5
dataset_name-FR-FCM-Z2KP-healthy_seed-420_sub-sampling-50000	lda	3	CD3+	CD3+	0.26535299438013843	0.23691884568373017	0.40853702089970145	0.3082871884482331	73604	5
dataset_name-FR-FCM-Z2KP-healthy_seed-420_sub-sampling-50000	lda	4	CD4	CD4	0.9417742567591119	0.9239223169049741	0.9702703034103669	0.9149042654404186	661241	5
dataset_name-FR-FCM-Z2KP-healthy_seed-420_sub-sampling-50000	lda	5	CD8	CD8	0.7566168500574807	0.7654177811273695	0.9075186351808737	0.6831748229298341	198192	5
dataset_name-FR-FCM-Z2KP-healthy_seed-420_sub-sampling-50000	random	1	CD14 monocytes	CD14 monocytes	0.15235151247516004	0.153907425641525	0.14116997171485712	0.1656357854185378	177033	5
dataset_name-FR-FCM-Z2KP-healthy_seed-420_sub-sampling-50000	random	2	CD19	CD19	0.1470991270057037	0.14517026733044577	0.13083386253724782	0.16654250283248748	173113	5
dataset_name-FR-FCM-Z2KP-healthy_seed-420_sub-sampling-50000	random	3	CD3+	CD3+	0.0897514460370365	0.08821371034556097	0.06134311281820782	0.16637682734633988	73604	5
dataset_name-FR-FCM-Z2KP-healthy_seed-420_sub-sampling-50000	random	4	CD4	CD4	0.25328905941192825	0.25214963318795247	0.5167359439947495	0.16697698135198136	661241	5
dataset_name-FR-FCM-Z2KP-healthy_seed-420_sub-sampling-50000	random	5	CD8	CD8	0.1576993192094178	0.1591439399356708	0.14885984143264777	0.16605469612151127	198192	5
dataset_name-FR-FCM-Z3YR_seed-42	cyanno	1	/Granulocytes	/Granulocytes	0.9999884336778607	0.9998741364445863	0.9999852812630479	0.9999814940130047	3329067	5
dataset_name-FR-FCM-Z3YR_seed-42	cyanno	10	/PBMC/CD3-CD19-/CD7hi cells/NK cells CD56 mid	/PBMC/CD3-CD19-/CD7hi cells/NK cells CD56 mid	0.9987470093714242	0.995396236995994	0.9978142023298948	0.9996734469800944	211298	5
dataset_name-FR-FCM-Z3YR_seed-42	cyanno	11	/PBMC/CD3-CD19-/CD7low cells/CD11c hi HLADR hi/Monocytes CD14hi	/PBMC/CD3-CD19-/CD7low cells/CD11c hi HLADR hi/Monocytes CD14hi	0.9978524208685449	0.996708391554262	0.9960622533577465	0.9996490347027638	350462	5
dataset_name-FR-FCM-Z3YR_seed-42	cyanno	12	/PBMC/CD3-CD19-/CD7low cells/CD11c hi HLADR hi/Monocytes CD14mid	/PBMC/CD3-CD19-/CD7low cells/CD11c hi HLADR hi/Monocytes CD14mid	0.9566941140591643	0.9426657907886612	0.9947740320918592	0.9185944363103953	14496	5
dataset_name-FR-FCM-Z3YR_seed-42	cyanno	13	/PBMC/CD3-CD19-/CD7low cells/CD11c hi HLADR hi/Monocytes non-class	/PBMC/CD3-CD19-/CD7low cells/CD11c hi HLADR hi/Monocytes non-class	0.9955466264858529	0.9899591638003968	0.9941152868797646	0.9969820937562873	29822	5
dataset_name-FR-FCM-Z3YR_seed-42	cyanno	14	/PBMC/CD3-CD19-/CD7low cells/CD11c hi HLADR hi/cDC/cDC1	/PBMC/CD3-CD19-/CD7low cells/CD11c hi HLADR hi/cDC/cDC1	0.967513874129177	0.8859020634015813	0.9994714587737843	0.9282786885245902	998	5
dataset_name-FR-FCM-Z3YR_seed-42	cyanno	15	/PBMC/CD3-CD19-/CD7low cells/CD11c hi HLADR hi/cDC/cDC2	/PBMC/CD3-CD19-/CD7low cells/CD11c hi HLADR hi/cDC/cDC2	0.9937769528904417	0.9862226092521231	0.9926931675663886	0.9948631072736215	18299	5
dataset_name-FR-FCM-Z3YR_seed-42	cyanno	16	/PBMC/CD3-CD19-/CD7low cells/CD11c low HLADR hi/pDC	/PBMC/CD3-CD19-/CD7low cells/CD11c low HLADR hi/pDC	0.9916303520785779	0.9791300818797731	0.9901236273223288	0.9931416695531694	14435	5
dataset_name-FR-FCM-Z3YR_seed-42	cyanno	17	/PBMC/CD3-CD19-/CD7low cells/CD11c low HLADR low/Basophils	/PBMC/CD3-CD19-/CD7low cells/CD11c low HLADR low/Basophils	0.9987006642204505	0.9981992057947745	0.9986695216514563	0.9987116445856864	48100	5
dataset_name-FR-FCM-Z3YR_seed-42	cyanno	18	/PBMC/T cells/NKT cells	/PBMC/T cells/NKT cells	NA	NA	NA	0	428	5
dataset_name-FR-FCM-Z3YR_seed-42	cyanno	19	/PBMC/T cells/T cells CD4/T cells CM	/PBMC/T cells/T cells CD4/T cells CM	0.9996567434313174	0.9987507057549936	0.9995121356262959	0.9998013930856421	352455	5
dataset_name-FR-FCM-Z3YR_seed-42	cyanno	2	/PBMC/B cells/B cells DN	/PBMC/B cells/B cells DN	0.9829748561042109	0.9742788542948685	0.9916478271791007	0.971846172277465	16694	5
dataset_name-FR-FCM-Z3YR_seed-42	cyanno	20	/PBMC/T cells/T cells CD4/T cells EM	/PBMC/T cells/T cells CD4/T cells EM	0.9974241829996078	0.9928756976287728	0.9964207806510367	0.9975229641861906	48445	5
dataset_name-FR-FCM-Z3YR_seed-42	cyanno	21	/PBMC/T cells/T cells CD4/T cells Naive	/PBMC/T cells/T cells CD4/T cells Naive	0.9994962790547024	0.998871335594652	0.9991559127419214	0.9998140395792969	462464	5
dataset_name-FR-FCM-Z3YR_seed-42	cyanno	22	/PBMC/T cells/T cells CD4/T cells TEMRA	/PBMC/T cells/T cells CD4/T cells TEMRA	0.8711484593837535	0.6008582572177623	0.9909344490934449	0.7741132545115121	1619	5
dataset_name-FR-FCM-Z3YR_seed-42	cyanno	23	/PBMC/T cells/T cells CD4hiCD8hi	/PBMC/T cells/T cells CD4hiCD8hi	0.9754095485319395	0.9341767618450734	0.9848270995059986	0.9640801608764995	14421	5
dataset_name-FR-FCM-Z3YR_seed-42	cyanno	24	/PBMC/T cells/T cells CD4lowCD8low	/PBMC/T cells/T cells CD4lowCD8low	0.9977265220918563	0.9952891510430888	0.9959540606634828	0.9993118188495463	155651	5
dataset_name-FR-FCM-Z3YR_seed-42	cyanno	25	/PBMC/T cells/T cells CD8/T cells CM	/PBMC/T cells/T cells CD8/T cells CM	0.9989934269180011	0.9968865648552204	0.9984432177634436	0.999526817914418	161051	5
dataset_name-FR-FCM-Z3YR_seed-42	cyanno	26	/PBMC/T cells/T cells CD8/T cells EM	/PBMC/T cells/T cells CD8/T cells EM	0.9960719976021833	0.9904810313955774	0.9973463907755489	0.9943315149483436	32813	5
dataset_name-FR-FCM-Z3YR_seed-42	cyanno	27	/PBMC/T cells/T cells CD8/T cells Naive	/PBMC/T cells/T cells CD8/T cells Naive	0.9989216614934825	0.9973178678876992	0.9983359429765656	0.9991478079727298	152460	5
dataset_name-FR-FCM-Z3YR_seed-42	cyanno	28	/PBMC/T cells/T cells CD8/T cells TEMRA	/PBMC/T cells/T cells CD8/T cells TEMRA	0.9931325937665081	0.9795533441306514	0.99729642046069	0.9888491479065853	9506	5
dataset_name-FR-FCM-Z3YR_seed-42	cyanno	3	/PBMC/B cells/B cells NSM	/PBMC/B cells/B cells NSM	0.9927083635941085	0.98548080516801	0.9979712393340892	0.9876871495462165	17299	5
dataset_name-FR-FCM-Z3YR_seed-42	cyanno	4	/PBMC/B cells/B cells Naive/B cells TR	/PBMC/B cells/B cells Naive/B cells TR	0.9960389238694906	0.9855102878084034	0.9967429785225396	0.9949682082246923	21861	5
dataset_name-FR-FCM-Z3YR_seed-42	cyanno	5	/PBMC/B cells/B cells SWME/B cells CD27hi CD20hi	/PBMC/B cells/B cells SWME/B cells CD27hi CD20hi	0.9945898481758442	0.9879542153588766	0.990745182133687	0.9975085273617085	35167	5
dataset_name-FR-FCM-Z3YR_seed-42	cyanno	6	/PBMC/B cells/B cells SWME/B cells PB	/PBMC/B cells/B cells SWME/B cells PB	0.9362238467355684	0.865690062441236	0.972241029113067	0.8885167464114833	2090	5
dataset_name-FR-FCM-Z3YR_seed-42	cyanno	7	/PBMC/B cells/B cells SWME/B cells PC	/PBMC/B cells/B cells SWME/B cells PC	0.9517634034477305	0.9034938192939532	0.9447409733124019	0.9588910133843213	3138	5
dataset_name-FR-FCM-Z3YR_seed-42	cyanno	8	/PBMC/CD3 CD19 DP	/PBMC/CD3 CD19 DP	0.9883278519378345	0.9838751035960256	0.9930668048985939	0.9836339130992876	15581	5
dataset_name-FR-FCM-Z3YR_seed-42	cyanno	9	/PBMC/CD3-CD19-/CD7hi cells/NK cells CD56 hi	/PBMC/CD3-CD19-/CD7hi cells/NK cells CD56 hi	0.9821588482468829	0.9334284297487058	0.9978867286559594	0.9662510165356465	7488	5
dataset_name-FR-FCM-Z3YR_seed-42	cygate	1	/Granulocytes	/Granulocytes	0.9970884244597444	0.9970030690859144	0.9998615746699264	0.9943306145562512	3329067	5
dataset_name-FR-FCM-Z3YR_seed-42	cygate	10	/PBMC/CD3-CD19-/CD7hi cells/NK cells CD56 mid	/PBMC/CD3-CD19-/CD7hi cells/NK cells CD56 mid	0.9499644296893526	0.9498225932068666	0.9897116522998346	0.9126106572369224	211298	5
dataset_name-FR-FCM-Z3YR_seed-42	cygate	11	/PBMC/CD3-CD19-/CD7low cells/CD11c hi HLADR hi/Monocytes CD14hi	/PBMC/CD3-CD19-/CD7low cells/CD11c hi HLADR hi/Monocytes CD14hi	0.941783940702318	0.93962813340573	0.9738045028462767	0.9155123211198367	350462	5
dataset_name-FR-FCM-Z3YR_seed-42	cygate	12	/PBMC/CD3-CD19-/CD7low cells/CD11c hi HLADR hi/Monocytes CD14mid	/PBMC/CD3-CD19-/CD7low cells/CD11c hi HLADR hi/Monocytes CD14mid	0.4343099012366172	0.47247693011039543	0.3030460968264999	0.7464128035320088	14496	5
dataset_name-FR-FCM-Z3YR_seed-42	cygate	13	/PBMC/CD3-CD19-/CD7low cells/CD11c hi HLADR hi/Monocytes non-class	/PBMC/CD3-CD19-/CD7low cells/CD11c hi HLADR hi/Monocytes non-class	0.476849095488894	0.49868267814426	0.8027027027027027	0.35776380441878847	29822	5
dataset_name-FR-FCM-Z3YR_seed-42	cygate	14	/PBMC/CD3-CD19-/CD7low cells/CD11c hi HLADR hi/cDC/cDC1	/PBMC/CD3-CD19-/CD7low cells/CD11c hi HLADR hi/cDC/cDC1	0.7021171507549682	0.6263907164096763	0.694665028901193	0.6004098360655737	998	5
dataset_name-FR-FCM-Z3YR_seed-42	cygate	15	/PBMC/CD3-CD19-/CD7low cells/CD11c hi HLADR hi/cDC/cDC2	/PBMC/CD3-CD19-/CD7low cells/CD11c hi HLADR hi/cDC/cDC2	0.9012009340598244	0.8884769517204858	0.8804374721631117	0.9252418164927045	18299	5
dataset_name-FR-FCM-Z3YR_seed-42	cygate	16	/PBMC/CD3-CD19-/CD7low cells/CD11c low HLADR hi/pDC	/PBMC/CD3-CD19-/CD7low cells/CD11c low HLADR hi/pDC	0.9162992859360448	0.921220880317779	0.8646510810335736	0.9733333333333334	14435	5
dataset_name-FR-FCM-Z3YR_seed-42	cygate	17	/PBMC/CD3-CD19-/CD7low cells/CD11c low HLADR low/Basophils	/PBMC/CD3-CD19-/CD7low cells/CD11c low HLADR low/Basophils	0.9933156740201151	0.9887552753284988	0.9887730718523401	0.997900207900208	48100	5
dataset_name-FR-FCM-Z3YR_seed-42	cygate	18	/PBMC/T cells/NKT cells	/PBMC/T cells/NKT cells	0.00401673640167364	0.010554411965331387	0.002059143167648573	0.08144796380090498	428	5
dataset_name-FR-FCM-Z3YR_seed-42	cygate	19	/PBMC/T cells/T cells CD4/T cells CM	/PBMC/T cells/T cells CD4/T cells CM	0.9728808078008101	0.9735510877963373	0.9897299183224341	0.9559546608786937	352455	5
dataset_name-FR-FCM-Z3YR_seed-42	cygate	2	/PBMC/B cells/B cells DN	/PBMC/B cells/B cells DN	0.37391643128469854	0.3752231639411102	0.9997395833333333	0.2299628609081107	16694	5
dataset_name-FR-FCM-Z3YR_seed-42	cygate	20	/PBMC/T cells/T cells CD4/T cells EM	/PBMC/T cells/T cells CD4/T cells EM	0.9705462980697611	0.9684880814407928	0.9515513176288939	0.9903150854487416	48445	5
dataset_name-FR-FCM-Z3YR_seed-42	cygate	21	/PBMC/T cells/T cells CD4/T cells Naive	/PBMC/T cells/T cells CD4/T cells Naive	0.9705693199552065	0.970289203207243	0.9655602857187598	0.9756305959100269	462464	5
dataset_name-FR-FCM-Z3YR_seed-42	cygate	22	/PBMC/T cells/T cells CD4/T cells TEMRA	/PBMC/T cells/T cells CD4/T cells TEMRA	0.0018726591760299624	0.008122693101385905	0.003780718336483932	0.0019280205655526992	1619	5
dataset_name-FR-FCM-Z3YR_seed-42	cygate	23	/PBMC/T cells/T cells CD4hiCD8hi	/PBMC/T cells/T cells CD4hiCD8hi	0.0784676354029062	0.08830103787574844	0.8261474269819193	0.041189931350114416	14421	5
dataset_name-FR-FCM-Z3YR_seed-42	cygate	24	/PBMC/T cells/T cells CD4lowCD8low	/PBMC/T cells/T cells CD4lowCD8low	0.9714324512416613	0.9692586139979553	0.9973211930161607	0.9467453663572057	155651	5
dataset_name-FR-FCM-Z3YR_seed-42	cygate	25	/PBMC/T cells/T cells CD8/T cells CM	/PBMC/T cells/T cells CD8/T cells CM	0.8928952859214202	0.8926675983500599	0.9915788884692321	0.8072358492979	161051	5
dataset_name-FR-FCM-Z3YR_seed-42	cygate	26	/PBMC/T cells/T cells CD8/T cells EM	/PBMC/T cells/T cells CD8/T cells EM	0.7914424754384355	0.7592090853077135	0.9952664962605321	0.6567214213878646	32813	5
dataset_name-FR-FCM-Z3YR_seed-42	cygate	27	/PBMC/T cells/T cells CD8/T cells Naive	/PBMC/T cells/T cells CD8/T cells Naive	0.9196990840765324	0.9175810886927771	0.9404606458734368	0.9098953890923687	152460	5
dataset_name-FR-FCM-Z3YR_seed-42	cygate	28	/PBMC/T cells/T cells CD8/T cells TEMRA	/PBMC/T cells/T cells CD8/T cells TEMRA	0.4153452225865864	0.36853186681647065	0.3530894371037959	0.5042539267015707	9506	5
dataset_name-FR-FCM-Z3YR_seed-42	cygate	3	/PBMC/B cells/B cells NSM	/PBMC/B cells/B cells NSM	0.9626381040735431	0.9575982177615902	0.9370074430823118	0.9890061077179345	17299	5
dataset_name-FR-FCM-Z3YR_seed-42	cygate	4	/PBMC/B cells/B cells Naive/B cells TR	/PBMC/B cells/B cells Naive/B cells TR	0.9281686234630675	0.9130301516917715	0.908268500090465	0.9489603024574669	21861	5
dataset_name-FR-FCM-Z3YR_seed-42	cygate	5	/PBMC/B cells/B cells SWME/B cells CD27hi CD20hi	/PBMC/B cells/B cells SWME/B cells CD27hi CD20hi	0.8838205819337894	0.8854084480135692	0.8853606309082362	0.9090909090909091	35167	5
dataset_name-FR-FCM-Z3YR_seed-42	cygate	6	/PBMC/B cells/B cells SWME/B cells PB	/PBMC/B cells/B cells SWME/B cells PB	0.5382985165001514	0.4744756209451978	0.6827956989247311	0.4266908760780754	2090	5
dataset_name-FR-FCM-Z3YR_seed-42	cygate	7	/PBMC/B cells/B cells SWME/B cells PC	/PBMC/B cells/B cells SWME/B cells PC	0.8070978820835719	0.7838799388073467	0.9263336155800169	0.7106437221159975	3138	5
dataset_name-FR-FCM-Z3YR_seed-42	cygate	8	/PBMC/CD3 CD19 DP	/PBMC/CD3 CD19 DP	0.8806395094174332	0.8843941472934497	0.9045811518324607	0.8859034012713808	15581	5
dataset_name-FR-FCM-Z3YR_seed-42	cygate	9	/PBMC/CD3-CD19-/CD7hi cells/NK cells CD56 hi	/PBMC/CD3-CD19-/CD7hi cells/NK cells CD56 hi	0.5226909044357677	0.4927752374362243	0.5019053472649048	0.5452724358974359	7488	5
dataset_name-FR-FCM-Z3YR_seed-42	dgcytof	1	/Granulocytes	/Granulocytes	0.9993357631117703	0.9992047572732086	0.9988232992376604	0.9996489830808128	3329067	5
dataset_name-FR-FCM-Z3YR_seed-42	dgcytof	10	/PBMC/CD3-CD19-/CD7hi cells/NK cells CD56 mid	/PBMC/CD3-CD19-/CD7hi cells/NK cells CD56 mid	0.9856122260570681	0.9805310510139027	0.9760566856877351	0.9852530549271645	211298	5
dataset_name-FR-FCM-Z3YR_seed-42	dgcytof	11	/PBMC/CD3-CD19-/CD7low cells/CD11c hi HLADR hi/Monocytes CD14hi	/PBMC/CD3-CD19-/CD7low cells/CD11c hi HLADR hi/Monocytes CD14hi	0.988859052733817	0.9861600156111241	0.9802330444480587	0.9934217907286653	350462	5
dataset_name-FR-FCM-Z3YR_seed-42	dgcytof	12	/PBMC/CD3-CD19-/CD7low cells/CD11c hi HLADR hi/Monocytes CD14mid	/PBMC/CD3-CD19-/CD7low cells/CD11c hi HLADR hi/Monocytes CD14mid	0.7729051190088034	0.6379545711528019	0.8156369868603607	0.6906875082792423	14496	5
dataset_name-FR-FCM-Z3YR_seed-42	dgcytof	13	/PBMC/CD3-CD19-/CD7low cells/CD11c hi HLADR hi/Monocytes non-class	/PBMC/CD3-CD19-/CD7low cells/CD11c hi HLADR hi/Monocytes non-class	0.9400962861072902	0.9225576848056144	0.9278542995032938	0.9499364326701715	29822	5
dataset_name-FR-FCM-Z3YR_seed-42	dgcytof	14	/PBMC/CD3-CD19-/CD7low cells/CD11c hi HLADR hi/cDC/cDC1	/PBMC/CD3-CD19-/CD7low cells/CD11c hi HLADR hi/cDC/cDC1	0.8016877637130801	0.8236187266876653	0.879538131586486	0.6813524590163934	998	5
dataset_name-FR-FCM-Z3YR_seed-42	dgcytof	15	/PBMC/CD3-CD19-/CD7low cells/CD11c hi HLADR hi/cDC/cDC2	/PBMC/CD3-CD19-/CD7low cells/CD11c hi HLADR hi/cDC/cDC2	0.9277887551643614	0.9036646173231865	0.9619692020531965	0.9365133446905167	18299	5
dataset_name-FR-FCM-Z3YR_seed-42	dgcytof	16	/PBMC/CD3-CD19-/CD7low cells/CD11c low HLADR hi/pDC	/PBMC/CD3-CD19-/CD7low cells/CD11c low HLADR hi/pDC	0.9656770851085587	0.9547612690345146	0.9504830917874396	0.9725756477025512	14435	5
dataset_name-FR-FCM-Z3YR_seed-42	dgcytof	17	/PBMC/CD3-CD19-/CD7low cells/CD11c low HLADR low/Basophils	/PBMC/CD3-CD19-/CD7low cells/CD11c low HLADR low/Basophils	0.9973673747891214	0.99759924758182	0.998214746623075	0.9976002443387583	48100	5
dataset_name-FR-FCM-Z3YR_seed-42	dgcytof	18	/PBMC/T cells/NKT cells	/PBMC/T cells/NKT cells	0.004662004662004662	0.004662004662004662	0	0	428	5
dataset_name-FR-FCM-Z3YR_seed-42	dgcytof	19	/PBMC/T cells/T cells CD4/T cells CM	/PBMC/T cells/T cells CD4/T cells CM	0.9799922546934245	0.9807325133616374	0.9899225068716594	0.9868048419090409	352455	5
dataset_name-FR-FCM-Z3YR_seed-42	dgcytof	2	/PBMC/B cells/B cells DN	/PBMC/B cells/B cells DN	0.9022880546915899	0.8261378191414066	0.9284492046390772	0.8637431964374073	16694	5
dataset_name-FR-FCM-Z3YR_seed-42	dgcytof	20	/PBMC/T cells/T cells CD4/T cells EM	/PBMC/T cells/T cells CD4/T cells EM	0.9726702276616709	0.9696587905303259	0.951250684681395	0.9868307932786244	48445	5
dataset_name-FR-FCM-Z3YR_seed-42	dgcytof	21	/PBMC/T cells/T cells CD4/T cells Naive	/PBMC/T cells/T cells CD4/T cells Naive	0.9852668705241322	0.9863097587453014	0.9886664359251623	0.9937635482901181	462464	5
dataset_name-FR-FCM-Z3YR_seed-42	dgcytof	22	/PBMC/T cells/T cells CD4/T cells TEMRA	/PBMC/T cells/T cells CD4/T cells TEMRA	0.7100952380952381	0.5747847714968388	0.8491514770584538	0.5799626633478532	1619	5
dataset_name-FR-FCM-Z3YR_seed-42	dgcytof	23	/PBMC/T cells/T cells CD4hiCD8hi	/PBMC/T cells/T cells CD4hiCD8hi	0.8631407395910131	0.8667226608430965	0.9117811278615299	0.8287439453254595	14421	5
dataset_name-FR-FCM-Z3YR_seed-42	dgcytof	24	/PBMC/T cells/T cells CD4lowCD8low	/PBMC/T cells/T cells CD4lowCD8low	0.9792535424576255	0.9768385209531852	0.9859117473023555	0.974205147962647	155651	5
dataset_name-FR-FCM-Z3YR_seed-42	dgcytof	25	/PBMC/T cells/T cells CD8/T cells CM	/PBMC/T cells/T cells CD8/T cells CM	0.9662249464754973	0.966528716122508	0.9772775128506843	0.9798200570005775	161051	5
dataset_name-FR-FCM-Z3YR_seed-42	dgcytof	26	/PBMC/T cells/T cells CD8/T cells EM	/PBMC/T cells/T cells CD8/T cells EM	0.9427625712256095	0.9419218215518813	0.9063830964101997	0.9514036055389439	32813	5
dataset_name-FR-FCM-Z3YR_seed-42	dgcytof	27	/PBMC/T cells/T cells CD8/T cells Naive	/PBMC/T cells/T cells CD8/T cells Naive	0.9676947203345531	0.9708471154806171	0.9717366380254293	0.9854247621139931	152460	5
dataset_name-FR-FCM-Z3YR_seed-42	dgcytof	28	/PBMC/T cells/T cells CD8/T cells TEMRA	/PBMC/T cells/T cells CD8/T cells TEMRA	0.8133569440930939	0.832042137632897	0.9062846990894959	0.8152129817444219	9506	5
dataset_name-FR-FCM-Z3YR_seed-42	dgcytof	3	/PBMC/B cells/B cells NSM	/PBMC/B cells/B cells NSM	0.8751933310614203	0.8394365695064138	0.8976691794471883	0.9535258189894503	17299	5
dataset_name-FR-FCM-Z3YR_seed-42	dgcytof	4	/PBMC/B cells/B cells Naive/B cells TR	/PBMC/B cells/B cells Naive/B cells TR	0.9785192909280501	0.9540449236045233	0.9605568445475638	0.982734837360388	21861	5
dataset_name-FR-FCM-Z3YR_seed-42	dgcytof	5	/PBMC/B cells/B cells SWME/B cells CD27hi CD20hi	/PBMC/B cells/B cells SWME/B cells CD27hi CD20hi	0.8960021939179719	0.8794972953985006	0.889236529633524	0.8897710587851433	35167	5
dataset_name-FR-FCM-Z3YR_seed-42	dgcytof	6	/PBMC/B cells/B cells SWME/B cells PB	/PBMC/B cells/B cells SWME/B cells PB	0.25355157504632486	0.2307767390880171	0.593939393939394	0.191904047976012	2090	5
dataset_name-FR-FCM-Z3YR_seed-42	dgcytof	7	/PBMC/B cells/B cells SWME/B cells PC	/PBMC/B cells/B cells SWME/B cells PC	0.9027777777777778	0.8049077214115432	0.9008471917163476	0.9321223709369025	3138	5
dataset_name-FR-FCM-Z3YR_seed-42	dgcytof	8	/PBMC/CD3 CD19 DP	/PBMC/CD3 CD19 DP	0.9769801264969339	0.9666847236464933	0.9774508544263137	0.9765098517425069	15581	5
dataset_name-FR-FCM-Z3YR_seed-42	dgcytof	9	/PBMC/CD3-CD19-/CD7hi cells/NK cells CD56 hi	/PBMC/CD3-CD19-/CD7hi cells/NK cells CD56 hi	0.627786098141133	0.5119926140427907	0.7421896599391761	0.49301231493012315	7488	5
dataset_name-FR-FCM-Z3YR_seed-42	gatemeclass[E]	1	/Granulocytes	/Granulocytes	NA	NA	NA	0	3329067	5
dataset_name-FR-FCM-Z3YR_seed-42	gatemeclass[E]	10	/PBMC/CD3-CD19-/CD7hi cells/NK cells CD56 mid	/PBMC/CD3-CD19-/CD7hi cells/NK cells CD56 mid	NA	NA	NA	0	211298	5
dataset_name-FR-FCM-Z3YR_seed-42	gatemeclass[E]	11	/PBMC/CD3-CD19-/CD7low cells/CD11c hi HLADR hi/Monocytes CD14hi	/PBMC/CD3-CD19-/CD7low cells/CD11c hi HLADR hi/Monocytes CD14hi	NA	NA	NA	0	350462	5
dataset_name-FR-FCM-Z3YR_seed-42	gatemeclass[E]	12	/PBMC/CD3-CD19-/CD7low cells/CD11c hi HLADR hi/Monocytes CD14mid	/PBMC/CD3-CD19-/CD7low cells/CD11c hi HLADR hi/Monocytes CD14mid	NA	NA	NA	0	14496	5
dataset_name-FR-FCM-Z3YR_seed-42	gatemeclass[E]	13	/PBMC/CD3-CD19-/CD7low cells/CD11c hi HLADR hi/Monocytes non-class	/PBMC/CD3-CD19-/CD7low cells/CD11c hi HLADR hi/Monocytes non-class	NA	NA	NA	0	29822	5
dataset_name-FR-FCM-Z3YR_seed-42	gatemeclass[E]	14	/PBMC/CD3-CD19-/CD7low cells/CD11c hi HLADR hi/cDC/cDC1	/PBMC/CD3-CD19-/CD7low cells/CD11c hi HLADR hi/cDC/cDC1	NA	NA	NA	0	998	5
dataset_name-FR-FCM-Z3YR_seed-42	gatemeclass[E]	15	/PBMC/CD3-CD19-/CD7low cells/CD11c hi HLADR hi/cDC/cDC2	/PBMC/CD3-CD19-/CD7low cells/CD11c hi HLADR hi/cDC/cDC2	NA	NA	NA	0	18299	5
dataset_name-FR-FCM-Z3YR_seed-42	gatemeclass[E]	16	/PBMC/CD3-CD19-/CD7low cells/CD11c low HLADR hi/pDC	/PBMC/CD3-CD19-/CD7low cells/CD11c low HLADR hi/pDC	NA	NA	NA	0	14435	5
dataset_name-FR-FCM-Z3YR_seed-42	gatemeclass[E]	17	/PBMC/CD3-CD19-/CD7low cells/CD11c low HLADR low/Basophils	/PBMC/CD3-CD19-/CD7low cells/CD11c low HLADR low/Basophils	NA	NA	NA	0	48100	5
dataset_name-FR-FCM-Z3YR_seed-42	gatemeclass[E]	18	/PBMC/T cells/NKT cells	/PBMC/T cells/NKT cells	NA	NA	NA	0	428	5
dataset_name-FR-FCM-Z3YR_seed-42	gatemeclass[E]	19	/PBMC/T cells/T cells CD4/T cells CM	/PBMC/T cells/T cells CD4/T cells CM	NA	NA	NA	0	352455	5
dataset_name-FR-FCM-Z3YR_seed-42	gatemeclass[E]	2	/PBMC/B cells/B cells DN	/PBMC/B cells/B cells DN	NA	NA	NA	0	16694	5
dataset_name-FR-FCM-Z3YR_seed-42	gatemeclass[E]	20	/PBMC/T cells/T cells CD4/T cells EM	/PBMC/T cells/T cells CD4/T cells EM	NA	NA	NA	0	48445	5
dataset_name-FR-FCM-Z3YR_seed-42	gatemeclass[E]	21	/PBMC/T cells/T cells CD4/T cells Naive	/PBMC/T cells/T cells CD4/T cells Naive	NA	NA	NA	0	462464	5
dataset_name-FR-FCM-Z3YR_seed-42	gatemeclass[E]	22	/PBMC/T cells/T cells CD4/T cells TEMRA	/PBMC/T cells/T cells CD4/T cells TEMRA	NA	NA	NA	0	1619	5
dataset_name-FR-FCM-Z3YR_seed-42	gatemeclass[E]	23	/PBMC/T cells/T cells CD4hiCD8hi	/PBMC/T cells/T cells CD4hiCD8hi	NA	NA	NA	0	14421	5
dataset_name-FR-FCM-Z3YR_seed-42	gatemeclass[E]	24	/PBMC/T cells/T cells CD4lowCD8low	/PBMC/T cells/T cells CD4lowCD8low	NA	NA	NA	0	155651	5
dataset_name-FR-FCM-Z3YR_seed-42	gatemeclass[E]	25	/PBMC/T cells/T cells CD8/T cells CM	/PBMC/T cells/T cells CD8/T cells CM	NA	NA	NA	0	161051	5
dataset_name-FR-FCM-Z3YR_seed-42	gatemeclass[E]	26	/PBMC/T cells/T cells CD8/T cells EM	/PBMC/T cells/T cells CD8/T cells EM	NA	NA	NA	0	32813	5
dataset_name-FR-FCM-Z3YR_seed-42	gatemeclass[E]	27	/PBMC/T cells/T cells CD8/T cells Naive	/PBMC/T cells/T cells CD8/T cells Naive	NA	NA	NA	0	152460	5
dataset_name-FR-FCM-Z3YR_seed-42	gatemeclass[E]	28	/PBMC/T cells/T cells CD8/T cells TEMRA	/PBMC/T cells/T cells CD8/T cells TEMRA	NA	NA	NA	0	9506	5
dataset_name-FR-FCM-Z3YR_seed-42	gatemeclass[E]	3	/PBMC/B cells/B cells NSM	/PBMC/B cells/B cells NSM	NA	NA	NA	0	17299	5
dataset_name-FR-FCM-Z3YR_seed-42	gatemeclass[E]	4	/PBMC/B cells/B cells Naive/B cells TR	/PBMC/B cells/B cells Naive/B cells TR	NA	NA	NA	0	21861	5
dataset_name-FR-FCM-Z3YR_seed-42	gatemeclass[E]	5	/PBMC/B cells/B cells SWME/B cells CD27hi CD20hi	/PBMC/B cells/B cells SWME/B cells CD27hi CD20hi	NA	NA	NA	0	35167	5
dataset_name-FR-FCM-Z3YR_seed-42	gatemeclass[E]	6	/PBMC/B cells/B cells SWME/B cells PB	/PBMC/B cells/B cells SWME/B cells PB	NA	NA	NA	0	2090	5
dataset_name-FR-FCM-Z3YR_seed-42	gatemeclass[E]	7	/PBMC/B cells/B cells SWME/B cells PC	/PBMC/B cells/B cells SWME/B cells PC	NA	NA	NA	0	3138	5
dataset_name-FR-FCM-Z3YR_seed-42	gatemeclass[E]	8	/PBMC/CD3 CD19 DP	/PBMC/CD3 CD19 DP	NA	NA	NA	0	15581	5
dataset_name-FR-FCM-Z3YR_seed-42	gatemeclass[E]	9	/PBMC/CD3-CD19-/CD7hi cells/NK cells CD56 hi	/PBMC/CD3-CD19-/CD7hi cells/NK cells CD56 hi	NA	NA	NA	0	7488	5
dataset_name-FR-FCM-Z3YR_seed-42	gatemeclass[V]	1	/Granulocytes	/Granulocytes	NA	NA	NA	0	3329067	5
dataset_name-FR-FCM-Z3YR_seed-42	gatemeclass[V]	10	/PBMC/CD3-CD19-/CD7hi cells/NK cells CD56 mid	/PBMC/CD3-CD19-/CD7hi cells/NK cells CD56 mid	NA	NA	NA	0	211298	5
dataset_name-FR-FCM-Z3YR_seed-42	gatemeclass[V]	11	/PBMC/CD3-CD19-/CD7low cells/CD11c hi HLADR hi/Monocytes CD14hi	/PBMC/CD3-CD19-/CD7low cells/CD11c hi HLADR hi/Monocytes CD14hi	NA	NA	NA	0	350462	5
dataset_name-FR-FCM-Z3YR_seed-42	gatemeclass[V]	12	/PBMC/CD3-CD19-/CD7low cells/CD11c hi HLADR hi/Monocytes CD14mid	/PBMC/CD3-CD19-/CD7low cells/CD11c hi HLADR hi/Monocytes CD14mid	NA	NA	NA	0	14496	5
dataset_name-FR-FCM-Z3YR_seed-42	gatemeclass[V]	13	/PBMC/CD3-CD19-/CD7low cells/CD11c hi HLADR hi/Monocytes non-class	/PBMC/CD3-CD19-/CD7low cells/CD11c hi HLADR hi/Monocytes non-class	NA	NA	NA	0	29822	5
dataset_name-FR-FCM-Z3YR_seed-42	gatemeclass[V]	14	/PBMC/CD3-CD19-/CD7low cells/CD11c hi HLADR hi/cDC/cDC1	/PBMC/CD3-CD19-/CD7low cells/CD11c hi HLADR hi/cDC/cDC1	NA	NA	NA	0	998	5
dataset_name-FR-FCM-Z3YR_seed-42	gatemeclass[V]	15	/PBMC/CD3-CD19-/CD7low cells/CD11c hi HLADR hi/cDC/cDC2	/PBMC/CD3-CD19-/CD7low cells/CD11c hi HLADR hi/cDC/cDC2	NA	NA	NA	0	18299	5
dataset_name-FR-FCM-Z3YR_seed-42	gatemeclass[V]	16	/PBMC/CD3-CD19-/CD7low cells/CD11c low HLADR hi/pDC	/PBMC/CD3-CD19-/CD7low cells/CD11c low HLADR hi/pDC	NA	NA	NA	0	14435	5
dataset_name-FR-FCM-Z3YR_seed-42	gatemeclass[V]	17	/PBMC/CD3-CD19-/CD7low cells/CD11c low HLADR low/Basophils	/PBMC/CD3-CD19-/CD7low cells/CD11c low HLADR low/Basophils	NA	NA	NA	0	48100	5
dataset_name-FR-FCM-Z3YR_seed-42	gatemeclass[V]	18	/PBMC/T cells/NKT cells	/PBMC/T cells/NKT cells	NA	NA	NA	0	428	5
dataset_name-FR-FCM-Z3YR_seed-42	gatemeclass[V]	19	/PBMC/T cells/T cells CD4/T cells CM	/PBMC/T cells/T cells CD4/T cells CM	NA	NA	NA	0	352455	5
dataset_name-FR-FCM-Z3YR_seed-42	gatemeclass[V]	2	/PBMC/B cells/B cells DN	/PBMC/B cells/B cells DN	NA	NA	NA	0	16694	5
dataset_name-FR-FCM-Z3YR_seed-42	gatemeclass[V]	20	/PBMC/T cells/T cells CD4/T cells EM	/PBMC/T cells/T cells CD4/T cells EM	NA	NA	NA	0	48445	5
dataset_name-FR-FCM-Z3YR_seed-42	gatemeclass[V]	21	/PBMC/T cells/T cells CD4/T cells Naive	/PBMC/T cells/T cells CD4/T cells Naive	NA	NA	NA	0	462464	5
dataset_name-FR-FCM-Z3YR_seed-42	gatemeclass[V]	22	/PBMC/T cells/T cells CD4/T cells TEMRA	/PBMC/T cells/T cells CD4/T cells TEMRA	NA	NA	NA	0	1619	5
dataset_name-FR-FCM-Z3YR_seed-42	gatemeclass[V]	23	/PBMC/T cells/T cells CD4hiCD8hi	/PBMC/T cells/T cells CD4hiCD8hi	NA	NA	NA	0	14421	5
dataset_name-FR-FCM-Z3YR_seed-42	gatemeclass[V]	24	/PBMC/T cells/T cells CD4lowCD8low	/PBMC/T cells/T cells CD4lowCD8low	NA	NA	NA	0	155651	5
dataset_name-FR-FCM-Z3YR_seed-42	gatemeclass[V]	25	/PBMC/T cells/T cells CD8/T cells CM	/PBMC/T cells/T cells CD8/T cells CM	NA	NA	NA	0	161051	5
dataset_name-FR-FCM-Z3YR_seed-42	gatemeclass[V]	26	/PBMC/T cells/T cells CD8/T cells EM	/PBMC/T cells/T cells CD8/T cells EM	NA	NA	NA	0	32813	5
dataset_name-FR-FCM-Z3YR_seed-42	gatemeclass[V]	27	/PBMC/T cells/T cells CD8/T cells Naive	/PBMC/T cells/T cells CD8/T cells Naive	NA	NA	NA	0	152460	5
dataset_name-FR-FCM-Z3YR_seed-42	gatemeclass[V]	28	/PBMC/T cells/T cells CD8/T cells TEMRA	/PBMC/T cells/T cells CD8/T cells TEMRA	NA	NA	NA	0	9506	5
dataset_name-FR-FCM-Z3YR_seed-42	gatemeclass[V]	3	/PBMC/B cells/B cells NSM	/PBMC/B cells/B cells NSM	NA	NA	NA	0	17299	5
dataset_name-FR-FCM-Z3YR_seed-42	gatemeclass[V]	4	/PBMC/B cells/B cells Naive/B cells TR	/PBMC/B cells/B cells Naive/B cells TR	NA	NA	NA	0	21861	5
dataset_name-FR-FCM-Z3YR_seed-42	gatemeclass[V]	5	/PBMC/B cells/B cells SWME/B cells CD27hi CD20hi	/PBMC/B cells/B cells SWME/B cells CD27hi CD20hi	NA	NA	NA	0	35167	5
dataset_name-FR-FCM-Z3YR_seed-42	gatemeclass[V]	6	/PBMC/B cells/B cells SWME/B cells PB	/PBMC/B cells/B cells SWME/B cells PB	NA	NA	NA	0	2090	5
dataset_name-FR-FCM-Z3YR_seed-42	gatemeclass[V]	7	/PBMC/B cells/B cells SWME/B cells PC	/PBMC/B cells/B cells SWME/B cells PC	NA	NA	NA	0	3138	5
dataset_name-FR-FCM-Z3YR_seed-42	gatemeclass[V]	8	/PBMC/CD3 CD19 DP	/PBMC/CD3 CD19 DP	NA	NA	NA	0	15581	5
dataset_name-FR-FCM-Z3YR_seed-42	gatemeclass[V]	9	/PBMC/CD3-CD19-/CD7hi cells/NK cells CD56 hi	/PBMC/CD3-CD19-/CD7hi cells/NK cells CD56 hi	NA	NA	NA	0	7488	5
dataset_name-FR-FCM-Z3YR_seed-42	knn	1	/Granulocytes	/Granulocytes	0.9916779096886481	0.9906840726025649	0.999676979113555	0.9838004758506123	3329067	5
dataset_name-FR-FCM-Z3YR_seed-42	knn	10	/PBMC/CD3-CD19-/CD7hi cells/NK cells CD56 mid	/PBMC/CD3-CD19-/CD7hi cells/NK cells CD56 mid	0.960616655120111	0.9535049204526306	0.9798978221466741	0.9415924887208877	211298	5
dataset_name-FR-FCM-Z3YR_seed-42	knn	11	/PBMC/CD3-CD19-/CD7low cells/CD11c hi HLADR hi/Monocytes CD14hi	/PBMC/CD3-CD19-/CD7low cells/CD11c hi HLADR hi/Monocytes CD14hi	0.951330674809958	0.9494634252443419	0.9757081166218099	0.9320725214145898	350462	5
dataset_name-FR-FCM-Z3YR_seed-42	knn	12	/PBMC/CD3-CD19-/CD7low cells/CD11c hi HLADR hi/Monocytes CD14mid	/PBMC/CD3-CD19-/CD7low cells/CD11c hi HLADR hi/Monocytes CD14mid	0.49737344794651384	0.48162423098955437	0.34878269314490473	0.8653733528550512	14496	5
dataset_name-FR-FCM-Z3YR_seed-42	knn	13	/PBMC/CD3-CD19-/CD7low cells/CD11c hi HLADR hi/Monocytes non-class	/PBMC/CD3-CD19-/CD7low cells/CD11c hi HLADR hi/Monocytes non-class	0.900299714729354	0.8945947741305076	0.920625639526385	0.8738002923790759	29822	5
dataset_name-FR-FCM-Z3YR_seed-42	knn	14	/PBMC/CD3-CD19-/CD7low cells/CD11c hi HLADR hi/cDC/cDC1	/PBMC/CD3-CD19-/CD7low cells/CD11c hi HLADR hi/cDC/cDC1	0.8589565908985146	0.861258476519741	0.8008913557308999	0.9774590163934426	998	5
dataset_name-FR-FCM-Z3YR_seed-42	knn	15	/PBMC/CD3-CD19-/CD7low cells/CD11c hi HLADR hi/cDC/cDC2	/PBMC/CD3-CD19-/CD7low cells/CD11c hi HLADR hi/cDC/cDC2	0.8588678101396923	0.8493185619722383	0.7824027369621475	0.9572107765451664	18299	5
dataset_name-FR-FCM-Z3YR_seed-42	knn	16	/PBMC/CD3-CD19-/CD7low cells/CD11c low HLADR hi/pDC	/PBMC/CD3-CD19-/CD7low cells/CD11c low HLADR hi/pDC	0.6116872287198786	0.711425520149069	0.44238263128595284	0.9898585916297672	14435	5
dataset_name-FR-FCM-Z3YR_seed-42	knn	17	/PBMC/CD3-CD19-/CD7low cells/CD11c low HLADR low/Basophils	/PBMC/CD3-CD19-/CD7low cells/CD11c low HLADR low/Basophils	0.9892967108156981	0.9869153382118933	0.980223143377368	0.9986901719954479	48100	5
dataset_name-FR-FCM-Z3YR_seed-42	knn	18	/PBMC/T cells/NKT cells	/PBMC/T cells/NKT cells	0.019801980198019802	0.016451852221303888	0.010712506228201295	0.16355140186915887	428	5
dataset_name-FR-FCM-Z3YR_seed-42	knn	19	/PBMC/T cells/T cells CD4/T cells CM	/PBMC/T cells/T cells CD4/T cells CM	0.9687843879732161	0.9686994757630216	0.9776409564840121	0.9599544726716536	352455	5
dataset_name-FR-FCM-Z3YR_seed-42	knn	2	/PBMC/B cells/B cells DN	/PBMC/B cells/B cells DN	0.6188384340946047	0.6082309361312203	0.5408765007848627	0.6966229589312222	16694	5
dataset_name-FR-FCM-Z3YR_seed-42	knn	20	/PBMC/T cells/T cells CD4/T cells EM	/PBMC/T cells/T cells CD4/T cells EM	0.9523039767533605	0.9518675373068562	0.9476317275881546	0.9669011332551778	48445	5
dataset_name-FR-FCM-Z3YR_seed-42	knn	21	/PBMC/T cells/T cells CD4/T cells Naive	/PBMC/T cells/T cells CD4/T cells Naive	0.9728324199239899	0.9730101383871301	0.9755098332355929	0.9714702117353999	462464	5
dataset_name-FR-FCM-Z3YR_seed-42	knn	22	/PBMC/T cells/T cells CD4/T cells TEMRA	/PBMC/T cells/T cells CD4/T cells TEMRA	0.3530267753201397	0.3169088850480395	0.2309156672377689	0.7492279184681903	1619	5
dataset_name-FR-FCM-Z3YR_seed-42	knn	23	/PBMC/T cells/T cells CD4hiCD8hi	/PBMC/T cells/T cells CD4hiCD8hi	0.7006935116910173	0.7152033705895704	0.575683024731322	0.8804326189370314	14421	5
dataset_name-FR-FCM-Z3YR_seed-42	knn	24	/PBMC/T cells/T cells CD4lowCD8low	/PBMC/T cells/T cells CD4lowCD8low	0.9575178545450854	0.9490816377174253	0.97612710702476	0.9364094148475083	155651	5
dataset_name-FR-FCM-Z3YR_seed-42	knn	25	/PBMC/T cells/T cells CD8/T cells CM	/PBMC/T cells/T cells CD8/T cells CM	0.9206836627280486	0.9234995636343813	0.9791851570094248	0.8737955332757948	161051	5
dataset_name-FR-FCM-Z3YR_seed-42	knn	26	/PBMC/T cells/T cells CD8/T cells EM	/PBMC/T cells/T cells CD8/T cells EM	0.8606294913603564	0.8395132309745432	0.9128066328628204	0.8119647700606467	32813	5
dataset_name-FR-FCM-Z3YR_seed-42	knn	27	/PBMC/T cells/T cells CD8/T cells Naive	/PBMC/T cells/T cells CD8/T cells Naive	0.9425796084844161	0.9417284156467463	0.9085929559549386	0.9792076610258429	152460	5
dataset_name-FR-FCM-Z3YR_seed-42	knn	28	/PBMC/T cells/T cells CD8/T cells TEMRA	/PBMC/T cells/T cells CD8/T cells TEMRA	0.6475387222638237	0.6397995190973909	0.5069423017587165	0.8994244168433808	9506	5
dataset_name-FR-FCM-Z3YR_seed-42	knn	3	/PBMC/B cells/B cells NSM	/PBMC/B cells/B cells NSM	0.8721029157750909	0.8614926341191156	0.8018272676795719	0.9426556448349616	17299	5
dataset_name-FR-FCM-Z3YR_seed-42	knn	4	/PBMC/B cells/B cells Naive/B cells TR	/PBMC/B cells/B cells Naive/B cells TR	0.8746101060511542	0.8488900462948764	0.7887559547619913	0.9921778509674763	21861	5
dataset_name-FR-FCM-Z3YR_seed-42	knn	5	/PBMC/B cells/B cells SWME/B cells CD27hi CD20hi	/PBMC/B cells/B cells SWME/B cells CD27hi CD20hi	0.8820544590966751	0.8837600977353116	0.8673586116458805	0.9192424716353399	35167	5
dataset_name-FR-FCM-Z3YR_seed-42	knn	6	/PBMC/B cells/B cells SWME/B cells PB	/PBMC/B cells/B cells SWME/B cells PB	0.4804318488529016	0.4740502242352746	0.3498580476086482	0.7191404297851074	2090	5
dataset_name-FR-FCM-Z3YR_seed-42	knn	7	/PBMC/B cells/B cells SWME/B cells PC	/PBMC/B cells/B cells SWME/B cells PC	0.8131468531468532	0.8176581676712458	0.7025132914451426	0.9618109023714198	3138	5
dataset_name-FR-FCM-Z3YR_seed-42	knn	8	/PBMC/CD3 CD19 DP	/PBMC/CD3 CD19 DP	0.9177761840915468	0.9180928614163878	0.87538662859862	0.9570600632244468	15581	5
dataset_name-FR-FCM-Z3YR_seed-42	knn	9	/PBMC/CD3-CD19-/CD7hi cells/NK cells CD56 hi	/PBMC/CD3-CD19-/CD7hi cells/NK cells CD56 hi	0.4999247667770087	0.4906400524832815	0.3538527078119176	0.9011927351585796	7488	5
dataset_name-FR-FCM-Z3YR_seed-42	lda	1	/Granulocytes	/Granulocytes	0.9977600353244864	0.9976401349400605	0.9991108680276161	0.9964230218256346	3329067	5
dataset_name-FR-FCM-Z3YR_seed-42	lda	10	/PBMC/CD3-CD19-/CD7hi cells/NK cells CD56 mid	/PBMC/CD3-CD19-/CD7hi cells/NK cells CD56 mid	0.9703628372317326	0.9699945370418065	0.982130031460856	0.9588742771640634	211298	5
dataset_name-FR-FCM-Z3YR_seed-42	lda	11	/PBMC/CD3-CD19-/CD7low cells/CD11c hi HLADR hi/Monocytes CD14hi	/PBMC/CD3-CD19-/CD7low cells/CD11c hi HLADR hi/Monocytes CD14hi	0.9369166257413774	0.937206471657998	0.9517631383432701	0.9225261792179117	350462	5
dataset_name-FR-FCM-Z3YR_seed-42	lda	12	/PBMC/CD3-CD19-/CD7low cells/CD11c hi HLADR hi/Monocytes CD14mid	/PBMC/CD3-CD19-/CD7low cells/CD11c hi HLADR hi/Monocytes CD14mid	0.48588758592802267	0.4439079362008528	0.47847110292424594	0.499875197603794	14496	5
dataset_name-FR-FCM-Z3YR_seed-42	lda	13	/PBMC/CD3-CD19-/CD7low cells/CD11c hi HLADR hi/Monocytes non-class	/PBMC/CD3-CD19-/CD7low cells/CD11c hi HLADR hi/Monocytes non-class	0.8048588312541036	0.8084118159077368	0.7475539296809222	0.8633894440346054	29822	5
dataset_name-FR-FCM-Z3YR_seed-42	lda	14	/PBMC/CD3-CD19-/CD7low cells/CD11c hi HLADR hi/cDC/cDC1	/PBMC/CD3-CD19-/CD7low cells/CD11c hi HLADR hi/cDC/cDC1	0.8746878034184381	0.8745194183297549	0.855588733599383	0.891640866873065	998	5
dataset_name-FR-FCM-Z3YR_seed-42	lda	15	/PBMC/CD3-CD19-/CD7low cells/CD11c hi HLADR hi/cDC/cDC2	/PBMC/CD3-CD19-/CD7low cells/CD11c hi HLADR hi/cDC/cDC2	0.8473517004322693	0.8502699574258513	0.7825125048095422	0.92683203723676	18299	5
dataset_name-FR-FCM-Z3YR_seed-42	lda	16	/PBMC/CD3-CD19-/CD7low cells/CD11c low HLADR hi/pDC	/PBMC/CD3-CD19-/CD7low cells/CD11c low HLADR hi/pDC	0.8926390932715489	0.8940093298142192	0.8143852833638026	0.9875303082784898	14435	5
dataset_name-FR-FCM-Z3YR_seed-42	lda	17	/PBMC/CD3-CD19-/CD7low cells/CD11c low HLADR low/Basophils	/PBMC/CD3-CD19-/CD7low cells/CD11c low HLADR low/Basophils	0.9418487263175435	0.944516370437592	0.8909637102008271	0.9988981288981289	48100	5
dataset_name-FR-FCM-Z3YR_seed-42	lda	18	/PBMC/T cells/NKT cells	/PBMC/T cells/NKT cells	0.047493403693931395	0.046238098218011156	0.030116358658453114	0.1070559610705596	428	5
dataset_name-FR-FCM-Z3YR_seed-42	lda	19	/PBMC/T cells/T cells CD4/T cells CM	/PBMC/T cells/T cells CD4/T cells CM	0.947204204462934	0.9463405948617882	0.9765188813318445	0.9186806037855277	352455	5
dataset_name-FR-FCM-Z3YR_seed-42	lda	2	/PBMC/B cells/B cells DN	/PBMC/B cells/B cells DN	0.6666666666666667	0.6570492963367364	0.8886894075403949	0.5276147118725291	16694	5
dataset_name-FR-FCM-Z3YR_seed-42	lda	20	/PBMC/T cells/T cells CD4/T cells EM	/PBMC/T cells/T cells CD4/T cells EM	0.9650926565674274	0.9644099536039059	0.9642871862506698	0.9658994736298896	48445	5
dataset_name-FR-FCM-Z3YR_seed-42	lda	21	/PBMC/T cells/T cells CD4/T cells Naive	/PBMC/T cells/T cells CD4/T cells Naive	0.9570420461985298	0.95714289675088	0.9702835521306785	0.9439600903257015	462464	5
dataset_name-FR-FCM-Z3YR_seed-42	lda	22	/PBMC/T cells/T cells CD4/T cells TEMRA	/PBMC/T cells/T cells CD4/T cells TEMRA	0.3949044585987261	0.38445093174865524	0.6150943396226415	0.29869321717485997	1619	5
dataset_name-FR-FCM-Z3YR_seed-42	lda	23	/PBMC/T cells/T cells CD4hiCD8hi	/PBMC/T cells/T cells CD4hiCD8hi	0.8456926257753273	0.8391719836868374	0.8548309011688222	0.8383445348425893	14421	5
dataset_name-FR-FCM-Z3YR_seed-42	lda	24	/PBMC/T cells/T cells CD4lowCD8low	/PBMC/T cells/T cells CD4lowCD8low	0.9614852466416116	0.96058970415919	0.9793437991417682	0.9442663394388728	155651	5
dataset_name-FR-FCM-Z3YR_seed-42	lda	25	/PBMC/T cells/T cells CD8/T cells CM	/PBMC/T cells/T cells CD8/T cells CM	0.9151761055610488	0.9125657561517347	0.9611486486486487	0.8635095352384106	161051	5
dataset_name-FR-FCM-Z3YR_seed-42	lda	26	/PBMC/T cells/T cells CD8/T cells EM	/PBMC/T cells/T cells CD8/T cells EM	0.8747114731839783	0.8604584914393781	0.9245811058089053	0.8299462140487617	32813	5
dataset_name-FR-FCM-Z3YR_seed-42	lda	27	/PBMC/T cells/T cells CD8/T cells Naive	/PBMC/T cells/T cells CD8/T cells Naive	0.927971076870104	0.9293163033954073	0.9283793078037876	0.9251328454324513	152460	5
dataset_name-FR-FCM-Z3YR_seed-42	lda	28	/PBMC/T cells/T cells CD8/T cells TEMRA	/PBMC/T cells/T cells CD8/T cells TEMRA	0.7290922923860246	0.7298278262568914	0.8002312435765673	0.6993891797556719	9506	5
dataset_name-FR-FCM-Z3YR_seed-42	lda	3	/PBMC/B cells/B cells NSM	/PBMC/B cells/B cells NSM	0.8736337488015341	0.8733214496008646	0.8140443505807814	0.9284036851929909	17299	5
dataset_name-FR-FCM-Z3YR_seed-42	lda	4	/PBMC/B cells/B cells Naive/B cells TR	/PBMC/B cells/B cells Naive/B cells TR	0.9273579897363299	0.9265738349084063	0.8978455476078298	0.9526542962666311	21861	5
dataset_name-FR-FCM-Z3YR_seed-42	lda	5	/PBMC/B cells/B cells SWME/B cells CD27hi CD20hi	/PBMC/B cells/B cells SWME/B cells CD27hi CD20hi	0.8650128552567576	0.8595771516911466	0.8198526580588854	0.9022096989470562	35167	5
dataset_name-FR-FCM-Z3YR_seed-42	lda	6	/PBMC/B cells/B cells SWME/B cells PB	/PBMC/B cells/B cells SWME/B cells PB	0.5529595015576324	0.5424609698646399	0.6395045632333768	0.510148107515085	2090	5
dataset_name-FR-FCM-Z3YR_seed-42	lda	7	/PBMC/B cells/B cells SWME/B cells PC	/PBMC/B cells/B cells SWME/B cells PC	0.8400463633729354	0.8393024138712526	0.7452442159383034	0.9690885914595284	3138	5
dataset_name-FR-FCM-Z3YR_seed-42	lda	8	/PBMC/CD3 CD19 DP	/PBMC/CD3 CD19 DP	0.8972195324387882	0.8990936301443886	0.9561252333764182	0.8374729667737073	15581	5
dataset_name-FR-FCM-Z3YR_seed-42	lda	9	/PBMC/CD3-CD19-/CD7hi cells/NK cells CD56 hi	/PBMC/CD3-CD19-/CD7hi cells/NK cells CD56 hi	0.6795136499197063	0.6774879827437069	0.5802723087471838	0.8240715641095148	7488	5
dataset_name-FR-FCM-Z3YR_seed-42	random	1	/Granulocytes	/Granulocytes	0.06525150695866115	0.06568788474020207	0.6032755187288844	0.034491458561702354	3329067	5
dataset_name-FR-FCM-Z3YR_seed-42	random	10	/PBMC/CD3-CD19-/CD7hi cells/NK cells CD56 mid	/PBMC/CD3-CD19-/CD7hi cells/NK cells CD56 mid	0.036384425865963174	0.03636946768000703	0.03833817902115493	0.03461041336422387	211298	5
dataset_name-FR-FCM-Z3YR_seed-42	random	11	/PBMC/CD3-CD19-/CD7low cells/CD11c hi HLADR hi/Monocytes CD14hi	/PBMC/CD3-CD19-/CD7low cells/CD11c hi HLADR hi/Monocytes CD14hi	0.04503371692637454	0.04493448583580486	0.06307832589659061	0.03483933462671946	350462	5
dataset_name-FR-FCM-Z3YR_seed-42	random	12	/PBMC/CD3-CD19-/CD7low cells/CD11c hi HLADR hi/Monocytes CD14mid	/PBMC/CD3-CD19-/CD7low cells/CD11c hi HLADR hi/Monocytes CD14mid	0.004915070473436935	0.004806021993436386	0.002637422307550591	0.03499267935578331	14496	5
dataset_name-FR-FCM-Z3YR_seed-42	random	13	/PBMC/CD3-CD19-/CD7low cells/CD11c hi HLADR hi/Monocytes non-class	/PBMC/CD3-CD19-/CD7low cells/CD11c hi HLADR hi/Monocytes non-class	0.009297441166751916	0.00923133795187776	0.005374177782196662	0.03443766346992153	29822	5
dataset_name-FR-FCM-Z3YR_seed-42	random	14	/PBMC/CD3-CD19-/CD7low cells/CD11c hi HLADR hi/cDC/cDC1	/PBMC/CD3-CD19-/CD7low cells/CD11c hi HLADR hi/cDC/cDC1	3.435213301324337e-4	3.239850040316508e-4	1.726577048945314e-4	0.03206412825651302	998	5
dataset_name-FR-FCM-Z3YR_seed-42	random	15	/PBMC/CD3-CD19-/CD7low cells/CD11c hi HLADR hi/cDC/cDC2	/PBMC/CD3-CD19-/CD7low cells/CD11c hi HLADR hi/cDC/cDC2	0.005820371299548419	0.005885056666139179	0.003186749515494196	0.03353306002312625	18299	5
dataset_name-FR-FCM-Z3YR_seed-42	random	16	/PBMC/CD3-CD19-/CD7low cells/CD11c low HLADR hi/pDC	/PBMC/CD3-CD19-/CD7low cells/CD11c low HLADR hi/pDC	0.004816236004844075	0.004836970357198111	0.0025904408241494968	0.03456649050135695	14435	5
dataset_name-FR-FCM-Z3YR_seed-42	random	17	/PBMC/CD3-CD19-/CD7low cells/CD11c low HLADR low/Basophils	/PBMC/CD3-CD19-/CD7low cells/CD11c low HLADR low/Basophils	0.013675504894065172	0.013622533536855148	0.008504449666756559	0.03455301455301455	48100	5
dataset_name-FR-FCM-Z3YR_seed-42	random	18	/PBMC/T cells/NKT cells	/PBMC/T cells/NKT cells	1.4038043096792309e-4	1.6096157014721088e-4	7.034822370735139e-5	0.03125	428	5
dataset_name-FR-FCM-Z3YR_seed-42	random	19	/PBMC/T cells/T cells CD4/T cells CM	/PBMC/T cells/T cells CD4/T cells CM	0.0449912878243401	0.04518183269429399	0.0642408041488957	0.03467425853786774	352455	5
dataset_name-FR-FCM-Z3YR_seed-42	random	2	/PBMC/B cells/B cells DN	/PBMC/B cells/B cells DN	0.005497646805922091	0.005542814596384715	0.0029899456237842464	0.03408575317604356	16694	5
dataset_name-FR-FCM-Z3YR_seed-42	random	20	/PBMC/T cells/T cells CD4/T cells EM	/PBMC/T cells/T cells CD4/T cells EM	0.01407387273111655	0.014116532640599488	0.008832687985703068	0.034740427288677884	48445	5
dataset_name-FR-FCM-Z3YR_seed-42	random	21	/PBMC/T cells/T cells CD4/T cells Naive	/PBMC/T cells/T cells CD4/T cells Naive	0.048912485771616485	0.04895288308636141	0.083329298927924	0.034615522126583184	462464	5
dataset_name-FR-FCM-Z3YR_seed-42	random	22	/PBMC/T cells/T cells CD4/T cells TEMRA	/PBMC/T cells/T cells CD4/T cells TEMRA	5.884996469002119e-4	5.722444591406717e-4	2.968015584780016e-4	0.03422526446795271	1619	5
dataset_name-FR-FCM-Z3YR_seed-42	random	23	/PBMC/T cells/T cells CD4hiCD8hi	/PBMC/T cells/T cells CD4hiCD8hi	0.004773634847534387	0.004774477094725468	0.002570581127100956	0.03441885093989939	14421	5
dataset_name-FR-FCM-Z3YR_seed-42	random	24	/PBMC/T cells/T cells CD4lowCD8low	/PBMC/T cells/T cells CD4lowCD8low	0.031477936365619026	0.03149079083763015	0.02844204914344875	0.03525484448786843	155651	5
dataset_name-FR-FCM-Z3YR_seed-42	random	25	/PBMC/T cells/T cells CD8/T cells CM	/PBMC/T cells/T cells CD8/T cells CM	0.031208805596636312	0.03143968087330012	0.028731097961867194	0.0341541888380151	161051	5
dataset_name-FR-FCM-Z3YR_seed-42	random	26	/PBMC/T cells/T cells CD8/T cells EM	/PBMC/T cells/T cells CD8/T cells EM	0.010187452539610762	0.010211243032588517	0.00597564698640215	0.03451365804306981	32813	5
dataset_name-FR-FCM-Z3YR_seed-42	random	27	/PBMC/T cells/T cells CD8/T cells Naive	/PBMC/T cells/T cells CD8/T cells Naive	0.030422577953114333	0.030414783355041854	0.027175754396319005	0.03419257510166601	152460	5
dataset_name-FR-FCM-Z3YR_seed-42	random	28	/PBMC/T cells/T cells CD8/T cells TEMRA	/PBMC/T cells/T cells CD8/T cells TEMRA	0.0031789087967259147	0.0032134626851120607	0.0016677069030083635	0.03387423935091278	9506	5
dataset_name-FR-FCM-Z3YR_seed-42	random	3	/PBMC/B cells/B cells NSM	/PBMC/B cells/B cells NSM	0.005569839098488123	0.005706704280745726	0.0030287904706982694	0.034587714443829555	17299	5
dataset_name-FR-FCM-Z3YR_seed-42	random	4	/PBMC/B cells/B cells Naive/B cells TR	/PBMC/B cells/B cells Naive/B cells TR	0.006919873092138762	0.006975976616740955	0.0038362615992626656	0.03394172270252962	21861	5
dataset_name-FR-FCM-Z3YR_seed-42	random	5	/PBMC/B cells/B cells SWME/B cells CD27hi CD20hi	/PBMC/B cells/B cells SWME/B cells CD27hi CD20hi	0.010973754363553296	0.010834653520699808	0.006500945974353584	0.035175022037705804	35167	5
dataset_name-FR-FCM-Z3YR_seed-42	random	6	/PBMC/B cells/B cells SWME/B cells PB	/PBMC/B cells/B cells SWME/B cells PB	7.829395561114638e-4	7.497295042327314e-4	3.9559061195937957e-4	0.03758020164986251	2090	5
dataset_name-FR-FCM-Z3YR_seed-42	random	7	/PBMC/B cells/B cells SWME/B cells PC	/PBMC/B cells/B cells SWME/B cells PC	0.001054992681582299	0.001086396517129442	5.357634145988291e-4	0.034185401909454884	3138	5
dataset_name-FR-FCM-Z3YR_seed-42	random	8	/PBMC/CD3 CD19 DP	/PBMC/CD3 CD19 DP	0.005178213516336864	0.005165966359947369	0.0028018759083621764	0.033947178714201456	15581	5
dataset_name-FR-FCM-Z3YR_seed-42	random	9	/PBMC/CD3-CD19-/CD7hi cells/NK cells CD56 hi	/PBMC/CD3-CD19-/CD7hi cells/NK cells CD56 hi	0.0026612507878702994	0.0026659618997585803	0.0013809477662564203	0.03651505445227418	7488	5
dataset_name-FlowCyt_seed-42	cyanno	1	B_Lymphocytes	B_Lymphocytes	0.9637223630960599	0.9414648586510455	0.9358441576767584	0.993841775575643	259336	5
dataset_name-FlowCyt_seed-42	cyanno	2	HSPCs	HSPCs	0.91212324730328	0.9053285664730559	0.9788584011443291	0.8738601983359946	197361	5
dataset_name-FlowCyt_seed-42	cyanno	3	Mast_cells	Mast_cells	0.8490566037735848	0.725852865199933	0.9577864490954239	0.7624964699237503	3541	5
dataset_name-FlowCyt_seed-42	cyanno	4	Monocytes	Monocytes	0.9618962729993256	0.9590378524674709	0.993663072384199	0.9345622059118913	300632	5
dataset_name-FlowCyt_seed-42	cyanno	5	T_Lymphocytes	T_Lymphocytes	0.9876961973070516	0.9828445141729325	0.9765811221313073	0.9991932253451113	1263273	5
dataset_name-FlowCyt_seed-42	cygate	1	B_Lymphocytes	B_Lymphocytes	0.9601544969652382	0.953127467953094	0.9397723099522586	0.9859038987714911	259336	5
dataset_name-FlowCyt_seed-42	cygate	2	HSPCs	HSPCs	0.759812418119638	0.75734657555106	0.9758407155193359	0.64125136566098	197361	5
dataset_name-FlowCyt_seed-42	cygate	3	Mast_cells	Mast_cells	0.32422783577649156	0.3080106831884767	0.19797241987280398	0.8421514177141187	3541	5
dataset_name-FlowCyt_seed-42	cygate	4	Monocytes	Monocytes	0.9664016153006327	0.9644630250486752	0.9742934858087441	0.9600978619856236	300632	5
dataset_name-FlowCyt_seed-42	cygate	5	T_Lymphocytes	T_Lymphocytes	0.9498555417664536	0.9490463803454982	0.9994319849716856	0.9053196608982343	1263273	5
dataset_name-FlowCyt_seed-42	dgcytof	1	B_Lymphocytes	B_Lymphocytes	0.8065545973999971	0.8042359787818606	0.6785202028575865	0.9941465897522904	259336	5
dataset_name-FlowCyt_seed-42	dgcytof	2	HSPCs	HSPCs	0.91281209772106775	0.9010148161889284	0.992634945829275	0.8518405086150905	197361	5
dataset_name-FlowCyt_seed-42	dgcytof	3	Mast_cells	Mast_cells	0.6985678563309843	0.6313708291321656	0.8571428571428571	0.8602920125966218	3541	5
dataset_name-FlowCyt_seed-42	dgcytof	4	Monocytes	Monocytes	0.9702018803056719	0.9650841835361279	0.9843794500306581	0.9772446046994332	300632	5
dataset_name-FlowCyt_seed-42	dgcytof	5	T_Lymphocytes	T_Lymphocytes	0.9611731635708504	0.9613050255788989	0.9993818524055083	0.9254461391448993	1263273	5
dataset_name-FlowCyt_seed-42	gatemeclass[E]	1	B_Lymphocytes	B_Lymphocytes	NA	NA	NA	0	259336	5
dataset_name-FlowCyt_seed-42	gatemeclass[E]	2	HSPCs	HSPCs	NA	NA	NA	0	197361	5
dataset_name-FlowCyt_seed-42	gatemeclass[E]	3	Mast_cells	Mast_cells	NA	NA	NA	0	3541	5
dataset_name-FlowCyt_seed-42	gatemeclass[E]	4	Monocytes	Monocytes	NA	NA	NA	0	300632	5
dataset_name-FlowCyt_seed-42	gatemeclass[E]	5	T_Lymphocytes	T_Lymphocytes	NA	NA	NA	0	1263273	5
dataset_name-FlowCyt_seed-42	gatemeclass[V]	1	B_Lymphocytes	B_Lymphocytes	NA	NA	NA	0	259336	5
dataset_name-FlowCyt_seed-42	gatemeclass[V]	2	HSPCs	HSPCs	NA	NA	NA	0	197361	5
dataset_name-FlowCyt_seed-42	gatemeclass[V]	3	Mast_cells	Mast_cells	NA	NA	NA	0	3541	5
dataset_name-FlowCyt_seed-42	gatemeclass[V]	4	Monocytes	Monocytes	NA	NA	NA	0	300632	5
dataset_name-FlowCyt_seed-42	gatemeclass[V]	5	T_Lymphocytes	T_Lymphocytes	NA	NA	NA	0	1263273	5
dataset_name-FlowCyt_seed-42	knn	1	B_Lymphocytes	B_Lymphocytes	0.9855166883832817	0.9846806079478899	0.9852660058273082	0.9868995633187773	259336	5
dataset_name-FlowCyt_seed-42	knn	2	HSPCs	HSPCs	0.7643515375511987	0.7906871205701094	0.6420882150241213	0.9441277658706634	197361	5
dataset_name-FlowCyt_seed-42	knn	3	Mast_cells	Mast_cells	0.6420504762840028	0.5694134943054028	0.4886397608370703	0.9307220111078632	3541	5
dataset_name-FlowCyt_seed-42	knn	4	Monocytes	Monocytes	0.9793621268796544	0.9398438648028112	0.9880059705495234	0.9667255149222362	300632	5
dataset_name-FlowCyt_seed-42	knn	5	T_Lymphocytes	T_Lymphocytes	0.96021350257291	0.9599996952488181	0.9996440996015096	0.9236435829785011	1263273	5
dataset_name-FlowCyt_seed-42	lda	1	B_Lymphocytes	B_Lymphocytes	0.9904287604077504	0.9904572124738701	0.9895375130781087	0.9917636554580532	258469	5
dataset_name-FlowCyt_seed-42	lda	2	HSPCs	HSPCs	0.9634149129525268	0.9659503517011491	0.9893374747555354	0.9372153925705993	174671	5
dataset_name-FlowCyt_seed-42	lda	3	Mast_cells	Mast_cells	0.7463793303209361	0.7319569319402267	0.6161055853098699	0.9465177784307963	3392	5
dataset_name-FlowCyt_seed-42	lda	4	Monocytes	Monocytes	0.991547826379599	0.9908432809902853	0.9838677361401447	0.9990864708928175	294823	5
dataset_name-FlowCyt_seed-42	lda	5	T_Lymphocytes	T_Lymphocytes	0.9990991252308412	0.9990972815415022	0.9997540112250849	0.9985870952449639	1171501	5
dataset_name-FlowCyt_seed-42	random	1	B_Lymphocytes	B_Lymphocytes	0.14582168385460142	0.14553424893343542	0.12972012568524424	0.16648693581361912	259336	5
dataset_name-FlowCyt_seed-42	random	2	HSPCs	HSPCs	0.12340823123408233	0.12272432303675064	0.09822036312388492	0.1659699738043484	197361	5
dataset_name-FlowCyt_seed-42	random	3	Mast_cells	Mast_cells	0.0035419336465897767	0.003479074604965641	0.0017891232097529692	0.173679751482632	3541	5
dataset_name-FlowCyt_seed-42	random	4	Monocytes	Monocytes	0.15655300006806383	0.155962551194963	0.14788728278087243	0.16653720050441362	300632	5
dataset_name-FlowCyt_seed-42	random	5	T_Lymphocytes	T_Lymphocytes	0.2634199139529672	0.2633909841375045	0.6243092925531435	0.16676989306817286	1263273	5
dataset_name-Levine_seed-42	cyanno	1	Basophils	Basophils	0.9501163900019081	0.9501163900019081	0.9886576438542731	0.9179444808955635	603.5	2
dataset_name-Levine_seed-42	cyanno	10	Monocytes	Monocytes	0.9999224252955596	0.9999224252955596	0.9998448746587243	1	10549.5	2
dataset_name-Levine_seed-42	cyanno	11	Plasma_B_cells	Plasma_B_cells	0.9041809192759906	0.9041809192759906	0.985	0.8359585639279126	165	2
dataset_name-Levine_seed-42	cyanno	12	Pre_B_cells	Pre_B_cells	0.9923010566650048	0.9923010566650048	0.9879229159400069	0.9967183770883055	3067.5	2
dataset_name-Levine_seed-42	cyanno	13	Pro_B_cells	Pro_B_cells	0.9652478536890234	0.9652478536890234	0.9825870646766169	0.9488002542507548	256.5	2
dataset_name-Levine_seed-42	cyanno	14	pDCs	pDCs	0.947478502139196	0.947478502139196	0.9058470678175303	0.9983780526150299	619	2
dataset_name-Levine_seed-42	cyanno	2	CD16+_NK_cells	CD16+_NK_cells	0.9897267456981533	0.9897267456981533	0.9904998559492941	0.9889584280688318	1124	2
dataset_name-Levine_seed-42	cyanno	3	CD16-_NK_cells	CD16-_NK_cells	0.9945249362715607	0.9945249362715607	0.9951940068003451	0.9938567829339613	1952.5	2
dataset_name-Levine_seed-42	cyanno	4	CD34+CD38+CD123+_HSPCs	CD34+CD38+CD123+_HSPCs	0.9666380502694711	0.9666380502694711	0.9957983193277311	0.9396505134210051	152	2
dataset_name-Levine_seed-42	cyanno	5	CD34+CD38+CD123-_HSPCs	CD34+CD38+CD123-_HSPCs	0.9958843546497316	0.9958843546497316	0.9926073403837707	0.999186330349878	1647.5	2
dataset_name-Levine_seed-42	cyanno	6	CD34+CD38lo_HSCs	CD34+CD38lo_HSCs	0.9992481203007519	0.9992481203007519	1	0.9984984984984985	458	2
dataset_name-Levine_seed-42	cyanno	7	CD4_T_cells	CD4_T_cells	0.9994622695563025	0.9994622695563025	0.9992998805335236	0.999624811091993	13183	2
dataset_name-Levine_seed-42	cyanno	8	CD8_T_cells	CD8_T_cells	0.9991248679155953	0.9991248679155953	0.9991901269847179	0.9990599820973525	10054	2
dataset_name-Levine_seed-42	cyanno	9	Mature_B_cells	Mature_B_cells	0.9997565330303522	0.9997565330303522	0.9996754300551769	0.9998376623376624	8260	2
dataset_name-Levine_seed-42	cygate	1	Basophils	Basophils	0.985825334244091	0.985825334244091	0.9790953328473768	0.9926672498845714	603.5	2
dataset_name-Levine_seed-42	cygate	10	Monocytes	Monocytes	0.994334146032528	0.994334146032528	0.9993469336982213	0.9894027149859557	10549.5	2
dataset_name-Levine_seed-42	cygate	11	Plasma_B_cells	Plasma_B_cells	0.9466906183584658	0.9466906183584658	0.9811715481171548	0.9157797644387683	165	2
dataset_name-Levine_seed-42	cygate	12	Pre_B_cells	Pre_B_cells	0.9817235833864539	0.9817235833864539	0.9899397541221622	0.973862360718889	3067.5	2
dataset_name-Levine_seed-42	cygate	13	Pro_B_cells	Pro_B_cells	0.9555016181229774	0.9555016181229774	0.9504442925495558	0.9607659303988558	256.5	2
dataset_name-Levine_seed-42	cygate	14	pDCs	pDCs	0.9905746693575976	0.9905746693575976	0.9966414304123712	0.984700241064878	619	2
dataset_name-Levine_seed-42	cygate	2	CD16+_NK_cells	CD16+_NK_cells	0.927505557703946	0.927505557703946	0.9851894228324434	0.8770887681592991	1124	2
dataset_name-Levine_seed-42	cygate	3	CD16-_NK_cells	CD16-_NK_cells	0.8660841286192248	0.8660841286192248	0.9364188612884059	0.8086242473615255	1952.5	2
dataset_name-Levine_seed-42	cygate	4	CD34+CD38+CD123+_HSPCs	CD34+CD38+CD123+_HSPCs	0.9479549927269615	0.9479549927269615	0.9246642246642247	0.9726175463880382	152	2
dataset_name-Levine_seed-42	cygate	5	CD34+CD38+CD123-_HSPCs	CD34+CD38+CD123-_HSPCs	0.9896126435332631	0.9896126435332631	0.9928832453199408	0.9863846207771687	1647.5	2
dataset_name-Levine_seed-42	cygate	6	CD34+CD38lo_HSCs	CD34+CD38lo_HSCs	0.997378277153558	0.997378277153558	0.9962630792227205	0.9984984984984985	458	2
dataset_name-Levine_seed-42	cygate	7	CD4_T_cells	CD4_T_cells	0.9982770158936456	0.9982770158936456	0.9977243128675728	0.9988304037167003	13183	2
dataset_name-Levine_seed-42	cygate	8	CD8_T_cells	CD8_T_cells	0.9978761951956137	0.9978761951956137	0.9985234848911055	0.9972309971963416	10054	2
dataset_name-Levine_seed-42	cygate	9	Mature_B_cells	Mature_B_cells	0.9791080291737932	0.9791080291737932	0.9984698784646323	0.9610768398268399	8260	2
dataset_name-Levine_seed-42	dgcytof	1	Basophils	Basophils	0.9544385214242277	0.9544385214242277	0.9955574238790854	0.919860189707824	603.5	2
dataset_name-Levine_seed-42	dgcytof	10	Monocytes	Monocytes	0.9994223276345924	0.9994223276345924	0.9993412243110602	0.9995034448513438	10549.5	2
dataset_name-Levine_seed-42	dgcytof	11	Plasma_B_cells	Plasma_B_cells	0.821981460568417	0.821981460568417	0.8296348980559507	0.8249609763019725	165	2
dataset_name-Levine_seed-42	dgcytof	12	Pre_B_cells	Pre_B_cells	0.9835433408932952	0.9835433408932952	0.9797713890509188	0.9873448537274983	3067.5	2
dataset_name-Levine_seed-42	dgcytof	13	Pro_B_cells	Pro_B_cells	0.9164467068878833	0.9164467068878833	0.9128734881696359	0.920681709836326	256.5	2
dataset_name-Levine_seed-42	dgcytof	14	pDCs	pDCs	0.94047533074851275	0.94047533074851275	0.9026845782767647	0.9881354155748874	619	2
dataset_name-Levine_seed-42	dgcytof	2	CD16+_NK_cells	CD16+_NK_cells	0.9714749451982939	0.9714749451982939	0.9947104677060133	0.9507826149390901	1124	2
dataset_name-Levine_seed-42	dgcytof	3	CD16-_NK_cells	CD16-_NK_cells	0.9873740348526934	0.9873740348526934	0.9813752316554618	0.993659903858122	1952.5	2
dataset_name-Levine_seed-42	dgcytof	4	CD34+CD38+CD123+_HSPCs	CD34+CD38+CD123+_HSPCs	0.9176719576719576	0.9176719576719576	0.8905452806122449	0.9465862006845613	152	2
dataset_name-Levine_seed-42	dgcytof	5	CD34+CD38+CD123-_HSPCs	CD34+CD38+CD123-_HSPCs	0.9792991442595108	0.9792991442595108	0.9767211455131523	0.9818948656893705	1647.5	2
dataset_name-Levine_seed-42	dgcytof	6	CD34+CD38lo_HSCs	CD34+CD38lo_HSCs	0.9643526068117224	0.9643526068117224	0.9819523539567604	0.9492012012012012	458	2
dataset_name-Levine_seed-42	dgcytof	7	CD4_T_cells	CD4_T_cells	0.9963465792500205	0.9963465792500205	0.9992681690235905	0.9934642325299211	13183	2
dataset_name-Levine_seed-42	dgcytof	8	CD8_T_cells	CD8_T_cells	0.9949831531227717	0.9949831531227717	0.9907796752401552	0.9992657873975299	10054	2
dataset_name-Levine_seed-42	dgcytof	9	Mature_B_cells	Mature_B_cells	0.9979537563776582	0.9979537563776582	0.9996735493348567	0.9962418831168831	8260	2
dataset_name-Levine_seed-42	gatemeclass[E]	1	Basophils	Basophils	0.9550970898610489	0.9550970898610489	0.9609548643446948	0.9507808639725239	603.5	2
dataset_name-Levine_seed-42	gatemeclass[E]	10	Monocytes	Monocytes	0.9678371914961704	0.9678371914961704	0.9994514201277493	0.9399270184386914	10549.5	2
dataset_name-Levine_seed-42	gatemeclass[E]	11	Plasma_B_cells	Plasma_B_cells	0.4118842659014826	0.4118842659014826	0.26973492202469324	0.8944231587909748	165	2
dataset_name-Levine_seed-42	gatemeclass[E]	12	Pre_B_cells	Pre_B_cells	0.8848210920397361	0.8848210920397361	0.9085892209990918	0.8735499992710601	3067.5	2
dataset_name-Levine_seed-42	gatemeclass[E]	13	Pro_B_cells	Pro_B_cells	0.48245214824764493	0.48245214824764493	0.34032680720377884	0.8781344350866042	256.5	2
dataset_name-Levine_seed-42	gatemeclass[E]	14	pDCs	pDCs	0.8792439101550142	0.8792439101550142	0.7975496725496726	0.9798212975579079	619	2
dataset_name-Levine_seed-42	gatemeclass[E]	2	CD16+_NK_cells	CD16+_NK_cells	0.8510064013497204	0.8510064013497204	0.7690538447955011	0.9881518799511764	1124	2
dataset_name-Levine_seed-42	gatemeclass[E]	3	CD16-_NK_cells	CD16-_NK_cells	0.9047272546992697	0.9047272546992697	0.9930677872594572	0.8395726057587203	1952.5	2
dataset_name-Levine_seed-42	gatemeclass[E]	4	CD34+CD38+CD123+_HSPCs	CD34+CD38+CD123+_HSPCs	0.7288802978235968	0.7288802978235968	0.8106508875739644	0.7215366600612503	152	2
dataset_name-Levine_seed-42	gatemeclass[E]	5	CD34+CD38+CD123-_HSPCs	CD34+CD38+CD123-_HSPCs	0.6350450986569585	0.6350450986569585	0.9785222566483253	0.4734714550035958	1647.5	2
dataset_name-Levine_seed-42	gatemeclass[E]	6	CD34+CD38lo_HSCs	CD34+CD38lo_HSCs	0.703593153738618	0.703593153738618	0.5471408291777382	0.9904984984984985	458	2
dataset_name-Levine_seed-42	gatemeclass[E]	7	CD4_T_cells	CD4_T_cells	0.9897295838853282	0.9897295838853282	0.9802729465590134	0.9994646765091552	13183	2
dataset_name-Levine_seed-42	gatemeclass[E]	8	CD8_T_cells	CD8_T_cells	0.9851299113996117	0.9851299113996117	0.9973962686914922	0.9733666933193307	10054	2
dataset_name-Levine_seed-42	gatemeclass[E]	9	Mature_B_cells	Mature_B_cells	0.9916616316228446	0.9916616316228446	0.9967520542422563	0.9866287878787878	8260	2
dataset_name-Levine_seed-42	gatemeclass[V]	1	Basophils	Basophils	0.9232825997531879	0.9232825997531879	0.9854743649924373	0.8710399909277216	603.5	2
dataset_name-Levine_seed-42	gatemeclass[V]	10	Monocytes	Monocytes	0.9903373185598964	0.9903373185598964	0.9910158402528619	0.9897567208286417	10549.5	2
dataset_name-Levine_seed-42	gatemeclass[V]	11	Plasma_B_cells	Plasma_B_cells	0.579436013087602	0.579436013087602	0.4825315130632006	0.872215127004399	165	2
dataset_name-Levine_seed-42	gatemeclass[V]	12	Pre_B_cells	Pre_B_cells	0.9307728461953662	0.9307728461953662	0.8970269953960197	0.967638500716505	3067.5	2
dataset_name-Levine_seed-42	gatemeclass[V]	13	Pro_B_cells	Pro_B_cells	0.6916820191599116	0.6916820191599116	0.5689303781344397	0.89596376926744	256.5	2
dataset_name-Levine_seed-42	gatemeclass[V]	14	pDCs	pDCs	0.8670825575484495	0.8670825575484495	0.8527436376196045	0.9082695734199769	619	2
dataset_name-Levine_seed-42	gatemeclass[V]	2	CD16+_NK_cells	CD16+_NK_cells	0.8032433894119089	0.8032433894119089	0.7131373018042646	0.9860852499820502	1124	2
dataset_name-Levine_seed-42	gatemeclass[V]	3	CD16-_NK_cells	CD16-_NK_cells	0.8297558069991546	0.8297558069991546	0.9641397250092902	0.7586032469267693	1952.5	2
dataset_name-Levine_seed-42	gatemeclass[V]	4	CD34+CD38+CD123+_HSPCs	CD34+CD38+CD123+_HSPCs	0.40218216602397394	0.40218216602397394	0.27600381270106045	0.8930372905782742	152	2
dataset_name-Levine_seed-42	gatemeclass[V]	5	CD34+CD38+CD123-_HSPCs	CD34+CD38+CD123-_HSPCs	0.736071299322737	0.736071299322737	0.9369039378557145	0.6255016513634284	1647.5	2
dataset_name-Levine_seed-42	gatemeclass[V]	6	CD34+CD38lo_HSCs	CD34+CD38lo_HSCs	0.8472130695885596	0.8472130695885596	0.9567847593582888	0.7649309309309309	458	2
dataset_name-Levine_seed-42	gatemeclass[V]	7	CD4_T_cells	CD4_T_cells	0.9930875345299839	0.9930875345299839	0.9936474942871198	0.9925295956296208	13183	2
dataset_name-Levine_seed-42	gatemeclass[V]	8	CD8_T_cells	CD8_T_cells	0.9902017002177952	0.9902017002177952	0.9876551837209782	0.9927679841990678	10054	2
dataset_name-Levine_seed-42	gatemeclass[V]	9	Mature_B_cells	Mature_B_cells	0.9610304184852649	0.9610304184852649	0.9976326643127978	0.9270292207792208	8260	2
dataset_name-Levine_seed-42	knn	1	Basophils	Basophils	0.9474717887660812	0.9474717887660812	0.9690045488204803	0.930629470324739	603.5	2
dataset_name-Levine_seed-42	knn	10	Monocytes	Monocytes	0.9988520490555357	0.9988520490555357	0.9993331009347808	0.998371922792842	10549.5	2
dataset_name-Levine_seed-42	knn	11	Plasma_B_cells	Plasma_B_cells	0.7469751728472659	0.7469751728472659	0.6466980050447144	0.9145735774088264	165	2
dataset_name-Levine_seed-42	knn	12	Pre_B_cells	Pre_B_cells	0.9596657352477919	0.9596657352477919	0.9692112908291457	0.9507762459082891	3067.5	2
dataset_name-Levine_seed-42	knn	13	Pro_B_cells	Pro_B_cells	0.773125884016973	0.773125884016973	0.6667923414858041	0.9221198156682027	256.5	2
dataset_name-Levine_seed-42	knn	14	pDCs	pDCs	0.9239433684087921	0.9239433684087921	0.9030939803796366	0.9554789854312965	619	2
dataset_name-Levine_seed-42	knn	2	CD16+_NK_cells	CD16+_NK_cells	0.9367661845850613	0.9367661845850613	0.9582085253456221	0.9168034846707991	1124	2
dataset_name-Levine_seed-42	knn	3	CD16-_NK_cells	CD16-_NK_cells	0.9660380364438739	0.9660380364438739	0.9600215896618137	0.972155694627723	1952.5	2
dataset_name-Levine_seed-42	knn	4	CD34+CD38+CD123+_HSPCs	CD34+CD38+CD123+_HSPCs	0.7209928915386379	0.7209928915386379	0.6171550671550672	0.8998829039812646	152	2
dataset_name-Levine_seed-42	knn	5	CD34+CD38+CD123-_HSPCs	CD34+CD38+CD123-_HSPCs	0.8853458467750068	0.8853458467750068	0.9884113873632132	0.802312145102583	1647.5	2
dataset_name-Levine_seed-42	knn	6	CD34+CD38lo_HSCs	CD34+CD38lo_HSCs	0.8524522157346441	0.8524522157346441	0.7555854578492374	0.9892492492492493	458	2
dataset_name-Levine_seed-42	knn	7	CD4_T_cells	CD4_T_cells	0.9946448043731106	0.9946448043731106	0.9912598899878338	0.9980529176498221	13183	2
dataset_name-Levine_seed-42	knn	8	CD8_T_cells	CD8_T_cells	0.9924614591414025	0.9924614591414025	0.9961917579787278	0.9887594377938944	10054	2
dataset_name-Levine_seed-42	knn	9	Mature_B_cells	Mature_B_cells	0.9920807472696251	0.9920807472696251	0.9971508320654323	0.9870752164502165	8260	2
dataset_name-Levine_seed-42	lda	1	Basophils	Basophils	0.9234599706687634	0.9234599706687634	0.9749417133292151	0.8841846694693527	603.5	2
dataset_name-Levine_seed-42	lda	10	Monocytes	Monocytes	0.9995500387897596	0.9995500387897596	0.9995035372967606	0.9995965489417169	10549.5	2
dataset_name-Levine_seed-42	lda	11	Plasma_B_cells	Plasma_B_cells	0.7541454081632653	0.7541454081632653	0.665631469979296	0.8730665531431815	165	2
dataset_name-Levine_seed-42	lda	12	Pre_B_cells	Pre_B_cells	0.9386919318659592	0.9386919318659592	0.9690774731881564	0.9117261874644642	3067.5	2
dataset_name-Levine_seed-42	lda	13	Pro_B_cells	Pro_B_cells	0.7889235401656092	0.7889235401656092	0.6826131363922061	0.9509137136500874	256.5	2
dataset_name-Levine_seed-42	lda	14	pDCs	pDCs	0.9248779947084853	0.9248779947084853	0.88415095931735	0.9787548475002621	619	2
dataset_name-Levine_seed-42	lda	2	CD16+_NK_cells	CD16+_NK_cells	0.9144219977553312	0.9144219977553312	0.9935610302351624	0.8574839049374148	1124	2
dataset_name-Levine_seed-42	lda	3	CD16-_NK_cells	CD16-_NK_cells	0.9703764625288669	0.9703764625288669	0.9564052795031055	0.9855986274210227	1952.5	2
dataset_name-Levine_seed-42	lda	4	CD34+CD38+CD123+_HSPCs	CD34+CD38+CD123+_HSPCs	0.9105008537279453	0.9105008537279453	0.8983942414174972	0.9233021077283372	152	2
dataset_name-Levine_seed-42	lda	5	CD34+CD38+CD123-_HSPCs	CD34+CD38+CD123-_HSPCs	0.8394831621719372	0.8394831621719372	0.9568979582323327	0.749809776166017	1647.5	2
dataset_name-Levine_seed-42	lda	6	CD34+CD38lo_HSCs	CD34+CD38lo_HSCs	0.7505144082848851	0.7505144082848851	0.6868131868131868	0.8329129129129129	458	2
dataset_name-Levine_seed-42	lda	7	CD4_T_cells	CD4_T_cells	0.9969214673516723	0.9969214673516723	0.9941376674914301	0.9997242292206718	13183	2
dataset_name-Levine_seed-42	lda	8	CD8_T_cells	CD8_T_cells	0.9938320166676967	0.9938320166676967	0.99807368249001	0.9896401166310484	10054	2
dataset_name-Levine_seed-42	lda	9	Mature_B_cells	Mature_B_cells	0.9849414638663578	0.9849414638663578	0.983461929440157	0.9865178571428572	8260	2
dataset_name-Levine_seed-42	random	1	Basophils	Basophils	0.01606248887616106	0.01606248887616106	0.009397093286249726	0.057475314492154914	603.5	2
dataset_name-Levine_seed-42	random	10	Monocytes	Monocytes	0.10162872018005034	0.10162872018005034	0.19398889146382697	0.06946566863196518	10549.5	2
dataset_name-Levine_seed-42	random	11	Plasma_B_cells	Plasma_B_cells	0.003569359157368381	0.003569359157368381	0.001868044236820509	0.04030083723570314	165	2
dataset_name-Levine_seed-42	random	12	Pre_B_cells	Pre_B_cells	0.06584803214161071	0.06584803214161071	0.06693455710375182	0.06811155052367897	3067.5	2
dataset_name-Levine_seed-42	random	13	Pro_B_cells	Pro_B_cells	0.008801766883300591	0.008801766883300591	0.004908930150309461	0.05536310185920865	256.5	2
dataset_name-Levine_seed-42	random	14	pDCs	pDCs	0.023946717829214235	0.023946717829214235	0.01473251212350142	0.06964154700765118	619	2
dataset_name-Levine_seed-42	random	2	CD16+_NK_cells	CD16+_NK_cells	0.028683156404643514	0.028683156404643514	0.018886381982361405	0.06218797118445301	1124	2
dataset_name-Levine_seed-42	random	3	CD16-_NK_cells	CD16-_NK_cells	0.04919508406610904	0.04919508406610904	0.03912833452940405	0.06644012545990068	1952.5	2
dataset_name-Levine_seed-42	random	4	CD34+CD38+CD123+_HSPCs	CD34+CD38+CD123+_HSPCs	0.0044233098294847	0.0044233098294847	0.002320245297773388	0.04931543865970095	152	2
dataset_name-Levine_seed-42	random	5	CD34+CD38+CD123-_HSPCs	CD34+CD38+CD123-_HSPCs	0.04811690071358026	0.04811690071358026	0.037280670862760414	0.06898863146751189	1647.5	2
dataset_name-Levine_seed-42	random	6	CD34+CD38lo_HSCs	CD34+CD38lo_HSCs	0.018217295214646247	0.018217295214646247	0.010283465474250925	0.08003603603603604	458	2
dataset_name-Levine_seed-42	random	7	CD4_T_cells	CD4_T_cells	0.10614749300711385	0.10614749300711385	0.2558032683318052	0.06697204052661737	13183	2
dataset_name-Levine_seed-42	random	8	CD8_T_cells	CD8_T_cells	0.10064851361909409	0.10064851361909409	0.20092130634156818	0.06725358476685336	10054	2
dataset_name-Levine_seed-42	random	9	Mature_B_cells	Mature_B_cells	0.09061718926370303	0.09061718926370303	0.1485486326816493	0.06547077922077922	8260	2
dataset_name-Samusik_seed-42	cyanno	1	B-cell Frac A-C (pro-B cells)	B-cell Frac A-C (pro-B cells)	0.898829431438127	0.9020688352503263	0.9697514225816113	0.849802371541502	3795	5
dataset_name-Samusik_seed-42	cyanno	10	HSC	HSC	NA	NA	NA	0	26	5
dataset_name-Samusik_seed-42	cyanno	11	IgD- IgMpos B cells	IgD- IgMpos B cells	0.9961061709937632	0.9957780135230393	0.9923969587835134	0.9996037075361617	44647	5
dataset_name-Samusik_seed-42	cyanno	12	IgDpos IgMpos B cells	IgDpos IgMpos B cells	0.9992403722176133	0.9991624997568088	0.998481897627965	1	102735	5
dataset_name-Samusik_seed-42	cyanno	13	IgM- IgD- B-cells	IgM- IgD- B-cells	0.9958469374428628	0.9960381633242663	0.9965497412305923	0.9953405017921146	18870	5
dataset_name-Samusik_seed-42	cyanno	14	Intermediate Monocytes	Intermediate Monocytes	0.9972725488470935	0.9971265177622396	0.995608226804681	0.9981159862546602	75371	5
dataset_name-Samusik_seed-42	cyanno	15	MEP	MEP	0.9947058235940466	0.9948213855867992	0.9894674085850557	0.9995905834186285	4885	5
dataset_name-Samusik_seed-42	cyanno	16	MPP	MPP	0.9549783549783549	0.9530147378787508	0.9308016877637131	0.9803746654772525	1121	5
dataset_name-Samusik_seed-42	cyanno	17	Macrophages	Macrophages	0.9462406734264396	0.9436602364304935	0.9396355353075171	0.9533538936006168	2637	5
dataset_name-Samusik_seed-42	cyanno	18	NK cells	NK cells	0.9841555635577962	0.9809266346558274	0.9892797319932999	0.9783653846153846	2916	5
dataset_name-Samusik_seed-42	cyanno	19	NKT cells	NKT cells	0.9885147995012141	0.9896284138073449	0.9823897730237412	0.9946335078534031	7640	5
dataset_name-Samusik_seed-42	cyanno	2	Basophils	Basophils	0.9861408772681811	0.9868184976109693	0.9890049477735019	0.9857183661810911	3635	5
dataset_name-Samusik_seed-42	cyanno	20	Non-Classical Monocytes	Non-Classical Monocytes	0.9948539731337298	0.9946911598237107	0.9910888331940964	0.9980251093243052	7089	5
dataset_name-Samusik_seed-42	cyanno	21	Plasma Cells	Plasma Cells	0.8934953538241601	0.8912618175767006	0.9976057462090981	0.8090614886731392	1545	5
dataset_name-Samusik_seed-42	cyanno	22	gd T cells	gd T cells	0.9404580152671755	0.9272477249465558	1	0.8876080691642652	349	5
dataset_name-Samusik_seed-42	cyanno	23	mDCs	mDCs	0.9615384615384615	0.9610283576623111	0.975583864118896	0.9479591836734694	980	5
dataset_name-Samusik_seed-42	cyanno	24	pDCs	pDCs	0.9992007067435111	0.9992018026721846	0.9994917623141756	0.9987385417542679	23782	5
dataset_name-Samusik_seed-42	cyanno	3	CD4 T cells	CD4 T cells	0.9887016848364717	0.988948649708919	0.9955486742790788	0.982981220657277	5073	5
dataset_name-Samusik_seed-42	cyanno	4	CD8 T cells	CD8 T cells	0.9976008530300339	0.9973598802948543	0.9959064859456017	0.9992828970957333	11156	5
dataset_name-Samusik_seed-42	cyanno	5	CLP	CLP	0.8516624040920717	0.8512064864203756	0.9848942598187311	0.7466367713004485	434	5
dataset_name-Samusik_seed-42	cyanno	6	CMP	CMP	0.9859002169197397	0.985555733908931	0.985854189336235	0.9853658536585366	1842	5
dataset_name-Samusik_seed-42	cyanno	7	Classical Monocytes	Classical Monocytes	0.9982190957458649	0.9980499226207985	0.9976287378729323	0.9990296139004955	89264	5
dataset_name-Samusik_seed-42	cyanno	8	Eosinophils	Eosinophils	0.9987309089317753	0.9986068401922233	0.9993010012129685	0.998250452823975	48584	5
dataset_name-Samusik_seed-42	cyanno	9	GMP	GMP	0.9928825622775801	0.9931548422336698	0.986783320923306	0.9998226321390564	5418	5
dataset_name-Samusik_seed-42	cygate	1	B-cell Frac A-C (pro-B cells)	B-cell Frac A-C (pro-B cells)	0.8974102160537989	0.8951770231151518	0.9898710865561694	0.8211573710395391	3795	5
dataset_name-Samusik_seed-42	cygate	10	HSC	HSC	0.33333333333333337	0.3449275362318841	0.2857142857142857	0.25	26	5
dataset_name-Samusik_seed-42	cygate	11	IgD- IgMpos B cells	IgD- IgMpos B cells	0.9885269296895193	0.9886304633367323	0.9920916093346438	0.985153371558133	44647	5
dataset_name-Samusik_seed-42	cygate	12	IgDpos IgMpos B cells	IgDpos IgMpos B cells	0.998048054794247	0.9978098512968927	0.9963328071982837	0.9997913445944023	102735	5
dataset_name-Samusik_seed-42	cygate	13	IgM- IgD- B-cells	IgM- IgD- B-cells	0.9864630336688649	0.9857628391434364	0.988731520727799	0.9821409644939056	18870	5
dataset_name-Samusik_seed-42	cygate	14	Intermediate Monocytes	Intermediate Monocytes	0.9741272820337827	0.9666317889921173	0.9799722498633516	0.9607619822384923	75371	5
dataset_name-Samusik_seed-42	cygate	15	MEP	MEP	0.981912661137204	0.9845512682901255	0.9776974080771549	0.9877362283876157	4885	5
dataset_name-Samusik_seed-42	cygate	16	MPP	MPP	0.9255461435577351	0.9267861641618166	0.9221556886227545	0.9309090909090909	1121	5
dataset_name-Samusik_seed-42	cygate	17	Macrophages	Macrophages	0.857975843398584	0.8672412798179157	0.9102960671674768	0.8113430484442694	2637	5
dataset_name-Samusik_seed-42	cygate	18	NK cells	NK cells	0.944019471488178	0.944345152022011	0.9636552440290758	0.9324236517218973	2916	5
dataset_name-Samusik_seed-42	cygate	19	NKT cells	NKT cells	0.9721169463995668	0.9753728573202654	0.9944613680420936	0.9507545671167593	7640	5
dataset_name-Samusik_seed-42	cygate	2	Basophils	Basophils	0.9609148812970469	0.9603360809410415	0.9755411863930278	0.9480148528991716	3635	5
dataset_name-Samusik_seed-42	cygate	20	Non-Classical Monocytes	Non-Classical Monocytes	0.9872272485364555	0.9746318402972016	0.9841153110751582	0.9953370072064434	7089	5
dataset_name-Samusik_seed-42	cygate	21	Plasma Cells	Plasma Cells	0.9853333333333333	0.9847156064051785	0.9919224555735057	0.9800478850758181	1545	5
dataset_name-Samusik_seed-42	cygate	22	gd T cells	gd T cells	0.9216589861751152	0.9127536159144461	0.9937106918238994	0.8670520231213873	349	5
dataset_name-Samusik_seed-42	cygate	23	mDCs	mDCs	0.9434156378600823	0.948107972689527	0.957688338493292	0.9336734693877551	980	5
dataset_name-Samusik_seed-42	cygate	24	pDCs	pDCs	0.9877617506483487	0.9871196406072978	0.9998291547430914	0.9759434162043116	23782	5
dataset_name-Samusik_seed-42	cygate	3	CD4 T cells	CD4 T cells	0.9469418527942701	0.957164892966302	0.9226874391431353	0.9763173475429248	5073	5
dataset_name-Samusik_seed-42	cygate	4	CD8 T cells	CD8 T cells	0.9871442103838693	0.9860884216303093	0.9943875278396437	0.9808174973108641	11156	5
dataset_name-Samusik_seed-42	cygate	5	CLP	CLP	0.8040770101925255	0.7719619185753427	0.7960954446854663	0.820627802690583	434	5
dataset_name-Samusik_seed-42	cygate	6	CMP	CMP	0.9879259458009123	0.9761673131084647	0.9776833156216791	0.997289972899729	1842	5
dataset_name-Samusik_seed-42	cygate	7	Classical Monocytes	Classical Monocytes	0.9810471916852196	0.9789713390837385	0.9915447044042243	0.97091124962897	89264	5
dataset_name-Samusik_seed-42	cygate	8	Eosinophils	Eosinophils	0.9850518674427095	0.9871758539752805	0.9998256054759881	0.9707083747804186	48584	5
dataset_name-Samusik_seed-42	cygate	9	GMP	GMP	0.9831600257660807	0.9795731114015837	0.9803633694255827	0.9859726836471022	5418	5
dataset_name-Samusik_seed-42	dgcytof	1	B-cell Frac A-C (pro-B cells)	B-cell Frac A-C (pro-B cells)	0.9329375253002294	0.9264847103675767	0.9422222222222222	0.9454932198883276	3795	5
dataset_name-Samusik_seed-42	dgcytof	10	HSC	HSC	0.06904761904761905	0.1636904761904762	0.3333333333333333	0.038461538461538464	26	5
dataset_name-Samusik_seed-42	dgcytof	11	IgD- IgMpos B cells	IgD- IgMpos B cells	0.9965378883411671	0.9963831327918116	0.9956232035536974	0.9968170223898494	44647	5
dataset_name-Samusik_seed-42	dgcytof	12	IgDpos IgMpos B cells	IgDpos IgMpos B cells	0.9996088835273993	0.9995495764406055	0.9995570717732207	0.9996607006531513	102735	5
dataset_name-Samusik_seed-42	dgcytof	13	IgM- IgD- B-cells	IgM- IgD- B-cells	0.9932821497120922	0.9933648964923792	0.9943015555213307	0.9917050691244239	18870	5
dataset_name-Samusik_seed-42	dgcytof	14	Intermediate Monocytes	Intermediate Monocytes	0.9981663036786463	0.9983553189354026	0.9974949899799599	0.9991148688816963	75371	5
dataset_name-Samusik_seed-42	dgcytof	15	MEP	MEP	0.9921259842519685	0.9918640371017338	0.993661827847066	0.9930399181166837	4885	5
dataset_name-Samusik_seed-42	dgcytof	16	MPP	MPP	0.9164825452938576	0.9153911173399945	0.9209591474245116	0.9288888888888889	1121	5
dataset_name-Samusik_seed-42	dgcytof	17	Macrophages	Macrophages	0.9412861136999068	0.934799349091406	0.9386548410938654	0.9584905660377359	2637	5
dataset_name-Samusik_seed-42	dgcytof	18	NK cells	NK cells	0.9800960878517502	0.979174985307049	0.9874088800530152	0.9787379972565158	2916	5
dataset_name-Samusik_seed-42	dgcytof	19	NKT cells	NKT cells	0.992640833604689	0.9911032681167338	0.9919852844567074	0.9917924278527932	7640	5
dataset_name-Samusik_seed-42	dgcytof	2	Basophils	Basophils	0.9816197587593337	0.9807002901501821	0.9800273597811218	0.9854195323246218	3635	5
dataset_name-Samusik_seed-42	dgcytof	20	Non-Classical Monocytes	Non-Classical Monocytes	0.9957495041088127	0.9952174391872278	0.9954948613262002	0.9974608548455354	7089	5
dataset_name-Samusik_seed-42	dgcytof	21	Plasma Cells	Plasma Cells	0.9277436946148602	0.9335462652461157	0.9798416126709864	0.9172229639519359	1545	5
dataset_name-Samusik_seed-42	dgcytof	22	gd T cells	gd T cells	0.9282442748091603	0.9324837773790966	0.987012987012987	0.9017341040462428	349	5
dataset_name-Samusik_seed-42	dgcytof	23	mDCs	mDCs	0.9709543568464729	0.9695493418157635	0.9616895874263262	0.9757330637007078	980	5
dataset_name-Samusik_seed-42	dgcytof	24	pDCs	pDCs	0.9977333869976911	0.997561053215647	0.997384481255449	0.9981498612395929	23782	5
dataset_name-Samusik_seed-42	dgcytof	3	CD4 T cells	CD4 T cells	0.9855443013078965	0.9819504190772197	0.9821638573108585	0.9900234741784038	5073	5
dataset_name-Samusik_seed-42	dgcytof	4	CD8 T cells	CD8 T cells	0.997250229147571	0.9968622182306166	0.9948792977322605	0.9996324880558618	11156	5
dataset_name-Samusik_seed-42	dgcytof	5	CLP	CLP	0.8352201257861636	0.8082960452459653	0.9196675900277008	0.7649769585253456	434	5
dataset_name-Samusik_seed-42	dgcytof	6	CMP	CMP	0.91990607878946	0.9058587397419499	0.9296155928532756	0.9306233062330623	1842	5
dataset_name-Samusik_seed-42	dgcytof	7	Classical Monocytes	Classical Monocytes	0.9990014664178892	0.9988886376477834	0.9992928489348537	0.9990080913001805	89264	5
dataset_name-Samusik_seed-42	dgcytof	8	Eosinophils	Eosinophils	0.9972800491072846	0.997386409808636	0.9986008230452675	0.9971639611420348	48584	5
dataset_name-Samusik_seed-42	dgcytof	9	GMP	GMP	0.9751599548362815	0.9688725148731506	0.9594499294781382	0.9927279177013125	5418	5
dataset_name-Samusik_seed-42	gatemeclass[E]	1	B-cell Frac A-C (pro-B cells)	B-cell Frac A-C (pro-B cells)	0.1747203742963667	0.14484401172623523	0.13195761293920802	0.3028449880350971	3795	5
dataset_name-Samusik_seed-42	gatemeclass[E]	10	HSC	HSC	0.027777777777777776	0.027777777777777776	0	0	26	5
dataset_name-Samusik_seed-42	gatemeclass[E]	11	IgD- IgMpos B cells	IgD- IgMpos B cells	0.7820536687854046	0.7908108918401981	0.9591277137972193	0.6586332788317244	44647	5
dataset_name-Samusik_seed-42	gatemeclass[E]	12	IgDpos IgMpos B cells	IgDpos IgMpos B cells	0.9864630905820341	0.9863381578714903	0.9778555001916444	0.9954948586723971	102735	5
dataset_name-Samusik_seed-42	gatemeclass[E]	13	IgM- IgD- B-cells	IgM- IgD- B-cells	0.5871183076992468	0.5421622570149052	0.5168347494639879	0.6881267335182419	18870	5
dataset_name-Samusik_seed-42	gatemeclass[E]	14	Intermediate Monocytes	Intermediate Monocytes	0.9450347521759562	0.9460415784388191	0.980007602742619	0.9134567147989967	75371	5
dataset_name-Samusik_seed-42	gatemeclass[E]	15	MEP	MEP	0.9454933333333334	0.9502754551324685	0.9870824053452116	0.907267144319345	4885	5
dataset_name-Samusik_seed-42	gatemeclass[E]	16	MPP	MPP	0.8172323759791122	0.8200371007096059	0.7933006535947712	0.8390501319261213	1121	5
dataset_name-Samusik_seed-42	gatemeclass[E]	17	Macrophages	Macrophages	0.8772392985102773	0.8759636497280537	0.8563279857397504	0.9061691909863318	2637	5
dataset_name-Samusik_seed-42	gatemeclass[E]	18	NK cells	NK cells	0.7937671860678277	0.7805153883865474	0.7376486129458388	0.8909465020576132	2916	5
dataset_name-Samusik_seed-42	gatemeclass[E]	19	NKT cells	NKT cells	0.9328363089398992	0.9331399809157968	0.9435451505016722	0.9232194863648399	7640	5
dataset_name-Samusik_seed-42	gatemeclass[E]	2	Basophils	Basophils	0.8938156359393232	0.8967073387973248	0.8511111111111112	0.9389270976616231	3635	5
dataset_name-Samusik_seed-42	gatemeclass[E]	20	Non-Classical Monocytes	Non-Classical Monocytes	0.7233394591756368	0.7303730301860203	0.5691150954308849	0.9923696481559983	7089	5
dataset_name-Samusik_seed-42	gatemeclass[E]	21	Plasma Cells	Plasma Cells	0.8937329700272479	0.8898762326232426	0.9606824925816023	0.8383386581469648	1545	5
dataset_name-Samusik_seed-42	gatemeclass[E]	22	gd T cells	gd T cells	0.375	0.3593318928707899	0.9885057471264368	0.23209169054441262	349	5
dataset_name-Samusik_seed-42	gatemeclass[E]	23	mDCs	mDCs	0.9129129129129129	0.9137561491586373	0.8744007670182167	0.9549738219895288	980	5
dataset_name-Samusik_seed-42	gatemeclass[E]	24	pDCs	pDCs	0.9896842105263158	0.9856781311952715	0.9839256561597388	0.9954629474037977	23782	5
dataset_name-Samusik_seed-42	gatemeclass[E]	3	CD4 T cells	CD4 T cells	0.9418659608658664	0.9421878936006624	0.9144504370466803	0.971089412215202	5073	5
dataset_name-Samusik_seed-42	gatemeclass[E]	4	CD8 T cells	CD8 T cells	0.9873591882363058	0.9874246087975027	0.9796928327645051	0.9956200383246646	11156	5
dataset_name-Samusik_seed-42	gatemeclass[E]	5	CLP	CLP	0.3446761800219539	0.35823855212462946	0.643979057591623	0.2757847533632287	434	5
dataset_name-Samusik_seed-42	gatemeclass[E]	6	CMP	CMP	0.644481054365733	0.6351807439825	0.818733738074588	0.5329700272479564	1842	5
dataset_name-Samusik_seed-42	gatemeclass[E]	7	Classical Monocytes	Classical Monocytes	0.9812974500683681	0.9818166001796057	0.982569581107675	0.9790624928648081	89264	5
dataset_name-Samusik_seed-42	gatemeclass[E]	8	Eosinophils	Eosinophils	0.9711962652311336	0.9700936589863155	0.9750918321020265	0.9635547842282376	48584	5
dataset_name-Samusik_seed-42	gatemeclass[E]	9	GMP	GMP	0.858928292454304	0.8589002145076728	0.7592905405405406	0.9955703211517165	5418	5
dataset_name-Samusik_seed-42	gatemeclass[V]	1	B-cell Frac A-C (pro-B cells)	B-cell Frac A-C (pro-B cells)	0.07450891849175886	0.0714921770591374	0.366120218579235	0.042340261739799843	3795	5
dataset_name-Samusik_seed-42	gatemeclass[V]	10	HSC	HSC	0.03389830508474576	0.03389830508474576	0	0	26	5
dataset_name-Samusik_seed-42	gatemeclass[V]	11	IgD- IgMpos B cells	IgD- IgMpos B cells	0.9082580510489265	0.9085279119048376	0.9226531709064851	0.8975475590190236	44647	5
dataset_name-Samusik_seed-42	gatemeclass[V]	12	IgDpos IgMpos B cells	IgDpos IgMpos B cells	0.9729624340145936	0.9726423282708546	0.9488525088890156	0.9983063220908162	102735	5
dataset_name-Samusik_seed-42	gatemeclass[V]	13	IgM- IgD- B-cells	IgM- IgD- B-cells	0.8921767666935507	0.8912981134371148	0.9327260382482743	0.8568868407578085	18870	5
dataset_name-Samusik_seed-42	gatemeclass[V]	14	Intermediate Monocytes	Intermediate Monocytes	0.9396197904968043	0.9380604763750126	0.9636068351927694	0.91484313907407655	75371	5
dataset_name-Samusik_seed-42	gatemeclass[V]	15	MEP	MEP	0.9557747375119313	0.9580251280769998	0.99212775528565	0.9224155578300921	4885	5
dataset_name-Samusik_seed-42	gatemeclass[V]	16	MPP	MPP	0.767180925666199	0.7162217396525258	0.6907216494845361	0.9250669045495094	1121	5
dataset_name-Samusik_seed-42	gatemeclass[V]	17	Macrophages	Macrophages	0.8731596828992072	0.8515202654920524	0.8492592592592593	0.8916730917501927	2637	5
dataset_name-Samusik_seed-42	gatemeclass[V]	18	NK cells	NK cells	0.8008752735229759	0.8011830105881482	0.7217985800683671	0.8994102228047182	2916	5
dataset_name-Samusik_seed-42	gatemeclass[V]	19	NKT cells	NKT cells	0.9031874876262127	0.9032528165082635	0.90253231337378	0.9038436137894598	7640	5
dataset_name-Samusik_seed-42	gatemeclass[V]	2	Basophils	Basophils	0.7865932642487047	0.784728887219276	0.955443463640185	0.6682255845942229	3635	5
dataset_name-Samusik_seed-42	gatemeclass[V]	20	Non-Classical Monocytes	Non-Classical Monocytes	0.9790980672870437	0.9794177578217022	0.9918899348298335	0.9674445404782483	7089	5
dataset_name-Samusik_seed-42	gatemeclass[V]	21	Plasma Cells	Plasma Cells	0.6649214659685864	0.56797638033987	0.9665144596651446	0.5067837190742218	1545	5
dataset_name-Samusik_seed-42	gatemeclass[V]	22	gd T cells	gd T cells	0.1613316261203585	0.19961840352074675	0.596	0.12716763005780346	349	5
dataset_name-Samusik_seed-42	gatemeclass[V]	23	mDCs	mDCs	0.7101827676240209	0.6934527191446318	0.7001533742331288	0.8734567901234568	980	5
dataset_name-Samusik_seed-42	gatemeclass[V]	24	pDCs	pDCs	0.9904661240883628	0.9902906978464732	0.9874483897605285	0.9936506601631486	23782	5
dataset_name-Samusik_seed-42	gatemeclass[V]	3	CD4 T cells	CD4 T cells	0.9257797820368282	0.9268018009280761	0.8864312267657992	0.9712201852946974	5073	5
dataset_name-Samusik_seed-42	gatemeclass[V]	4	CD8 T cells	CD8 T cells	0.9758320673940063	0.9758432651432325	0.9846711259754738	0.967150287434985	11156	5
dataset_name-Samusik_seed-42	gatemeclass[V]	5	CLP	CLP	0.3255109765329296	0.2720089780477706	0.30392156862745096	0.41705069124423966	434	5
dataset_name-Samusik_seed-42	gatemeclass[V]	6	CMP	CMP	0.6202180742931067	0.6162820494122454	0.4670078103959063	0.9094850948509485	1842	5
dataset_name-Samusik_seed-42	gatemeclass[V]	7	Classical Monocytes	Classical Monocytes	0.9710678107154131	0.9696230292310455	0.9957609964039913	0.9477168847463703	89264	5
dataset_name-Samusik_seed-42	gatemeclass[V]	8	Eosinophils	Eosinophils	0.9087522226299004	0.9048250010939691	0.8369058552392175	0.9945746749923227	48584	5
dataset_name-Samusik_seed-42	gatemeclass[V]	9	GMP	GMP	0.7979528734406653	0.7978863454760906	0.9143679539457904	0.7052393516773464	5418	5
dataset_name-Samusik_seed-42	knn	1	B-cell Frac A-C (pro-B cells)	B-cell Frac A-C (pro-B cells)	0.5742331288343557	0.563613070194029	0.5971479500891266	0.5491498405951116	3795	5
dataset_name-Samusik_seed-42	knn	10	HSC	HSC	0.27999999999999997	0.23778547210805276	0.2972972972972973	0.2692307692307692	26	5
dataset_name-Samusik_seed-42	knn	11	IgD- IgMpos B cells	IgD- IgMpos B cells	0.9527796460792726	0.953504895286523	0.9658912943344081	0.9399318181818181	44647	5
dataset_name-Samusik_seed-42	knn	12	IgDpos IgMpos B cells	IgDpos IgMpos B cells	0.9926253195774198	0.9929722995172172	0.9967986588703406	0.9887136394244904	102735	5
dataset_name-Samusik_seed-42	knn	13	IgM- IgD- B-cells	IgM- IgD- B-cells	0.9324398607439206	0.9333179642993782	0.8970400236011408	0.9731171324941327	18870	5
dataset_name-Samusik_seed-42	knn	14	Intermediate Monocytes	Intermediate Monocytes	0.984079764184903	0.9842899206698178	0.9834121026781577	0.983707261413541	75371	5
dataset_name-Samusik_seed-42	knn	15	MEP	MEP	0.9919280678451007	0.9916851226365546	0.98921294446664	0.993654042988741	4885	5
dataset_name-Samusik_seed-42	knn	16	MPP	MPP	0.9099608525445846	0.9081803135720344	0.8890728476821192	0.9455357142857143	1121	5
dataset_name-Samusik_seed-42	knn	17	Macrophages	Macrophages	0.8952627683197631	0.888459898642772	0.8443280977312391	0.9423587409935533	2637	5
dataset_name-Samusik_seed-42	knn	18	NK cells	NK cells	0.9317297488503714	0.9287644967522167	0.9200139713587147	0.9471153846153846	2916	5
dataset_name-Samusik_seed-42	knn	19	NKT cells	NKT cells	0.9465301478953356	0.9478735927703472	0.9619112627986348	0.925637300224541	7640	5
dataset_name-Samusik_seed-42	knn	2	Basophils	Basophils	0.9027546444586804	0.9018546596052801	0.856710393541877	0.9551556698086261	3635	5
dataset_name-Samusik_seed-42	knn	20	Non-Classical Monocytes	Non-Classical Monocytes	0.9910194697894964	0.9911780004578605	0.987624750499002	0.9949558638083228	7089	5
dataset_name-Samusik_seed-42	knn	21	Plasma Cells	Plasma Cells	0.9796238244514106	0.9750824296924747	0.9703095388502843	0.9834920634920635	1545	5
dataset_name-Samusik_seed-42	knn	22	gd T cells	gd T cells	0.7868852459016394	0.7801561429485854	0.6995515695067265	0.899135446685879	349	5
dataset_name-Samusik_seed-42	knn	23	mDCs	mDCs	0.9227099236641222	0.9171275300258221	0.8603202846975089	0.9949443882709808	980	5
dataset_name-Samusik_seed-42	knn	24	pDCs	pDCs	0.9955592970640851	0.9953152081155344	0.9974498469908194	0.9936145185683078	23782	5
dataset_name-Samusik_seed-42	knn	3	CD4 T cells	CD4 T cells	0.9435323147005789	0.9444979663738767	0.9163133640552995	0.9730040206777714	5073	5
dataset_name-Samusik_seed-42	knn	4	CD8 T cells	CD8 T cells	0.9909613072710273	0.9903336112575825	0.9860884499785315	0.9959850351309426	11156	5
dataset_name-Samusik_seed-42	knn	5	CLP	CLP	0.6846846846846847	0.6977070108807889	0.5855263157894737	0.8504672897196262	434	5
dataset_name-Samusik_seed-42	knn	6	CMP	CMP	0.9245678365636459	0.9284946782369745	0.8820895522388059	0.9740618101545254	1842	5
dataset_name-Samusik_seed-42	knn	7	Classical Monocytes	Classical Monocytes	0.9839665850496903	0.9858881126590046	0.9884422858844687	0.9783229785497256	89264	5
dataset_name-Samusik_seed-42	knn	8	Eosinophils	Eosinophils	0.970760114634221	0.9700457749211905	0.9699045805476787	0.9637715388880902	48584	5
dataset_name-Samusik_seed-42	knn	9	GMP	GMP	0.9356169296987087	0.9345995242469304	0.9084956057211787	0.9685500091424392	5418	5
dataset_name-Samusik_seed-42	lda	1	B-cell Frac A-C (pro-B cells)	B-cell Frac A-C (pro-B cells)	0.4593320235756384	0.4586427981519076	0.8796087283671934	0.31460097510905827	3795	5
dataset_name-Samusik_seed-42	lda	10	HSC	HSC	0.15453363665908354	0.14508877469829617	0.09523809523809523	0.34615384615384615	26	5
dataset_name-Samusik_seed-42	lda	11	IgD- IgMpos B cells	IgD- IgMpos B cells	0.9412680523765816	0.9370181146753522	0.9823116064938212	0.9072726051022465	44647	5
dataset_name-Samusik_seed-42	lda	12	IgDpos IgMpos B cells	IgDpos IgMpos B cells	0.9972370440757256	0.9972243842127857	0.9984476559605003	0.9959994159731348	102735	5
dataset_name-Samusik_seed-42	lda	13	IgM- IgD- B-cells	IgM- IgD- B-cells	0.9267002390762501	0.920624190452596	0.903580993949013	0.9510336187095427	18870	5
dataset_name-Samusik_seed-42	lda	14	Intermediate Monocytes	Intermediate Monocytes	0.983679661039114	0.9840036468701423	0.9758883248730964	0.9924154654452377	75371	5
dataset_name-Samusik_seed-42	lda	15	MEP	MEP	0.9735021815473024	0.9757336838539811	0.9873391010761764	0.9717502558853633	4885	5
dataset_name-Samusik_seed-42	lda	16	MPP	MPP	0.867316659601526	0.8726542006137964	0.8409272581934453	0.91	1121	5
dataset_name-Samusik_seed-42	lda	17	Macrophages	Macrophages	0.9068627450980391	0.9053499993601765	0.8860439956725568	0.9291059472233163	2637	5
dataset_name-Samusik_seed-42	lda	18	NK cells	NK cells	0.8287457223627438	0.8292753628643483	0.7311630349173012	0.9563873626373627	2916	5
dataset_name-Samusik_seed-42	lda	19	NKT cells	NKT cells	0.9211234559381685	0.9222980313491218	0.9753284671532847	0.8735602094240837	7640	5
dataset_name-Samusik_seed-42	lda	2	Basophils	Basophils	0.9028763059460855	0.9036728256411506	0.8663466397170289	0.9462016761286834	3635	5
dataset_name-Samusik_seed-42	lda	20	Non-Classical Monocytes	Non-Classical Monocytes	0.9898786781955896	0.9894840947774904	0.9885554780181438	0.9913805284725166	7089	5
dataset_name-Samusik_seed-42	lda	21	Plasma Cells	Plasma Cells	0.9858611825192802	0.9848613230366362	0.9973279893119572	0.9739682539682539	1545	5
dataset_name-Samusik_seed-42	lda	22	gd T cells	gd T cells	0.7665903890160183	0.7629427162850467	0.6530214424951267	0.9279778393351801	349	5
dataset_name-Samusik_seed-42	lda	23	mDCs	mDCs	0.9703476482617587	0.969651150585361	0.948051948051948	0.993933265925177	980	5
dataset_name-Samusik_seed-42	lda	24	pDCs	pDCs	0.9990228487078734	0.9990153610570265	0.9995337402509326	0.9985179539295393	23782	5
dataset_name-Samusik_seed-42	lda	3	CD4 T cells	CD4 T cells	0.9382037901675363	0.9384088743571386	0.8995111352525801	0.9794750345372015	5073	5
dataset_name-Samusik_seed-42	lda	4	CD8 T cells	CD8 T cells	0.9858528871222806	0.98636668597196	0.9725103297073953	0.9995518106848332	11156	5
dataset_name-Samusik_seed-42	lda	5	CLP	CLP	0.6836461126005362	0.6785854691009987	0.8360655737704918	0.5782312925170068	434	5
dataset_name-Samusik_seed-42	lda	6	CMP	CMP	0.7891918208373905	0.7795425986100455	0.7025261324041812	0.8790190735694823	1842	5
dataset_name-Samusik_seed-42	lda	7	Classical Monocytes	Classical Monocytes	0.9901210979993704	0.9902769075471143	0.9904328420866568	0.9906013332728675	89264	5
dataset_name-Samusik_seed-42	lda	8	Eosinophils	Eosinophils	0.9629890278621925	0.963025662506035	0.99899024670109	0.9294417915363082	48584	5
dataset_name-Samusik_seed-42	lda	9	GMP	GMP	0.8587257617728533	0.8526646229529414	0.8383384283402265	0.8548178287405216	5418	5
dataset_name-Samusik_seed-42	random	1	B-cell Frac A-C (pro-B cells)	B-cell Frac A-C (pro-B cells)	0.013281532345500542	0.013236319756492738	0.008	0.03908534964105291	3795	5
dataset_name-Samusik_seed-42	random	10	HSC	HSC	2.1643850440993448e-4	2.1689252493318492e-4	1.0835997182640732e-4	0.07692307692307693	26	5
dataset_name-Samusik_seed-42	random	11	IgD- IgMpos B cells	IgD- IgMpos B cells	0.056862337496202245	0.05630527559919162	0.09655209801582999	0.04040585033708872	44647	5
dataset_name-Samusik_seed-42	random	12	IgDpos IgMpos B cells	IgDpos IgMpos B cells	0.0683671230101791	0.06835132913002367	0.22321865318767325	0.040473061760841	102735	5
dataset_name-Samusik_seed-42	random	13	IgM- IgD- B-cells	IgM- IgD- B-cells	0.04018342301269648	0.04097181832897034	0.04059656490604641	0.039569847567341825	18870	5
dataset_name-Samusik_seed-42	random	14	Intermediate Monocytes	Intermediate Monocytes	0.0643221476510067	0.06429220441181566	0.16036661424155324	0.04034756836858413	75371	5
dataset_name-Samusik_seed-42	random	15	MEP	MEP	0.01656350053361793	0.016684315531442426	0.010481493612839829	0.039806996381182146	4885	5
dataset_name-Samusik_seed-42	random	16	MPP	MPP	0.004791762247030637	0.004561285859966367	0.0025416396279472203	0.041777777777777775	1121	5
dataset_name-Samusik_seed-42	random	17	Macrophages	Macrophages	0.009628217349857006	0.00974710152025329	0.005510092744135297	0.0385978731784167	2637	5
dataset_name-Samusik_seed-42	random	18	NK cells	NK cells	0.010652337858220211	0.010226367823029459	0.006221096674741246	0.03702490170380079	2916	5
dataset_name-Samusik_seed-42	random	19	NKT cells	NKT cells	0.023513192662658444	0.023132817704189578	0.01654183953876825	0.04027632950990615	7640	5
dataset_name-Samusik_seed-42	random	2	Basophils	Basophils	0.01288129528580374	0.012714994458180943	0.007691075148213427	0.03961485557083907	3635	5
dataset_name-Samusik_seed-42	random	20	Non-Classical Monocytes	Non-Classical Monocytes	0.02226054240476564	0.022927412031233788	0.015412166928962934	0.04027130139889784	7089	5
dataset_name-Samusik_seed-42	random	21	Plasma Cells	Plasma Cells	0.006039902965493341	0.006220777556315173	0.0032735859182140173	0.03910614525139665	1545	5
dataset_name-Samusik_seed-42	random	22	gd T cells	gd T cells	0.001809280544912729	0.0016960488640222777	9.216589861751152e-4	0.04899135446685879	349	5
dataset_name-Samusik_seed-42	random	23	mDCs	mDCs	0.003989565751112476	0.003937720985157518	0.0021000484626568306	0.03979591836734694	980	5
dataset_name-Samusik_seed-42	random	24	pDCs	pDCs	0.04493054899366909	0.04478881912517266	0.05079856845253993	0.04027783660158401	23782	5
dataset_name-Samusik_seed-42	random	3	CD4 T cells	CD4 T cells	0.018014955812372536	0.017802918606820182	0.01148242430807561	0.041471048513302036	5073	5
dataset_name-Samusik_seed-42	random	4	CD8 T cells	CD8 T cells	0.030132840087439043	0.02943532178628814	0.024214907302307985	0.03979921118680531	11156	5
dataset_name-Samusik_seed-42	random	5	CLP	CLP	0.0015868817773075905	0.0015397944501396134	8.126117341134406e-4	0.03456221198156682	434	5
dataset_name-Samusik_seed-42	random	6	CMP	CMP	0.0071453041648314	0.0074735180156965874	0.0039321303528144355	0.03907922912205567	1842	5
dataset_name-Samusik_seed-42	random	7	Classical Monocytes	Classical Monocytes	0.06594622990187801	0.065530986393096	0.1910533753668877	0.03985080041721464	89264	5
dataset_name-Samusik_seed-42	random	8	Eosinophils	Eosinophils	0.05809153818137672	0.0580655602637502	0.10426842217031217	0.04033599638536896	48584	5
dataset_name-Samusik_seed-42	random	9	GMP	GMP	0.017922055964155886	0.01803662009998486	0.01162280701754386	0.039128829826504244	5418	5
