dataset	model	crossvalidation	run_id	rare_bucket	n_populations	median_f1	median_precision	median_recall	total_support	n_cells	support_share
dataset_name-FR-FCM-Z238_infection_final_seed-42	cyanno	num-1	run0	1-5%	10	0.7853890638467818	0.8534369893186708	0.8792647893927686	535071	2403957	0.22257927242458997
dataset_name-FR-FCM-Z238_infection_final_seed-42	cyanno	num-1	run0	5-20%	6	0.8435864481951398	0.8880857252589246	0.871667590226475	1142521	2403957	0.47526682049637325
dataset_name-FR-FCM-Z238_infection_final_seed-42	cyanno	num-1	run0	<1%	7	0.6519610601541839	0.5605767369847107	0.540694591728526	44201	2403957	0.0183867681493471
dataset_name-FR-FCM-Z238_infection_final_seed-42	cyanno	num-1	run0	>20%	1	0.9426243695175018	0.9869014820825489	0.9021496297078122	682164	2403957	0.2837671389296897
dataset_name-FR-FCM-Z238_infection_final_seed-42	cyanno	num-2	run0	1-5%	10	0.8254848944257406	0.9237731119409156	0.7977765432629111	527438	2355026	0.22396270784271596
dataset_name-FR-FCM-Z238_infection_final_seed-42	cyanno	num-2	run0	5-20%	6	0.839640662407575	0.9281789504674534	0.9448909368980569	1124483	2355026	0.47748220189501095
dataset_name-FR-FCM-Z238_infection_final_seed-42	cyanno	num-2	run0	<1%	7	0.5703814438194169	0.7496054346879735	0.5119130555942595	42945	2355026	0.018235467464053474
dataset_name-FR-FCM-Z238_infection_final_seed-42	cyanno	num-2	run0	>20%	1	0.9724233537884135	0.9683973488444759	0.9764829738245274	660160	2355026	0.28031962279821965
dataset_name-FR-FCM-Z238_infection_final_seed-42	cyanno	num-3	run0	1-5%	10	0.7412561982517147	0.7640728722785968	0.7927335599875305	536352	2406525	0.2228740611462586
dataset_name-FR-FCM-Z238_infection_final_seed-42	cyanno	num-3	run0	5-20%	6	0.6953545907583589	0.6850054952127291	0.838096664530791	1146477	2406525	0.47640352790849877
dataset_name-FR-FCM-Z238_infection_final_seed-42	cyanno	num-3	run0	<1%	7	0.5076077768385461	0.5317296340023613	0	44212	2406525	0.018371718556840257
dataset_name-FR-FCM-Z238_infection_final_seed-42	cyanno	num-3	run0	>20%	1	0.9698525793268717	0.9724318638119573	0.9672869412671968	679484	2406525	0.2823506923884024
dataset_name-FR-FCM-Z238_infection_final_seed-42	cyanno	num-4	run0	1-5%	10	0.7785029561626402	0.8777777983527744	0.8547859629697324	530195	2394463	0.2214254302530463
dataset_name-FR-FCM-Z238_infection_final_seed-42	cyanno	num-4	run0	5-20%	6	0.7598594573169725	0.679242487558409	0.9015722324693722	1141954	2394463	0.47691444804116834
dataset_name-FR-FCM-Z238_infection_final_seed-42	cyanno	num-4	run0	<1%	7	0.5587399240189121	0.7154991080962516	0.3001644736842105	43608	2394463	0.018212016640056665
dataset_name-FR-FCM-Z238_infection_final_seed-42	cyanno	num-4	run0	>20%	1	0.9733983958391164	0.9652697490995807	0.9816651097824389	678706	2394463	0.2834481050657287
dataset_name-FR-FCM-Z238_infection_final_seed-42	cyanno	num-5	run0	1-5%	10	0.7884074682504607	0.8975944539138553	0.801619566794735	532047	2389253	0.22268340774292217
dataset_name-FR-FCM-Z238_infection_final_seed-42	cyanno	num-5	run0	5-20%	6	0.8338596881938252	0.8993863853078661	0.9092421084907685	1140387	2389253	0.47729855314610886
dataset_name-FR-FCM-Z238_infection_final_seed-42	cyanno	num-5	run0	<1%	7	0.4944237352400861	0.7459738291577604	0.10673256745925729	44329	2389253	0.01855349768316708
dataset_name-FR-FCM-Z238_infection_final_seed-42	cyanno	num-5	run0	>20%	1	0.9730616192925762	0.959221589759889	0.9873068744516648	672490	2389253	0.2814645414278019
dataset_name-FR-FCM-Z238_infection_final_seed-42	cygate	num-1	run0	1-5%	10	0.6877363411423374	0.6792947019960393	0.8409334452780279	535071	2403957	0.22257927242458997
dataset_name-FR-FCM-Z238_infection_final_seed-42	cygate	num-1	run0	5-20%	6	0.7809417523586324	0.8045827586124228	0.7807239208970486	1142521	2403957	0.47526682049637325
dataset_name-FR-FCM-Z238_infection_final_seed-42	cygate	num-1	run0	<1%	7	0.4634927901121538	0.4336569579288026	0.4917815482502651	44201	2403957	0.0183867681493471
dataset_name-FR-FCM-Z238_infection_final_seed-42	cygate	num-1	run0	>20%	1	0.9301799615239139	0.9891623402473451	0.8778358283345354	682164	2403957	0.2837671389296897
dataset_name-FR-FCM-Z238_infection_final_seed-42	cygate	num-2	run0	1-5%	10	0.7861476813128174	0.7904033559895381	0.8290024855925016	527438	2355026	0.22396270784271596
dataset_name-FR-FCM-Z238_infection_final_seed-42	cygate	num-2	run0	5-20%	6	0.766019729461457	0.8824525405771226	0.8388690742570308	1124483	2355026	0.47748220189501095
dataset_name-FR-FCM-Z238_infection_final_seed-42	cygate	num-2	run0	<1%	7	0.5359228924564774	0.5004998465123301	0.4687123140828085	42945	2355026	0.018235467464053474
dataset_name-FR-FCM-Z238_infection_final_seed-42	cygate	num-2	run0	>20%	1	0.9687590509036194	0.9775358530314877	0.9601384512845371	660160	2355026	0.28031962279821965
dataset_name-FR-FCM-Z238_infection_final_seed-42	cygate	num-3	run0	1-5%	10	0.7283664963897604	0.8018695091492012	0.764744446496302	536352	2406525	0.2228740611462586
dataset_name-FR-FCM-Z238_infection_final_seed-42	cygate	num-3	run0	5-20%	6	0.8131467725409837	0.8269956592857184	0.7985556889800655	1146477	2406525	0.47640352790849877
dataset_name-FR-FCM-Z238_infection_final_seed-42	cygate	num-3	run0	<1%	7	0.5027976833218809	0.39539910452369925	0	44212	2406525	0.018371718556840257
dataset_name-FR-FCM-Z238_infection_final_seed-42	cygate	num-3	run0	>20%	1	0.9659646461177328	0.9803072642630265	0.9520356623555521	679484	2406525	0.2823506923884024
dataset_name-FR-FCM-Z238_infection_final_seed-42	cygate	num-4	run0	1-5%	10	0.765604512130028	0.7940868148545992	0.7898303995852153	530195	2394463	0.2214254302530463
dataset_name-FR-FCM-Z238_infection_final_seed-42	cygate	num-4	run0	5-20%	6	0.7333462784742533	0.6297978043357421	0.8867680920735286	1141954	2394463	0.47691444804116834
dataset_name-FR-FCM-Z238_infection_final_seed-42	cygate	num-4	run0	<1%	7	0.5321208835132387	0.5200032795707967	0.3469821855889391	43608	2394463	0.018212016640056665
dataset_name-FR-FCM-Z238_infection_final_seed-42	cygate	num-4	run0	>20%	1	0.97233879550725	0.9741492011097506	0.9705351065115086	678706	2394463	0.2834481050657287
dataset_name-FR-FCM-Z238_infection_final_seed-42	cygate	num-5	run0	1-5%	10	0.7315949396711978	0.8294323792174487	0.8127934145564768	532047	2389253	0.22268340774292217
dataset_name-FR-FCM-Z238_infection_final_seed-42	cygate	num-5	run0	5-20%	6	0.7864882642383655	0.8352467297008086	0.7693241445835142	1140387	2389253	0.47729855314610886
dataset_name-FR-FCM-Z238_infection_final_seed-42	cygate	num-5	run0	<1%	7	0.40602895261209543	0.4184587749393249	0.1958322201442693	44329	2389253	0.01855349768316708
dataset_name-FR-FCM-Z238_infection_final_seed-42	cygate	num-5	run0	>20%	1	0.9738838754451485	0.9712000733492355	0.9765825514134039	672490	2389253	0.2814645414278019
dataset_name-FR-FCM-Z238_infection_final_seed-42	dgcytof	num-1	run0	1-5%	10	0.7182889841459199	0.775954318560033	0.8109348095404703	535071	2403957	0.22257927242458997
dataset_name-FR-FCM-Z238_infection_final_seed-42	dgcytof	num-1	run0	5-20%	6	0.7756373858623347	0.8661852817810518	0.7895999476055823	1142521	2403957	0.47526682049637325
dataset_name-FR-FCM-Z238_infection_final_seed-42	dgcytof	num-1	run0	<1%	7	0.37776098581725176	0.5282429747374396	0.32810800435088616	44201	2403957	0.0183867681493471
dataset_name-FR-FCM-Z238_infection_final_seed-42	dgcytof	num-1	run0	>20%	1	0.9499977627804014	0.9841256872243442	0.918157510510669	682164	2403957	0.2837671389296897
dataset_name-FR-FCM-Z238_infection_final_seed-42	dgcytof	num-2	run0	1-5%	10	0.7554483964068065	0.8671393439472616	0.743121913330542	527438	2355026	0.22396270784271596
dataset_name-FR-FCM-Z238_infection_final_seed-42	dgcytof	num-2	run0	5-20%	6	0.808792573876793	0.8817475317487822	0.9309302122847908	1124483	2355026	0.47748220189501095
dataset_name-FR-FCM-Z238_infection_final_seed-42	dgcytof	num-2	run0	<1%	7	0.5188063848382499	0.7244326387830492	0.5114950536435837	42945	2355026	0.018235467464053474
dataset_name-FR-FCM-Z238_infection_final_seed-42	dgcytof	num-2	run0	>20%	1	0.9683591824352509	0.9696608393201598	0.9670610155113912	660160	2355026	0.28031962279821965
dataset_name-FR-FCM-Z238_infection_final_seed-42	dgcytof	num-3	run0	1-5%	10	0.7193829064767805	0.7608341295653775	0.7429532927800608	536352	2406525	0.2228740611462586
dataset_name-FR-FCM-Z238_infection_final_seed-42	dgcytof	num-3	run0	5-20%	6	0.7044048378844541	0.6648049243677798	0.8090803857612783	1146477	2406525	0.47640352790849877
dataset_name-FR-FCM-Z238_infection_final_seed-42	dgcytof	num-3	run0	<1%	7	0.40575990875392076	0.5386104122314689	0	44212	2406525	0.018371718556840257
dataset_name-FR-FCM-Z238_infection_final_seed-42	dgcytof	num-3	run0	>20%	1	0.9661314006218178	0.9668533612392589	0.9654105173926096	679484	2406525	0.2823506923884024
dataset_name-FR-FCM-Z238_infection_final_seed-42	dgcytof	num-4	run0	1-5%	10	0.7513394654613317	0.8348571873072784	0.8527197091888236	530195	2394463	0.2214254302530463
dataset_name-FR-FCM-Z238_infection_final_seed-42	dgcytof	num-4	run0	5-20%	6	0.7073170224837019	0.6863935340964813	0.8265124870894369	1141954	2394463	0.47691444804116834
dataset_name-FR-FCM-Z238_infection_final_seed-42	dgcytof	num-4	run0	<1%	7	0.40233491483967865	0.6134264791309997	0.1835252192982456	43608	2394463	0.018212016640056665
dataset_name-FR-FCM-Z238_infection_final_seed-42	dgcytof	num-4	run0	>20%	1	0.9672321923386281	0.94428967013657406	0.9913173008637024	678706	2394463	0.2834481050657287
dataset_name-FR-FCM-Z238_infection_final_seed-42	dgcytof	num-5	run0	1-5%	10	0.7799274408553557	0.8503743177174002	0.7504507904364351	532047	2389253	0.22268340774292217
dataset_name-FR-FCM-Z238_infection_final_seed-42	dgcytof	num-5	run0	5-20%	6	0.7911167518825213	0.897371160671486	0.8402281985605462	1140387	2389253	0.47729855314610886
dataset_name-FR-FCM-Z238_infection_final_seed-42	dgcytof	num-5	run0	<1%	7	0.38430232697225675	0.6146620735200936	0.07379679144385026	44329	2389253	0.01855349768316708
dataset_name-FR-FCM-Z238_infection_final_seed-42	dgcytof	num-5	run0	>20%	1	0.9696226117324834	0.9489034366623821	0.9912667846362028	672490	2389253	0.2814645414278019
dataset_name-FR-FCM-Z238_infection_final_seed-42	gatemeclass	num-1	run0	1-5%	10	NA	NA	0	535071	2403957	0.22257927242458997
dataset_name-FR-FCM-Z238_infection_final_seed-42	gatemeclass	num-1	run0	5-20%	6	NA	NA	0	1142521	2403957	0.47526682049637325
dataset_name-FR-FCM-Z238_infection_final_seed-42	gatemeclass	num-1	run0	<1%	7	NA	NA	0	44201	2403957	0.0183867681493471
dataset_name-FR-FCM-Z238_infection_final_seed-42	gatemeclass	num-1	run0	>20%	1	NA	NA	0	682164	2403957	0.2837671389296897
dataset_name-FR-FCM-Z238_infection_final_seed-42	gatemeclass	num-2	run0	1-5%	10	NA	NA	0	527438	2355026	0.22396270784271596
dataset_name-FR-FCM-Z238_infection_final_seed-42	gatemeclass	num-2	run0	5-20%	6	NA	NA	0	1124483	2355026	0.47748220189501095
dataset_name-FR-FCM-Z238_infection_final_seed-42	gatemeclass	num-2	run0	<1%	7	NA	NA	0	42945	2355026	0.018235467464053474
dataset_name-FR-FCM-Z238_infection_final_seed-42	gatemeclass	num-2	run0	>20%	1	NA	NA	0	660160	2355026	0.28031962279821965
dataset_name-FR-FCM-Z238_infection_final_seed-42	gatemeclass	num-3	run0	1-5%	10	NA	NA	0	536352	2406525	0.2228740611462586
dataset_name-FR-FCM-Z238_infection_final_seed-42	gatemeclass	num-3	run0	5-20%	6	NA	NA	0	1146477	2406525	0.47640352790849877
dataset_name-FR-FCM-Z238_infection_final_seed-42	gatemeclass	num-3	run0	<1%	7	NA	NA	0	44212	2406525	0.018371718556840257
dataset_name-FR-FCM-Z238_infection_final_seed-42	gatemeclass	num-3	run0	>20%	1	NA	NA	0	679484	2406525	0.2823506923884024
dataset_name-FR-FCM-Z238_infection_final_seed-42	gatemeclass	num-4	run0	1-5%	10	NA	NA	0	530195	2394463	0.2214254302530463
dataset_name-FR-FCM-Z238_infection_final_seed-42	gatemeclass	num-4	run0	5-20%	6	NA	NA	0	1141954	2394463	0.47691444804116834
dataset_name-FR-FCM-Z238_infection_final_seed-42	gatemeclass	num-4	run0	<1%	7	NA	NA	0	43608	2394463	0.018212016640056665
dataset_name-FR-FCM-Z238_infection_final_seed-42	gatemeclass	num-4	run0	>20%	1	NA	NA	0	678706	2394463	0.2834481050657287
dataset_name-FR-FCM-Z238_infection_final_seed-42	gatemeclass	num-5	run0	1-5%	10	NA	NA	0	532047	2389253	0.22268340774292217
dataset_name-FR-FCM-Z238_infection_final_seed-42	gatemeclass	num-5	run0	5-20%	6	NA	NA	0	1140387	2389253	0.47729855314610886
dataset_name-FR-FCM-Z238_infection_final_seed-42	gatemeclass	num-5	run0	<1%	7	NA	NA	0	44329	2389253	0.01855349768316708
dataset_name-FR-FCM-Z238_infection_final_seed-42	gatemeclass	num-5	run0	>20%	1	NA	NA	0	672490	2389253	0.2814645414278019
dataset_name-FR-FCM-Z238_infection_final_seed-42	knn	num-1	run0	1-5%	10	0.3386029228459694	0.2831851683012341	0.49292011135325187	535071	2403957	0.22257927242458997
dataset_name-FR-FCM-Z238_infection_final_seed-42	knn	num-1	run0	5-20%	6	0.42759508255859535	0.4997063285290957	0.4501020775131799	1142521	2403957	0.47526682049637325
dataset_name-FR-FCM-Z238_infection_final_seed-42	knn	num-1	run0	<1%	7	0.12101263371896027	0.07359434795407713	0.2700013446282103	44201	2403957	0.0183867681493471
dataset_name-FR-FCM-Z238_infection_final_seed-42	knn	num-1	run0	>20%	1	0.7426131392843969	0.9465753051314779	0.610965984719217	682164	2403957	0.2837671389296897
dataset_name-FR-FCM-Z238_infection_final_seed-42	knn	num-2	run0	1-5%	10	0.46950221095288214	0.3938351693765537	0.5812052329780243	527438	2355026	0.22396270784271596
dataset_name-FR-FCM-Z238_infection_final_seed-42	knn	num-2	run0	5-20%	6	0.3965456276685209	0.5094453786327252	0.4289869385450163	1124483	2355026	0.47748220189501095
dataset_name-FR-FCM-Z238_infection_final_seed-42	knn	num-2	run0	<1%	7	0.10744578797590579	0.06769121997209579	0.2684965863174028	42945	2355026	0.018235467464053474
dataset_name-FR-FCM-Z238_infection_final_seed-42	knn	num-2	run0	>20%	1	0.8228414410301207	0.9268335727555824	0.7398312530295685	660160	2355026	0.28031962279821965
dataset_name-FR-FCM-Z238_infection_final_seed-42	knn	num-3	run0	1-5%	10	0.4387692151418	0.373282638427614	0.5332341439261806	536352	2406525	0.2228740611462586
dataset_name-FR-FCM-Z238_infection_final_seed-42	knn	num-3	run0	5-20%	6	0.46418525234319985	0.5736102626756261	0.4543378825124942	1146477	2406525	0.47640352790849877
dataset_name-FR-FCM-Z238_infection_final_seed-42	knn	num-3	run0	<1%	7	0.07260720051810163	0.03893905744000156	0	44212	2406525	0.018371718556840257
dataset_name-FR-FCM-Z238_infection_final_seed-42	knn	num-3	run0	>20%	1	0.8696828619896755	0.9213130732717673	0.8235322686038229	679484	2406525	0.2823506923884024
dataset_name-FR-FCM-Z238_infection_final_seed-42	knn	num-4	run0	1-5%	10	0.42031560350340624	0.41639530663098506	0.6975284567331725	530195	2394463	0.2214254302530463
dataset_name-FR-FCM-Z238_infection_final_seed-42	knn	num-4	run0	5-20%	6	0.3823806995811951	0.4975009832983183	0.3665693385214598	1141954	2394463	0.47691444804116834
dataset_name-FR-FCM-Z238_infection_final_seed-42	knn	num-4	run0	<1%	7	0.10946991096239489	0.06879118958412643	0.23944627192982457	43608	2394463	0.018212016640056665
dataset_name-FR-FCM-Z238_infection_final_seed-42	knn	num-4	run0	>20%	1	0.7583404069693744	0.9323471184167252	0.6390690519901105	678706	2394463	0.2834481050657287
dataset_name-FR-FCM-Z238_infection_final_seed-42	knn	num-5	run0	1-5%	10	0.4981014284562514	0.4289697863779787	0.5803197796182724	532047	2389253	0.22268340774292217
dataset_name-FR-FCM-Z238_infection_final_seed-42	knn	num-5	run0	5-20%	6	0.3911327947606038	0.5166845158825875	0.3893896572294379	1140387	2389253	0.47729855314610886
dataset_name-FR-FCM-Z238_infection_final_seed-42	knn	num-5	run0	<1%	7	0.1367764969460244	0.08414394690623966	0.17365749398877905	44329	2389253	0.01855349768316708
dataset_name-FR-FCM-Z238_infection_final_seed-42	knn	num-5	run0	>20%	1	0.8646616958700308	0.9262719394368758	0.810736219125935	672490	2389253	0.2814645414278019
dataset_name-FR-FCM-Z238_infection_final_seed-42	lda	num-1	run0	1-5%	10	0.5408600826299612	0.6196155432064069	0.5007408574133099	535071	2403957	0.22257927242458997
dataset_name-FR-FCM-Z238_infection_final_seed-42	lda	num-1	run0	5-20%	6	0.6443996231806113	0.8155882185765034	0.5866488007349413	1142521	2403957	0.47526682049637325
dataset_name-FR-FCM-Z238_infection_final_seed-42	lda	num-1	run0	<1%	7	0.3198657235343484	0.20510455104551045	0.45434987226032003	44201	2403957	0.0183867681493471
dataset_name-FR-FCM-Z238_infection_final_seed-42	lda	num-1	run0	>20%	1	0.9207067385416249	0.9493750126523538	0.8937191056696043	682164	2403957	0.2837671389296897
dataset_name-FR-FCM-Z238_infection_final_seed-42	lda	num-2	run0	1-5%	10	0.5349434665958648	0.6085171082217837	0.4893660367859447	527438	2355026	0.22396270784271596
dataset_name-FR-FCM-Z238_infection_final_seed-42	lda	num-2	run0	5-20%	6	0.6831748433761253	0.8098540034990477	0.6906731531091295	1124483	2355026	0.47748220189501095
dataset_name-FR-FCM-Z238_infection_final_seed-42	lda	num-2	run0	<1%	7	0.10185699039487726	0.07474000751785491	0.3926115680194149	42945	2355026	0.018235467464053474
dataset_name-FR-FCM-Z238_infection_final_seed-42	lda	num-2	run0	>20%	1	0.9074857241247549	0.9433992490285922	0.8742062530295686	660160	2355026	0.28031962279821965
dataset_name-FR-FCM-Z238_infection_final_seed-42	lda	num-3	run0	1-5%	10	0.4547671865336038	0.5292488894046501	0.4807229459734773	536352	2406525	0.2228740611462586
dataset_name-FR-FCM-Z238_infection_final_seed-42	lda	num-3	run0	5-20%	6	0.7057384121416144	0.5777113083751447	0.66307875273932	1146477	2406525	0.47640352790849877
dataset_name-FR-FCM-Z238_infection_final_seed-42	lda	num-3	run0	<1%	7	0.19271192942079016	0.223686553873553	0	44212	2406525	0.018371718556840257
dataset_name-FR-FCM-Z238_infection_final_seed-42	lda	num-3	run0	>20%	1	0.9232582777280144	0.9424424370720431	0.9048395547209352	679484	2406525	0.2823506923884024
dataset_name-FR-FCM-Z238_infection_final_seed-42	lda	num-4	run0	1-5%	10	0.5213734160421194	0.5688813853385319	0.5502268228334095	530195	2394463	0.2214254302530463
dataset_name-FR-FCM-Z238_infection_final_seed-42	lda	num-4	run0	5-20%	6	0.49386453192547536	0.5491947070236108	0.46945796041859605	1141954	2394463	0.47691444804116834
dataset_name-FR-FCM-Z238_infection_final_seed-42	lda	num-4	run0	<1%	7	0.1954992514522031	0.18680471317705793	0.04358552631578947	43608	2394463	0.018212016640056665
dataset_name-FR-FCM-Z238_infection_final_seed-42	lda	num-4	run0	>20%	1	0.8938187609134248	0.9494735272432048	0.8443272934083388	678706	2394463	0.2834481050657287
dataset_name-FR-FCM-Z238_infection_final_seed-42	lda	num-5	run0	1-5%	10	0.5703647928769151	0.6448839801241525	0.5846688292655913	532047	2389253	0.22268340774292217
dataset_name-FR-FCM-Z238_infection_final_seed-42	lda	num-5	run0	5-20%	6	0.6138025669121088	0.6745844586516065	0.5477260268655288	1140387	2389253	0.47729855314610886
dataset_name-FR-FCM-Z238_infection_final_seed-42	lda	num-5	run0	<1%	7	0.25229437146053146	0.32202601497832084	0.10477206078379099	44329	2389253	0.01855349768316708
dataset_name-FR-FCM-Z238_infection_final_seed-42	lda	num-5	run0	>20%	1	0.9353312640479503	0.9286444019377204	0.9421151243884668	672490	2389253	0.2814645414278019
dataset_name-FR-FCM-Z238_infection_final_seed-42	random	num-1	run0	1-5%	10	0.023926053159246646	0.01654829092196182	0.043089304455789595	535071	2403957	0.22257927242458997
dataset_name-FR-FCM-Z238_infection_final_seed-42	random	num-1	run0	5-20%	6	0.05588302118241829	0.07913941351071928	0.04361648240049243	1142521	2403957	0.47526682049637325
dataset_name-FR-FCM-Z238_infection_final_seed-42	random	num-1	run0	<1%	7	0.005521505280274466	0.0029572490884207906	0.04164398475775721	44201	2403957	0.0183867681493471
dataset_name-FR-FCM-Z238_infection_final_seed-42	random	num-1	run0	>20%	1	0.07574642750487663	0.284512797013871	0.043688907652705215	682164	2403957	0.2837671389296897
dataset_name-FR-FCM-Z238_infection_final_seed-42	random	num-2	run0	1-5%	10	0.023612577874525656	0.016592975968292022	0.04176207106772946	527438	2355026	0.22396270784271596
dataset_name-FR-FCM-Z238_infection_final_seed-42	random	num-2	run0	5-20%	6	0.05478870511823645	0.08052403799715596	0.04152112332173098	1124483	2355026	0.47748220189501095
dataset_name-FR-FCM-Z238_infection_final_seed-42	random	num-2	run0	<1%	7	0.005683185707137668	0.0030541335983798944	0.038942695722356736	42945	2355026	0.018235467464053474
dataset_name-FR-FCM-Z238_infection_final_seed-42	random	num-2	run0	>20%	1	0.07280956129905171	0.2812719695966255	0.041817135239941836	660160	2355026	0.28031962279821965
dataset_name-FR-FCM-Z238_infection_final_seed-42	random	num-3	run0	1-5%	10	0.024768651187421654	0.01646206166559949	0.050061012012183936	536352	2406525	0.2228740611462586
dataset_name-FR-FCM-Z238_infection_final_seed-42	random	num-3	run0	5-20%	6	0.06288523397771521	0.08356803599700025	0.0502212001273885	1146477	2406525	0.47640352790849877
dataset_name-FR-FCM-Z238_infection_final_seed-42	random	num-3	run0	<1%	7	0.005791067669408293	0.0030773325348902973	0	44212	2406525	0.018371718556840257
dataset_name-FR-FCM-Z238_infection_final_seed-42	random	num-3	run0	>20%	1	0.08545043587343988	0.2829236408164616	0.05032495246392851	679484	2406525	0.2823506923884024
dataset_name-FR-FCM-Z238_infection_final_seed-42	random	num-4	run0	1-5%	10	0.023722422416182214	0.01577937550154105	0.04777997741921164	530195	2394463	0.2214254302530463
dataset_name-FR-FCM-Z238_infection_final_seed-42	random	num-4	run0	5-20%	6	0.06025013730091367	0.08296552389810728	0.04797383340378368	1141954	2394463	0.47691444804116834
dataset_name-FR-FCM-Z238_infection_final_seed-42	random	num-4	run0	<1%	7	0.00585234206705426	0.003114373736107223	0.041478330231321456	43608	2394463	0.018212016640056665
dataset_name-FR-FCM-Z238_infection_final_seed-42	random	num-4	run0	>20%	1	0.08180633802372818	0.2840153777443056	0.04778504978591614	678706	2394463	0.2834481050657287
dataset_name-FR-FCM-Z238_infection_final_seed-42	random	num-5	run0	1-5%	10	0.02377709511161965	0.016114953619349816	0.04546003115148796	532047	2389253	0.22268340774292217
dataset_name-FR-FCM-Z238_infection_final_seed-42	random	num-5	run0	5-20%	6	0.05766414984376882	0.07996030669288565	0.045281670672984456	1140387	2389253	0.47729855314610886
dataset_name-FR-FCM-Z238_infection_final_seed-42	random	num-5	run0	<1%	7	0.005841237901477182	0.003122105782414954	0.041277050494255944	44329	2389253	0.01855349768316708
dataset_name-FR-FCM-Z238_infection_final_seed-42	random	num-5	run0	>20%	1	0.07805799449463093	0.2799805377814907	0.04535086023583994	672490	2389253	0.2814645414278019
dataset_name-FR-FCM-Z2KP_healthy_final_seed-42	cyanno	num-1	run0	5-20%	4	0.9856040581075953	0.9881084967453072	0.9831258699066898	660299	1346699	0.49030926732699737
dataset_name-FR-FCM-Z2KP_healthy_final_seed-42	cyanno	num-1	run0	>20%	1	0.998405640102738	0.9978303007019872	0.9989816433566434	686400	1346699	0.5096907326730027
dataset_name-FR-FCM-Z2KP_healthy_final_seed-42	cyanno	num-2	run0	5-20%	4	0.993128730469971	0.991354185694609	0.994917457247317	569069	1174493	0.48452310912027574
dataset_name-FR-FCM-Z2KP_healthy_final_seed-42	cyanno	num-2	run0	>20%	1	0.9986851846807919	0.9980846419963276	0.9992864504875921	605424	1174493	0.5154768908797243
dataset_name-FR-FCM-Z2KP_healthy_final_seed-42	cyanno	num-3	run0	5-20%	4	0.989845317687212	0.9844953448364206	0.9953039267826221	569992	1231233	0.4629440568925622
dataset_name-FR-FCM-Z2KP_healthy_final_seed-42	cyanno	num-3	run0	>20%	1	0.9980923790391456	0.9976158568184531	0.9985693567095809	661241	1231233	0.5370559431074379
dataset_name-FR-FCM-Z2KP_healthy_final_seed-42	cyanno	num-4	run0	5-20%	4	0.991548322484813	0.9869694393253111	0.9962103190798026	596411	1266374	0.47095960593000175
dataset_name-FR-FCM-Z2KP_healthy_final_seed-42	cyanno	num-4	run0	>20%	1	0.9985447500552249	0.9985074916456845	0.9985820112453971	669963	1266374	0.5290403940699983
dataset_name-FR-FCM-Z2KP_healthy_final_seed-42	cyanno	num-5	run0	5-20%	4	0.9940820373628175	0.9918699858237731	0.9963144811836011	617971	1212710	0.5095785472206875
dataset_name-FR-FCM-Z2KP_healthy_final_seed-42	cyanno	num-5	run0	>20%	1	0.9990645117095734	0.998833640889122	0.9992954892818531	594739	1212710	0.49042145277931243
dataset_name-FR-FCM-Z2KP_healthy_final_seed-42	cygate	num-1	run0	5-20%	4	0.9522283328792511	0.9756299205413659	0.9310823616113786	660299	1346699	0.49030926732699737
dataset_name-FR-FCM-Z2KP_healthy_final_seed-42	cygate	num-1	run0	>20%	1	0.9728576059548355	0.9685637670339763	0.9771896853146853	686400	1346699	0.5096907326730027
dataset_name-FR-FCM-Z2KP_healthy_final_seed-42	cygate	num-2	run0	5-20%	4	0.91899253508438	0.9503259012643579	0.8886286390727235	569069	1174493	0.48452310912027574
dataset_name-FR-FCM-Z2KP_healthy_final_seed-42	cygate	num-2	run0	>20%	1	0.9628815477004562	0.9664165880491372	0.959372274637279	605424	1174493	0.5154768908797243
dataset_name-FR-FCM-Z2KP_healthy_final_seed-42	cygate	num-3	run0	5-20%	4	0.8058168970334968	0.9812713076363531	0.7323440799398951	569992	1231233	0.4629440568925622
dataset_name-FR-FCM-Z2KP_healthy_final_seed-42	cygate	num-3	run0	>20%	1	0.9642270706738679	0.9703166802706921	0.9582134199180027	661241	1231233	0.5370559431074379
dataset_name-FR-FCM-Z2KP_healthy_final_seed-42	cygate	num-4	run0	5-20%	4	0.9638847296686508	0.9410400905749509	0.9845069179346627	596411	1266374	0.47095960593000175
dataset_name-FR-FCM-Z2KP_healthy_final_seed-42	cygate	num-4	run0	>20%	1	0.9840043420866673	0.9912248418457213	0.9768882759197149	669963	1266374	0.5290403940699983
dataset_name-FR-FCM-Z2KP_healthy_final_seed-42	cygate	num-5	run0	5-20%	4	0.9743731006233805	0.9689221129213672	0.9774417889523878	617971	1212710	0.5095785472206875
dataset_name-FR-FCM-Z2KP_healthy_final_seed-42	cygate	num-5	run0	>20%	1	0.9828021882413857	0.9923737006664656	0.9734135477915523	594739	1212710	0.49042145277931243
dataset_name-FR-FCM-Z2KP_healthy_final_seed-42	dgcytof	num-1	run0	5-20%	4	0.9460337518995716	0.9082344867513639	0.9912456117820267	660299	1346699	0.49030926732699737
dataset_name-FR-FCM-Z2KP_healthy_final_seed-42	dgcytof	num-1	run0	>20%	1	0.9831168168058645	0.9844452560075962	0.9817919580419581	686400	1346699	0.5096907326730027
dataset_name-FR-FCM-Z2KP_healthy_final_seed-42	dgcytof	num-2	run0	5-20%	4	0.9694511914536694	0.9600816443185924	0.9780296637397559	569069	1174493	0.48452310912027574
dataset_name-FR-FCM-Z2KP_healthy_final_seed-42	dgcytof	num-2	run0	>20%	1	0.9812884975393305	0.9669014434523571	0.9961101641163879	605424	1174493	0.5154768908797243
dataset_name-FR-FCM-Z2KP_healthy_final_seed-42	dgcytof	num-3	run0	5-20%	4	0.9757261554878851	0.9746850449227646	0.9731752008525176	569992	1231233	0.4629440568925622
dataset_name-FR-FCM-Z2KP_healthy_final_seed-42	dgcytof	num-3	run0	>20%	1	0.9904065956645061	0.9930833254775076	0.9877442566326045	661241	1231233	0.5370559431074379
dataset_name-FR-FCM-Z2KP_healthy_final_seed-42	dgcytof	num-4	run0	5-20%	4	0.9563925295914217	0.9451382217484534	0.9374027552942319	596411	1266374	0.47095960593000175
dataset_name-FR-FCM-Z2KP_healthy_final_seed-42	dgcytof	num-4	run0	>20%	1	0.9905991356804017	0.9831219348692799	0.998190944873075	669963	1266374	0.5290403940699983
dataset_name-FR-FCM-Z2KP_healthy_final_seed-42	dgcytof	num-5	run0	5-20%	4	0.971553819164445	0.9821892873652394	0.961285999974069	617971	1212710	0.5095785472206875
dataset_name-FR-FCM-Z2KP_healthy_final_seed-42	dgcytof	num-5	run0	>20%	1	0.9922216227272382	0.9934265748409736	0.991019590105912	594739	1212710	0.49042145277931243
dataset_name-FR-FCM-Z2KP_healthy_final_seed-42	gatemeclass	num-1	run0	5-20%	4	0.3971334744683211	0.2485425237910638	0.5653888712449765	660299	1346699	0.49030926732699737
dataset_name-FR-FCM-Z2KP_healthy_final_seed-42	gatemeclass	num-1	run0	>20%	1	0.29761783011864523	0.8545390477638134	0.18018648018648017	686400	1346699	0.5096907326730027
dataset_name-FR-FCM-Z2KP_healthy_final_seed-42	gatemeclass	num-2	run0	5-20%	4	0.619194459814317	0.571201154817377	0.45573947323493347	569069	1174493	0.48452310912027574
dataset_name-FR-FCM-Z2KP_healthy_final_seed-42	gatemeclass	num-2	run0	>20%	1	NA	NA	0	605424	1174493	0.5154768908797243
dataset_name-FR-FCM-Z2KP_healthy_final_seed-42	gatemeclass	num-3	run0	5-20%	4	0.5255686333150104	0.6270715823064914	0.5638505986333172	569992	1231233	0.4629440568925622
dataset_name-FR-FCM-Z2KP_healthy_final_seed-42	gatemeclass	num-3	run0	>20%	1	0.7703403080307398	0.7350334010558113	0.8092102576821462	661241	1231233	0.5370559431074379
dataset_name-FR-FCM-Z2KP_healthy_final_seed-42	gatemeclass	num-4	run0	5-20%	4	0.9395569824161776	0.9094148207018311	0.4751232820999475	596411	1266374	0.47095960593000175
dataset_name-FR-FCM-Z2KP_healthy_final_seed-42	gatemeclass	num-4	run0	>20%	1	NA	NA	0	669963	1266374	0.5290403940699983
dataset_name-FR-FCM-Z2KP_healthy_final_seed-42	gatemeclass	num-5	run0	5-20%	4	0.5519941118505143	0.5196493132597594	0.6149687368132912	617971	1212710	0.5095785472206875
dataset_name-FR-FCM-Z2KP_healthy_final_seed-42	gatemeclass	num-5	run0	>20%	1	0.6445071613512884	0.6964553131253965	0.5997706556993908	594739	1212710	0.49042145277931243
dataset_name-FR-FCM-Z2KP_healthy_final_seed-42	knn	num-1	run0	5-20%	4	0.5611516324989894	0.5835880760931482	0.5520153422219429	660299	1346699	0.49030926732699737
dataset_name-FR-FCM-Z2KP_healthy_final_seed-42	knn	num-1	run0	>20%	1	0.6395866485993988	0.829199407759465	0.5205521561771562	686400	1346699	0.5096907326730027
dataset_name-FR-FCM-Z2KP_healthy_final_seed-42	knn	num-2	run0	5-20%	4	0.48859468393314914	0.5313057522825144	0.5342857011192069	569069	1174493	0.48452310912027574
dataset_name-FR-FCM-Z2KP_healthy_final_seed-42	knn	num-2	run0	>20%	1	0.7255461629381609	0.7951356352612308	0.667157231956447	605424	1174493	0.5154768908797243
dataset_name-FR-FCM-Z2KP_healthy_final_seed-42	knn	num-3	run0	5-20%	4	0.48770080358156703	0.4731969592014779	0.5265635244680931	569992	1231233	0.4629440568925622
dataset_name-FR-FCM-Z2KP_healthy_final_seed-42	knn	num-3	run0	>20%	1	0.6571098826598977	0.7921418923388465	0.5614095314718839	661241	1231233	0.5370559431074379
dataset_name-FR-FCM-Z2KP_healthy_final_seed-42	knn	num-4	run0	5-20%	4	0.5070038782749552	0.5402680963480756	0.5279325671692027	596411	1266374	0.47095960593000175
dataset_name-FR-FCM-Z2KP_healthy_final_seed-42	knn	num-4	run0	>20%	1	0.659740301239201	0.8138311617212307	0.5547112303216745	669963	1266374	0.5290403940699983
dataset_name-FR-FCM-Z2KP_healthy_final_seed-42	knn	num-5	run0	5-20%	4	0.5470804801249856	0.6309625230026665	0.48605956877361783	617971	1212710	0.5095785472206875
dataset_name-FR-FCM-Z2KP_healthy_final_seed-42	knn	num-5	run0	>20%	1	0.7173999408615708	0.7788458697925591	0.6649404192427266	594739	1212710	0.49042145277931243
dataset_name-FR-FCM-Z2KP_healthy_final_seed-42	lda	num-1	run0	5-20%	4	0.9105676545870571	0.9099219101225214	0.9069522442430877	660299	1346699	0.49030926732699737
dataset_name-FR-FCM-Z2KP_healthy_final_seed-42	lda	num-1	run0	>20%	1	0.9733828533775761	0.9850303644177655	0.9620075757575758	686400	1346699	0.5096907326730027
dataset_name-FR-FCM-Z2KP_healthy_final_seed-42	lda	num-2	run0	5-20%	4	0.8299432946319141	0.9503420588957504	0.746382624654075	569069	1174493	0.48452310912027574
dataset_name-FR-FCM-Z2KP_healthy_final_seed-42	lda	num-2	run0	>20%	1	0.9533409162988451	0.9188427647515778	0.9905306033457544	605424	1174493	0.5154768908797243
dataset_name-FR-FCM-Z2KP_healthy_final_seed-42	lda	num-3	run0	5-20%	4	0.8008840308551382	0.9258189933471838	0.7033748095569836	569992	1231233	0.4629440568925622
dataset_name-FR-FCM-Z2KP_healthy_final_seed-42	lda	num-3	run0	>20%	1	0.9246343569921703	0.8691948641026221	0.9876278089229191	661241	1231233	0.5370559431074379
dataset_name-FR-FCM-Z2KP_healthy_final_seed-42	lda	num-4	run0	5-20%	4	0.8021525237395768	0.92265149749286135	0.7045603217605239	596411	1266374	0.47095960593000175
dataset_name-FR-FCM-Z2KP_healthy_final_seed-42	lda	num-4	run0	>20%	1	0.9205897379753303	0.8687778250220878	0.978973465698852	669963	1266374	0.5290403940699983
dataset_name-FR-FCM-Z2KP_healthy_final_seed-42	lda	num-5	run0	5-20%	4	0.861823854031343	0.9284289634448117	0.8038025224899641	617971	1212710	0.5095785472206875
dataset_name-FR-FCM-Z2KP_healthy_final_seed-42	lda	num-5	run0	>20%	1	0.9627813420496569	0.9535406074418804	0.9722029327150229	594739	1212710	0.49042145277931243
dataset_name-FR-FCM-Z2KP_healthy_final_seed-42	random	num-1	run0	5-20%	4	0.15072059283881853	0.13833756167624045	0.16605635396599994	660299	1346699	0.49030926732699737
dataset_name-FR-FCM-Z2KP_healthy_final_seed-42	random	num-1	run0	>20%	1	0.25154726932468635	0.5091160981501381	0.16703962703962705	686400	1346699	0.5096907326730027
dataset_name-FR-FCM-Z2KP_healthy_final_seed-42	random	num-2	run0	5-20%	4	0.1429998233702054	0.1261694027438327	0.16706599997688376	569069	1174493	0.48452310912027574
dataset_name-FR-FCM-Z2KP_healthy_final_seed-42	random	num-2	run0	>20%	1	0.25266880836459416	0.515710271238902	0.16732405718967203	605424	1174493	0.5154768908797243
dataset_name-FR-FCM-Z2KP_healthy_final_seed-42	random	num-3	run0	5-20%	4	0.14309327428475938	0.1263962734883457	0.16569494987720756	569992	1231233	0.4629440568925622
dataset_name-FR-FCM-Z2KP_healthy_final_seed-42	random	num-3	run0	>20%	1	0.25491772178905087	0.5368324930298526	0.16714329571215336	661241	1231233	0.5370559431074379
dataset_name-FR-FCM-Z2KP_healthy_final_seed-42	random	num-4	run0	5-20%	4	0.15184683473101662	0.13882524786555514	0.1674588598380522	596411	1266374	0.47095960593000175
dataset_name-FR-FCM-Z2KP_healthy_final_seed-42	random	num-4	run0	>20%	1	0.25268376996289904	0.5282467902453848	0.16605842412192912	669963	1266374	0.5290403940699983
dataset_name-FR-FCM-Z2KP_healthy_final_seed-42	random	num-5	run0	5-20%	4	0.15355200163593877	0.14276336117567778	0.1665732675186945	617971	1212710	0.5095785472206875
dataset_name-FR-FCM-Z2KP_healthy_final_seed-42	random	num-5	run0	>20%	1	0.24911039170359517	0.4903319145574308	0.1669690402008276	594739	1212710	0.49042145277931243
dataset_name-FR-FCM-Z2KP_healthy_final_seed-420_sub-sampling-1000	cyanno	num-1	run0	5-20%	4	0.9452039145524297	0.9565928416133895	0.9953740785495147	660299	1346699	0.49030926732699737
dataset_name-FR-FCM-Z2KP_healthy_final_seed-420_sub-sampling-1000	cyanno	num-1	run0	>20%	1	0.9801896324430305	0.9638384376087008	0.9971051864801865	686400	1346699	0.5096907326730027
dataset_name-FR-FCM-Z2KP_healthy_final_seed-420_sub-sampling-1000	cyanno	num-2	run0	5-20%	4	0.9430709987862166	0.9594267578142177	0.9933730056442737	666788	1274361	0.5232332125669257
dataset_name-FR-FCM-Z2KP_healthy_final_seed-420_sub-sampling-1000	cyanno	num-2	run0	>20%	1	0.9720620436048591	0.9503352180174968	0.9948055624591613	607573	1274361	0.4767667874330743
dataset_name-FR-FCM-Z2KP_healthy_final_seed-420_sub-sampling-1000	cyanno	num-3	run0	5-20%	4	0.9744300632524185	0.965508943105965	0.9939723601331953	569069	1174493	0.48452310912027574
dataset_name-FR-FCM-Z2KP_healthy_final_seed-420_sub-sampling-1000	cyanno	num-3	run0	>20%	1	0.9762051037976159	0.9571577548892158	0.9960259256322842	605424	1174493	0.5154768908797243
dataset_name-FR-FCM-Z2KP_healthy_final_seed-420_sub-sampling-1000	cyanno	num-4	run0	5-20%	4	0.9712956485535411	0.9521869952653121	0.9919966930728227	596411	1266374	0.47095960593000175
dataset_name-FR-FCM-Z2KP_healthy_final_seed-420_sub-sampling-1000	cyanno	num-4	run0	>20%	1	0.9872898601328616	0.9807484977023684	0.9939190671723662	669963	1266374	0.5290403940699983
dataset_name-FR-FCM-Z2KP_healthy_final_seed-420_sub-sampling-1000	cyanno	num-5	run0	5-20%	4	0.9606925463563122	0.9667013513716882	0.9533952153073594	569992	1231233	0.4629440568925622
dataset_name-FR-FCM-Z2KP_healthy_final_seed-420_sub-sampling-1000	cyanno	num-5	run0	>20%	1	0.9747801331684609	0.9527574859248584	0.9978449612168634	661241	1231233	0.5370559431074379
dataset_name-FR-FCM-Z2KP_healthy_final_seed-420_sub-sampling-1000	cygate	num-1	run0	5-20%	4	0.9604370546468923	0.9674745274479045	0.948840298143022	660299	1346699	0.49030926732699737
dataset_name-FR-FCM-Z2KP_healthy_final_seed-420_sub-sampling-1000	cygate	num-1	run0	>20%	1	0.9749618653139935	0.9918468061758672	0.9586421911421912	686400	1346699	0.5096907326730027
dataset_name-FR-FCM-Z2KP_healthy_final_seed-420_sub-sampling-1000	cygate	num-2	run0	5-20%	4	0.968508222890629	0.9461982583468345	0.9877782607226822	666788	1274361	0.5232332125669257
dataset_name-FR-FCM-Z2KP_healthy_final_seed-420_sub-sampling-1000	cygate	num-2	run0	>20%	1	0.9711327441744679	0.9663609858491565	0.9759518609286456	607573	1274361	0.4767667874330743
dataset_name-FR-FCM-Z2KP_healthy_final_seed-420_sub-sampling-1000	cygate	num-3	run0	5-20%	4	0.9456437671424013	0.9487042799479698	0.936374495081274	569069	1174493	0.48452310912027574
dataset_name-FR-FCM-Z2KP_healthy_final_seed-420_sub-sampling-1000	cygate	num-3	run0	>20%	1	0.9547324898166965	0.9584729581483461	0.9510211025661355	605424	1174493	0.5154768908797243
dataset_name-FR-FCM-Z2KP_healthy_final_seed-420_sub-sampling-1000	cygate	num-4	run0	5-20%	4	0.9297145369843083	0.958901327435672	0.9031377728461832	596411	1266374	0.47095960593000175
dataset_name-FR-FCM-Z2KP_healthy_final_seed-420_sub-sampling-1000	cygate	num-4	run0	>20%	1	0.975957789219539	0.9993821135159149	0.9536063931888776	669963	1266374	0.5290403940699983
dataset_name-FR-FCM-Z2KP_healthy_final_seed-420_sub-sampling-1000	cygate	num-5	run0	5-20%	4	0.7962821913199858	0.9812713076363531	0.8461558293013429	569992	1231233	0.4629440568925622
dataset_name-FR-FCM-Z2KP_healthy_final_seed-420_sub-sampling-1000	cygate	num-5	run0	>20%	1	0.9749360368155281	0.999323526049011	0.9517104958706433	661241	1231233	0.5370559431074379
dataset_name-FR-FCM-Z2KP_healthy_final_seed-420_sub-sampling-1000	dgcytof	num-1	run0	5-20%	4	0.7987979646803445	0.7810553270212854	0.8131012419817625	660299	1346699	0.49030926732699737
dataset_name-FR-FCM-Z2KP_healthy_final_seed-420_sub-sampling-1000	dgcytof	num-1	run0	>20%	1	0.8866675122605203	0.8631581997055889	0.9114932983682984	686400	1346699	0.5096907326730027
dataset_name-FR-FCM-Z2KP_healthy_final_seed-420_sub-sampling-1000	dgcytof	num-2	run0	5-20%	4	0.8126271251725519	0.8020409946900873	0.8245107428473777	666788	1274361	0.5232332125669257
dataset_name-FR-FCM-Z2KP_healthy_final_seed-420_sub-sampling-1000	dgcytof	num-2	run0	>20%	1	0.8892032259426594	0.8469914748647791	0.9358431003352684	607573	1274361	0.4767667874330743
dataset_name-FR-FCM-Z2KP_healthy_final_seed-420_sub-sampling-1000	dgcytof	num-3	run0	5-20%	4	0.7486174502969335	0.7960326409361496	0.7319334952894356	569069	1174493	0.48452310912027574
dataset_name-FR-FCM-Z2KP_healthy_final_seed-420_sub-sampling-1000	dgcytof	num-3	run0	>20%	1	0.8985453132494278	0.831162741067718	0.977817199186025	605424	1174493	0.5154768908797243
dataset_name-FR-FCM-Z2KP_healthy_final_seed-420_sub-sampling-1000	dgcytof	num-4	run0	5-20%	4	0.6680662639813307	0.8164590063314325	0.740329149051177	596411	1266374	0.47095960593000175
dataset_name-FR-FCM-Z2KP_healthy_final_seed-420_sub-sampling-1000	dgcytof	num-4	run0	>20%	1	0.8318272798904609	0.927586396856293	0.7539893994145945	669963	1266374	0.5290403940699983
dataset_name-FR-FCM-Z2KP_healthy_final_seed-420_sub-sampling-1000	dgcytof	num-5	run0	5-20%	4	0.7650640484386854	0.6839495749464264	0.825591167933301	569992	1231233	0.4629440568925622
dataset_name-FR-FCM-Z2KP_healthy_final_seed-420_sub-sampling-1000	dgcytof	num-5	run0	>20%	1	0.8834088272999207	0.9565212026777877	0.8206796009321866	661241	1231233	0.5370559431074379
dataset_name-FR-FCM-Z2KP_healthy_final_seed-420_sub-sampling-1000	gatemeclass	num-1	run0	5-20%	4	0.9457707832679897	0.9142963832284221	0	660299	1346699	0.49030926732699737
dataset_name-FR-FCM-Z2KP_healthy_final_seed-420_sub-sampling-1000	gatemeclass	num-1	run0	>20%	1	NA	NA	0	686400	1346699	0.5096907326730027
dataset_name-FR-FCM-Z2KP_healthy_final_seed-420_sub-sampling-1000	gatemeclass	num-2	run0	5-20%	4	0.2816739275514175	0.3156755660742886	0.4475925303188409	666788	1274361	0.5232332125669257
dataset_name-FR-FCM-Z2KP_healthy_final_seed-420_sub-sampling-1000	gatemeclass	num-2	run0	>20%	1	0.5394794788133354	0.6653631028680818	0.4536508370187615	607573	1274361	0.4767667874330743
dataset_name-FR-FCM-Z2KP_healthy_final_seed-420_sub-sampling-1000	gatemeclass	num-3	run0	5-20%	4	0.9197118697150016	0.9602541182479888	0.8988657652688239	569069	1174493	0.48452310912027574
dataset_name-FR-FCM-Z2KP_healthy_final_seed-420_sub-sampling-1000	gatemeclass	num-3	run0	>20%	1	NA	NA	0	605424	1174493	0.5154768908797243
dataset_name-FR-FCM-Z2KP_healthy_final_seed-420_sub-sampling-1000	gatemeclass	num-4	run0	5-20%	4	0.5991955859651423	0.5819302214549635	0.8796840219605394	596411	1266374	0.47095960593000175
dataset_name-FR-FCM-Z2KP_healthy_final_seed-420_sub-sampling-1000	gatemeclass	num-4	run0	>20%	1	0.018208595528183158	0.1989851508265106	0.009540825388864757	669963	1266374	0.5290403940699983
dataset_name-FR-FCM-Z2KP_healthy_final_seed-420_sub-sampling-1000	gatemeclass	num-5	run0	5-20%	4	0.6077978124062285	0.6003789303328384	0.7690705076446119	569992	1231233	0.4629440568925622
dataset_name-FR-FCM-Z2KP_healthy_final_seed-420_sub-sampling-1000	gatemeclass	num-5	run0	>20%	1	0.0027550121305024806	0.5886524822695035	0.001380737129125387	661241	1231233	0.5370559431074379
dataset_name-FR-FCM-Z2KP_healthy_final_seed-420_sub-sampling-1000	knn	num-1	run0	5-20%	4	0.5267123536852862	0.5430764531041941	0.49226374541540696	660299	1346699	0.49030926732699737
dataset_name-FR-FCM-Z2KP_healthy_final_seed-420_sub-sampling-1000	knn	num-1	run0	>20%	1	0.7002904382643222	0.821019098297062	0.6105157342657342	686400	1346699	0.5096907326730027
dataset_name-FR-FCM-Z2KP_healthy_final_seed-420_sub-sampling-1000	knn	num-2	run0	5-20%	4	0.4627225599311391	0.4709093036708892	0.4652649045616949	666788	1274361	0.5232332125669257
dataset_name-FR-FCM-Z2KP_healthy_final_seed-420_sub-sampling-1000	knn	num-2	run0	>20%	1	0.6989359874594687	0.7657283226455303	0.6428610224614985	607573	1274361	0.4767667874330743
dataset_name-FR-FCM-Z2KP_healthy_final_seed-420_sub-sampling-1000	knn	num-3	run0	5-20%	4	0.45231432357608425	0.4764392826829338	0.4970990436418542	569069	1174493	0.48452310912027574
dataset_name-FR-FCM-Z2KP_healthy_final_seed-420_sub-sampling-1000	knn	num-3	run0	>20%	1	0.6616172429293701	0.7537755194705086	0.589538901662306	605424	1174493	0.5154768908797243
dataset_name-FR-FCM-Z2KP_healthy_final_seed-420_sub-sampling-1000	knn	num-4	run0	5-20%	4	0.41996780726547756	0.3608610949233658	0.5555386266141376	596411	1266374	0.47095960593000175
dataset_name-FR-FCM-Z2KP_healthy_final_seed-420_sub-sampling-1000	knn	num-4	run0	>20%	1	0.6001097604008443	0.8271030732686974	0.47087973514955306	669963	1266374	0.5290403940699983
dataset_name-FR-FCM-Z2KP_healthy_final_seed-420_sub-sampling-1000	knn	num-5	run0	5-20%	4	0.42426589242576135	0.39471115467025736	0.4633812101901613	569992	1231233	0.4629440568925622
dataset_name-FR-FCM-Z2KP_healthy_final_seed-420_sub-sampling-1000	knn	num-5	run0	>20%	1	0.6624513988491246	0.772674593208758	0.5797492895933555	661241	1231233	0.5370559431074379
dataset_name-FR-FCM-Z2KP_healthy_final_seed-420_sub-sampling-1000	lda	num-1	run0	5-20%	4	0.827077284659576	0.860552048425399	0.798141295796889	660299	1346699	0.49030926732699737
dataset_name-FR-FCM-Z2KP_healthy_final_seed-420_sub-sampling-1000	lda	num-1	run0	>20%	1	0.9380369514663028	0.9729021170563432	0.9055842074592074	686400	1346699	0.5096907326730027
dataset_name-FR-FCM-Z2KP_healthy_final_seed-420_sub-sampling-1000	lda	num-2	run0	5-20%	4	0.8218581043619708	0.9254017587034303	0.7498805349619106	666788	1274361	0.5232332125669257
dataset_name-FR-FCM-Z2KP_healthy_final_seed-420_sub-sampling-1000	lda	num-2	run0	>20%	1	0.9557755290728589	0.9281145478143157	0.9851359425122578	607573	1274361	0.4767667874330743
dataset_name-FR-FCM-Z2KP_healthy_final_seed-420_sub-sampling-1000	lda	num-3	run0	5-20%	4	0.829712268523467	0.9328008057683485	0.7577076851857104	569069	1174493	0.48452310912027574
dataset_name-FR-FCM-Z2KP_healthy_final_seed-420_sub-sampling-1000	lda	num-3	run0	>20%	1	0.9556706323519565	0.9235844463208239	0.9900664658156928	605424	1174493	0.5154768908797243
dataset_name-FR-FCM-Z2KP_healthy_final_seed-420_sub-sampling-1000	lda	num-4	run0	5-20%	4	0.773768584764351	0.920772259753699	0.6629185795337555	596411	1266374	0.47095960593000175
dataset_name-FR-FCM-Z2KP_healthy_final_seed-420_sub-sampling-1000	lda	num-4	run0	>20%	1	0.9100470876023435	0.8493478137142798	0.9800899452656341	669963	1266374	0.5290403940699983
dataset_name-FR-FCM-Z2KP_healthy_final_seed-420_sub-sampling-1000	lda	num-5	run0	5-20%	4	0.8177339401813684	0.8813430475479447	0.7752770907015243	569992	1231233	0.4629440568925622
dataset_name-FR-FCM-Z2KP_healthy_final_seed-420_sub-sampling-1000	lda	num-5	run0	>20%	1	0.945086618560274	0.9148639198665953	0.9773743612389432	661241	1231233	0.5370559431074379
dataset_name-FR-FCM-Z2KP_healthy_final_seed-420_sub-sampling-1000	random	num-1	run0	5-20%	4	0.15233472049868674	0.139831098063964	0.16680918553130197	660299	1346699	0.49030926732699737
dataset_name-FR-FCM-Z2KP_healthy_final_seed-420_sub-sampling-1000	random	num-1	run0	>20%	1	0.25146341249363735	0.5090110495274639	0.16697698135198136	686400	1346699	0.5096907326730027
dataset_name-FR-FCM-Z2KP_healthy_final_seed-420_sub-sampling-1000	random	num-2	run0	5-20%	4	0.15592581839897052	0.1466404368220528	0.16683531653414824	666788	1274361	0.5232332125669257
dataset_name-FR-FCM-Z2KP_healthy_final_seed-420_sub-sampling-1000	random	num-2	run0	>20%	1	0.2473203870003572	0.4767468090305844	0.16696923661848043	607573	1274361	0.4767667874330743
dataset_name-FR-FCM-Z2KP_healthy_final_seed-420_sub-sampling-1000	random	num-3	run0	5-20%	4	0.14213350986826984	0.12538309077469884	0.16706450832595404	569069	1174493	0.48452310912027574
dataset_name-FR-FCM-Z2KP_healthy_final_seed-420_sub-sampling-1000	random	num-3	run0	>20%	1	0.25200145742036595	0.5152200089799583	0.16679054679034858	605424	1174493	0.5154768908797243
dataset_name-FR-FCM-Z2KP_healthy_final_seed-420_sub-sampling-1000	random	num-4	run0	5-20%	4	0.15195797713157957	0.139081922088983	0.16778200740829335	596411	1266374	0.47095960593000175
dataset_name-FR-FCM-Z2KP_healthy_final_seed-420_sub-sampling-1000	random	num-4	run0	>20%	1	0.2541036234399424	0.5293678364646106	0.16717490368871116	669963	1266374	0.5290403940699983
dataset_name-FR-FCM-Z2KP_healthy_final_seed-420_sub-sampling-1000	random	num-5	run0	5-20%	4	0.14434273184297597	0.12730949385485604	0.16601130089603766	569992	1231233	0.4629440568925622
dataset_name-FR-FCM-Z2KP_healthy_final_seed-420_sub-sampling-1000	random	num-5	run0	>20%	1	0.2554126036094021	0.5381956765848228	0.16743668344824353	661241	1231233	0.5370559431074379
dataset_name-FR-FCM-Z2KP_healthy_final_seed-420_sub-sampling-10000	cyanno	num-1	run0	5-20%	4	0.9803786204246672	0.9810486743664699	0.9793833629293505	660299	1346699	0.49030926732699737
dataset_name-FR-FCM-Z2KP_healthy_final_seed-420_sub-sampling-10000	cyanno	num-1	run0	>20%	1	0.9962874272379331	0.9936855438519197	0.9989029720279721	686400	1346699	0.5096907326730027
dataset_name-FR-FCM-Z2KP_healthy_final_seed-420_sub-sampling-10000	cyanno	num-2	run0	5-20%	4	0.9813338275674376	0.9718311750273002	0.9904886675683506	666788	1274361	0.5232332125669257
dataset_name-FR-FCM-Z2KP_healthy_final_seed-420_sub-sampling-10000	cyanno	num-2	run0	>20%	1	0.9954415022915715	0.9936937646175092	0.9971953987422087	607573	1274361	0.4767667874330743
dataset_name-FR-FCM-Z2KP_healthy_final_seed-420_sub-sampling-10000	cyanno	num-3	run0	5-20%	4	0.985515958868352	0.9796633240525527	0.991479200742925	569069	1174493	0.48452310912027574
dataset_name-FR-FCM-Z2KP_healthy_final_seed-420_sub-sampling-10000	cyanno	num-3	run0	>20%	1	0.9900369867656472	0.9814638675267086	0.9987611987631808	605424	1174493	0.5154768908797243
dataset_name-FR-FCM-Z2KP_healthy_final_seed-420_sub-sampling-10000	cyanno	num-4	run0	5-20%	4	0.985506719716899	0.9779507790183102	0.993259789544231	596411	1266374	0.47095960593000175
dataset_name-FR-FCM-Z2KP_healthy_final_seed-420_sub-sampling-10000	cyanno	num-4	run0	>20%	1	0.9970583406713132	0.9969586492701803	0.9971580520118275	669963	1266374	0.5290403940699983
dataset_name-FR-FCM-Z2KP_healthy_final_seed-420_sub-sampling-10000	cyanno	num-5	run0	5-20%	4	0.983163081230092	0.9742117121806779	0.992412867673534	569992	1231233	0.4629440568925622
dataset_name-FR-FCM-Z2KP_healthy_final_seed-420_sub-sampling-10000	cyanno	num-5	run0	>20%	1	0.9967291396707985	0.9959593153183625	0.9975001550115616	661241	1231233	0.5370559431074379
dataset_name-FR-FCM-Z2KP_healthy_final_seed-420_sub-sampling-10000	cygate	num-1	run0	5-20%	4	0.9589596171952669	0.9639868398743627	0.9537661029773529	660299	1346699	0.49030926732699737
dataset_name-FR-FCM-Z2KP_healthy_final_seed-420_sub-sampling-10000	cygate	num-1	run0	>20%	1	0.9682316189066393	0.9607912048818414	0.9757881701631702	686400	1346699	0.5096907326730027
dataset_name-FR-FCM-Z2KP_healthy_final_seed-420_sub-sampling-10000	cygate	num-2	run0	5-20%	4	0.8313805572493025	0.9783751205818572	0.7509697817371912	666788	1274361	0.5232332125669257
dataset_name-FR-FCM-Z2KP_healthy_final_seed-420_sub-sampling-10000	cygate	num-2	run0	>20%	1	0.9544507012870036	0.96019315431524	0.9487765256191437	607573	1274361	0.4767667874330743
dataset_name-FR-FCM-Z2KP_healthy_final_seed-420_sub-sampling-10000	cygate	num-3	run0	5-20%	4	0.9166414244742596	0.9683147981042585	0.8742989912573054	569069	1174493	0.48452310912027574
dataset_name-FR-FCM-Z2KP_healthy_final_seed-420_sub-sampling-10000	cygate	num-3	run0	>20%	1	0.9600556244223075	0.9645549698067029	0.95559806020243665	605424	1174493	0.5154768908797243
dataset_name-FR-FCM-Z2KP_healthy_final_seed-420_sub-sampling-10000	cygate	num-4	run0	5-20%	4	0.9662856737088636	0.9449288987678313	0.9839322364390624	596411	1266374	0.47095960593000175
dataset_name-FR-FCM-Z2KP_healthy_final_seed-420_sub-sampling-10000	cygate	num-4	run0	>20%	1	0.9836894623791539	0.9896072193571582	0.9778420599346531	669963	1266374	0.5290403940699983
dataset_name-FR-FCM-Z2KP_healthy_final_seed-420_sub-sampling-10000	cygate	num-5	run0	5-20%	4	0.8247460807654213	0.9812713076363531	0.8412240321164073	569992	1231233	0.4629440568925622
dataset_name-FR-FCM-Z2KP_healthy_final_seed-420_sub-sampling-10000	cygate	num-5	run0	>20%	1	0.9749360368155281	0.999323526049011	0.9517104958706433	661241	1231233	0.5370559431074379
dataset_name-FR-FCM-Z2KP_healthy_final_seed-420_sub-sampling-10000	dgcytof	num-1	run0	5-20%	4	0.8700728636099195	0.9034957057312227	0.8205868085234604	660299	1346699	0.49030926732699737
dataset_name-FR-FCM-Z2KP_healthy_final_seed-420_sub-sampling-10000	dgcytof	num-1	run0	>20%	1	0.9631442428785717	0.9641855460280705	0.9621051864801865	686400	1346699	0.5096907326730027
dataset_name-FR-FCM-Z2KP_healthy_final_seed-420_sub-sampling-10000	dgcytof	num-2	run0	5-20%	4	0.9199228400898776	0.8980225447340866	0.9401416974079273	666788	1274361	0.5232332125669257
dataset_name-FR-FCM-Z2KP_healthy_final_seed-420_sub-sampling-10000	dgcytof	num-2	run0	>20%	1	0.9589703381179691	0.926814362577697	0.993437825578161	607573	1274361	0.4767667874330743
dataset_name-FR-FCM-Z2KP_healthy_final_seed-420_sub-sampling-10000	dgcytof	num-3	run0	5-20%	4	0.9143761840935944	0.8949261490018575	0.9346958873845066	569069	1174493	0.48452310912027574
dataset_name-FR-FCM-Z2KP_healthy_final_seed-420_sub-sampling-10000	dgcytof	num-3	run0	>20%	1	0.9687213913922482	0.956374213092404	0.9813915536879939	605424	1174493	0.5154768908797243
dataset_name-FR-FCM-Z2KP_healthy_final_seed-420_sub-sampling-10000	dgcytof	num-4	run0	5-20%	4	0.6291585627057958	0.9410393853468026	0.7936029561244999	596411	1266374	0.47095960593000175
dataset_name-FR-FCM-Z2KP_healthy_final_seed-420_sub-sampling-10000	dgcytof	num-4	run0	>20%	1	0.9471085532258481	0.9359086086692937	0.9585798021681794	669963	1266374	0.5290403940699983
dataset_name-FR-FCM-Z2KP_healthy_final_seed-420_sub-sampling-10000	dgcytof	num-5	run0	5-20%	4	0.8983643064812592	0.8799703360971707	0.923153255870655	569992	1231233	0.4629440568925622
dataset_name-FR-FCM-Z2KP_healthy_final_seed-420_sub-sampling-10000	dgcytof	num-5	run0	>20%	1	0.9615220420623606	0.9320668144997573	0.9928997143250343	661241	1231233	0.5370559431074379
dataset_name-FR-FCM-Z2KP_healthy_final_seed-420_sub-sampling-10000	gatemeclass	num-1	run0	5-20%	4	0.6685865398007618	0.6202431201323966	0.8520098082664596	660299	1346699	0.49030926732699737
dataset_name-FR-FCM-Z2KP_healthy_final_seed-420_sub-sampling-10000	gatemeclass	num-1	run0	>20%	1	0.30186452650477136	0.8536332250340838	0.18335081585081586	686400	1346699	0.5096907326730027
dataset_name-FR-FCM-Z2KP_healthy_final_seed-420_sub-sampling-10000	gatemeclass	num-2	run0	5-20%	4	0.27830328451509667	0.6086714695690167	0.44663684004567955	666788	1274361	0.5232332125669257
dataset_name-FR-FCM-Z2KP_healthy_final_seed-420_sub-sampling-10000	gatemeclass	num-2	run0	>20%	1	0.5930658230898267	0.7921326988144032	0.47395786185363736	607573	1274361	0.4767667874330743
dataset_name-FR-FCM-Z2KP_healthy_final_seed-420_sub-sampling-10000	gatemeclass	num-3	run0	5-20%	4	0.9244757526496414	0.8992422482048027	0.47559010451984496	569069	1174493	0.48452310912027574
dataset_name-FR-FCM-Z2KP_healthy_final_seed-420_sub-sampling-10000	gatemeclass	num-3	run0	>20%	1	NA	NA	0	605424	1174493	0.5154768908797243
dataset_name-FR-FCM-Z2KP_healthy_final_seed-420_sub-sampling-10000	gatemeclass	num-4	run0	5-20%	4	0.5533728177783412	0.6420323959809409	0.5162252018807053	596411	1266374	0.47095960593000175
dataset_name-FR-FCM-Z2KP_healthy_final_seed-420_sub-sampling-10000	gatemeclass	num-4	run0	>20%	1	0.7711829735188607	0.742771221768256	0.8018547292910205	669963	1266374	0.5290403940699983
dataset_name-FR-FCM-Z2KP_healthy_final_seed-420_sub-sampling-10000	gatemeclass	num-5	run0	5-20%	4	0.9348183741984757	0.918287475539384	0.47598447208556954	569992	1231233	0.4629440568925622
dataset_name-FR-FCM-Z2KP_healthy_final_seed-420_sub-sampling-10000	gatemeclass	num-5	run0	>20%	1	NA	NA	0	661241	1231233	0.5370559431074379
dataset_name-FR-FCM-Z2KP_healthy_final_seed-420_sub-sampling-10000	knn	num-1	run0	5-20%	4	0.5671983793908076	0.5704088408784149	0.5579609339822582	660299	1346699	0.49030926732699737
dataset_name-FR-FCM-Z2KP_healthy_final_seed-420_sub-sampling-10000	knn	num-1	run0	>20%	1	0.6924577218964992	0.8274216408844254	0.5953481934731935	686400	1346699	0.5096907326730027
dataset_name-FR-FCM-Z2KP_healthy_final_seed-420_sub-sampling-10000	knn	num-2	run0	5-20%	4	0.5330894142181518	0.5387143333997689	0.5299661805139513	666788	1274361	0.5232332125669257
dataset_name-FR-FCM-Z2KP_healthy_final_seed-420_sub-sampling-10000	knn	num-2	run0	>20%	1	0.7070430626158399	0.783481030268697	0.6441941955946034	607573	1274361	0.4767667874330743
dataset_name-FR-FCM-Z2KP_healthy_final_seed-420_sub-sampling-10000	knn	num-3	run0	5-20%	4	0.49394389612060063	0.48874140327603793	0.5576384308333057	569069	1174493	0.48452310912027574
dataset_name-FR-FCM-Z2KP_healthy_final_seed-420_sub-sampling-10000	knn	num-3	run0	>20%	1	0.681792374711642	0.7946030908571303	0.5970311715425883	605424	1174493	0.5154768908797243
dataset_name-FR-FCM-Z2KP_healthy_final_seed-420_sub-sampling-10000	knn	num-4	run0	5-20%	4	0.5089142416707623	0.4844144774072614	0.5625155523867053	596411	1266374	0.47095960593000175
dataset_name-FR-FCM-Z2KP_healthy_final_seed-420_sub-sampling-10000	knn	num-4	run0	>20%	1	0.6672586403541354	0.8049583326304425	0.5697881823324572	669963	1266374	0.5290403940699983
dataset_name-FR-FCM-Z2KP_healthy_final_seed-420_sub-sampling-10000	knn	num-5	run0	5-20%	4	0.4767628088198609	0.45227943771375106	0.5107470406606499	569992	1231233	0.4629440568925622
dataset_name-FR-FCM-Z2KP_healthy_final_seed-420_sub-sampling-10000	knn	num-5	run0	>20%	1	0.6170359023767125	0.7646339418465563	0.5172002341052657	661241	1231233	0.5370559431074379
dataset_name-FR-FCM-Z2KP_healthy_final_seed-420_sub-sampling-10000	lda	num-1	run0	5-20%	4	0.9123993691874499	0.9046572229769159	0.9158570748034993	660299	1346699	0.49030926732699737
dataset_name-FR-FCM-Z2KP_healthy_final_seed-420_sub-sampling-10000	lda	num-1	run0	>20%	1	0.9748380141509955	0.9849014520122228	0.9649781468531469	686400	1346699	0.5096907326730027
dataset_name-FR-FCM-Z2KP_healthy_final_seed-420_sub-sampling-10000	lda	num-2	run0	5-20%	4	0.859190938978239	0.9275956727896382	0.799413498923905	666788	1274361	0.5232332125669257
dataset_name-FR-FCM-Z2KP_healthy_final_seed-420_sub-sampling-10000	lda	num-2	run0	>20%	1	0.9585955852027185	0.9495188930746116	0.9678474849935728	607573	1274361	0.4767667874330743
dataset_name-FR-FCM-Z2KP_healthy_final_seed-420_sub-sampling-10000	lda	num-3	run0	5-20%	4	0.8421102984712476	0.9490393181456935	0.7673006901731603	569069	1174493	0.48452310912027574
dataset_name-FR-FCM-Z2KP_healthy_final_seed-420_sub-sampling-10000	lda	num-3	run0	>20%	1	0.960717800196811	0.9315894654200271	0.9917264594730305	605424	1174493	0.5154768908797243
dataset_name-FR-FCM-Z2KP_healthy_final_seed-420_sub-sampling-10000	lda	num-4	run0	5-20%	4	0.8022489936468384	0.9216008976797548	0.703847771792903	596411	1266374	0.47095960593000175
dataset_name-FR-FCM-Z2KP_healthy_final_seed-420_sub-sampling-10000	lda	num-4	run0	>20%	1	0.9226888249826946	0.8725978458283714	0.9788809232748674	669963	1266374	0.5290403940699983
dataset_name-FR-FCM-Z2KP_healthy_final_seed-420_sub-sampling-10000	lda	num-5	run0	5-20%	4	0.8205320394074751	0.9271828402649638	0.7373280704251954	569992	1231233	0.4629440568925622
dataset_name-FR-FCM-Z2KP_healthy_final_seed-420_sub-sampling-10000	lda	num-5	run0	>20%	1	0.931370966705278	0.882347528756862	0.9861623825503864	661241	1231233	0.5370559431074379
dataset_name-FR-FCM-Z2KP_healthy_final_seed-420_sub-sampling-10000	random	num-1	run0	5-20%	4	0.15179209213715195	0.1393262583050563	0.16680918553130197	660299	1346699	0.49030926732699737
dataset_name-FR-FCM-Z2KP_healthy_final_seed-420_sub-sampling-10000	random	num-1	run0	>20%	1	0.25089249818204984	0.5099077538554959	0.16637820512820511	686400	1346699	0.5096907326730027
dataset_name-FR-FCM-Z2KP_healthy_final_seed-420_sub-sampling-10000	random	num-2	run0	5-20%	4	0.15617750796480545	0.14670801122747884	0.16728955865158912	666788	1274361	0.5232332125669257
dataset_name-FR-FCM-Z2KP_healthy_final_seed-420_sub-sampling-10000	random	num-2	run0	>20%	1	0.24593432931993528	0.4756312279028931	0.1658434459727473	607573	1274361	0.4767667874330743
dataset_name-FR-FCM-Z2KP_healthy_final_seed-420_sub-sampling-10000	random	num-3	run0	5-20%	4	0.14238721089357717	0.12534042296585315	0.1668628878320394	569069	1174493	0.48452310912027574
dataset_name-FR-FCM-Z2KP_healthy_final_seed-420_sub-sampling-10000	random	num-3	run0	>20%	1	0.25133065266623944	0.5155773537717234	0.16616619096699173	605424	1174493	0.5154768908797243
dataset_name-FR-FCM-Z2KP_healthy_final_seed-420_sub-sampling-10000	random	num-4	run0	5-20%	4	0.15066419571377326	0.13786730717137527	0.16672954704479487	596411	1266374	0.47095960593000175
dataset_name-FR-FCM-Z2KP_healthy_final_seed-420_sub-sampling-10000	random	num-4	run0	>20%	1	0.2533739502193266	0.529974959493298	0.16648382074830997	669963	1266374	0.5290403940699983
dataset_name-FR-FCM-Z2KP_healthy_final_seed-420_sub-sampling-10000	random	num-5	run0	5-20%	4	0.14465797175625086	0.12757488813705942	0.16629856865407172	569992	1231233	0.4629440568925622
dataset_name-FR-FCM-Z2KP_healthy_final_seed-420_sub-sampling-10000	random	num-5	run0	>20%	1	0.2549835757047437	0.5390180323547502	0.16698904030451833	661241	1231233	0.5370559431074379
dataset_name-FR-FCM-Z2KP_healthy_final_seed-420_sub-sampling-100000	cyanno	num-1	run0	5-20%	4	0.9846710749989283	0.9865720115716103	0.9827877276749434	660299	1346699	0.49030926732699737
dataset_name-FR-FCM-Z2KP_healthy_final_seed-420_sub-sampling-100000	cyanno	num-1	run0	>20%	1	0.9981553253877894	0.9975134005738531	0.9987980769230769	686400	1346699	0.5096907326730027
dataset_name-FR-FCM-Z2KP_healthy_final_seed-420_sub-sampling-100000	cyanno	num-2	run0	5-20%	4	0.9871476871663998	0.9822334844392597	0.9921610914213769	666788	1274361	0.5232332125669257
dataset_name-FR-FCM-Z2KP_healthy_final_seed-420_sub-sampling-100000	cyanno	num-2	run0	>20%	1	0.9973305990254098	0.9957099781151465	0.9989565039921129	607573	1274361	0.4767667874330743
dataset_name-FR-FCM-Z2KP_healthy_final_seed-420_sub-sampling-100000	cyanno	num-3	run0	5-20%	4	0.9907254966168706	0.9892198643006515	0.9922408560656515	569069	1174493	0.48452310912027574
dataset_name-FR-FCM-Z2KP_healthy_final_seed-420_sub-sampling-100000	cyanno	num-3	run0	>20%	1	0.998258496532255	0.9971701549410216	0.9993492164169243	605424	1174493	0.5154768908797243
dataset_name-FR-FCM-Z2KP_healthy_final_seed-420_sub-sampling-100000	cyanno	num-4	run0	5-20%	4	0.9894694044132513	0.9841133540846732	0.9949355746748672	596411	1266374	0.47095960593000175
dataset_name-FR-FCM-Z2KP_healthy_final_seed-420_sub-sampling-100000	cyanno	num-4	run0	>20%	1	0.9982338259270176	0.9980409476263089	0.9984267787922617	669963	1266374	0.5290403940699983
dataset_name-FR-FCM-Z2KP_healthy_final_seed-420_sub-sampling-100000	cyanno	num-5	run0	5-20%	4	0.9882497621847728	0.9823016888408949	0.9943305022499874	569992	1231233	0.4629440568925622
dataset_name-FR-FCM-Z2KP_healthy_final_seed-420_sub-sampling-100000	cyanno	num-5	run0	>20%	1	0.9977753941815559	0.9974368662062295	0.9981141520262657	661241	1231233	0.5370559431074379
dataset_name-FR-FCM-Z2KP_healthy_final_seed-420_sub-sampling-100000	cygate	num-1	run0	5-20%	4	0.9398792013697848	0.9779836281424905	0.9074261046308071	660299	1346699	0.49030926732699737
dataset_name-FR-FCM-Z2KP_healthy_final_seed-420_sub-sampling-100000	cygate	num-1	run0	>20%	1	0.9695699705823312	0.9611843970209684	0.9781031468531468	686400	1346699	0.5096907326730027
dataset_name-FR-FCM-Z2KP_healthy_final_seed-420_sub-sampling-100000	cygate	num-2	run0	5-20%	4	0.7946950467365503	0.9875047592458621	0.7323408158089876	666788	1274361	0.5232332125669257
dataset_name-FR-FCM-Z2KP_healthy_final_seed-420_sub-sampling-100000	cygate	num-2	run0	>20%	1	0.9560612687116077	0.9623377727826793	0.9498661066242245	607573	1274361	0.4767667874330743
dataset_name-FR-FCM-Z2KP_healthy_final_seed-420_sub-sampling-100000	cygate	num-3	run0	5-20%	4	0.9130699788804583	0.9700354054044269	0.8656593805190996	569069	1174493	0.48452310912027574
dataset_name-FR-FCM-Z2KP_healthy_final_seed-420_sub-sampling-100000	cygate	num-3	run0	>20%	1	0.9628941594469007	0.9660768678256474	0.9597323528634477	605424	1174493	0.5154768908797243
dataset_name-FR-FCM-Z2KP_healthy_final_seed-420_sub-sampling-100000	cygate	num-4	run0	5-20%	4	0.96290814608713	0.9389770833788006	0.9829561211851743	596411	1266374	0.47095960593000175
dataset_name-FR-FCM-Z2KP_healthy_final_seed-420_sub-sampling-100000	cygate	num-4	run0	>20%	1	0.9840058513161327	0.9911787332509511	0.9769360397514489	669963	1266374	0.5290403940699983
dataset_name-FR-FCM-Z2KP_healthy_final_seed-420_sub-sampling-100000	cygate	num-5	run0	5-20%	4	0.8105664764010004	0.9812713076363531	0.7323440799398951	569992	1231233	0.4629440568925622
dataset_name-FR-FCM-Z2KP_healthy_final_seed-420_sub-sampling-100000	cygate	num-5	run0	>20%	1	0.9642270706738679	0.9703166802706921	0.9582134199180027	661241	1231233	0.5370559431074379
dataset_name-FR-FCM-Z2KP_healthy_final_seed-420_sub-sampling-100000	dgcytof	num-1	run0	5-20%	4	0.9295041140259028	0.8929338382750286	0.9761398223742537	660299	1346699	0.49030926732699737
dataset_name-FR-FCM-Z2KP_healthy_final_seed-420_sub-sampling-100000	dgcytof	num-1	run0	>20%	1	0.9808097054899888	0.9826196561949827	0.9790064102564102	686400	1346699	0.5096907326730027
dataset_name-FR-FCM-Z2KP_healthy_final_seed-420_sub-sampling-100000	dgcytof	num-2	run0	5-20%	4	0.9266624380092401	0.8867031743913993	0.9744623168457993	666788	1274361	0.5232332125669257
dataset_name-FR-FCM-Z2KP_healthy_final_seed-420_sub-sampling-100000	dgcytof	num-2	run0	>20%	1	0.9627756423224764	0.9327786600488619	0.9947660610329953	607573	1274361	0.4767667874330743
dataset_name-FR-FCM-Z2KP_healthy_final_seed-420_sub-sampling-100000	dgcytof	num-3	run0	5-20%	4	0.9372405003771735	0.9214835208331564	0.9491698478293792	569069	1174493	0.48452310912027574
dataset_name-FR-FCM-Z2KP_healthy_final_seed-420_sub-sampling-100000	dgcytof	num-3	run0	>20%	1	0.9713232775877788	0.9462065465617864	0.9978097994133037	605424	1174493	0.5154768908797243
dataset_name-FR-FCM-Z2KP_healthy_final_seed-420_sub-sampling-100000	dgcytof	num-4	run0	5-20%	4	0.9155097875249093	0.8955829242156164	0.9296283238369136	596411	1266374	0.47095960593000175
dataset_name-FR-FCM-Z2KP_healthy_final_seed-420_sub-sampling-100000	dgcytof	num-4	run0	>20%	1	0.9761941576581153	0.9632660119065782	0.9894740455816217	669963	1266374	0.5290403940699983
dataset_name-FR-FCM-Z2KP_healthy_final_seed-420_sub-sampling-100000	dgcytof	num-5	run0	5-20%	4	0.9232014543010589	0.8998469767150383	0.950112523145897	569992	1231233	0.4629440568925622
dataset_name-FR-FCM-Z2KP_healthy_final_seed-420_sub-sampling-100000	dgcytof	num-5	run0	>20%	1	0.9796890698141713	0.9644525978469352	0.9954146823926526	661241	1231233	0.5370559431074379
dataset_name-FR-FCM-Z2KP_healthy_final_seed-420_sub-sampling-100000	gatemeclass	num-1	run0	5-20%	4	0.3169542516466443	0.603830986452393	0.5113776194108954	660299	1346699	0.49030926732699737
dataset_name-FR-FCM-Z2KP_healthy_final_seed-420_sub-sampling-100000	gatemeclass	num-1	run0	>20%	1	0.28420920116502624	0.8822877696749861	0.169386655011655	686400	1346699	0.5096907326730027
dataset_name-FR-FCM-Z2KP_healthy_final_seed-420_sub-sampling-100000	gatemeclass	num-2	run0	5-20%	4	0.2274135190006362	0.5609170054881162	0.2880033891117465	666788	1274361	0.5232332125669257
dataset_name-FR-FCM-Z2KP_healthy_final_seed-420_sub-sampling-100000	gatemeclass	num-2	run0	>20%	1	0.002061696179231805	0.025225990883102834	0.0010747679702685932	607573	1274361	0.4767667874330743
dataset_name-FR-FCM-Z2KP_healthy_final_seed-420_sub-sampling-100000	gatemeclass	num-3	run0	5-20%	4	0.619194459814317	0.571201154817377	0.45573947323493347	569069	1174493	0.48452310912027574
dataset_name-FR-FCM-Z2KP_healthy_final_seed-420_sub-sampling-100000	gatemeclass	num-3	run0	>20%	1	NA	NA	0	605424	1174493	0.5154768908797243
dataset_name-FR-FCM-Z2KP_healthy_final_seed-420_sub-sampling-100000	gatemeclass	num-4	run0	5-20%	4	0.9395569824161776	0.9094148207018311	0.4751232820999475	596411	1266374	0.47095960593000175
dataset_name-FR-FCM-Z2KP_healthy_final_seed-420_sub-sampling-100000	gatemeclass	num-4	run0	>20%	1	NA	NA	0	669963	1266374	0.5290403940699983
dataset_name-FR-FCM-Z2KP_healthy_final_seed-420_sub-sampling-100000	gatemeclass	num-5	run0	5-20%	4	0.5255686333150104	0.6270715823064914	0.5638505986333172	569992	1231233	0.4629440568925622
dataset_name-FR-FCM-Z2KP_healthy_final_seed-420_sub-sampling-100000	gatemeclass	num-5	run0	>20%	1	0.7703403080307398	0.7350334010558113	0.8092102576821462	661241	1231233	0.5370559431074379
dataset_name-FR-FCM-Z2KP_healthy_final_seed-420_sub-sampling-100000	knn	num-1	run0	5-20%	4	0.5127086357370426	0.5118735419819656	0.5163279480144601	660299	1346699	0.49030926732699737
dataset_name-FR-FCM-Z2KP_healthy_final_seed-420_sub-sampling-100000	knn	num-1	run0	>20%	1	0.6174675876334356	0.8431705840815091	0.4870833333333333	686400	1346699	0.5096907326730027
dataset_name-FR-FCM-Z2KP_healthy_final_seed-420_sub-sampling-100000	knn	num-2	run0	5-20%	4	0.5481336867860114	0.5452294114641907	0.552810570640929	666788	1274361	0.5232332125669257
dataset_name-FR-FCM-Z2KP_healthy_final_seed-420_sub-sampling-100000	knn	num-2	run0	>20%	1	0.7316854125556608	0.8013700106395277	0.6731503868670925	607573	1274361	0.4767667874330743
dataset_name-FR-FCM-Z2KP_healthy_final_seed-420_sub-sampling-100000	knn	num-3	run0	5-20%	4	0.49289387555166203	0.49826890631484694	0.5545381103335606	569069	1174493	0.48452310912027574
dataset_name-FR-FCM-Z2KP_healthy_final_seed-420_sub-sampling-100000	knn	num-3	run0	>20%	1	0.6948189343228337	0.7850080932744681	0.6232177779539628	605424	1174493	0.5154768908797243
dataset_name-FR-FCM-Z2KP_healthy_final_seed-420_sub-sampling-100000	knn	num-4	run0	5-20%	4	0.49526456561372256	0.4333360978045331	0.596580119174857	596411	1266374	0.47095960593000175
dataset_name-FR-FCM-Z2KP_healthy_final_seed-420_sub-sampling-100000	knn	num-4	run0	>20%	1	0.6484928364364375	0.8301220250570537	0.5320756519389876	669963	1266374	0.5290403940699983
dataset_name-FR-FCM-Z2KP_healthy_final_seed-420_sub-sampling-100000	knn	num-5	run0	5-20%	4	0.49503899935824397	0.4493548635183625	0.5591437225924805	569992	1231233	0.4629440568925622
dataset_name-FR-FCM-Z2KP_healthy_final_seed-420_sub-sampling-100000	knn	num-5	run0	>20%	1	0.6535358228003567	0.7940796716071223	0.5552604874773343	661241	1231233	0.5370559431074379
dataset_name-FR-FCM-Z2KP_healthy_final_seed-420_sub-sampling-100000	lda	num-1	run0	5-20%	4	0.9090252414677861	0.9115285740347505	0.9026680939605152	660299	1346699	0.49030926732699737
dataset_name-FR-FCM-Z2KP_healthy_final_seed-420_sub-sampling-100000	lda	num-1	run0	>20%	1	0.9728460578083817	0.9856197931929501	0.9603991841491841	686400	1346699	0.5096907326730027
dataset_name-FR-FCM-Z2KP_healthy_final_seed-420_sub-sampling-100000	lda	num-2	run0	5-20%	4	0.8492131946422115	0.9246345397796106	0.7870708242123998	666788	1274361	0.5232332125669257
dataset_name-FR-FCM-Z2KP_healthy_final_seed-420_sub-sampling-100000	lda	num-2	run0	>20%	1	0.9581220124637249	0.9334737381133407	0.984107259539183	607573	1274361	0.4767667874330743
dataset_name-FR-FCM-Z2KP_healthy_final_seed-420_sub-sampling-100000	lda	num-3	run0	5-20%	4	0.8236439309511931	0.9517498734490957	0.738725791432588	569069	1174493	0.48452310912027574
dataset_name-FR-FCM-Z2KP_healthy_final_seed-420_sub-sampling-100000	lda	num-3	run0	>20%	1	0.9507060673626861	0.919087399238934	0.9845777504690927	605424	1174493	0.5154768908797243
dataset_name-FR-FCM-Z2KP_healthy_final_seed-420_sub-sampling-100000	lda	num-4	run0	5-20%	4	0.8016145998494777	0.9229730316295672	0.7032348884756647	596411	1266374	0.47095960593000175
dataset_name-FR-FCM-Z2KP_healthy_final_seed-420_sub-sampling-100000	lda	num-4	run0	>20%	1	0.9205726992767603	0.8684233165291761	0.9793854287475577	669963	1266374	0.5290403940699983
dataset_name-FR-FCM-Z2KP_healthy_final_seed-420_sub-sampling-100000	lda	num-5	run0	5-20%	4	0.7918426445590636	0.926565036878344	0.6886059528990651	569992	1231233	0.4629440568925622
dataset_name-FR-FCM-Z2KP_healthy_final_seed-420_sub-sampling-100000	lda	num-5	run0	>20%	1	0.9207487500731724	0.8627025726829861	0.9871695796237681	661241	1231233	0.5370559431074379
dataset_name-FR-FCM-Z2KP_healthy_final_seed-420_sub-sampling-100000	random	num-1	run0	5-20%	4	0.1517539093482659	0.139269268591179	0.1667075238712788	660299	1346699	0.49030926732699737
dataset_name-FR-FCM-Z2KP_healthy_final_seed-420_sub-sampling-100000	random	num-1	run0	>20%	1	0.25122505184388677	0.5088315036223832	0.16678613053613053	686400	1346699	0.5096907326730027
dataset_name-FR-FCM-Z2KP_healthy_final_seed-420_sub-sampling-100000	random	num-2	run0	5-20%	4	0.1561982257700435	0.14680229972192427	0.167205175183628	666788	1274361	0.5232332125669257
dataset_name-FR-FCM-Z2KP_healthy_final_seed-420_sub-sampling-100000	random	num-2	run0	>20%	1	0.2470946104048046	0.47600847063684726	0.16685402412549602	607573	1274361	0.4767667874330743
dataset_name-FR-FCM-Z2KP_healthy_final_seed-420_sub-sampling-100000	random	num-3	run0	5-20%	4	0.14212538283906867	0.1252402779101654	0.1658560442256019	569069	1174493	0.48452310912027574
dataset_name-FR-FCM-Z2KP_healthy_final_seed-420_sub-sampling-100000	random	num-3	run0	>20%	1	0.25328905941192825	0.5167359439947495	0.16776011522503237	605424	1174493	0.5154768908797243
dataset_name-FR-FCM-Z2KP_healthy_final_seed-420_sub-sampling-100000	random	num-4	run0	5-20%	4	0.151915956746761	0.13907991740966197	0.16660823987022838	596411	1266374	0.47095960593000175
dataset_name-FR-FCM-Z2KP_healthy_final_seed-420_sub-sampling-100000	random	num-4	run0	>20%	1	0.2533739502193266	0.529974959493298	0.16648382074830997	669963	1266374	0.5290403940699983
dataset_name-FR-FCM-Z2KP_healthy_final_seed-420_sub-sampling-100000	random	num-5	run0	5-20%	4	0.14444321933519638	0.12739877127841595	0.16633811489291925	569992	1231233	0.4629440568925622
dataset_name-FR-FCM-Z2KP_healthy_final_seed-420_sub-sampling-100000	random	num-5	run0	>20%	1	0.2555271334100655	0.5381816415263913	0.1675364957708309	661241	1231233	0.5370559431074379
dataset_name-FR-FCM-Z2KP_healthy_final_seed-420_sub-sampling-5000	cyanno	num-1	run0	5-20%	4	0.9758800178262765	0.976415771346093	0.9737909200715844	660299	1346699	0.49030926732699737
dataset_name-FR-FCM-Z2KP_healthy_final_seed-420_sub-sampling-5000	cyanno	num-1	run0	>20%	1	0.9944146731342438	0.9910061377033241	0.9978467365967366	686400	1346699	0.5096907326730027
dataset_name-FR-FCM-Z2KP_healthy_final_seed-420_sub-sampling-5000	cyanno	num-2	run0	5-20%	4	0.9781330415085779	0.9677878009706957	0.9868203534692582	666788	1274361	0.5232332125669257
dataset_name-FR-FCM-Z2KP_healthy_final_seed-420_sub-sampling-5000	cyanno	num-2	run0	>20%	1	0.9906287503175898	0.9834644519781343	0.9978981949494135	607573	1274361	0.4767667874330743
dataset_name-FR-FCM-Z2KP_healthy_final_seed-420_sub-sampling-5000	cyanno	num-3	run0	5-20%	4	0.9809701215182847	0.9720686560570746	0.9888741407841499	569069	1174493	0.48452310912027574
dataset_name-FR-FCM-Z2KP_healthy_final_seed-420_sub-sampling-5000	cyanno	num-3	run0	>20%	1	0.9840217686720557	0.9697593256113091	0.9987099949787257	605424	1174493	0.5154768908797243
dataset_name-FR-FCM-Z2KP_healthy_final_seed-420_sub-sampling-5000	cyanno	num-4	run0	5-20%	4	0.9833776348751415	0.9739330183356858	0.9927642218717372	596411	1266374	0.47095960593000175
dataset_name-FR-FCM-Z2KP_healthy_final_seed-420_sub-sampling-5000	cyanno	num-4	run0	>20%	1	0.9963956353606828	0.9963093903853127	0.9964818952688432	669963	1266374	0.5290403940699983
dataset_name-FR-FCM-Z2KP_healthy_final_seed-420_sub-sampling-5000	cyanno	num-5	run0	5-20%	4	0.9812006170473762	0.9757838611680869	0.9945732471202324	569992	1231233	0.4629440568925622
dataset_name-FR-FCM-Z2KP_healthy_final_seed-420_sub-sampling-5000	cyanno	num-5	run0	>20%	1	0.995905639339705	0.9949360860095603	0.9968770841493495	661241	1231233	0.5370559431074379
dataset_name-FR-FCM-Z2KP_healthy_final_seed-420_sub-sampling-5000	cygate	num-1	run0	5-20%	4	0.9284150050984297	0.9767035468615941	0.8878723016656407	660299	1346699	0.49030926732699737
dataset_name-FR-FCM-Z2KP_healthy_final_seed-420_sub-sampling-5000	cygate	num-1	run0	>20%	1	0.9701675833979886	0.9621976138685651	0.9782706876456877	686400	1346699	0.5096907326730027
dataset_name-FR-FCM-Z2KP_healthy_final_seed-420_sub-sampling-5000	cygate	num-2	run0	5-20%	4	0.8433613905326809	0.9832251498313043	0.7621928623280627	666788	1274361	0.5232332125669257
dataset_name-FR-FCM-Z2KP_healthy_final_seed-420_sub-sampling-5000	cygate	num-2	run0	>20%	1	0.9559289115587074	0.9625123890822568	0.9494348827219116	607573	1274361	0.4767667874330743
dataset_name-FR-FCM-Z2KP_healthy_final_seed-420_sub-sampling-5000	cygate	num-3	run0	5-20%	4	0.903612840864142	0.945941002515949	0.8657065147574103	569069	1174493	0.48452310912027574
dataset_name-FR-FCM-Z2KP_healthy_final_seed-420_sub-sampling-5000	cygate	num-3	run0	>20%	1	0.9627502461437479	0.9661420387632488	0.9593821850471735	605424	1174493	0.5154768908797243
dataset_name-FR-FCM-Z2KP_healthy_final_seed-420_sub-sampling-5000	cygate	num-4	run0	5-20%	4	0.9381009012111754	0.938975310357548	0.9341757343286807	596411	1266374	0.47095960593000175
dataset_name-FR-FCM-Z2KP_healthy_final_seed-420_sub-sampling-5000	cygate	num-4	run0	>20%	1	0.9764947836588743	0.9993858981591008	0.9546288377119333	669963	1266374	0.5290403940699983
dataset_name-FR-FCM-Z2KP_healthy_final_seed-420_sub-sampling-5000	cygate	num-5	run0	5-20%	4	0.8184148705634184	0.9780269242308418	0.7311786802526581	569992	1231233	0.4629440568925622
dataset_name-FR-FCM-Z2KP_healthy_final_seed-420_sub-sampling-5000	cygate	num-5	run0	>20%	1	0.9638152511085315	0.9703203695699488	0.9573967736422878	661241	1231233	0.5370559431074379
dataset_name-FR-FCM-Z2KP_healthy_final_seed-420_sub-sampling-5000	dgcytof	num-1	run0	5-20%	4	0.9027039923570064	0.9006343084885038	0.9002975670507956	660299	1346699	0.49030926732699737
dataset_name-FR-FCM-Z2KP_healthy_final_seed-420_sub-sampling-5000	dgcytof	num-1	run0	>20%	1	0.9679043057998352	0.9419188333308058	0.9953642191142191	686400	1346699	0.5096907326730027
dataset_name-FR-FCM-Z2KP_healthy_final_seed-420_sub-sampling-5000	dgcytof	num-2	run0	5-20%	4	0.9054335150623535	0.8632551091537063	0.9461681289154573	666788	1274361	0.5232332125669257
dataset_name-FR-FCM-Z2KP_healthy_final_seed-420_sub-sampling-5000	dgcytof	num-2	run0	>20%	1	0.959947703380521	0.9555773734579781	0.964358192348903	607573	1274361	0.4767667874330743
dataset_name-FR-FCM-Z2KP_healthy_final_seed-420_sub-sampling-5000	dgcytof	num-3	run0	5-20%	4	0.5940343840037476	0.9032354536207503	0.7073080083451139	569069	1174493	0.48452310912027574
dataset_name-FR-FCM-Z2KP_healthy_final_seed-420_sub-sampling-5000	dgcytof	num-3	run0	>20%	1	0.9488417414532231	0.9228923187421443	0.9762926477972462	605424	1174493	0.5154768908797243
dataset_name-FR-FCM-Z2KP_healthy_final_seed-420_sub-sampling-5000	dgcytof	num-4	run0	5-20%	4	0.6551567612430762	0.9393948372186367	0.8023382708258883	596411	1266374	0.47095960593000175
dataset_name-FR-FCM-Z2KP_healthy_final_seed-420_sub-sampling-5000	dgcytof	num-4	run0	>20%	1	0.8999599219730914	0.9461899941568114	0.8580369363681278	669963	1266374	0.5290403940699983
dataset_name-FR-FCM-Z2KP_healthy_final_seed-420_sub-sampling-5000	dgcytof	num-5	run0	5-20%	4	0.8327363362480065	0.9173009553284904	0.7625017551406419	569992	1231233	0.4629440568925622
dataset_name-FR-FCM-Z2KP_healthy_final_seed-420_sub-sampling-5000	dgcytof	num-5	run0	>20%	1	0.9217508598224564	0.8646516921519605	0.9869245857410536	661241	1231233	0.5370559431074379
dataset_name-FR-FCM-Z2KP_healthy_final_seed-420_sub-sampling-5000	gatemeclass	num-1	run0	5-20%	4	0.3971334744683211	0.2485425237910638	0.5653888712449765	660299	1346699	0.49030926732699737
dataset_name-FR-FCM-Z2KP_healthy_final_seed-420_sub-sampling-5000	gatemeclass	num-1	run0	>20%	1	0.29761783011864523	0.8545390477638134	0.18018648018648017	686400	1346699	0.5096907326730027
dataset_name-FR-FCM-Z2KP_healthy_final_seed-420_sub-sampling-5000	gatemeclass	num-2	run0	5-20%	4	0.36958625361412933	0.6024938214041148	0.5099959251382642	666788	1274361	0.5232332125669257
dataset_name-FR-FCM-Z2KP_healthy_final_seed-420_sub-sampling-5000	gatemeclass	num-2	run0	>20%	1	0.5902166879448748	0.7870551760089993	0.4721375044644841	607573	1274361	0.4767667874330743
dataset_name-FR-FCM-Z2KP_healthy_final_seed-420_sub-sampling-5000	gatemeclass	num-3	run0	5-20%	4	0.9332465029293302	0.9615781801884646	0.44011486053078036	569069	1174493	0.48452310912027574
dataset_name-FR-FCM-Z2KP_healthy_final_seed-420_sub-sampling-5000	gatemeclass	num-3	run0	>20%	1	0.7446631083766648	0.663259024272515	0.8488447765532916	605424	1174493	0.5154768908797243
dataset_name-FR-FCM-Z2KP_healthy_final_seed-420_sub-sampling-5000	gatemeclass	num-4	run0	5-20%	4	0.9395569824161776	0.9094148207018311	0.4751232820999475	596411	1266374	0.47095960593000175
dataset_name-FR-FCM-Z2KP_healthy_final_seed-420_sub-sampling-5000	gatemeclass	num-4	run0	>20%	1	NA	NA	0	669963	1266374	0.5290403940699983
dataset_name-FR-FCM-Z2KP_healthy_final_seed-420_sub-sampling-5000	gatemeclass	num-5	run0	5-20%	4	0.6127759269960924	0.5634846300883154	0.6549845474581917	569992	1231233	0.4629440568925622
dataset_name-FR-FCM-Z2KP_healthy_final_seed-420_sub-sampling-5000	gatemeclass	num-5	run0	>20%	1	0.5499380760259245	0.7391967073734307	0.43783733918495676	661241	1231233	0.5370559431074379
dataset_name-FR-FCM-Z2KP_healthy_final_seed-420_sub-sampling-5000	knn	num-1	run0	5-20%	4	0.5169084125503831	0.5270346590834951	0.5126239229069367	660299	1346699	0.49030926732699737
dataset_name-FR-FCM-Z2KP_healthy_final_seed-420_sub-sampling-5000	knn	num-1	run0	>20%	1	0.6411215777940606	0.789171598767312	0.5398455710955711	686400	1346699	0.5096907326730027
dataset_name-FR-FCM-Z2KP_healthy_final_seed-420_sub-sampling-5000	knn	num-2	run0	5-20%	4	0.5717726440280562	0.5626725604311196	0.5884467505686748	666788	1274361	0.5232332125669257
dataset_name-FR-FCM-Z2KP_healthy_final_seed-420_sub-sampling-5000	knn	num-2	run0	>20%	1	0.7178036758947902	0.815209771552094	0.6411904413132249	607573	1274361	0.4767667874330743
dataset_name-FR-FCM-Z2KP_healthy_final_seed-420_sub-sampling-5000	knn	num-3	run0	5-20%	4	0.4777198361281722	0.47163802307390656	0.5264035142331129	569069	1174493	0.48452310912027574
dataset_name-FR-FCM-Z2KP_healthy_final_seed-420_sub-sampling-5000	knn	num-3	run0	>20%	1	0.7053682437830223	0.7942040073613035	0.6344066307249134	605424	1174493	0.5154768908797243
dataset_name-FR-FCM-Z2KP_healthy_final_seed-420_sub-sampling-5000	knn	num-4	run0	5-20%	4	0.41409817652701064	0.40034030417988686	0.5286454589725897	596411	1266374	0.47095960593000175
dataset_name-FR-FCM-Z2KP_healthy_final_seed-420_sub-sampling-5000	knn	num-4	run0	>20%	1	0.5705170934277265	0.7960078143999829	0.4445782826812824	669963	1266374	0.5290403940699983
dataset_name-FR-FCM-Z2KP_healthy_final_seed-420_sub-sampling-5000	knn	num-5	run0	5-20%	4	0.5293090211243452	0.48428943995396256	0.5840983660705168	569992	1231233	0.4629440568925622
dataset_name-FR-FCM-Z2KP_healthy_final_seed-420_sub-sampling-5000	knn	num-5	run0	>20%	1	0.7043588035938785	0.828468698421269	0.6125890560325207	661241	1231233	0.5370559431074379
dataset_name-FR-FCM-Z2KP_healthy_final_seed-420_sub-sampling-5000	lda	num-1	run0	5-20%	4	0.9061562293352772	0.90190641249613	0.9076118116064389	660299	1346699	0.49030926732699737
dataset_name-FR-FCM-Z2KP_healthy_final_seed-420_sub-sampling-5000	lda	num-1	run0	>20%	1	0.9747560784463786	0.9847994397367595	0.9649155011655012	686400	1346699	0.5096907326730027
dataset_name-FR-FCM-Z2KP_healthy_final_seed-420_sub-sampling-5000	lda	num-2	run0	5-20%	4	0.8373511390151964	0.9256510025518325	0.7697707467839792	666788	1274361	0.5232332125669257
dataset_name-FR-FCM-Z2KP_healthy_final_seed-420_sub-sampling-5000	lda	num-2	run0	>20%	1	0.9578535102589583	0.9327098518802691	0.9843903530933732	607573	1274361	0.4767667874330743
dataset_name-FR-FCM-Z2KP_healthy_final_seed-420_sub-sampling-5000	lda	num-3	run0	5-20%	4	0.8252120711143301	0.9476896148864362	0.7425415641049136	569069	1174493	0.48452310912027574
dataset_name-FR-FCM-Z2KP_healthy_final_seed-420_sub-sampling-5000	lda	num-3	run0	>20%	1	0.9506673144704084	0.913836425279037	0.9905917175401041	605424	1174493	0.5154768908797243
dataset_name-FR-FCM-Z2KP_healthy_final_seed-420_sub-sampling-5000	lda	num-4	run0	5-20%	4	0.8177338681303391	0.9238813744678369	0.7295137590980236	596411	1266374	0.47095960593000175
dataset_name-FR-FCM-Z2KP_healthy_final_seed-420_sub-sampling-5000	lda	num-4	run0	>20%	1	0.9269986064677749	0.8822492643866022	0.97653004718171	669963	1266374	0.5290403940699983
dataset_name-FR-FCM-Z2KP_healthy_final_seed-420_sub-sampling-5000	lda	num-5	run0	5-20%	4	0.8034306807374814	0.9212353154784382	0.7111948177408574	569992	1231233	0.4629440568925622
dataset_name-FR-FCM-Z2KP_healthy_final_seed-420_sub-sampling-5000	lda	num-5	run0	>20%	1	0.9213247115650208	0.8664347019871078	0.983639852943178	661241	1231233	0.5370559431074379
dataset_name-FR-FCM-Z2KP_healthy_final_seed-420_sub-sampling-5000	random	num-1	run0	5-20%	4	0.15179209213715195	0.1393262583050563	0.16694830697935747	660299	1346699	0.49030926732699737
dataset_name-FR-FCM-Z2KP_healthy_final_seed-420_sub-sampling-5000	random	num-1	run0	>20%	1	0.25122505184388677	0.5088315036223832	0.16678613053613053	686400	1346699	0.5096907326730027
dataset_name-FR-FCM-Z2KP_healthy_final_seed-420_sub-sampling-5000	random	num-2	run0	5-20%	4	0.15455084570734087	0.1453720020614368	0.16598685139480335	666788	1274361	0.5232332125669257
dataset_name-FR-FCM-Z2KP_healthy_final_seed-420_sub-sampling-5000	random	num-2	run0	>20%	1	0.2470946104048046	0.47600847063684726	0.16685402412549602	607573	1274361	0.4767667874330743
dataset_name-FR-FCM-Z2KP_healthy_final_seed-420_sub-sampling-5000	random	num-3	run0	5-20%	4	0.14238721089357717	0.12534042296585315	0.1668628878320394	569069	1174493	0.48452310912027574
dataset_name-FR-FCM-Z2KP_healthy_final_seed-420_sub-sampling-5000	random	num-3	run0	>20%	1	0.25133065266623944	0.5155773537717234	0.16616619096699173	605424	1174493	0.5154768908797243
dataset_name-FR-FCM-Z2KP_healthy_final_seed-420_sub-sampling-5000	random	num-4	run0	5-20%	4	0.15119706992075913	0.13824642296509207	0.1668335831767119	596411	1266374	0.47095960593000175
dataset_name-FR-FCM-Z2KP_healthy_final_seed-420_sub-sampling-5000	random	num-4	run0	>20%	1	0.2533739502193266	0.529974959493298	0.16648382074830997	669963	1266374	0.5290403940699983
dataset_name-FR-FCM-Z2KP_healthy_final_seed-420_sub-sampling-5000	random	num-5	run0	5-20%	4	0.14563033537740833	0.1285780859757772	0.16712233203681337	569992	1231233	0.4629440568925622
dataset_name-FR-FCM-Z2KP_healthy_final_seed-420_sub-sampling-5000	random	num-5	run0	>20%	1	0.2555271334100655	0.5381816415263913	0.1675364957708309	661241	1231233	0.5370559431074379
dataset_name-FR-FCM-Z2KP_healthy_final_seed-420_sub-sampling-50000	cyanno	num-1	run0	5-20%	4	0.9838492828983872	0.9833090673788121	0.9843029851107723	660299	1346699	0.49030926732699737
dataset_name-FR-FCM-Z2KP_healthy_final_seed-420_sub-sampling-50000	cyanno	num-1	run0	>20%	1	0.9976470314241028	0.9967699666525598	0.998525641025641	686400	1346699	0.5096907326730027
dataset_name-FR-FCM-Z2KP_healthy_final_seed-420_sub-sampling-50000	cyanno	num-2	run0	5-20%	4	0.9849870068832824	0.9775111478400851	0.9926638349678547	666788	1274361	0.5232332125669257
dataset_name-FR-FCM-Z2KP_healthy_final_seed-420_sub-sampling-50000	cyanno	num-2	run0	>20%	1	0.996748306786328	0.9950593712016456	0.9984429854519539	607573	1274361	0.4767667874330743
dataset_name-FR-FCM-Z2KP_healthy_final_seed-420_sub-sampling-50000	cyanno	num-3	run0	5-20%	4	0.9891429012657486	0.9862507694398523	0.9920629402358164	569069	1174493	0.48452310912027574
dataset_name-FR-FCM-Z2KP_healthy_final_seed-420_sub-sampling-50000	cyanno	num-3	run0	>20%	1	0.9981104986963267	0.9971955498107284	0.9990271280953513	605424	1174493	0.5154768908797243
dataset_name-FR-FCM-Z2KP_healthy_final_seed-420_sub-sampling-50000	cyanno	num-4	run0	5-20%	4	0.9876533616701932	0.9806975106088143	0.9947912069832325	596411	1266374	0.47095960593000175
dataset_name-FR-FCM-Z2KP_healthy_final_seed-420_sub-sampling-50000	cyanno	num-4	run0	>20%	1	0.9976061952383583	0.9974573350065581	0.9977550999085024	669963	1266374	0.5290403940699983
dataset_name-FR-FCM-Z2KP_healthy_final_seed-420_sub-sampling-50000	cyanno	num-5	run0	5-20%	4	0.9862404523983336	0.9802192480913975	0.9923952124244388	569992	1231233	0.4629440568925622
dataset_name-FR-FCM-Z2KP_healthy_final_seed-420_sub-sampling-50000	cyanno	num-5	run0	>20%	1	0.9973891207571323	0.9967661932006984	0.9980128273957604	661241	1231233	0.5370559431074379
dataset_name-FR-FCM-Z2KP_healthy_final_seed-420_sub-sampling-50000	cygate	num-1	run0	5-20%	4	0.9629170611107363	0.9717642712291077	0.954429898552865	660299	1346699	0.49030926732699737
dataset_name-FR-FCM-Z2KP_healthy_final_seed-420_sub-sampling-50000	cygate	num-1	run0	>20%	1	0.9696998573499431	0.9610908861947773	0.9784644522144522	686400	1346699	0.5096907326730027
dataset_name-FR-FCM-Z2KP_healthy_final_seed-420_sub-sampling-50000	cygate	num-2	run0	5-20%	4	0.8034921503328187	0.9873406870797842	0.7310919931023476	666788	1274361	0.5232332125669257
dataset_name-FR-FCM-Z2KP_healthy_final_seed-420_sub-sampling-50000	cygate	num-2	run0	>20%	1	0.9560612687116077	0.9623377727826793	0.9498661066242245	607573	1274361	0.4767667874330743
dataset_name-FR-FCM-Z2KP_healthy_final_seed-420_sub-sampling-50000	cygate	num-3	run0	5-20%	4	0.915325731836161	0.9493465272251189	0.8800318763793376	569069	1174493	0.48452310912027574
dataset_name-FR-FCM-Z2KP_healthy_final_seed-420_sub-sampling-50000	cygate	num-3	run0	>20%	1	0.9627139825258826	0.9660355078790903	0.9594152197468221	605424	1174493	0.5154768908797243
dataset_name-FR-FCM-Z2KP_healthy_final_seed-420_sub-sampling-50000	cygate	num-4	run0	5-20%	4	0.963158534853896	0.9396701715281227	0.9826990006039159	596411	1266374	0.47095960593000175
dataset_name-FR-FCM-Z2KP_healthy_final_seed-420_sub-sampling-50000	cygate	num-4	run0	>20%	1	0.9839178692680346	0.9911861243939419	0.9767554327627048	669963	1266374	0.5290403940699983
dataset_name-FR-FCM-Z2KP_healthy_final_seed-420_sub-sampling-50000	cygate	num-5	run0	5-20%	4	0.7954154827385541	0.9780269242308418	0.7239862149536056	569992	1231233	0.4629440568925622
dataset_name-FR-FCM-Z2KP_healthy_final_seed-420_sub-sampling-50000	cygate	num-5	run0	>20%	1	0.9638152511085315	0.9703203695699488	0.9573967736422878	661241	1231233	0.5370559431074379
dataset_name-FR-FCM-Z2KP_healthy_final_seed-420_sub-sampling-50000	dgcytof	num-1	run0	5-20%	4	0.9225521015960693	0.8896259714243475	0.9543441574032369	660299	1346699	0.49030926732699737
dataset_name-FR-FCM-Z2KP_healthy_final_seed-420_sub-sampling-50000	dgcytof	num-1	run0	>20%	1	0.978137315246325	0.9758050367629468	0.9804807692307692	686400	1346699	0.5096907326730027
dataset_name-FR-FCM-Z2KP_healthy_final_seed-420_sub-sampling-50000	dgcytof	num-2	run0	5-20%	4	0.8976365805026508	0.832783498048783	0.9684967367632733	666788	1274361	0.5232332125669257
dataset_name-FR-FCM-Z2KP_healthy_final_seed-420_sub-sampling-50000	dgcytof	num-2	run0	>20%	1	0.9650207602251979	0.9714832797647541	0.9586436526968776	607573	1274361	0.4767667874330743
dataset_name-FR-FCM-Z2KP_healthy_final_seed-420_sub-sampling-50000	dgcytof	num-3	run0	5-20%	4	0.9366344358515342	0.9159193593625057	0.9596694993500341	569069	1174493	0.48452310912027574
dataset_name-FR-FCM-Z2KP_healthy_final_seed-420_sub-sampling-50000	dgcytof	num-3	run0	>20%	1	0.9736867824704517	0.9604080976863754	0.9873377996247258	605424	1174493	0.5154768908797243
dataset_name-FR-FCM-Z2KP_healthy_final_seed-420_sub-sampling-50000	dgcytof	num-4	run0	5-20%	4	0.8581220546039724	0.927804660865314	0.7960604321402682	596411	1266374	0.47095960593000175
dataset_name-FR-FCM-Z2KP_healthy_final_seed-420_sub-sampling-50000	dgcytof	num-4	run0	>20%	1	0.9673126505043809	0.9675033111890565	0.9671220649498554	669963	1266374	0.5290403940699983
dataset_name-FR-FCM-Z2KP_healthy_final_seed-420_sub-sampling-50000	dgcytof	num-5	run0	5-20%	4	0.9097410221594815	0.8746311618933129	0.956961062565699	569992	1231233	0.4629440568925622
dataset_name-FR-FCM-Z2KP_healthy_final_seed-420_sub-sampling-50000	dgcytof	num-5	run0	>20%	1	0.9724180089632283	0.9646449915474178	0.9803173124473528	661241	1231233	0.5370559431074379
dataset_name-FR-FCM-Z2KP_healthy_final_seed-420_sub-sampling-50000	gatemeclass	num-1	run0	5-20%	4	0.9429017997564835	0.9285649100007869	0.4679349905347729	660299	1346699	0.49030926732699737
dataset_name-FR-FCM-Z2KP_healthy_final_seed-420_sub-sampling-50000	gatemeclass	num-1	run0	>20%	1	0.8135284403924342	0.7766380520891291	0.8540981934731935	686400	1346699	0.5096907326730027
dataset_name-FR-FCM-Z2KP_healthy_final_seed-420_sub-sampling-50000	gatemeclass	num-2	run0	5-20%	4	0.2422944913274946	0.5818010098004195	0.5116518877034171	666788	1274361	0.5232332125669257
dataset_name-FR-FCM-Z2KP_healthy_final_seed-420_sub-sampling-50000	gatemeclass	num-2	run0	>20%	1	0.18453593775921254	0.6661309475063467	0.10710317937103854	607573	1274361	0.4767667874330743
dataset_name-FR-FCM-Z2KP_healthy_final_seed-420_sub-sampling-50000	gatemeclass	num-3	run0	5-20%	4	0.33098236118678437	0.19875921609837574	0.5337760026388392	569069	1174493	0.48452310912027574
dataset_name-FR-FCM-Z2KP_healthy_final_seed-420_sub-sampling-50000	gatemeclass	num-3	run0	>20%	1	NA	NA	0	605424	1174493	0.5154768908797243
dataset_name-FR-FCM-Z2KP_healthy_final_seed-420_sub-sampling-50000	gatemeclass	num-4	run0	5-20%	4	0.5221619045285883	0.6179436267129557	0.5686887663531226	596411	1266374	0.47095960593000175
dataset_name-FR-FCM-Z2KP_healthy_final_seed-420_sub-sampling-50000	gatemeclass	num-4	run0	>20%	1	0.7695280122765921	0.7434381156984317	0.7975156837019358	669963	1266374	0.5290403940699983
dataset_name-FR-FCM-Z2KP_healthy_final_seed-420_sub-sampling-50000	gatemeclass	num-5	run0	5-20%	4	0.5882925041261369	0.6269115975840148	0.5541671272394512	569992	1231233	0.4629440568925622
dataset_name-FR-FCM-Z2KP_healthy_final_seed-420_sub-sampling-50000	gatemeclass	num-5	run0	>20%	1	0.7783061793213718	0.7323784917896343	0.8303795439181781	661241	1231233	0.5370559431074379
dataset_name-FR-FCM-Z2KP_healthy_final_seed-420_sub-sampling-50000	knn	num-1	run0	5-20%	4	0.5361957897637588	0.5419565569703897	0.5107986490408581	660299	1346699	0.49030926732699737
dataset_name-FR-FCM-Z2KP_healthy_final_seed-420_sub-sampling-50000	knn	num-1	run0	>20%	1	0.6741198567347828	0.8243313542669275	0.5702141608391609	686400	1346699	0.5096907326730027
dataset_name-FR-FCM-Z2KP_healthy_final_seed-420_sub-sampling-50000	knn	num-2	run0	5-20%	4	0.5388264223106357	0.5598268389798557	0.5369733427163179	666788	1274361	0.5232332125669257
dataset_name-FR-FCM-Z2KP_healthy_final_seed-420_sub-sampling-50000	knn	num-2	run0	>20%	1	0.6924648225913584	0.79202303956057	0.6151408966494561	607573	1274361	0.4767667874330743
dataset_name-FR-FCM-Z2KP_healthy_final_seed-420_sub-sampling-50000	knn	num-3	run0	5-20%	4	0.4893982029712467	0.5224538330332887	0.5414656968586709	569069	1174493	0.48452310912027574
dataset_name-FR-FCM-Z2KP_healthy_final_seed-420_sub-sampling-50000	knn	num-3	run0	>20%	1	0.7232682111520312	0.7941291507812654	0.6640172837548561	605424	1174493	0.5154768908797243
dataset_name-FR-FCM-Z2KP_healthy_final_seed-420_sub-sampling-50000	knn	num-4	run0	5-20%	4	0.5110156989874537	0.47187273222121806	0.5927221482355096	596411	1266374	0.47095960593000175
dataset_name-FR-FCM-Z2KP_healthy_final_seed-420_sub-sampling-50000	knn	num-4	run0	>20%	1	0.6224212090766402	0.8198057333541487	0.5016411354059851	669963	1266374	0.5290403940699983
dataset_name-FR-FCM-Z2KP_healthy_final_seed-420_sub-sampling-50000	knn	num-5	run0	5-20%	4	0.49554844847271323	0.4644258749700091	0.5384070898196722	569992	1231233	0.4629440568925622
dataset_name-FR-FCM-Z2KP_healthy_final_seed-420_sub-sampling-50000	knn	num-5	run0	>20%	1	0.6711311827147804	0.7722463631211034	0.5934296270194982	661241	1231233	0.5370559431074379
dataset_name-FR-FCM-Z2KP_healthy_final_seed-420_sub-sampling-50000	lda	num-1	run0	5-20%	4	0.9064855904214935	0.9112879031558578	0.8971855476825049	660299	1346699	0.49030926732699737
dataset_name-FR-FCM-Z2KP_healthy_final_seed-420_sub-sampling-50000	lda	num-1	run0	>20%	1	0.9717696218914671	0.9868594389575275	0.957134324009324	686400	1346699	0.5096907326730027
dataset_name-FR-FCM-Z2KP_healthy_final_seed-420_sub-sampling-50000	lda	num-2	run0	5-20%	4	0.8424047569933935	0.9227391987757747	0.7768815822309426	666788	1274361	0.5232332125669257
dataset_name-FR-FCM-Z2KP_healthy_final_seed-420_sub-sampling-50000	lda	num-2	run0	>20%	1	0.9511493674959275	0.9302488426472301	0.9730106505720301	607573	1274361	0.4767667874330743
dataset_name-FR-FCM-Z2KP_healthy_final_seed-420_sub-sampling-50000	lda	num-3	run0	5-20%	4	0.8289206440208228	0.9520849999230423	0.7430419784479263	569069	1174493	0.48452310912027574
dataset_name-FR-FCM-Z2KP_healthy_final_seed-420_sub-sampling-50000	lda	num-3	run0	>20%	1	0.9537063161756536	0.9239643362134252	0.9854267422500594	605424	1174493	0.5154768908797243
dataset_name-FR-FCM-Z2KP_healthy_final_seed-420_sub-sampling-50000	lda	num-4	run0	5-20%	4	0.803613670226563	0.9221740162953904	0.70638233414071006	596411	1266374	0.47095960593000175
dataset_name-FR-FCM-Z2KP_healthy_final_seed-420_sub-sampling-50000	lda	num-4	run0	>20%	1	0.9209165804541632	0.8691566498103499	0.9792316889141639	669963	1266374	0.5290403940699983
dataset_name-FR-FCM-Z2KP_healthy_final_seed-420_sub-sampling-50000	lda	num-5	run0	5-20%	4	0.7998645466764005	0.9256268226021895	0.7012932552731297	569992	1231233	0.4629440568925622
dataset_name-FR-FCM-Z2KP_healthy_final_seed-420_sub-sampling-50000	lda	num-5	run0	>20%	1	0.9247479776200582	0.8701129835005681	0.986703788785027	661241	1231233	0.5370559431074379
dataset_name-FR-FCM-Z2KP_healthy_final_seed-420_sub-sampling-50000	random	num-1	run0	5-20%	4	0.15115087400407423	0.13888658853815283	0.16620010960493553	660299	1346699	0.49030926732699737
dataset_name-FR-FCM-Z2KP_healthy_final_seed-420_sub-sampling-50000	random	num-1	run0	>20%	1	0.25146341249363735	0.5090110495274639	0.16697698135198136	686400	1346699	0.5096907326730027
dataset_name-FR-FCM-Z2KP_healthy_final_seed-420_sub-sampling-50000	random	num-2	run0	5-20%	4	0.1561982257700435	0.14680229972192427	0.16588411566284156	666788	1274361	0.5232332125669257
dataset_name-FR-FCM-Z2KP_healthy_final_seed-420_sub-sampling-50000	random	num-2	run0	>20%	1	0.2470946104048046	0.47600847063684726	0.16685402412549602	607573	1274361	0.4767667874330743
dataset_name-FR-FCM-Z2KP_healthy_final_seed-420_sub-sampling-50000	random	num-3	run0	5-20%	4	0.14241647725861495	0.12557850276727517	0.1661977418504741	569069	1174493	0.48452310912027574
dataset_name-FR-FCM-Z2KP_healthy_final_seed-420_sub-sampling-50000	random	num-3	run0	>20%	1	0.25328905941192825	0.5167359439947495	0.16776011522503237	605424	1174493	0.5154768908797243
dataset_name-FR-FCM-Z2KP_healthy_final_seed-420_sub-sampling-50000	random	num-4	run0	5-20%	4	0.14961012828159023	0.13678115154763745	0.16573513305895288	596411	1266374	0.47095960593000175
dataset_name-FR-FCM-Z2KP_healthy_final_seed-420_sub-sampling-50000	random	num-4	run0	>20%	1	0.2533739502193266	0.529974959493298	0.16648382074830997	669963	1266374	0.5290403940699983
dataset_name-FR-FCM-Z2KP_healthy_final_seed-420_sub-sampling-50000	random	num-5	run0	5-20%	4	0.14563033537740833	0.1285780859757772	0.16776135259758174	569992	1231233	0.4629440568925622
dataset_name-FR-FCM-Z2KP_healthy_final_seed-420_sub-sampling-50000	random	num-5	run0	>20%	1	0.2555271334100655	0.5381816415263913	0.1675364957708309	661241	1231233	0.5370559431074379
dataset_name-FR-FCM-Z2KP_virus_final_seed-42	cyanno	num-1	run0	1-5%	1	0.9311977363364086	0.896439482447317	0.968760127471103	148112	3315861	0.044667734865846305
dataset_name-FR-FCM-Z2KP_virus_final_seed-42	cyanno	num-1	run0	5-20%	2	0.9865448284482381	0.9972720097404941	0.9762538330394259	755304	3315861	0.22778518158632102
dataset_name-FR-FCM-Z2KP_virus_final_seed-42	cyanno	num-1	run0	>20%	2	0.9992414652308719	0.9987868509972381	0.9996968309871994	2412445	3315861	0.7275470835478327
dataset_name-FR-FCM-Z2KP_virus_final_seed-42	cyanno	num-2	run0	5-20%	3	0.9705075660540956	0.9628861357123372	0.978250609180515	959378	3490514	0.27485292996962624
dataset_name-FR-FCM-Z2KP_virus_final_seed-42	cyanno	num-2	run0	>20%	2	0.9980677155411458	0.9979793464673621	0.9981562493697613	2531136	3490514	0.7251470700303737
dataset_name-FR-FCM-Z2KP_virus_final_seed-42	cyanno	num-3	run0	5-20%	3	0.9632740293582798	0.9849616153118098	0.9966220551154081	918856	3390064	0.2710438504995776
dataset_name-FR-FCM-Z2KP_virus_final_seed-42	cyanno	num-3	run0	>20%	2	0.9991776684830069	0.998867473569576	0.9994882465627128	2471208	3390064	0.7289561495004224
dataset_name-FR-FCM-Z2KP_virus_final_seed-42	cyanno	num-4	run0	1-5%	1	0.9440209421545696	0.9716285074561705	0.9179388975635624	169715	3423803	0.049569148692258286
dataset_name-FR-FCM-Z2KP_virus_final_seed-42	cyanno	num-4	run0	5-20%	2	0.9893285907598275	0.9846731548612604	0.9940717187960786	733623	3423803	0.2142713818522853
dataset_name-FR-FCM-Z2KP_virus_final_seed-42	cyanno	num-4	run0	>20%	2	0.9992113669667074	0.9987961262558336	0.9996272947991778	2520465	3423803	0.7361594694554564
dataset_name-FR-FCM-Z2KP_virus_final_seed-42	cyanno	num-5	run0	5-20%	3	0.9768807843599038	0.9689482275795135	0.9849442972921785	955632	3496879	0.2732814032169829
dataset_name-FR-FCM-Z2KP_virus_final_seed-42	cyanno	num-5	run0	>20%	2	0.9990305076557332	0.9987034777686455	0.9993577687205799	2541247	3496879	0.7267185967830171
dataset_name-FR-FCM-Z2KP_virus_final_seed-42	cygate	num-1	run0	1-5%	1	0.7725661805802552	0.7293205583269379	0.821263638327752	148112	3315861	0.044667734865846305
dataset_name-FR-FCM-Z2KP_virus_final_seed-42	cygate	num-1	run0	5-20%	2	0.9674127647424245	0.9681416778084295	0.9667563732918174	755304	3315861	0.22778518158632102
dataset_name-FR-FCM-Z2KP_virus_final_seed-42	cygate	num-1	run0	>20%	2	0.9877493047188065	0.9925955631694738	0.9829795964500191	2412445	3315861	0.7275470835478327
dataset_name-FR-FCM-Z2KP_virus_final_seed-42	cygate	num-2	run0	5-20%	3	0.8429231927171069	0.7464484158051315	0.968037231356881	959378	3490514	0.27485292996962624
dataset_name-FR-FCM-Z2KP_virus_final_seed-42	cygate	num-2	run0	>20%	2	0.9819466564146266	0.9879560798441023	0.9761251024429897	2531136	3490514	0.7251470700303737
dataset_name-FR-FCM-Z2KP_virus_final_seed-42	cygate	num-3	run0	5-20%	3	0.8344927900401136	0.7372557456138343	0.9612759798875014	918856	3390064	0.2710438504995776
dataset_name-FR-FCM-Z2KP_virus_final_seed-42	cygate	num-3	run0	>20%	2	0.9751559372466226	0.9872154979217433	0.9636171554192008	2471208	3390064	0.7289561495004224
dataset_name-FR-FCM-Z2KP_virus_final_seed-42	cygate	num-4	run0	1-5%	1	0.5011728544851572	0.7990199239151461	0.3650826385410836	169715	3423803	0.049569148692258286
dataset_name-FR-FCM-Z2KP_virus_final_seed-42	cygate	num-4	run0	5-20%	2	0.9348023702418413	0.9132777943422941	0.9586191459831516	733623	3423803	0.2142713818522853
dataset_name-FR-FCM-Z2KP_virus_final_seed-42	cygate	num-4	run0	>20%	2	0.9837747713412287	0.9947930370988299	0.9732693113708486	2520465	3423803	0.7361594694554564
dataset_name-FR-FCM-Z2KP_virus_final_seed-42	cygate	num-5	run0	5-20%	3	0.8489305716585228	0.773450718628563	0.9407354849287497	955632	3496879	0.2732814032169829
dataset_name-FR-FCM-Z2KP_virus_final_seed-42	cygate	num-5	run0	>20%	2	0.9592206694163979	0.9915465786382034	0.9311249726249649	2541247	3496879	0.7267185967830171
dataset_name-FR-FCM-Z2KP_virus_final_seed-42	dgcytof	num-1	run0	1-5%	1	0.39409740124015885	0.24829247565570692	0.9547639624068273	148112	3315861	0.044667734865846305
dataset_name-FR-FCM-Z2KP_virus_final_seed-42	dgcytof	num-1	run0	5-20%	2	0.988527142318039	0.9842955216018133	0.49639765238076666	755304	3315861	0.22778518158632102
dataset_name-FR-FCM-Z2KP_virus_final_seed-42	dgcytof	num-1	run0	>20%	2	0.9825731295628577	0.9962604216671926	0.9696089310217232	2412445	3315861	0.7275470835478327
dataset_name-FR-FCM-Z2KP_virus_final_seed-42	dgcytof	num-2	run0	5-20%	3	0.8384293892459523	0.7311430356537612	0.9826164028713806	959378	3490514	0.27485292996962624
dataset_name-FR-FCM-Z2KP_virus_final_seed-42	dgcytof	num-2	run0	>20%	2	0.9894053755429154	0.9818616816030341	0.9972274349246713	2531136	3490514	0.7251470700303737
dataset_name-FR-FCM-Z2KP_virus_final_seed-42	dgcytof	num-3	run0	5-20%	3	0.8983715410269507	0.9045818269827104	0.8922459454217209	918856	3390064	0.2710438504995776
dataset_name-FR-FCM-Z2KP_virus_final_seed-42	dgcytof	num-3	run0	>20%	2	0.9883982568605648	0.9805928176269771	0.9964586382037036	2471208	3390064	0.7289561495004224
dataset_name-FR-FCM-Z2KP_virus_final_seed-42	dgcytof	num-4	run0	1-5%	1	0.3796287902377114	0.573336825563122	0.28375806499130896	169715	3423803	0.049569148692258286
dataset_name-FR-FCM-Z2KP_virus_final_seed-42	dgcytof	num-4	run0	5-20%	2	0.9129193874860966	0.8852116581495211	0.943834332425493	733623	3423803	0.2142713818522853
dataset_name-FR-FCM-Z2KP_virus_final_seed-42	dgcytof	num-4	run0	>20%	2	0.9898268194051401	0.9854056434881144	0.994418244391638	2520465	3423803	0.7361594694554564
dataset_name-FR-FCM-Z2KP_virus_final_seed-42	dgcytof	num-5	run0	5-20%	3	0.8327176932107779	0.7204226268014591	0.9864849202692274	955632	3496879	0.2732814032169829
dataset_name-FR-FCM-Z2KP_virus_final_seed-42	dgcytof	num-5	run0	>20%	2	0.9897420326656261	0.9843668258718479	0.9953379761033125	2541247	3496879	0.7267185967830171
dataset_name-FR-FCM-Z2KP_virus_final_seed-42	gatemeclass	num-1	run0	1-5%	1	NA	NA	0	148112	3315861	0.044667734865846305
dataset_name-FR-FCM-Z2KP_virus_final_seed-42	gatemeclass	num-1	run0	5-20%	2	NA	NA	0	755304	3315861	0.22778518158632102
dataset_name-FR-FCM-Z2KP_virus_final_seed-42	gatemeclass	num-1	run0	>20%	2	NA	NA	0	2412445	3315861	0.7275470835478327
dataset_name-FR-FCM-Z2KP_virus_final_seed-42	gatemeclass	num-2	run0	5-20%	3	NA	NA	0	959378	3490514	0.27485292996962624
dataset_name-FR-FCM-Z2KP_virus_final_seed-42	gatemeclass	num-2	run0	>20%	2	NA	NA	0	2531136	3490514	0.7251470700303737
dataset_name-FR-FCM-Z2KP_virus_final_seed-42	gatemeclass	num-3	run0	5-20%	3	NA	NA	0	918856	3390064	0.2710438504995776
dataset_name-FR-FCM-Z2KP_virus_final_seed-42	gatemeclass	num-3	run0	>20%	2	NA	NA	0	2471208	3390064	0.7289561495004224
dataset_name-FR-FCM-Z2KP_virus_final_seed-42	gatemeclass	num-4	run0	1-5%	1	NA	NA	0	169715	3423803	0.049569148692258286
dataset_name-FR-FCM-Z2KP_virus_final_seed-42	gatemeclass	num-4	run0	5-20%	2	NA	NA	0	733623	3423803	0.2142713818522853
dataset_name-FR-FCM-Z2KP_virus_final_seed-42	gatemeclass	num-4	run0	>20%	2	NA	NA	0	2520465	3423803	0.7361594694554564
dataset_name-FR-FCM-Z2KP_virus_final_seed-42	gatemeclass	num-5	run0	5-20%	3	NA	NA	0	955632	3496879	0.2732814032169829
dataset_name-FR-FCM-Z2KP_virus_final_seed-42	gatemeclass	num-5	run0	>20%	2	NA	NA	0	2541247	3496879	0.7267185967830171
dataset_name-FR-FCM-Z2KP_virus_final_seed-42	knn	num-1	run0	1-5%	1	0.16651051020574598	0.11380160273480561	0.3101706816463217	148112	3315861	0.044667734865846305
dataset_name-FR-FCM-Z2KP_virus_final_seed-42	knn	num-1	run0	5-20%	2	0.39394438707372764	0.39006090076343547	0.41662598755451163	755304	3315861	0.22778518158632102
dataset_name-FR-FCM-Z2KP_virus_final_seed-42	knn	num-1	run0	>20%	2	0.7502147055926633	0.7927362790365848	0.7250704688550522	2412445	3315861	0.7275470835478327
dataset_name-FR-FCM-Z2KP_virus_final_seed-42	knn	num-2	run0	5-20%	3	0.3043446628554331	0.2625026514883688	0.3620549678545568	959378	3490514	0.27485292996962624
dataset_name-FR-FCM-Z2KP_virus_final_seed-42	knn	num-2	run0	>20%	2	0.7358399347342468	0.7964672907922576	0.6846525106249686	2531136	3490514	0.7251470700303737
dataset_name-FR-FCM-Z2KP_virus_final_seed-42	knn	num-3	run0	5-20%	3	0.39033847953683304	0.30148677454384576	0.46077913552064215	918856	3390064	0.2710438504995776
dataset_name-FR-FCM-Z2KP_virus_final_seed-42	knn	num-3	run0	>20%	2	0.7691778848854949	0.8295428482112299	0.7281146615364913	2471208	3390064	0.7289561495004224
dataset_name-FR-FCM-Z2KP_virus_final_seed-42	knn	num-4	run0	1-5%	1	0.1565010623708822	0.11731089372165392	0.23501163715640927	169715	3423803	0.049569148692258286
dataset_name-FR-FCM-Z2KP_virus_final_seed-42	knn	num-4	run0	5-20%	2	0.4237163245499755	0.39995871772915087	0.5163429118088105	733623	3423803	0.2142713818522853
dataset_name-FR-FCM-Z2KP_virus_final_seed-42	knn	num-4	run0	>20%	2	0.7472341653818038	0.8544008021737197	0.6678219495677549	2520465	3423803	0.7361594694554564
dataset_name-FR-FCM-Z2KP_virus_final_seed-42	knn	num-5	run0	5-20%	3	0.2167615806841395	0.1744299617455205	0.2862239860336661	955632	3496879	0.2732814032169829
dataset_name-FR-FCM-Z2KP_virus_final_seed-42	knn	num-5	run0	>20%	2	0.7249520150182532	0.8708873332864733	0.620977261299118	2541247	3496879	0.7267185967830171
dataset_name-FR-FCM-Z2KP_virus_final_seed-42	lda	num-1	run0	1-5%	1	0.33560469071703514	0.35728825964639416	0.3164024521983364	148112	3315861	0.044667734865846305
dataset_name-FR-FCM-Z2KP_virus_final_seed-42	lda	num-1	run0	5-20%	2	0.7769010389218937	0.9234141636106206	0.6828552026464398	755304	3315861	0.22778518158632102
dataset_name-FR-FCM-Z2KP_virus_final_seed-42	lda	num-1	run0	>20%	2	0.9554611936071264	0.9505003870776665	0.9635796529339982	2412445	3315861	0.7275470835478327
dataset_name-FR-FCM-Z2KP_virus_final_seed-42	lda	num-2	run0	5-20%	3	0.8046183237810449	0.7529603382833745	0.8638865716857287	959378	3490514	0.27485292996962624
dataset_name-FR-FCM-Z2KP_virus_final_seed-42	lda	num-2	run0	>20%	2	0.9823021172145807	0.9808405616687619	0.9837863180812325	2531136	3490514	0.7251470700303737
dataset_name-FR-FCM-Z2KP_virus_final_seed-42	lda	num-3	run0	5-20%	3	0.6982159071886208	0.8056095333973263	0.616087014905331	918856	3390064	0.2710438504995776
dataset_name-FR-FCM-Z2KP_virus_final_seed-42	lda	num-3	run0	>20%	2	0.9678850732152233	0.9586574981111253	0.9776641781531393	2471208	3390064	0.7289561495004224
dataset_name-FR-FCM-Z2KP_virus_final_seed-42	lda	num-4	run0	1-5%	1	0.27050095028857385	0.5198110204560304	0.18281825413192707	169715	3423803	0.049569148692258286
dataset_name-FR-FCM-Z2KP_virus_final_seed-42	lda	num-4	run0	5-20%	2	0.8700922438417413	0.9014678517669246	0.8439969669848425	733623	3423803	0.2142713818522853
dataset_name-FR-FCM-Z2KP_virus_final_seed-42	lda	num-4	run0	>20%	2	0.9649176035477107	0.9671814677776334	0.9642494973473588	2520465	3423803	0.7361594694554564
dataset_name-FR-FCM-Z2KP_virus_final_seed-42	lda	num-5	run0	5-20%	3	0.7881712403350295	0.764527066526365	0.8133245513112256	955632	3496879	0.2732814032169829
dataset_name-FR-FCM-Z2KP_virus_final_seed-42	lda	num-5	run0	>20%	2	0.9286729643408171	0.9434272764658598	0.9213507104495021	2541247	3496879	0.7267185967830171
dataset_name-FR-FCM-Z2KP_virus_final_seed-42	random	num-1	run0	1-5%	1	0.07133835771074486	0.04522941341464518	0.1687506751647402	148112	3315861	0.044667734865846305
dataset_name-FR-FCM-Z2KP_virus_final_seed-42	random	num-1	run0	5-20%	2	0.13497918565109066	0.11378297691673878	0.16661858796312826	755304	3315861	0.22778518158632102
dataset_name-FR-FCM-Z2KP_virus_final_seed-42	random	num-1	run0	>20%	2	0.2254508787326996	0.3636174612957558	0.1665116554359081	2412445	3315861	0.7275470835478327
dataset_name-FR-FCM-Z2KP_virus_final_seed-42	random	num-2	run0	5-20%	3	0.12816212763977652	0.10425425769826252	0.1667394012682639	959378	3490514	0.27485292996962624
dataset_name-FR-FCM-Z2KP_virus_final_seed-42	random	num-2	run0	>20%	2	0.22273766184135368	0.36258399201043134	0.16668656679762386	2531136	3490514	0.7251470700303737
dataset_name-FR-FCM-Z2KP_virus_final_seed-42	random	num-3	run0	5-20%	3	0.12342545194280394	0.09833760428712852	0.16569834236008535	918856	3390064	0.2710438504995776
dataset_name-FR-FCM-Z2KP_virus_final_seed-42	random	num-3	run0	>20%	2	0.2250932340480079	0.3644619986813583	0.16673430837121203	2471208	3390064	0.7289561495004224
dataset_name-FR-FCM-Z2KP_virus_final_seed-42	random	num-4	run0	1-5%	1	0.07629574147924723	0.04948098097221979	0.16655569631440945	169715	3423803	0.049569148692258286
dataset_name-FR-FCM-Z2KP_virus_final_seed-42	random	num-4	run0	5-20%	2	0.13005452600607287	0.10695177960111096	0.16627821898858364	733623	3423803	0.2142713818522853
dataset_name-FR-FCM-Z2KP_virus_final_seed-42	random	num-4	run0	>20%	2	0.2251486796589866	0.3682421938915905	0.16677604645695646	2520465	3423803	0.7361594694554564
dataset_name-FR-FCM-Z2KP_virus_final_seed-42	random	num-5	run0	5-20%	3	0.12539025684103564	0.10072882547630889	0.16589791411277052	955632	3496879	0.2732814032169829
dataset_name-FR-FCM-Z2KP_virus_final_seed-42	random	num-5	run0	>20%	2	0.22314335470019217	0.36253598628488876	0.16618449910772548	2541247	3496879	0.7267185967830171
dataset_name-FR-FCM-Z3YR_seed-42	cyanno	num-1	run0	1-5%	4	0.9942105087905422	0.9919663006589998	0.9964363283156896	2048216	16665728	0.12289988172133855
dataset_name-FR-FCM-Z3YR_seed-42	cyanno	num-1	run0	5-20%	3	0.9973365917302577	0.9955952863158093	0.9987712959150636	3487595	16665728	0.2092674859448084
dataset_name-FR-FCM-Z3YR_seed-42	cyanno	num-1	run0	<1%	20	0.9589641622690248	0.9785677991253071	0.9306802680208661	1084537	16665728	0.06507588507384736
dataset_name-FR-FCM-Z3YR_seed-42	cyanno	num-1	run0	>20%	1	0.9997291471818592	0.9994792249665561	0.9999791944157413	10045380	16665728	0.6027567472600057
dataset_name-FR-FCM-Z3YR_seed-42	cyanno	num-2	run0	1-5%	4	0.9913773608529703	0.9893710495175465	0.992162590472516	2048730	16671781	0.12288609117406232
dataset_name-FR-FCM-Z3YR_seed-42	cyanno	num-2	run0	5-20%	3	0.996790194955805	0.9948075029511382	0.9990509878353895	3488536	16671781	0.2092479501740096
dataset_name-FR-FCM-Z3YR_seed-42	cyanno	num-2	run0	<1%	20	0.967666899278902	0.985861780299507	0.9481536543153191	1085385	16671781	0.0651031224558432
dataset_name-FR-FCM-Z3YR_seed-42	cyanno	num-2	run0	>20%	1	0.9996276021708714	0.9994338024324612	0.9998214770830908	10049130	16671781	0.6027628361960848
dataset_name-FR-FCM-Z3YR_seed-42	cyanno	num-3	run0	1-5%	4	0.9991301208974415	0.9986101110876275	0.9995396995526638	1968317	16028386	0.12280194649667159
dataset_name-FR-FCM-Z3YR_seed-42	cyanno	num-3	run0	5-20%	3	0.9995699866422181	0.9993470652042726	0.9997930075552243	3348586	16028386	0.20891598193355213
dataset_name-FR-FCM-Z3YR_seed-42	cyanno	num-3	run0	<1%	20	0.9928248153662418	0.9972467830608445	0.9897355562931011	1044257	16028386	0.06515047740926629
dataset_name-FR-FCM-Z3YR_seed-42	cyanno	num-3	run0	>20%	1	0.9999963277981183	0.9999964829610324	0.9999961726352523	9667226	16028386	0.60313159416051
dataset_name-FR-FCM-Z3YR_seed-42	cyanno	num-4	run0	1-5%	4	0.9990147057293537	0.9983994046140188	0.9995337364201013	1984531	16163956	0.12277508055577484
dataset_name-FR-FCM-Z3YR_seed-42	cyanno	num-4	run0	5-20%	3	0.9995189394361851	0.9992663264661391	0.9997716801588571	3380309	16163956	0.20912634258593626
dataset_name-FR-FCM-Z3YR_seed-42	cyanno	num-4	run0	<1%	20	0.9946303084070692	0.9961966827226957	0.9892427730833201	1050948	16163956	0.06501799435732193
dataset_name-FR-FCM-Z3YR_seed-42	cyanno	num-4	run0	>20%	1	0.9999866127902427	0.999992511325082	0.999980714324989	9748168	16163956	0.603080582500967
dataset_name-FR-FCM-Z3YR_seed-42	cyanno	num-5	run0	1-5%	4	0.9992004733772095	0.9986919144092611	0.9996577514778414	1979018	16114380	0.1228106821360797
dataset_name-FR-FCM-Z3YR_seed-42	cyanno	num-5	run0	5-20%	3	0.9997566935398404	0.9996529884411569	0.9998604201577178	3370957	16114380	0.20918936999127488
dataset_name-FR-FCM-Z3YR_seed-42	cyanno	num-5	run0	<1%	20	0.9950954259515941	0.9961653174265019	0.9912640968941802	1048991	16114380	0.06509657833562321
dataset_name-FR-FCM-Z3YR_seed-42	cyanno	num-5	run0	>20%	1	0.9999872881816063	0.9999919714455197	0.999982604961559	9715414	16114380	0.6029033695370222
dataset_name-FR-FCM-Z3YR_seed-42	cygate	num-1	run0	1-5%	4	0.9208666840229893	0.9896242688481189	0.9082397064561136	2048216	16665728	0.12289988172133855
dataset_name-FR-FCM-Z3YR_seed-42	cygate	num-1	run0	5-20%	3	0.9615783937610418	0.9623174194801097	0.9498989449837133	3487595	16665728	0.2092674859448084
dataset_name-FR-FCM-Z3YR_seed-42	cygate	num-1	run0	<1%	20	0.6104567409541564	0.86703908361231	0.6530700994488277	1084537	16665728	0.06507588507384736
dataset_name-FR-FCM-Z3YR_seed-42	cygate	num-1	run0	>20%	1	0.9940909830991562	0.9999765306073113	0.9882743111758838	10045380	16665728	0.6027567472600057
dataset_name-FR-FCM-Z3YR_seed-42	cygate	num-2	run0	1-5%	4	0.9371214099186	0.9890101321491513	0.9174454149472724	2048730	16671781	0.12288609117406232
dataset_name-FR-FCM-Z3YR_seed-42	cygate	num-2	run0	5-20%	3	0.9669872005239296	0.976764588536374	0.9717344136325301	3488536	16671781	0.2092479501740096
dataset_name-FR-FCM-Z3YR_seed-42	cygate	num-2	run0	<1%	20	0.834417890888653	0.9012775525711524	0.7781727123704865	1085385	16671781	0.0651031224558432
dataset_name-FR-FCM-Z3YR_seed-42	cygate	num-2	run0	>20%	1	0.9954319235148203	0.999976803029705	0.9909281699012751	10049130	16671781	0.6027628361960848
dataset_name-FR-FCM-Z3YR_seed-42	cygate	num-3	run0	1-5%	4	0.9320572941769639	0.9910220725166268	0.89379949404864	1968317	16028386	0.12280194649667159
dataset_name-FR-FCM-Z3YR_seed-42	cygate	num-3	run0	5-20%	3	0.9683578130678688	0.9805824143358461	0.9681599121632061	3348586	16028386	0.20891598193355213
dataset_name-FR-FCM-Z3YR_seed-42	cygate	num-3	run0	<1%	20	0.8071853538050124	0.8693472375307449	0.723000298652167	1044257	16028386	0.06515047740926629
dataset_name-FR-FCM-Z3YR_seed-42	cygate	num-3	run0	>20%	1	0.997183219242011	0.9997397563503921	0.994639723949766	9667226	16028386	0.60313159416051
dataset_name-FR-FCM-Z3YR_seed-42	cygate	num-4	run0	1-5%	4	0.9341480647931993	0.9925118891170979	0.8954295892620476	1984531	16163956	0.12277508055577484
dataset_name-FR-FCM-Z3YR_seed-42	cygate	num-4	run0	5-20%	3	0.9674939884315523	0.9662270439210774	0.965557192678508	3380309	16163956	0.20912634258593626
dataset_name-FR-FCM-Z3YR_seed-42	cygate	num-4	run0	<1%	20	0.6866291178349115	0.8768306352046095	0.6786743066355767	1050948	16163956	0.06501799435732193
dataset_name-FR-FCM-Z3YR_seed-42	cygate	num-4	run0	>20%	1	0.9971963971736557	0.999855514205965	0.9945513864758999	9748168	16163956	0.603080582500967
dataset_name-FR-FCM-Z3YR_seed-42	cygate	num-5	run0	1-5%	4	0.9314555998428525	0.9890370373834447	0.912272394709476	1979018	16114380	0.1228106821360797
dataset_name-FR-FCM-Z3YR_seed-42	cygate	num-5	run0	5-20%	3	0.9650859834493477	0.9810149124714364	0.9650647329509194	3370957	16114380	0.20918936999127488
dataset_name-FR-FCM-Z3YR_seed-42	cygate	num-5	run0	<1%	20	0.7528367943825932	0.8674930192007047	0.7166745825218752	1048991	16114380	0.06509657833562321
dataset_name-FR-FCM-Z3YR_seed-42	cygate	num-5	run0	>20%	1	0.9951067030411049	0.9999767181825382	0.99028389320311	9715414	16114380	0.6029033695370222
dataset_name-FR-FCM-Z3YR_seed-42	dgcytof	num-1	run0	1-5%	4	0.9746293046990675	0.9731950178932524	0.9774322969768539	2048216	16665728	0.12289988172133855
dataset_name-FR-FCM-Z3YR_seed-42	dgcytof	num-1	run0	5-20%	3	0.9819202424900694	0.9791906086583706	0.9946958056051692	3487595	16665728	0.2092674859448084
dataset_name-FR-FCM-Z3YR_seed-42	dgcytof	num-1	run0	<1%	20	0.8647158310137064	0.9353991596638656	0.8202790366590387	1084537	16665728	0.06507588507384736
dataset_name-FR-FCM-Z3YR_seed-42	dgcytof	num-1	run0	>20%	1	0.9989579457161909	0.9992282827019189	0.9986877549679554	10045380	16665728	0.6027567472600057
dataset_name-FR-FCM-Z3YR_seed-42	dgcytof	num-2	run0	1-5%	4	0.9576405370176541	0.9683448535603622	0.9795253790579281	2048730	16671781	0.12288609117406232
dataset_name-FR-FCM-Z3YR_seed-42	dgcytof	num-2	run0	5-20%	3	0.9812166727586782	0.98339576548396	0.9790421482010744	3488536	16671781	0.2092479501740096
dataset_name-FR-FCM-Z3YR_seed-42	dgcytof	num-2	run0	<1%	20	0.8541622890547029	0.9139743512251157	0.8682646363078401	1085385	16671781	0.0651031224558432
dataset_name-FR-FCM-Z3YR_seed-42	dgcytof	num-2	run0	>20%	1	0.9992509495938668	0.9989597206004461	0.999542348442104	10049130	16671781	0.6027628361960848
dataset_name-FR-FCM-Z3YR_seed-42	dgcytof	num-3	run0	1-5%	4	0.9775761485028672	0.9855338610800348	0.985739187081879	1968317	16028386	0.12280194649667159
dataset_name-FR-FCM-Z3YR_seed-42	dgcytof	num-3	run0	5-20%	3	0.988516065747594	0.9900075493646782	0.9946048546302494	3348586	16028386	0.20891598193355213
dataset_name-FR-FCM-Z3YR_seed-42	dgcytof	num-3	run0	<1%	20	0.9443532202152892	0.9657497501709357	0.9360899273648975	1044257	16028386	0.06515047740926629
dataset_name-FR-FCM-Z3YR_seed-42	dgcytof	num-3	run0	>20%	1	0.9995615856324226	0.9996207356817375	0.9995024425828051	9667226	16028386	0.60313159416051
dataset_name-FR-FCM-Z3YR_seed-42	dgcytof	num-4	run0	1-5%	4	0.9807503846069929	0.9740429256248841	0.9886280888455772	1984531	16163956	0.12277508055577484
dataset_name-FR-FCM-Z3YR_seed-42	dgcytof	num-4	run0	5-20%	3	0.988580140429096	0.9854516133140909	0.9927698262705111	3380309	16163956	0.20912634258593626
dataset_name-FR-FCM-Z3YR_seed-42	dgcytof	num-4	run0	<1%	20	0.9121773790357722	0.9648871037858038	0.9285051747923125	1050948	16163956	0.06501799435732193
dataset_name-FR-FCM-Z3YR_seed-42	dgcytof	num-4	run0	>20%	1	0.9994821649495164	0.9993719179854526	0.9995924362403275	9748168	16163956	0.603080582500967
dataset_name-FR-FCM-Z3YR_seed-42	dgcytof	num-5	run0	1-5%	4	0.9827165734367656	0.9843152710030744	0.9842097684179714	1979018	16114380	0.1228106821360797
dataset_name-FR-FCM-Z3YR_seed-42	dgcytof	num-5	run0	5-20%	3	0.9811292323241605	0.9801860427939366	0.9962903111436217	3370957	16114380	0.20918936999127488
dataset_name-FR-FCM-Z3YR_seed-42	dgcytof	num-5	run0	<1%	20	0.9432708153063529	0.9600601341799987	0.9359517784988194	1048991	16114380	0.06509657833562321
dataset_name-FR-FCM-Z3YR_seed-42	dgcytof	num-5	run0	>20%	1	0.9995515881309449	0.9995531828235696	0.9995499934434086	9715414	16114380	0.6029033695370222
dataset_name-FR-FCM-Z3YR_seed-42	gatemeclass	num-1	run0	1-5%	4	NA	NA	0	2048216	16665728	0.12289988172133855
dataset_name-FR-FCM-Z3YR_seed-42	gatemeclass	num-1	run0	5-20%	3	NA	NA	0	3487595	16665728	0.2092674859448084
dataset_name-FR-FCM-Z3YR_seed-42	gatemeclass	num-1	run0	<1%	20	NA	NA	0	1084537	16665728	0.06507588507384736
dataset_name-FR-FCM-Z3YR_seed-42	gatemeclass	num-1	run0	>20%	1	NA	NA	0	10045380	16665728	0.6027567472600057
dataset_name-FR-FCM-Z3YR_seed-42	gatemeclass	num-2	run0	1-5%	4	NA	NA	0	2048730	16671781	0.12288609117406232
dataset_name-FR-FCM-Z3YR_seed-42	gatemeclass	num-2	run0	5-20%	3	NA	NA	0	3488536	16671781	0.2092479501740096
dataset_name-FR-FCM-Z3YR_seed-42	gatemeclass	num-2	run0	<1%	20	NA	NA	0	1085385	16671781	0.0651031224558432
dataset_name-FR-FCM-Z3YR_seed-42	gatemeclass	num-2	run0	>20%	1	NA	NA	0	10049130	16671781	0.6027628361960848
dataset_name-FR-FCM-Z3YR_seed-42	gatemeclass	num-3	run0	1-5%	4	NA	NA	0	1968317	16028386	0.12280194649667159
dataset_name-FR-FCM-Z3YR_seed-42	gatemeclass	num-3	run0	5-20%	3	NA	NA	0	3348586	16028386	0.20891598193355213
dataset_name-FR-FCM-Z3YR_seed-42	gatemeclass	num-3	run0	<1%	20	NA	NA	0	1044257	16028386	0.06515047740926629
dataset_name-FR-FCM-Z3YR_seed-42	gatemeclass	num-3	run0	>20%	1	NA	NA	0	9667226	16028386	0.60313159416051
dataset_name-FR-FCM-Z3YR_seed-42	gatemeclass	num-4	run0	1-5%	4	NA	NA	0	1984531	16163956	0.12277508055577484
dataset_name-FR-FCM-Z3YR_seed-42	gatemeclass	num-4	run0	5-20%	3	NA	NA	0	3380309	16163956	0.20912634258593626
dataset_name-FR-FCM-Z3YR_seed-42	gatemeclass	num-4	run0	<1%	20	NA	NA	0	1050948	16163956	0.06501799435732193
dataset_name-FR-FCM-Z3YR_seed-42	gatemeclass	num-4	run0	>20%	1	NA	NA	0	9748168	16163956	0.603080582500967
dataset_name-FR-FCM-Z3YR_seed-42	gatemeclass	num-5	run0	1-5%	4	NA	NA	0	1979018	16114380	0.1228106821360797
dataset_name-FR-FCM-Z3YR_seed-42	gatemeclass	num-5	run0	5-20%	3	NA	NA	0	3370957	16114380	0.20918936999127488
dataset_name-FR-FCM-Z3YR_seed-42	gatemeclass	num-5	run0	<1%	20	NA	NA	0	1048991	16114380	0.06509657833562321
dataset_name-FR-FCM-Z3YR_seed-42	gatemeclass	num-5	run0	>20%	1	NA	NA	0	9715414	16114380	0.6029033695370222
dataset_name-FR-FCM-Z3YR_seed-42	knn	num-1	run0	1-5%	4	0.9296260351685376	0.9446230299272185	0.906113904181199	2048216	16665728	0.12289988172133855
dataset_name-FR-FCM-Z3YR_seed-42	knn	num-1	run0	5-20%	3	0.9595762750420843	0.9616298321287345	0.9575314699931995	3487595	16665728	0.2092674859448084
dataset_name-FR-FCM-Z3YR_seed-42	knn	num-1	run0	<1%	20	0.7686427351456281	0.6921625361680714	0.89636553592253	1084537	16665728	0.06507588507384736
dataset_name-FR-FCM-Z3YR_seed-42	knn	num-1	run0	>20%	1	0.9883641218187051	0.9997952795956192	0.9771914054022844	10045380	16665728	0.6027567472600057
dataset_name-FR-FCM-Z3YR_seed-42	knn	num-2	run0	1-5%	4	0.9464778604700416	0.9568192895372747	0.9561931521484932	2048730	16671781	0.12288609117406232
dataset_name-FR-FCM-Z3YR_seed-42	knn	num-2	run0	5-20%	3	0.9465425822750737	0.9881615902519225	0.9451238763903206	3488536	16671781	0.2092479501740096
dataset_name-FR-FCM-Z3YR_seed-42	knn	num-2	run0	<1%	20	0.8298994156264666	0.7648330192616962	0.8786492920919039	1085385	16671781	0.0651031224558432
dataset_name-FR-FCM-Z3YR_seed-42	knn	num-2	run0	>20%	1	0.9935607706058367	0.9992785952144099	0.9879080079569077	10049130	16671781	0.6027628361960848
dataset_name-FR-FCM-Z3YR_seed-42	knn	num-3	run0	1-5%	4	0.9454232957527371	0.9695607568756799	0.9289098266541924	1968317	16028386	0.12280194649667159
dataset_name-FR-FCM-Z3YR_seed-42	knn	num-3	run0	5-20%	3	0.9528362514287958	0.9715575567298458	0.954908645834427	3348586	16028386	0.20891598193355213
dataset_name-FR-FCM-Z3YR_seed-42	knn	num-3	run0	<1%	20	0.8429763145016973	0.7547346118009493	0.9375483286767863	1044257	16028386	0.06515047740926629
dataset_name-FR-FCM-Z3YR_seed-42	knn	num-3	run0	>20%	1	0.9890622249116268	0.9997354958633582	0.97861444430905	9667226	16028386	0.60313159416051
dataset_name-FR-FCM-Z3YR_seed-42	knn	num-4	run0	1-5%	4	0.9443239190934946	0.9701564707450501	0.9192053418784708	1984531	16163956	0.12277508055577484
dataset_name-FR-FCM-Z3YR_seed-42	knn	num-4	run0	5-20%	3	0.9555556744104405	0.9504403858914018	0.9555832382000662	3380309	16163956	0.20912634258593626
dataset_name-FR-FCM-Z3YR_seed-42	knn	num-4	run0	<1%	20	0.8357854389078636	0.7464479457505881	0.9245925022007102	1050948	16163956	0.06501799435732193
dataset_name-FR-FCM-Z3YR_seed-42	knn	num-4	run0	>20%	1	0.9900170945376563	0.9997423731522491	0.9804792038873356	9748168	16163956	0.603080582500967
dataset_name-FR-FCM-Z3YR_seed-42	knn	num-5	run0	1-5%	4	0.9247177991327926	0.9649191396917973	0.8905557841850635	1979018	16114380	0.1228106821360797
dataset_name-FR-FCM-Z3YR_seed-42	knn	num-5	run0	5-20%	3	0.9448675142922346	0.9848080053295605	0.9486540248631259	3370957	16114380	0.20918936999127488
dataset_name-FR-FCM-Z3YR_seed-42	knn	num-5	run0	<1%	20	0.8352323457136108	0.776419312930314	0.9409312410154931	1048991	16114380	0.06509657833562321
dataset_name-FR-FCM-Z3YR_seed-42	knn	num-5	run0	>20%	1	0.9920212874922861	0.9997412852052037	0.9844196037348486	9715414	16114380	0.6029033695370222
dataset_name-FR-FCM-Z3YR_seed-42	lda	num-1	run0	1-5%	4	0.9291179161042129	0.9551340953643785	0.9464871103871801	2048216	16665728	0.12289988172133855
dataset_name-FR-FCM-Z3YR_seed-42	lda	num-1	run0	5-20%	3	0.9462613387506038	0.9551636182475373	0.9126336594254366	3487595	16665728	0.2092674859448084
dataset_name-FR-FCM-Z3YR_seed-42	lda	num-1	run0	<1%	20	0.7633911470999581	0.6891412349183819	0.849932134229719	1084537	16665728	0.06507588507384736
dataset_name-FR-FCM-Z3YR_seed-42	lda	num-1	run0	>20%	1	0.9898798484783248	0.999258411792135	0.9806756937019804	10045380	16665728	0.6027567472600057
dataset_name-FR-FCM-Z3YR_seed-42	lda	num-2	run0	1-5%	4	0.9471688689855713	0.9673436739642295	0.9438242703978568	2048730	16671781	0.12288609117406232
dataset_name-FR-FCM-Z3YR_seed-42	lda	num-2	run0	5-20%	3	0.9493126617147777	0.9544668532831443	0.9331780404336698	3488536	16671781	0.2092479501740096
dataset_name-FR-FCM-Z3YR_seed-42	lda	num-2	run0	<1%	20	0.8300401464008963	0.7907447453908047	0.834821451151653	1085385	16671781	0.0651031224558432
dataset_name-FR-FCM-Z3YR_seed-42	lda	num-2	run0	>20%	1	0.9969714564092637	0.9992330870555152	0.9947200404413118	10049130	16671781	0.6027628361960848
dataset_name-FR-FCM-Z3YR_seed-42	lda	num-3	run0	1-5%	4	0.9393723180398523	0.9552302773425547	0.9405766136141537	1968317	16028386	0.12280194649667159
dataset_name-FR-FCM-Z3YR_seed-42	lda	num-3	run0	5-20%	3	0.946898605290843	0.9486947254141307	0.9394065881922096	3348586	16028386	0.20891598193355213
dataset_name-FR-FCM-Z3YR_seed-42	lda	num-3	run0	<1%	20	0.8265349909629793	0.7813445763431535	0.8687878671509832	1044257	16028386	0.06515047740926629
dataset_name-FR-FCM-Z3YR_seed-42	lda	num-3	run0	>20%	1	0.9957966476357583	0.9992452655673612	0.992371751731055	9667226	16028386	0.60313159416051
dataset_name-FR-FCM-Z3YR_seed-42	lda	num-4	run0	1-5%	4	0.9425004704017501	0.9545384839632849	0.9426289079930368	1984531	16163956	0.12277508055577484
dataset_name-FR-FCM-Z3YR_seed-42	lda	num-4	run0	5-20%	3	0.9475728174363109	0.95346562940647	0.9192393773564602	3380309	16163956	0.20912634258593626
dataset_name-FR-FCM-Z3YR_seed-42	lda	num-4	run0	<1%	20	0.8117556608544081	0.7513799888761671	0.8791662177919506	1050948	16163956	0.06501799435732193
dataset_name-FR-FCM-Z3YR_seed-42	lda	num-4	run0	>20%	1	0.9943456425037719	0.9992301101516379	0.9895086953774289	9748168	16163956	0.603080582500967
dataset_name-FR-FCM-Z3YR_seed-42	lda	num-5	run0	1-5%	4	0.945213814402694	0.9655007348725363	0.9403659919837832	1979018	16114380	0.1228106821360797
dataset_name-FR-FCM-Z3YR_seed-42	lda	num-5	run0	5-20%	3	0.9491123034738524	0.9587980685878492	0.9396202721994489	3370957	16114380	0.20918936999127488
dataset_name-FR-FCM-Z3YR_seed-42	lda	num-5	run0	<1%	20	0.8424094586379245	0.8218661235974642	0.8382243050120164	1048991	16114380	0.06509657833562321
dataset_name-FR-FCM-Z3YR_seed-42	lda	num-5	run0	>20%	1	0.9969197345647173	0.9992475894891272	0.9946027004098847	9715414	16114380	0.6029033695370222
dataset_name-FR-FCM-Z3YR_seed-42	random	num-1	run0	1-5%	4	0.0318761182380817	0.028752381702180023	0.03562358802091736	2048216	16665728	0.12289988172133855
dataset_name-FR-FCM-Z3YR_seed-42	random	num-1	run0	5-20%	3	0.045578683825397016	0.06319605972131617	0.03564250428222689	3487595	16665728	0.2092674859448084
dataset_name-FR-FCM-Z3YR_seed-42	random	num-1	run0	<1%	20	0.005688551789523584	0.0030852476096052696	0.03560623843637861	1084537	16665728	0.06507588507384736
dataset_name-FR-FCM-Z3YR_seed-42	random	num-1	run0	>20%	1	0.06752288633083979	0.6021593139267704	0.03576679030559322	10045380	16665728	0.6027567472600057
dataset_name-FR-FCM-Z3YR_seed-42	random	num-2	run0	1-5%	4	0.0314469260233068	0.028842096590105996	0.034569362624039465	2048730	16671781	0.12288609117406232
dataset_name-FR-FCM-Z3YR_seed-42	random	num-2	run0	5-20%	3	0.04471641221187217	0.06340973297146467	0.034610421907775704	3488536	16671781	0.2092479501740096
dataset_name-FR-FCM-Z3YR_seed-42	random	num-2	run0	<1%	20	0.005510377340920573	0.0029998290490992237	0.034612591967049716	1085385	16671781	0.0651031224558432
dataset_name-FR-FCM-Z3YR_seed-42	random	num-2	run0	>20%	1	0.06522550191852446	0.6018825711913455	0.03448109438329487	10049130	16671781	0.6027628361960848
dataset_name-FR-FCM-Z3YR_seed-42	random	num-3	run0	1-5%	4	0.031335992558223044	0.028716728671270675	0.03468563283187774	1968317	16028386	0.12280194649667159
dataset_name-FR-FCM-Z3YR_seed-42	random	num-3	run0	5-20%	3	0.044762242068620034	0.0636229065683685	0.03449349098757895	3348586	16028386	0.20891598193355213
dataset_name-FR-FCM-Z3YR_seed-42	random	num-3	run0	<1%	20	0.005713450387064585	0.00311264694998898	0.03438711495007905	1044257	16028386	0.06515047740926629
dataset_name-FR-FCM-Z3YR_seed-42	random	num-3	run0	>20%	1	0.06529940062052277	0.6028859408394774	0.034519106101378	9667226	16028386	0.60313159416051
dataset_name-FR-FCM-Z3YR_seed-42	random	num-4	run0	1-5%	4	0.031052882940865306	0.02843460335990611	0.034349249616613814	1984531	16163956	0.12277508055577484
dataset_name-FR-FCM-Z3YR_seed-42	random	num-4	run0	5-20%	3	0.04499785130798067	0.06379546115276527	0.03446219643066935	3380309	16163956	0.20912634258593626
dataset_name-FR-FCM-Z3YR_seed-42	random	num-4	run0	<1%	20	0.005431210633226383	0.002953320673201562	0.03464700609603511	1050948	16163956	0.06501799435732193
dataset_name-FR-FCM-Z3YR_seed-42	random	num-4	run0	>20%	1	0.06533654908750162	0.6027748438031472	0.03454023361107441	9748168	16163956	0.603080582500967
dataset_name-FR-FCM-Z3YR_seed-42	random	num-5	run0	1-5%	4	0.03126024449589906	0.028659162750768553	0.03457231615499032	1979018	16114380	0.1228106821360797
dataset_name-FR-FCM-Z3YR_seed-42	random	num-5	run0	5-20%	3	0.0446392359852274	0.06340145688913013	0.03444578762662313	3370957	16114380	0.20918936999127488
dataset_name-FR-FCM-Z3YR_seed-42	random	num-5	run0	<1%	20	0.005461021655786998	0.0029719255963889715	0.03421945321873433	1048991	16114380	0.06509657833562321
dataset_name-FR-FCM-Z3YR_seed-42	random	num-5	run0	>20%	1	0.0652100660999271	0.6024884276958117	0.03447048164905788	9715414	16114380	0.6029033695370222
dataset_name-Levine_seed-42	cyanno	num-1	run0	1-5%	5	0.9943788645306352	0.9938202247191011	0.9949381327334084	10744	72463	0.14826877164897947
dataset_name-Levine_seed-42	cyanno	num-1	run0	5-20%	2	0.9992072281851047	0.9993722159860441	0.999042508986659	25525	72463	0.3522487338365787
dataset_name-Levine_seed-42	cyanno	num-1	run0	<1%	5	0.9540229885057472	0.97	0.9556650246305419	1952	72463	0.026937885541586742
dataset_name-Levine_seed-42	cyanno	num-1	run0	>20%	2	0.999536495204039	0.9992662028483081	0.9998069604544703	34242	72463	0.4725446089728551
dataset_name-Levine_seed-42	cyanno	num-2	run0	1-5%	4	0.9947167386069591	0.9940891372675551	0.9953006324926562	3582	31721	0.1129220390277734
dataset_name-Levine_seed-42	cyanno	num-2	run0	5-20%	3	1	1	1	11971	31721	0.3773840673370953
dataset_name-Levine_seed-42	cyanno	num-2	run0	<1%	5	0.979253112033195	1	0.9672131147540983	1030	31721	0.032470603070521104
dataset_name-Levine_seed-42	cyanno	num-2	run0	>20%	2	0.9995223724086659	0.9993718933977904	0.9996729860858786	15138	31721	0.4772232905646102
dataset_name-Levine_seed-42	cygate	num-1	run0	1-5%	5	0.9679282565739474	0.986674930275798	0.9498806682577565	10744	72463	0.14826877164897947
dataset_name-Levine_seed-42	cygate	num-1	run0	5-20%	2	0.9786155885395088	0.9978622989096844	0.9606988264480691	25525	72463	0.3522487338365787
dataset_name-Levine_seed-42	cygate	num-1	run0	<1%	5	0.9543568464730291	0.9623430962343096	0.9711246200607903	1952	72463	0.026937885541586742
dataset_name-Levine_seed-42	cygate	num-1	run0	>20%	2	0.9977189650738227	0.9978599857964698	0.9975795452690992	34242	72463	0.4725446089728551
dataset_name-Levine_seed-42	cygate	num-2	run0	1-5%	4	0.9469982064918774	0.9886507505878097	0.9096982497446462	3582	31721	0.1129220390277734
dataset_name-Levine_seed-42	cygate	num-2	run0	5-20%	3	0.9955189101989603	1	0.9966666666666667	11971	31721	0.3773840673370953
dataset_name-Levine_seed-42	cygate	num-2	run0	<1%	5	0.9838187702265372	0.987012987012987	0.9806451612903225	1030	31721	0.032470603070521104
dataset_name-Levine_seed-42	cygate	num-2	run0	>20%	2	0.9985964169379274	0.9983423252153777	0.9988506620626654	15138	31721	0.4772232905646102
dataset_name-Levine_seed-42	dgcytof	num-1	run0	1-5%	5	0.9683393070489844	0.9694976076555024	0.9508070714834742	10744	72463	0.14826877164897947
dataset_name-Levine_seed-42	dgcytof	num-1	run0	5-20%	2	0.989250032649863	0.9852549447944186	0.9932780928367354	25525	72463	0.3522487338365787
dataset_name-Levine_seed-42	dgcytof	num-1	run0	<1%	5	0.8211920529801325	0.8203592814371258	0.7980295566502463	1952	72463	0.026937885541586742
dataset_name-Levine_seed-42	dgcytof	num-1	run0	>20%	2	0.9935951214663918	0.9964180587751307	0.9907881656223123	34242	72463	0.4725446089728551
dataset_name-Levine_seed-42	dgcytof	num-2	run0	1-5%	4	0.9604227812250112	0.9615087401226954	0.9797262983642434	3582	31721	0.1129220390277734
dataset_name-Levine_seed-42	dgcytof	num-2	run0	5-20%	3	0.9966579135831941	0.9983987189751802	0.9940476190476191	11971	31721	0.3773840673370953
dataset_name-Levine_seed-42	dgcytof	num-2	run0	<1%	5	0.9060402684563759	0.9440559440559441	0.9080459770114943	1030	31721	0.032470603070521104
dataset_name-Levine_seed-42	dgcytof	num-2	run0	>20%	2	0.9978384457377927	0.9985452428520396	0.9971378564321048	15138	31721	0.4772232905646102
dataset_name-Levine_seed-42	gatemeclass	num-1	run0	1-5%	5	0.9486899563318777	0.9616766467065868	0.9186046511627907	10744	72463	0.14826877164897947
dataset_name-Levine_seed-42	gatemeclass	num-1	run0	5-20%	2	0.9842505902781818	0.9970816174494688	0.9719269099416298	25525	72463	0.3522487338365787
dataset_name-Levine_seed-42	gatemeclass	num-1	run0	<1%	5	0.66902119071644806	0.5037993920972644	0.9382716049382716	1952	72463	0.026937885541586742
dataset_name-Levine_seed-42	gatemeclass	num-1	run0	>20%	2	0.957300895385536	0.9832276786746605	0.9359582162987832	34242	72463	0.4725446089728551
dataset_name-Levine_seed-42	gatemeclass	num-2	run0	1-5%	4	0.7857097302089575	0.8746856161922631	0.843848413475534	3582	31721	0.1129220390277734
dataset_name-Levine_seed-42	gatemeclass	num-2	run0	5-20%	3	0.938949159753244	0.9973455598455598	0.9737693136902623	11971	31721	0.3773840673370953
dataset_name-Levine_seed-42	gatemeclass	num-2	run0	<1%	5	0.7147766323024055	0.5966183574879227	0.9451612903225807	1030	31721	0.032470603070521104
dataset_name-Levine_seed-42	gatemeclass	num-2	run0	>20%	2	0.9950205399093133	0.9945361986604717	0.9955187773748485	15138	31721	0.4772232905646102
dataset_name-Levine_seed-42	knn	num-1	run0	1-5%	5	0.5692395005675369	0.6879286694101509	0.6316085489313836	10744	72463	0.14826877164897947
dataset_name-Levine_seed-42	knn	num-1	run0	5-20%	2	0.6427461613635927	0.6129912685988923	0.6768449082156012	25525	72463	0.3522487338365787
dataset_name-Levine_seed-42	knn	num-1	run0	<1%	5	0.4084462653640088	0.34024896265560167	0.5425531914893617	1952	72463	0.026937885541586742
dataset_name-Levine_seed-42	knn	num-1	run0	>20%	2	0.6823158365153728	0.7540033616759734	0.6256879544648439	34242	72463	0.4725446089728551
dataset_name-Levine_seed-42	knn	num-2	run0	1-5%	4	0.53354651534289	0.6546593341854581	0.5425023147498667	3582	31721	0.1129220390277734
dataset_name-Levine_seed-42	knn	num-2	run0	5-20%	3	0.7762655205348615	0.801948051948052	0.7427826784282278	11971	31721	0.3773840673370953
dataset_name-Levine_seed-42	knn	num-2	run0	<1%	5	0.4172813487881981	0.2832618025751073	0.792	1030	31721	0.032470603070521104
dataset_name-Levine_seed-42	knn	num-2	run0	>20%	2	0.5976861597365719	0.6392331246988876	0.5806346967224989	15138	31721	0.4772232905646102
dataset_name-Levine_seed-42	lda	num-1	run0	1-5%	5	0.8100083402835697	0.9186530457813091	0.7243436754176611	10744	72463	0.14826877164897947
dataset_name-Levine_seed-42	lda	num-1	run0	5-20%	2	0.9536233268765186	0.9681884247316344	0.942634074558535	25525	72463	0.3522487338365787
dataset_name-Levine_seed-42	lda	num-1	run0	<1%	5	0.4277456647398844	0.5076560659599529	0.5763546798029556	1952	72463	0.026937885541586742
dataset_name-Levine_seed-42	lda	num-1	run0	>20%	2	0.9784139215884071	0.973369654573516	0.9835412190155713	34242	72463	0.4725446089728551
dataset_name-Levine_seed-42	lda	num-2	run0	1-5%	4	0.5970401456444286	0.8654709014946451	0.47167674022581674	3582	31721	0.1129220390277734
dataset_name-Levine_seed-42	lda	num-2	run0	5-20%	3	0.9785918173168411	0.9776615969581749	0.9795238095238096	11971	31721	0.3773840673370953
dataset_name-Levine_seed-42	lda	num-2	run0	<1%	5	0.5866983372921616	0.6144578313253012	0.672	1030	31721	0.032470603070521104
dataset_name-Levine_seed-42	lda	num-2	run0	>20%	2	0.9153489744410609	0.9307144747441383	0.9123153867527305	15138	31721	0.4772232905646102
dataset_name-Levine_seed-42	random	num-1	run0	1-5%	5	0.03614823815309842	0.02601279317697228	0.06692913385826772	10744	72463	0.14826877164897947
dataset_name-Levine_seed-42	random	num-1	run0	5-20%	2	0.09704356689308913	0.17636756572608764	0.06696791234135044	25525	72463	0.3522487338365787
dataset_name-Levine_seed-42	random	num-1	run0	<1%	5	0.005380476556495004	0.0028220116911912923	0.059113300492610835	1952	72463	0.026937885541586742
dataset_name-Levine_seed-42	random	num-1	run0	>20%	2	0.10436324705312038	0.236940644229329	0.0669753833045231	34242	72463	0.4725446089728551
dataset_name-Levine_seed-42	random	num-2	run0	1-5%	4	0.03954575460757551	0.02949845162044024	0.06690528488633657	3582	31721	0.1129220390277734
dataset_name-Levine_seed-42	random	num-2	run0	5-20%	3	0.08469468675654243	0.12684085510688836	0.06611570247933884	11971	31721	0.3773840673370953
dataset_name-Levine_seed-42	random	num-2	run0	<1%	5	0.011996572407883462	0.006753497346840328	0.05161290322580645	1030	31721	0.032470603070521104
dataset_name-Levine_seed-42	random	num-2	run0	>20%	2	0.1052737883626921	0.24004498204731606	0.0675469365105375	15138	31721	0.4772232905646102
dataset_name-Samusik_seed-42	cyanno	num-1	run0	1-5%	7	0.9948954058652788	0.993943661971831	0.9971739437614808	59778	462641	0.1292103380374848
dataset_name-Samusik_seed-42	cyanno	num-1	run0	5-20%	5	0.9977190511694696	0.9969373099019939	0.9986449864498645	280765	462641	0.6068744447638665
dataset_name-Samusik_seed-42	cyanno	num-1	run0	<1%	11	0.9492946066998744	0.9869496037961165	0.9479591836734694	19526	462641	0.042205511400848605
dataset_name-Samusik_seed-42	cyanno	num-1	run0	>20%	1	0.9989627818871526	0.997927713187722	1	102572	462641	0.22170970579780003
dataset_name-Samusik_seed-42	cyanno	num-2	run0	1-5%	7	0.9941824226054436	0.9921469639601739	0.9980251093243052	59700	463260	0.1288693174459267
dataset_name-Samusik_seed-42	cyanno	num-2	run0	5-20%	5	0.9982190957458649	0.9970180507328968	0.9994917623141756	279087	463260	0.602441393601865
dataset_name-Samusik_seed-42	cyanno	num-2	run0	<1%	11	0.9514389207840163	0.9879342817744594	0.9352881698685541	19036	463260	0.04109139576048008
dataset_name-Samusik_seed-42	cyanno	num-2	run0	>20%	1	0.9992986513254541	0.9985982857413458	1	105437	463260	0.22759789319172818
dataset_name-Samusik_seed-42	cyanno	num-3	run0	1-5%	7	0.9937647817673618	0.9894674085850557	0.9987035436473639	60815	459538	0.1323394365645496
dataset_name-Samusik_seed-42	cyanno	num-3	run0	5-20%	5	0.998328684452202	0.9976287378729323	0.9989424445800285	279397	459538	0.6079954214885385
dataset_name-Samusik_seed-42	cyanno	num-3	run0	<1%	11	0.9450703149333286	0.9811071675900277	0.9567496723460026	19353	459538	0.04211403627121152
dataset_name-Samusik_seed-42	cyanno	num-3	run0	>20%	1	0.9992403722176133	0.998481897627965	1	99973	459538	0.21755110567570038
dataset_name-Samusik_seed-42	cyanno	num-4	run0	1-5%	7	0.9940960912052116	0.9910888331940964	0.9973378170099482	60105	461932	0.13011655395166388
dataset_name-Samusik_seed-42	cyanno	num-4	run0	5-20%	5	0.9976792627980167	0.9962131488515102	0.9991496984263752	280041	461932	0.6062385805703004
dataset_name-Samusik_seed-42	cyanno	num-4	run0	<1%	11	0.9485113060455526	0.9851017239926645	0.9339622641509434	19051	461932	0.04124200098715828
dataset_name-Samusik_seed-42	cyanno	num-4	run0	>20%	1	0.9992899316194422	0.9985905772801058	0.9999902662189127	102735	461932	0.22240286449087746
dataset_name-Samusik_seed-42	cyanno	num-5	run0	1-5%	7	0.9950681375730045	0.9940360430442111	0.9986582584194285	61073	468547	0.13034551496434724
dataset_name-Samusik_seed-42	cyanno	num-5	run0	5-20%	5	0.9983035189384396	0.9978733168422113	0.9987340921312063	282114	468547	0.6021039511511118
dataset_name-Samusik_seed-42	cyanno	num-5	run0	<1%	11	0.9596101931686413	0.9878984310963854	0.9403437815975733	19259	468547	0.04110366729484982
dataset_name-Samusik_seed-42	cyanno	num-5	run0	>20%	1	0.9990207617343816	0.9980434394077642	1	106101	468547	0.2264468665896911
dataset_name-Samusik_seed-42	cygate	num-1	run0	1-5%	7	0.9830711773846195	0.9811951525282073	0.9869513641755635	59778	462641	0.1292103380374848
dataset_name-Samusik_seed-42	cygate	num-1	run0	5-20%	5	0.9843276362463721	0.9944811863756404	0.9728622688379795	280765	462641	0.6068744447638665
dataset_name-Samusik_seed-42	cygate	num-1	run0	<1%	11	0.9423274974253347	0.9557109557109557	0.9324236517218973	19526	462641	0.042205511400848605
dataset_name-Samusik_seed-42	cygate	num-1	run0	>20%	1	0.9979029927358889	0.9960275449450752	0.9997855165152283	102572	462641	0.22170970579780003
dataset_name-Samusik_seed-42	cygate	num-2	run0	1-5%	7	0.9756508709496159	0.988401808531551	0.962225832656377	59700	463260	0.1288693174459267
dataset_name-Samusik_seed-42	cygate	num-2	run0	5-20%	5	0.9819864926510677	0.9939072535501738	0.9649479576664043	279087	463260	0.602441393601865
dataset_name-Samusik_seed-42	cygate	num-2	run0	<1%	11	0.925022583559169	0.9618138424821002	0.9106628242074928	19036	463260	0.04109139576048008
dataset_name-Samusik_seed-42	cygate	num-2	run0	>20%	1	0.99805907971975	0.9963328071982837	0.9997913445944023	105437	463260	0.22759789319172818
dataset_name-Samusik_seed-42	cygate	num-3	run0	1-5%	7	0.9840518571869535	0.988731520727799	0.9794162826420891	60815	459538	0.1323394365645496
dataset_name-Samusik_seed-42	cygate	num-3	run0	5-20%	5	0.9886709708856134	0.9946521681001828	0.978597258430746	279397	459538	0.6079954214885385
dataset_name-Samusik_seed-42	cygate	num-3	run0	<1%	11	0.9354961114798594	0.97288842544317	0.9151785714285714	19353	459538	0.04211403627121152
dataset_name-Samusik_seed-42	cygate	num-3	run0	>20%	1	0.998048054794247	0.9962228423360574	0.9998799675912496	99973	459538	0.21755110567570038
dataset_name-Samusik_seed-42	cygate	num-4	run0	1-5%	7	0.9831600257660807	0.9844357976653697	0.985331768721997	60105	461932	0.13011655395166388
dataset_name-Samusik_seed-42	cygate	num-4	run0	5-20%	5	0.9829312961121867	0.9920916093346438	0.9666145232998518	280041	461932	0.6062385805703004
dataset_name-Samusik_seed-42	cygate	num-4	run0	<1%	11	0.9218045112781955	0.9695531830763148	0.878538158366177	19051	461932	0.04124200098715828
dataset_name-Samusik_seed-42	cygate	num-4	run0	>20%	1	0.9981004017820272	0.9963432850297775	0.9998637270647783	102735	461932	0.22240286449087746
dataset_name-Samusik_seed-42	cygate	num-5	run0	1-5%	7	0.983000350508237	0.981422405704635	0.9816811744835651	61073	468547	0.13034551496434724
dataset_name-Samusik_seed-42	cygate	num-5	run0	5-20%	5	0.9864253903192933	0.9917043409559759	0.9813586664276752	282114	468547	0.6021039511511118
dataset_name-Samusik_seed-42	cygate	num-5	run0	<1%	11	0.9391839681061036	0.9602094240837696	0.9271991911021233	19259	468547	0.04110366729484982
dataset_name-Samusik_seed-42	cygate	num-5	run0	>20%	1	0.9969387274525503	0.9963380997656007	0.9975400797353465	106101	468547	0.2264468665896911
dataset_name-Samusik_seed-42	dgcytof	num-1	run0	1-5%	7	0.9858481164042258	0.9861681731032593	0.9837107020687408	59778	462641	0.1292103380374848
dataset_name-Samusik_seed-42	dgcytof	num-1	run0	5-20%	5	0.9890208380013444	0.9948468848996832	0.9945450378180152	280765	462641	0.6068744447638665
dataset_name-Samusik_seed-42	dgcytof	num-1	run0	<1%	11	0.9001964275498777	0.9110091303324368	0.9322033898305084	19526	462641	0.042205511400848605
dataset_name-Samusik_seed-42	dgcytof	num-1	run0	>20%	1	0.9987045370424482	0.9977909692487349	0.9996197792769956	102572	462641	0.22170970579780003
dataset_name-Samusik_seed-42	dgcytof	num-2	run0	1-5%	7	0.9746657283603096	0.9785168353645941	0.9840258926707037	59700	463260	0.1288693174459267
dataset_name-Samusik_seed-42	dgcytof	num-2	run0	5-20%	5	0.9952483423815089	0.9943468296409473	0.9961514912971223	279087	463260	0.602441393601865
dataset_name-Samusik_seed-42	dgcytof	num-2	run0	<1%	11	0.9015965166908563	0.9259259259259259	0.9063636363636364	19036	463260	0.04109139576048008
dataset_name-Samusik_seed-42	dgcytof	num-2	run0	>20%	1	0.9984604963359813	0.9973597047411754	0.9995637205155685	105437	463260	0.22759789319172818
dataset_name-Samusik_seed-42	dgcytof	num-3	run0	1-5%	7	0.9806596091205212	0.9721004384216819	0.9813607924921793	60815	459538	0.1323394365645496
dataset_name-Samusik_seed-42	dgcytof	num-3	run0	5-20%	5	0.9964266195821248	0.996217215870881	0.9966361113447145	279397	459538	0.6079954214885385
dataset_name-Samusik_seed-42	dgcytof	num-3	run0	<1%	11	0.8871543855007276	0.905667701863354	0.9214285714285714	19353	459538	0.04211403627121152
dataset_name-Samusik_seed-42	dgcytof	num-3	run0	>20%	1	0.9991299216929523	0.9989500944914957	0.9993098136496854	99973	459538	0.21755110567570038
dataset_name-Samusik_seed-42	dgcytof	num-4	run0	1-5%	7	0.9862846693081377	0.9816226517832835	0.9903989758907616	60105	461932	0.13011655395166388
dataset_name-Samusik_seed-42	dgcytof	num-4	run0	5-20%	5	0.9975245447679786	0.9962705330204492	0.9975480125647789	280041	461932	0.6062385805703004
dataset_name-Samusik_seed-42	dgcytof	num-4	run0	<1%	11	0.9233805849632155	0.9345734445157152	0.9449820293060548	19051	461932	0.04124200098715828
dataset_name-Samusik_seed-42	dgcytof	num-4	run0	>20%	1	0.9989489153390234	0.9987933869822024	0.9991044921399718	102735	461932	0.22240286449087746
dataset_name-Samusik_seed-42	dgcytof	num-5	run0	1-5%	7	0.9863376403304385	0.9845339845339846	0.98706942236354	61073	468547	0.13034551496434724
dataset_name-Samusik_seed-42	dgcytof	num-5	run0	5-20%	5	0.9970090973289577	0.9969917375806152	0.9975477971737323	282114	468547	0.6021039511511118
dataset_name-Samusik_seed-42	dgcytof	num-5	run0	<1%	11	0.8996495735329583	0.9201265322261764	0.9132947976878613	19259	468547	0.04110366729484982
dataset_name-Samusik_seed-42	dgcytof	num-5	run0	>20%	1	0.998788427359856	0.9991699679305791	0.9984071780661822	106101	468547	0.2264468665896911
dataset_name-Samusik_seed-42	gatemeclass	num-1	run0	1-5%	7	0.9178906502749918	0.9076135636596289	0.9670806229055785	59778	462641	0.1292103380374848
dataset_name-Samusik_seed-42	gatemeclass	num-1	run0	5-20%	5	0.9672695585641113	0.980307362905157	0.9632161527228089	280765	462641	0.6068744447638665
dataset_name-Samusik_seed-42	gatemeclass	num-1	run0	<1%	11	0.7514831905075807	0.7805872756933115	0.7407407407407407	19526	462641	0.042205511400848605
dataset_name-Samusik_seed-42	gatemeclass	num-1	run0	>20%	1	0.9858081344797605	0.9769550398284313	0.9948231486175565	102572	462641	0.22170970579780003
dataset_name-Samusik_seed-42	gatemeclass	num-2	run0	1-5%	7	0.9094465088988852	0.8959537572254336	0.9719740048740861	59700	463260	0.1288693174459267
dataset_name-Samusik_seed-42	gatemeclass	num-2	run0	5-20%	5	0.9700533205155433	0.9829799690544891	0.9487885944196623	279087	463260	0.602441393601865
dataset_name-Samusik_seed-42	gatemeclass	num-2	run0	<1%	11	0.7539583732362893	0.7861064693244211	0.604739010989011	19036	463260	0.04109139576048008
dataset_name-Samusik_seed-42	gatemeclass	num-2	run0	>20%	1	0.9863971140838719	0.977116853869848	0.9958553448979011	105437	463260	0.22759789319172818
dataset_name-Samusik_seed-42	gatemeclass	num-3	run0	1-5%	7	0.92905182645391	0.9105253387785409	0.9680284191829485	60815	459538	0.1323394365645496
dataset_name-Samusik_seed-42	gatemeclass	num-3	run0	5-20%	5	0.9703084225450511	0.9791594000697593	0.966772443443546	279397	459538	0.6079954214885385
dataset_name-Samusik_seed-42	gatemeclass	num-3	run0	<1%	11	0.7872264344024003	0.8371398847542273	0.737221494102228	19353	459538	0.04211403627121152
dataset_name-Samusik_seed-42	gatemeclass	num-3	run0	>20%	1	0.9861663899283785	0.977402684168124	0.9950886739419643	99973	459538	0.21755110567570038
dataset_name-Samusik_seed-42	gatemeclass	num-4	run0	1-5%	7	0.9299021578876826	0.9123900293255132	0.9737871674491393	60105	461932	0.13011655395166388
dataset_name-Samusik_seed-42	gatemeclass	num-4	run0	5-20%	5	0.9707278807646258	0.9806418455915943	0.9678906635929524	280041	461932	0.6062385805703004
dataset_name-Samusik_seed-42	gatemeclass	num-4	run0	<1%	11	0.7689170656593605	0.8062780269058296	0.6943747760659262	19051	461932	0.04124200098715828
dataset_name-Samusik_seed-42	gatemeclass	num-4	run0	>20%	1	0.9859096540321142	0.9766024906409962	0.9953959215457244	102735	461932	0.22240286449087746
dataset_name-Samusik_seed-42	gatemeclass	num-5	run0	1-5%	7	0.9291248108367177	0.9122210017117948	0.9764585465711362	61073	468547	0.13034551496434724
dataset_name-Samusik_seed-42	gatemeclass	num-5	run0	5-20%	5	0.96757079799113	0.9827029701856788	0.947649462939763	282114	468547	0.6021039511511118
dataset_name-Samusik_seed-42	gatemeclass	num-5	run0	<1%	11	0.764227783507291	0.8075106282475201	0.6831275720164609	19259	468547	0.04110366729484982
dataset_name-Samusik_seed-42	gatemeclass	num-5	run0	>20%	1	0.9850936947774313	0.9747720813494261	0.9956362334002508	106101	468547	0.2264468665896911
dataset_name-Samusik_seed-42	knn	num-1	run0	1-5%	7	0.843547077922078	0.8178343949044586	0.9034981905910736	59778	462641	0.1292103380374848
dataset_name-Samusik_seed-42	knn	num-1	run0	5-20%	5	0.8675647471776872	0.9044478806621794	0.8203315938965585	280765	462641	0.6068744447638665
dataset_name-Samusik_seed-42	knn	num-1	run0	<1%	11	0.6221699754494978	0.5038327526132405	0.7394411955815464	19526	462641	0.042205511400848605
dataset_name-Samusik_seed-42	knn	num-1	run0	>20%	1	0.8270966455885447	0.9571937559275113	0.7281324338025972	102572	462641	0.22170970579780003
dataset_name-Samusik_seed-42	knn	num-2	run0	1-5%	7	0.8152318558706111	0.8218782249742002	0.8580899985893639	59700	463260	0.1288693174459267
dataset_name-Samusik_seed-42	knn	num-2	run0	5-20%	5	0.8180484381977079	0.8532071227193713	0.7749399636464953	279087	463260	0.602441393601865
dataset_name-Samusik_seed-42	knn	num-2	run0	<1%	11	0.6156415251878653	0.5423900219113433	0.7596153846153846	19036	463260	0.04109139576048008
dataset_name-Samusik_seed-42	knn	num-2	run0	>20%	1	0.812678606487642	0.9561256047326344	0.7066589527395506	105437	463260	0.22759789319172818
dataset_name-Samusik_seed-42	knn	num-3	run0	1-5%	7	0.8303235152100434	0.8129727685325264	0.8827444956477215	60815	459538	0.1323394365645496
dataset_name-Samusik_seed-42	knn	num-3	run0	5-20%	5	0.8436729509625681	0.8536623041060496	0.7939197712555714	279397	459538	0.6079954214885385
dataset_name-Samusik_seed-42	knn	num-3	run0	<1%	11	0.6306532663316584	0.5114099429502853	0.7962962962962963	19353	459538	0.04211403627121152
dataset_name-Samusik_seed-42	knn	num-3	run0	>20%	1	0.8154111097761223	0.9525464510092234	0.7127924539625698	99973	459538	0.21755110567570038
dataset_name-Samusik_seed-42	knn	num-4	run0	1-5%	7	0.8167559796105085	0.8083042297244858	0.8253863426231673	60105	461932	0.13011655395166388
dataset_name-Samusik_seed-42	knn	num-4	run0	5-20%	5	0.8482793352358571	0.8596684631716479	0.8109949662146841	280041	461932	0.6062385805703004
dataset_name-Samusik_seed-42	knn	num-4	run0	<1%	11	0.6412930135557873	0.6033036848792884	0.7285318559556787	19051	461932	0.04124200098715828
dataset_name-Samusik_seed-42	knn	num-4	run0	>20%	1	0.7673525441087473	0.9540028648734681	0.6417871222076216	102735	461932	0.22240286449087746
dataset_name-Samusik_seed-42	knn	num-5	run0	1-5%	7	0.8358532781883516	0.8526653211444853	0.83917288914417	61073	468547	0.13034551496434724
dataset_name-Samusik_seed-42	knn	num-5	run0	5-20%	5	0.8389731552063809	0.8593147842290264	0.7547797173732336	282114	468547	0.6021039511511118
dataset_name-Samusik_seed-42	knn	num-5	run0	<1%	11	0.4188334504567815	0.3209477652127087	0.6820809248554913	19259	468547	0.04110366729484982
dataset_name-Samusik_seed-42	knn	num-5	run0	>20%	1	0.8320344566573205	0.957630342221186	0.7355632840406782	106101	468547	0.2264468665896911
dataset_name-Samusik_seed-42	lda	num-1	run0	1-5%	7	0.8223804679552391	0.8533427163969036	0.793586387434555	59778	462641	0.1292103380374848
dataset_name-Samusik_seed-42	lda	num-1	run0	5-20%	5	0.8978333786601397	0.9300064161973337	0.8616949600369905	280765	462641	0.6068744447638665
dataset_name-Samusik_seed-42	lda	num-1	run0	<1%	11	0.4800637958532696	0.34900193174500965	0.8020477815699659	19526	462641	0.042205511400848605
dataset_name-Samusik_seed-42	lda	num-1	run0	>20%	1	0.9246831498026179	0.9895717525681504	0.8677806808875717	102572	462641	0.22170970579780003
dataset_name-Samusik_seed-42	lda	num-2	run0	1-5%	7	0.7980885718131645	0.8558651530787754	0.7848821816256288	59700	463260	0.1288693174459267
dataset_name-Samusik_seed-42	lda	num-2	run0	5-20%	5	0.8407662889602137	0.9482898872249954	0.7926353565298798	279087	463260	0.602441393601865
dataset_name-Samusik_seed-42	lda	num-2	run0	<1%	11	0.5797101449275363	0.45234248788368336	0.6461011139674379	19036	463260	0.04109139576048008
dataset_name-Samusik_seed-42	lda	num-2	run0	>20%	1	0.8764686899893667	0.9909919609532013	0.7856729611047355	105437	463260	0.22759789319172818
dataset_name-Samusik_seed-42	lda	num-3	run0	1-5%	7	0.8227160493827161	0.8711317739357838	0.7199654278305964	60815	459538	0.1323394365645496
dataset_name-Samusik_seed-42	lda	num-3	run0	5-20%	5	0.8862248487406782	0.9286372789247677	0.8532910226225816	279397	459538	0.6079954214885385
dataset_name-Samusik_seed-42	lda	num-3	run0	<1%	11	0.538373424971363	0.45366795366795365	0.6619718309859155	19353	459538	0.04211403627121152
dataset_name-Samusik_seed-42	lda	num-3	run0	>20%	1	0.9301835770266766	0.9875609591657865	0.8791073589869265	99973	459538	0.21755110567570038
dataset_name-Samusik_seed-42	lda	num-4	run0	1-5%	7	0.8051075268817205	0.8415841584158416	0.7911768590674944	60105	461932	0.13011655395166388
dataset_name-Samusik_seed-42	lda	num-4	run0	5-20%	5	0.8720691817149699	0.9350449973530969	0.805116787094606	280041	461932	0.6062385805703004
dataset_name-Samusik_seed-42	lda	num-4	run0	<1%	11	0.45810055865921784	0.38636363636363635	0.7448943031171623	19051	461932	0.04124200098715828
dataset_name-Samusik_seed-42	lda	num-4	run0	>20%	1	0.8844881643735253	0.9903608353138459	0.7990655570156228	102735	461932	0.22240286449087746
dataset_name-Samusik_seed-42	lda	num-5	run0	1-5%	7	0.8155948017327557	0.8499273255813954	0.7949850591139405	61073	468547	0.13034551496434724
dataset_name-Samusik_seed-42	lda	num-5	run0	5-20%	5	0.9099127009592937	0.9336133672267345	0.8607545542297345	282114	468547	0.6021039511511118
dataset_name-Samusik_seed-42	lda	num-5	run0	<1%	11	0.6370236229020072	0.45161290322580644	0.6272352132049519	19259	468547	0.04110366729484982
dataset_name-Samusik_seed-42	lda	num-5	run0	>20%	1	0.8952829653761102	0.9879860747684817	0.8184842744177717	106101	468547	0.2264468665896911
dataset_name-Samusik_seed-42	random	num-1	run0	1-5%	7	0.021761539342572443	0.015252060366049449	0.04027130139889784	59778	462641	0.1292103380374848
dataset_name-Samusik_seed-42	random	num-1	run0	5-20%	5	0.05809153818137672	0.1026438569206843	0.04065040650406504	280765	462641	0.6068744447638665
dataset_name-Samusik_seed-42	random	num-1	run0	<1%	11	0.007129945772243422	0.00387110844555913	0.0396361273554256	19526	462641	0.042205511400848605
dataset_name-Samusik_seed-42	random	num-1	run0	>20%	1	0.06790057121128205	0.22321865318767325	0.04004016690714815	102572	462641	0.22170970579780003
dataset_name-Samusik_seed-42	random	num-2	run0	1-5%	7	0.02226054240476564	0.015412166928962934	0.039569847567341825	59700	463260	0.1288693174459267
dataset_name-Samusik_seed-42	random	num-2	run0	5-20%	5	0.05762532653315089	0.09973089343379979	0.04040585033708872	279087	463260	0.602441393601865
dataset_name-Samusik_seed-42	random	num-2	run0	<1%	11	0.005971357724811497	0.0032389108476065	0.04091392136025505	19036	463260	0.04109139576048008
dataset_name-Samusik_seed-42	random	num-2	run0	>20%	1	0.06900115459455967	0.2320264986967854	0.040526570369035536	105437	463260	0.22759789319172818
dataset_name-Samusik_seed-42	random	num-3	run0	1-5%	7	0.021500313873195228	0.014774075272295913	0.03979921118680531	60815	459538	0.1323394365645496
dataset_name-Samusik_seed-42	random	num-3	run0	5-20%	5	0.058420472487860094	0.10722292088140413	0.039210937672001935	279397	459538	0.6079954214885385
dataset_name-Samusik_seed-42	random	num-3	run0	<1%	11	0.0051017805214019695	0.0027054813051241816	0.0397196261682243	19353	459538	0.04211403627121152
dataset_name-Samusik_seed-42	random	num-3	run0	>20%	1	0.0683671230101791	0.21885976763037018	0.040510937953247374	99973	459538	0.21755110567570038
dataset_name-Samusik_seed-42	random	num-4	run0	1-5%	7	0.024457471175123254	0.016915476318333154	0.04216990788126919	60105	461932	0.13011655395166388
dataset_name-Samusik_seed-42	random	num-4	run0	5-20%	5	0.05802113925371577	0.10521762638550959	0.04005433887699654	280041	461932	0.6062385805703004
dataset_name-Samusik_seed-42	random	num-4	run0	<1%	11	0.006834728344311822	0.00375898888646764	0.03760217983651226	19051	461932	0.04124200098715828
dataset_name-Samusik_seed-42	random	num-4	run0	>20%	1	0.06848728422717092	0.22248381400824013	0.040473061760841	102735	461932	0.22240286449087746
dataset_name-Samusik_seed-42	random	num-5	run0	1-5%	7	0.02200203443469088	0.015494004032685981	0.03828045035823951	61073	468547	0.13034551496434724
dataset_name-Samusik_seed-42	random	num-5	run0	5-20%	5	0.05906625249200242	0.10426842217031217	0.04033599638536896	282114	468547	0.6021039511511118
dataset_name-Samusik_seed-42	random	num-5	run0	<1%	11	0.006039902965493341	0.0032735859182140173	0.0385978731784167	19259	468547	0.04110366729484982
dataset_name-Samusik_seed-42	random	num-5	run0	>20%	1	0.0680005126069266	0.22638792597728122	0.04000904798258263	106101	468547	0.2264468665896911
dataset_name-Transformed_seed-42	cyanno	num-1	run0	1-5%	3	0.6496840442338072	0.9607580077142378	0.5195830701200252	11394	162079	0.07029905169701195
dataset_name-Transformed_seed-42	cyanno	num-1	run0	5-20%	2	0.8659210812056745	0.8795533444965559	0.8535817521688018	40097	162079	0.24739170404555802
dataset_name-Transformed_seed-42	cyanno	num-1	run0	>20%	2	0.9210918870826765	0.9061394190432359	0.9367112542524543	110588	162079	0.68230924425743
dataset_name-Transformed_seed-42	cyanno	num-2	run0	1-5%	3	0.8225262035885593	0.945748987854251	0.7802494101786316	10870	157208	0.06914406391532238
dataset_name-Transformed_seed-42	cyanno	num-2	run0	5-20%	2	0.8916670008895244	0.9019686839625483	0.8839157522681245	40003	157208	0.25445906060760265
dataset_name-Transformed_seed-42	cyanno	num-2	run0	>20%	2	0.9335108183680856	0.9250213800740552	0.9422822305687928	106335	157208	0.6763968754770749
dataset_name-Transformed_seed-42	cyanno	num-3	run0	1-5%	3	0.8124669836238775	0.9497041420118343	0.7801826175177545	10690	159648	0.06695981158548807
dataset_name-Transformed_seed-42	cyanno	num-3	run0	5-20%	2	0.891346703096185	0.8792350028543428	0.9046846984953689	40124	159648	0.2513279214271397
dataset_name-Transformed_seed-42	cyanno	num-3	run0	>20%	2	0.9345131180907389	0.9359781214925564	0.933064527917338	108834	159648	0.6817122669873722
dataset_name-Transformed_seed-42	cyanno	num-4	run0	1-5%	3	0.7173542448005455	0.9417040358744395	0.5683414370610481	11323	160075	0.07073559269092612
dataset_name-Transformed_seed-42	cyanno	num-4	run0	5-20%	2	0.8740808879985842	0.8937721458462562	0.8554817237820773	39895	160075	0.24922692487896297
dataset_name-Transformed_seed-42	cyanno	num-4	run0	>20%	2	0.9097744408423405	0.8929850355342412	0.9285576593319883	108857	160075	0.6800374824301109
dataset_name-Transformed_seed-42	cyanno	num-5	run0	1-5%	3	0.8300368756285618	0.9648746701846965	0.8086218158066623	11241	157517	0.07136372582007021
dataset_name-Transformed_seed-42	cyanno	num-5	run0	5-20%	2	0.8878845323521978	0.9028770587299098	0.8734016793862205	40532	157517	0.257318257711866
dataset_name-Transformed_seed-42	cyanno	num-5	run0	>20%	2	0.9255726977855141	0.9147673823651105	0.9369361019004532	105744	157517	0.6713180164680638
dataset_name-Transformed_seed-42	cygate	num-1	run0	1-5%	3	0.7096194186394966	0.8239387613082811	0.8133691529709229	11394	162079	0.07029905169701195
dataset_name-Transformed_seed-42	cygate	num-1	run0	5-20%	2	0.7788935994428343	0.803042818575479	0.7800978683208313	40097	162079	0.24739170404555802
dataset_name-Transformed_seed-42	cygate	num-1	run0	>20%	2	0.7307180340947068	0.918468510822684	0.6132324054106814	110588	162079	0.68230924425743
dataset_name-Transformed_seed-42	cygate	num-2	run0	1-5%	3	0.7153024911032029	0.7594458438287154	0.6760089686098655	10870	157208	0.06914406391532238
dataset_name-Transformed_seed-42	cygate	num-2	run0	5-20%	2	0.7647739402527785	0.7574654096813771	0.7806724586158791	40003	157208	0.25445906060760265
dataset_name-Transformed_seed-42	cygate	num-2	run0	>20%	2	0.859101954075703	0.8690201979479608	0.8494237881555557	106335	157208	0.6763968754770749
dataset_name-Transformed_seed-42	cygate	num-3	run0	1-5%	3	0.7529737206085754	0.7777142857142857	0.848159509202454	10690	159648	0.06695981158548807
dataset_name-Transformed_seed-42	cygate	num-3	run0	5-20%	2	0.7925949724377075	0.7891317079652581	0.7988301669613407	40124	159648	0.2513279214271397
dataset_name-Transformed_seed-42	cygate	num-3	run0	>20%	2	0.747415859370552	0.8906395649452696	0.6592145784605082	108834	159648	0.6817122669873722
dataset_name-Transformed_seed-42	cygate	num-4	run0	1-5%	3	0.7723763225621962	0.8324432576769025	0.8315372424722662	11323	160075	0.07073559269092612
dataset_name-Transformed_seed-42	cygate	num-4	run0	5-20%	2	0.8102946799860173	0.8208322078673875	0.8096505547916759	39895	160075	0.24922692487896297
dataset_name-Transformed_seed-42	cygate	num-4	run0	>20%	2	0.8006505538544307	0.8972564167674257	0.7229268201523107	108857	160075	0.6800374824301109
dataset_name-Transformed_seed-42	cygate	num-5	run0	1-5%	3	0.7387173396674583	0.8130718954248366	0.739712606139778	11241	157517	0.07136372582007021
dataset_name-Transformed_seed-42	cygate	num-5	run0	5-20%	2	0.7535223192567213	0.7630062213090025	0.7631327178155206	40532	157517	0.257318257711866
dataset_name-Transformed_seed-42	cygate	num-5	run0	>20%	2	0.8334352690555871	0.8789290835080728	0.7998762945090896	105744	157517	0.6713180164680638
dataset_name-Transformed_seed-42	dgcytof	num-1	run0	1-5%	3	0.8235017626321974	0.7439490445859872	0.8934892541087232	11394	162079	0.07029905169701195
dataset_name-Transformed_seed-42	dgcytof	num-1	run0	5-20%	2	0.8242096099688223	0.8065506156492079	0.842783658165772	40097	162079	0.24739170404555802
dataset_name-Transformed_seed-42	dgcytof	num-1	run0	>20%	2	0.8609439796933316	0.8721496001260772	0.8554079993102353	110588	162079	0.68230924425743
dataset_name-Transformed_seed-42	dgcytof	num-2	run0	1-5%	3	0.8337993165579372	0.9305124931606784	0.8233906302662622	10870	157208	0.06914406391532238
dataset_name-Transformed_seed-42	dgcytof	num-2	run0	5-20%	2	0.8489541145770072	0.8829434759297141	0.8176103444526623	40003	157208	0.25445906060760265
dataset_name-Transformed_seed-42	dgcytof	num-2	run0	>20%	2	0.8968788176912712	0.8853519007692938	0.9126687061797598	106335	157208	0.6763968754770749
dataset_name-Transformed_seed-42	dgcytof	num-3	run0	1-5%	3	0.812687013764213	0.919431279620853	0.7281501340482573	10690	159648	0.06695981158548807
dataset_name-Transformed_seed-42	dgcytof	num-3	run0	5-20%	2	0.8488423597207615	0.8160544661026115	0.8848993498362274	40124	159648	0.2513279214271397
dataset_name-Transformed_seed-42	dgcytof	num-3	run0	>20%	2	0.8372083609542142	0.8604753601429644	0.8254083330700892	108834	159648	0.6817122669873722
dataset_name-Transformed_seed-42	dgcytof	num-4	run0	1-5%	3	0.8153697438376027	0.7387518142235123	0.9113992436520799	11323	160075	0.07073559269092612
dataset_name-Transformed_seed-42	dgcytof	num-4	run0	5-20%	2	0.8151649934715343	0.7779577240664985	0.8810063158466136	39895	160075	0.24922692487896297
dataset_name-Transformed_seed-42	dgcytof	num-4	run0	>20%	2	0.851320617012205	0.8786555952283516	0.8315008650105846	108857	160075	0.6800374824301109
dataset_name-Transformed_seed-42	dgcytof	num-5	run0	1-5%	3	0.8188649909302929	0.7817911924789708	0.8596300326441785	11241	157517	0.07136372582007021
dataset_name-Transformed_seed-42	dgcytof	num-5	run0	5-20%	2	0.8555019953719959	0.8431266371016476	0.868335847689542	40532	157517	0.257318257711866
dataset_name-Transformed_seed-42	dgcytof	num-5	run0	>20%	2	0.895754075606666	0.9050002663824781	0.8892094677877884	105744	157517	0.6713180164680638
dataset_name-Transformed_seed-42	gatemeclass	num-1	run0	1-5%	3	0.3143353941267388	0.1924988168480833	0.8563157894736843	11394	162079	0.07029905169701195
dataset_name-Transformed_seed-42	gatemeclass	num-1	run0	5-20%	2	0.7339421826575667	0.8465501911990237	0.6700565413739507	40097	162079	0.24739170404555802
dataset_name-Transformed_seed-42	gatemeclass	num-1	run0	>20%	2	0.7580565164147997	0.8980296612975034	0.6751208565002773	110588	162079	0.68230924425743
dataset_name-Transformed_seed-42	gatemeclass	num-2	run0	1-5%	3	0.4453105968331303	0.7911696146990265	0.7696188340807175	10870	157208	0.06914406391532238
dataset_name-Transformed_seed-42	gatemeclass	num-2	run0	5-20%	2	0.6048625367887335	0.6390711313541567	0.7295723744174003	40003	157208	0.25445906060760265
dataset_name-Transformed_seed-42	gatemeclass	num-2	run0	>20%	2	0.6999998646333521	0.8315491556814738	0.6248379419821144	106335	157208	0.6763968754770749
dataset_name-Transformed_seed-42	gatemeclass	num-3	run0	1-5%	3	0.45804446569447776	0.7741756719312829	0.8278820375335121	10690	159648	0.06695981158548807
dataset_name-Transformed_seed-42	gatemeclass	num-3	run0	5-20%	2	0.7308575302600246	0.7648644958721951	0.7160425707322421	40124	159648	0.2513279214271397
dataset_name-Transformed_seed-42	gatemeclass	num-3	run0	>20%	2	0.8715862664680413	0.8878832826267307	0.8559337117296939	108834	159648	0.6817122669873722
dataset_name-Transformed_seed-42	gatemeclass	num-4	run0	1-5%	3	0.4675127865125971	0.5829003306565895	0.8346839546191248	11323	160075	0.07073559269092612
dataset_name-Transformed_seed-42	gatemeclass	num-4	run0	5-20%	2	0.697858595085183	0.7867078433103123	0.6508828069035453	39895	160075	0.24922692487896297
dataset_name-Transformed_seed-42	gatemeclass	num-4	run0	>20%	2	0.8555175562622725	0.8531585320432848	0.8582193546954169	108857	160075	0.6800374824301109
dataset_name-Transformed_seed-42	gatemeclass	num-5	run0	1-5%	3	0.38423811939793673	0.3984566818660119	0.926006528835691	11241	157517	0.07136372582007021
dataset_name-Transformed_seed-42	gatemeclass	num-5	run0	5-20%	2	0.7447663676853347	0.77587014640176	0.7254973909643305	40532	157517	0.257318257711866
dataset_name-Transformed_seed-42	gatemeclass	num-5	run0	>20%	2	0.8587115042491454	0.8846676514070038	0.8343014119060121	105744	157517	0.6713180164680638
dataset_name-Transformed_seed-42	knn	num-1	run0	1-5%	3	0.5044158747903856	0.38334817453250225	0.6440303221730891	11394	162079	0.07029905169701195
dataset_name-Transformed_seed-42	knn	num-1	run0	5-20%	2	0.46185037068363816	0.5353882031793401	0.5215659819241779	40097	162079	0.24739170404555802
dataset_name-Transformed_seed-42	knn	num-1	run0	>20%	2	0.5545061714895345	0.7064608687303752	0.5028100659989596	110588	162079	0.68230924425743
dataset_name-Transformed_seed-42	knn	num-2	run0	1-5%	3	0.7045806594379289	0.5820840950639854	0.6280437980062101	10870	157208	0.06914406391532238
dataset_name-Transformed_seed-42	knn	num-2	run0	5-20%	2	0.5465559782314244	0.5209270688172418	0.5827927733850561	40003	157208	0.25445906060760265
dataset_name-Transformed_seed-42	knn	num-2	run0	>20%	2	0.6477419019143935	0.7181602015133972	0.5904938448687541	106335	157208	0.6763968754770749
dataset_name-Transformed_seed-42	knn	num-3	run0	1-5%	3	0.5122481519060733	0.35101311084624554	0.7172810280689889	10690	159648	0.06695981158548807
dataset_name-Transformed_seed-42	knn	num-3	run0	5-20%	2	0.5258184413103346	0.5347974680435317	0.5619758627562362	40124	159648	0.2513279214271397
dataset_name-Transformed_seed-42	knn	num-3	run0	>20%	2	0.5856625629619264	0.7304308688242012	0.4982736802950715	108834	159648	0.6817122669873722
dataset_name-Transformed_seed-42	knn	num-4	run0	1-5%	3	0.44901165073962557	0.2963026952315135	0.40776545166402534	11323	160075	0.07073559269092612
dataset_name-Transformed_seed-42	knn	num-4	run0	5-20%	2	0.5162143281879013	0.540506455986	0.6020641204157324	39895	160075	0.24922692487896297
dataset_name-Transformed_seed-42	knn	num-4	run0	>20%	2	0.6474711477485078	0.7365692700085228	0.593621085480814	108857	160075	0.6800374824301109
dataset_name-Transformed_seed-42	knn	num-5	run0	1-5%	3	0.45056149000273893	0.3010614934114202	0.537927771644851	11241	157517	0.07136372582007021
dataset_name-Transformed_seed-42	knn	num-5	run0	5-20%	2	0.5568719330352447	0.5326361737749625	0.5999373796319133	40532	157517	0.257318257711866
dataset_name-Transformed_seed-42	knn	num-5	run0	>20%	2	0.637832311345335	0.7034399688296628	0.5876755103651736	105744	157517	0.6713180164680638
dataset_name-Transformed_seed-42	lda	num-1	run0	1-5%	3	0.36161993769470413	0.6695059625212947	0.2292983565107459	11394	162079	0.07029905169701195
dataset_name-Transformed_seed-42	lda	num-1	run0	5-20%	2	0.48511576875359197	0.744441957807796	0.35996822066277995	40097	162079	0.24739170404555802
dataset_name-Transformed_seed-42	lda	num-1	run0	>20%	2	0.4632625093365642	0.8878395383099261	0.31369306749591097	110588	162079	0.68230924425743
dataset_name-Transformed_seed-42	lda	num-2	run0	1-5%	3	0.6001291989664083	0.708079268292683	0.5207399103139013	10870	157208	0.06914406391532238
dataset_name-Transformed_seed-42	lda	num-2	run0	5-20%	2	0.5268769303067206	0.7444713263991409	0.4124839285609576	40003	157208	0.25445906060760265
dataset_name-Transformed_seed-42	lda	num-2	run0	>20%	2	0.7554295031133431	0.8433004856329702	0.6917837434973737	106335	157208	0.6763968754770749
dataset_name-Transformed_seed-42	lda	num-3	run0	1-5%	3	0.5548668503213958	0.84985935302391	0.411895023858214	10690	159648	0.06695981158548807
dataset_name-Transformed_seed-42	lda	num-3	run0	5-20%	2	0.4910621138341778	0.7349527502832736	0.3701514885823632	40124	159648	0.2513279214271397
dataset_name-Transformed_seed-42	lda	num-3	run0	>20%	2	0.39966611980730155	0.8898165081256438	0.2658054485834269	108834	159648	0.6817122669873722
dataset_name-Transformed_seed-42	lda	num-4	run0	1-5%	3	0.5314353499406881	0.7455418381344308	0.39049128367670366	11323	160075	0.07073559269092612
dataset_name-Transformed_seed-42	lda	num-4	run0	5-20%	2	0.5611643059769637	0.7291190117179126	0.45734580957448656	39895	160075	0.24922692487896297
dataset_name-Transformed_seed-42	lda	num-4	run0	>20%	2	0.6273272199853928	0.858304029770887	0.5012804401571254	108857	160075	0.6800374824301109
dataset_name-Transformed_seed-42	lda	num-5	run0	1-5%	3	0.5777184789859907	0.746551724137931	0.47116430903155604	11241	157517	0.07136372582007021
dataset_name-Transformed_seed-42	lda	num-5	run0	5-20%	2	0.4103060681336729	0.7100198221975444	0.32300391168402287	40532	157517	0.257318257711866
dataset_name-Transformed_seed-42	lda	num-5	run0	>20%	2	0.6947328407965054	0.801511076101366	0.654503186395965	105744	157517	0.6713180164680638
dataset_name-Transformed_seed-42	random	num-1	run0	1-5%	3	0.032710675344434115	0.018881733021077284	0.1231578947368421	11394	162079	0.07029905169701195
dataset_name-Transformed_seed-42	random	num-1	run0	5-20%	2	0.12203334481119124	0.12274709163791689	0.12309747528655204	40097	162079	0.24739170404555802
dataset_name-Transformed_seed-42	random	num-1	run0	>20%	2	0.18191985446218284	0.33952781367215457	0.12460585110869776	110588	162079	0.68230924425743
dataset_name-Transformed_seed-42	random	num-2	run0	1-5%	3	0.032086501692233316	0.018449251920744036	0.12240562183363295	10870	157208	0.06914406391532238
dataset_name-Transformed_seed-42	random	num-2	run0	5-20%	2	0.1271022163403496	0.1288080352133903	0.1272997113250076	40003	157208	0.25445906060760265
dataset_name-Transformed_seed-42	random	num-2	run0	>20%	2	0.1823233452131205	0.33980736331970607	0.12491255871977902	106335	157208	0.6763968754770749
dataset_name-Transformed_seed-42	random	num-3	run0	1-5%	3	0.03350276243093923	0.01926988000813504	0.12269938650306748	10690	159648	0.06695981158548807
dataset_name-Transformed_seed-42	random	num-3	run0	5-20%	2	0.12645686759848765	0.12731411846220178	0.12687800217427703	40124	159648	0.2513279214271397
dataset_name-Transformed_seed-42	random	num-3	run0	>20%	2	0.18198905151844808	0.34029393131040486	0.12445273098470017	108834	159648	0.6817122669873722
dataset_name-Transformed_seed-42	random	num-4	run0	1-5%	3	0.03499142367066896	0.020240103184839767	0.12903225806451613	11323	160075	0.07073559269092612
dataset_name-Transformed_seed-42	random	num-4	run0	5-20%	2	0.12677176089024336	0.1272183505583113	0.12761038351845994	39895	160075	0.24922692487896297
dataset_name-Transformed_seed-42	random	num-4	run0	>20%	2	0.1809467172195279	0.3386049813581107	0.12379087067542471	108857	160075	0.6800374824301109
dataset_name-Transformed_seed-42	random	num-5	run0	1-5%	3	0.0353683462187861	0.02046903929232668	0.12395521211165432	11241	157517	0.07136372582007021
dataset_name-Transformed_seed-42	random	num-5	run0	5-20%	2	0.1273763543470475	0.12985619717159363	0.12597350710771324	40532	157517	0.257318257711866
dataset_name-Transformed_seed-42	random	num-5	run0	>20%	2	0.1826084677645775	0.33753245239210516	0.1256681286364046	105744	157517	0.6713180164680638
dataset_name-flowcyt_seed-42	cyanno	num-1	run0	5-20%	3	0.8594779704497877	0.8439488780840213	0.8755892621156236	766418	2052086	0.37348239791119864
dataset_name-flowcyt_seed-42	cyanno	num-1	run0	<1%	1	0.13350717079530638	0.9846153846153847	0.07160839160839161	3575	2052086	0.0017421297158111307
dataset_name-flowcyt_seed-42	cyanno	num-1	run0	>20%	1	0.961826127930644	0.9998358838663741	0.9266004884201068	1282093	2052086	0.6247754723729902
dataset_name-flowcyt_seed-42	cyanno	num-2	run0	5-20%	3	0.9791382829474836	0.9875511237486854	0.9645879347507916	753099	1999862	0.3765754837083759
dataset_name-flowcyt_seed-42	cyanno	num-2	run0	<1%	1	0.8490566037735848	0.9577864490954239	0.7624964699237503	3541	1999862	0.0017706221729299322
dataset_name-flowcyt_seed-42	cyanno	num-2	run0	>20%	1	0.9877577796066364	0.9765811221313073	0.9991932253451113	1243222	1999862	0.6216538941186942
dataset_name-flowcyt_seed-42	cyanno	num-3	run0	5-20%	3	0.9618962729993256	0.9891320851680118	0.9345622059118913	773302	2054127	0.37646260430830225
dataset_name-flowcyt_seed-42	cyanno	num-3	run0	<1%	1	0.8488817891373802	0.9811669128508124	0.7480292792792793	3552	2054127	0.0017292017484800111
dataset_name-flowcyt_seed-42	cyanno	num-3	run0	>20%	1	0.986460191184342	0.9740345971325257	0.9992069040839351	1277273	2054127	0.6218081939432177
dataset_name-flowcyt_seed-42	cyanno	num-4	run0	5-20%	3	0.9867482715136758	0.9875534472816685	0.9859444076339029	731520	1998214	0.36608691561564477
dataset_name-flowcyt_seed-42	cyanno	num-4	run0	<1%	1	0.922166321396863	0.9337728498651483	0.9108447822274189	3421	1998214	0.001712028841755688
dataset_name-flowcyt_seed-42	cyanno	num-4	run0	>20%	1	0.9904822748359886	0.982099180949787	0.9990097152396988	1263273	1998214	0.6322010555425995
dataset_name-flowcyt_seed-42	cyanno	num-5	run0	5-20%	3	0.9365422568170937	0.9538959922022819	0.8848659100462379	745174	1989122	0.37462458310752184
dataset_name-flowcyt_seed-42	cyanno	num-5	run0	<1%	1	0.8756524408965305	0.9440582588546839	0.8164901231033496	3493	1989122	0.0017560511622715953
dataset_name-flowcyt_seed-42	cyanno	num-5	run0	>20%	1	0.9876961973070516	0.9763662370764551	0.9992921952025668	1240455	1989122	0.6236193657302066
dataset_name-flowcyt_seed-42	cygate	num-1	run0	5-20%	3	0.9664016153006327	0.9670185391150978	0.9657854781357013	766418	2052086	0.37348239791119864
dataset_name-flowcyt_seed-42	cygate	num-1	run0	<1%	1	0.6014336101945614	0.5069044879171462	0.7393006993006993	3575	2052086	0.0017421297158111307
dataset_name-flowcyt_seed-42	cygate	num-1	run0	>20%	1	0.9498555417664536	0.9989998846682836	0.9053196608982343	1282093	2052086	0.6247754723729902
dataset_name-flowcyt_seed-42	cygate	num-2	run0	5-20%	3	0.9473765493134148	0.9742934858087441	0.9567444583410948	753099	1999862	0.3765754837083759
dataset_name-flowcyt_seed-42	cygate	num-2	run0	<1%	1	0.2181068443724458	0.1254022015241321	0.8364868681163513	3541	1999862	0.0017706221729299322
dataset_name-flowcyt_seed-42	cygate	num-2	run0	>20%	1	0.9579372630543465	0.9996318852111413	0.9195815389367306	1243222	1999862	0.6216538941186942
dataset_name-flowcyt_seed-42	cygate	num-3	run0	5-20%	3	0.9631225493064902	0.9758407155193359	0.9600978619856236	773302	2054127	0.37646260430830225
dataset_name-flowcyt_seed-42	cygate	num-3	run0	<1%	1	0.32422783577649156	0.20066956812855707	0.84375	3552	2054127	0.0017292017484800111
dataset_name-flowcyt_seed-42	cygate	num-3	run0	>20%	1	0.9520044348247878	0.9929798127099743	0.9142767442825457	1277273	2054127	0.6218081939432177
dataset_name-flowcyt_seed-42	cygate	num-4	run0	5-20%	3	0.9601544969652382	0.9595767112846122	0.9754371100948988	731520	1998214	0.36608691561564477
dataset_name-flowcyt_seed-42	cygate	num-4	run0	<1%	1	0.07172643869891576	0.03745839400873726	0.8421514177141187	3421	1998214	0.001712028841755688
dataset_name-flowcyt_seed-42	cygate	num-4	run0	>20%	1	0.9458342386329468	0.9994465224334681	0.8976808654977981	1263273	1998214	0.6322010555425995
dataset_name-flowcyt_seed-42	cygate	num-5	run0	5-20%	3	0.9212228335825554	0.9321595186647221	0.9313526691887347	745174	1989122	0.37462458310752184
dataset_name-flowcyt_seed-42	cygate	num-5	run0	<1%	1	0.324558686899969	0.19797241987280398	0.9000858860578299	3493	1989122	0.0017560511622715953
dataset_name-flowcyt_seed-42	cygate	num-5	run0	>20%	1	0.9396004234489559	0.9994319849716856	0.8865279272525001	1240455	1989122	0.6236193657302066
dataset_name-flowcyt_seed-42	dgcytof	num-1	run0	5-20%	3	0.9101214574898786	0.9678550250552258	0.9762394589300855	766418	2052086	0.37348239791119864
dataset_name-flowcyt_seed-42	dgcytof	num-1	run0	<1%	1	0.7884770998543453	0.9354838709677419	0.6813986013986014	3575	2052086	0.0017421297158111307
dataset_name-flowcyt_seed-42	dgcytof	num-1	run0	>20%	1	0.9604563726735557	0.9994139422712056	0.9244220193074917	1282093	2052086	0.6247754723729902
dataset_name-flowcyt_seed-42	dgcytof	num-2	run0	5-20%	3	0.906764488692206	0.9529773038161972	0.9524435189866681	753099	1999862	0.3765754837083759
dataset_name-flowcyt_seed-42	dgcytof	num-2	run0	<1%	1	0.8977004716981132	0.938945420906568	0.8599265744140073	3541	1999862	0.0017706221729299322
dataset_name-flowcyt_seed-42	dgcytof	num-2	run0	>20%	1	0.9606924472566261	0.9994089480056776	0.9248637813680903	1243222	1999862	0.6216538941186942
dataset_name-flowcyt_seed-42	dgcytof	num-3	run0	5-20%	3	0.8311207428563226	0.9586841983791519	0.9574372804114681	773302	2054127	0.37646260430830225
dataset_name-flowcyt_seed-42	dgcytof	num-3	run0	<1%	1	0.8592730661696178	0.9584199584199584	0.7787162162162162	3552	2054127	0.0017292017484800111
dataset_name-flowcyt_seed-42	dgcytof	num-3	run0	>20%	1	0.9584780532169992	0.991705847682962	0.9274047130096699	1277273	2054127	0.6218081939432177
dataset_name-flowcyt_seed-42	dgcytof	num-4	run0	5-20%	3	0.8998542403809778	0.9507873900034681	0.9608456527957304	731520	1998214	0.36608691561564477
dataset_name-flowcyt_seed-42	dgcytof	num-4	run0	<1%	1	0.9088168801808592	0.9380833851897946	0.8813212510961708	3421	1998214	0.001712028841755688
dataset_name-flowcyt_seed-42	dgcytof	num-4	run0	>20%	1	0.959173958697935	0.9995502829183892	0.9219329471935204	1263273	1998214	0.6322010555425995
dataset_name-flowcyt_seed-42	dgcytof	num-5	run0	5-20%	3	0.873304369071267	0.8831832928689599	0.880453972257251	745174	1989122	0.37462458310752184
dataset_name-flowcyt_seed-42	dgcytof	num-5	run0	<1%	1	0.8367346938775511	0.8792179123304951	0.7981677640996279	3493	1989122	0.0017560511622715953
dataset_name-flowcyt_seed-42	dgcytof	num-5	run0	>20%	1	0.9599345980392815	0.9989322208672807	0.9238674518624215	1240455	1989122	0.6236193657302066
dataset_name-flowcyt_seed-42	gatemeclass	num-1	run0	5-20%	3	NA	NA	0	766418	2052086	0.37348239791119864
dataset_name-flowcyt_seed-42	gatemeclass	num-1	run0	<1%	1	NA	NA	0	3575	2052086	0.0017421297158111307
dataset_name-flowcyt_seed-42	gatemeclass	num-1	run0	>20%	1	NA	NA	0	1282093	2052086	0.6247754723729902
dataset_name-flowcyt_seed-42	gatemeclass	num-2	run0	5-20%	3	NA	NA	0	753099	1999862	0.3765754837083759
dataset_name-flowcyt_seed-42	gatemeclass	num-2	run0	<1%	1	NA	NA	0	3541	1999862	0.0017706221729299322
dataset_name-flowcyt_seed-42	gatemeclass	num-2	run0	>20%	1	NA	NA	0	1243222	1999862	0.6216538941186942
dataset_name-flowcyt_seed-42	gatemeclass	num-3	run0	5-20%	3	NA	NA	0	773302	2054127	0.37646260430830225
dataset_name-flowcyt_seed-42	gatemeclass	num-3	run0	<1%	1	NA	NA	0	3552	2054127	0.0017292017484800111
dataset_name-flowcyt_seed-42	gatemeclass	num-3	run0	>20%	1	NA	NA	0	1277273	2054127	0.6218081939432177
dataset_name-flowcyt_seed-42	gatemeclass	num-4	run0	5-20%	3	NA	NA	0	731520	1998214	0.36608691561564477
dataset_name-flowcyt_seed-42	gatemeclass	num-4	run0	<1%	1	NA	NA	0	3421	1998214	0.001712028841755688
dataset_name-flowcyt_seed-42	gatemeclass	num-4	run0	>20%	1	NA	NA	0	1263273	1998214	0.6322010555425995
dataset_name-flowcyt_seed-42	gatemeclass	num-5	run0	5-20%	3	NA	NA	0	745174	1989122	0.37462458310752184
dataset_name-flowcyt_seed-42	gatemeclass	num-5	run0	<1%	1	NA	NA	0	3493	1989122	0.0017560511622715953
dataset_name-flowcyt_seed-42	gatemeclass	num-5	run0	>20%	1	NA	NA	0	1240455	1989122	0.6236193657302066
dataset_name-flowcyt_seed-42	knn	num-1	run0	5-20%	3	0.48147314192453194	0.4109136108029428	0.581288367214733	766418	2052086	0.37348239791119864
dataset_name-flowcyt_seed-42	knn	num-1	run0	<1%	1	0.20389841972575784	0.13067465321563682	0.4637762237762238	3575	2052086	0.0017421297158111307
dataset_name-flowcyt_seed-42	knn	num-1	run0	>20%	1	0.7649852895079313	0.9372036360016651	0.646234711522487	1282093	2052086	0.6247754723729902
dataset_name-flowcyt_seed-42	knn	num-2	run0	5-20%	3	0.43307935018184285	0.3572061542222426	0.5498773059042124	753099	1999862	0.3765754837083759
dataset_name-flowcyt_seed-42	knn	num-2	run0	<1%	1	0.19538007530273735	0.1110254433307633	0.8133295679186671	3541	1999862	0.0017706221729299322
dataset_name-flowcyt_seed-42	knn	num-2	run0	>20%	1	0.7113113947279402	0.8927902854900684	0.5911478400478756	1243222	1999862	0.6216538941186942
dataset_name-flowcyt_seed-42	knn	num-3	run0	5-20%	3	0.4280729204606574	0.29180061137284086	0.7893826989756102	773302	2054127	0.37646260430830225
dataset_name-flowcyt_seed-42	knn	num-3	run0	<1%	1	0.3504875406283857	0.23074179743223966	0.7286036036036037	3552	2054127	0.0017292017484800111
dataset_name-flowcyt_seed-42	knn	num-3	run0	>20%	1	0.6298822558971835	0.9833765923011223	0.4633292960862713	1277273	2054127	0.6218081939432177
dataset_name-flowcyt_seed-42	knn	num-4	run0	5-20%	3	0.30250962096497014	0.2718236819360415	0.5289711031214133	731520	1998214	0.36608691561564477
dataset_name-flowcyt_seed-42	knn	num-4	run0	<1%	1	0.8550233833252701	0.9535971223021583	0.77491961414791	3421	1998214	0.001712028841755688
dataset_name-flowcyt_seed-42	knn	num-4	run0	>20%	1	0.7695920610065233	0.863571761336271	0.6940597954678046	1263273	1998214	0.6322010555425995
dataset_name-flowcyt_seed-42	knn	num-5	run0	5-20%	3	0.4381097141034409	0.31794180212441714	0.7043062758580503	745174	1989122	0.37462458310752184
dataset_name-flowcyt_seed-42	knn	num-5	run0	<1%	1	0.2953293294286991	0.1786357631800168	0.8517034068136272	3493	1989122	0.0017560511622715953
dataset_name-flowcyt_seed-42	knn	num-5	run0	>20%	1	0.7153593275847794	0.9289740829633597	0.5816180353176859	1240455	1989122	0.6236193657302066
dataset_name-flowcyt_seed-42	lda	num-1	run0	5-20%	3	0.9724604862436425	0.9623745946109781	0.9827600215112837	737052	1930799	0.3817341939787622
dataset_name-flowcyt_seed-42	lda	num-1	run0	<1%	1	0.9235639981908638	0.9550982226379794	0.8940455341506129	3426	1930799	0.0017743949525559108
dataset_name-flowcyt_seed-42	lda	num-1	run0	>20%	1	0.9971605439799954	0.9993426903624401	0.9949879066235074	1190321	1930799	0.6164914110686819
dataset_name-flowcyt_seed-42	lda	num-2	run0	5-20%	3	0.9626374048366503	0.9792865974447266	0.951462402865448	723733	1878575	0.3852563778395859
dataset_name-flowcyt_seed-42	lda	num-2	run0	<1%	1	0.871662582226235	0.7748222884659481	0.9961674528301887	3392	1878575	0.0018056239436807155
dataset_name-flowcyt_seed-42	lda	num-2	run0	>20%	1	0.9976443308385254	0.9968860642922365	0.9984037517912198	1151450	1878575	0.6129379982167334
dataset_name-flowcyt_seed-42	lda	num-3	run0	5-20%	3	0.8567949194132725	0.9761126169450031	0.7929068103185962	743936	1932840	0.3848926967571035
dataset_name-flowcyt_seed-42	lda	num-3	run0	<1%	1	0.802972692706533	0.9748216533780948	0.6826329709080223	3403	1932840	0.0017606216758759132
dataset_name-flowcyt_seed-42	lda	num-3	run0	>20%	1	0.9584440052636947	0.9210735693169914	0.998975116849332	1185501	1932840	0.6133466815670205
dataset_name-flowcyt_seed-42	lda	num-4	run0	5-20%	3	0.9695924636188216	0.9816929707281731	0.9722020859531031	702154	1876927	0.3740976606975125
dataset_name-flowcyt_seed-42	lda	num-4	run0	<1%	1	0.9015139182809702	0.9644723092998955	0.8462713936430318	3272	1876927	0.0017432750447939638
dataset_name-flowcyt_seed-42	lda	num-4	run0	>20%	1	0.9977229604755763	0.9971827407055598	0.9982637658866702	1171501	1876927	0.6241590642576935
dataset_name-flowcyt_seed-42	lda	num-5	run0	5-20%	3	0.8990599783086376	0.9126491199287505	0.8202396712922632	715808	1867835	0.383228711315507
dataset_name-flowcyt_seed-42	lda	num-5	run0	<1%	1	0.906472543123912	0.9626890756302521	0.8564593301435407	3344	1867835	0.001790308030420246
dataset_name-flowcyt_seed-42	lda	num-5	run0	>20%	1	0.9868152274837512	0.9746840494991241	0.9992521870698878	1148683	1867835	0.6149809806540728
dataset_name-flowcyt_seed-42	random	num-1	run0	5-20%	3	0.14458300727593612	0.12722621705726192	0.16629749643427566	766418	2052086	0.37348239791119864
dataset_name-flowcyt_seed-42	random	num-1	run0	<1%	1	0.003166187204436135	0.0015996443934949743	0.153006993006993	3575	2052086	0.0017421297158111307
dataset_name-flowcyt_seed-42	random	num-1	run0	>20%	1	0.2634199139529672	0.6252707264676224	0.16685763045270507	1282093	2052086	0.6247754723729902
dataset_name-flowcyt_seed-42	random	num-2	run0	5-20%	3	0.14347862304858497	0.12667769369088108	0.1659699738043484	753099	1999862	0.3765754837083759
dataset_name-flowcyt_seed-42	random	num-2	run0	<1%	1	0.00365206237603772	0.0018454336769140748	0.173679751482632	3541	1999862	0.0017706221729299322
dataset_name-flowcyt_seed-42	random	num-2	run0	>20%	1	0.2629718461883846	0.6214689942928396	0.16676989306817286	1243222	1999862	0.6216538941186942
dataset_name-flowcyt_seed-42	random	num-3	run0	5-20%	3	0.14582168385460142	0.12972012568524424	0.16648693581361912	773302	2054127	0.37646260430830225
dataset_name-flowcyt_seed-42	random	num-3	run0	<1%	1	0.0034098625940963143	0.001722612648648333	0.1661036036036036	3552	2054127	0.0017292017484800111
dataset_name-flowcyt_seed-42	random	num-3	run0	>20%	1	0.262813560723948	0.6210456608749431	0.1666730604968554	1277273	2054127	0.6218081939432177
dataset_name-flowcyt_seed-42	random	num-4	run0	5-20%	3	0.14771294020951975	0.13290425758974067	0.16623551441226678	731520	1998214	0.36608691561564477
dataset_name-flowcyt_seed-42	random	num-4	run0	<1%	1	0.0035419336465897767	0.0017891232097529692	0.17451037708272435	3421	1998214	0.001712028841755688
dataset_name-flowcyt_seed-42	random	num-4	run0	>20%	1	0.2638415672913118	0.6318261855552589	0.16673355640467263	1263273	1998214	0.6322010555425995
dataset_name-flowcyt_seed-42	random	num-5	run0	5-20%	3	0.14607499027853482	0.1297543199150497	0.16709204980284753	745174	1989122	0.37462458310752184
dataset_name-flowcyt_seed-42	random	num-5	run0	<1%	1	0.0036253272036682587	0.0018317390976877307	0.17406241053535643	3493	1989122	0.0017560511622715953
dataset_name-flowcyt_seed-42	random	num-5	run0	>20%	1	0.263908032530911	0.6243092925531435	0.16731844363560144	1240455	1989122	0.6236193657302066
dataset_name-panel_CD20_seed-42	cyanno	num-1	run0	5-20%	1	0.8763896761953239	0.9906370959305366	0.7857691110880614	48205	659548	0.07308793294801895
dataset_name-panel_CD20_seed-42	cyanno	num-1	run0	<1%	2	0.28437474558332654	0.6149178515414084	0.3642482947377424	3006	659548	0.004557666765724405
dataset_name-panel_CD20_seed-42	cyanno	num-1	run0	>20%	2	0.5998798813438477	0.7250898808637962	0.5237473948091212	608337	659548	0.9223544002862567
dataset_name-panel_CD20_seed-42	cyanno	num-2	run0	5-20%	2	0.9933157229815092	0.9894746476295075	0.4985933680763732	62267	374872	0.16610202949273353
dataset_name-panel_CD20_seed-42	cyanno	num-2	run0	<1%	2	0.5380394316051933	0.9663252356780275	0.4146873313066454	1459	374872	0.003891995134339188
dataset_name-panel_CD20_seed-42	cyanno	num-2	run0	>20%	2	0.9442737835585526	0.8995600235372183	0.999382017946252	311146	374872	0.8300059753729273
dataset_name-panel_CD20_seed-42	cyanno	num-3	run0	5-20%	2	0.9913353338334584	0.9977349088300804	0.492508665349782	67415	452120	0.14910864372290542
dataset_name-panel_CD20_seed-42	cyanno	num-3	run0	<1%	2	0.5499479947938309	0.6172049129795608	0.5474663402692779	1884	452120	0.004167035300362736
dataset_name-panel_CD20_seed-42	cyanno	num-3	run0	>20%	2	0.9486455612206539	0.9073374243851987	0.9991731423272451	382821	452120	0.8467243209767319
dataset_name-panel_CD20_seed-42	cyanno	num-4	run0	5-20%	2	0.9469983184468563	0.9966673561791813	0.4510224034281197	88657	618365	0.14337325042652801
dataset_name-panel_CD20_seed-42	cyanno	num-4	run0	<1%	2	0.2315575707771855	0.8076923076923077	0.15579446064139943	2891	618365	0.004675232265733022
dataset_name-panel_CD20_seed-42	cyanno	num-4	run0	>20%	2	0.9274609384316466	0.8833586041360821	0.9869718711425661	526817	618365	0.851951517307739
dataset_name-panel_CD20_seed-42	cygate	num-1	run0	5-20%	1	0.9690761265269802	0.945386026872916	0.9939840265532621	48205	659548	0.07308793294801895
dataset_name-panel_CD20_seed-42	cygate	num-1	run0	<1%	2	0.3136191753852491	0.447344418010275	0.6219941411679175	3006	659548	0.004557666765724405
dataset_name-panel_CD20_seed-42	cygate	num-1	run0	>20%	2	0.7055307579734861	0.9955446498211302	0.6302535621198027	608337	659548	0.9223544002862567
dataset_name-panel_CD20_seed-42	cygate	num-2	run0	5-20%	2	0.9581128224600707	0.9868974283758678	0.4654798690218143	62267	374872	0.16610202949273353
dataset_name-panel_CD20_seed-42	cygate	num-2	run0	<1%	2	0.3580266362983853	0.40637587189311325	0.47313407392675516	1459	374872	0.003891995134339188
dataset_name-panel_CD20_seed-42	cygate	num-2	run0	>20%	2	0.9102354847272838	0.8884624632836198	0.934613875583245	311146	374872	0.8300059753729273
dataset_name-panel_CD20_seed-42	cygate	num-3	run0	5-20%	2	0.946723797225646	0.9964579901153212	0.4508590809138683	67415	452120	0.14910864372290542
dataset_name-panel_CD20_seed-42	cygate	num-3	run0	<1%	2	0.16300333081225857	0.11942659259662691	0.2599559363525092	1884	452120	0.004167035300362736
dataset_name-panel_CD20_seed-42	cygate	num-3	run0	>20%	2	0.9093015947888036	0.8941535518861811	0.9262961009290811	382821	452120	0.8467243209767319
dataset_name-panel_CD20_seed-42	cygate	num-4	run0	5-20%	2	0.37244811592240246	1	0.11441973665051068	88657	618365	0.14337325042652801
dataset_name-panel_CD20_seed-42	cygate	num-4	run0	<1%	2	0.19932784164419604	0.2551706524347238	0.4229834791059281	2891	618365	0.004675232265733022
dataset_name-panel_CD20_seed-42	cygate	num-4	run0	>20%	2	0.6315543640486286	0.6733445961752239	0.6063701048313972	526817	618365	0.851951517307739
dataset_name-panel_CD20_seed-42	dgcytof	num-1	run0	5-20%	1	NA	NA	0	48205	659548	0.07308793294801895
dataset_name-panel_CD20_seed-42	dgcytof	num-1	run0	<1%	2	0.2976501305483029	0.4453125	0.11176470588235295	3006	659548	0.004557666765724405
dataset_name-panel_CD20_seed-42	dgcytof	num-1	run0	>20%	2	0.5062440366303971	0.5202565023565805	0.5038693473306504	608337	659548	0.9223544002862567
dataset_name-panel_CD20_seed-42	dgcytof	num-2	run0	5-20%	2	0.9920843112890607	0.9899885189437428	0.49709449799382005	62267	374872	0.16610202949273353
dataset_name-panel_CD20_seed-42	dgcytof	num-2	run0	<1%	2	0.7512038523274479	0.6995515695067265	0.4055459272097054	1459	374872	0.003891995134339188
dataset_name-panel_CD20_seed-42	dgcytof	num-2	run0	>20%	2	0.9445029618115817	0.9008331917212244	0.9986823772727722	311146	374872	0.8300059753729273
dataset_name-panel_CD20_seed-42	dgcytof	num-3	run0	5-20%	2	0.9874122217241895	0.9895930820199903	0.4926204763147106	67415	452120	0.14910864372290542
dataset_name-panel_CD20_seed-42	dgcytof	num-3	run0	<1%	2	0.3742775361919965	0.6861861861861862	0.4313806609547124	1884	452120	0.004167035300362736
dataset_name-panel_CD20_seed-42	dgcytof	num-3	run0	>20%	2	0.9479972197610246	0.907323468180768	0.9978248516445083	382821	452120	0.8467243209767319
dataset_name-panel_CD20_seed-42	dgcytof	num-4	run0	5-20%	2	0.8990435706695005	0.9974391480730224	0.40915898737336964	88657	618365	0.14337325042652801
dataset_name-panel_CD20_seed-42	dgcytof	num-4	run0	<1%	2	0.6666666666666667	0.7631578947368421	0.29591836734693877	2891	618365	0.004675232265733022
dataset_name-panel_CD20_seed-42	dgcytof	num-4	run0	>20%	2	0.9333553716443164	0.8859475493902031	0.9946114612057806	526817	618365	0.851951517307739
dataset_name-panel_CD20_seed-42	gatemeclass	num-1	run0	5-20%	1	0.9362935118837855	0.8864339863950622	0.9920962555751478	48205	659548	0.07308793294801895
dataset_name-panel_CD20_seed-42	gatemeclass	num-1	run0	<1%	2	0.002106972481846472	0.0010852651045789598	0.5044005388414908	3006	659548	0.004557666765724405
dataset_name-panel_CD20_seed-42	gatemeclass	num-1	run0	>20%	2	0.3480769642985677	0.9971685775284278	0.2659843512229807	608337	659548	0.9223544002862567
dataset_name-panel_CD20_seed-42	gatemeclass	num-2	run0	5-20%	2	0.8639242427308229	0.7696301103179753	0.49227505418991835	62267	374872	0.16610202949273353
dataset_name-panel_CD20_seed-42	gatemeclass	num-2	run0	<1%	2	0.011649627412778437	0.0029815146094215863	0.12564991334488734	1459	374872	0.003891995134339188
dataset_name-panel_CD20_seed-42	gatemeclass	num-2	run0	>20%	2	0.7973969952077826	0.9185011951062761	0.7132724109071233	311146	374872	0.8300059753729273
dataset_name-panel_CD20_seed-42	gatemeclass	num-3	run0	5-20%	2	0.8853521173558387	0.7986931239134345	0.49655249524803396	67415	452120	0.14910864372290542
dataset_name-panel_CD20_seed-42	gatemeclass	num-3	run0	<1%	2	NA	0	0	1884	452120	0.004167035300362736
dataset_name-panel_CD20_seed-42	gatemeclass	num-3	run0	>20%	2	0.7813010387597628	0.7786263824387823	0.8200791395359293	382821	452120	0.8467243209767319
dataset_name-panel_CD20_seed-42	gatemeclass	num-4	run0	5-20%	2	0.9334520060249213	0.8809282061695803	0.49631809955692385	88657	618365	0.14337325042652801
dataset_name-panel_CD20_seed-42	gatemeclass	num-4	run0	<1%	2	0.013558722875947376	0.013582942626724274	0.46215986394557823	2891	618365	0.004675232265733022
dataset_name-panel_CD20_seed-42	gatemeclass	num-4	run0	>20%	2	0.6534894693418369	0.7810606640321743	0.6605984117322747	526817	618365	0.851951517307739
dataset_name-panel_CD20_seed-42	knn	num-1	run0	5-20%	1	0.031393415364150315	0.07909509844993716	0.019583030805932995	48205	659548	0.07308793294801895
dataset_name-panel_CD20_seed-42	knn	num-1	run0	<1%	2	0.17583102298392878	0.10380588600172275	0.5756409434002608	3006	659548	0.004557666765724405
dataset_name-panel_CD20_seed-42	knn	num-1	run0	>20%	2	0.7566855790437488	0.9210690900843488	0.6504572608472274	608337	659548	0.9223544002862567
dataset_name-panel_CD20_seed-42	knn	num-2	run0	5-20%	2	0.9202834366696191	0.9863403828911977	0.4312595120601393	62267	374872	0.16610202949273353
dataset_name-panel_CD20_seed-42	knn	num-2	run0	<1%	2	0.36519785407799576	0.412857683692463	0.7449384890757735	1459	374872	0.003891995134339188
dataset_name-panel_CD20_seed-42	knn	num-2	run0	>20%	2	0.8694442389904016	0.8967469543397566	0.8451551334402211	311146	374872	0.8300059753729273
dataset_name-panel_CD20_seed-42	knn	num-3	run0	5-20%	2	0.8492818384934567	0.989684586391589	0.3718832693526145	67415	452120	0.14910864372290542
dataset_name-panel_CD20_seed-42	knn	num-3	run0	<1%	2	0.3026430050641282	0.265388782220363	0.6764651162790698	1884	452120	0.004167035300362736
dataset_name-panel_CD20_seed-42	knn	num-3	run0	>20%	2	0.8909061815119816	0.8990899558737033	0.8828802752109592	382821	452120	0.8467243209767319
dataset_name-panel_CD20_seed-42	knn	num-4	run0	5-20%	2	0.31444966507398836	0.1869895327132247	0.4938634992615397	88657	618365	0.14337325042652801
dataset_name-panel_CD20_seed-42	knn	num-4	run0	<1%	2	0.43805640560336495	0.4984759620940714	0.40700923226433433	2891	618365	0.004675232265733022
dataset_name-panel_CD20_seed-42	knn	num-4	run0	>20%	2	0.2626716064002849	0.5216816336214972	0.18566685335928218	526817	618365	0.851951517307739
dataset_name-panel_CD20_seed-42	lda	num-1	run0	5-20%	1	0.9077026875070281	0.9910620012277471	0.8372782906337517	48205	659548	0.07308793294801895
dataset_name-panel_CD20_seed-42	lda	num-1	run0	<1%	2	0.37333104075514756	0.264132899416006	0.6769816323475955	3006	659548	0.004557666765724405
dataset_name-panel_CD20_seed-42	lda	num-1	run0	>20%	2	0.1275386008992742	0.5901275651691625	0.07290659379485147	608337	659548	0.9223544002862567
dataset_name-panel_CD20_seed-42	lda	num-2	run0	5-20%	2	0.8773052314640571	0.895290220365836	0.4300142969146336	62267	374872	0.16610202949273353
dataset_name-panel_CD20_seed-42	lda	num-2	run0	<1%	2	0.3283252994331075	0.20128581092680292	0.9276202517259994	1459	374872	0.003891995134339188
dataset_name-panel_CD20_seed-42	lda	num-2	run0	>20%	2	0.9260125568270972	0.894629752997095	0.962383832061257	311146	374872	0.8300059753729273
dataset_name-panel_CD20_seed-42	lda	num-3	run0	5-20%	2	0.7872083333333333	0.8924842930700553	0.352074093399426	67415	452120	0.14910864372290542
dataset_name-panel_CD20_seed-42	lda	num-3	run0	<1%	2	0.2330466341604518	0.15932423520687658	0.6667686658506732	1884	452120	0.004167035300362736
dataset_name-panel_CD20_seed-42	lda	num-3	run0	>20%	2	0.9322700043076462	0.8954034749748885	0.9774632989361398	382821	452120	0.8467243209767319
dataset_name-panel_CD20_seed-42	lda	num-4	run0	5-20%	2	0.853604967292327	0.9942474694396815	0.37391051109770557	88657	618365	0.14337325042652801
dataset_name-panel_CD20_seed-42	lda	num-4	run0	<1%	2	0.31100573483585453	0.5075112519002793	0.3706268221574344	2891	618365	0.004675232265733022
dataset_name-panel_CD20_seed-42	lda	num-4	run0	>20%	2	0.4583170120287018	0.6884856176486662	0.6121664327132758	526817	618365	0.851951517307739
dataset_name-panel_CD20_seed-42	random	num-1	run0	5-20%	1	0.0952561509942703	0.07199796202142	0.14071154444559694	48205	659548	0.07308793294801895
dataset_name-panel_CD20_seed-42	random	num-1	run0	<1%	2	0.004418267905001632	0.0022690923177621164	0.13631620587166166	3006	659548	0.004557666765724405
dataset_name-panel_CD20_seed-42	random	num-1	run0	>20%	2	0.21676628833663603	0.46062063636105155	0.1422570362049158	608337	659548	0.9223544002862567
dataset_name-panel_CD20_seed-42	random	num-2	run0	5-20%	2	0.08559866698405141	0.05768644625182476	0.0829221048747867	62267	374872	0.16610202949273353
dataset_name-panel_CD20_seed-42	random	num-2	run0	<1%	2	0.0034990564077952346	0.0017773991921885579	0.1456359917038384	1459	374872	0.003891995134339188
dataset_name-panel_CD20_seed-42	random	num-2	run0	>20%	2	0.2380793136470395	0.41655010611805665	0.16693291112084568	311146	374872	0.8300059753729273
dataset_name-panel_CD20_seed-42	random	num-3	run0	5-20%	2	0.0870151704723178	0.05897473268586117	0.08294510081622004	67415	452120	0.14910864372290542
dataset_name-panel_CD20_seed-42	random	num-3	run0	<1%	2	0.004004595387724672	0.002040859545532481	0.1633953488372093	1884	452120	0.004167035300362736
dataset_name-panel_CD20_seed-42	random	num-3	run0	>20%	2	0.23906923501253946	0.4234522639320599	0.1666798249135963	382821	452120	0.8467243209767319
dataset_name-panel_CD20_seed-42	random	num-4	run0	5-20%	2	0.10689220563847429	0.07846937483564966	0.08379963805046492	88657	618365	0.14337325042652801
dataset_name-panel_CD20_seed-42	random	num-4	run0	<1%	2	0.004521683338557573	0.00231757382322329	0.17723517978620018	2891	618365	0.004675232265733022
dataset_name-panel_CD20_seed-42	random	num-4	run0	>20%	2	0.23548921484403046	0.42588704900205027	0.16682947619830207	526817	618365	0.851951517307739
dataset_name-panel_CD56_seed-42	cyanno	num-1	run0	1-5%	2	0.6172217804870866	0.540835548215622	0.3593669627241864	58333	938360	0.062164840786052264
dataset_name-panel_CD56_seed-42	cyanno	num-1	run0	5-20%	3	0.5807698894891303	0.7526956472390898	0.7609801742791976	323374	938360	0.3446161387953451
dataset_name-panel_CD56_seed-42	cyanno	num-1	run0	<1%	2	0.6432160804020101	0.9056603773584906	0.24935064935064935	395	938360	4.20947184449465e-4
dataset_name-panel_CD56_seed-42	cyanno	num-1	run0	>20%	1	0.9930401193225837	0.999928915912993	0.9862455910746453	556258	938360	0.5927980732341532
dataset_name-panel_CD56_seed-42	cyanno	num-2	run0	5-20%	4	0.5524181679343723	0.42451481772882244	0.4502966326090043	243273	517782	0.46983672665330195
dataset_name-panel_CD56_seed-42	cyanno	num-2	run0	<1%	3	0.02922813809234042	0.5013167013167014	0.02733485193621868	590	517782	0.0011394756866789498
dataset_name-panel_CD56_seed-42	cyanno	num-2	run0	>20%	1	0.9987053529098561	0.997661142542797	0.9997517514301673	273919	517782	0.5290237976600191
dataset_name-panel_CD56_seed-42	cyanno	num-3	run0	1-5%	1	0.17987037635844733	0.0994300813429356	0.9417971242086667	20377	543781	0.03747280614806328
dataset_name-panel_CD56_seed-42	cyanno	num-3	run0	5-20%	2	0.9906891192448632	0.9872122762148338	0.49709526943880034	64115	543781	0.11790592168538437
dataset_name-panel_CD56_seed-42	cyanno	num-3	run0	<1%	3	0.029032079262800523	0.30040001391352744	0.02962962962962963	532	543781	9.783350282558604e-4
dataset_name-panel_CD56_seed-42	cyanno	num-3	run0	>20%	2	0.9997454929592196	0.999804750149924	0.49984312139614984	458757	543781	0.8436429371382965
dataset_name-panel_CD56_seed-42	cyanno	num-4	run0	1-5%	2	0.5571680455716805	0.4595181100248328	0.3537597740346526	58309	923757	0.06312157851036582
dataset_name-panel_CD56_seed-42	cyanno	num-4	run0	5-20%	3	0.5409322930023572	0.5790743968727116	0.6568298738194569	308980	923757	0.3344819037907155
dataset_name-panel_CD56_seed-42	cyanno	num-4	run0	<1%	1	0.8106060606060606	0.6903225806451613	0.981651376146789	109	923757	1.1799639948601202e-4
dataset_name-panel_CD56_seed-42	cyanno	num-4	run0	>20%	1	0.9947617310130813	0.999711369325639	0.9898608632196118	556359	923757	0.6022785212994326
dataset_name-panel_CD56_seed-42	cygate	num-1	run0	1-5%	2	0.5783722457753627	0.4074255829278894	0.4982339425945612	58333	938360	0.062164840786052264
dataset_name-panel_CD56_seed-42	cygate	num-1	run0	5-20%	3	0.5952074228686973	0.6828075163918326	0.5275286704291712	323374	938360	0.3446161387953451
dataset_name-panel_CD56_seed-42	cygate	num-1	run0	<1%	2	0.381578947368421	0.27918170878459686	0.3012987012987013	395	938360	4.20947184449465e-4
dataset_name-panel_CD56_seed-42	cygate	num-1	run0	>20%	1	0.9973492640531151	0.9949884058800795	0.9997213523221239	556258	938360	0.5927980732341532
dataset_name-panel_CD56_seed-42	cygate	num-2	run0	5-20%	4	0.5704565380630168	0.906182505399568	0.4492390814539271	243273	517782	0.46983672665330195
dataset_name-panel_CD56_seed-42	cygate	num-2	run0	<1%	3	0.12521408529813283	0.28055216785902914	0.15945330296127563	590	517782	0.0011394756866789498
dataset_name-panel_CD56_seed-42	cygate	num-2	run0	>20%	1	0.9977385864428531	0.9992639627367403	0.9962178600243138	273919	517782	0.5290237976600191
dataset_name-panel_CD56_seed-42	cygate	num-3	run0	1-5%	1	0.05560473461858545	0.031169031828662437	0.2573980468174903	20377	543781	0.03747280614806328
dataset_name-panel_CD56_seed-42	cygate	num-3	run0	5-20%	2	0.9592518370073481	0.9336548099585512	0.49314598059697223	64115	543781	0.11790592168538437
dataset_name-panel_CD56_seed-42	cygate	num-3	run0	<1%	3	0.061710606533731845	0.4343064115039464	0.06419753086419754	532	543781	9.783350282558604e-4
dataset_name-panel_CD56_seed-42	cygate	num-3	run0	>20%	2	0.9984786947480077	0.9993504361855936	0.4988042364195422	458757	543781	0.8436429371382965
dataset_name-panel_CD56_seed-42	cygate	num-4	run0	1-5%	2	0.5951871715228443	0.4325595200899831	0.4768867762047467	58309	923757	0.06312157851036582
dataset_name-panel_CD56_seed-42	cygate	num-4	run0	5-20%	3	0.6047786076180932	0.7182029226058968	0.6487079078259237	308980	923757	0.3344819037907155
dataset_name-panel_CD56_seed-42	cygate	num-4	run0	<1%	1	0.21909547738693466	0.12302483069977427	1	109	923757	1.1799639948601202e-4
dataset_name-panel_CD56_seed-42	cygate	num-4	run0	>20%	1	0.9980786643800889	0.9966378120687492	0.9995236888411979	556359	923757	0.6022785212994326
dataset_name-panel_CD56_seed-42	dgcytof	num-1	run0	1-5%	2	0.6440000464797406	0.4870294210692819	0.47513802681663864	58333	938360	0.062164840786052264
dataset_name-panel_CD56_seed-42	dgcytof	num-1	run0	5-20%	3	0.5197358825268553	0.5169045434720488	0.5653930271452464	323374	938360	0.3446161387953451
dataset_name-panel_CD56_seed-42	dgcytof	num-1	run0	<1%	2	0.2290909090909091	0.14940711462450593	0.24545454545454545	395	938360	4.20947184449465e-4
dataset_name-panel_CD56_seed-42	dgcytof	num-1	run0	>20%	1	0.9975157519627713	0.9956336804778236	0.999404952378213	556258	938360	0.5927980732341532
dataset_name-panel_CD56_seed-42	dgcytof	num-2	run0	5-20%	4	0.5645545639513893	0.43284612578812987	0.4628678532909722	243273	517782	0.46983672665330195
dataset_name-panel_CD56_seed-42	dgcytof	num-2	run0	<1%	3	0.0060761222051544635	0.0030527543390272346	0	590	517782	0.0011394756866789498
dataset_name-panel_CD56_seed-42	dgcytof	num-2	run0	>20%	1	0.9996787101673628	0.9997626637163941	0.9995947707168907	273919	517782	0.5290237976600191
dataset_name-panel_CD56_seed-42	dgcytof	num-3	run0	1-5%	1	0.16846042756694052	0.09322495781320421	0.872994061932571	20377	543781	0.03747280614806328
dataset_name-panel_CD56_seed-42	dgcytof	num-3	run0	5-20%	2	0.9853768915287795	0.9740263371264014	0.49849755315800015	64115	543781	0.11790592168538437
dataset_name-panel_CD56_seed-42	dgcytof	num-3	run0	<1%	3	0.006581790379948808	0.0033037442434759394	0	532	543781	9.783350282558604e-4
dataset_name-panel_CD56_seed-42	dgcytof	num-3	run0	>20%	2	0.9987249075035362	0.9980573059917139	0.49969670136588973	458757	543781	0.8436429371382965
dataset_name-panel_CD56_seed-42	dgcytof	num-4	run0	1-5%	2	0.521351630514977	0.45602622679986576	0.30426096241948264	58309	923757	0.06312157851036582
dataset_name-panel_CD56_seed-42	dgcytof	num-4	run0	5-20%	3	0.5144345666789744	0.5157634385856432	0.5131125248895149	308980	923757	0.3344819037907155
dataset_name-panel_CD56_seed-42	dgcytof	num-4	run0	<1%	1	0.43243243243243246	0.5263157894736842	0.3669724770642202	109	923757	1.1799639948601202e-4
dataset_name-panel_CD56_seed-42	dgcytof	num-4	run0	>20%	1	0.9976486757316602	0.9958859603246814	0.999417642205842	556359	923757	0.6022785212994326
dataset_name-panel_CD56_seed-42	gatemeclass	num-1	run0	1-5%	2	0.0012993674132330314	0.2261904761904762	3.2577757964404513e-4	58333	938360	0.062164840786052264
dataset_name-panel_CD56_seed-42	gatemeclass	num-1	run0	5-20%	3	0.1942398537105704	0.30710790975808644	0.11181940464354641	323374	938360	0.3446161387953451
dataset_name-panel_CD56_seed-42	gatemeclass	num-1	run0	<1%	2	1.852589456913401e-5	9.296099356709924e-6	0.0012987012987012987	395	938360	4.20947184449465e-4
dataset_name-panel_CD56_seed-42	gatemeclass	num-1	run0	>20%	1	0.9685857711252776	0.9404414989357901	0.9984665389082045	556258	938360	0.5927980732341532
dataset_name-panel_CD56_seed-42	gatemeclass	num-2	run0	5-20%	4	0.24622651608414067	0.3604505386875612	0.115791208745567	243273	517782	0.46983672665330195
dataset_name-panel_CD56_seed-42	gatemeclass	num-2	run0	<1%	3	0.010946674728044935	0.09270454960110132	0.0070921985815602835	590	517782	0.0011394756866789498
dataset_name-panel_CD56_seed-42	gatemeclass	num-2	run0	>20%	1	0.920800977491442	0.8541880688826091	0.9986820921513294	273919	517782	0.5290237976600191
dataset_name-panel_CD56_seed-42	gatemeclass	num-3	run0	1-5%	1	0.03730735974772392	0.025177201503423893	0.07199293320901017	20377	543781	0.03747280614806328
dataset_name-panel_CD56_seed-42	gatemeclass	num-3	run0	5-20%	2	0.9381965552178317	0.8885164525868686	0.4968806341756575	64115	543781	0.11790592168538437
dataset_name-panel_CD56_seed-42	gatemeclass	num-3	run0	<1%	3	0.007895169574233174	0.08373576401464847	0.007407407407407408	532	543781	9.783350282558604e-4
dataset_name-panel_CD56_seed-42	gatemeclass	num-3	run0	>20%	2	0.8390138714556984	0.722831950312062	0.49984835068294486	458757	543781	0.8436429371382965
dataset_name-panel_CD56_seed-42	gatemeclass	num-4	run0	1-5%	2	0.001512547267102097	0.3728813559322034	3.7890530811890736e-4	58309	923757	0.06312157851036582
dataset_name-panel_CD56_seed-42	gatemeclass	num-4	run0	5-20%	3	0.5008009967852171	0.6101983085619335	0.02128603482548864	308980	923757	0.3344819037907155
dataset_name-panel_CD56_seed-42	gatemeclass	num-4	run0	<1%	1	NA	NA	0	109	923757	1.1799639948601202e-4
dataset_name-panel_CD56_seed-42	gatemeclass	num-4	run0	>20%	1	0.8527819887705723	0.7433577356241825	0.9999820259940074	556359	923757	0.6022785212994326
dataset_name-panel_CD56_seed-42	knn	num-1	run0	1-5%	2	0.16936826527308885	0.10185436265409566	0.2511745139055588	58333	938360	0.062164840786052264
dataset_name-panel_CD56_seed-42	knn	num-1	run0	5-20%	3	0.4287701453923644	0.6705970812399603	0.6225910201981217	323374	938360	0.3446161387953451
dataset_name-panel_CD56_seed-42	knn	num-1	run0	<1%	2	0.5815972222222223	0.4367666232073012	0.43506493506493504	395	938360	4.20947184449465e-4
dataset_name-panel_CD56_seed-42	knn	num-1	run0	>20%	1	0.9043501894640649	0.9998780588714349	0.8254838582096797	556258	938360	0.5927980732341532
dataset_name-panel_CD56_seed-42	knn	num-2	run0	5-20%	4	0.25347041361767547	0.2523029528133778	0.22855401774781967	243273	517782	0.46983672665330195
dataset_name-panel_CD56_seed-42	knn	num-2	run0	<1%	3	0.19985799311099287	0.27740310058647244	0.028368794326241134	590	517782	0.0011394756866789498
dataset_name-panel_CD56_seed-42	knn	num-2	run0	>20%	1	0.9913263846610871	0.99590292285189	0.9867917157991961	273919	517782	0.5290237976600191
dataset_name-panel_CD56_seed-42	knn	num-3	run0	1-5%	1	0.11761488919788461	0.06671682969651367	0.4960494675369289	20377	543781	0.03747280614806328
dataset_name-panel_CD56_seed-42	knn	num-3	run0	5-20%	2	0.5617939224060379	0.41981092020719524	0.4244483873737229	64115	543781	0.11790592168538437
dataset_name-panel_CD56_seed-42	knn	num-3	run0	<1%	3	0.2723805549640596	0.23257691152359183	0.042735042735042736	532	543781	9.783350282558604e-4
dataset_name-panel_CD56_seed-42	knn	num-3	run0	>20%	2	0.9856068318063568	0.9995053373384282	0.48604477663973	458757	543781	0.8436429371382965
dataset_name-panel_CD56_seed-42	knn	num-4	run0	1-5%	2	0.018029247445856614	0.01148936170212766	0.020925906789294204	58309	923757	0.06312157851036582
dataset_name-panel_CD56_seed-42	knn	num-4	run0	5-20%	3	0.5155565352501895	0.8703146374829002	0.632796353029126	308980	923757	0.3344819037907155
dataset_name-panel_CD56_seed-42	knn	num-4	run0	<1%	1	0.4	0.2630057803468208	0.8348623853211009	109	923757	1.1799639948601202e-4
dataset_name-panel_CD56_seed-42	knn	num-4	run0	>20%	1	0.9168722981963804	0.9999957533909174	0.8465073810255608	556359	923757	0.6022785212994326
dataset_name-panel_CD56_seed-42	lda	num-1	run0	1-5%	2	0.25785987498833846	0.4030623405030988	0.09478412948801482	58333	938360	0.062164840786052264
dataset_name-panel_CD56_seed-42	lda	num-1	run0	5-20%	3	0.28932931415867563	0.17104094695262864	0.730057313293175	323374	938360	0.3446161387953451
dataset_name-panel_CD56_seed-42	lda	num-1	run0	<1%	2	0.48688046647230315	0.5548172757475083	0.21688311688311687	395	938360	4.20947184449465e-4
dataset_name-panel_CD56_seed-42	lda	num-1	run0	>20%	1	0.28134283511787883	1	0.16369921870786577	556258	938360	0.5927980732341532
dataset_name-panel_CD56_seed-42	lda	num-2	run0	5-20%	4	0.616334847928717	0.6621773920883579	0.5056740548996055	243273	517782	0.46983672665330195
dataset_name-panel_CD56_seed-42	lda	num-2	run0	<1%	3	0.24835700076483236	0.164097218629936	0.7021276595744681	590	517782	0.0011394756866789498
dataset_name-panel_CD56_seed-42	lda	num-2	run0	>20%	1	0.9879241704070493	0.9948286648182629	0.9811148551214045	273919	517782	0.5290237976600191
dataset_name-panel_CD56_seed-42	lda	num-3	run0	1-5%	1	0.0477126075446724	0.026665741976871195	0.22643176129950435	20377	543781	0.03747280614806328
dataset_name-panel_CD56_seed-42	lda	num-3	run0	5-20%	2	0.8384508858220715	0.9446556671449068	0.3768565950261855	64115	543781	0.11790592168538437
dataset_name-panel_CD56_seed-42	lda	num-3	run0	<1%	3	0.3011545958336935	0.21417946674979244	0.6581196581196581	532	543781	9.783350282558604e-4
dataset_name-panel_CD56_seed-42	lda	num-3	run0	>20%	2	0.961532671773543	0.9338333612586774	0.495462722157534	458757	543781	0.8436429371382965
dataset_name-panel_CD56_seed-42	lda	num-4	run0	1-5%	2	6.738544474393532e-5	0.0015408320493066256	1.7222968550859427e-5	58309	923757	0.06312157851036582
dataset_name-panel_CD56_seed-42	lda	num-4	run0	5-20%	3	0.24352655613609248	0.18865685809207403	0.7186877762129086	308980	923757	0.3344819037907155
dataset_name-panel_CD56_seed-42	lda	num-4	run0	<1%	1	0.750877192982456	0.6079545454545454	0.981651376146789	109	923757	1.1799639948601202e-4
dataset_name-panel_CD56_seed-42	lda	num-4	run0	>20%	1	0.5165797230513676	1	0.34823558170174296	556359	923757	0.6022785212994326
dataset_name-panel_CD56_seed-42	random	num-1	run0	1-5%	2	0.05133717273010425	0.03123049487293803	0.07206542985494324	58333	938360	0.062164840786052264
dataset_name-panel_CD56_seed-42	random	num-1	run0	5-20%	3	0.13133917827058622	0.12300802779774743	0.141718813965729	323374	938360	0.3446161387953451
dataset_name-panel_CD56_seed-42	random	num-1	run0	<1%	2	6.407199904637025e-4	3.2128153976045847e-4	0.05584415584415584	395	938360	4.20947184449465e-4
dataset_name-panel_CD56_seed-42	random	num-1	run0	>20%	1	0.22930440302249477	0.5914194725195862	0.14222357251491213	556258	938360	0.5927980732341532
dataset_name-panel_CD56_seed-42	random	num-2	run0	5-20%	4	0.14920490336320427	0.15716216216216217	0.14261295586091463	243273	517782	0.46983672665330195
dataset_name-panel_CD56_seed-42	random	num-2	run0	<1%	3	9.581037553096001e-4	4.8149538789073014e-4	0.10638297872340426	590	517782	0.0011394756866789498
dataset_name-panel_CD56_seed-42	random	num-2	run0	>20%	1	0.2260299760019543	0.5312052522086834	0.14355703693427618	273919	517782	0.5290237976600191
dataset_name-panel_CD56_seed-42	random	num-3	run0	1-5%	1	0.06207108285776205	0.03803379552270187	0.16867055994503607	20377	543781	0.03747280614806328
dataset_name-panel_CD56_seed-42	random	num-3	run0	5-20%	2	0.09058182137469169	0.0628099539496989	0.08118936553816215	64115	543781	0.11790592168538437
dataset_name-panel_CD56_seed-42	random	num-3	run0	<1%	3	0.0010665128019540168	5.352734654679343e-4	0.1794871794871795	532	543781	9.783350282558604e-4
dataset_name-panel_CD56_seed-42	random	num-3	run0	>20%	2	0.25470312164984477	0.5290702149887282	0.08386207233149495	458757	543781	0.8436429371382965
dataset_name-panel_CD56_seed-42	random	num-4	run0	1-5%	2	0.049470110945520784	0.030930503429532807	0.061744342254831046	58309	923757	0.06312157851036582
dataset_name-panel_CD56_seed-42	random	num-4	run0	5-20%	3	0.12513435197207198	0.1261255795814014	0.1250201550842116	308980	923757	0.3344819037907155
dataset_name-panel_CD56_seed-42	random	num-4	run0	<1%	1	1.7364276474010019e-4	8.690362388111584e-5	0.09174311926605505	109	923757	1.1799639948601202e-4
dataset_name-panel_CD56_seed-42	random	num-4	run0	>20%	1	0.2054135405568511	0.600735601729187	0.12388763370413708	556359	923757	0.6022785212994326
